date,regime,sku,canonical_sku,platform,listing_id,ref_price,live_modal,live_min,live_max,in_stock,status,diff,diff_pct,stores_below_count,mrp_official,mrp_live
2026-06-08,BAU,A2 GHEE 1L,jivo-a2-cow-ghee-1-litre-traditional-bilona-method-prepared-from-a2-cow-milk-rich-aroma-and-distinct-flavour-for-diverse-culinary-applications-suitable-for-cooking-frying-baking-indian-recipes-1l,amazon,B0B2RW9N9F,1409,,,,false,OOS,,,0,4000,2380
2026-06-08,BAU,A2 GHEE 500ML,jivo-a2-ghee-500-ml-bilona-method-traditionally-prepared-from-a2-cow-milk-suitable-for-cooking-frying-baking-indian-recipes-rich-aroma-and-distinct-flavour-for-diverse-culinary-applications-500ml,amazon,B0B2S1F6R8,759,,,,false,OOS,,,0,2200,2380
2026-06-08,BAU,BASIL SEEDS 200G,jivo-raw-basil-seeds-for-weight-loss-200gm-sabja-seed-takmuria-seeds-200g-high-fibre-and-omega-3-200ml,amazon,B0D8TN56P9,79,,,,false,OOS,,,0,349,599
2026-06-08,BAU,BASIL SEEDS 400G,jivo-raw-basil-seeds-for-weight-loss-400gm-sabja-seed-takmuria-seeds-400g-high-fibre-and-omega-3-400ml,amazon,B0D8VZKFHG,189,,,,false,OOS,,,0,599,599
2026-06-08,BAU,BASIL SEEDS 800G,jivo-raw-basil-seeds-for-weight-loss-sabja-seeds-tukmaria-seeds-high-in-fiber-omega3-nutrients-ideal-for-smoothies-drinks-and-baking-100-natural-vegan-glutenfree-800g-800ml,amazon,B0D8VZ1JLD,349,,,,false,OOS,,,0,1099,599
2026-06-08,BAU,BLACK CARDAMOM 100G,jivo-black-cardamom-badi-elaichi-sabut-moti-kali-elaichi-whole-organic-black-cardamom-perfect-for-cooking-baking-seasoning-adds-flavor-to-dishes-no-artificial-colours-or-preservatives-100g-100ml,amazon,B0D7CXGP3D,289,,,,false,OOS,,,0,549,440
2026-06-08,BAU,BLACK OLIVE 470G,jivo-black-sliced-olives-470g-finest-olives-from-egypt-evenly-cut-black-olive-slices-suitable-for-pizza-pasta-salads-wraps-ready-to-eat-snack-smart-choice-470ml,amazon,B0DS69LNFB,249,,,,false,OOS,,,0,399,2700
2026-06-08,BAU,BLACK PEPPER 100G,jivo-black-pepper-whole-natural-peppercorns-premium-kali-mirch-perfect-for-cooking-baking-seasoning-no-artificial-colors-preservatives-or-taste-enhancers-pepper-100g-100ml,amazon,B0D8L8NR8Q,145,,,,false,OOS,,,0,399,420
2026-06-08,BAU,CANOLA 1+1L,jivo-canola-cold-pressed-edible-oil-11-litres-cooking-oil-for-daily-use-ideal-for-roasting-frying-baking-all-types-of-cuisines-cold-pressed-oil-for-cooking-2l,amazon,B0152TWWSQ,529,469,469,469,true,BELOW,-60,-11.34,1,750,750
2026-06-08,BAU,CANOLA 1L,jivo-canola-cold-pressed-edible-oil-1-litre-cooking-oil-for-daily-use-ideal-for-roasting-frying-baking-all-types-of-cuisines-cold-pressed-oil-for-cooking-1l,amazon,B09MJ6QDX7,269,255,255,255,true,BELOW,-14,-5.2,1,375,375
2026-06-08,BAU,CANOLA 1L + 1L,jivo-canola-oil1-litre-cold-press-cooking-oil-for-daily-use-lowest-in-saturated-fat-2l,amazon,B0CZP26VVN,529,509,509,509,true,BELOW,-20,-3.78,1,750,750
2026-06-08,BAU,CANOLA 1L POUCH,jivo-canola-oil1-litre-refined-pouch-cooking-oil-for-daily-use-recommended-by-indian-medical-association-1l,amazon,B07M6FYXWL,269,259,259,259,true,BELOW,-10,-3.72,1,299,299
2026-06-08,BAU,CANOLA 3L,jivo-canola-cold-pressed-edible-oil-3-litres-cooking-oil-for-daily-use-ideal-for-roasting-frying-baking-all-types-of-cuisines-cold-pressed-oil-for-cooking-3l,amazon,B078T3Q3SH,799,,,,false,OOS,,,0,690,1249
2026-06-08,BAU,CANOLA 4L,jivo-canola-cold-pressed-edible-oil-4-litres-cooking-oil-for-daily-use-ideal-for-roasting-frying-baking-all-types-of-cuisines-cold-pressed-oil-for-cooking-4l,amazon,B0FPMH5Q4S,1189,,,,false,OOS,,,0,1199,879
2026-06-08,BAU,CANOLA 5L,jivo-canola-cold-pressed-edible-oil-5-litres-cooking-oil-for-daily-use-ideal-for-roasting-frying-baking-all-types-of-cuisines-cold-pressed-oil-for-cooking-5l,amazon,B077ZN4G28,1299,1249,1249,1249,true,BELOW,-50,-3.85,1,1650,1650
2026-06-08,BAU,CHIA SEEDS 200G,jivo-premium-raw-chia-seeds-i-eating-seeds-for-weight-loss-management-rich-in-calcium-protein-fiber-omega-3-non-gmo-and-fibre-reusable-antioxidant-healthy-breakfast-snack-200g-200ml,amazon,B0CRF3ZQWL,99,99,99,99,true,MATCH,0,0,0,299,299
2026-06-08,BAU,CHIA SEEDS 400G,jivo-premium-raw-chia-seeds-i-eating-seeds-for-weight-loss-management-rich-in-calcium-protein-fiber-omega-3-non-gmo-and-fibre-reusable-antioxidant-healthy-breakfast-snack-400g-400ml,amazon,B0CRH5W2R7,209,199,199,199,true,BELOW,-10,-4.78,1,599,599
2026-06-08,BAU,CHIA SEEDS 800G,jivo-premium-raw-chia-seeds-i-eating-seeds-for-weight-loss-management-rich-in-calcium-protein-fiber-omega-3-non-gmo-and-fibre-reusable-antioxidant-healthy-breakfast-snack-800g-800ml,amazon,B0CRHR4KYS,349,,,,false,OOS,,,0,899,360
2026-06-08,BAU,CINNAMON BARK 100G,jivo-organic-cinnamon-sticks-bark-finest-dalchini-sticks-whole-spices-sourced-from-premium-origins-no-artificial-colors-or-preservatives-pack-for-cooking-seasoning-100g-100ml,amazon,B0D7CVQG35,99,,,,false,OOS,,,0,299,440
2026-06-08,BAU,CLOVE 100G,jivo-whole-clove-100-gm-no-artificial-colours-or-preservatives-100ml,amazon,B0D7CZ3WYW,249,209,209,209,true,BELOW,-40,-16.06,1,280,280
2026-06-08,BAU,COCONUT 1L,jivo-pure-extra-virgin-coconut-oil-1-litre-nourishing-oil-bottle-for-skin-hair-growth-baby-massage-good-for-salad-dressing-zero-cholesterol-and-trans-fat-keto-diet-cooking-1l,amazon,B0BZ8K3DQP,559,539,539,539,true,BELOW,-20,-3.58,1,700,700
2026-06-08,BAU,COCONUT 200ML,jivo-pure-extra-virgin-coconut-oil-200ml-nourishing-oil-bottle-for-skin-hair-growth-baby-massage-good-for-salad-dressing-zero-cholesterol-and-trans-fat-keto-diet-cooking-200ml,amazon,B0CGM7KSFV,149,169,169,169,true,ABOVE,20,13.42,0,285,285
2026-06-08,BAU,COCONUT 500ML,jivo-pure-extra-virgin-coconut-oil-500-ml-nourishing-oil-bottle-for-skin-hair-growth-baby-massage-good-for-salad-dressing-zero-cholesterol-and-trans-fat-keto-diet-cooking-500ml,amazon,B0CGN9Y3PT,289,279,279,279,true,BELOW,-10,-3.46,1,695,399
2026-06-08,BAU,COFFEE,jivo-koffie-instant-smooth-premium-coffee-100-gm-soluble-instant-coffee-powder-easy-to-prepare-with-rich-aroma-and-taste-coffee-for-daily-use-100ml,amazon,B0C8Z7SZG6,249,239,239,239,true,BELOW,-10,-4.02,1,350,350
2026-06-08,BAU,CUMIN SEEDS 100G,jivo-cumin-seeds-fresh-aromatic-natural-spice-for-cooking-no-added-colours-or-preservatives-perfect-for-baking-seasoning-and-flavoring-glutenfree-whole-jeera-seeds-100g-100ml,amazon,B0D8PMQCBV,75,,,,false,OOS,,,0,249,234
2026-06-08,BAU,EXTRA LIGHT 1+1L,jivo-extra-light-olive-oil-2-litre-imported-from-spain-everyday-cooking-dressings-salads-soups-dips-marinades-low-in-saturated-fat-olive-oil-in-convenient-pet-bottle-for-easy-pouring-2l,amazon,B07WSJ45Q4,1229,1139,1139,1139,true,BELOW,-90,-7.32,1,2798,2998
2026-06-08,BAU,EXTRA LIGHT 1L,jivo-extra-light-olive-oil-1-litre-imported-from-spain-everyday-cooking-dressings-salad-soups-dips-and-marinades-all-culinary-uses-light-flavorful-high-mufa-rich-in-antioxidants-1l,amazon,B09HZY97FR,619,499,499,499,true,BELOW,-120,-19.39,1,1499,1499
2026-06-08,BAU,EXTRA LIGHT 2L,jivo-extra-light-olive-oil-2-litre-imported-from-spain-everyday-cooking-dressings-salads-soups-dips-marinades-low-in-saturated-fat-olive-oil-in-convenient-pet-bottle-for-easy-pouring-2l,amazon,B09NXCPZW1,1229,1010,1010,1010,true,BELOW,-219,-17.82,1,2799,2799
2026-06-08,BAU,EXTRA LIGHT 3L,jivo-extra-light-olive-oil-3-litre-imported-from-spain-recommended-for-daily-cooking-roasting-frying-baking-all-types-of-cuisines-low-in-saturated-fat-3l,amazon,B097ZZTW5C,1849,1299,1299,1299,true,BELOW,-550,-29.75,1,2200,7998
2026-06-08,BAU,EXTRA LIGHT 500ML,jivo-extra-light-olive-oil-500ml-imported-from-spain-everyday-use-for-cooking-dressings-salad-soups-dips-and-marinades-light-flavorful-high-mufa-rich-in-antioxidants-500ml,amazon,B0D9DBHG18,349,339,339,339,true,BELOW,-10,-2.87,1,499,499
2026-06-08,BAU,EXTRA LIGHT 5L,jivo-extra-light-olive-oil-5-litre-tin-imported-from-spain-recommendable-daily-cooking-for-roasting-frying-baking-all-type-of-cuisines-low-saturated-fat-low-saturated-fat-5l,amazon,B07MNWTBDT,3069,2771,2771,2771,true,BELOW,-298,-9.71,1,6499,6499
2026-06-08,BAU,EXTRA VIRGIN 1L,jivo-extra-virgin-olive-oil-1-litre-imported-from-spain-contains-vitamin-e-low-in-saturated-fat-natural-cooking-oil-ideal-for-dressings-salad-and-soups-dips-marinades-1l,amazon,B093BMGPQC,809,789,789,789,true,BELOW,-20,-2.47,1,1499,1799
2026-06-08,BAU,EXTRA VIRGIN 1L + 1L,jivo-extra-virgin-olive-oil-1-litre-contains-vitamin-e-low-in-saturated-fat-natural-cooking-oil-for-dressings-salad-and-soups-dips-marinades-pack-of-2-2l,amazon,B0CZP31DXK,1609,1530,1530,1530,true,BELOW,-79,-4.91,1,2998,1998
2026-06-08,BAU,EXTRA VIRGIN 200ML,jivo-extra-virgin-olive-oil-200-ml-pet-bottle-imported-from-spain-contains-vitamin-e-low-in-saturated-fat-natural-cooking-oil-ideal-use-for-dressings-salad-and-soups-dips-marinades-200ml,amazon,B0CGNBY24B,199,189,189,189,true,BELOW,-10,-5.03,1,350,299
2026-06-08,BAU,EXTRA VIRGIN 250ML,jivo-extra-virgin-olive-oil-250-ml-glass-bottle-imported-from-spain-contains-vitamin-e-low-in-saturated-fat-natural-and-cold-pressed-cooking-oil-for-dressings-salad-and-soups-dips-marinades-250ml,amazon,B0CGM8QLXB,219,,,,false,OOS,,,0,450,2700
2026-06-08,BAU,EXTRA VIRGIN 2L,jivo-extra-virgin-olive-oil-2-litre-imported-from-spain-contains-vitamin-e-low-in-saturated-fat-natural-and-cold-pressed-cooking-oil-ideal-for-dressings-salad-and-soups-dips-marinades-2l,amazon,B0CH13ZG5M,1619,1589,1589,1589,true,BELOW,-30,-1.85,1,2700,3499
2026-06-08,BAU,EXTRA VIRGIN 3L,jivo-extra-virgin-olive-oil-3-litre-imported-from-spain-contains-vitamin-e-low-in-saturated-fat-natural-and-cold-pressed-cooking-oil-ideal-for-dressings-salad-and-soups-dips-marinades-3l,amazon,B0FQ2ZMFB9,2429,,,,false,OOS,,,0,4000,
2026-06-08,BAU,EXTRA VIRGIN 500ML,jivo-extra-virgin-olive-oil-500-ml-pet-bottle-imported-from-spain-contains-vitamin-e-low-in-saturated-fat-natural-and-cold-pressed-cooking-oil-for-dressings-salad-and-soups-dips-marinades-500ml,amazon,B0CGM7THVN,419,,,,false,OOS,,,0,675,1000
2026-06-08,BAU,EXTRA VIRGIN 5L,jivo-extra-virgin-olive-oil-5-litre-tin-imported-from-spain-contains-vitamin-e-low-in-saturated-fat-natural-and-cold-pressed-cooking-oil-ideal-for-dressings-salad-and-soups-dips-marinades-5l,amazon,B09XR2YK8S,4039,3619,3619,3619,true,BELOW,-420,-10.4,1,7999,7999
2026-06-08,BAU,FLAX SEEDS 200G,jivo-flax-seeds-raw-alsi-seeds-for-eating-high-in-protein-iron-dietary-fibre-rich-in-essential-nutrients-ideal-for-adding-to-smoothies-salads-yogurt-baking-healthy-snack-option-200g-200ml,amazon,B0D8TPCV16,99,,,,false,OOS,,,0,249,599
2026-06-08,BAU,FLAX SEEDS 400G,jivo-flax-seeds-raw-alsi-seeds-for-smoothies-hair-growth-baking-more-rich-in-omega3-fiber-protein-essential-nutrients-100-natural-vegan-glutenfree-for-optimal-health-400g-400ml,amazon,B0D8TMZ523,189,,,,false,OOS,,,0,399,599
2026-06-08,BAU,FLAX SEEDS 800G,jivo-organic-flax-seeds-raw-alsi-seeds-for-smoothies-cereals-baking-more-rich-in-omega3-fiber-protein-essential-nutrients-100-natural-vegan-glutenfree-for-optimal-health-800g-800ml,amazon,B0D8TN9B9B,369,,,,false,OOS,,,0,750,1099
2026-06-08,BAU,GINGER ALE 200ML,jivo-healthy-wheatgrass-body-detoxifying-immunity-booster-juice-sugar-free-200-ml-200ml,amazon,B0CYHFFZXG,49,,,,false,OOS,,,0,100,480
2026-06-08,BAU,GOLD 1+1,jivo-gold-refined-oil-blend-of-rice-bran-oil-sunflower-oil-cooking-oil-pro-healthy-lifestyle-edible-oil-1-litre-pack-of-2-2l,amazon,B0CWNVJN3B,389,,,,false,OOS,,,0,450,499
2026-06-08,BAU,GOLD 1L,jivo-gold-premium-refined-cooking-oil-perfect-blend-of-rice-bran-sunflower-oil-natural-antioxidants-1-litre-pack-1l,amazon,B0CT5MYSDS,199,173,173,173,true,BELOW,-26,-13.07,1,225,225
2026-06-08,BAU,GOLD 5L,jivo-gold-refined-oil-perfect-blend-of-rice-bran-sunflower-oil-cooking-oil-rich-in-antioxidants-vitamins-pro-lifestyle-5l-family-pack-5l,amazon,B0C9Q1S6QG,989,930,930,930,true,BELOW,-59,-5.97,1,1049,1050
2026-06-08,BAU,GREEN CARDAMOM 100G,jivo-green-cardamom-8mm-elaichi-whole-natural-spices-no-artificial-colors-or-preservatives-distinctive-flavor-aroma-premium-idukki-cardamom-for-cooking-baking-tea-100g-100ml,amazon,B0D7CZD2PB,499,479,479,479,true,BELOW,-20,-4.01,1,799,799
2026-06-08,BAU,GROUNDNUT 1L,jivo-groundnut-oil-1-litre-cold-pressed-unrefined-peanut-oil-for-cooking-vitamin-a-d-fortified-chemicalfree-ground-nut-oil-1l-1l,amazon,B0CKFFW9B6,259,193,193,193,true,BELOW,-66,-25.48,1,400,560
2026-06-08,BAU,GROUNDNUT 5L,jivo-groundnut-oil-5-litre-cold-pressed-unrefined-peanut-oil-for-cooking-vitamin-a-d-fortified-chemicalfree-ground-nut-oil-5l,amazon,B0CKFFGC31,1269,1079,1079,1079,true,BELOW,-190,-14.97,1,2800,2800
2026-06-08,BAU,JIVO POMACE 1L,jivo-daily-cooking-pomace-olive-oil-1-litre-imported-from-spain-rich-in-monounsaturated-fatty-acids-low-in-saturated-fat-ideal-for-roasting-frying-and-baking-1l,amazon,B0821DNF2W,439,379,379,379,true,BELOW,-60,-13.67,1,1049,649
2026-06-08,BAU,JIVO POMACE 1L + 1L,jivo-daily-cooking-pomace-olive-oil-1-litre-rich-in-mufa-low-in-saturated-fat-2l,amazon,B0CZP46SJX,869,758,758,758,true,BELOW,-111,-12.77,1,2098,1298
2026-06-08,BAU,JIVO POMACE 2L,jivo-everyday-cooking-pomace-olive-oil-2-litre-imported-from-spain-rich-in-mufa-low-in-saturated-fat-ideal-for-frying-roasting-baking-cooking-oil-for-daily-use-2l,amazon,B0C4FFYSLV,869,849,849,849,true,BELOW,-20,-2.3,1,1600,1449
2026-06-08,BAU,JIVO POMACE 5L,jivo-pomace-olive-oil-5-litre-tin-for-everyday-cooking-imported-from-spain-recommended-for-roasting-frying-and-baking-all-types-of-cuisines-rich-in-mufa-low-in-saturated-fat-5l,amazon,B07X53ZL6J,2169,2119,2119,2119,true,BELOW,-50,-2.31,1,4999,4999
2026-06-08,BAU,JIVO PUNJABI SHIKANJI 160 MLS,jivo-punjabi-shikanji-wheatgrass-juice-nimbu-shikanji-masala-drink-natural-summer-refreshment-160ml-160ml,amazon,B0GZ7PXVF8,219,,,,false,OOS,,,0,480,
2026-06-08,BAU,JIVO WATER 1L,jivo-natural-mineral-1l-1l,amazon,B0CSPMN88F,20,,,,false,OOS,,,0,30,360
2026-06-08,BAU,JIVO WATER 250ML,jivo-mineral-water-250ml-250ml,amazon,B0CST1ZYNY,119,,,,false,OOS,,,0,360,
2026-06-08,BAU,JIVO WATER 500 MLS,jivo-natural-mineral-water-himalayan-origin-nonro-unprocessed-noncarbonated-additivefree-packaged-water-for-clean-hydration-500-ml-bottle-500ml,amazon,B0GZB4ZQV3,12,,,,false,OOS,,,0,15,
2026-06-08,BAU,MUSTARD 1L,jivo-cold-pressed-kachi-ghani-chemical-free-mustard-daily-cooking-oil-1-litre-recommended-for-roasting-frying-baking-all-type-of-cuisines-1l,amazon,B09NYCSQLF,219,,,,false,OOS,,,0,255,450
2026-06-08,BAU,MUSTARD 1L + 1L,jivo-kachi-ghani-chemical-free-mustard-daily-cooking-oil-1-litre-each-recommendable-for-roasting-frying-baking-all-type-of-cuisines-healthy-cooking-oil-for-daily-use-1l,amazon,B09HKPSS96,429,,,,false,OOS,,,0,500,3750
2026-06-08,BAU,MUSTARD 1L POUCH,jivo-cold-pressed-kachi-ghani-chemical-free-mustard-daily-cooking-oil-1-litre-pouch-recommendable-for-roasting-frying-baking-all-type-of-cuisines-1l,amazon,B0DRYVRYYM,219,,,,false,OOS,,,0,250,3750
2026-06-08,BAU,MUSTARD 3L,jivo-premium-cold-pressed-kachi-ghani-mustard-oil-3-litre-contains-omega3-and-vitamin-e-ideal-for-cooking-frying-pickling-daily-use-3l,amazon,B0GF22BHZ7,629,,,,false,OOS,,,0,765,879
2026-06-08,BAU,MUSTARD 4L,jivo-premium-cold-pressed-kachi-ghani-mustard-oil-4-litre-contains-omega3-and-vitamin-e-ideal-for-cooking-frying-pickling-daily-use-4l,amazon,B0GFFSDTGP,839,,,,false,OOS,,,0,1000,879
2026-06-08,BAU,MUSTARD 5L,jivo-premium-cold-pressed-kachi-ghani-mustard-oil-5-litre-contains-omega3-and-vitamin-e-ideal-for-cooking-frying-pickling-daily-use-5l,amazon,B091XPD9J3,1049,960,960,960,true,BELOW,-89,-8.48,1,1250,1250
2026-06-08,BAU,POMACE 3L,jivo-everyday-cooking-pomace-olive-oil-3-litre-imported-from-spain-rich-in-mufa-low-in-saturated-fat-ideal-for-frying-roasting-baking-cooking-oil-for-daily-use-3l,amazon,B0FQ31J42X,1309,1279,1279,1279,true,BELOW,-30,-2.29,1,3050,3050
2026-06-08,BAU,PUMPKIN SEEDS 200G,jivo-raw-pumpkin-seeds-healthy-snack-for-breakfast-high-in-fiber-antioxidants-ideal-for-diets-weight-management-nutritious-superfood-for-daily-wellness-hygienically-packed-200g-200ml,amazon,B0D8TR7R3Y,209,,,,false,OOS,,,0,399,1099
2026-06-08,BAU,PUMPKIN SEEDS 400G,jivo-raw-pumpkin-seeds-healthy-snack-for-breakfast-high-in-fiber-antioxidants-ideal-for-diets-weight-management-nutritious-superfood-for-daily-wellness-hygienically-packed-400g-400ml,amazon,B0D8TR1ZCG,399,,,,false,OOS,,,0,699,1099
2026-06-08,BAU,PUMPKIN SEEDS 800G,jivo-raw-pumpkin-seeds-healthy-snack-for-breakfast-high-in-fiber-antioxidants-ideal-for-diets-weight-management-nutritious-superfood-for-daily-wellness-hygienically-packed-800g-800ml,amazon,B0D8TPCPLS,789,,,,false,OOS,,,0,1299,599
2026-06-08,BAU,PUNJABI JEERA 160ML,jivo-wheatgrass-punjabi-jeera-juice-160ml-tangy-cumin-flavored-refreshment-blended-with-fresh-wheatgrass-extract-convenient-pet-bottles-suitable-for-daily-hydration-refreshing-160ml,amazon,B0F9YVR47L,219,,,,false,OOS,,,0,360,
2026-06-08,BAU,QUINOA SEEDS 200G,jivo-premium-quinoa-gluten-free-glutenfree-saponin-free-high-protein-fiber-healthy-breakfast-diet-food-for-weight-management-100-wholegrain-cereal-quinoa-jar-200g-200ml,amazon,B0DGT6CK3P,119,109,109,109,true,BELOW,-10,-8.4,1,199,199
2026-06-08,BAU,QUINOA SEEDS 400G,jivo-premium-quinoa-gluten-free-glutenfree-saponin-free-high-protein-fiber-healthy-breakfast-diet-food-for-weight-management-100-wholegrain-cereal-quinoa-jar-400g-400ml,amazon,B0DGTFLQMS,179,169,169,169,true,BELOW,-10,-5.59,1,299,299
2026-06-08,BAU,QUINOA SEEDS 800G,jivo-premium-quinoa-gluten-free-glutenfree-saponin-free-high-protein-fiber-healthy-breakfast-diet-food-for-weight-management-100-wholegrain-cereal-quinoa-jar-800g-800ml,amazon,B0DGT6KQ4F,259,249,249,249,true,BELOW,-10,-3.86,1,399,399
2026-06-08,BAU,RICE BRAN 1L,jivo-rice-bran-oil-1-litre-cooking-oil-rich-in-antioxidants-ideal-for-deep-frying-sauting-baking-chemicalfree-1l,amazon,B0DBHQ2QWW,199,178,178,178,true,BELOW,-21,-10.55,1,285,285
2026-06-08,BAU,RICE BRAN 1L + 1L,,amazon,B0H2HDLB5Q,389,,,,false,OOS,,,0,570,
2026-06-08,BAU,RICE BRAN 4L,jivo-rice-bran-oil-4-litre-premium-cooking-oil-rich-in-antioxidants-ideal-for-deep-frying-sauteing-baking-chemicalfree-4l,amazon,B0GFWHTMT9,759,,,,false,OOS,,,0,1140,879
2026-06-08,BAU,RICE BRAN 5L,jivo-rice-bran-oil-5-litre-premium-cooking-oil-rich-in-antioxidants-ideal-for-deep-frying-sauteing-baking-chemicalfree-5l,amazon,B0DBJ13FKL,959,909,909,909,true,BELOW,-50,-5.21,1,1425,1425
2026-06-08,BAU,ROSEMARY LEAVES 150 GMS,jivo-rosemary-leaves-whole-natural-no-preservatives-or-additives-ideal-for-hair-growth-herbal-tea-seasoning-and-cooking-salvia-rosmarinus-150ml,amazon,B0DGTNDH9L,179,,,,false,OOS,,,0,499,600
2026-06-08,BAU,SAFFRON 1GMS,jivo-pure-kashmiri-saffron-a-grade-kesar-rich-in-antioxidants-boosts-immunity-skin-glow-overall-wellness-1ml,amazon,B0FNDJBJPV,449,,,,false,OOS,,,0,899,900
2026-06-08,BAU,SANO CANOLA 1L,sano-canola-oil-cooking-oil-for-daily-use-recommended-for-all-types-of-cuisines-ideal-for-conscious-cooking-1-liter-1l,amazon,B0CK2D4XCH,259,249,249,249,true,BELOW,-10,-3.86,1,475,475
2026-06-08,BAU,SANO CANOLA 5L,sano-canola-cooking-oil-for-daily-use-recommended-for-all-types-of-cuisines-lowest-in-saturated-fat-content-ideal-for-healthconscious-cooking-5-litre-smart-cooking-choice-5l,amazon,B0CK2B158Y,1249,,,,false,OOS,,,0,1950,375
2026-06-08,BAU,SANO CLASSIC 1L,sano-extra-light-olive-oil-1-litre-product-of-spain-ideal-for-all-indian-and-western-cuisines-perfect-for-cooking-frying-roasting-grilling-and-baking-versatile-and-smart-cooking-oil-1l,amazon,B0CCVF1XVS,589,,,,false,OOS,,,0,1399,2700
2026-06-08,BAU,SANO CLASSIC 5L,sano-classic-olive-oil-5-litre-ideal-for-all-indian-and-western-cuisines-perfect-for-cooking-frying-roasting-grilling-and-baking-versatile-and-healthy-cooking-oil-5l,amazon,B0CKBFKQ4P,2709,,,,false,OOS,,,0,6499,2700
2026-06-08,BAU,SANO MUSTARD 1L,sano-pure-fresh-kachi-ghani-mustard-oil-1-litre-pet-bottle-high-pungency-rich-in-omega3-100-natural-authentic-indian-cooking-oil-boosts-heart-health-1l,amazon,B0C77PZ83B,209,199,199,199,true,BELOW,-10,-4.78,1,235,235
2026-06-08,BAU,SANO MUSTARD 5L,sano-pure-and-aromatic-kachi-ghani-mustard-oil-5l-pet-bottle-100-natural-ideal-for-cooking-pickling-and-health-benefits-edible-oil-5l,amazon,B0C77VSKBL,999,,,,false,OOS,,,0,1200,3750
2026-06-08,BAU,SANO POMACE 1L,sano-pomace-olive-oil-1l-pet-bottle-ideal-for-deep-frying-sauting-roasting-high-smoke-point-cooking-oil-for-indian-kitchen-1000ml-1l,amazon,B0CF9RQ9PL,419,399,399,399,true,BELOW,-20,-4.77,1,999,999
2026-06-08,BAU,SANO POMACE 5L,sano-pomace-olive-oil-5l-ideal-for-frying-roasting-sauting-rich-neutral-flavour-high-smoke-point-versatile-edible-cooking-oil-for-indian-cuisine-5l,amazon,B0CFFSWMXZ,2069,1912,1912,1912,true,BELOW,-157,-7.59,1,4499,4499
2026-06-08,BAU,SANO SOYABEAN 1L,sano-soyabean-oil-1-ltr-pet-bottle-pure-natural-nutrientrich-cooking-oil-ideal-for-healthy-delights-in-cooking-frying-and-baking-perfect-for-indian-and-international-cuisines-1l,amazon,B0C77V6LL7,199,189,189,189,true,BELOW,-10,-5.03,1,225,225
2026-06-08,BAU,SANO SOYABEAN 5L,sano-soybean-oil-5-ltr-pet-bottle-allnatural-nutrientrich-cooking-oil-with-a-high-omega3-content-and-a-low-saturated-fat-content-ideal-for-delicious-and-healthful-meals-5l,amazon,B0C3QYP96Z,949,899,899,899,true,BELOW,-50,-5.27,1,1450,1450
2026-06-08,BAU,SANO SUNFLOWER 1L,sano-sunflower-oil-1-litre-pet-bottle-pure-nutrientrich-sunflower-cooking-oil-with-high-smoke-point-ideal-for-frying-sauting-and-baking-1l,amazon,B0C3QV7FV6,219,,,,false,OOS,,,0,280,540
2026-06-08,BAU,SANO SUNFLOWER 5L,sano-sunflower-oil-5-ltr-pet-bottle-pure-nutrient-rich-cooking-oil-with-high-smoke-point-ideal-for-frying-sauting-and-baking-all-type-of-cuisines-5l,amazon,B0C7KSLVLB,1069,,,,false,OOS,,,0,1475,3675
2026-06-08,BAU,SESAME 1L + 1L,,amazon,B0H2B92WLP,689,,,,false,OOS,,,0,1200,
2026-06-08,BAU,SESAME OIL 1L,jivo-first-pressed-sesame-oil-1l-bottle-gingelly-oil-contains-mufa-and-omega6-pufa-natural-antioxidants-ideal-for-cooking-1l,amazon,B0FDKZPGX1,349,329,329,329,true,BELOW,-20,-5.73,1,600,600
2026-06-08,BAU,SO OLIVE 1L,jivo-so-olive-oil-1-litre-blend-of-rice-bran-olive-oil-nutritious-cooking-oil-for-a-healthy-lifestyle-ideal-for-daily-use-edible-oil-1l,amazon,B0DC6JR4F3,289,257,257,257,true,BELOW,-32,-11.07,1,325,325
2026-06-08,BAU,SO OLIVE 1L + 1L,,amazon,B0H2HJKJH1,569,,,,false,OOS,,,0,650,
2026-06-08,BAU,SO OLIVE 5L,jivo-so-olive-oil-5-litre-blend-of-rice-bran-olive-oil-nutritious-cooking-oil-for-a-healthy-lifestyle-ideal-for-daily-use-edible-oil-5l,amazon,B0DC6WMYM6,1419,1369,1369,1369,true,BELOW,-50,-3.52,1,1625,1625
2026-06-08,BAU,SODA 750ML,jivo-extra-fizzy-soda-750-ml-soda-750ml,amazon,B0D2KLSTFZ,15,,,,false,OOS,,,0,30,695
2026-06-08,BAU,SODA LEMON 750ML,jivo-fizzy-soda-flavoured-with-lemon-750ml-carbonated-water-zero-sugar-zero-calories-i-pack-of-1-750ml,amazon,B0DP36SDGD,45,,,,false,OOS,,,0,55,210
2026-06-08,BAU,SOYABEAN 1L,jivo-cooking-edible-soyabean-oil-1-litre-high-in-omega6-pufa-contains-tocopherols-natural-antioxidant-suitable-for-daily-cooking-1l,amazon,B0B6HNNL5B,209,199,199,199,true,BELOW,-10,-4.78,1,225,225
2026-06-08,BAU,SOYABEAN 1L + 1L,jivo-soyabean-cooking-oil-1-litre-bottles-pack-of-2-litres-ideal-for-roasting-frying-and-baking-healthy-cooking-oil-for-daily-use-pack-of-2-1l,amazon,B0B7JJ7C9W,409,449,449,449,true,ABOVE,40,9.78,0,1100,450
2026-06-08,BAU,SOYABEAN 1L POUCH,jivo-soyabean-oil-pouch-1-litre-edible-cooking-oil-for-daily-use-ideal-for-roasting-frying-and-baking-high-in-omega3-and-low-in-saturated-fat-1l,amazon,B0BZ4WPT43,209,199,199,199,true,BELOW,-10,-4.78,1,199,1350
2026-06-08,BAU,SOYABEAN 5L,jivo-cooking-edible-soyabean-oil-5-litre-high-in-omega6-pufa-contains-tocopherols-natural-antioxidant-suitable-for-daily-cooking-5l,amazon,B0B6HPPMXL,999,949,949,949,true,BELOW,-50,-5.01,1,1100,1100
2026-06-08,BAU,SPRING WATER 750ML,jivo-diet-fizzy-peach-natural-spring-water-peach-750ml-750ml,amazon,B0D2TVRMB6,50,,,,false,OOS,,,0,55,1800
2026-06-08,BAU,SUNFLOWER 1L,jivo-cold-pressed-unrefined-sunflower-oil-1-litre-chemicalfree-oil-for-cooking-ideal-for-roasting-frying-baking-and-all-types-of-cuisines-1l,amazon,B0B4SJTNF2,229,207,207,207,true,BELOW,-22,-9.61,1,275,275
2026-06-08,BAU,SUNFLOWER 1L + 1L,jivo-cold-pressed-chemical-free-sunflower-oil-1-litre-ideal-for-roasting-frying-baking-all-types-of-cuisines-healthy-cooking-oil-for-daily-use-pack-of-2-litres-2l,amazon,B0992GRH3Z,449,,,,false,OOS,,,0,550,3750
2026-06-08,BAU,SUNFLOWER 3L,jivo-cold-pressed-chemicalfree-sunflower-oil-3-litres-chemicalfree-oil-for-cooking-ideal-for-roasting-frying-baking-and-all-types-of-cuisines-sunflower-oil-3l,amazon,B0GDV29RCN,679,,,,false,OOS,,,0,825,879
2026-06-08,BAU,SUNFLOWER 4L,jivo-sunflower-oil-4-litres-pure-natural-oil-for-cooking-ideal-for-roasting-frying-baking-and-all-types-of-cuisines-sunflower-oil-4l,amazon,B0FPMJPCFM,909,869,869,869,true,BELOW,-40,-4.4,1,1038,1038
2026-06-08,BAU,SUNFLOWER 5L,jivo-cold-pressed-unrefined-sunflower-oil-5-litres-chemicalfree-oil-for-cooking-ideal-for-roasting-frying-baking-and-all-types-of-cuisines-5l,amazon,B0991VMDB1,1139,987,987,987,true,BELOW,-152,-13.35,1,1350,1350
2026-06-08,BAU,SUNFLOWER SEEDS 200G,jivo-sunflower-seeds-200g-raw-natural-sunflower-seeds-for-snacking-healthy-snack-option-ideal-for-weight-management-antioxidants-great-for-diets-nutrientrich-food-packed-with-protein-200ml,amazon,B0D8TT92SH,139,,,,false,OOS,,,0,299,599
2026-06-08,BAU,SUNFLOWER SEEDS 400G,jivo-sunflower-seeds-raw-natural-sunflower-seeds-for-healthy-snacking-high-in-protein-fiber-antioxidants-ideal-for-weight-management-clean-eating-nutrientrich-diets-400g-400ml,amazon,B0D8TRK651,259,,,,false,OOS,,,0,499,599
2026-06-08,BAU,SUNFLOWER SEEDS 800G,jivo-sunflower-seeds-raw-natural-sunflower-seeds-for-healthy-snacking-high-in-protein-fiber-antioxidants-ideal-for-weight-management-diets-clean-eating-glutenfree-nongmo-800g-800ml,amazon,B0D8TPSX1V,389,,,,false,OOS,,,0,899,599
2026-06-08,BAU,WG MANGO JUICE 500ML,jivo-healthy-wheatgrass-juice-with-mango-flavor-body-detox-immunity-booster-natural-ingredients-500ml-500ml,amazon,B0DM2G4YCC,39,,,,false,OOS,,,0,100,750
2026-06-08,BAU,YELLOW MUSTARD 1L,jivo-first-pressed-yellow-mustard-oil-1-litre-pili-sarson-oil-for-cooking-chemicalfree-ideal-for-roasting-frying-baking-omega3-pufa-tocopherols-added-vitamins-a-d-for-diverse-cuisines-1l,amazon,B0FF9P7XVX,269,259,259,259,true,BELOW,-10,-3.72,1,375,395
2026-06-08,BAU,YELLOW MUSTARD 1L + 1L,,amazon,B0GX19RGQH,529,,,,false,OOS,,,0,750,
2026-06-08,BAU,YELLOW MUSTARD 5L,jivo-first-pressed-yellow-mustard-oil-5-litre-pili-sarson-oil-for-cooking-chemicalfree-ideal-for-roasting-frying-baking-omega3-pufa-tocopherols-added-vitamins-a-d-for-diverse-cuisines-5l,amazon,B0GF1Z3DXR,1329,1269,1269,1269,true,BELOW,-60,-4.51,1,2000,1795
2026-06-08,BAU,A2 GHEE 1L,ghegeujjnscchwq9,flipkart,GHEGEUJJNSCCHWQ9,1409,,,,false,OOS,,,0,4000,4000
2026-06-08,BAU,A2 GHEE 500ML,ghehhzbqjbnvzggq,flipkart,GHEHHZBQJBNVZGGQ,759,613,613,613,true,BELOW,-146,-19.24,1,2200,2200
2026-06-08,BAU,BASIL SEEDS 200G,edsh4zf2vbebfjuq,flipkart,EDSH4ZF2VBEBFJUQ,79,,,,false,OOS,,,0,349,349
2026-06-08,BAU,BASIL SEEDS 400G,,flipkart,,189,,,,false,NOT_LISTED,,,0,599,
2026-06-08,BAU,BASIL SEEDS 800G,edsh4yk7vc4zcnpu,flipkart,EDSH4YK7VC4ZCNPU,349,,,,false,OOS,,,0,1099,1099
2026-06-08,BAU,BLACK CARDAMOM 100G,scmh4h8hzj8ahq9g,flipkart,SCMH4H8HZJ8AHQ9G,289,,,,false,OOS,,,0,549,
2026-06-08,BAU,BLACK OLIVE 470G,,flipkart,,249,,,,false,NOT_LISTED,,,0,399,
2026-06-08,BAU,BLACK PEPPER 100G,scmh2hmc2u7pqmnv,flipkart,SCMH2HMC2U7PQMNV,145,,,,false,OOS,,,0,399,399
2026-06-08,BAU,CANOLA 1+1L,edofrxtmjgae9dct,flipkart,EDOFRXTMJGAE9DCT,529,572,572,572,true,ABOVE,43,8.13,0,750,750
2026-06-08,BAU,CANOLA 1L,edogdtnzgdahuduj,flipkart,EDOGDTNZGDAHUDUJ,269,319,319,319,true,ABOVE,50,18.59,0,375,375
2026-06-08,BAU,CANOLA 1L + 1L,edofrxtmjgae9dct,flipkart,EDOFRXTMJGAE9DCT,529,,,,false,PENDING_REVIEW,,,0,750,
2026-06-08,BAU,CANOLA 1L POUCH,,flipkart,,269,,,,false,NOT_LISTED,,,0,299,
2026-06-08,BAU,CANOLA 3L,edoghersuqwaau5s,flipkart,EDOGHERSUQWAAU5S,799,,,,false,OOS,,,0,690,
2026-06-08,BAU,CANOLA 4L,,flipkart,,1189,,,,false,NOT_LISTED,,,0,1199,
2026-06-08,BAU,CANOLA 5L,edoftx47swwqprvs,flipkart,EDOFTX47SWWQPRVS,1299,1254,1254,1254,true,BELOW,-45,-3.46,1,1650,1650
2026-06-08,BAU,CHIA SEEDS 200G,edsh4ygygrwrqrgk,flipkart,EDSH4YGYGRWRQRGK,99,,,,false,OOS,,,0,299,
2026-06-08,BAU,CHIA SEEDS 400G,edsgxe59s7agkhug,flipkart,EDSGXE59S7AGKHUG,209,,,,false,OOS,,,0,599,
2026-06-08,BAU,CHIA SEEDS 800G,edsh3fjv4pejdfan,flipkart,EDSH3FJV4PEJDFAN,349,,,,false,OOS,,,0,899,899
2026-06-08,BAU,CINNAMON BARK 100G,scmh4h8snyfgcykm,flipkart,SCMH4H8SNYFGCYKM,99,,,,false,OOS,,,0,299,
2026-06-08,BAU,CLOVE 100G,scmhckzekpqwve5v,flipkart,SCMHCKZEKPQWVE5V,249,,,,false,OOS,,,0,280,
2026-06-08,BAU,COCONUT 1L,edogpm99cpxseuyn,flipkart,EDOGPM99CPXSEUYN,559,534,534,534,true,BELOW,-25,-4.47,1,700,700
2026-06-08,BAU,COCONUT 200ML,,flipkart,,149,,,,false,NOT_LISTED,,,0,285,
2026-06-08,BAU,COCONUT 500ML,edohf5f6bs3mehjd,flipkart,EDOHF5F6BS3MEHJD,289,221,221,221,true,BELOW,-68,-23.53,1,695,398
2026-06-08,BAU,COFFEE,cfegmj5gje7hd3dq,flipkart,CFEGMJ5GJE7HD3DQ,249,,,,false,OOS,,,0,350,350
2026-06-08,BAU,CUMIN SEEDS 100G,scmh3fhauzysnuab,flipkart,SCMH3FHAUZYSNUAB,75,,,,false,OOS,,,0,249,
2026-06-08,BAU,EXTRA LIGHT 1+1L,qwrggc46ukqkvces,flipkart,QWRGGC46UKQKVCES,1229,,,,false,OOS,,,0,2798,
2026-06-08,BAU,EXTRA LIGHT 1L,edoge5whzbgw4ska,flipkart,EDOGE5WHZBGW4SKA,619,,,,false,OOS,,,0,1499,
2026-06-08,BAU,EXTRA LIGHT 2L,edoft6pr7qmyhgjh,flipkart,EDOFT6PR7QMYHGJH,1229,1004,1004,1004,true,BELOW,-225,-18.31,1,2799,2998
2026-06-08,BAU,EXTRA LIGHT 3L,,flipkart,,1849,,,,false,PENDING_REVIEW,,,0,2200,
2026-06-08,BAU,EXTRA LIGHT 500ML,,flipkart,,349,,,,false,NOT_LISTED,,,0,499,
2026-06-08,BAU,EXTRA LIGHT 5L,edofzfufcqdjhtqf,flipkart,EDOFZFUFCQDJHTQF,3069,2793,2793,2793,true,BELOW,-276,-8.99,1,6499,6499
2026-06-08,BAU,EXTRA VIRGIN 1L,edog2nmeharedmz3,flipkart,EDOG2NMEHAREDMZ3,809,872,872,872,true,ABOVE,63,7.79,0,1499,1799
2026-06-08,BAU,EXTRA VIRGIN 1L + 1L,qwrgemns9zpzgwjh,flipkart,QWRGEMNS9ZPZGWJH,1609,1345,1345,1345,true,BELOW,-264,-16.41,1,2998,2998
2026-06-08,BAU,EXTRA VIRGIN 200ML,edohgpf2zq9rqpb3,flipkart,EDOHGPF2ZQ9RQPB3,199,,,,false,OOS,,,0,350,
2026-06-08,BAU,EXTRA VIRGIN 250ML,edoguy3fp4y3rvqm,flipkart,EDOGUY3FP4Y3RVQM,219,219,219,219,true,MATCH,0,0,0,450,450
2026-06-08,BAU,EXTRA VIRGIN 2L,edog2nmphjzh6gjc,flipkart,EDOG2NMPHJZH6GJC,1619,1325,1325,1325,true,BELOW,-294,-18.16,1,2700,3598
2026-06-08,BAU,EXTRA VIRGIN 3L,,flipkart,,2429,,,,false,NOT_LISTED,,,0,4000,
2026-06-08,BAU,EXTRA VIRGIN 500ML,edogwgz7tq6zzt3h,flipkart,EDOGWGZ7TQ6ZZT3H,419,,,,false,OOS,,,0,675,998
2026-06-08,BAU,EXTRA VIRGIN 5L,edogdtxggcgfce88,flipkart,EDOGDTXGGCGFCE88,4039,4047,4047,4047,true,ABOVE,8,0.2,0,7999,5995
2026-06-08,BAU,FLAX SEEDS 200G,edsh4zgfwpsuy7rh,flipkart,EDSH4ZGFWPSUY7RH,99,,,,false,OOS,,,0,249,249
2026-06-08,BAU,FLAX SEEDS 400G,edsh5avfzrhq43rz,flipkart,EDSH5AVFZRHQ43RZ,189,,,,false,OOS,,,0,399,399
2026-06-08,BAU,FLAX SEEDS 800G,edsh5bx4umfr4xyf,flipkart,EDSH5BX4UMFR4XYF,369,,,,false,OOS,,,0,750,750
2026-06-08,BAU,GINGER ALE 200ML,,flipkart,,49,,,,false,NOT_LISTED,,,0,100,
2026-06-08,BAU,GOLD 1+1,edogyj7syy4h2mdh,flipkart,EDOGYJ7SYY4H2MDH,389,405,405,405,true,ABOVE,16,4.11,0,450,450
2026-06-08,BAU,GOLD 1L,edogxyeferfxp3zy,flipkart,EDOGXYEFERFXP3ZY,199,220,220,220,true,ABOVE,21,10.55,0,225,350
2026-06-08,BAU,GOLD 5L,edogrf8rmwnygjpe,flipkart,EDOGRF8RMWNYGJPE,989,,,,false,OOS,,,0,1049,1049
2026-06-08,BAU,GREEN CARDAMOM 100G,scmh4h8nch2pkywv,flipkart,SCMH4H8NCH2PKYWV,499,,,,false,OOS,,,0,799,
2026-06-08,BAU,GROUNDNUT 1L,edogwf6ugcwrregz,flipkart,EDOGWF6UGCWRREGZ,259,300,300,300,true,ABOVE,41,15.83,0,400,560
2026-06-08,BAU,GROUNDNUT 5L,edoh9p7nnnjuxgzp,flipkart,EDOH9P7NNNJUXGZP,1269,,,,false,OOS,,,0,2800,
2026-06-08,BAU,JIVO POMACE 1L,edohyrptdvezvz8e,flipkart,EDOHYRPTDVEZVZ8E,439,563,563,563,true,ABOVE,124,28.25,0,1049,1049
2026-06-08,BAU,JIVO POMACE 1L + 1L,edohyrrpj3h7nhhn,flipkart,EDOHYRRPJ3H7NHHN,869,,,,false,PENDING_REVIEW,,,0,2098,
2026-06-08,BAU,JIVO POMACE 2L,edogyzhgusaddg9b,flipkart,EDOGYZHGUSADDG9B,869,826,826,826,true,BELOW,-43,-4.95,1,1600,2098
2026-06-08,BAU,JIVO POMACE 5L,edoge5xhfzn2hz9d,flipkart,EDOGE5XHFZN2HZ9D,2169,,,,false,OOS,,,0,4999,4999
2026-06-08,BAU,JIVO PUNJABI SHIKANJI 160 MLS,,flipkart,,219,,,,false,NOT_LISTED,,,0,480,
2026-06-08,BAU,JIVO WATER 1L,,flipkart,,20,,,,false,NOT_LISTED,,,0,30,
2026-06-08,BAU,JIVO WATER 250ML,,flipkart,,119,,,,false,NOT_LISTED,,,0,360,
2026-06-08,BAU,JIVO WATER 500 MLS,,flipkart,,12,,,,false,NOT_LISTED,,,0,15,
2026-06-08,BAU,MUSTARD 1L,edogdvwygjndyrqp,flipkart,EDOGDVWYGJNDYRQP,219,255,255,255,true,ABOVE,36,16.44,0,255,280
2026-06-08,BAU,MUSTARD 1L + 1L,qwrgemqzxaywvm4m,flipkart,QWRGEMQZXAYWVM4M,429,,,,false,PENDING_REVIEW,,,0,500,
2026-06-08,BAU,MUSTARD 1L POUCH,,flipkart,,219,,,,false,NOT_LISTED,,,0,250,
2026-06-08,BAU,MUSTARD 3L,edogkc6kwybcnngh,flipkart,EDOGKC6KWYBCNNGH,629,,,,false,OOS,,,0,765,750
2026-06-08,BAU,MUSTARD 4L,edohgwu9wapbehwk,flipkart,EDOHGWU9WAPBEHWK,839,,,,false,OOS,,,0,1000,
2026-06-08,BAU,MUSTARD 5L,edoh9phgzg9h4gvt,flipkart,EDOH9PHGZG9H4GVT,1049,,,,false,OOS,,,0,1250,
2026-06-08,BAU,POMACE 3L,edogfyrutbcs6yhw,flipkart,EDOGFYRUTBCS6YHW,1309,1194,1194,1194,true,BELOW,-115,-8.79,1,3050,2247
2026-06-08,BAU,PUMPKIN SEEDS 200G,edsh5avcxwvgycyt,flipkart,EDSH5AVCXWVGYCYT,209,,,,false,OOS,,,0,399,399
2026-06-08,BAU,PUMPKIN SEEDS 400G,edsh5avgyvmtpzec,flipkart,EDSH5AVGYVMTPZEC,399,,,,false,OOS,,,0,699,
2026-06-08,BAU,PUMPKIN SEEDS 800G,edsh4zzgcgcmyvfh,flipkart,EDSH4ZZGCGCMYVFH,789,,,,false,OOS,,,0,1299,1299
2026-06-08,BAU,PUNJABI JEERA 160ML,,flipkart,,219,,,,false,NOT_LISTED,,,0,360,
2026-06-08,BAU,QUINOA SEEDS 200G,,flipkart,,119,,,,false,NOT_LISTED,,,0,199,
2026-06-08,BAU,QUINOA SEEDS 400G,,flipkart,,179,,,,false,NOT_LISTED,,,0,299,
2026-06-08,BAU,QUINOA SEEDS 800G,,flipkart,,259,,,,false,NOT_LISTED,,,0,399,
2026-06-08,BAU,RICE BRAN 1L,edohf5ykx4kjregk,flipkart,EDOHF5YKX4KJREGK,199,225,225,225,true,ABOVE,26,13.07,0,285,285
2026-06-08,BAU,RICE BRAN 1L + 1L,edohbh2fp9es6gga,flipkart,EDOHBH2FP9ES6GGA,389,,,,false,PENDING_REVIEW,,,0,570,
2026-06-08,BAU,RICE BRAN 4L,,flipkart,,759,,,,false,NOT_LISTED,,,0,1140,
2026-06-08,BAU,RICE BRAN 5L,edoh3yz46gfvhepb,flipkart,EDOH3YZ46GFVHEPB,959,1033,1033,1033,true,ABOVE,74,7.72,0,1425,1425
2026-06-08,BAU,ROSEMARY LEAVES 150 GMS,,flipkart,,179,,,,false,NOT_LISTED,,,0,499,
2026-06-08,BAU,SAFFRON 1GMS,scmhg4hdys45ycaz,flipkart,SCMHG4HDYS45YCAZ,449,,,,false,OOS,,,0,899,899
2026-06-08,BAU,SANO CANOLA 1L,edogvh5wwcxqnjhf,flipkart,EDOGVH5WWCXQNJHF,259,,,,false,OOS,,,0,475,475
2026-06-08,BAU,SANO CANOLA 5L,edogw3gwc36phwky,flipkart,EDOGW3GWC36PHWKY,1249,,,,false,OOS,,,0,1950,1950
2026-06-08,BAU,SANO CLASSIC 1L,edogvef33gyxkhew,flipkart,EDOGVEF33GYXKHEW,589,,,,false,OOS,,,0,1399,1299
2026-06-08,BAU,SANO CLASSIC 5L,edohagdyvqwt6gng,flipkart,EDOHAGDYVQWT6GNG,2709,,,,false,OOS,,,0,6499,
2026-06-08,BAU,SANO MUSTARD 1L,,flipkart,,209,,,,false,NOT_LISTED,,,0,235,
2026-06-08,BAU,SANO MUSTARD 5L,edogqthv2rjybfr9,flipkart,EDOGQTHV2RJYBFR9,999,,,,false,OOS,,,0,1200,1200
2026-06-08,BAU,SANO POMACE 1L,edogrrxuhzzhz2wz,flipkart,EDOGRRXUHZZHZ2WZ,419,387,387,387,true,BELOW,-32,-7.64,1,999,999
2026-06-08,BAU,SANO POMACE 5L,edogrsy3tnxgejpj,flipkart,EDOGRSY3TNXGEJPJ,2069,1813,1813,1813,true,BELOW,-256,-12.37,1,4499,4599
2026-06-08,BAU,SANO SOYABEAN 1L,,flipkart,,199,,,,false,NOT_LISTED,,,0,225,
2026-06-08,BAU,SANO SOYABEAN 5L,,flipkart,,949,,,,false,NOT_LISTED,,,0,1450,
2026-06-08,BAU,SANO SUNFLOWER 1L,edogqwu2jyazcgzm,flipkart,EDOGQWU2JYAZCGZM,219,,,,false,OOS,,,0,280,291
2026-06-08,BAU,SANO SUNFLOWER 5L,,flipkart,,1069,,,,false,NOT_LISTED,,,0,1475,
2026-06-08,BAU,SESAME 1L + 1L,,flipkart,,689,,,,false,NOT_LISTED,,,0,1200,
2026-06-08,BAU,SESAME OIL 1L,edohdgcrehez8kpz,flipkart,EDOHDGCREHEZ8KPZ,349,346,346,346,true,BELOW,-3,-0.86,1,600,600
2026-06-08,BAU,SO OLIVE 1L,edoh5he7fczjwtaw,flipkart,EDOH5HE7FCZJWTAW,289,237,237,237,true,BELOW,-52,-17.99,1,325,325
2026-06-08,BAU,SO OLIVE 1L + 1L,edohbh2urwdmhpxc,flipkart,EDOHBH2URWDMHPXC,569,563,563,563,true,BELOW,-6,-1.05,1,650,650
2026-06-08,BAU,SO OLIVE 5L,edoh5hehthkwthyy,flipkart,EDOH5HEHTHKWTHYY,1419,1364,1364,1364,true,BELOW,-55,-3.88,1,1625,1625
2026-06-08,BAU,SODA 750ML,,flipkart,,15,,,,false,NOT_LISTED,,,0,30,
2026-06-08,BAU,SODA LEMON 750ML,,flipkart,,45,,,,false,NOT_LISTED,,,0,55,
2026-06-08,BAU,SOYABEAN 1L,,flipkart,,209,,,,false,NOT_LISTED,,,0,225,
2026-06-08,BAU,SOYABEAN 1L + 1L,edoggpfz2fcj6uws,flipkart,EDOGGPFZ2FCJ6UWS,409,,,,false,OOS,,,0,1100,
2026-06-08,BAU,SOYABEAN 1L POUCH,,flipkart,,209,,,,false,NOT_LISTED,,,0,199,
2026-06-08,BAU,SOYABEAN 5L,edoggf7edc9pffhh,flipkart,EDOGGF7EDC9PFFHH,999,976,976,976,true,BELOW,-23,-2.3,1,1100,1100
2026-06-08,BAU,SPRING WATER 750ML,,flipkart,,50,,,,false,NOT_LISTED,,,0,55,
2026-06-08,BAU,SUNFLOWER 1L,qwrgemp4hbfd4gf3,flipkart,QWRGEMP4HBFD4GF3,229,,,,false,OOS,,,0,275,
2026-06-08,BAU,SUNFLOWER 1L + 1L,,flipkart,,449,,,,false,NOT_LISTED,,,0,550,
2026-06-08,BAU,SUNFLOWER 3L,edoghzsebqyya6zw,flipkart,EDOGHZSEBQYYA6ZW,679,,,,false,OOS,,,0,825,825
2026-06-08,BAU,SUNFLOWER 4L,edohgwsvungy8y3m,flipkart,EDOHGWSVUNGY8Y3M,909,,,,false,OOS,,,0,1038,1080
2026-06-08,BAU,SUNFLOWER 5L,edogdvfwgprvttms,flipkart,EDOGDVFWGPRVTTMS,1139,,,,false,OOS,,,0,1350,1350
2026-06-08,BAU,SUNFLOWER SEEDS 200G,edsh5avjzcsan5p3,flipkart,EDSH5AVJZCSAN5P3,139,,,,false,OOS,,,0,299,
2026-06-08,BAU,SUNFLOWER SEEDS 400G,edsh66rre84eyvhc,flipkart,EDSH66RRE84EYVHC,259,,,,false,OOS,,,0,499,
2026-06-08,BAU,SUNFLOWER SEEDS 800G,edsh63q3yyywhmuh,flipkart,EDSH63Q3YYYWHMUH,389,,,,false,OOS,,,0,899,899
2026-06-08,BAU,WG MANGO JUICE 500ML,,flipkart,,39,,,,false,NOT_LISTED,,,0,100,
2026-06-08,BAU,YELLOW MUSTARD 1L,edohdgdyauqswvqv,flipkart,EDOHDGDYAUQSWVQV,269,,,,false,OOS,,,0,375,340
2026-06-08,BAU,YELLOW MUSTARD 1L + 1L,edohnfqudf32jhzr,flipkart,EDOHNFQUDF32JHZR,529,,,,false,PENDING_REVIEW,,,0,750,
2026-06-08,BAU,YELLOW MUSTARD 5L,,flipkart,,1329,,,,false,NOT_LISTED,,,0,2000,
2026-06-08,BAU,A2 GHEE 1L,,amazon-fresh,,1409,,,,false,NOT_LISTED,,,0,4000,
2026-06-08,BAU,A2 GHEE 500ML,,amazon-fresh,,759,,,,false,NOT_LISTED,,,0,2200,
2026-06-08,BAU,BASIL SEEDS 200G,,amazon-fresh,,79,,,,false,NOT_LISTED,,,0,349,
2026-06-08,BAU,BASIL SEEDS 400G,,amazon-fresh,,189,,,,false,NOT_LISTED,,,0,599,
2026-06-08,BAU,BASIL SEEDS 800G,,amazon-fresh,,349,,,,false,NOT_LISTED,,,0,1099,
2026-06-08,BAU,BLACK CARDAMOM 100G,,amazon-fresh,,289,,,,false,NOT_LISTED,,,0,549,
2026-06-08,BAU,BLACK OLIVE 470G,,amazon-fresh,,249,,,,false,NOT_LISTED,,,0,399,
2026-06-08,BAU,BLACK PEPPER 100G,,amazon-fresh,,145,,,,false,NOT_LISTED,,,0,399,
2026-06-08,BAU,CANOLA 1+1L,,amazon-fresh,B0152TWWSQ,529,,,,false,OOS,,,0,750,
2026-06-08,BAU,CANOLA 1L,jivo-canola-cold-pressed-edible-oil-1-litre-cooking-oil-for-daily-use-ideal-for-roasting-frying-baking-all-types-of-cuisines-1l,amazon-fresh,B09MJ6QDX7,269,259,248,260,true,BELOW,-10,-3.72,112,375,375
2026-06-08,BAU,CANOLA 1L + 1L,,amazon-fresh,,529,,,,false,NOT_LISTED,,,0,750,
2026-06-08,BAU,CANOLA 1L POUCH,,amazon-fresh,,269,,,,false,NOT_LISTED,,,0,299,
2026-06-08,BAU,CANOLA 3L,,amazon-fresh,,799,,,,false,NOT_LISTED,,,0,690,
2026-06-08,BAU,CANOLA 4L,,amazon-fresh,,1189,,,,false,NOT_LISTED,,,0,1199,
2026-06-08,BAU,CANOLA 5L,jivo-cold-pressed-canola-oil-5-litre-5l,amazon-fresh,B077ZN4G28,1299,1193,1193,1249,true,BELOW,-106,-8.16,73,1650,1650
2026-06-08,BAU,CHIA SEEDS 200G,,amazon-fresh,,99,,,,false,NOT_LISTED,,,0,299,
2026-06-08,BAU,CHIA SEEDS 400G,,amazon-fresh,,209,,,,false,NOT_LISTED,,,0,599,
2026-06-08,BAU,CHIA SEEDS 800G,,amazon-fresh,,349,,,,false,NOT_LISTED,,,0,899,
2026-06-08,BAU,CINNAMON BARK 100G,,amazon-fresh,,99,,,,false,NOT_LISTED,,,0,299,
2026-06-08,BAU,CLOVE 100G,,amazon-fresh,,249,,,,false,NOT_LISTED,,,0,280,
2026-06-08,BAU,COCONUT 1L,,amazon-fresh,B0BZ8K3DQP,559,,,,false,OOS,,,0,700,
2026-06-08,BAU,COCONUT 200ML,,amazon-fresh,,149,,,,false,NOT_LISTED,,,0,285,
2026-06-08,BAU,COCONUT 500ML,jivo-pure-extra-virgin-coconut-oil-500-ml-500ml,amazon-fresh,B0CGN9Y3PT,289,279,279,279,true,BELOW,-10,-3.46,1,695,399
2026-06-08,BAU,COFFEE,,amazon-fresh,,249,,,,false,NOT_LISTED,,,0,350,
2026-06-08,BAU,CUMIN SEEDS 100G,,amazon-fresh,,75,,,,false,NOT_LISTED,,,0,249,
2026-06-08,BAU,EXTRA LIGHT 1+1L,,amazon-fresh,,1229,,,,false,NOT_LISTED,,,0,2798,
2026-06-08,BAU,EXTRA LIGHT 1L,jivo-extra-light-olive-oil-1-litre-1l,amazon-fresh,B09HZY97FR,619,499,499,499,true,BELOW,-120,-19.39,1,1499,1499
2026-06-08,BAU,EXTRA LIGHT 2L,jivo-extra-light-olive-oil-2-litre-2l,amazon-fresh,B09NXCPZW1,1229,1135,1010,1189,true,BELOW,-94,-7.65,108,2799,2799
2026-06-08,BAU,EXTRA LIGHT 3L,,amazon-fresh,,1849,,,,false,NOT_LISTED,,,0,2200,
2026-06-08,BAU,EXTRA LIGHT 500ML,,amazon-fresh,,349,,,,false,NOT_LISTED,,,0,499,
2026-06-08,BAU,EXTRA LIGHT 5L,,amazon-fresh,,3069,,,,false,NOT_LISTED,,,0,6499,
2026-06-08,BAU,EXTRA VIRGIN 1L,jivo-extra-virgin-olive-oil-1-litre-1l,amazon-fresh,B093BMGPQC,809,789,765,789,true,BELOW,-20,-2.47,96,1499,1799
2026-06-08,BAU,EXTRA VIRGIN 1L + 1L,,amazon-fresh,,1609,,,,false,NOT_LISTED,,,0,2998,
2026-06-08,BAU,EXTRA VIRGIN 200ML,,amazon-fresh,,199,,,,false,NOT_LISTED,,,0,350,
2026-06-08,BAU,EXTRA VIRGIN 250ML,,amazon-fresh,,219,,,,false,NOT_LISTED,,,0,450,
2026-06-08,BAU,EXTRA VIRGIN 2L,,amazon-fresh,,1619,,,,false,NOT_LISTED,,,0,2700,
2026-06-08,BAU,EXTRA VIRGIN 3L,,amazon-fresh,,2429,,,,false,NOT_LISTED,,,0,4000,
2026-06-08,BAU,EXTRA VIRGIN 500ML,,amazon-fresh,,419,,,,false,NOT_LISTED,,,0,675,
2026-06-08,BAU,EXTRA VIRGIN 5L,,amazon-fresh,,4039,,,,false,NOT_LISTED,,,0,7999,
2026-06-08,BAU,FLAX SEEDS 200G,,amazon-fresh,,99,,,,false,NOT_LISTED,,,0,249,
2026-06-08,BAU,FLAX SEEDS 400G,,amazon-fresh,,189,,,,false,NOT_LISTED,,,0,399,
2026-06-08,BAU,FLAX SEEDS 800G,,amazon-fresh,,369,,,,false,NOT_LISTED,,,0,750,
2026-06-08,BAU,GINGER ALE 200ML,,amazon-fresh,,49,,,,false,NOT_LISTED,,,0,100,
2026-06-08,BAU,GOLD 1+1,,amazon-fresh,,389,,,,false,NOT_LISTED,,,0,450,
2026-06-08,BAU,GOLD 1L,,amazon-fresh,,199,,,,false,NOT_LISTED,,,0,225,
2026-06-08,BAU,GOLD 5L,jivo-gold-refined-oil-perfect-blend-of-rice-bran-sunflower-oil-5l,amazon-fresh,B0C9Q1S6QG,989,909,899,909,true,BELOW,-80,-8.09,30,1049,1050
2026-06-08,BAU,GREEN CARDAMOM 100G,,amazon-fresh,,499,,,,false,NOT_LISTED,,,0,799,
2026-06-08,BAU,GROUNDNUT 1L,,amazon-fresh,,259,,,,false,NOT_LISTED,,,0,400,
2026-06-08,BAU,GROUNDNUT 5L,jivo-cold-pressed-groundnut-oil-5-litre-5l,amazon-fresh,B0CKFFGC31,1269,1074,1074,1127,true,BELOW,-195,-15.37,37,2800,2800
2026-06-08,BAU,JIVO POMACE 1L,jivo-daily-cooking-pomace-olive-oil-1-litre-1l,amazon-fresh,B0821DNF2W,439,379,379,429,true,BELOW,-60,-13.67,92,1049,1049
2026-06-08,BAU,JIVO POMACE 1L + 1L,,amazon-fresh,,869,,,,false,NOT_LISTED,,,0,2098,
2026-06-08,BAU,JIVO POMACE 2L,,amazon-fresh,,869,,,,false,NOT_LISTED,,,0,1600,
2026-06-08,BAU,JIVO POMACE 5L,jivo-pomace-olive-oil-5-litre-tin-for-everyday-cooking-5l,amazon-fresh,B07X53ZL6J,2169,1950,1950,2119,true,BELOW,-219,-10.1,98,4999,4999
2026-06-08,BAU,JIVO PUNJABI SHIKANJI 160 MLS,,amazon-fresh,,219,,,,false,NOT_LISTED,,,0,480,
2026-06-08,BAU,JIVO WATER 1L,,amazon-fresh,,20,,,,false,NOT_LISTED,,,0,30,
2026-06-08,BAU,JIVO WATER 250ML,,amazon-fresh,,119,,,,false,NOT_LISTED,,,0,360,
2026-06-08,BAU,JIVO WATER 500 MLS,,amazon-fresh,,12,,,,false,NOT_LISTED,,,0,15,
2026-06-08,BAU,MUSTARD 1L,jivo-cold-pressed-kachi-ghani-chemical-free-mustard-daily-cooking-oil-1-litre-1l,amazon-fresh,B09NYCSQLF,219,209,181,209,true,BELOW,-10,-4.57,14,255,255
2026-06-08,BAU,MUSTARD 1L + 1L,,amazon-fresh,,429,,,,false,NOT_LISTED,,,0,500,
2026-06-08,BAU,MUSTARD 1L POUCH,jivo-cold-pressed-kachi-ghani-chemical-free-mustard-daily-cooking-oil-1-litre-pouch-1l,amazon-fresh,B0DRYVRYYM,219,199,199,199,true,BELOW,-20,-9.13,1,250,
2026-06-08,BAU,MUSTARD 3L,,amazon-fresh,,629,,,,false,NOT_LISTED,,,0,765,
2026-06-08,BAU,MUSTARD 4L,,amazon-fresh,,839,,,,false,NOT_LISTED,,,0,1000,
2026-06-08,BAU,MUSTARD 5L,jivo-premium-cold-pressed-kachi-ghani-mustard-oil-5-litre-5l,amazon-fresh,B091XPD9J3,1049,960,960,999,true,BELOW,-89,-8.48,101,1250,1250
2026-06-08,BAU,POMACE 3L,,amazon-fresh,,1309,,,,false,NOT_LISTED,,,0,3050,
2026-06-08,BAU,PUMPKIN SEEDS 200G,,amazon-fresh,,209,,,,false,NOT_LISTED,,,0,399,
2026-06-08,BAU,PUMPKIN SEEDS 400G,,amazon-fresh,,399,,,,false,NOT_LISTED,,,0,699,
2026-06-08,BAU,PUMPKIN SEEDS 800G,,amazon-fresh,,789,,,,false,NOT_LISTED,,,0,1299,
2026-06-08,BAU,PUNJABI JEERA 160ML,,amazon-fresh,,219,,,,false,NOT_LISTED,,,0,360,
2026-06-08,BAU,QUINOA SEEDS 200G,,amazon-fresh,,119,,,,false,NOT_LISTED,,,0,199,
2026-06-08,BAU,QUINOA SEEDS 400G,,amazon-fresh,,179,,,,false,NOT_LISTED,,,0,299,
2026-06-08,BAU,QUINOA SEEDS 800G,,amazon-fresh,,259,,,,false,NOT_LISTED,,,0,399,
2026-06-08,BAU,RICE BRAN 1L,jivo-rice-bran-oil-1-litre-cooking-oil-1l,amazon-fresh,B0DBHQ2QWW,199,189,178,189,true,BELOW,-10,-5.03,9,285,285
2026-06-08,BAU,RICE BRAN 1L + 1L,,amazon-fresh,,389,,,,false,NOT_LISTED,,,0,570,
2026-06-08,BAU,RICE BRAN 4L,,amazon-fresh,,759,,,,false,NOT_LISTED,,,0,1140,
2026-06-08,BAU,RICE BRAN 5L,jivo-rice-bran-oil-5-litre-5l,amazon-fresh,B0DBJ13FKL,959,909,909,909,true,BELOW,-50,-5.21,70,1425,1425
2026-06-08,BAU,ROSEMARY LEAVES 150 GMS,,amazon-fresh,,179,,,,false,NOT_LISTED,,,0,499,
2026-06-08,BAU,SAFFRON 1GMS,,amazon-fresh,,449,,,,false,NOT_LISTED,,,0,899,
2026-06-08,BAU,SANO CANOLA 1L,,amazon-fresh,,259,,,,false,NOT_LISTED,,,0,475,
2026-06-08,BAU,SANO CANOLA 5L,,amazon-fresh,,1249,,,,false,NOT_LISTED,,,0,1950,
2026-06-08,BAU,SANO CLASSIC 1L,,amazon-fresh,,589,,,,false,NOT_LISTED,,,0,1399,
2026-06-08,BAU,SANO CLASSIC 5L,,amazon-fresh,,2709,,,,false,NOT_LISTED,,,0,6499,
2026-06-08,BAU,SANO MUSTARD 1L,,amazon-fresh,,209,,,,false,NOT_LISTED,,,0,235,
2026-06-08,BAU,SANO MUSTARD 5L,,amazon-fresh,,999,,,,false,NOT_LISTED,,,0,1200,
2026-06-08,BAU,SANO POMACE 1L,,amazon-fresh,,419,,,,false,NOT_LISTED,,,0,999,
2026-06-08,BAU,SANO POMACE 5L,,amazon-fresh,,2069,,,,false,NOT_LISTED,,,0,4499,
2026-06-08,BAU,SANO SOYABEAN 1L,,amazon-fresh,,199,,,,false,NOT_LISTED,,,0,225,
2026-06-08,BAU,SANO SOYABEAN 5L,,amazon-fresh,,949,,,,false,NOT_LISTED,,,0,1450,
2026-06-08,BAU,SANO SUNFLOWER 1L,,amazon-fresh,,219,,,,false,NOT_LISTED,,,0,280,
2026-06-08,BAU,SANO SUNFLOWER 5L,,amazon-fresh,,1069,,,,false,NOT_LISTED,,,0,1475,
2026-06-08,BAU,SESAME 1L + 1L,,amazon-fresh,,689,,,,false,NOT_LISTED,,,0,1200,
2026-06-08,BAU,SESAME OIL 1L,,amazon-fresh,,349,,,,false,NOT_LISTED,,,0,600,
2026-06-08,BAU,SO OLIVE 1L,jivo-soolive-oil-1l-1l,amazon-fresh,B0DC6JR4F3,289,279,257,279,true,BELOW,-10,-3.46,62,325,325
2026-06-08,BAU,SO OLIVE 1L + 1L,,amazon-fresh,,569,,,,false,NOT_LISTED,,,0,650,
2026-06-08,BAU,SO OLIVE 5L,,amazon-fresh,,1419,,,,false,NOT_LISTED,,,0,1625,
2026-06-08,BAU,SODA 750ML,,amazon-fresh,,15,,,,false,NOT_LISTED,,,0,30,
2026-06-08,BAU,SODA LEMON 750ML,,amazon-fresh,,45,,,,false,NOT_LISTED,,,0,55,
2026-06-08,BAU,SOYABEAN 1L,jivo-cooking-edible-soyabean-oil-1-litre-1l,amazon-fresh,B0B6HNNL5B,209,199,199,225,true,BELOW,-10,-4.78,46,225,225
2026-06-08,BAU,SOYABEAN 1L + 1L,,amazon-fresh,,409,,,,false,NOT_LISTED,,,0,1100,
2026-06-08,BAU,SOYABEAN 1L POUCH,,amazon-fresh,,209,,,,false,NOT_LISTED,,,0,199,
2026-06-08,BAU,SOYABEAN 5L,,amazon-fresh,,999,,,,false,NOT_LISTED,,,0,1100,
2026-06-08,BAU,SPRING WATER 750ML,,amazon-fresh,,50,,,,false,NOT_LISTED,,,0,55,
2026-06-08,BAU,SUNFLOWER 1L,jivo-cold-pressed-unrefined-sunflower-oil-1-litre-1l-b0b4sjtnf2,amazon-fresh,B0B4SJTNF2,229,207,177,207,true,BELOW,-22,-9.61,30,275,275
2026-06-08,BAU,SUNFLOWER 1L + 1L,,amazon-fresh,,449,,,,false,NOT_LISTED,,,0,550,
2026-06-08,BAU,SUNFLOWER 3L,,amazon-fresh,,679,,,,false,NOT_LISTED,,,0,825,
2026-06-08,BAU,SUNFLOWER 4L,,amazon-fresh,,909,,,,false,NOT_LISTED,,,0,1038,
2026-06-08,BAU,SUNFLOWER 5L,jivo-cold-pressed-unrefined-sunflower-oil-5-litres-5l,amazon-fresh,B0991VMDB1,1139,1049,949,1049,true,BELOW,-90,-7.9,67,1350,1350
2026-06-08,BAU,SUNFLOWER SEEDS 200G,,amazon-fresh,,139,,,,false,NOT_LISTED,,,0,299,
2026-06-08,BAU,SUNFLOWER SEEDS 400G,,amazon-fresh,,259,,,,false,NOT_LISTED,,,0,499,
2026-06-08,BAU,SUNFLOWER SEEDS 800G,,amazon-fresh,,389,,,,false,NOT_LISTED,,,0,899,
2026-06-08,BAU,WG MANGO JUICE 500ML,,amazon-fresh,,39,,,,false,NOT_LISTED,,,0,100,
2026-06-08,BAU,YELLOW MUSTARD 1L,jivo-first-pressed-yellow-mustard-oil-1-litre-1l,amazon-fresh,B0FF9P7XVX,269,259,259,259,true,BELOW,-10,-3.72,9,375,355
2026-06-08,BAU,YELLOW MUSTARD 1L + 1L,,amazon-fresh,,529,,,,false,NOT_LISTED,,,0,750,
2026-06-08,BAU,YELLOW MUSTARD 5L,,amazon-fresh,,1329,,,,false,NOT_LISTED,,,0,2000,
2026-06-08,BAU,A2 GHEE 1L,,amazon-now,,1409,,,,false,NOT_LISTED,,,0,4000,
2026-06-08,BAU,A2 GHEE 500ML,,amazon-now,,759,,,,false,NOT_LISTED,,,0,2200,
2026-06-08,BAU,BASIL SEEDS 200G,,amazon-now,,79,,,,false,NOT_LISTED,,,0,349,
2026-06-08,BAU,BASIL SEEDS 400G,,amazon-now,,189,,,,false,NOT_LISTED,,,0,599,
2026-06-08,BAU,BASIL SEEDS 800G,,amazon-now,,349,,,,false,NOT_LISTED,,,0,1099,
2026-06-08,BAU,BLACK CARDAMOM 100G,,amazon-now,,289,,,,false,NOT_LISTED,,,0,549,
2026-06-08,BAU,BLACK OLIVE 470G,,amazon-now,,249,,,,false,NOT_LISTED,,,0,399,
2026-06-08,BAU,BLACK PEPPER 100G,,amazon-now,,145,,,,false,NOT_LISTED,,,0,399,
2026-06-08,BAU,CANOLA 1+1L,,amazon-now,B0152TWWSQ,529,,,,false,OOS,,,0,750,
2026-06-08,BAU,CANOLA 1L,jivo-canola-cold-pressed-edible-oil-1-litre-cooking-oil-for-daily-use-ideal-for-roasting-frying-baking-all-types-of-cuisines-1l,amazon-now,B09MJ6QDX7,269,259,255,260,true,BELOW,-10,-3.72,67,375,375
2026-06-08,BAU,CANOLA 1L + 1L,,amazon-now,,529,,,,false,NOT_LISTED,,,0,750,
2026-06-08,BAU,CANOLA 1L POUCH,,amazon-now,,269,,,,false,NOT_LISTED,,,0,299,
2026-06-08,BAU,CANOLA 3L,,amazon-now,,799,,,,false,NOT_LISTED,,,0,690,
2026-06-08,BAU,CANOLA 4L,,amazon-now,,1189,,,,false,NOT_LISTED,,,0,1199,
2026-06-08,BAU,CANOLA 5L,jivo-cold-pressed-canola-oil-5-litre-5l,amazon-now,B077ZN4G28,1299,1193,1193,1249,true,BELOW,-106,-8.16,60,1650,1650
2026-06-08,BAU,CHIA SEEDS 200G,,amazon-now,,99,,,,false,NOT_LISTED,,,0,299,
2026-06-08,BAU,CHIA SEEDS 400G,,amazon-now,,209,,,,false,NOT_LISTED,,,0,599,
2026-06-08,BAU,CHIA SEEDS 800G,,amazon-now,,349,,,,false,NOT_LISTED,,,0,899,
2026-06-08,BAU,CINNAMON BARK 100G,,amazon-now,,99,,,,false,NOT_LISTED,,,0,299,
2026-06-08,BAU,CLOVE 100G,,amazon-now,,249,,,,false,NOT_LISTED,,,0,280,
2026-06-08,BAU,COCONUT 1L,jivo-pure-extra-virgin-coconut-oil-1-litre-1l,amazon-now,B0BZ8K3DQP,559,539,539,539,true,BELOW,-20,-3.58,28,700,700
2026-06-08,BAU,COCONUT 200ML,,amazon-now,,149,,,,false,NOT_LISTED,,,0,285,
2026-06-08,BAU,COCONUT 500ML,,amazon-now,,289,,,,false,NOT_LISTED,,,0,695,
2026-06-08,BAU,COFFEE,,amazon-now,,249,,,,false,NOT_LISTED,,,0,350,
2026-06-08,BAU,CUMIN SEEDS 100G,,amazon-now,,75,,,,false,NOT_LISTED,,,0,249,
2026-06-08,BAU,EXTRA LIGHT 1+1L,,amazon-now,,1229,,,,false,NOT_LISTED,,,0,2798,
2026-06-08,BAU,EXTRA LIGHT 1L,jivo-extra-light-olive-oil-1-litre-1l,amazon-now,B09HZY97FR,619,499,499,499,true,BELOW,-120,-19.39,8,1499,1499
2026-06-08,BAU,EXTRA LIGHT 2L,jivo-extra-light-olive-oil-2-litre-2l,amazon-now,B09NXCPZW1,1229,1135,1135,1189,true,BELOW,-94,-7.65,70,2799,2799
2026-06-08,BAU,EXTRA LIGHT 3L,,amazon-now,,1849,,,,false,NOT_LISTED,,,0,2200,
2026-06-08,BAU,EXTRA LIGHT 500ML,,amazon-now,,349,,,,false,NOT_LISTED,,,0,499,
2026-06-08,BAU,EXTRA LIGHT 5L,,amazon-now,,3069,,,,false,NOT_LISTED,,,0,6499,
2026-06-08,BAU,EXTRA VIRGIN 1L,jivo-extra-virgin-olive-oil-1-litre-1l,amazon-now,B093BMGPQC,809,789,765,789,true,BELOW,-20,-2.47,57,1499,1799
2026-06-08,BAU,EXTRA VIRGIN 1L + 1L,,amazon-now,,1609,,,,false,NOT_LISTED,,,0,2998,
2026-06-08,BAU,EXTRA VIRGIN 200ML,,amazon-now,,199,,,,false,NOT_LISTED,,,0,350,
2026-06-08,BAU,EXTRA VIRGIN 250ML,,amazon-now,,219,,,,false,NOT_LISTED,,,0,450,
2026-06-08,BAU,EXTRA VIRGIN 2L,,amazon-now,,1619,,,,false,NOT_LISTED,,,0,2700,
2026-06-08,BAU,EXTRA VIRGIN 3L,,amazon-now,,2429,,,,false,NOT_LISTED,,,0,4000,
2026-06-08,BAU,EXTRA VIRGIN 500ML,,amazon-now,,419,,,,false,NOT_LISTED,,,0,675,
2026-06-08,BAU,EXTRA VIRGIN 5L,,amazon-now,,4039,,,,false,NOT_LISTED,,,0,7999,
2026-06-08,BAU,FLAX SEEDS 200G,,amazon-now,,99,,,,false,NOT_LISTED,,,0,249,
2026-06-08,BAU,FLAX SEEDS 400G,,amazon-now,,189,,,,false,NOT_LISTED,,,0,399,
2026-06-08,BAU,FLAX SEEDS 800G,,amazon-now,,369,,,,false,NOT_LISTED,,,0,750,
2026-06-08,BAU,GINGER ALE 200ML,,amazon-now,,49,,,,false,NOT_LISTED,,,0,100,
2026-06-08,BAU,GOLD 1+1,,amazon-now,,389,,,,false,NOT_LISTED,,,0,450,
2026-06-08,BAU,GOLD 1L,,amazon-now,,199,,,,false,NOT_LISTED,,,0,225,
2026-06-08,BAU,GOLD 5L,jivo-gold-refined-oil-perfect-blend-of-rice-bran-sunflower-oil-5l,amazon-now,B0C9Q1S6QG,989,909,909,909,true,BELOW,-80,-8.09,13,1049,1050
2026-06-08,BAU,GREEN CARDAMOM 100G,,amazon-now,,499,,,,false,NOT_LISTED,,,0,799,
2026-06-08,BAU,GROUNDNUT 1L,jivo-cold-pressed-groundnut-oil-1-litre-1l,amazon-now,B0CKFFW9B6,259,193,193,193,true,BELOW,-66,-25.48,1,400,560
2026-06-08,BAU,GROUNDNUT 5L,jivo-cold-pressed-groundnut-oil-5-litre-5l,amazon-now,B0CKFFGC31,1269,1074,1074,1127,true,BELOW,-195,-15.37,37,2800,2800
2026-06-08,BAU,JIVO POMACE 1L,jivo-daily-cooking-pomace-olive-oil-1-litre-1l,amazon-now,B0821DNF2W,439,379,379,429,true,BELOW,-60,-13.67,56,1049,1049
2026-06-08,BAU,JIVO POMACE 1L + 1L,,amazon-now,,869,,,,false,NOT_LISTED,,,0,2098,
2026-06-08,BAU,JIVO POMACE 2L,,amazon-now,,869,,,,false,NOT_LISTED,,,0,1600,
2026-06-08,BAU,JIVO POMACE 5L,jivo-pomace-olive-oil-5-litre-tin-for-everyday-cooking-5l,amazon-now,B07X53ZL6J,2169,1950,1950,2119,true,BELOW,-219,-10.1,86,4999,4999
2026-06-08,BAU,JIVO PUNJABI SHIKANJI 160 MLS,,amazon-now,,219,,,,false,NOT_LISTED,,,0,480,
2026-06-08,BAU,JIVO WATER 1L,,amazon-now,,20,,,,false,NOT_LISTED,,,0,30,
2026-06-08,BAU,JIVO WATER 250ML,,amazon-now,,119,,,,false,NOT_LISTED,,,0,360,
2026-06-08,BAU,JIVO WATER 500 MLS,,amazon-now,,12,,,,false,NOT_LISTED,,,0,15,
2026-06-08,BAU,MUSTARD 1L,jivo-cold-pressed-kachi-ghani-chemical-free-mustard-daily-cooking-oil-1-litre-1l,amazon-now,B09NYCSQLF,219,181,176,190,true,BELOW,-38,-17.35,8,255,255
2026-06-08,BAU,MUSTARD 1L + 1L,,amazon-now,,429,,,,false,NOT_LISTED,,,0,500,
2026-06-08,BAU,MUSTARD 1L POUCH,,amazon-now,,219,,,,false,NOT_LISTED,,,0,250,
2026-06-08,BAU,MUSTARD 3L,,amazon-now,,629,,,,false,NOT_LISTED,,,0,765,
2026-06-08,BAU,MUSTARD 4L,,amazon-now,,839,,,,false,NOT_LISTED,,,0,1000,
2026-06-08,BAU,MUSTARD 5L,jivo-premium-cold-pressed-kachi-ghani-mustard-oil-5-litre-5l,amazon-now,B091XPD9J3,1049,960,960,999,true,BELOW,-89,-8.48,50,1250,1250
2026-06-08,BAU,POMACE 3L,,amazon-now,,1309,,,,false,NOT_LISTED,,,0,3050,
2026-06-08,BAU,PUMPKIN SEEDS 200G,,amazon-now,,209,,,,false,NOT_LISTED,,,0,399,
2026-06-08,BAU,PUMPKIN SEEDS 400G,,amazon-now,,399,,,,false,NOT_LISTED,,,0,699,
2026-06-08,BAU,PUMPKIN SEEDS 800G,,amazon-now,,789,,,,false,NOT_LISTED,,,0,1299,
2026-06-08,BAU,PUNJABI JEERA 160ML,,amazon-now,,219,,,,false,NOT_LISTED,,,0,360,
2026-06-08,BAU,QUINOA SEEDS 200G,,amazon-now,,119,,,,false,NOT_LISTED,,,0,199,
2026-06-08,BAU,QUINOA SEEDS 400G,,amazon-now,,179,,,,false,NOT_LISTED,,,0,299,
2026-06-08,BAU,QUINOA SEEDS 800G,,amazon-now,,259,,,,false,NOT_LISTED,,,0,399,
2026-06-08,BAU,RICE BRAN 1L,jivo-rice-bran-oil-1-litre-cooking-oil-1l,amazon-now,B0DBHQ2QWW,199,189,178,189,true,BELOW,-10,-5.03,14,285,285
2026-06-08,BAU,RICE BRAN 1L + 1L,,amazon-now,,389,,,,false,NOT_LISTED,,,0,570,
2026-06-08,BAU,RICE BRAN 4L,,amazon-now,,759,,,,false,NOT_LISTED,,,0,1140,
2026-06-08,BAU,RICE BRAN 5L,jivo-rice-bran-oil-5-litre-5l,amazon-now,B0DBJ13FKL,959,909,909,909,true,BELOW,-50,-5.21,17,1425,1425
2026-06-08,BAU,ROSEMARY LEAVES 150 GMS,,amazon-now,,179,,,,false,NOT_LISTED,,,0,499,
2026-06-08,BAU,SAFFRON 1GMS,,amazon-now,,449,,,,false,NOT_LISTED,,,0,899,
2026-06-08,BAU,SANO CANOLA 1L,,amazon-now,,259,,,,false,NOT_LISTED,,,0,475,
2026-06-08,BAU,SANO CANOLA 5L,,amazon-now,,1249,,,,false,NOT_LISTED,,,0,1950,
2026-06-08,BAU,SANO CLASSIC 1L,,amazon-now,,589,,,,false,NOT_LISTED,,,0,1399,
2026-06-08,BAU,SANO CLASSIC 5L,,amazon-now,,2709,,,,false,NOT_LISTED,,,0,6499,
2026-06-08,BAU,SANO MUSTARD 1L,,amazon-now,,209,,,,false,NOT_LISTED,,,0,235,
2026-06-08,BAU,SANO MUSTARD 5L,,amazon-now,,999,,,,false,NOT_LISTED,,,0,1200,
2026-06-08,BAU,SANO POMACE 1L,,amazon-now,,419,,,,false,NOT_LISTED,,,0,999,
2026-06-08,BAU,SANO POMACE 5L,,amazon-now,,2069,,,,false,NOT_LISTED,,,0,4499,
2026-06-08,BAU,SANO SOYABEAN 1L,,amazon-now,,199,,,,false,NOT_LISTED,,,0,225,
2026-06-08,BAU,SANO SOYABEAN 5L,,amazon-now,,949,,,,false,NOT_LISTED,,,0,1450,
2026-06-08,BAU,SANO SUNFLOWER 1L,,amazon-now,,219,,,,false,NOT_LISTED,,,0,280,
2026-06-08,BAU,SANO SUNFLOWER 5L,,amazon-now,,1069,,,,false,NOT_LISTED,,,0,1475,
2026-06-08,BAU,SESAME 1L + 1L,,amazon-now,,689,,,,false,NOT_LISTED,,,0,1200,
2026-06-08,BAU,SESAME OIL 1L,,amazon-now,,349,,,,false,NOT_LISTED,,,0,600,
2026-06-08,BAU,SO OLIVE 1L,,amazon-now,,289,,,,false,NOT_LISTED,,,0,325,
2026-06-08,BAU,SO OLIVE 1L + 1L,,amazon-now,,569,,,,false,NOT_LISTED,,,0,650,
2026-06-08,BAU,SO OLIVE 5L,,amazon-now,,1419,,,,false,NOT_LISTED,,,0,1625,
2026-06-08,BAU,SODA 750ML,,amazon-now,,15,,,,false,NOT_LISTED,,,0,30,
2026-06-08,BAU,SODA LEMON 750ML,,amazon-now,,45,,,,false,NOT_LISTED,,,0,55,
2026-06-08,BAU,SOYABEAN 1L,jivo-cooking-edible-soyabean-oil-1-litre-1l,amazon-now,B0B6HNNL5B,209,199,199,225,true,BELOW,-10,-4.78,19,225,225
2026-06-08,BAU,SOYABEAN 1L + 1L,,amazon-now,,409,,,,false,NOT_LISTED,,,0,1100,
2026-06-08,BAU,SOYABEAN 1L POUCH,,amazon-now,,209,,,,false,NOT_LISTED,,,0,199,
2026-06-08,BAU,SOYABEAN 5L,,amazon-now,,999,,,,false,NOT_LISTED,,,0,1100,
2026-06-08,BAU,SPRING WATER 750ML,,amazon-now,,50,,,,false,NOT_LISTED,,,0,55,
2026-06-08,BAU,SUNFLOWER 1L,jivo-cold-pressed-unrefined-sunflower-oil-1-litre-1l,amazon-now,B0B4SJTNF2,229,177,177,192,true,BELOW,-52,-22.71,10,275,275
2026-06-08,BAU,SUNFLOWER 1L + 1L,,amazon-now,,449,,,,false,NOT_LISTED,,,0,550,
2026-06-08,BAU,SUNFLOWER 3L,,amazon-now,,679,,,,false,NOT_LISTED,,,0,825,
2026-06-08,BAU,SUNFLOWER 4L,,amazon-now,,909,,,,false,NOT_LISTED,,,0,1038,
2026-06-08,BAU,SUNFLOWER 5L,jivo-cold-pressed-unrefined-sunflower-oil-5-litres-5l,amazon-now,B0991VMDB1,1139,1049,949,1049,true,BELOW,-90,-7.9,42,1350,1350
2026-06-08,BAU,SUNFLOWER SEEDS 200G,,amazon-now,,139,,,,false,NOT_LISTED,,,0,299,
2026-06-08,BAU,SUNFLOWER SEEDS 400G,,amazon-now,,259,,,,false,NOT_LISTED,,,0,499,
2026-06-08,BAU,SUNFLOWER SEEDS 800G,,amazon-now,,389,,,,false,NOT_LISTED,,,0,899,
2026-06-08,BAU,WG MANGO JUICE 500ML,jivo-healthy-wheatgrass-juice-with-mango-flavor-body-detox-immunity-booster-natural-ingredients-500ml-mango-500ml,amazon-now,B0DM2G4YCC,39,35,35,35,true,BELOW,-4,-10.26,9,100,100
2026-06-08,BAU,YELLOW MUSTARD 1L,jivo-first-pressed-yellow-mustard-oil-1-litre-1l,amazon-now,B0FF9P7XVX,269,259,259,259,true,BELOW,-10,-3.72,8,375,355
2026-06-08,BAU,YELLOW MUSTARD 1L + 1L,,amazon-now,,529,,,,false,NOT_LISTED,,,0,750,
2026-06-08,BAU,YELLOW MUSTARD 5L,,amazon-now,,1329,,,,false,NOT_LISTED,,,0,2000,
2026-06-08,BAU,A2 GHEE 1L,,flipkart-minutes,,1409,,,,false,NOT_LISTED,,,0,4000,
2026-06-08,BAU,A2 GHEE 500ML,,flipkart-minutes,,759,,,,false,NOT_LISTED,,,0,2200,
2026-06-08,BAU,BASIL SEEDS 200G,,flipkart-minutes,,79,,,,false,NOT_LISTED,,,0,349,
2026-06-08,BAU,BASIL SEEDS 400G,,flipkart-minutes,,189,,,,false,NOT_LISTED,,,0,599,
2026-06-08,BAU,BASIL SEEDS 800G,,flipkart-minutes,,349,,,,false,NOT_LISTED,,,0,1099,
2026-06-08,BAU,BLACK CARDAMOM 100G,,flipkart-minutes,,289,,,,false,NOT_LISTED,,,0,549,
2026-06-08,BAU,BLACK OLIVE 470G,,flipkart-minutes,,249,,,,false,NOT_LISTED,,,0,399,
2026-06-08,BAU,BLACK PEPPER 100G,,flipkart-minutes,,145,,,,false,NOT_LISTED,,,0,399,
2026-06-08,BAU,CANOLA 1+1L,jivo-cold-press-combo-canola-oil-plastic-bottle-2l,flipkart-minutes,EDOF25FJGBH5EDS3,529,575,575,575,true,ABOVE,46,8.7,0,750,
2026-06-08,BAU,CANOLA 1L,jivo-cold-press-canola-oil-plastic-bottle-1l,flipkart-minutes,EDOG9BP8GEWFW9XC,269,260,244,271,true,BELOW,-9,-3.35,32,375,375
2026-06-08,BAU,CANOLA 1L + 1L,,flipkart-minutes,,529,,,,false,NOT_LISTED,,,0,750,
2026-06-08,BAU,CANOLA 1L POUCH,,flipkart-minutes,,269,,,,false,NOT_LISTED,,,0,299,
2026-06-08,BAU,CANOLA 3L,,flipkart-minutes,,799,,,,false,NOT_LISTED,,,0,690,
2026-06-08,BAU,CANOLA 4L,,flipkart-minutes,,1189,,,,false,NOT_LISTED,,,0,1199,
2026-06-08,BAU,CANOLA 5L,,flipkart-minutes,,1299,,,,false,NOT_LISTED,,,0,1650,
2026-06-08,BAU,CHIA SEEDS 200G,,flipkart-minutes,,99,,,,false,NOT_LISTED,,,0,299,
2026-06-08,BAU,CHIA SEEDS 400G,,flipkart-minutes,,209,,,,false,NOT_LISTED,,,0,599,
2026-06-08,BAU,CHIA SEEDS 800G,,flipkart-minutes,,349,,,,false,NOT_LISTED,,,0,899,
2026-06-08,BAU,CINNAMON BARK 100G,,flipkart-minutes,,99,,,,false,NOT_LISTED,,,0,299,
2026-06-08,BAU,CLOVE 100G,,flipkart-minutes,,249,,,,false,NOT_LISTED,,,0,280,
2026-06-08,BAU,COCONUT 1L,,flipkart-minutes,,559,,,,false,NOT_LISTED,,,0,700,
2026-06-08,BAU,COCONUT 200ML,,flipkart-minutes,,149,,,,false,NOT_LISTED,,,0,285,
2026-06-08,BAU,COCONUT 500ML,,flipkart-minutes,,289,,,,false,NOT_LISTED,,,0,695,
2026-06-08,BAU,COFFEE,,flipkart-minutes,,249,,,,false,NOT_LISTED,,,0,350,
2026-06-08,BAU,CUMIN SEEDS 100G,,flipkart-minutes,,75,,,,false,NOT_LISTED,,,0,249,
2026-06-08,BAU,EXTRA LIGHT 1+1L,,flipkart-minutes,,1229,,,,false,NOT_LISTED,,,0,2798,
2026-06-08,BAU,EXTRA LIGHT 1L,,flipkart-minutes,,619,,,,false,NOT_LISTED,,,0,1499,
2026-06-08,BAU,EXTRA LIGHT 2L,jivo-extra-light-olive-oil-can-2l,flipkart-minutes,EDOGHZTJZEYQJGME,1229,1903,1903,2084,true,ABOVE,674,54.84,0,2799,2799
2026-06-08,BAU,EXTRA LIGHT 3L,,flipkart-minutes,,1849,,,,false,NOT_LISTED,,,0,2200,
2026-06-08,BAU,EXTRA LIGHT 500ML,,flipkart-minutes,,349,,,,false,NOT_LISTED,,,0,499,
2026-06-08,BAU,EXTRA LIGHT 5L,,flipkart-minutes,,3069,,,,false,NOT_LISTED,,,0,6499,
2026-06-08,BAU,EXTRA VIRGIN 1L,,flipkart-minutes,,809,,,,false,NOT_LISTED,,,0,1499,
2026-06-08,BAU,EXTRA VIRGIN 1L + 1L,,flipkart-minutes,,1609,,,,false,NOT_LISTED,,,0,2998,
2026-06-08,BAU,EXTRA VIRGIN 200ML,,flipkart-minutes,,199,,,,false,NOT_LISTED,,,0,350,
2026-06-08,BAU,EXTRA VIRGIN 250ML,,flipkart-minutes,,219,,,,false,NOT_LISTED,,,0,450,
2026-06-08,BAU,EXTRA VIRGIN 2L,,flipkart-minutes,,1619,,,,false,NOT_LISTED,,,0,2700,
2026-06-08,BAU,EXTRA VIRGIN 3L,,flipkart-minutes,,2429,,,,false,NOT_LISTED,,,0,4000,
2026-06-08,BAU,EXTRA VIRGIN 500ML,,flipkart-minutes,,419,,,,false,NOT_LISTED,,,0,675,
2026-06-08,BAU,EXTRA VIRGIN 5L,,flipkart-minutes,,4039,,,,false,NOT_LISTED,,,0,7999,
2026-06-08,BAU,FLAX SEEDS 200G,,flipkart-minutes,,99,,,,false,NOT_LISTED,,,0,249,
2026-06-08,BAU,FLAX SEEDS 400G,,flipkart-minutes,,189,,,,false,NOT_LISTED,,,0,399,
2026-06-08,BAU,FLAX SEEDS 800G,,flipkart-minutes,,369,,,,false,NOT_LISTED,,,0,750,
2026-06-08,BAU,GINGER ALE 200ML,,flipkart-minutes,,49,,,,false,NOT_LISTED,,,0,100,
2026-06-08,BAU,GOLD 1+1,,flipkart-minutes,,389,,,,false,NOT_LISTED,,,0,450,
2026-06-08,BAU,GOLD 1L,,flipkart-minutes,,199,,,,false,NOT_LISTED,,,0,225,
2026-06-08,BAU,GOLD 5L,,flipkart-minutes,,989,,,,false,NOT_LISTED,,,0,1049,
2026-06-08,BAU,GREEN CARDAMOM 100G,,flipkart-minutes,,499,,,,false,NOT_LISTED,,,0,799,
2026-06-08,BAU,GROUNDNUT 1L,,flipkart-minutes,,259,,,,false,NOT_LISTED,,,0,400,
2026-06-08,BAU,GROUNDNUT 5L,,flipkart-minutes,,1269,,,,false,NOT_LISTED,,,0,2800,
2026-06-08,BAU,JIVO POMACE 1L,jivo-pomace-olive-oil-plastic-bottle-1l,flipkart-minutes,EDOFTHNH4YZ7GDHS,439,379,379,411,true,BELOW,-60,-13.67,7,1049,1049
2026-06-08,BAU,JIVO POMACE 1L + 1L,,flipkart-minutes,,869,,,,false,NOT_LISTED,,,0,2098,
2026-06-08,BAU,JIVO POMACE 2L,,flipkart-minutes,,869,,,,false,NOT_LISTED,,,0,1600,
2026-06-08,BAU,JIVO POMACE 5L,jivo-pomace-olive-oil-tin-5l,flipkart-minutes,EDOFTHNH3T8PATGW,2169,2049,2049,2049,true,BELOW,-120,-5.53,9,4999,4999
2026-06-08,BAU,JIVO PUNJABI SHIKANJI 160 MLS,,flipkart-minutes,,219,,,,false,NOT_LISTED,,,0,480,
2026-06-08,BAU,JIVO WATER 1L,jivo-mineral-water-1l,flipkart-minutes,WERH9M3VYW6X5KSX,20,24,24,24,true,ABOVE,4,20,0,30,30
2026-06-08,BAU,JIVO WATER 250ML,,flipkart-minutes,,119,,,,false,NOT_LISTED,,,0,360,
2026-06-08,BAU,JIVO WATER 500 MLS,,flipkart-minutes,,12,,,,false,NOT_LISTED,,,0,15,
2026-06-08,BAU,MUSTARD 1L,jivo-cold-pressed-pure-cooking-mustard-oil-plastic-bottle-1l,flipkart-minutes,EDOGDVWYGJNDYRQP,219,171,171,171,true,BELOW,-48,-21.92,44,255,255
2026-06-08,BAU,MUSTARD 1L + 1L,,flipkart-minutes,,429,,,,false,NOT_LISTED,,,0,500,
2026-06-08,BAU,MUSTARD 1L POUCH,,flipkart-minutes,,219,,,,false,NOT_LISTED,,,0,250,
2026-06-08,BAU,MUSTARD 3L,,flipkart-minutes,,629,,,,false,NOT_LISTED,,,0,765,
2026-06-08,BAU,MUSTARD 4L,,flipkart-minutes,EDOHAUNQSDFDYPFC,839,,,,false,OOS,,,0,1000,
2026-06-08,BAU,MUSTARD 5L,jivo-cold-pressed-pure-cooking-mustard-oil-can-5l,flipkart-minutes,EDOGDVWEUPPWVGED,1049,960,960,960,true,BELOW,-89,-8.48,22,1250,1250
2026-06-08,BAU,POMACE 3L,,flipkart-minutes,,1309,,,,false,NOT_LISTED,,,0,3050,
2026-06-08,BAU,PUMPKIN SEEDS 200G,,flipkart-minutes,,209,,,,false,NOT_LISTED,,,0,399,
2026-06-08,BAU,PUMPKIN SEEDS 400G,,flipkart-minutes,,399,,,,false,NOT_LISTED,,,0,699,
2026-06-08,BAU,PUMPKIN SEEDS 800G,,flipkart-minutes,,789,,,,false,NOT_LISTED,,,0,1299,
2026-06-08,BAU,PUNJABI JEERA 160ML,,flipkart-minutes,,219,,,,false,NOT_LISTED,,,0,360,
2026-06-08,BAU,QUINOA SEEDS 200G,,flipkart-minutes,,119,,,,false,NOT_LISTED,,,0,199,
2026-06-08,BAU,QUINOA SEEDS 400G,,flipkart-minutes,,179,,,,false,NOT_LISTED,,,0,299,
2026-06-08,BAU,QUINOA SEEDS 800G,,flipkart-minutes,,259,,,,false,NOT_LISTED,,,0,399,
2026-06-08,BAU,RICE BRAN 1L,,flipkart-minutes,,199,,,,false,NOT_LISTED,,,0,285,
2026-06-08,BAU,RICE BRAN 1L + 1L,,flipkart-minutes,,389,,,,false,NOT_LISTED,,,0,570,
2026-06-08,BAU,RICE BRAN 4L,,flipkart-minutes,,759,,,,false,NOT_LISTED,,,0,1140,
2026-06-08,BAU,RICE BRAN 5L,,flipkart-minutes,,959,,,,false,NOT_LISTED,,,0,1425,
2026-06-08,BAU,ROSEMARY LEAVES 150 GMS,,flipkart-minutes,,179,,,,false,NOT_LISTED,,,0,499,
2026-06-08,BAU,SAFFRON 1GMS,,flipkart-minutes,,449,,,,false,NOT_LISTED,,,0,899,
2026-06-08,BAU,SANO CANOLA 1L,,flipkart-minutes,,259,,,,false,NOT_LISTED,,,0,475,
2026-06-08,BAU,SANO CANOLA 5L,,flipkart-minutes,,1249,,,,false,NOT_LISTED,,,0,1950,
2026-06-08,BAU,SANO CLASSIC 1L,,flipkart-minutes,,589,,,,false,NOT_LISTED,,,0,1399,
2026-06-08,BAU,SANO CLASSIC 5L,,flipkart-minutes,,2709,,,,false,NOT_LISTED,,,0,6499,
2026-06-08,BAU,SANO MUSTARD 1L,,flipkart-minutes,,209,,,,false,NOT_LISTED,,,0,235,
2026-06-08,BAU,SANO MUSTARD 5L,,flipkart-minutes,,999,,,,false,NOT_LISTED,,,0,1200,
2026-06-08,BAU,SANO POMACE 1L,,flipkart-minutes,,419,,,,false,NOT_LISTED,,,0,999,
2026-06-08,BAU,SANO POMACE 5L,,flipkart-minutes,,2069,,,,false,NOT_LISTED,,,0,4499,
2026-06-08,BAU,SANO SOYABEAN 1L,,flipkart-minutes,,199,,,,false,NOT_LISTED,,,0,225,
2026-06-08,BAU,SANO SOYABEAN 5L,,flipkart-minutes,,949,,,,false,NOT_LISTED,,,0,1450,
2026-06-08,BAU,SANO SUNFLOWER 1L,,flipkart-minutes,,219,,,,false,NOT_LISTED,,,0,280,
2026-06-08,BAU,SANO SUNFLOWER 5L,,flipkart-minutes,,1069,,,,false,NOT_LISTED,,,0,1475,
2026-06-08,BAU,SESAME 1L + 1L,,flipkart-minutes,,689,,,,false,NOT_LISTED,,,0,1200,
2026-06-08,BAU,SESAME OIL 1L,,flipkart-minutes,,349,,,,false,NOT_LISTED,,,0,600,
2026-06-08,BAU,SO OLIVE 1L,,flipkart-minutes,,289,,,,false,NOT_LISTED,,,0,325,
2026-06-08,BAU,SO OLIVE 1L + 1L,,flipkart-minutes,,569,,,,false,NOT_LISTED,,,0,650,
2026-06-08,BAU,SO OLIVE 5L,,flipkart-minutes,,1419,,,,false,NOT_LISTED,,,0,1625,
2026-06-08,BAU,SODA 750ML,,flipkart-minutes,,15,,,,false,NOT_LISTED,,,0,30,
2026-06-08,BAU,SODA LEMON 750ML,,flipkart-minutes,,45,,,,false,NOT_LISTED,,,0,55,
2026-06-08,BAU,SOYABEAN 1L,,flipkart-minutes,,209,,,,false,NOT_LISTED,,,0,225,
2026-06-08,BAU,SOYABEAN 1L + 1L,,flipkart-minutes,,409,,,,false,NOT_LISTED,,,0,1100,
2026-06-08,BAU,SOYABEAN 1L POUCH,jivo-soybean-oil-soyabean-oil-pouch-1l,flipkart-minutes,EDOGPX8ZD2ZYPH6U,209,170,170,170,true,BELOW,-39,-18.66,4,199,199
2026-06-08,BAU,SOYABEAN 5L,,flipkart-minutes,,999,,,,false,NOT_LISTED,,,0,1100,
2026-06-08,BAU,SPRING WATER 750ML,,flipkart-minutes,,50,,,,false,NOT_LISTED,,,0,55,
2026-06-08,BAU,SUNFLOWER 1L,,flipkart-minutes,,229,,,,false,NOT_LISTED,,,0,275,
2026-06-08,BAU,SUNFLOWER 1L + 1L,,flipkart-minutes,,449,,,,false,NOT_LISTED,,,0,550,
2026-06-08,BAU,SUNFLOWER 3L,,flipkart-minutes,,679,,,,false,NOT_LISTED,,,0,825,
2026-06-08,BAU,SUNFLOWER 4L,,flipkart-minutes,,909,,,,false,NOT_LISTED,,,0,1038,
2026-06-08,BAU,SUNFLOWER 5L,,flipkart-minutes,,1139,,,,false,NOT_LISTED,,,0,1350,
2026-06-08,BAU,SUNFLOWER SEEDS 200G,,flipkart-minutes,,139,,,,false,NOT_LISTED,,,0,299,
2026-06-08,BAU,SUNFLOWER SEEDS 400G,,flipkart-minutes,,259,,,,false,NOT_LISTED,,,0,499,
2026-06-08,BAU,SUNFLOWER SEEDS 800G,,flipkart-minutes,,389,,,,false,NOT_LISTED,,,0,899,
2026-06-08,BAU,WG MANGO JUICE 500ML,,flipkart-minutes,,39,,,,false,NOT_LISTED,,,0,100,
2026-06-08,BAU,YELLOW MUSTARD 1L,,flipkart-minutes,,269,,,,false,NOT_LISTED,,,0,375,
2026-06-08,BAU,YELLOW MUSTARD 1L + 1L,,flipkart-minutes,,529,,,,false,NOT_LISTED,,,0,750,
2026-06-08,BAU,YELLOW MUSTARD 5L,,flipkart-minutes,,1329,,,,false,NOT_LISTED,,,0,2000,
2026-06-08,BAU,A2 GHEE 1L,,zepto,,1409,,,,false,NOT_LISTED,,,0,4000,
2026-06-08,BAU,A2 GHEE 500ML,,zepto,,759,,,,false,NOT_LISTED,,,0,2200,
2026-06-08,BAU,BASIL SEEDS 200G,,zepto,,79,,,,false,NOT_LISTED,,,0,349,
2026-06-08,BAU,BASIL SEEDS 400G,,zepto,,189,,,,false,NOT_LISTED,,,0,599,
2026-06-08,BAU,BASIL SEEDS 800G,,zepto,,349,,,,false,NOT_LISTED,,,0,1099,
2026-06-08,BAU,BLACK CARDAMOM 100G,,zepto,,289,,,,false,NOT_LISTED,,,0,549,
2026-06-08,BAU,BLACK OLIVE 470G,,zepto,,249,,,,false,NOT_LISTED,,,0,399,
2026-06-08,BAU,BLACK PEPPER 100G,,zepto,,145,,,,false,NOT_LISTED,,,0,399,
2026-06-08,BAU,CANOLA 1+1L,jivo-cold-press-canola-oil-combo-bottle-2l,zepto,50b56b7f-3d9f-45c7-8161-c2327e8db652,529,485,485,520,true,BELOW,-44,-8.32,21,750,750
2026-06-08,BAU,CANOLA 1L,,zepto,,269,,,,false,NOT_LISTED,,,0,375,
2026-06-08,BAU,CANOLA 1L + 1L,,zepto,,529,,,,false,NOT_LISTED,,,0,750,
2026-06-08,BAU,CANOLA 1L POUCH,,zepto,,269,,,,false,NOT_LISTED,,,0,299,
2026-06-08,BAU,CANOLA 3L,,zepto,,799,,,,false,NOT_LISTED,,,0,690,
2026-06-08,BAU,CANOLA 4L,,zepto,,1189,,,,false,NOT_LISTED,,,0,1199,
2026-06-08,BAU,CANOLA 5L,jivo-canola-cold-pressed-edible-oil-cooking-oil-5l,zepto,c935f17d-04d3-4785-b2dd-bd8e7c7ebcbe,1299,1193,1193,1617,true,BELOW,-106,-8.16,6,1650,1650
2026-06-08,BAU,CHIA SEEDS 200G,,zepto,,99,,,,false,NOT_LISTED,,,0,299,
2026-06-08,BAU,CHIA SEEDS 400G,,zepto,,209,,,,false,NOT_LISTED,,,0,599,
2026-06-08,BAU,CHIA SEEDS 800G,,zepto,,349,,,,false,NOT_LISTED,,,0,899,
2026-06-08,BAU,CINNAMON BARK 100G,,zepto,,99,,,,false,NOT_LISTED,,,0,299,
2026-06-08,BAU,CLOVE 100G,,zepto,,249,,,,false,NOT_LISTED,,,0,280,
2026-06-08,BAU,COCONUT 1L,,zepto,,559,,,,false,NOT_LISTED,,,0,700,
2026-06-08,BAU,COCONUT 200ML,,zepto,,149,,,,false,NOT_LISTED,,,0,285,
2026-06-08,BAU,COCONUT 500ML,,zepto,,289,,,,false,NOT_LISTED,,,0,695,
2026-06-08,BAU,COFFEE,,zepto,,249,,,,false,NOT_LISTED,,,0,350,
2026-06-08,BAU,CUMIN SEEDS 100G,,zepto,,75,,,,false,NOT_LISTED,,,0,249,
2026-06-08,BAU,EXTRA LIGHT 1+1L,jivo-extra-light-olive-oil-combo-2l,zepto,597fe027-2e19-4a49-bc07-76ef57295ad6,1229,,,,false,PENDING_REVIEW,,,0,2798,
2026-06-08,BAU,EXTRA LIGHT 1L,jivo-extra-light-olive-oil-1l,zepto,2300d5e1-ccd1-46ab-990d-aa7fee80bc5d,619,499,499,499,true,BELOW,-120,-19.39,42,1499,1499
2026-06-08,BAU,EXTRA LIGHT 2L,jivo-extra-light-olive-oil-2l,zepto,29e72c8c-7ff6-46e2-9721-ca4e9f612e98,1229,1135,1135,1135,true,BELOW,-94,-7.65,13,2799,2799
2026-06-08,BAU,EXTRA LIGHT 3L,,zepto,,1849,,,,false,NOT_LISTED,,,0,2200,
2026-06-08,BAU,EXTRA LIGHT 500ML,,zepto,,349,,,,false,NOT_LISTED,,,0,499,
2026-06-08,BAU,EXTRA LIGHT 5L,,zepto,,3069,,,,false,NOT_LISTED,,,0,6499,
2026-06-08,BAU,EXTRA VIRGIN 1L,jivo-extra-virgin-olive-oil-bottle-1l,zepto,5d186472-6fe2-4643-af2f-2f9cd773986d,809,934,934,934,true,ABOVE,125,15.45,0,1499,1799
2026-06-08,BAU,EXTRA VIRGIN 1L + 1L,,zepto,,1609,,,,false,NOT_LISTED,,,0,2998,
2026-06-08,BAU,EXTRA VIRGIN 200ML,,zepto,,199,,,,false,NOT_LISTED,,,0,350,
2026-06-08,BAU,EXTRA VIRGIN 250ML,,zepto,,219,,,,false,NOT_LISTED,,,0,450,
2026-06-08,BAU,EXTRA VIRGIN 2L,,zepto,,1619,,,,false,NOT_LISTED,,,0,2700,
2026-06-08,BAU,EXTRA VIRGIN 3L,,zepto,,2429,,,,false,NOT_LISTED,,,0,4000,
2026-06-08,BAU,EXTRA VIRGIN 500ML,,zepto,,419,,,,false,NOT_LISTED,,,0,675,
2026-06-08,BAU,EXTRA VIRGIN 5L,jivo-extra-virgin-cooking-olive-oil-5l,zepto,c80ef4de-b2c3-4fb4-984b-4cb29b33db33,4039,,,,false,OOS,,,0,7999,7999
2026-06-08,BAU,FLAX SEEDS 200G,,zepto,,99,,,,false,NOT_LISTED,,,0,249,
2026-06-08,BAU,FLAX SEEDS 400G,,zepto,,189,,,,false,NOT_LISTED,,,0,399,
2026-06-08,BAU,FLAX SEEDS 800G,,zepto,,369,,,,false,NOT_LISTED,,,0,750,
2026-06-08,BAU,GINGER ALE 200ML,,zepto,,49,,,,false,NOT_LISTED,,,0,100,
2026-06-08,BAU,GOLD 1+1,,zepto,,389,,,,false,NOT_LISTED,,,0,450,
2026-06-08,BAU,GOLD 1L,jivo-gold-refined-oil-blend-of-rice-bran-oil-and-sunflower-oil-1l,zepto,bc1af3d1-2a14-4296-b38e-e05ba43c3170,199,,,,false,OOS,,,0,225,225
2026-06-08,BAU,GOLD 5L,jivo-gold-refined-oil-blend-of-rice-bran-oil-and-sunflower-oil-5l,zepto,40bd2571-3734-4503-84b7-bbe87a3818c3,989,,,,false,OOS,,,0,1049,1050
2026-06-08,BAU,GREEN CARDAMOM 100G,,zepto,,499,,,,false,NOT_LISTED,,,0,799,
2026-06-08,BAU,GROUNDNUT 1L,jivo-groundnut-cold-pressed-oil-healthy-cooking-oil-1l,zepto,41367ef4-80d9-4819-bbae-d1806c184f5c,259,199,199,199,true,BELOW,-60,-23.17,35,400,560
2026-06-08,BAU,GROUNDNUT 5L,,zepto,,1269,,,,false,NOT_LISTED,,,0,2800,
2026-06-08,BAU,JIVO POMACE 1L,jivo-pomace-olive-oil-1l,zepto,ac9a7dd8-489b-4475-a14d-27ae393a5505,439,379,379,379,true,BELOW,-60,-13.67,38,1049,1049
2026-06-08,BAU,JIVO POMACE 1L + 1L,jivo-pomace-olive-oil-combo-2l,zepto,3d955a07-72db-4d1a-9d65-42c5a8dd0641,869,758,758,758,true,BELOW,-111,-12.77,18,2098,2098
2026-06-08,BAU,JIVO POMACE 2L,jivo-daily-pomace-olive-oil-2l,zepto,8eedf6ff-d36c-4313-88e4-6aa571372f46,869,959,959,959,true,ABOVE,90,10.36,0,1600,1449
2026-06-08,BAU,JIVO POMACE 5L,jivo-pomace-olive-oil-5l,zepto,a81945f0-43ac-4970-82b4-c6c8986ee9ae,2169,2474,2114,2474,true,ABOVE,305,14.06,30,4999,4999
2026-06-08,BAU,JIVO PUNJABI SHIKANJI 160 MLS,,zepto,,219,,,,false,NOT_LISTED,,,0,480,
2026-06-08,BAU,JIVO WATER 1L,,zepto,,20,,,,false,NOT_LISTED,,,0,30,
2026-06-08,BAU,JIVO WATER 250ML,,zepto,,119,,,,false,NOT_LISTED,,,0,360,
2026-06-08,BAU,JIVO WATER 500 MLS,,zepto,,12,,,,false,NOT_LISTED,,,0,15,
2026-06-08,BAU,MUSTARD 1L,jivo-kachi-ghani-mustard-cold-pressed-oil-healthy-cooking-oil-1l,zepto,89804a83-79f3-45c6-b940-9c395451dffa,219,181,179,181,true,BELOW,-38,-17.35,49,255,255
2026-06-08,BAU,MUSTARD 1L + 1L,,zepto,,429,,,,false,NOT_LISTED,,,0,500,
2026-06-08,BAU,MUSTARD 1L POUCH,,zepto,,219,,,,false,NOT_LISTED,,,0,250,
2026-06-08,BAU,MUSTARD 3L,,zepto,,629,,,,false,NOT_LISTED,,,0,765,
2026-06-08,BAU,MUSTARD 4L,,zepto,,839,,,,false,NOT_LISTED,,,0,1000,
2026-06-08,BAU,MUSTARD 5L,jivo-kachi-ghani-mustard-cold-pressed-oil-healthy-cooking-oil-5l,zepto,275d43f8-2da4-4d9e-8873-e04fcaf5c073,1049,960,960,963,true,BELOW,-89,-8.48,26,1250,1250
2026-06-08,BAU,POMACE 3L,,zepto,,1309,,,,false,NOT_LISTED,,,0,3050,
2026-06-08,BAU,PUMPKIN SEEDS 200G,,zepto,,209,,,,false,NOT_LISTED,,,0,399,
2026-06-08,BAU,PUMPKIN SEEDS 400G,,zepto,,399,,,,false,NOT_LISTED,,,0,699,
2026-06-08,BAU,PUMPKIN SEEDS 800G,,zepto,,789,,,,false,NOT_LISTED,,,0,1299,
2026-06-08,BAU,PUNJABI JEERA 160ML,,zepto,,219,,,,false,NOT_LISTED,,,0,360,
2026-06-08,BAU,QUINOA SEEDS 200G,,zepto,,119,,,,false,NOT_LISTED,,,0,199,
2026-06-08,BAU,QUINOA SEEDS 400G,,zepto,,179,,,,false,NOT_LISTED,,,0,299,
2026-06-08,BAU,QUINOA SEEDS 800G,,zepto,,259,,,,false,NOT_LISTED,,,0,399,
2026-06-08,BAU,RICE BRAN 1L,jivo-rice-bran-daily-cooking-oil-1l,zepto,4acb73bc-1e89-47d8-8625-05e6a34b698b,199,,,,false,OOS,,,0,285,285
2026-06-08,BAU,RICE BRAN 1L + 1L,,zepto,,389,,,,false,NOT_LISTED,,,0,570,
2026-06-08,BAU,RICE BRAN 4L,,zepto,,759,,,,false,NOT_LISTED,,,0,1140,
2026-06-08,BAU,RICE BRAN 5L,,zepto,,959,,,,false,NOT_LISTED,,,0,1425,
2026-06-08,BAU,ROSEMARY LEAVES 150 GMS,,zepto,,179,,,,false,NOT_LISTED,,,0,499,
2026-06-08,BAU,SAFFRON 1GMS,,zepto,,449,,,,false,NOT_LISTED,,,0,899,
2026-06-08,BAU,SANO CANOLA 1L,,zepto,,259,,,,false,NOT_LISTED,,,0,475,
2026-06-08,BAU,SANO CANOLA 5L,,zepto,,1249,,,,false,NOT_LISTED,,,0,1950,
2026-06-08,BAU,SANO CLASSIC 1L,,zepto,,589,,,,false,NOT_LISTED,,,0,1399,
2026-06-08,BAU,SANO CLASSIC 5L,,zepto,,2709,,,,false,NOT_LISTED,,,0,6499,
2026-06-08,BAU,SANO MUSTARD 1L,,zepto,,209,,,,false,NOT_LISTED,,,0,235,
2026-06-08,BAU,SANO MUSTARD 5L,,zepto,,999,,,,false,NOT_LISTED,,,0,1200,
2026-06-08,BAU,SANO POMACE 1L,,zepto,,419,,,,false,NOT_LISTED,,,0,999,
2026-06-08,BAU,SANO POMACE 5L,,zepto,,2069,,,,false,NOT_LISTED,,,0,4499,
2026-06-08,BAU,SANO SOYABEAN 1L,,zepto,,199,,,,false,NOT_LISTED,,,0,225,
2026-06-08,BAU,SANO SOYABEAN 5L,,zepto,,949,,,,false,NOT_LISTED,,,0,1450,
2026-06-08,BAU,SANO SUNFLOWER 1L,,zepto,,219,,,,false,NOT_LISTED,,,0,280,
2026-06-08,BAU,SANO SUNFLOWER 5L,,zepto,,1069,,,,false,NOT_LISTED,,,0,1475,
2026-06-08,BAU,SESAME 1L + 1L,,zepto,,689,,,,false,NOT_LISTED,,,0,1200,
2026-06-08,BAU,SESAME OIL 1L,,zepto,,349,,,,false,NOT_LISTED,,,0,600,
2026-06-08,BAU,SO OLIVE 1L,jivo-soolive-blend-of-rice-bran-and-olive-oil-1l,zepto,dc9c5857-5d89-45c7-895a-373097239ff7,289,257,257,257,true,BELOW,-32,-11.07,1,325,325
2026-06-08,BAU,SO OLIVE 1L + 1L,,zepto,,569,,,,false,NOT_LISTED,,,0,650,
2026-06-08,BAU,SO OLIVE 5L,,zepto,,1419,,,,false,NOT_LISTED,,,0,1625,
2026-06-08,BAU,SODA 750ML,,zepto,,15,,,,false,NOT_LISTED,,,0,30,
2026-06-08,BAU,SODA LEMON 750ML,,zepto,,45,,,,false,NOT_LISTED,,,0,55,
2026-06-08,BAU,SOYABEAN 1L,,zepto,,209,,,,false,NOT_LISTED,,,0,225,
2026-06-08,BAU,SOYABEAN 1L + 1L,,zepto,,409,,,,false,NOT_LISTED,,,0,1100,
2026-06-08,BAU,SOYABEAN 1L POUCH,,zepto,,209,,,,false,NOT_LISTED,,,0,199,
2026-06-08,BAU,SOYABEAN 5L,,zepto,,999,,,,false,NOT_LISTED,,,0,1100,
2026-06-08,BAU,SPRING WATER 750ML,,zepto,,50,,,,false,NOT_LISTED,,,0,55,
2026-06-08,BAU,SUNFLOWER 1L,jivo-sunflower-cold-pressed-oil-healthy-cooking-oil-1l,zepto,06c8f55b-13a5-4d9b-8990-a418e63c89ad,229,192,182,192,true,BELOW,-37,-16.16,36,275,275
2026-06-08,BAU,SUNFLOWER 1L + 1L,,zepto,,449,,,,false,NOT_LISTED,,,0,550,
2026-06-08,BAU,SUNFLOWER 3L,,zepto,,679,,,,false,NOT_LISTED,,,0,825,
2026-06-08,BAU,SUNFLOWER 4L,,zepto,,909,,,,false,NOT_LISTED,,,0,1038,
2026-06-08,BAU,SUNFLOWER 5L,jivo-sunflower-cold-pressed-oil-healthy-cooking-oil-5l,zepto,3df8a5f6-fb0a-43d9-92ea-8098fda9253d,1139,,,,false,OOS,,,0,1350,1350
2026-06-08,BAU,SUNFLOWER SEEDS 200G,,zepto,,139,,,,false,NOT_LISTED,,,0,299,
2026-06-08,BAU,SUNFLOWER SEEDS 400G,,zepto,,259,,,,false,NOT_LISTED,,,0,499,
2026-06-08,BAU,SUNFLOWER SEEDS 800G,,zepto,,389,,,,false,NOT_LISTED,,,0,899,
2026-06-08,BAU,WG MANGO JUICE 500ML,,zepto,,39,,,,false,NOT_LISTED,,,0,100,
2026-06-08,BAU,YELLOW MUSTARD 1L,,zepto,,269,,,,false,NOT_LISTED,,,0,375,
2026-06-08,BAU,YELLOW MUSTARD 1L + 1L,,zepto,,529,,,,false,NOT_LISTED,,,0,750,
2026-06-08,BAU,YELLOW MUSTARD 5L,,zepto,,1329,,,,false,NOT_LISTED,,,0,2000,
2026-06-08,BAU,A2 GHEE 1L,,blinkit,,1409,,,,false,NOT_LISTED,,,0,4000,
2026-06-08,BAU,A2 GHEE 500ML,,blinkit,,759,,,,false,NOT_LISTED,,,0,2200,
2026-06-08,BAU,BASIL SEEDS 200G,,blinkit,,79,,,,false,NOT_LISTED,,,0,349,
2026-06-08,BAU,BASIL SEEDS 400G,,blinkit,,189,,,,false,NOT_LISTED,,,0,599,
2026-06-08,BAU,BASIL SEEDS 800G,,blinkit,,349,,,,false,NOT_LISTED,,,0,1099,
2026-06-08,BAU,BLACK CARDAMOM 100G,,blinkit,,289,,,,false,NOT_LISTED,,,0,549,
2026-06-08,BAU,BLACK OLIVE 470G,,blinkit,,249,,,,false,NOT_LISTED,,,0,399,
2026-06-08,BAU,BLACK PEPPER 100G,,blinkit,,145,,,,false,NOT_LISTED,,,0,399,
2026-06-08,BAU,CANOLA 1+1L,,blinkit,,529,,,,false,NOT_LISTED,,,0,750,
2026-06-08,BAU,CANOLA 1L,jivo-cold-pressed-canola-oil-1l,blinkit,407851,269,260,250,375,true,BELOW,-9,-3.35,105,375,375
2026-06-08,BAU,CANOLA 1L + 1L,,blinkit,,529,,,,false,NOT_LISTED,,,0,750,
2026-06-08,BAU,CANOLA 1L POUCH,,blinkit,,269,,,,false,NOT_LISTED,,,0,299,
2026-06-08,BAU,CANOLA 3L,,blinkit,,799,,,,false,NOT_LISTED,,,0,690,
2026-06-08,BAU,CANOLA 4L,,blinkit,,1189,,,,false,NOT_LISTED,,,0,1199,
2026-06-08,BAU,CANOLA 5L,jivo-cold-pressed-canola-oil-5l,blinkit,406593,1299,1193,1193,1650,true,BELOW,-106,-8.16,40,1650,1650
2026-06-08,BAU,CHIA SEEDS 200G,,blinkit,,99,,,,false,NOT_LISTED,,,0,299,
2026-06-08,BAU,CHIA SEEDS 400G,,blinkit,,209,,,,false,NOT_LISTED,,,0,599,
2026-06-08,BAU,CHIA SEEDS 800G,,blinkit,,349,,,,false,NOT_LISTED,,,0,899,
2026-06-08,BAU,CINNAMON BARK 100G,,blinkit,,99,,,,false,NOT_LISTED,,,0,299,
2026-06-08,BAU,CLOVE 100G,,blinkit,,249,,,,false,NOT_LISTED,,,0,280,
2026-06-08,BAU,COCONUT 1L,,blinkit,,559,,,,false,NOT_LISTED,,,0,700,
2026-06-08,BAU,COCONUT 200ML,,blinkit,,149,,,,false,NOT_LISTED,,,0,285,
2026-06-08,BAU,COCONUT 500ML,,blinkit,,289,,,,false,NOT_LISTED,,,0,695,
2026-06-08,BAU,COFFEE,,blinkit,,249,,,,false,NOT_LISTED,,,0,350,
2026-06-08,BAU,CUMIN SEEDS 100G,,blinkit,,75,,,,false,NOT_LISTED,,,0,249,
2026-06-08,BAU,EXTRA LIGHT 1+1L,,blinkit,,1229,,,,false,NOT_LISTED,,,0,2798,
2026-06-08,BAU,EXTRA LIGHT 1L,jivo-extra-light-olive-oil-1l,blinkit,406592,619,475,472,559,true,BELOW,-144,-23.26,88,1499,1499
2026-06-08,BAU,EXTRA LIGHT 2L,jivo-extra-light-olive-oil-2l,blinkit,545244,1229,1139,1138,1340,true,BELOW,-90,-7.32,84,2799,2799
2026-06-08,BAU,EXTRA LIGHT 3L,,blinkit,,1849,,,,false,NOT_LISTED,,,0,2200,
2026-06-08,BAU,EXTRA LIGHT 500ML,,blinkit,,349,,,,false,NOT_LISTED,,,0,499,
2026-06-08,BAU,EXTRA LIGHT 5L,,blinkit,,3069,,,,false,NOT_LISTED,,,0,6499,
2026-06-08,BAU,EXTRA VIRGIN 1L,,blinkit,,809,,,,false,NOT_LISTED,,,0,1499,
2026-06-08,BAU,EXTRA VIRGIN 1L + 1L,,blinkit,,1609,,,,false,NOT_LISTED,,,0,2998,
2026-06-08,BAU,EXTRA VIRGIN 200ML,,blinkit,,199,,,,false,NOT_LISTED,,,0,350,
2026-06-08,BAU,EXTRA VIRGIN 250ML,,blinkit,,219,,,,false,NOT_LISTED,,,0,450,
2026-06-08,BAU,EXTRA VIRGIN 2L,,blinkit,,1619,,,,false,NOT_LISTED,,,0,2700,
2026-06-08,BAU,EXTRA VIRGIN 3L,,blinkit,,2429,,,,false,NOT_LISTED,,,0,4000,
2026-06-08,BAU,EXTRA VIRGIN 500ML,,blinkit,,419,,,,false,NOT_LISTED,,,0,675,
2026-06-08,BAU,EXTRA VIRGIN 5L,,blinkit,,4039,,,,false,NOT_LISTED,,,0,7999,
2026-06-08,BAU,FLAX SEEDS 200G,,blinkit,,99,,,,false,NOT_LISTED,,,0,249,
2026-06-08,BAU,FLAX SEEDS 400G,,blinkit,,189,,,,false,NOT_LISTED,,,0,399,
2026-06-08,BAU,FLAX SEEDS 800G,,blinkit,,369,,,,false,NOT_LISTED,,,0,750,
2026-06-08,BAU,GINGER ALE 200ML,,blinkit,,49,,,,false,NOT_LISTED,,,0,100,
2026-06-08,BAU,GOLD 1+1,,blinkit,,389,,,,false,NOT_LISTED,,,0,450,
2026-06-08,BAU,GOLD 1L,,blinkit,,199,,,,false,NOT_LISTED,,,0,225,
2026-06-08,BAU,GOLD 5L,,blinkit,,989,,,,false,NOT_LISTED,,,0,1049,
2026-06-08,BAU,GREEN CARDAMOM 100G,,blinkit,,499,,,,false,NOT_LISTED,,,0,799,
2026-06-08,BAU,GROUNDNUT 1L,,blinkit,,259,,,,false,NOT_LISTED,,,0,400,
2026-06-08,BAU,GROUNDNUT 5L,,blinkit,,1269,,,,false,NOT_LISTED,,,0,2800,
2026-06-08,BAU,JIVO POMACE 1L,jivo-pomace-olive-oil-1l,blinkit,528706,439,398,398,503,true,BELOW,-41,-9.34,115,1049,1049
2026-06-08,BAU,JIVO POMACE 1L + 1L,,blinkit,,869,,,,false,NOT_LISTED,,,0,2098,
2026-06-08,BAU,JIVO POMACE 2L,,blinkit,,869,,,,false,NOT_LISTED,,,0,1600,
2026-06-08,BAU,JIVO POMACE 5L,jivo-pomace-olive-oil-5l,blinkit,407561,2169,1950,1950,2267,true,BELOW,-219,-10.1,93,4999,4999
2026-06-08,BAU,JIVO PUNJABI SHIKANJI 160 MLS,,blinkit,,219,,,,false,NOT_LISTED,,,0,480,
2026-06-08,BAU,JIVO WATER 1L,,blinkit,,20,,,,false,NOT_LISTED,,,0,30,
2026-06-08,BAU,JIVO WATER 250ML,,blinkit,,119,,,,false,NOT_LISTED,,,0,360,
2026-06-08,BAU,JIVO WATER 500 MLS,,blinkit,,12,,,,false,NOT_LISTED,,,0,15,
2026-06-08,BAU,MUSTARD 1L,jivo-kachi-ghani-cold-pressed-mustard-oil-1l,blinkit,540835,219,171,161,171,true,BELOW,-48,-21.92,15,255,255
2026-06-08,BAU,MUSTARD 1L + 1L,,blinkit,,429,,,,false,NOT_LISTED,,,0,500,
2026-06-08,BAU,MUSTARD 1L POUCH,,blinkit,,219,,,,false,NOT_LISTED,,,0,250,
2026-06-08,BAU,MUSTARD 3L,,blinkit,,629,,,,false,NOT_LISTED,,,0,765,
2026-06-08,BAU,MUSTARD 4L,,blinkit,,839,,,,false,NOT_LISTED,,,0,1000,
2026-06-08,BAU,MUSTARD 5L,jivo-kachi-ghani-cold-pressed-mustard-oil-5l,blinkit,540970,1049,868,868,885,true,BELOW,-181,-17.25,15,1250,1250
2026-06-08,BAU,POMACE 3L,,blinkit,,1309,,,,false,NOT_LISTED,,,0,3050,
2026-06-08,BAU,PUMPKIN SEEDS 200G,,blinkit,,209,,,,false,NOT_LISTED,,,0,399,
2026-06-08,BAU,PUMPKIN SEEDS 400G,,blinkit,,399,,,,false,NOT_LISTED,,,0,699,
2026-06-08,BAU,PUMPKIN SEEDS 800G,,blinkit,,789,,,,false,NOT_LISTED,,,0,1299,
2026-06-08,BAU,PUNJABI JEERA 160ML,,blinkit,,219,,,,false,NOT_LISTED,,,0,360,
2026-06-08,BAU,QUINOA SEEDS 200G,,blinkit,,119,,,,false,NOT_LISTED,,,0,199,
2026-06-08,BAU,QUINOA SEEDS 400G,,blinkit,,179,,,,false,NOT_LISTED,,,0,299,
2026-06-08,BAU,QUINOA SEEDS 800G,,blinkit,,259,,,,false,NOT_LISTED,,,0,399,
2026-06-08,BAU,RICE BRAN 1L,,blinkit,,199,,,,false,NOT_LISTED,,,0,285,
2026-06-08,BAU,RICE BRAN 1L + 1L,,blinkit,,389,,,,false,NOT_LISTED,,,0,570,
2026-06-08,BAU,RICE BRAN 4L,,blinkit,,759,,,,false,NOT_LISTED,,,0,1140,
2026-06-08,BAU,RICE BRAN 5L,,blinkit,,959,,,,false,NOT_LISTED,,,0,1425,
2026-06-08,BAU,ROSEMARY LEAVES 150 GMS,,blinkit,,179,,,,false,NOT_LISTED,,,0,499,
2026-06-08,BAU,SAFFRON 1GMS,,blinkit,,449,,,,false,NOT_LISTED,,,0,899,
2026-06-08,BAU,SANO CANOLA 1L,,blinkit,,259,,,,false,NOT_LISTED,,,0,475,
2026-06-08,BAU,SANO CANOLA 5L,,blinkit,,1249,,,,false,NOT_LISTED,,,0,1950,
2026-06-08,BAU,SANO CLASSIC 1L,,blinkit,,589,,,,false,NOT_LISTED,,,0,1399,
2026-06-08,BAU,SANO CLASSIC 5L,,blinkit,,2709,,,,false,NOT_LISTED,,,0,6499,
2026-06-08,BAU,SANO MUSTARD 1L,,blinkit,,209,,,,false,NOT_LISTED,,,0,235,
2026-06-08,BAU,SANO MUSTARD 5L,,blinkit,,999,,,,false,NOT_LISTED,,,0,1200,
2026-06-08,BAU,SANO POMACE 1L,,blinkit,,419,,,,false,NOT_LISTED,,,0,999,
2026-06-08,BAU,SANO POMACE 5L,,blinkit,,2069,,,,false,NOT_LISTED,,,0,4499,
2026-06-08,BAU,SANO SOYABEAN 1L,,blinkit,,199,,,,false,NOT_LISTED,,,0,225,
2026-06-08,BAU,SANO SOYABEAN 5L,,blinkit,,949,,,,false,NOT_LISTED,,,0,1450,
2026-06-08,BAU,SANO SUNFLOWER 1L,,blinkit,,219,,,,false,NOT_LISTED,,,0,280,
2026-06-08,BAU,SANO SUNFLOWER 5L,,blinkit,,1069,,,,false,NOT_LISTED,,,0,1475,
2026-06-08,BAU,SESAME 1L + 1L,,blinkit,,689,,,,false,NOT_LISTED,,,0,1200,
2026-06-08,BAU,SESAME OIL 1L,,blinkit,,349,,,,false,NOT_LISTED,,,0,600,
2026-06-08,BAU,SO OLIVE 1L,,blinkit,,289,,,,false,NOT_LISTED,,,0,325,
2026-06-08,BAU,SO OLIVE 1L + 1L,,blinkit,,569,,,,false,NOT_LISTED,,,0,650,
2026-06-08,BAU,SO OLIVE 5L,,blinkit,,1419,,,,false,NOT_LISTED,,,0,1625,
2026-06-08,BAU,SODA 750ML,,blinkit,,15,,,,false,NOT_LISTED,,,0,30,
2026-06-08,BAU,SODA LEMON 750ML,,blinkit,,45,,,,false,NOT_LISTED,,,0,55,
2026-06-08,BAU,SOYABEAN 1L,,blinkit,,209,,,,false,NOT_LISTED,,,0,225,
2026-06-08,BAU,SOYABEAN 1L + 1L,,blinkit,,409,,,,false,NOT_LISTED,,,0,1100,
2026-06-08,BAU,SOYABEAN 1L POUCH,,blinkit,,209,,,,false,NOT_LISTED,,,0,199,
2026-06-08,BAU,SOYABEAN 5L,,blinkit,,999,,,,false,NOT_LISTED,,,0,1100,
2026-06-08,BAU,SPRING WATER 750ML,,blinkit,,50,,,,false,NOT_LISTED,,,0,55,
2026-06-08,BAU,SUNFLOWER 1L,jivo-cold-pressed-sunflower-oil-1l,blinkit,628632,229,190,190,195,true,BELOW,-39,-17.03,47,275,275
2026-06-08,BAU,SUNFLOWER 1L + 1L,,blinkit,,449,,,,false,NOT_LISTED,,,0,550,
2026-06-08,BAU,SUNFLOWER 3L,,blinkit,,679,,,,false,NOT_LISTED,,,0,825,
2026-06-08,BAU,SUNFLOWER 4L,,blinkit,,909,,,,false,NOT_LISTED,,,0,1038,
2026-06-08,BAU,SUNFLOWER 5L,,blinkit,,1139,,,,false,NOT_LISTED,,,0,1350,
2026-06-08,BAU,SUNFLOWER SEEDS 200G,,blinkit,,139,,,,false,NOT_LISTED,,,0,299,
2026-06-08,BAU,SUNFLOWER SEEDS 400G,,blinkit,,259,,,,false,NOT_LISTED,,,0,499,
2026-06-08,BAU,SUNFLOWER SEEDS 800G,,blinkit,,389,,,,false,NOT_LISTED,,,0,899,
2026-06-08,BAU,WG MANGO JUICE 500ML,,blinkit,,39,,,,false,NOT_LISTED,,,0,100,
2026-06-08,BAU,YELLOW MUSTARD 1L,,blinkit,,269,,,,false,NOT_LISTED,,,0,375,
2026-06-08,BAU,YELLOW MUSTARD 1L + 1L,,blinkit,,529,,,,false,NOT_LISTED,,,0,750,
2026-06-08,BAU,YELLOW MUSTARD 5L,,blinkit,,1329,,,,false,NOT_LISTED,,,0,2000,
2026-06-08,BAU,A2 GHEE 1L,,bigbasket,,1409,,,,false,NOT_LISTED,,,0,4000,
2026-06-08,BAU,A2 GHEE 500ML,,bigbasket,,759,,,,false,NOT_LISTED,,,0,2200,
2026-06-08,BAU,BASIL SEEDS 200G,,bigbasket,,79,,,,false,NOT_LISTED,,,0,349,
2026-06-08,BAU,BASIL SEEDS 400G,,bigbasket,,189,,,,false,NOT_LISTED,,,0,599,
2026-06-08,BAU,BASIL SEEDS 800G,,bigbasket,,349,,,,false,NOT_LISTED,,,0,1099,
2026-06-08,BAU,BLACK CARDAMOM 100G,,bigbasket,,289,,,,false,NOT_LISTED,,,0,549,
2026-06-08,BAU,BLACK OLIVE 470G,,bigbasket,,249,,,,false,NOT_LISTED,,,0,399,
2026-06-08,BAU,BLACK PEPPER 100G,,bigbasket,,145,,,,false,NOT_LISTED,,,0,399,
2026-06-08,BAU,CANOLA 1+1L,,bigbasket,,529,,,,false,NOT_LISTED,,,0,750,
2026-06-08,BAU,CANOLA 1L,canola-oil-cold-pressed-1l,bigbasket,282779,269,283.99,283.99,283.99,true,ABOVE,14.99,5.57,0,375,375
2026-06-08,BAU,CANOLA 1L + 1L,,bigbasket,,529,,,,false,NOT_LISTED,,,0,750,
2026-06-08,BAU,CANOLA 1L POUCH,canola-omega3-rich-cooking-oil-1-l-1l,bigbasket,40309979,269,,,,false,OOS,,,0,299,299
2026-06-08,BAU,CANOLA 3L,,bigbasket,,799,,,,false,NOT_LISTED,,,0,690,
2026-06-08,BAU,CANOLA 4L,,bigbasket,,1189,,,,false,NOT_LISTED,,,0,1199,
2026-06-08,BAU,CANOLA 5L,canola-oil-cold-pressed-5l,bigbasket,282780,1299,1366,1366,1366,true,ABOVE,67,5.16,0,1650,1650
2026-06-08,BAU,CHIA SEEDS 200G,,bigbasket,,99,,,,false,NOT_LISTED,,,0,299,
2026-06-08,BAU,CHIA SEEDS 400G,,bigbasket,,209,,,,false,NOT_LISTED,,,0,599,
2026-06-08,BAU,CHIA SEEDS 800G,,bigbasket,,349,,,,false,NOT_LISTED,,,0,899,
2026-06-08,BAU,CINNAMON BARK 100G,,bigbasket,,99,,,,false,NOT_LISTED,,,0,299,
2026-06-08,BAU,CLOVE 100G,,bigbasket,,249,,,,false,NOT_LISTED,,,0,280,
2026-06-08,BAU,COCONUT 1L,,bigbasket,,559,,,,false,NOT_LISTED,,,0,700,
2026-06-08,BAU,COCONUT 200ML,,bigbasket,,149,,,,false,NOT_LISTED,,,0,285,
2026-06-08,BAU,COCONUT 500ML,,bigbasket,,289,,,,false,NOT_LISTED,,,0,695,
2026-06-08,BAU,COFFEE,,bigbasket,,249,,,,false,NOT_LISTED,,,0,350,
2026-06-08,BAU,CUMIN SEEDS 100G,,bigbasket,,75,,,,false,NOT_LISTED,,,0,249,
2026-06-08,BAU,EXTRA LIGHT 1+1L,,bigbasket,,1229,,,,false,NOT_LISTED,,,0,2798,
2026-06-08,BAU,EXTRA LIGHT 1L,extra-light-olive-oil-1l,bigbasket,40166398,619,1284,1284,1284,true,ABOVE,665,107.43,0,1499,1499
2026-06-08,BAU,EXTRA LIGHT 2L,extra-light-olive-oil-antioxidants-rich-light-cooking-medium-for-frying-grilling-2l,bigbasket,40250809,1229,1343,1343,1343,true,ABOVE,114,9.28,0,2799,2799
2026-06-08,BAU,EXTRA LIGHT 3L,,bigbasket,,1849,,,,false,NOT_LISTED,,,0,2200,
2026-06-08,BAU,EXTRA LIGHT 500ML,,bigbasket,,349,,,,false,NOT_LISTED,,,0,499,
2026-06-08,BAU,EXTRA LIGHT 5L,,bigbasket,,3069,,,,false,NOT_LISTED,,,0,6499,
2026-06-08,BAU,EXTRA VIRGIN 1L,extra-virgin-olive-oil-antioxidants-rich-suitable-for-salads-saute-1l,bigbasket,40250808,809,1012,1012,1012,true,ABOVE,203,25.09,0,1499,1799
2026-06-08,BAU,EXTRA VIRGIN 1L + 1L,,bigbasket,,1609,,,,false,NOT_LISTED,,,0,2998,
2026-06-08,BAU,EXTRA VIRGIN 200ML,,bigbasket,,199,,,,false,NOT_LISTED,,,0,350,
2026-06-08,BAU,EXTRA VIRGIN 250ML,,bigbasket,,219,,,,false,NOT_LISTED,,,0,450,
2026-06-08,BAU,EXTRA VIRGIN 2L,,bigbasket,,1619,,,,false,NOT_LISTED,,,0,2700,
2026-06-08,BAU,EXTRA VIRGIN 3L,,bigbasket,,2429,,,,false,NOT_LISTED,,,0,4000,
2026-06-08,BAU,EXTRA VIRGIN 500ML,,bigbasket,,419,,,,false,NOT_LISTED,,,0,675,
2026-06-08,BAU,EXTRA VIRGIN 5L,,bigbasket,,4039,,,,false,NOT_LISTED,,,0,7999,
2026-06-08,BAU,FLAX SEEDS 200G,,bigbasket,,99,,,,false,NOT_LISTED,,,0,249,
2026-06-08,BAU,FLAX SEEDS 400G,,bigbasket,,189,,,,false,NOT_LISTED,,,0,399,
2026-06-08,BAU,FLAX SEEDS 800G,,bigbasket,,369,,,,false,NOT_LISTED,,,0,750,
2026-06-08,BAU,GINGER ALE 200ML,,bigbasket,,49,,,,false,NOT_LISTED,,,0,100,
2026-06-08,BAU,GOLD 1+1,,bigbasket,,389,,,,false,NOT_LISTED,,,0,450,
2026-06-08,BAU,GOLD 1L,,bigbasket,,199,,,,false,NOT_LISTED,,,0,225,
2026-06-08,BAU,GOLD 5L,,bigbasket,,989,,,,false,NOT_LISTED,,,0,1049,
2026-06-08,BAU,GREEN CARDAMOM 100G,,bigbasket,,499,,,,false,NOT_LISTED,,,0,799,
2026-06-08,BAU,GROUNDNUT 1L,,bigbasket,,259,,,,false,NOT_LISTED,,,0,400,
2026-06-08,BAU,GROUNDNUT 5L,,bigbasket,,1269,,,,false,NOT_LISTED,,,0,2800,
2026-06-08,BAU,JIVO POMACE 1L,pomace-olive-oil-1l,bigbasket,40197820,439,485.01,485.01,485.01,true,ABOVE,46.01,10.48,0,1049,1049
2026-06-08,BAU,JIVO POMACE 1L + 1L,,bigbasket,,869,,,,false,NOT_LISTED,,,0,2098,
2026-06-08,BAU,JIVO POMACE 2L,pomace-olive-oil-2l,bigbasket,40309980,869,1099,1099,1099,true,ABOVE,230,26.47,0,1600,1449
2026-06-08,BAU,JIVO POMACE 5L,,bigbasket,,2169,,,,false,NOT_LISTED,,,0,4999,
2026-06-08,BAU,JIVO PUNJABI SHIKANJI 160 MLS,,bigbasket,,219,,,,false,NOT_LISTED,,,0,480,
2026-06-08,BAU,JIVO WATER 1L,,bigbasket,,20,,,,false,NOT_LISTED,,,0,30,
2026-06-08,BAU,JIVO WATER 250ML,,bigbasket,,119,,,,false,NOT_LISTED,,,0,360,
2026-06-08,BAU,JIVO WATER 500 MLS,,bigbasket,,12,,,,false,NOT_LISTED,,,0,15,
2026-06-08,BAU,MUSTARD 1L,cold-press-kachi-ghani-mustard-oil-1l,bigbasket,40166395,219,202.09,202.09,202.09,true,BELOW,-16.91,-7.72,1,255,255
2026-06-08,BAU,MUSTARD 1L + 1L,,bigbasket,,429,,,,false,NOT_LISTED,,,0,500,
2026-06-08,BAU,MUSTARD 1L POUCH,,bigbasket,,219,,,,false,NOT_LISTED,,,0,250,
2026-06-08,BAU,MUSTARD 3L,,bigbasket,,629,,,,false,NOT_LISTED,,,0,765,
2026-06-08,BAU,MUSTARD 4L,,bigbasket,,839,,,,false,NOT_LISTED,,,0,1000,
2026-06-08,BAU,MUSTARD 5L,cold-press-kachi-ghani-mustard-oil-5l,bigbasket,40166396,1049,981.13,981.13,981.13,true,BELOW,-67.87,-6.47,1,1250,1250
2026-06-08,BAU,POMACE 3L,,bigbasket,,1309,,,,false,NOT_LISTED,,,0,3050,
2026-06-08,BAU,PUMPKIN SEEDS 200G,,bigbasket,,209,,,,false,NOT_LISTED,,,0,399,
2026-06-08,BAU,PUMPKIN SEEDS 400G,,bigbasket,,399,,,,false,NOT_LISTED,,,0,699,
2026-06-08,BAU,PUMPKIN SEEDS 800G,,bigbasket,,789,,,,false,NOT_LISTED,,,0,1299,
2026-06-08,BAU,PUNJABI JEERA 160ML,,bigbasket,,219,,,,false,NOT_LISTED,,,0,360,
2026-06-08,BAU,QUINOA SEEDS 200G,,bigbasket,,119,,,,false,NOT_LISTED,,,0,199,
2026-06-08,BAU,QUINOA SEEDS 400G,,bigbasket,,179,,,,false,NOT_LISTED,,,0,299,
2026-06-08,BAU,QUINOA SEEDS 800G,,bigbasket,,259,,,,false,NOT_LISTED,,,0,399,
2026-06-08,BAU,RICE BRAN 1L,,bigbasket,,199,,,,false,NOT_LISTED,,,0,285,
2026-06-08,BAU,RICE BRAN 1L + 1L,,bigbasket,,389,,,,false,NOT_LISTED,,,0,570,
2026-06-08,BAU,RICE BRAN 4L,,bigbasket,,759,,,,false,NOT_LISTED,,,0,1140,
2026-06-08,BAU,RICE BRAN 5L,,bigbasket,,959,,,,false,NOT_LISTED,,,0,1425,
2026-06-08,BAU,ROSEMARY LEAVES 150 GMS,,bigbasket,,179,,,,false,NOT_LISTED,,,0,499,
2026-06-08,BAU,SAFFRON 1GMS,,bigbasket,,449,,,,false,NOT_LISTED,,,0,899,
2026-06-08,BAU,SANO CANOLA 1L,,bigbasket,,259,,,,false,NOT_LISTED,,,0,475,
2026-06-08,BAU,SANO CANOLA 5L,,bigbasket,,1249,,,,false,NOT_LISTED,,,0,1950,
2026-06-08,BAU,SANO CLASSIC 1L,,bigbasket,,589,,,,false,NOT_LISTED,,,0,1399,
2026-06-08,BAU,SANO CLASSIC 5L,,bigbasket,,2709,,,,false,NOT_LISTED,,,0,6499,
2026-06-08,BAU,SANO MUSTARD 1L,,bigbasket,,209,,,,false,NOT_LISTED,,,0,235,
2026-06-08,BAU,SANO MUSTARD 5L,,bigbasket,,999,,,,false,NOT_LISTED,,,0,1200,
2026-06-08,BAU,SANO POMACE 1L,,bigbasket,,419,,,,false,NOT_LISTED,,,0,999,
2026-06-08,BAU,SANO POMACE 5L,,bigbasket,,2069,,,,false,NOT_LISTED,,,0,4499,
2026-06-08,BAU,SANO SOYABEAN 1L,,bigbasket,,199,,,,false,NOT_LISTED,,,0,225,
2026-06-08,BAU,SANO SOYABEAN 5L,,bigbasket,,949,,,,false,NOT_LISTED,,,0,1450,
2026-06-08,BAU,SANO SUNFLOWER 1L,,bigbasket,,219,,,,false,NOT_LISTED,,,0,280,
2026-06-08,BAU,SANO SUNFLOWER 5L,,bigbasket,,1069,,,,false,NOT_LISTED,,,0,1475,
2026-06-08,BAU,SESAME 1L + 1L,,bigbasket,,689,,,,false,NOT_LISTED,,,0,1200,
2026-06-08,BAU,SESAME OIL 1L,,bigbasket,,349,,,,false,NOT_LISTED,,,0,600,
2026-06-08,BAU,SO OLIVE 1L,,bigbasket,,289,,,,false,NOT_LISTED,,,0,325,
2026-06-08,BAU,SO OLIVE 1L + 1L,,bigbasket,,569,,,,false,NOT_LISTED,,,0,650,
2026-06-08,BAU,SO OLIVE 5L,,bigbasket,,1419,,,,false,NOT_LISTED,,,0,1625,
2026-06-08,BAU,SODA 750ML,,bigbasket,,15,,,,false,NOT_LISTED,,,0,30,
2026-06-08,BAU,SODA LEMON 750ML,fizzy-water-flavoured-with-lemon-750ml,bigbasket,40335332,45,,,,false,OOS,,,0,55,55
2026-06-08,BAU,SOYABEAN 1L,,bigbasket,,209,,,,false,NOT_LISTED,,,0,225,
2026-06-08,BAU,SOYABEAN 1L + 1L,,bigbasket,,409,,,,false,NOT_LISTED,,,0,1100,
2026-06-08,BAU,SOYABEAN 1L POUCH,,bigbasket,,209,,,,false,NOT_LISTED,,,0,199,
2026-06-08,BAU,SOYABEAN 5L,,bigbasket,,999,,,,false,NOT_LISTED,,,0,1100,
2026-06-08,BAU,SPRING WATER 750ML,fizzy-water-flavoured-with-peach-750ml,bigbasket,40335333,50,,,,false,OOS,,,0,55,55
2026-06-08,BAU,SUNFLOWER 1L,cold-pressed-sunflower-oil-1l,bigbasket,40249993,229,,,,false,OOS,,,0,275,275
2026-06-08,BAU,SUNFLOWER 1L + 1L,,bigbasket,,449,,,,false,NOT_LISTED,,,0,550,
2026-06-08,BAU,SUNFLOWER 3L,,bigbasket,,679,,,,false,NOT_LISTED,,,0,825,
2026-06-08,BAU,SUNFLOWER 4L,,bigbasket,,909,,,,false,NOT_LISTED,,,0,1038,
2026-06-08,BAU,SUNFLOWER 5L,sunflower-oil-cold-pressed-fortified-with-vitamins-a-d-chemical-free-5l,bigbasket,40249992,1139,,,,false,OOS,,,0,1350,1350
2026-06-08,BAU,SUNFLOWER SEEDS 200G,,bigbasket,,139,,,,false,NOT_LISTED,,,0,299,
2026-06-08,BAU,SUNFLOWER SEEDS 400G,,bigbasket,,259,,,,false,NOT_LISTED,,,0,499,
2026-06-08,BAU,SUNFLOWER SEEDS 800G,,bigbasket,,389,,,,false,NOT_LISTED,,,0,899,
2026-06-08,BAU,WG MANGO JUICE 500ML,mango-healthy-wheatgrass-juice-500ml,bigbasket,40335340,39,,,,false,OOS,,,0,100,100
2026-06-08,BAU,YELLOW MUSTARD 1L,,bigbasket,,269,,,,false,NOT_LISTED,,,0,375,
2026-06-08,BAU,YELLOW MUSTARD 1L + 1L,,bigbasket,,529,,,,false,NOT_LISTED,,,0,750,
2026-06-08,BAU,YELLOW MUSTARD 5L,,bigbasket,,1329,,,,false,NOT_LISTED,,,0,2000,
2026-06-09,BAU,A2 GHEE 1L,jivo-a2-cow-ghee-1-litre-traditional-bilona-method-prepared-from-a2-cow-milk-rich-aroma-and-distinct-flavour-for-diverse-culinary-applications-suitable-for-cooking-frying-baking-indian-recipes-1l,amazon,B0B2RW9N9F,1409,,,,false,OOS,,,0,4000,2380
2026-06-09,BAU,A2 GHEE 500ML,jivo-a2-ghee-500-ml-bilona-method-traditionally-prepared-from-a2-cow-milk-suitable-for-cooking-frying-baking-indian-recipes-rich-aroma-and-distinct-flavour-for-diverse-culinary-applications-500ml,amazon,B0B2S1F6R8,759,,,,false,OOS,,,0,2200,608
2026-06-09,BAU,BASIL SEEDS 200G,jivo-raw-basil-seeds-for-weight-loss-200gm-sabja-seed-takmuria-seeds-200g-high-fibre-and-omega-3-200ml,amazon,B0D8TN56P9,79,,,,false,OOS,,,0,349,290
2026-06-09,BAU,BASIL SEEDS 400G,jivo-raw-basil-seeds-for-weight-loss-400gm-sabja-seed-takmuria-seeds-400g-high-fibre-and-omega-3-400ml,amazon,B0D8VZKFHG,189,,,,false,OOS,,,0,599,599
2026-06-09,BAU,BASIL SEEDS 800G,jivo-raw-basil-seeds-for-weight-loss-sabja-seeds-tukmaria-seeds-high-in-fiber-omega3-nutrients-ideal-for-smoothies-drinks-and-baking-100-natural-vegan-glutenfree-800g-800ml,amazon,B0D8VZ1JLD,349,,,,false,OOS,,,0,1099,599
2026-06-09,BAU,BLACK CARDAMOM 100G,jivo-black-cardamom-badi-elaichi-sabut-moti-kali-elaichi-whole-organic-black-cardamom-perfect-for-cooking-baking-seasoning-adds-flavor-to-dishes-no-artificial-colours-or-preservatives-100g-100ml,amazon,B0D7CXGP3D,289,,,,false,OOS,,,0,549,329
2026-06-09,BAU,BLACK OLIVE 470G,jivo-black-sliced-olives-470g-finest-olives-from-egypt-evenly-cut-black-olive-slices-suitable-for-pizza-pasta-salads-wraps-ready-to-eat-snack-smart-choice-470ml,amazon,B0DS69LNFB,249,,,,false,OOS,,,0,399,1500
2026-06-09,BAU,BLACK PEPPER 100G,jivo-black-pepper-whole-natural-peppercorns-premium-kali-mirch-perfect-for-cooking-baking-seasoning-no-artificial-colors-preservatives-or-taste-enhancers-pepper-100g-100ml,amazon,B0D8L8NR8Q,145,,,,false,OOS,,,0,399,200
2026-06-09,BAU,CANOLA 1+1L,jivo-canola-cold-pressed-edible-oil-11-litres-cooking-oil-for-daily-use-ideal-for-roasting-frying-baking-all-types-of-cuisines-cold-pressed-oil-for-cooking-2l,amazon,B0152TWWSQ,529,469,469,469,true,BELOW,-60,-11.34,1,750,750
2026-06-09,BAU,CANOLA 1L,jivo-canola-cold-pressed-edible-oil-1-litre-cooking-oil-for-daily-use-ideal-for-roasting-frying-baking-all-types-of-cuisines-cold-pressed-oil-for-cooking-1l,amazon,B09MJ6QDX7,269,259,259,259,true,BELOW,-10,-3.72,1,375,375
2026-06-09,BAU,CANOLA 1L + 1L,jivo-canola-oil1-litre-cold-press-cooking-oil-for-daily-use-lowest-in-saturated-fat-2l,amazon,B0CZP26VVN,529,509,509,509,true,BELOW,-20,-3.78,1,750,750
2026-06-09,BAU,CANOLA 1L POUCH,jivo-canola-oil1-litre-refined-pouch-cooking-oil-for-daily-use-recommended-by-indian-medical-association-1l,amazon,B07M6FYXWL,269,259,259,259,true,BELOW,-10,-3.72,1,299,299
2026-06-09,BAU,CANOLA 3L,jivo-canola-cold-pressed-edible-oil-3-litres-cooking-oil-for-daily-use-ideal-for-roasting-frying-baking-all-types-of-cuisines-cold-pressed-oil-for-cooking-3l,amazon,B078T3Q3SH,799,,,,false,OOS,,,0,690,550
2026-06-09,BAU,CANOLA 4L,jivo-canola-cold-pressed-edible-oil-4-litres-cooking-oil-for-daily-use-ideal-for-roasting-frying-baking-all-types-of-cuisines-cold-pressed-oil-for-cooking-4l,amazon,B0FPMH5Q4S,1189,,,,false,OOS,,,0,1199,499
2026-06-09,BAU,CANOLA 5L,jivo-canola-cold-pressed-edible-oil-5-litres-cooking-oil-for-daily-use-ideal-for-roasting-frying-baking-all-types-of-cuisines-cold-pressed-oil-for-cooking-5l,amazon,B077ZN4G28,1299,1249,1249,1249,true,BELOW,-50,-3.85,1,1650,1650
2026-06-09,BAU,CHIA SEEDS 200G,jivo-premium-raw-chia-seeds-i-eating-seeds-for-weight-loss-management-rich-in-calcium-protein-fiber-omega-3-non-gmo-and-fibre-reusable-antioxidant-healthy-breakfast-snack-200g-200ml,amazon,B0CRF3ZQWL,99,99,99,99,true,MATCH,0,0,0,299,299
2026-06-09,BAU,CHIA SEEDS 400G,jivo-premium-raw-chia-seeds-i-eating-seeds-for-weight-loss-management-rich-in-calcium-protein-fiber-omega-3-non-gmo-and-fibre-reusable-antioxidant-healthy-breakfast-snack-400g-400ml,amazon,B0CRH5W2R7,209,,,,false,OOS,,,0,599,290
2026-06-09,BAU,CHIA SEEDS 800G,jivo-premium-raw-chia-seeds-i-eating-seeds-for-weight-loss-management-rich-in-calcium-protein-fiber-omega-3-non-gmo-and-fibre-reusable-antioxidant-healthy-breakfast-snack-800g-800ml,amazon,B0CRHR4KYS,349,,,,false,OOS,,,0,899,290
2026-06-09,BAU,CINNAMON BARK 100G,jivo-organic-cinnamon-sticks-bark-finest-dalchini-sticks-whole-spices-sourced-from-premium-origins-no-artificial-colors-or-preservatives-pack-for-cooking-seasoning-100g-100ml,amazon,B0D7CVQG35,99,,,,false,OOS,,,0,299,1250
2026-06-09,BAU,CLOVE 100G,jivo-whole-clove-100-gm-no-artificial-colours-or-preservatives-100ml,amazon,B0D7CZ3WYW,249,,,,false,OOS,,,0,280,329
2026-06-09,BAU,COCONUT 1L,jivo-pure-extra-virgin-coconut-oil-1-litre-nourishing-oil-bottle-for-skin-hair-growth-baby-massage-good-for-salad-dressing-zero-cholesterol-and-trans-fat-keto-diet-cooking-1l,amazon,B0BZ8K3DQP,559,539,539,539,true,BELOW,-20,-3.58,1,700,700
2026-06-09,BAU,COCONUT 200ML,jivo-pure-extra-virgin-coconut-oil-200ml-nourishing-oil-bottle-for-skin-hair-growth-baby-massage-good-for-salad-dressing-zero-cholesterol-and-trans-fat-keto-diet-cooking-200ml,amazon,B0CGM7KSFV,149,169,169,169,true,ABOVE,20,13.42,0,285,285
2026-06-09,BAU,COCONUT 500ML,jivo-pure-extra-virgin-coconut-oil-500-ml-nourishing-oil-bottle-for-skin-hair-growth-baby-massage-good-for-salad-dressing-zero-cholesterol-and-trans-fat-keto-diet-cooking-500ml,amazon,B0CGN9Y3PT,289,279,279,279,true,BELOW,-10,-3.46,1,695,399
2026-06-09,BAU,COFFEE,jivo-koffie-instant-smooth-premium-coffee-100-gm-soluble-instant-coffee-powder-easy-to-prepare-with-rich-aroma-and-taste-coffee-for-daily-use-100ml,amazon,B0C8Z7SZG6,249,249,249,249,true,MATCH,0,0,0,350,350
2026-06-09,BAU,CUMIN SEEDS 100G,jivo-cumin-seeds-fresh-aromatic-natural-spice-for-cooking-no-added-colours-or-preservatives-perfect-for-baking-seasoning-and-flavoring-glutenfree-whole-jeera-seeds-100g-100ml,amazon,B0D8PMQCBV,75,,,,false,OOS,,,0,249,329
2026-06-09,BAU,EXTRA LIGHT 1+1L,jivo-extra-light-olive-oil-2-litre-imported-from-spain-everyday-cooking-dressings-salads-soups-dips-marinades-low-in-saturated-fat-olive-oil-in-convenient-pet-bottle-for-easy-pouring-2l,amazon,B07WSJ45Q4,1229,1169,1169,1169,true,BELOW,-60,-4.88,1,2798,2998
2026-06-09,BAU,EXTRA LIGHT 1L,jivo-extra-light-olive-oil-1-litre-imported-from-spain-everyday-cooking-dressings-salad-soups-dips-and-marinades-all-culinary-uses-light-flavorful-high-mufa-rich-in-antioxidants-1l,amazon,B09HZY97FR,619,499,499,499,true,BELOW,-120,-19.39,1,1499,1499
2026-06-09,BAU,EXTRA LIGHT 2L,jivo-extra-light-olive-oil-2-litre-imported-from-spain-everyday-cooking-dressings-salads-soups-dips-marinades-low-in-saturated-fat-olive-oil-in-convenient-pet-bottle-for-easy-pouring-2l,amazon,B09NXCPZW1,1229,1010,1010,1010,true,BELOW,-219,-17.82,1,2799,2799
2026-06-09,BAU,EXTRA LIGHT 3L,jivo-extra-light-olive-oil-3-litre-imported-from-spain-recommended-for-daily-cooking-roasting-frying-baking-all-types-of-cuisines-low-in-saturated-fat-3l,amazon,B097ZZTW5C,1849,1595,1595,1595,true,BELOW,-254,-13.74,1,2200,2200
2026-06-09,BAU,EXTRA LIGHT 500ML,jivo-extra-light-olive-oil-500ml-imported-from-spain-everyday-use-for-cooking-dressings-salad-soups-dips-and-marinades-light-flavorful-high-mufa-rich-in-antioxidants-500ml,amazon,B0D9DBHG18,349,339,339,339,true,BELOW,-10,-2.87,1,499,499
2026-06-09,BAU,EXTRA LIGHT 5L,jivo-extra-light-olive-oil-5-litre-tin-imported-from-spain-recommendable-daily-cooking-for-roasting-frying-baking-all-type-of-cuisines-low-saturated-fat-low-saturated-fat-5l,amazon,B07MNWTBDT,3069,2944,2944,2944,true,BELOW,-125,-4.07,1,6499,6499
2026-06-09,BAU,EXTRA VIRGIN 1L,jivo-extra-virgin-olive-oil-1-litre-imported-from-spain-contains-vitamin-e-low-in-saturated-fat-natural-cooking-oil-ideal-for-dressings-salad-and-soups-dips-marinades-1l,amazon,B093BMGPQC,809,789,789,789,true,BELOW,-20,-2.47,1,1499,1799
2026-06-09,BAU,EXTRA VIRGIN 1L + 1L,jivo-extra-virgin-olive-oil-1-litre-contains-vitamin-e-low-in-saturated-fat-natural-cooking-oil-for-dressings-salad-and-soups-dips-marinades-pack-of-2-2l,amazon,B0CZP31DXK,1609,1578,1578,1578,true,BELOW,-31,-1.93,1,2998,1998
2026-06-09,BAU,EXTRA VIRGIN 200ML,jivo-extra-virgin-olive-oil-200-ml-pet-bottle-imported-from-spain-contains-vitamin-e-low-in-saturated-fat-natural-cooking-oil-ideal-use-for-dressings-salad-and-soups-dips-marinades-200ml,amazon,B0CGNBY24B,199,189,189,189,true,BELOW,-10,-5.03,1,350,299
2026-06-09,BAU,EXTRA VIRGIN 250ML,jivo-extra-virgin-olive-oil-250-ml-glass-bottle-imported-from-spain-contains-vitamin-e-low-in-saturated-fat-natural-and-cold-pressed-cooking-oil-for-dressings-salad-and-soups-dips-marinades-250ml,amazon,B0CGM8QLXB,219,,,,false,OOS,,,0,450,550
2026-06-09,BAU,EXTRA VIRGIN 2L,jivo-extra-virgin-olive-oil-2-litre-imported-from-spain-contains-vitamin-e-low-in-saturated-fat-natural-and-cold-pressed-cooking-oil-ideal-for-dressings-salad-and-soups-dips-marinades-2l,amazon,B0CH13ZG5M,1619,,,,false,OOS,,,0,2700,2700
2026-06-09,BAU,EXTRA VIRGIN 3L,jivo-extra-virgin-olive-oil-3-litre-imported-from-spain-contains-vitamin-e-low-in-saturated-fat-natural-and-cold-pressed-cooking-oil-ideal-for-dressings-salad-and-soups-dips-marinades-3l,amazon,B0FQ2ZMFB9,2429,,,,false,OOS,,,0,4000,
2026-06-09,BAU,EXTRA VIRGIN 500ML,jivo-extra-virgin-olive-oil-500-ml-pet-bottle-imported-from-spain-contains-vitamin-e-low-in-saturated-fat-natural-and-cold-pressed-cooking-oil-for-dressings-salad-and-soups-dips-marinades-500ml,amazon,B0CGM7THVN,419,,,,false,OOS,,,0,675,1499
2026-06-09,BAU,EXTRA VIRGIN 5L,jivo-extra-virgin-olive-oil-5-litre-tin-imported-from-spain-contains-vitamin-e-low-in-saturated-fat-natural-and-cold-pressed-cooking-oil-ideal-for-dressings-salad-and-soups-dips-marinades-5l,amazon,B09XR2YK8S,4039,3619,3619,3619,true,BELOW,-420,-10.4,1,7999,7999
2026-06-09,BAU,FLAX SEEDS 200G,jivo-flax-seeds-raw-alsi-seeds-for-eating-high-in-protein-iron-dietary-fibre-rich-in-essential-nutrients-ideal-for-adding-to-smoothies-salads-yogurt-baking-healthy-snack-option-200g-200ml,amazon,B0D8TPCV16,99,,,,false,OOS,,,0,249,599
2026-06-09,BAU,FLAX SEEDS 400G,jivo-flax-seeds-raw-alsi-seeds-for-smoothies-hair-growth-baking-more-rich-in-omega3-fiber-protein-essential-nutrients-100-natural-vegan-glutenfree-for-optimal-health-400g-400ml,amazon,B0D8TMZ523,189,,,,false,OOS,,,0,399,290
2026-06-09,BAU,FLAX SEEDS 800G,jivo-organic-flax-seeds-raw-alsi-seeds-for-smoothies-cereals-baking-more-rich-in-omega3-fiber-protein-essential-nutrients-100-natural-vegan-glutenfree-for-optimal-health-800g-800ml,amazon,B0D8TN9B9B,369,,,,false,OOS,,,0,750,290
2026-06-09,BAU,GINGER ALE 200ML,jivo-healthy-wheatgrass-body-detoxifying-immunity-booster-juice-sugar-free-200-ml-200ml,amazon,B0CYHFFZXG,49,,,,false,OOS,,,0,100,1650
2026-06-09,BAU,GOLD 1+1,jivo-gold-refined-oil-blend-of-rice-bran-oil-sunflower-oil-cooking-oil-pro-healthy-lifestyle-edible-oil-1-litre-pack-of-2-2l,amazon,B0CWNVJN3B,389,,,,false,OOS,,,0,450,550
2026-06-09,BAU,GOLD 1L,jivo-gold-premium-refined-cooking-oil-perfect-blend-of-rice-bran-sunflower-oil-natural-antioxidants-1-litre-pack-1l,amazon,B0CT5MYSDS,199,173,173,173,true,BELOW,-26,-13.07,1,225,225
2026-06-09,BAU,GOLD 5L,jivo-gold-refined-oil-perfect-blend-of-rice-bran-sunflower-oil-cooking-oil-rich-in-antioxidants-vitamins-pro-lifestyle-5l-family-pack-5l,amazon,B0C9Q1S6QG,989,939,939,939,true,BELOW,-50,-5.06,1,1049,1050
2026-06-09,BAU,GREEN CARDAMOM 100G,jivo-green-cardamom-8mm-elaichi-whole-natural-spices-no-artificial-colors-or-preservatives-distinctive-flavor-aroma-premium-idukki-cardamom-for-cooking-baking-tea-100g-100ml,amazon,B0D7CZD2PB,499,479,479,479,true,BELOW,-20,-4.01,1,799,799
2026-06-09,BAU,GROUNDNUT 1L,jivo-groundnut-oil-1-litre-cold-pressed-unrefined-peanut-oil-for-cooking-vitamin-a-d-fortified-chemicalfree-ground-nut-oil-1l-1l,amazon,B0CKFFW9B6,259,199,199,199,true,BELOW,-60,-23.17,1,400,560
2026-06-09,BAU,GROUNDNUT 5L,jivo-groundnut-oil-5-litre-cold-pressed-unrefined-peanut-oil-for-cooking-vitamin-a-d-fortified-chemicalfree-ground-nut-oil-5l,amazon,B0CKFFGC31,1269,1079,1079,1079,true,BELOW,-190,-14.97,1,2800,2800
2026-06-09,BAU,JIVO POMACE 1L,jivo-daily-cooking-pomace-olive-oil-1-litre-imported-from-spain-rich-in-monounsaturated-fatty-acids-low-in-saturated-fat-ideal-for-roasting-frying-and-baking-1l,amazon,B0821DNF2W,439,379,379,379,true,BELOW,-60,-13.67,1,1049,649
2026-06-09,BAU,JIVO POMACE 1L + 1L,jivo-daily-cooking-pomace-olive-oil-1-litre-rich-in-mufa-low-in-saturated-fat-2l,amazon,B0CZP46SJX,869,758,758,758,true,BELOW,-111,-12.77,1,2098,1298
2026-06-09,BAU,JIVO POMACE 2L,jivo-everyday-cooking-pomace-olive-oil-2-litre-imported-from-spain-rich-in-mufa-low-in-saturated-fat-ideal-for-frying-roasting-baking-cooking-oil-for-daily-use-2l,amazon,B0C4FFYSLV,869,849,849,849,true,BELOW,-20,-2.3,1,1600,1449
2026-06-09,BAU,JIVO POMACE 5L,jivo-pomace-olive-oil-5-litre-tin-for-everyday-cooking-imported-from-spain-recommended-for-roasting-frying-and-baking-all-types-of-cuisines-rich-in-mufa-low-in-saturated-fat-5l,amazon,B07X53ZL6J,2169,2119,2119,2119,true,BELOW,-50,-2.31,1,4999,4999
2026-06-09,BAU,JIVO PUNJABI SHIKANJI 160 MLS,jivo-punjabi-shikanji-wheatgrass-juice-nimbu-shikanji-masala-drink-natural-summer-refreshment-160ml-160ml,amazon,B0GZ7PXVF8,219,,,,false,OOS,,,0,480,
2026-06-09,BAU,JIVO WATER 1L,jivo-natural-mineral-1l-1l,amazon,B0CSPMN88F,20,,,,false,OOS,,,0,30,1800
2026-06-09,BAU,JIVO WATER 250ML,jivo-mineral-water-250ml-250ml,amazon,B0CST1ZYNY,119,,,,false,OOS,,,0,360,
2026-06-09,BAU,JIVO WATER 500 MLS,jivo-natural-mineral-water-himalayan-origin-nonro-unprocessed-noncarbonated-additivefree-packaged-water-for-clean-hydration-500-ml-bottle-500ml,amazon,B0GZB4ZQV3,12,,,,false,OOS,,,0,15,
2026-06-09,BAU,MUSTARD 1L,jivo-cold-pressed-kachi-ghani-chemical-free-mustard-daily-cooking-oil-1-litre-recommended-for-roasting-frying-baking-all-type-of-cuisines-1l,amazon,B09NYCSQLF,219,,,,false,OOS,,,0,255,550
2026-06-09,BAU,MUSTARD 1L + 1L,jivo-kachi-ghani-chemical-free-mustard-daily-cooking-oil-1-litre-each-recommendable-for-roasting-frying-baking-all-type-of-cuisines-healthy-cooking-oil-for-daily-use-1l,amazon,B09HKPSS96,429,,,,false,OOS,,,0,500,550
2026-06-09,BAU,MUSTARD 1L POUCH,jivo-cold-pressed-kachi-ghani-chemical-free-mustard-daily-cooking-oil-1-litre-pouch-recommendable-for-roasting-frying-baking-all-type-of-cuisines-1l,amazon,B0DRYVRYYM,219,,,,false,OOS,,,0,250,550
2026-06-09,BAU,MUSTARD 3L,jivo-premium-cold-pressed-kachi-ghani-mustard-oil-3-litre-contains-omega3-and-vitamin-e-ideal-for-cooking-frying-pickling-daily-use-3l,amazon,B0GF22BHZ7,629,,,,false,OOS,,,0,765,499
2026-06-09,BAU,MUSTARD 4L,jivo-premium-cold-pressed-kachi-ghani-mustard-oil-4-litre-contains-omega3-and-vitamin-e-ideal-for-cooking-frying-pickling-daily-use-4l,amazon,B0GFFSDTGP,839,,,,false,OOS,,,0,1000,499
2026-06-09,BAU,MUSTARD 5L,jivo-premium-cold-pressed-kachi-ghani-mustard-oil-5-litre-contains-omega3-and-vitamin-e-ideal-for-cooking-frying-pickling-daily-use-5l,amazon,B091XPD9J3,1049,985,985,985,true,BELOW,-64,-6.1,1,1250,1250
2026-06-09,BAU,POMACE 3L,jivo-everyday-cooking-pomace-olive-oil-3-litre-imported-from-spain-rich-in-mufa-low-in-saturated-fat-ideal-for-frying-roasting-baking-cooking-oil-for-daily-use-3l,amazon,B0FQ31J42X,1309,1279,1279,1279,true,BELOW,-30,-2.29,1,3050,3050
2026-06-09,BAU,PUMPKIN SEEDS 200G,jivo-raw-pumpkin-seeds-healthy-snack-for-breakfast-high-in-fiber-antioxidants-ideal-for-diets-weight-management-nutritious-superfood-for-daily-wellness-hygienically-packed-200g-200ml,amazon,B0D8TR7R3Y,209,,,,false,OOS,,,0,399,599
2026-06-09,BAU,PUMPKIN SEEDS 400G,jivo-raw-pumpkin-seeds-healthy-snack-for-breakfast-high-in-fiber-antioxidants-ideal-for-diets-weight-management-nutritious-superfood-for-daily-wellness-hygienically-packed-400g-400ml,amazon,B0D8TR1ZCG,399,,,,false,OOS,,,0,699,599
2026-06-09,BAU,PUMPKIN SEEDS 800G,jivo-raw-pumpkin-seeds-healthy-snack-for-breakfast-high-in-fiber-antioxidants-ideal-for-diets-weight-management-nutritious-superfood-for-daily-wellness-hygienically-packed-800g-800ml,amazon,B0D8TPCPLS,789,,,,false,OOS,,,0,1299,599
2026-06-09,BAU,PUNJABI JEERA 160ML,jivo-wheatgrass-punjabi-jeera-juice-160ml-tangy-cumin-flavored-refreshment-blended-with-fresh-wheatgrass-extract-convenient-pet-bottles-suitable-for-daily-hydration-refreshing-160ml,amazon,B0F9YVR47L,219,,,,false,OOS,,,0,360,998
2026-06-09,BAU,QUINOA SEEDS 200G,jivo-premium-quinoa-gluten-free-glutenfree-saponin-free-high-protein-fiber-healthy-breakfast-diet-food-for-weight-management-100-wholegrain-cereal-quinoa-jar-200g-200ml,amazon,B0DGT6CK3P,119,109,109,109,true,BELOW,-10,-8.4,1,199,199
2026-06-09,BAU,QUINOA SEEDS 400G,jivo-premium-quinoa-gluten-free-glutenfree-saponin-free-high-protein-fiber-healthy-breakfast-diet-food-for-weight-management-100-wholegrain-cereal-quinoa-jar-400g-400ml,amazon,B0DGTFLQMS,179,169,169,169,true,BELOW,-10,-5.59,1,299,299
2026-06-09,BAU,QUINOA SEEDS 800G,jivo-premium-quinoa-gluten-free-glutenfree-saponin-free-high-protein-fiber-healthy-breakfast-diet-food-for-weight-management-100-wholegrain-cereal-quinoa-jar-800g-800ml,amazon,B0DGT6KQ4F,259,,,,false,OOS,,,0,399,490
2026-06-09,BAU,RICE BRAN 1L,jivo-rice-bran-oil-1-litre-cooking-oil-rich-in-antioxidants-ideal-for-deep-frying-sauting-baking-chemicalfree-1l,amazon,B0DBHQ2QWW,199,184,184,184,true,BELOW,-15,-7.54,1,285,285
2026-06-09,BAU,RICE BRAN 1L + 1L,,amazon,B0H2HDLB5Q,389,,,,false,OOS,,,0,570,
2026-06-09,BAU,RICE BRAN 4L,jivo-rice-bran-oil-4-litre-premium-cooking-oil-rich-in-antioxidants-ideal-for-deep-frying-sauteing-baking-chemicalfree-4l,amazon,B0GFWHTMT9,759,,,,false,OOS,,,0,1140,499
2026-06-09,BAU,RICE BRAN 5L,jivo-rice-bran-oil-5-litre-premium-cooking-oil-rich-in-antioxidants-ideal-for-deep-frying-sauteing-baking-chemicalfree-5l,amazon,B0DBJ13FKL,959,909,909,909,true,BELOW,-50,-5.21,1,1425,1425
2026-06-09,BAU,ROSEMARY LEAVES 150 GMS,jivo-rosemary-leaves-whole-natural-no-preservatives-or-additives-ideal-for-hair-growth-herbal-tea-seasoning-and-cooking-salvia-rosmarinus-150ml,amazon,B0DGTNDH9L,179,,,,false,OOS,,,0,499,600
2026-06-09,BAU,SAFFRON 1GMS,jivo-pure-kashmiri-saffron-a-grade-kesar-rich-in-antioxidants-boosts-immunity-skin-glow-overall-wellness-1ml,amazon,B0FNDJBJPV,449,,,,false,OOS,,,0,899,900
2026-06-09,BAU,SANO CANOLA 1L,sano-canola-oil-cooking-oil-for-daily-use-recommended-for-all-types-of-cuisines-ideal-for-conscious-cooking-1-liter-1l,amazon,B0CK2D4XCH,259,249,249,249,true,BELOW,-10,-3.86,1,475,475
2026-06-09,BAU,SANO CANOLA 5L,sano-canola-cooking-oil-for-daily-use-recommended-for-all-types-of-cuisines-lowest-in-saturated-fat-content-ideal-for-healthconscious-cooking-5-litre-smart-cooking-choice-5l,amazon,B0CK2B158Y,1249,,,,false,OOS,,,0,1950,2700
2026-06-09,BAU,SANO CLASSIC 1L,sano-extra-light-olive-oil-1-litre-product-of-spain-ideal-for-all-indian-and-western-cuisines-perfect-for-cooking-frying-roasting-grilling-and-baking-versatile-and-smart-cooking-oil-1l,amazon,B0CCVF1XVS,589,,,,false,OOS,,,0,1399,2700
2026-06-09,BAU,SANO CLASSIC 5L,sano-classic-olive-oil-5-litre-ideal-for-all-indian-and-western-cuisines-perfect-for-cooking-frying-roasting-grilling-and-baking-versatile-and-healthy-cooking-oil-5l,amazon,B0CKBFKQ4P,2709,,,,false,OOS,,,0,6499,2700
2026-06-09,BAU,SANO MUSTARD 1L,sano-pure-fresh-kachi-ghani-mustard-oil-1-litre-pet-bottle-high-pungency-rich-in-omega3-100-natural-authentic-indian-cooking-oil-boosts-heart-health-1l,amazon,B0C77PZ83B,209,199,199,199,true,BELOW,-10,-4.78,1,235,235
2026-06-09,BAU,SANO MUSTARD 5L,sano-pure-and-aromatic-kachi-ghani-mustard-oil-5l-pet-bottle-100-natural-ideal-for-cooking-pickling-and-health-benefits-edible-oil-5l,amazon,B0C77VSKBL,999,,,,false,OOS,,,0,1200,2000
2026-06-09,BAU,SANO POMACE 1L,sano-pomace-olive-oil-1l-pet-bottle-ideal-for-deep-frying-sauting-roasting-high-smoke-point-cooking-oil-for-indian-kitchen-1000ml-1l,amazon,B0CF9RQ9PL,419,399,399,399,true,BELOW,-20,-4.77,1,999,999
2026-06-09,BAU,SANO POMACE 5L,sano-pomace-olive-oil-5l-ideal-for-frying-roasting-sauting-rich-neutral-flavour-high-smoke-point-versatile-edible-cooking-oil-for-indian-cuisine-5l,amazon,B0CFFSWMXZ,2069,1999,1999,1999,true,BELOW,-70,-3.38,1,4499,4599
2026-06-09,BAU,SANO SOYABEAN 1L,sano-soyabean-oil-1-ltr-pet-bottle-pure-natural-nutrientrich-cooking-oil-ideal-for-healthy-delights-in-cooking-frying-and-baking-perfect-for-indian-and-international-cuisines-1l,amazon,B0C77V6LL7,199,189,189,189,true,BELOW,-10,-5.03,1,225,225
2026-06-09,BAU,SANO SOYABEAN 5L,sano-soybean-oil-5-ltr-pet-bottle-allnatural-nutrientrich-cooking-oil-with-a-high-omega3-content-and-a-low-saturated-fat-content-ideal-for-delicious-and-healthful-meals-5l,amazon,B0C3QYP96Z,949,899,899,899,true,BELOW,-50,-5.27,1,1450,1450
2026-06-09,BAU,SANO SUNFLOWER 1L,sano-sunflower-oil-1-litre-pet-bottle-pure-nutrientrich-sunflower-cooking-oil-with-high-smoke-point-ideal-for-frying-sauting-and-baking-1l,amazon,B0C3QV7FV6,219,,,,false,OOS,,,0,280,550
2026-06-09,BAU,SANO SUNFLOWER 5L,sano-sunflower-oil-5-ltr-pet-bottle-pure-nutrient-rich-cooking-oil-with-high-smoke-point-ideal-for-frying-sauting-and-baking-all-type-of-cuisines-5l,amazon,B0C7KSLVLB,1069,,,,false,OOS,,,0,1475,550
2026-06-09,BAU,SESAME 1L + 1L,,amazon,B0H2B92WLP,689,,,,false,OOS,,,0,1200,
2026-06-09,BAU,SESAME OIL 1L,jivo-first-pressed-sesame-oil-1l-bottle-gingelly-oil-contains-mufa-and-omega6-pufa-natural-antioxidants-ideal-for-cooking-1l,amazon,B0FDKZPGX1,349,329,329,329,true,BELOW,-20,-5.73,1,600,600
2026-06-09,BAU,SO OLIVE 1L,jivo-so-olive-oil-1-litre-blend-of-rice-bran-olive-oil-nutritious-cooking-oil-for-a-healthy-lifestyle-ideal-for-daily-use-edible-oil-1l,amazon,B0DC6JR4F3,289,279,279,279,true,BELOW,-10,-3.46,1,325,325
2026-06-09,BAU,SO OLIVE 1L + 1L,,amazon,B0H2HJKJH1,569,,,,false,OOS,,,0,650,
2026-06-09,BAU,SO OLIVE 5L,jivo-so-olive-oil-5-litre-blend-of-rice-bran-olive-oil-nutritious-cooking-oil-for-a-healthy-lifestyle-ideal-for-daily-use-edible-oil-5l,amazon,B0DC6WMYM6,1419,1369,1369,1369,true,BELOW,-50,-3.52,1,1625,1625
2026-06-09,BAU,SODA 750ML,jivo-extra-fizzy-soda-750-ml-soda-750ml,amazon,B0D2KLSTFZ,15,,,,false,OOS,,,0,30,1200
2026-06-09,BAU,SODA LEMON 750ML,jivo-fizzy-soda-flavoured-with-lemon-750ml-carbonated-water-zero-sugar-zero-calories-i-pack-of-1-750ml,amazon,B0DP36SDGD,45,,,,false,OOS,,,0,55,210
2026-06-09,BAU,SOYABEAN 1L,jivo-cooking-edible-soyabean-oil-1-litre-high-in-omega6-pufa-contains-tocopherols-natural-antioxidant-suitable-for-daily-cooking-1l,amazon,B0B6HNNL5B,209,199,199,199,true,BELOW,-10,-4.78,1,225,225
2026-06-09,BAU,SOYABEAN 1L + 1L,jivo-soyabean-cooking-oil-1-litre-bottles-pack-of-2-litres-ideal-for-roasting-frying-and-baking-healthy-cooking-oil-for-daily-use-pack-of-2-1l,amazon,B0B7JJ7C9W,409,449,449,449,true,ABOVE,40,9.78,0,1100,450
2026-06-09,BAU,SOYABEAN 1L POUCH,jivo-soyabean-oil-pouch-1-litre-edible-cooking-oil-for-daily-use-ideal-for-roasting-frying-and-baking-high-in-omega3-and-low-in-saturated-fat-1l,amazon,B0BZ4WPT43,209,199,199,199,true,BELOW,-10,-4.78,1,199,550
2026-06-09,BAU,SOYABEAN 5L,jivo-cooking-edible-soyabean-oil-5-litre-high-in-omega6-pufa-contains-tocopherols-natural-antioxidant-suitable-for-daily-cooking-5l,amazon,B0B6HPPMXL,999,949,949,949,true,BELOW,-50,-5.01,1,1100,1100
2026-06-09,BAU,SPRING WATER 750ML,jivo-diet-fizzy-peach-natural-spring-water-peach-750ml-750ml,amazon,B0D2TVRMB6,50,,,,false,OOS,,,0,55,1200
2026-06-09,BAU,SUNFLOWER 1L,jivo-cold-pressed-unrefined-sunflower-oil-1-litre-chemicalfree-oil-for-cooking-ideal-for-roasting-frying-baking-and-all-types-of-cuisines-1l,amazon,B0B4SJTNF2,229,207,207,207,true,BELOW,-22,-9.61,1,275,275
2026-06-09,BAU,SUNFLOWER 1L + 1L,jivo-cold-pressed-chemical-free-sunflower-oil-1-litre-ideal-for-roasting-frying-baking-all-types-of-cuisines-healthy-cooking-oil-for-daily-use-pack-of-2-litres-2l,amazon,B0992GRH3Z,449,,,,false,OOS,,,0,550,550
2026-06-09,BAU,SUNFLOWER 3L,jivo-cold-pressed-chemicalfree-sunflower-oil-3-litres-chemicalfree-oil-for-cooking-ideal-for-roasting-frying-baking-and-all-types-of-cuisines-sunflower-oil-3l,amazon,B0GDV29RCN,679,,,,false,OOS,,,0,825,499
2026-06-09,BAU,SUNFLOWER 4L,jivo-sunflower-oil-4-litres-pure-natural-oil-for-cooking-ideal-for-roasting-frying-baking-and-all-types-of-cuisines-sunflower-oil-4l,amazon,B0FPMJPCFM,909,869,869,869,true,BELOW,-40,-4.4,1,1038,1038
2026-06-09,BAU,SUNFLOWER 5L,jivo-cold-pressed-unrefined-sunflower-oil-5-litres-chemicalfree-oil-for-cooking-ideal-for-roasting-frying-baking-and-all-types-of-cuisines-5l,amazon,B0991VMDB1,1139,987,987,987,true,BELOW,-152,-13.35,1,1350,1350
2026-06-09,BAU,SUNFLOWER SEEDS 200G,jivo-sunflower-seeds-200g-raw-natural-sunflower-seeds-for-snacking-healthy-snack-option-ideal-for-weight-management-antioxidants-great-for-diets-nutrientrich-food-packed-with-protein-200ml,amazon,B0D8TT92SH,139,,,,false,OOS,,,0,299,290
2026-06-09,BAU,SUNFLOWER SEEDS 400G,jivo-sunflower-seeds-raw-natural-sunflower-seeds-for-healthy-snacking-high-in-protein-fiber-antioxidants-ideal-for-weight-management-clean-eating-nutrientrich-diets-400g-400ml,amazon,B0D8TRK651,259,,,,false,OOS,,,0,499,290
2026-06-09,BAU,SUNFLOWER SEEDS 800G,jivo-sunflower-seeds-raw-natural-sunflower-seeds-for-healthy-snacking-high-in-protein-fiber-antioxidants-ideal-for-weight-management-diets-clean-eating-glutenfree-nongmo-800g-800ml,amazon,B0D8TPSX1V,389,,,,false,OOS,,,0,899,599
2026-06-09,BAU,WG MANGO JUICE 500ML,jivo-healthy-wheatgrass-juice-with-mango-flavor-body-detox-immunity-booster-natural-ingredients-500ml-500ml,amazon,B0DM2G4YCC,39,,,,false,OOS,,,0,100,750
2026-06-09,BAU,YELLOW MUSTARD 1L,jivo-first-pressed-yellow-mustard-oil-1-litre-pili-sarson-oil-for-cooking-chemicalfree-ideal-for-roasting-frying-baking-omega3-pufa-tocopherols-added-vitamins-a-d-for-diverse-cuisines-1l,amazon,B0FF9P7XVX,269,259,259,259,true,BELOW,-10,-3.72,1,375,395
2026-06-09,BAU,YELLOW MUSTARD 1L + 1L,,amazon,B0GX19RGQH,529,,,,false,OOS,,,0,750,
2026-06-09,BAU,YELLOW MUSTARD 5L,jivo-first-pressed-yellow-mustard-oil-5-litre-pili-sarson-oil-for-cooking-chemicalfree-ideal-for-roasting-frying-baking-omega3-pufa-tocopherols-added-vitamins-a-d-for-diverse-cuisines-5l,amazon,B0GF1Z3DXR,1329,1269,1269,1269,true,BELOW,-60,-4.51,1,2000,1795
2026-06-09,BAU,A2 GHEE 1L,ghegeujjnscchwq9,flipkart,GHEGEUJJNSCCHWQ9,1409,,,,false,OOS,,,0,4000,4000
2026-06-09,BAU,A2 GHEE 500ML,ghehhzbqjbnvzggq,flipkart,GHEHHZBQJBNVZGGQ,759,613,613,613,true,BELOW,-146,-19.24,1,2200,2200
2026-06-09,BAU,BASIL SEEDS 200G,edsh4zf2vbebfjuq,flipkart,EDSH4ZF2VBEBFJUQ,79,,,,false,OOS,,,0,349,349
2026-06-09,BAU,BASIL SEEDS 400G,,flipkart,,189,,,,false,NOT_LISTED,,,0,599,
2026-06-09,BAU,BASIL SEEDS 800G,edsh4yk7vc4zcnpu,flipkart,EDSH4YK7VC4ZCNPU,349,,,,false,OOS,,,0,1099,1099
2026-06-09,BAU,BLACK CARDAMOM 100G,scmh4h8hzj8ahq9g,flipkart,SCMH4H8HZJ8AHQ9G,289,,,,false,OOS,,,0,549,
2026-06-09,BAU,BLACK OLIVE 470G,,flipkart,,249,,,,false,NOT_LISTED,,,0,399,
2026-06-09,BAU,BLACK PEPPER 100G,scmh2hmc2u7pqmnv,flipkart,SCMH2HMC2U7PQMNV,145,,,,false,OOS,,,0,399,399
2026-06-09,BAU,CANOLA 1+1L,edofrxtmjgae9dct,flipkart,EDOFRXTMJGAE9DCT,529,572,572,572,true,ABOVE,43,8.13,0,750,750
2026-06-09,BAU,CANOLA 1L,edogdtnzgdahuduj,flipkart,EDOGDTNZGDAHUDUJ,269,319,319,319,true,ABOVE,50,18.59,0,375,375
2026-06-09,BAU,CANOLA 1L + 1L,edofrxtmjgae9dct,flipkart,EDOFRXTMJGAE9DCT,529,,,,false,PENDING_REVIEW,,,0,750,
2026-06-09,BAU,CANOLA 1L POUCH,,flipkart,,269,,,,false,NOT_LISTED,,,0,299,
2026-06-09,BAU,CANOLA 3L,edoghersuqwaau5s,flipkart,EDOGHERSUQWAAU5S,799,,,,false,OOS,,,0,690,
2026-06-09,BAU,CANOLA 4L,,flipkart,,1189,,,,false,NOT_LISTED,,,0,1199,
2026-06-09,BAU,CANOLA 5L,edoftx47swwqprvs,flipkart,EDOFTX47SWWQPRVS,1299,1254,1254,1254,true,BELOW,-45,-3.46,1,1650,1650
2026-06-09,BAU,CHIA SEEDS 200G,edsh4ygygrwrqrgk,flipkart,EDSH4YGYGRWRQRGK,99,,,,false,OOS,,,0,299,
2026-06-09,BAU,CHIA SEEDS 400G,edsgxe59s7agkhug,flipkart,EDSGXE59S7AGKHUG,209,,,,false,OOS,,,0,599,
2026-06-09,BAU,CHIA SEEDS 800G,edsh3fjv4pejdfan,flipkart,EDSH3FJV4PEJDFAN,349,,,,false,OOS,,,0,899,899
2026-06-09,BAU,CINNAMON BARK 100G,scmh4h8snyfgcykm,flipkart,SCMH4H8SNYFGCYKM,99,,,,false,OOS,,,0,299,
2026-06-09,BAU,CLOVE 100G,scmhckzekpqwve5v,flipkart,SCMHCKZEKPQWVE5V,249,,,,false,OOS,,,0,280,
2026-06-09,BAU,COCONUT 1L,edogpm99cpxseuyn,flipkart,EDOGPM99CPXSEUYN,559,534,534,534,true,BELOW,-25,-4.47,1,700,700
2026-06-09,BAU,COCONUT 200ML,,flipkart,,149,,,,false,NOT_LISTED,,,0,285,
2026-06-09,BAU,COCONUT 500ML,edohf5f6bs3mehjd,flipkart,EDOHF5F6BS3MEHJD,289,221,221,221,true,BELOW,-68,-23.53,1,695,398
2026-06-09,BAU,COFFEE,cfegmj5gje7hd3dq,flipkart,CFEGMJ5GJE7HD3DQ,249,,,,false,OOS,,,0,350,350
2026-06-09,BAU,CUMIN SEEDS 100G,scmh3fhauzysnuab,flipkart,SCMH3FHAUZYSNUAB,75,,,,false,OOS,,,0,249,
2026-06-09,BAU,EXTRA LIGHT 1+1L,qwrggc46ukqkvces,flipkart,QWRGGC46UKQKVCES,1229,,,,false,OOS,,,0,2798,
2026-06-09,BAU,EXTRA LIGHT 1L,edoge5whzbgw4ska,flipkart,EDOGE5WHZBGW4SKA,619,,,,false,OOS,,,0,1499,
2026-06-09,BAU,EXTRA LIGHT 2L,edoft6pr7qmyhgjh,flipkart,EDOFT6PR7QMYHGJH,1229,1004,1004,1004,true,BELOW,-225,-18.31,1,2799,2998
2026-06-09,BAU,EXTRA LIGHT 3L,,flipkart,,1849,,,,false,PENDING_REVIEW,,,0,2200,
2026-06-09,BAU,EXTRA LIGHT 500ML,,flipkart,,349,,,,false,NOT_LISTED,,,0,499,
2026-06-09,BAU,EXTRA LIGHT 5L,edofzfufcqdjhtqf,flipkart,EDOFZFUFCQDJHTQF,3069,2793,2793,2793,true,BELOW,-276,-8.99,1,6499,6499
2026-06-09,BAU,EXTRA VIRGIN 1L,edog2nmeharedmz3,flipkart,EDOG2NMEHAREDMZ3,809,872,872,872,true,ABOVE,63,7.79,0,1499,1799
2026-06-09,BAU,EXTRA VIRGIN 1L + 1L,qwrgemns9zpzgwjh,flipkart,QWRGEMNS9ZPZGWJH,1609,1345,1345,1345,true,BELOW,-264,-16.41,1,2998,2998
2026-06-09,BAU,EXTRA VIRGIN 200ML,edohgpf2zq9rqpb3,flipkart,EDOHGPF2ZQ9RQPB3,199,,,,false,OOS,,,0,350,
2026-06-09,BAU,EXTRA VIRGIN 250ML,edoguy3fp4y3rvqm,flipkart,EDOGUY3FP4Y3RVQM,219,,,,false,OOS,,,0,450,450
2026-06-09,BAU,EXTRA VIRGIN 2L,edog2nmphjzh6gjc,flipkart,EDOG2NMPHJZH6GJC,1619,1325,1325,1325,true,BELOW,-294,-18.16,1,2700,3598
2026-06-09,BAU,EXTRA VIRGIN 3L,,flipkart,,2429,,,,false,NOT_LISTED,,,0,4000,
2026-06-09,BAU,EXTRA VIRGIN 500ML,edogwgz7tq6zzt3h,flipkart,EDOGWGZ7TQ6ZZT3H,419,396,396,396,true,BELOW,-23,-5.49,1,675,998
2026-06-09,BAU,EXTRA VIRGIN 5L,edogdtxggcgfce88,flipkart,EDOGDTXGGCGFCE88,4039,4047,4047,4047,true,ABOVE,8,0.2,0,7999,5995
2026-06-09,BAU,FLAX SEEDS 200G,edsh4zgfwpsuy7rh,flipkart,EDSH4ZGFWPSUY7RH,99,,,,false,OOS,,,0,249,249
2026-06-09,BAU,FLAX SEEDS 400G,edsh5avfzrhq43rz,flipkart,EDSH5AVFZRHQ43RZ,189,,,,false,OOS,,,0,399,399
2026-06-09,BAU,FLAX SEEDS 800G,edsh5bx4umfr4xyf,flipkart,EDSH5BX4UMFR4XYF,369,,,,false,OOS,,,0,750,750
2026-06-09,BAU,GINGER ALE 200ML,,flipkart,,49,,,,false,NOT_LISTED,,,0,100,
2026-06-09,BAU,GOLD 1+1,edogyj7syy4h2mdh,flipkart,EDOGYJ7SYY4H2MDH,389,405,405,405,true,ABOVE,16,4.11,0,450,450
2026-06-09,BAU,GOLD 1L,edogxyeferfxp3zy,flipkart,EDOGXYEFERFXP3ZY,199,220,220,220,true,ABOVE,21,10.55,0,225,350
2026-06-09,BAU,GOLD 5L,edogrf8rmwnygjpe,flipkart,EDOGRF8RMWNYGJPE,989,,,,false,OOS,,,0,1049,1049
2026-06-09,BAU,GREEN CARDAMOM 100G,scmh4h8nch2pkywv,flipkart,SCMH4H8NCH2PKYWV,499,,,,false,OOS,,,0,799,
2026-06-09,BAU,GROUNDNUT 1L,edogwf6ugcwrregz,flipkart,EDOGWF6UGCWRREGZ,259,300,300,300,true,ABOVE,41,15.83,0,400,560
2026-06-09,BAU,GROUNDNUT 5L,edoh9p7nnnjuxgzp,flipkart,EDOH9P7NNNJUXGZP,1269,,,,false,OOS,,,0,2800,
2026-06-09,BAU,JIVO POMACE 1L,edohyrptdvezvz8e,flipkart,EDOHYRPTDVEZVZ8E,439,563,563,563,true,ABOVE,124,28.25,0,1049,1049
2026-06-09,BAU,JIVO POMACE 1L + 1L,edohyrrpj3h7nhhn,flipkart,EDOHYRRPJ3H7NHHN,869,,,,false,PENDING_REVIEW,,,0,2098,
2026-06-09,BAU,JIVO POMACE 2L,edogyzhgusaddg9b,flipkart,EDOGYZHGUSADDG9B,869,826,826,826,true,BELOW,-43,-4.95,1,1600,2098
2026-06-09,BAU,JIVO POMACE 5L,edoge5xhfzn2hz9d,flipkart,EDOGE5XHFZN2HZ9D,2169,,,,false,OOS,,,0,4999,4999
2026-06-09,BAU,JIVO PUNJABI SHIKANJI 160 MLS,,flipkart,,219,,,,false,NOT_LISTED,,,0,480,
2026-06-09,BAU,JIVO WATER 1L,,flipkart,,20,,,,false,NOT_LISTED,,,0,30,
2026-06-09,BAU,JIVO WATER 250ML,,flipkart,,119,,,,false,NOT_LISTED,,,0,360,
2026-06-09,BAU,JIVO WATER 500 MLS,,flipkart,,12,,,,false,NOT_LISTED,,,0,15,
2026-06-09,BAU,MUSTARD 1L,edogdvwygjndyrqp,flipkart,EDOGDVWYGJNDYRQP,219,151,151,151,true,BELOW,-68,-31.05,1,255,255
2026-06-09,BAU,MUSTARD 1L + 1L,qwrgemqzxaywvm4m,flipkart,QWRGEMQZXAYWVM4M,429,,,,false,PENDING_REVIEW,,,0,500,
2026-06-09,BAU,MUSTARD 1L POUCH,,flipkart,,219,,,,false,NOT_LISTED,,,0,250,
2026-06-09,BAU,MUSTARD 3L,edogkc6kwybcnngh,flipkart,EDOGKC6KWYBCNNGH,629,,,,false,OOS,,,0,765,750
2026-06-09,BAU,MUSTARD 4L,edohgwu9wapbehwk,flipkart,EDOHGWU9WAPBEHWK,839,,,,false,OOS,,,0,1000,
2026-06-09,BAU,MUSTARD 5L,edoh9phgzg9h4gvt,flipkart,EDOH9PHGZG9H4GVT,1049,,,,false,OOS,,,0,1250,
2026-06-09,BAU,POMACE 3L,edogfyrutbcs6yhw,flipkart,EDOGFYRUTBCS6YHW,1309,1194,1194,1194,true,BELOW,-115,-8.79,1,3050,2247
2026-06-09,BAU,PUMPKIN SEEDS 200G,edsh5avcxwvgycyt,flipkart,EDSH5AVCXWVGYCYT,209,,,,false,OOS,,,0,399,399
2026-06-09,BAU,PUMPKIN SEEDS 400G,edsh5avgyvmtpzec,flipkart,EDSH5AVGYVMTPZEC,399,,,,false,OOS,,,0,699,
2026-06-09,BAU,PUMPKIN SEEDS 800G,edsh4zzgcgcmyvfh,flipkart,EDSH4ZZGCGCMYVFH,789,,,,false,OOS,,,0,1299,1299
2026-06-09,BAU,PUNJABI JEERA 160ML,,flipkart,,219,,,,false,NOT_LISTED,,,0,360,
2026-06-09,BAU,QUINOA SEEDS 200G,,flipkart,,119,,,,false,NOT_LISTED,,,0,199,
2026-06-09,BAU,QUINOA SEEDS 400G,,flipkart,,179,,,,false,NOT_LISTED,,,0,299,
2026-06-09,BAU,QUINOA SEEDS 800G,,flipkart,,259,,,,false,NOT_LISTED,,,0,399,
2026-06-09,BAU,RICE BRAN 1L,edohf5ykx4kjregk,flipkart,EDOHF5YKX4KJREGK,199,225,225,225,true,ABOVE,26,13.07,0,285,285
2026-06-09,BAU,RICE BRAN 1L + 1L,edohbh2fp9es6gga,flipkart,EDOHBH2FP9ES6GGA,389,,,,false,PENDING_REVIEW,,,0,570,
2026-06-09,BAU,RICE BRAN 4L,,flipkart,,759,,,,false,NOT_LISTED,,,0,1140,
2026-06-09,BAU,RICE BRAN 5L,edoh3yz46gfvhepb,flipkart,EDOH3YZ46GFVHEPB,959,1033,1033,1033,true,ABOVE,74,7.72,0,1425,1425
2026-06-09,BAU,ROSEMARY LEAVES 150 GMS,,flipkart,,179,,,,false,NOT_LISTED,,,0,499,
2026-06-09,BAU,SAFFRON 1GMS,scmhg4hdys45ycaz,flipkart,SCMHG4HDYS45YCAZ,449,,,,false,OOS,,,0,899,899
2026-06-09,BAU,SANO CANOLA 1L,edogvh5wwcxqnjhf,flipkart,EDOGVH5WWCXQNJHF,259,,,,false,OOS,,,0,475,475
2026-06-09,BAU,SANO CANOLA 5L,edogw3gwc36phwky,flipkart,EDOGW3GWC36PHWKY,1249,,,,false,OOS,,,0,1950,1950
2026-06-09,BAU,SANO CLASSIC 1L,edogvef33gyxkhew,flipkart,EDOGVEF33GYXKHEW,589,,,,false,OOS,,,0,1399,1299
2026-06-09,BAU,SANO CLASSIC 5L,edohagdyvqwt6gng,flipkart,EDOHAGDYVQWT6GNG,2709,,,,false,OOS,,,0,6499,
2026-06-09,BAU,SANO MUSTARD 1L,,flipkart,,209,,,,false,NOT_LISTED,,,0,235,
2026-06-09,BAU,SANO MUSTARD 5L,edogqthv2rjybfr9,flipkart,EDOGQTHV2RJYBFR9,999,,,,false,OOS,,,0,1200,1200
2026-06-09,BAU,SANO POMACE 1L,edogrrxuhzzhz2wz,flipkart,EDOGRRXUHZZHZ2WZ,419,387,387,387,true,BELOW,-32,-7.64,1,999,999
2026-06-09,BAU,SANO POMACE 5L,edogrsy3tnxgejpj,flipkart,EDOGRSY3TNXGEJPJ,2069,1813,1813,1813,true,BELOW,-256,-12.37,1,4499,4599
2026-06-09,BAU,SANO SOYABEAN 1L,,flipkart,,199,,,,false,NOT_LISTED,,,0,225,
2026-06-09,BAU,SANO SOYABEAN 5L,,flipkart,,949,,,,false,NOT_LISTED,,,0,1450,
2026-06-09,BAU,SANO SUNFLOWER 1L,edogqwu2jyazcgzm,flipkart,EDOGQWU2JYAZCGZM,219,,,,false,OOS,,,0,280,291
2026-06-09,BAU,SANO SUNFLOWER 5L,,flipkart,,1069,,,,false,NOT_LISTED,,,0,1475,
2026-06-09,BAU,SESAME 1L + 1L,,flipkart,,689,,,,false,NOT_LISTED,,,0,1200,
2026-06-09,BAU,SESAME OIL 1L,edohdgcrehez8kpz,flipkart,EDOHDGCREHEZ8KPZ,349,346,346,346,true,BELOW,-3,-0.86,1,600,600
2026-06-09,BAU,SO OLIVE 1L,edoh5he7fczjwtaw,flipkart,EDOH5HE7FCZJWTAW,289,237,237,237,true,BELOW,-52,-17.99,1,325,325
2026-06-09,BAU,SO OLIVE 1L + 1L,edohbh2urwdmhpxc,flipkart,EDOHBH2URWDMHPXC,569,563,563,563,true,BELOW,-6,-1.05,1,650,650
2026-06-09,BAU,SO OLIVE 5L,edoh5hehthkwthyy,flipkart,EDOH5HEHTHKWTHYY,1419,1364,1364,1364,true,BELOW,-55,-3.88,1,1625,1625
2026-06-09,BAU,SODA 750ML,,flipkart,,15,,,,false,NOT_LISTED,,,0,30,
2026-06-09,BAU,SODA LEMON 750ML,,flipkart,,45,,,,false,NOT_LISTED,,,0,55,
2026-06-09,BAU,SOYABEAN 1L,,flipkart,,209,,,,false,NOT_LISTED,,,0,225,
2026-06-09,BAU,SOYABEAN 1L + 1L,edoggpfz2fcj6uws,flipkart,EDOGGPFZ2FCJ6UWS,409,,,,false,OOS,,,0,1100,
2026-06-09,BAU,SOYABEAN 1L POUCH,,flipkart,,209,,,,false,NOT_LISTED,,,0,199,
2026-06-09,BAU,SOYABEAN 5L,edoggf7edc9pffhh,flipkart,EDOGGF7EDC9PFFHH,999,976,976,976,true,BELOW,-23,-2.3,1,1100,1100
2026-06-09,BAU,SPRING WATER 750ML,,flipkart,,50,,,,false,NOT_LISTED,,,0,55,
2026-06-09,BAU,SUNFLOWER 1L,qwrgemp4hbfd4gf3,flipkart,QWRGEMP4HBFD4GF3,229,,,,false,OOS,,,0,275,
2026-06-09,BAU,SUNFLOWER 1L + 1L,,flipkart,,449,,,,false,NOT_LISTED,,,0,550,
2026-06-09,BAU,SUNFLOWER 3L,edoghzsebqyya6zw,flipkart,EDOGHZSEBQYYA6ZW,679,,,,false,OOS,,,0,825,825
2026-06-09,BAU,SUNFLOWER 4L,edohgwsvungy8y3m,flipkart,EDOHGWSVUNGY8Y3M,909,,,,false,OOS,,,0,1038,1080
2026-06-09,BAU,SUNFLOWER 5L,edogdvfwgprvttms,flipkart,EDOGDVFWGPRVTTMS,1139,,,,false,OOS,,,0,1350,1350
2026-06-09,BAU,SUNFLOWER SEEDS 200G,edsh5avjzcsan5p3,flipkart,EDSH5AVJZCSAN5P3,139,,,,false,OOS,,,0,299,
2026-06-09,BAU,SUNFLOWER SEEDS 400G,edsh66rre84eyvhc,flipkart,EDSH66RRE84EYVHC,259,,,,false,OOS,,,0,499,
2026-06-09,BAU,SUNFLOWER SEEDS 800G,edsh63q3yyywhmuh,flipkart,EDSH63Q3YYYWHMUH,389,,,,false,OOS,,,0,899,899
2026-06-09,BAU,WG MANGO JUICE 500ML,,flipkart,,39,,,,false,NOT_LISTED,,,0,100,
2026-06-09,BAU,YELLOW MUSTARD 1L,edohdgdyauqswvqv,flipkart,EDOHDGDYAUQSWVQV,269,,,,false,OOS,,,0,375,340
2026-06-09,BAU,YELLOW MUSTARD 1L + 1L,edohnfqudf32jhzr,flipkart,EDOHNFQUDF32JHZR,529,,,,false,PENDING_REVIEW,,,0,750,
2026-06-09,BAU,YELLOW MUSTARD 5L,,flipkart,,1329,,,,false,NOT_LISTED,,,0,2000,
2026-06-09,BAU,A2 GHEE 1L,,amazon-fresh,,1409,,,,false,NOT_LISTED,,,0,4000,
2026-06-09,BAU,A2 GHEE 500ML,,amazon-fresh,,759,,,,false,NOT_LISTED,,,0,2200,
2026-06-09,BAU,BASIL SEEDS 200G,,amazon-fresh,,79,,,,false,NOT_LISTED,,,0,349,
2026-06-09,BAU,BASIL SEEDS 400G,,amazon-fresh,,189,,,,false,NOT_LISTED,,,0,599,
2026-06-09,BAU,BASIL SEEDS 800G,,amazon-fresh,,349,,,,false,NOT_LISTED,,,0,1099,
2026-06-09,BAU,BLACK CARDAMOM 100G,,amazon-fresh,,289,,,,false,NOT_LISTED,,,0,549,
2026-06-09,BAU,BLACK OLIVE 470G,,amazon-fresh,,249,,,,false,NOT_LISTED,,,0,399,
2026-06-09,BAU,BLACK PEPPER 100G,,amazon-fresh,,145,,,,false,NOT_LISTED,,,0,399,
2026-06-09,BAU,CANOLA 1+1L,jivo-canola-cold-pressed-edible-oil-11-litres-1l,amazon-fresh,B0152TWWSQ,529,464,464,487,true,BELOW,-65,-12.29,3,750,750
2026-06-09,BAU,CANOLA 1L,jivo-canola-cold-pressed-edible-oil-1-litre-cooking-oil-for-daily-use-ideal-for-roasting-frying-baking-all-types-of-cuisines-1l,amazon-fresh,B09MJ6QDX7,269,259,248,268,true,BELOW,-10,-3.72,110,375,375
2026-06-09,BAU,CANOLA 1L + 1L,,amazon-fresh,,529,,,,false,NOT_LISTED,,,0,750,
2026-06-09,BAU,CANOLA 1L POUCH,,amazon-fresh,,269,,,,false,NOT_LISTED,,,0,299,
2026-06-09,BAU,CANOLA 3L,,amazon-fresh,,799,,,,false,NOT_LISTED,,,0,690,
2026-06-09,BAU,CANOLA 4L,,amazon-fresh,,1189,,,,false,NOT_LISTED,,,0,1199,
2026-06-09,BAU,CANOLA 5L,jivo-cold-pressed-canola-oil-5-litre-5l,amazon-fresh,B077ZN4G28,1299,1193,1193,1249,true,BELOW,-106,-8.16,74,1650,1650
2026-06-09,BAU,CHIA SEEDS 200G,,amazon-fresh,,99,,,,false,NOT_LISTED,,,0,299,
2026-06-09,BAU,CHIA SEEDS 400G,,amazon-fresh,,209,,,,false,NOT_LISTED,,,0,599,
2026-06-09,BAU,CHIA SEEDS 800G,,amazon-fresh,,349,,,,false,NOT_LISTED,,,0,899,
2026-06-09,BAU,CINNAMON BARK 100G,,amazon-fresh,,99,,,,false,NOT_LISTED,,,0,299,
2026-06-09,BAU,CLOVE 100G,,amazon-fresh,,249,,,,false,NOT_LISTED,,,0,280,
2026-06-09,BAU,COCONUT 1L,jivo-pure-extra-virgin-coconut-oil-1-litre-1l,amazon-fresh,B0BZ8K3DQP,559,539,539,539,true,BELOW,-20,-3.58,3,700,700
2026-06-09,BAU,COCONUT 200ML,,amazon-fresh,,149,,,,false,NOT_LISTED,,,0,285,
2026-06-09,BAU,COCONUT 500ML,jivo-pure-extra-virgin-coconut-oil-500-ml-500ml,amazon-fresh,B0CGN9Y3PT,289,279,279,279,true,BELOW,-10,-3.46,1,695,399
2026-06-09,BAU,COFFEE,,amazon-fresh,,249,,,,false,NOT_LISTED,,,0,350,
2026-06-09,BAU,CUMIN SEEDS 100G,,amazon-fresh,,75,,,,false,NOT_LISTED,,,0,249,
2026-06-09,BAU,EXTRA LIGHT 1+1L,,amazon-fresh,,1229,,,,false,NOT_LISTED,,,0,2798,
2026-06-09,BAU,EXTRA LIGHT 1L,jivo-extra-light-olive-oil-1-litre-1l,amazon-fresh,B09HZY97FR,619,499,499,499,true,BELOW,-120,-19.39,5,1499,1499
2026-06-09,BAU,EXTRA LIGHT 2L,jivo-extra-light-olive-oil-2-litre-2l,amazon-fresh,B09NXCPZW1,1229,1135,1010,1189,true,BELOW,-94,-7.65,104,2799,2799
2026-06-09,BAU,EXTRA LIGHT 3L,,amazon-fresh,,1849,,,,false,NOT_LISTED,,,0,2200,
2026-06-09,BAU,EXTRA LIGHT 500ML,,amazon-fresh,,349,,,,false,NOT_LISTED,,,0,499,
2026-06-09,BAU,EXTRA LIGHT 5L,,amazon-fresh,,3069,,,,false,NOT_LISTED,,,0,6499,
2026-06-09,BAU,EXTRA VIRGIN 1L,jivo-extra-virgin-olive-oil-1-litre-1l,amazon-fresh,B093BMGPQC,809,789,765,789,true,BELOW,-20,-2.47,96,1499,1799
2026-06-09,BAU,EXTRA VIRGIN 1L + 1L,,amazon-fresh,,1609,,,,false,NOT_LISTED,,,0,2998,
2026-06-09,BAU,EXTRA VIRGIN 200ML,,amazon-fresh,,199,,,,false,NOT_LISTED,,,0,350,
2026-06-09,BAU,EXTRA VIRGIN 250ML,,amazon-fresh,,219,,,,false,NOT_LISTED,,,0,450,
2026-06-09,BAU,EXTRA VIRGIN 2L,,amazon-fresh,,1619,,,,false,NOT_LISTED,,,0,2700,
2026-06-09,BAU,EXTRA VIRGIN 3L,,amazon-fresh,,2429,,,,false,NOT_LISTED,,,0,4000,
2026-06-09,BAU,EXTRA VIRGIN 500ML,,amazon-fresh,,419,,,,false,NOT_LISTED,,,0,675,
2026-06-09,BAU,EXTRA VIRGIN 5L,,amazon-fresh,,4039,,,,false,NOT_LISTED,,,0,7999,
2026-06-09,BAU,FLAX SEEDS 200G,,amazon-fresh,,99,,,,false,NOT_LISTED,,,0,249,
2026-06-09,BAU,FLAX SEEDS 400G,,amazon-fresh,,189,,,,false,NOT_LISTED,,,0,399,
2026-06-09,BAU,FLAX SEEDS 800G,,amazon-fresh,,369,,,,false,NOT_LISTED,,,0,750,
2026-06-09,BAU,GINGER ALE 200ML,,amazon-fresh,,49,,,,false,NOT_LISTED,,,0,100,
2026-06-09,BAU,GOLD 1+1,,amazon-fresh,,389,,,,false,NOT_LISTED,,,0,450,
2026-06-09,BAU,GOLD 1L,,amazon-fresh,,199,,,,false,NOT_LISTED,,,0,225,
2026-06-09,BAU,GOLD 5L,jivo-gold-refined-oil-perfect-blend-of-rice-bran-sunflower-oil-5l,amazon-fresh,B0C9Q1S6QG,989,930,899,939,true,BELOW,-59,-5.97,30,1049,1050
2026-06-09,BAU,GREEN CARDAMOM 100G,,amazon-fresh,,499,,,,false,NOT_LISTED,,,0,799,
2026-06-09,BAU,GROUNDNUT 1L,,amazon-fresh,,259,,,,false,NOT_LISTED,,,0,400,
2026-06-09,BAU,GROUNDNUT 5L,jivo-cold-pressed-groundnut-oil-5-litre-5l,amazon-fresh,B0CKFFGC31,1269,1074,1074,1127,true,BELOW,-195,-15.37,36,2800,2800
2026-06-09,BAU,JIVO POMACE 1L,jivo-daily-cooking-pomace-olive-oil-1-litre-1l,amazon-fresh,B0821DNF2W,439,379,379,429,true,BELOW,-60,-13.67,108,1049,1049
2026-06-09,BAU,JIVO POMACE 1L + 1L,,amazon-fresh,,869,,,,false,NOT_LISTED,,,0,2098,
2026-06-09,BAU,JIVO POMACE 2L,,amazon-fresh,,869,,,,false,NOT_LISTED,,,0,1600,
2026-06-09,BAU,JIVO POMACE 5L,jivo-pomace-olive-oil-5-litre-tin-for-everyday-cooking-5l,amazon-fresh,B07X53ZL6J,2169,1950,1950,2119,true,BELOW,-219,-10.1,96,4999,4999
2026-06-09,BAU,JIVO PUNJABI SHIKANJI 160 MLS,,amazon-fresh,,219,,,,false,NOT_LISTED,,,0,480,
2026-06-09,BAU,JIVO WATER 1L,,amazon-fresh,,20,,,,false,NOT_LISTED,,,0,30,
2026-06-09,BAU,JIVO WATER 250ML,,amazon-fresh,,119,,,,false,NOT_LISTED,,,0,360,
2026-06-09,BAU,JIVO WATER 500 MLS,,amazon-fresh,,12,,,,false,NOT_LISTED,,,0,15,
2026-06-09,BAU,MUSTARD 1L,jivo-cold-pressed-kachi-ghani-chemical-free-mustard-daily-cooking-oil-1-litre-1l,amazon-fresh,B09NYCSQLF,219,209,181,209,true,BELOW,-10,-4.57,14,255,255
2026-06-09,BAU,MUSTARD 1L + 1L,,amazon-fresh,,429,,,,false,NOT_LISTED,,,0,500,
2026-06-09,BAU,MUSTARD 1L POUCH,jivo-cold-pressed-kachi-ghani-chemical-free-mustard-daily-cooking-oil-1-litre-pouch-1l,amazon-fresh,B0DRYVRYYM,219,199,199,199,true,BELOW,-20,-9.13,1,250,
2026-06-09,BAU,MUSTARD 3L,,amazon-fresh,,629,,,,false,NOT_LISTED,,,0,765,
2026-06-09,BAU,MUSTARD 4L,,amazon-fresh,,839,,,,false,NOT_LISTED,,,0,1000,
2026-06-09,BAU,MUSTARD 5L,jivo-premium-cold-pressed-kachi-ghani-mustard-oil-5-litre-5l,amazon-fresh,B091XPD9J3,1049,960,960,999,true,BELOW,-89,-8.48,102,1250,1250
2026-06-09,BAU,POMACE 3L,,amazon-fresh,,1309,,,,false,NOT_LISTED,,,0,3050,
2026-06-09,BAU,PUMPKIN SEEDS 200G,,amazon-fresh,,209,,,,false,NOT_LISTED,,,0,399,
2026-06-09,BAU,PUMPKIN SEEDS 400G,,amazon-fresh,,399,,,,false,NOT_LISTED,,,0,699,
2026-06-09,BAU,PUMPKIN SEEDS 800G,,amazon-fresh,,789,,,,false,NOT_LISTED,,,0,1299,
2026-06-09,BAU,PUNJABI JEERA 160ML,,amazon-fresh,,219,,,,false,NOT_LISTED,,,0,360,
2026-06-09,BAU,QUINOA SEEDS 200G,,amazon-fresh,,119,,,,false,NOT_LISTED,,,0,199,
2026-06-09,BAU,QUINOA SEEDS 400G,,amazon-fresh,,179,,,,false,NOT_LISTED,,,0,299,
2026-06-09,BAU,QUINOA SEEDS 800G,,amazon-fresh,,259,,,,false,NOT_LISTED,,,0,399,
2026-06-09,BAU,RICE BRAN 1L,jivo-rice-bran-oil-1-litre-cooking-oil-1l,amazon-fresh,B0DBHQ2QWW,199,189,184,189,true,BELOW,-10,-5.03,9,285,285
2026-06-09,BAU,RICE BRAN 1L + 1L,,amazon-fresh,,389,,,,false,NOT_LISTED,,,0,570,
2026-06-09,BAU,RICE BRAN 4L,,amazon-fresh,,759,,,,false,NOT_LISTED,,,0,1140,
2026-06-09,BAU,RICE BRAN 5L,jivo-rice-bran-oil-5-litre-5l,amazon-fresh,B0DBJ13FKL,959,909,909,909,true,BELOW,-50,-5.21,71,1425,1425
2026-06-09,BAU,ROSEMARY LEAVES 150 GMS,,amazon-fresh,,179,,,,false,NOT_LISTED,,,0,499,
2026-06-09,BAU,SAFFRON 1GMS,,amazon-fresh,,449,,,,false,NOT_LISTED,,,0,899,
2026-06-09,BAU,SANO CANOLA 1L,,amazon-fresh,,259,,,,false,NOT_LISTED,,,0,475,
2026-06-09,BAU,SANO CANOLA 5L,,amazon-fresh,,1249,,,,false,NOT_LISTED,,,0,1950,
2026-06-09,BAU,SANO CLASSIC 1L,,amazon-fresh,,589,,,,false,NOT_LISTED,,,0,1399,
2026-06-09,BAU,SANO CLASSIC 5L,,amazon-fresh,,2709,,,,false,NOT_LISTED,,,0,6499,
2026-06-09,BAU,SANO MUSTARD 1L,,amazon-fresh,,209,,,,false,NOT_LISTED,,,0,235,
2026-06-09,BAU,SANO MUSTARD 5L,,amazon-fresh,,999,,,,false,NOT_LISTED,,,0,1200,
2026-06-09,BAU,SANO POMACE 1L,,amazon-fresh,,419,,,,false,NOT_LISTED,,,0,999,
2026-06-09,BAU,SANO POMACE 5L,,amazon-fresh,,2069,,,,false,NOT_LISTED,,,0,4499,
2026-06-09,BAU,SANO SOYABEAN 1L,,amazon-fresh,,199,,,,false,NOT_LISTED,,,0,225,
2026-06-09,BAU,SANO SOYABEAN 5L,,amazon-fresh,,949,,,,false,NOT_LISTED,,,0,1450,
2026-06-09,BAU,SANO SUNFLOWER 1L,,amazon-fresh,,219,,,,false,NOT_LISTED,,,0,280,
2026-06-09,BAU,SANO SUNFLOWER 5L,,amazon-fresh,,1069,,,,false,NOT_LISTED,,,0,1475,
2026-06-09,BAU,SESAME 1L + 1L,,amazon-fresh,,689,,,,false,NOT_LISTED,,,0,1200,
2026-06-09,BAU,SESAME OIL 1L,,amazon-fresh,,349,,,,false,NOT_LISTED,,,0,600,
2026-06-09,BAU,SO OLIVE 1L,jivo-soolive-oil-1l-1l,amazon-fresh,B0DC6JR4F3,289,279,237,279,true,BELOW,-10,-3.46,42,325,325
2026-06-09,BAU,SO OLIVE 1L + 1L,,amazon-fresh,,569,,,,false,NOT_LISTED,,,0,650,
2026-06-09,BAU,SO OLIVE 5L,,amazon-fresh,,1419,,,,false,NOT_LISTED,,,0,1625,
2026-06-09,BAU,SODA 750ML,,amazon-fresh,,15,,,,false,NOT_LISTED,,,0,30,
2026-06-09,BAU,SODA LEMON 750ML,,amazon-fresh,,45,,,,false,NOT_LISTED,,,0,55,
2026-06-09,BAU,SOYABEAN 1L,jivo-cooking-edible-soyabean-oil-1-litre-1l,amazon-fresh,B0B6HNNL5B,209,199,199,225,true,BELOW,-10,-4.78,46,225,225
2026-06-09,BAU,SOYABEAN 1L + 1L,,amazon-fresh,,409,,,,false,NOT_LISTED,,,0,1100,
2026-06-09,BAU,SOYABEAN 1L POUCH,,amazon-fresh,,209,,,,false,NOT_LISTED,,,0,199,
2026-06-09,BAU,SOYABEAN 5L,,amazon-fresh,,999,,,,false,NOT_LISTED,,,0,1100,
2026-06-09,BAU,SPRING WATER 750ML,,amazon-fresh,,50,,,,false,NOT_LISTED,,,0,55,
2026-06-09,BAU,SUNFLOWER 1L,jivo-cold-pressed-unrefined-sunflower-oil-1-litre-1l,amazon-fresh,B0B4SJTNF2,229,177,177,195,true,BELOW,-52,-22.71,5,275,275
2026-06-09,BAU,SUNFLOWER 1L + 1L,,amazon-fresh,,449,,,,false,NOT_LISTED,,,0,550,
2026-06-09,BAU,SUNFLOWER 3L,,amazon-fresh,,679,,,,false,NOT_LISTED,,,0,825,
2026-06-09,BAU,SUNFLOWER 4L,,amazon-fresh,,909,,,,false,NOT_LISTED,,,0,1038,
2026-06-09,BAU,SUNFLOWER 5L,jivo-cold-pressed-unrefined-sunflower-oil-5-litres-5l,amazon-fresh,B0991VMDB1,1139,1049,949,1049,true,BELOW,-90,-7.9,85,1350,1350
2026-06-09,BAU,SUNFLOWER SEEDS 200G,,amazon-fresh,,139,,,,false,NOT_LISTED,,,0,299,
2026-06-09,BAU,SUNFLOWER SEEDS 400G,,amazon-fresh,,259,,,,false,NOT_LISTED,,,0,499,
2026-06-09,BAU,SUNFLOWER SEEDS 800G,,amazon-fresh,,389,,,,false,NOT_LISTED,,,0,899,
2026-06-09,BAU,WG MANGO JUICE 500ML,,amazon-fresh,,39,,,,false,NOT_LISTED,,,0,100,
2026-06-09,BAU,YELLOW MUSTARD 1L,jivo-first-pressed-yellow-mustard-oil-1-litre-1l,amazon-fresh,B0FF9P7XVX,269,259,259,259,true,BELOW,-10,-3.72,8,375,355
2026-06-09,BAU,YELLOW MUSTARD 1L + 1L,,amazon-fresh,,529,,,,false,NOT_LISTED,,,0,750,
2026-06-09,BAU,YELLOW MUSTARD 5L,,amazon-fresh,,1329,,,,false,NOT_LISTED,,,0,2000,
2026-06-09,BAU,A2 GHEE 1L,,amazon-now,,1409,,,,false,NOT_LISTED,,,0,4000,
2026-06-09,BAU,A2 GHEE 500ML,,amazon-now,,759,,,,false,NOT_LISTED,,,0,2200,
2026-06-09,BAU,BASIL SEEDS 200G,,amazon-now,,79,,,,false,NOT_LISTED,,,0,349,
2026-06-09,BAU,BASIL SEEDS 400G,,amazon-now,,189,,,,false,NOT_LISTED,,,0,599,
2026-06-09,BAU,BASIL SEEDS 800G,,amazon-now,,349,,,,false,NOT_LISTED,,,0,1099,
2026-06-09,BAU,BLACK CARDAMOM 100G,,amazon-now,,289,,,,false,NOT_LISTED,,,0,549,
2026-06-09,BAU,BLACK OLIVE 470G,,amazon-now,,249,,,,false,NOT_LISTED,,,0,399,
2026-06-09,BAU,BLACK PEPPER 100G,,amazon-now,,145,,,,false,NOT_LISTED,,,0,399,
2026-06-09,BAU,CANOLA 1+1L,,amazon-now,B0152TWWSQ,529,,,,false,OOS,,,0,750,
2026-06-09,BAU,CANOLA 1L,jivo-canola-cold-pressed-edible-oil-1-litre-cooking-oil-for-daily-use-ideal-for-roasting-frying-baking-all-types-of-cuisines-1l,amazon-now,B09MJ6QDX7,269,259,257,268,true,BELOW,-10,-3.72,68,375,375
2026-06-09,BAU,CANOLA 1L + 1L,,amazon-now,,529,,,,false,NOT_LISTED,,,0,750,
2026-06-09,BAU,CANOLA 1L POUCH,,amazon-now,,269,,,,false,NOT_LISTED,,,0,299,
2026-06-09,BAU,CANOLA 3L,,amazon-now,,799,,,,false,NOT_LISTED,,,0,690,
2026-06-09,BAU,CANOLA 4L,,amazon-now,,1189,,,,false,NOT_LISTED,,,0,1199,
2026-06-09,BAU,CANOLA 5L,jivo-cold-pressed-canola-oil-5-litre-5l,amazon-now,B077ZN4G28,1299,1249,1193,1249,true,BELOW,-50,-3.85,61,1650,1650
2026-06-09,BAU,CHIA SEEDS 200G,,amazon-now,,99,,,,false,NOT_LISTED,,,0,299,
2026-06-09,BAU,CHIA SEEDS 400G,,amazon-now,,209,,,,false,NOT_LISTED,,,0,599,
2026-06-09,BAU,CHIA SEEDS 800G,,amazon-now,,349,,,,false,NOT_LISTED,,,0,899,
2026-06-09,BAU,CINNAMON BARK 100G,,amazon-now,,99,,,,false,NOT_LISTED,,,0,299,
2026-06-09,BAU,CLOVE 100G,,amazon-now,,249,,,,false,NOT_LISTED,,,0,280,
2026-06-09,BAU,COCONUT 1L,jivo-pure-extra-virgin-coconut-oil-1-litre-1l,amazon-now,B0BZ8K3DQP,559,539,539,539,true,BELOW,-20,-3.58,28,700,700
2026-06-09,BAU,COCONUT 200ML,,amazon-now,,149,,,,false,NOT_LISTED,,,0,285,
2026-06-09,BAU,COCONUT 500ML,,amazon-now,,289,,,,false,NOT_LISTED,,,0,695,
2026-06-09,BAU,COFFEE,,amazon-now,,249,,,,false,NOT_LISTED,,,0,350,
2026-06-09,BAU,CUMIN SEEDS 100G,,amazon-now,,75,,,,false,NOT_LISTED,,,0,249,
2026-06-09,BAU,EXTRA LIGHT 1+1L,,amazon-now,,1229,,,,false,NOT_LISTED,,,0,2798,
2026-06-09,BAU,EXTRA LIGHT 1L,jivo-extra-light-olive-oil-1-litre-1l,amazon-now,B09HZY97FR,619,499,499,523,true,BELOW,-120,-19.39,15,1499,1499
2026-06-09,BAU,EXTRA LIGHT 2L,jivo-extra-light-olive-oil-2-litre-2l,amazon-now,B09NXCPZW1,1229,1135,1135,1189,true,BELOW,-94,-7.65,68,2799,2799
2026-06-09,BAU,EXTRA LIGHT 3L,,amazon-now,,1849,,,,false,NOT_LISTED,,,0,2200,
2026-06-09,BAU,EXTRA LIGHT 500ML,,amazon-now,,349,,,,false,NOT_LISTED,,,0,499,
2026-06-09,BAU,EXTRA LIGHT 5L,,amazon-now,,3069,,,,false,NOT_LISTED,,,0,6499,
2026-06-09,BAU,EXTRA VIRGIN 1L,jivo-extra-virgin-olive-oil-1-litre-1l,amazon-now,B093BMGPQC,809,789,765,789,true,BELOW,-20,-2.47,56,1499,1799
2026-06-09,BAU,EXTRA VIRGIN 1L + 1L,,amazon-now,,1609,,,,false,NOT_LISTED,,,0,2998,
2026-06-09,BAU,EXTRA VIRGIN 200ML,,amazon-now,,199,,,,false,NOT_LISTED,,,0,350,
2026-06-09,BAU,EXTRA VIRGIN 250ML,,amazon-now,,219,,,,false,NOT_LISTED,,,0,450,
2026-06-09,BAU,EXTRA VIRGIN 2L,,amazon-now,,1619,,,,false,NOT_LISTED,,,0,2700,
2026-06-09,BAU,EXTRA VIRGIN 3L,,amazon-now,,2429,,,,false,NOT_LISTED,,,0,4000,
2026-06-09,BAU,EXTRA VIRGIN 500ML,,amazon-now,,419,,,,false,NOT_LISTED,,,0,675,
2026-06-09,BAU,EXTRA VIRGIN 5L,,amazon-now,,4039,,,,false,NOT_LISTED,,,0,7999,
2026-06-09,BAU,FLAX SEEDS 200G,,amazon-now,,99,,,,false,NOT_LISTED,,,0,249,
2026-06-09,BAU,FLAX SEEDS 400G,,amazon-now,,189,,,,false,NOT_LISTED,,,0,399,
2026-06-09,BAU,FLAX SEEDS 800G,,amazon-now,,369,,,,false,NOT_LISTED,,,0,750,
2026-06-09,BAU,GINGER ALE 200ML,,amazon-now,,49,,,,false,NOT_LISTED,,,0,100,
2026-06-09,BAU,GOLD 1+1,,amazon-now,,389,,,,false,NOT_LISTED,,,0,450,
2026-06-09,BAU,GOLD 1L,,amazon-now,,199,,,,false,NOT_LISTED,,,0,225,
2026-06-09,BAU,GOLD 5L,jivo-gold-refined-oil-perfect-blend-of-rice-bran-sunflower-oil-5l,amazon-now,B0C9Q1S6QG,989,930,930,930,true,BELOW,-59,-5.97,13,1049,1050
2026-06-09,BAU,GREEN CARDAMOM 100G,,amazon-now,,499,,,,false,NOT_LISTED,,,0,799,
2026-06-09,BAU,GROUNDNUT 1L,jivo-cold-pressed-groundnut-oil-1-litre-1l,amazon-now,B0CKFFW9B6,259,199,199,199,true,BELOW,-60,-23.17,1,400,560
2026-06-09,BAU,GROUNDNUT 5L,jivo-cold-pressed-groundnut-oil-5-litre-5l,amazon-now,B0CKFFGC31,1269,1074,1074,1127,true,BELOW,-195,-15.37,36,2800,2800
2026-06-09,BAU,JIVO POMACE 1L,jivo-daily-cooking-pomace-olive-oil-1-litre-1l,amazon-now,B0821DNF2W,439,379,379,429,true,BELOW,-60,-13.67,66,1049,1049
2026-06-09,BAU,JIVO POMACE 1L + 1L,,amazon-now,,869,,,,false,NOT_LISTED,,,0,2098,
2026-06-09,BAU,JIVO POMACE 2L,,amazon-now,,869,,,,false,NOT_LISTED,,,0,1600,
2026-06-09,BAU,JIVO POMACE 5L,jivo-pomace-olive-oil-5-litre-tin-for-everyday-cooking-5l,amazon-now,B07X53ZL6J,2169,1950,1950,2119,true,BELOW,-219,-10.1,84,4999,4999
2026-06-09,BAU,JIVO PUNJABI SHIKANJI 160 MLS,,amazon-now,,219,,,,false,NOT_LISTED,,,0,480,
2026-06-09,BAU,JIVO WATER 1L,,amazon-now,,20,,,,false,NOT_LISTED,,,0,30,
2026-06-09,BAU,JIVO WATER 250ML,,amazon-now,,119,,,,false,NOT_LISTED,,,0,360,
2026-06-09,BAU,JIVO WATER 500 MLS,,amazon-now,,12,,,,false,NOT_LISTED,,,0,15,
2026-06-09,BAU,MUSTARD 1L,jivo-cold-pressed-kachi-ghani-chemical-free-mustard-daily-cooking-oil-1-litre-1l,amazon-now,B09NYCSQLF,219,181,181,190,true,BELOW,-38,-17.35,7,255,255
2026-06-09,BAU,MUSTARD 1L + 1L,,amazon-now,,429,,,,false,NOT_LISTED,,,0,500,
2026-06-09,BAU,MUSTARD 1L POUCH,,amazon-now,,219,,,,false,NOT_LISTED,,,0,250,
2026-06-09,BAU,MUSTARD 3L,,amazon-now,,629,,,,false,NOT_LISTED,,,0,765,
2026-06-09,BAU,MUSTARD 4L,,amazon-now,,839,,,,false,NOT_LISTED,,,0,1000,
2026-06-09,BAU,MUSTARD 5L,jivo-premium-cold-pressed-kachi-ghani-mustard-oil-5-litre-5l,amazon-now,B091XPD9J3,1049,960,960,999,true,BELOW,-89,-8.48,70,1250,1250
2026-06-09,BAU,POMACE 3L,,amazon-now,,1309,,,,false,NOT_LISTED,,,0,3050,
2026-06-09,BAU,PUMPKIN SEEDS 200G,,amazon-now,,209,,,,false,NOT_LISTED,,,0,399,
2026-06-09,BAU,PUMPKIN SEEDS 400G,,amazon-now,,399,,,,false,NOT_LISTED,,,0,699,
2026-06-09,BAU,PUMPKIN SEEDS 800G,,amazon-now,,789,,,,false,NOT_LISTED,,,0,1299,
2026-06-09,BAU,PUNJABI JEERA 160ML,,amazon-now,,219,,,,false,NOT_LISTED,,,0,360,
2026-06-09,BAU,QUINOA SEEDS 200G,,amazon-now,,119,,,,false,NOT_LISTED,,,0,199,
2026-06-09,BAU,QUINOA SEEDS 400G,,amazon-now,,179,,,,false,NOT_LISTED,,,0,299,
2026-06-09,BAU,QUINOA SEEDS 800G,,amazon-now,,259,,,,false,NOT_LISTED,,,0,399,
2026-06-09,BAU,RICE BRAN 1L,jivo-rice-bran-oil-1-litre-cooking-oil-1l,amazon-now,B0DBHQ2QWW,199,189,178,189,true,BELOW,-10,-5.03,21,285,285
2026-06-09,BAU,RICE BRAN 1L + 1L,,amazon-now,,389,,,,false,NOT_LISTED,,,0,570,
2026-06-09,BAU,RICE BRAN 4L,,amazon-now,,759,,,,false,NOT_LISTED,,,0,1140,
2026-06-09,BAU,RICE BRAN 5L,jivo-rice-bran-oil-5-litre-5l,amazon-now,B0DBJ13FKL,959,909,909,909,true,BELOW,-50,-5.21,18,1425,1425
2026-06-09,BAU,ROSEMARY LEAVES 150 GMS,,amazon-now,,179,,,,false,NOT_LISTED,,,0,499,
2026-06-09,BAU,SAFFRON 1GMS,,amazon-now,,449,,,,false,NOT_LISTED,,,0,899,
2026-06-09,BAU,SANO CANOLA 1L,,amazon-now,,259,,,,false,NOT_LISTED,,,0,475,
2026-06-09,BAU,SANO CANOLA 5L,,amazon-now,,1249,,,,false,NOT_LISTED,,,0,1950,
2026-06-09,BAU,SANO CLASSIC 1L,,amazon-now,,589,,,,false,NOT_LISTED,,,0,1399,
2026-06-09,BAU,SANO CLASSIC 5L,,amazon-now,,2709,,,,false,NOT_LISTED,,,0,6499,
2026-06-09,BAU,SANO MUSTARD 1L,,amazon-now,,209,,,,false,NOT_LISTED,,,0,235,
2026-06-09,BAU,SANO MUSTARD 5L,,amazon-now,,999,,,,false,NOT_LISTED,,,0,1200,
2026-06-09,BAU,SANO POMACE 1L,,amazon-now,,419,,,,false,NOT_LISTED,,,0,999,
2026-06-09,BAU,SANO POMACE 5L,,amazon-now,,2069,,,,false,NOT_LISTED,,,0,4499,
2026-06-09,BAU,SANO SOYABEAN 1L,,amazon-now,,199,,,,false,NOT_LISTED,,,0,225,
2026-06-09,BAU,SANO SOYABEAN 5L,,amazon-now,,949,,,,false,NOT_LISTED,,,0,1450,
2026-06-09,BAU,SANO SUNFLOWER 1L,,amazon-now,,219,,,,false,NOT_LISTED,,,0,280,
2026-06-09,BAU,SANO SUNFLOWER 5L,,amazon-now,,1069,,,,false,NOT_LISTED,,,0,1475,
2026-06-09,BAU,SESAME 1L + 1L,,amazon-now,,689,,,,false,NOT_LISTED,,,0,1200,
2026-06-09,BAU,SESAME OIL 1L,,amazon-now,,349,,,,false,NOT_LISTED,,,0,600,
2026-06-09,BAU,SO OLIVE 1L,,amazon-now,,289,,,,false,NOT_LISTED,,,0,325,
2026-06-09,BAU,SO OLIVE 1L + 1L,,amazon-now,,569,,,,false,NOT_LISTED,,,0,650,
2026-06-09,BAU,SO OLIVE 5L,,amazon-now,,1419,,,,false,NOT_LISTED,,,0,1625,
2026-06-09,BAU,SODA 750ML,,amazon-now,,15,,,,false,NOT_LISTED,,,0,30,
2026-06-09,BAU,SODA LEMON 750ML,,amazon-now,,45,,,,false,NOT_LISTED,,,0,55,
2026-06-09,BAU,SOYABEAN 1L,jivo-cooking-edible-soyabean-oil-1-litre-1l,amazon-now,B0B6HNNL5B,209,199,199,225,true,BELOW,-10,-4.78,19,225,225
2026-06-09,BAU,SOYABEAN 1L + 1L,,amazon-now,,409,,,,false,NOT_LISTED,,,0,1100,
2026-06-09,BAU,SOYABEAN 1L POUCH,,amazon-now,,209,,,,false,NOT_LISTED,,,0,199,
2026-06-09,BAU,SOYABEAN 5L,,amazon-now,,999,,,,false,NOT_LISTED,,,0,1100,
2026-06-09,BAU,SPRING WATER 750ML,,amazon-now,,50,,,,false,NOT_LISTED,,,0,55,
2026-06-09,BAU,SUNFLOWER 1L,jivo-cold-pressed-unrefined-sunflower-oil-1-litre-1l,amazon-now,B0B4SJTNF2,229,177,177,195,true,BELOW,-52,-22.71,6,275,275
2026-06-09,BAU,SUNFLOWER 1L + 1L,,amazon-now,,449,,,,false,NOT_LISTED,,,0,550,
2026-06-09,BAU,SUNFLOWER 3L,,amazon-now,,679,,,,false,NOT_LISTED,,,0,825,
2026-06-09,BAU,SUNFLOWER 4L,,amazon-now,,909,,,,false,NOT_LISTED,,,0,1038,
2026-06-09,BAU,SUNFLOWER 5L,jivo-cold-pressed-unrefined-sunflower-oil-5-litres-5l,amazon-now,B0991VMDB1,1139,1049,949,1049,true,BELOW,-90,-7.9,54,1350,1350
2026-06-09,BAU,SUNFLOWER SEEDS 200G,,amazon-now,,139,,,,false,NOT_LISTED,,,0,299,
2026-06-09,BAU,SUNFLOWER SEEDS 400G,,amazon-now,,259,,,,false,NOT_LISTED,,,0,499,
2026-06-09,BAU,SUNFLOWER SEEDS 800G,,amazon-now,,389,,,,false,NOT_LISTED,,,0,899,
2026-06-09,BAU,WG MANGO JUICE 500ML,jivo-healthy-wheatgrass-juice-with-mango-flavor-body-detox-immunity-booster-natural-ingredients-500ml-mango-500ml,amazon-now,B0DM2G4YCC,39,35,35,35,true,BELOW,-4,-10.26,8,100,55
2026-06-09,BAU,YELLOW MUSTARD 1L,jivo-first-pressed-yellow-mustard-oil-1-litre-1l,amazon-now,B0FF9P7XVX,269,259,259,259,true,BELOW,-10,-3.72,8,375,355
2026-06-09,BAU,YELLOW MUSTARD 1L + 1L,,amazon-now,,529,,,,false,NOT_LISTED,,,0,750,
2026-06-09,BAU,YELLOW MUSTARD 5L,,amazon-now,,1329,,,,false,NOT_LISTED,,,0,2000,
2026-06-09,BAU,A2 GHEE 1L,,flipkart-minutes,,1409,,,,false,NOT_LISTED,,,0,4000,
2026-06-09,BAU,A2 GHEE 500ML,,flipkart-minutes,,759,,,,false,NOT_LISTED,,,0,2200,
2026-06-09,BAU,BASIL SEEDS 200G,,flipkart-minutes,,79,,,,false,NOT_LISTED,,,0,349,
2026-06-09,BAU,BASIL SEEDS 400G,,flipkart-minutes,,189,,,,false,NOT_LISTED,,,0,599,
2026-06-09,BAU,BASIL SEEDS 800G,,flipkart-minutes,,349,,,,false,NOT_LISTED,,,0,1099,
2026-06-09,BAU,BLACK CARDAMOM 100G,,flipkart-minutes,,289,,,,false,NOT_LISTED,,,0,549,
2026-06-09,BAU,BLACK OLIVE 470G,,flipkart-minutes,,249,,,,false,NOT_LISTED,,,0,399,
2026-06-09,BAU,BLACK PEPPER 100G,,flipkart-minutes,,145,,,,false,NOT_LISTED,,,0,399,
2026-06-09,BAU,CANOLA 1+1L,jivo-cold-press-combo-canola-oil-plastic-bottle-2l,flipkart-minutes,EDOF25FJGBH5EDS3,529,575,575,575,true,ABOVE,46,8.7,0,750,
2026-06-09,BAU,CANOLA 1L,jivo-cold-press-canola-oil-plastic-bottle-1l,flipkart-minutes,EDOG9BP8GEWFW9XC,269,258,241,271,true,BELOW,-11,-4.09,36,375,375
2026-06-09,BAU,CANOLA 1L + 1L,,flipkart-minutes,,529,,,,false,NOT_LISTED,,,0,750,
2026-06-09,BAU,CANOLA 1L POUCH,,flipkart-minutes,,269,,,,false,NOT_LISTED,,,0,299,
2026-06-09,BAU,CANOLA 3L,,flipkart-minutes,,799,,,,false,NOT_LISTED,,,0,690,
2026-06-09,BAU,CANOLA 4L,,flipkart-minutes,,1189,,,,false,NOT_LISTED,,,0,1199,
2026-06-09,BAU,CANOLA 5L,,flipkart-minutes,,1299,,,,false,NOT_LISTED,,,0,1650,
2026-06-09,BAU,CHIA SEEDS 200G,,flipkart-minutes,,99,,,,false,NOT_LISTED,,,0,299,
2026-06-09,BAU,CHIA SEEDS 400G,,flipkart-minutes,,209,,,,false,NOT_LISTED,,,0,599,
2026-06-09,BAU,CHIA SEEDS 800G,,flipkart-minutes,,349,,,,false,NOT_LISTED,,,0,899,
2026-06-09,BAU,CINNAMON BARK 100G,,flipkart-minutes,,99,,,,false,NOT_LISTED,,,0,299,
2026-06-09,BAU,CLOVE 100G,,flipkart-minutes,,249,,,,false,NOT_LISTED,,,0,280,
2026-06-09,BAU,COCONUT 1L,,flipkart-minutes,,559,,,,false,NOT_LISTED,,,0,700,
2026-06-09,BAU,COCONUT 200ML,,flipkart-minutes,,149,,,,false,NOT_LISTED,,,0,285,
2026-06-09,BAU,COCONUT 500ML,,flipkart-minutes,,289,,,,false,NOT_LISTED,,,0,695,
2026-06-09,BAU,COFFEE,,flipkart-minutes,,249,,,,false,NOT_LISTED,,,0,350,
2026-06-09,BAU,CUMIN SEEDS 100G,,flipkart-minutes,,75,,,,false,NOT_LISTED,,,0,249,
2026-06-09,BAU,EXTRA LIGHT 1+1L,,flipkart-minutes,,1229,,,,false,NOT_LISTED,,,0,2798,
2026-06-09,BAU,EXTRA LIGHT 1L,,flipkart-minutes,,619,,,,false,NOT_LISTED,,,0,1499,
2026-06-09,BAU,EXTRA LIGHT 2L,jivo-extra-light-olive-oil-can-2l,flipkart-minutes,EDOGHZTJZEYQJGME,1229,1903,1903,2084,true,ABOVE,674,54.84,0,2799,2799
2026-06-09,BAU,EXTRA LIGHT 3L,,flipkart-minutes,,1849,,,,false,NOT_LISTED,,,0,2200,
2026-06-09,BAU,EXTRA LIGHT 500ML,,flipkart-minutes,,349,,,,false,NOT_LISTED,,,0,499,
2026-06-09,BAU,EXTRA LIGHT 5L,,flipkart-minutes,,3069,,,,false,NOT_LISTED,,,0,6499,
2026-06-09,BAU,EXTRA VIRGIN 1L,,flipkart-minutes,,809,,,,false,NOT_LISTED,,,0,1499,
2026-06-09,BAU,EXTRA VIRGIN 1L + 1L,,flipkart-minutes,,1609,,,,false,NOT_LISTED,,,0,2998,
2026-06-09,BAU,EXTRA VIRGIN 200ML,,flipkart-minutes,,199,,,,false,NOT_LISTED,,,0,350,
2026-06-09,BAU,EXTRA VIRGIN 250ML,,flipkart-minutes,,219,,,,false,NOT_LISTED,,,0,450,
2026-06-09,BAU,EXTRA VIRGIN 2L,,flipkart-minutes,,1619,,,,false,NOT_LISTED,,,0,2700,
2026-06-09,BAU,EXTRA VIRGIN 3L,,flipkart-minutes,,2429,,,,false,NOT_LISTED,,,0,4000,
2026-06-09,BAU,EXTRA VIRGIN 500ML,,flipkart-minutes,,419,,,,false,NOT_LISTED,,,0,675,
2026-06-09,BAU,EXTRA VIRGIN 5L,,flipkart-minutes,,4039,,,,false,NOT_LISTED,,,0,7999,
2026-06-09,BAU,FLAX SEEDS 200G,,flipkart-minutes,,99,,,,false,NOT_LISTED,,,0,249,
2026-06-09,BAU,FLAX SEEDS 400G,,flipkart-minutes,,189,,,,false,NOT_LISTED,,,0,399,
2026-06-09,BAU,FLAX SEEDS 800G,,flipkart-minutes,,369,,,,false,NOT_LISTED,,,0,750,
2026-06-09,BAU,GINGER ALE 200ML,,flipkart-minutes,,49,,,,false,NOT_LISTED,,,0,100,
2026-06-09,BAU,GOLD 1+1,,flipkart-minutes,,389,,,,false,NOT_LISTED,,,0,450,
2026-06-09,BAU,GOLD 1L,,flipkart-minutes,,199,,,,false,NOT_LISTED,,,0,225,
2026-06-09,BAU,GOLD 5L,,flipkart-minutes,,989,,,,false,NOT_LISTED,,,0,1049,
2026-06-09,BAU,GREEN CARDAMOM 100G,,flipkart-minutes,,499,,,,false,NOT_LISTED,,,0,799,
2026-06-09,BAU,GROUNDNUT 1L,,flipkart-minutes,,259,,,,false,NOT_LISTED,,,0,400,
2026-06-09,BAU,GROUNDNUT 5L,,flipkart-minutes,,1269,,,,false,NOT_LISTED,,,0,2800,
2026-06-09,BAU,JIVO POMACE 1L,jivo-pomace-olive-oil-plastic-bottle-1l,flipkart-minutes,EDOFTHNH4YZ7GDHS,439,379,379,405,true,BELOW,-60,-13.67,7,1049,1049
2026-06-09,BAU,JIVO POMACE 1L + 1L,,flipkart-minutes,,869,,,,false,NOT_LISTED,,,0,2098,
2026-06-09,BAU,JIVO POMACE 2L,,flipkart-minutes,,869,,,,false,NOT_LISTED,,,0,1600,
2026-06-09,BAU,JIVO POMACE 5L,jivo-pomace-olive-oil-tin-5l,flipkart-minutes,EDOFTHNH3T8PATGW,2169,2049,2049,2049,true,BELOW,-120,-5.53,8,4999,4999
2026-06-09,BAU,JIVO PUNJABI SHIKANJI 160 MLS,,flipkart-minutes,,219,,,,false,NOT_LISTED,,,0,480,
2026-06-09,BAU,JIVO WATER 1L,jivo-mineral-water-1l,flipkart-minutes,WERH9M3VYW6X5KSX,20,24,24,24,true,ABOVE,4,20,0,30,30
2026-06-09,BAU,JIVO WATER 250ML,,flipkart-minutes,,119,,,,false,NOT_LISTED,,,0,360,
2026-06-09,BAU,JIVO WATER 500 MLS,,flipkart-minutes,,12,,,,false,NOT_LISTED,,,0,15,
2026-06-09,BAU,MUSTARD 1L,jivo-cold-pressed-pure-cooking-mustard-oil-plastic-bottle-1l,flipkart-minutes,EDOGDVWYGJNDYRQP,219,170,170,170,true,BELOW,-49,-22.37,42,255,255
2026-06-09,BAU,MUSTARD 1L + 1L,,flipkart-minutes,,429,,,,false,NOT_LISTED,,,0,500,
2026-06-09,BAU,MUSTARD 1L POUCH,,flipkart-minutes,,219,,,,false,NOT_LISTED,,,0,250,
2026-06-09,BAU,MUSTARD 3L,,flipkart-minutes,,629,,,,false,NOT_LISTED,,,0,765,
2026-06-09,BAU,MUSTARD 4L,,flipkart-minutes,EDOHAUNQSDFDYPFC,839,,,,false,OOS,,,0,1000,
2026-06-09,BAU,MUSTARD 5L,jivo-cold-pressed-pure-cooking-mustard-oil-can-5l,flipkart-minutes,EDOGDVWEUPPWVGED,1049,960,960,960,true,BELOW,-89,-8.48,23,1250,1250
2026-06-09,BAU,POMACE 3L,,flipkart-minutes,,1309,,,,false,NOT_LISTED,,,0,3050,
2026-06-09,BAU,PUMPKIN SEEDS 200G,,flipkart-minutes,,209,,,,false,NOT_LISTED,,,0,399,
2026-06-09,BAU,PUMPKIN SEEDS 400G,,flipkart-minutes,,399,,,,false,NOT_LISTED,,,0,699,
2026-06-09,BAU,PUMPKIN SEEDS 800G,,flipkart-minutes,,789,,,,false,NOT_LISTED,,,0,1299,
2026-06-09,BAU,PUNJABI JEERA 160ML,,flipkart-minutes,,219,,,,false,NOT_LISTED,,,0,360,
2026-06-09,BAU,QUINOA SEEDS 200G,,flipkart-minutes,,119,,,,false,NOT_LISTED,,,0,199,
2026-06-09,BAU,QUINOA SEEDS 400G,,flipkart-minutes,,179,,,,false,NOT_LISTED,,,0,299,
2026-06-09,BAU,QUINOA SEEDS 800G,,flipkart-minutes,,259,,,,false,NOT_LISTED,,,0,399,
2026-06-09,BAU,RICE BRAN 1L,,flipkart-minutes,,199,,,,false,NOT_LISTED,,,0,285,
2026-06-09,BAU,RICE BRAN 1L + 1L,,flipkart-minutes,,389,,,,false,NOT_LISTED,,,0,570,
2026-06-09,BAU,RICE BRAN 4L,,flipkart-minutes,,759,,,,false,NOT_LISTED,,,0,1140,
2026-06-09,BAU,RICE BRAN 5L,,flipkart-minutes,,959,,,,false,NOT_LISTED,,,0,1425,
2026-06-09,BAU,ROSEMARY LEAVES 150 GMS,,flipkart-minutes,,179,,,,false,NOT_LISTED,,,0,499,
2026-06-09,BAU,SAFFRON 1GMS,,flipkart-minutes,,449,,,,false,NOT_LISTED,,,0,899,
2026-06-09,BAU,SANO CANOLA 1L,,flipkart-minutes,,259,,,,false,NOT_LISTED,,,0,475,
2026-06-09,BAU,SANO CANOLA 5L,,flipkart-minutes,,1249,,,,false,NOT_LISTED,,,0,1950,
2026-06-09,BAU,SANO CLASSIC 1L,,flipkart-minutes,,589,,,,false,NOT_LISTED,,,0,1399,
2026-06-09,BAU,SANO CLASSIC 5L,,flipkart-minutes,,2709,,,,false,NOT_LISTED,,,0,6499,
2026-06-09,BAU,SANO MUSTARD 1L,,flipkart-minutes,,209,,,,false,NOT_LISTED,,,0,235,
2026-06-09,BAU,SANO MUSTARD 5L,,flipkart-minutes,,999,,,,false,NOT_LISTED,,,0,1200,
2026-06-09,BAU,SANO POMACE 1L,,flipkart-minutes,,419,,,,false,NOT_LISTED,,,0,999,
2026-06-09,BAU,SANO POMACE 5L,,flipkart-minutes,,2069,,,,false,NOT_LISTED,,,0,4499,
2026-06-09,BAU,SANO SOYABEAN 1L,,flipkart-minutes,,199,,,,false,NOT_LISTED,,,0,225,
2026-06-09,BAU,SANO SOYABEAN 5L,,flipkart-minutes,,949,,,,false,NOT_LISTED,,,0,1450,
2026-06-09,BAU,SANO SUNFLOWER 1L,,flipkart-minutes,,219,,,,false,NOT_LISTED,,,0,280,
2026-06-09,BAU,SANO SUNFLOWER 5L,,flipkart-minutes,,1069,,,,false,NOT_LISTED,,,0,1475,
2026-06-09,BAU,SESAME 1L + 1L,,flipkart-minutes,,689,,,,false,NOT_LISTED,,,0,1200,
2026-06-09,BAU,SESAME OIL 1L,,flipkart-minutes,,349,,,,false,NOT_LISTED,,,0,600,
2026-06-09,BAU,SO OLIVE 1L,,flipkart-minutes,,289,,,,false,NOT_LISTED,,,0,325,
2026-06-09,BAU,SO OLIVE 1L + 1L,,flipkart-minutes,,569,,,,false,NOT_LISTED,,,0,650,
2026-06-09,BAU,SO OLIVE 5L,,flipkart-minutes,,1419,,,,false,NOT_LISTED,,,0,1625,
2026-06-09,BAU,SODA 750ML,,flipkart-minutes,,15,,,,false,NOT_LISTED,,,0,30,
2026-06-09,BAU,SODA LEMON 750ML,,flipkart-minutes,,45,,,,false,NOT_LISTED,,,0,55,
2026-06-09,BAU,SOYABEAN 1L,,flipkart-minutes,,209,,,,false,NOT_LISTED,,,0,225,
2026-06-09,BAU,SOYABEAN 1L + 1L,,flipkart-minutes,,409,,,,false,NOT_LISTED,,,0,1100,
2026-06-09,BAU,SOYABEAN 1L POUCH,jivo-soybean-oil-soyabean-oil-pouch-1l,flipkart-minutes,EDOGPX8ZD2ZYPH6U,209,152,152,152,true,BELOW,-57,-27.27,3,199,199
2026-06-09,BAU,SOYABEAN 5L,,flipkart-minutes,,999,,,,false,NOT_LISTED,,,0,1100,
2026-06-09,BAU,SPRING WATER 750ML,,flipkart-minutes,,50,,,,false,NOT_LISTED,,,0,55,
2026-06-09,BAU,SUNFLOWER 1L,,flipkart-minutes,,229,,,,false,NOT_LISTED,,,0,275,
2026-06-09,BAU,SUNFLOWER 1L + 1L,,flipkart-minutes,,449,,,,false,NOT_LISTED,,,0,550,
2026-06-09,BAU,SUNFLOWER 3L,,flipkart-minutes,,679,,,,false,NOT_LISTED,,,0,825,
2026-06-09,BAU,SUNFLOWER 4L,,flipkart-minutes,,909,,,,false,NOT_LISTED,,,0,1038,
2026-06-09,BAU,SUNFLOWER 5L,,flipkart-minutes,,1139,,,,false,NOT_LISTED,,,0,1350,
2026-06-09,BAU,SUNFLOWER SEEDS 200G,,flipkart-minutes,,139,,,,false,NOT_LISTED,,,0,299,
2026-06-09,BAU,SUNFLOWER SEEDS 400G,,flipkart-minutes,,259,,,,false,NOT_LISTED,,,0,499,
2026-06-09,BAU,SUNFLOWER SEEDS 800G,,flipkart-minutes,,389,,,,false,NOT_LISTED,,,0,899,
2026-06-09,BAU,WG MANGO JUICE 500ML,,flipkart-minutes,,39,,,,false,NOT_LISTED,,,0,100,
2026-06-09,BAU,YELLOW MUSTARD 1L,,flipkart-minutes,,269,,,,false,NOT_LISTED,,,0,375,
2026-06-09,BAU,YELLOW MUSTARD 1L + 1L,,flipkart-minutes,,529,,,,false,NOT_LISTED,,,0,750,
2026-06-09,BAU,YELLOW MUSTARD 5L,,flipkart-minutes,,1329,,,,false,NOT_LISTED,,,0,2000,
2026-06-09,BAU,A2 GHEE 1L,,zepto,,1409,,,,false,NOT_LISTED,,,0,4000,
2026-06-09,BAU,A2 GHEE 500ML,,zepto,,759,,,,false,NOT_LISTED,,,0,2200,
2026-06-09,BAU,BASIL SEEDS 200G,,zepto,,79,,,,false,NOT_LISTED,,,0,349,
2026-06-09,BAU,BASIL SEEDS 400G,,zepto,,189,,,,false,NOT_LISTED,,,0,599,
2026-06-09,BAU,BASIL SEEDS 800G,,zepto,,349,,,,false,NOT_LISTED,,,0,1099,
2026-06-09,BAU,BLACK CARDAMOM 100G,,zepto,,289,,,,false,NOT_LISTED,,,0,549,
2026-06-09,BAU,BLACK OLIVE 470G,,zepto,,249,,,,false,NOT_LISTED,,,0,399,
2026-06-09,BAU,BLACK PEPPER 100G,,zepto,,145,,,,false,NOT_LISTED,,,0,399,
2026-06-09,BAU,CANOLA 1+1L,jivo-cold-press-canola-oil-combo-bottle-2l,zepto,50b56b7f-3d9f-45c7-8161-c2327e8db652,529,485,485,520,true,BELOW,-44,-8.32,21,750,750
2026-06-09,BAU,CANOLA 1L,,zepto,,269,,,,false,NOT_LISTED,,,0,375,
2026-06-09,BAU,CANOLA 1L + 1L,,zepto,,529,,,,false,NOT_LISTED,,,0,750,
2026-06-09,BAU,CANOLA 1L POUCH,,zepto,,269,,,,false,NOT_LISTED,,,0,299,
2026-06-09,BAU,CANOLA 3L,,zepto,,799,,,,false,NOT_LISTED,,,0,690,
2026-06-09,BAU,CANOLA 4L,,zepto,,1189,,,,false,NOT_LISTED,,,0,1199,
2026-06-09,BAU,CANOLA 5L,jivo-canola-cold-pressed-edible-oil-cooking-oil-5l,zepto,c935f17d-04d3-4785-b2dd-bd8e7c7ebcbe,1299,1193,1193,1617,true,BELOW,-106,-8.16,11,1650,1650
2026-06-09,BAU,CHIA SEEDS 200G,,zepto,,99,,,,false,NOT_LISTED,,,0,299,
2026-06-09,BAU,CHIA SEEDS 400G,,zepto,,209,,,,false,NOT_LISTED,,,0,599,
2026-06-09,BAU,CHIA SEEDS 800G,,zepto,,349,,,,false,NOT_LISTED,,,0,899,
2026-06-09,BAU,CINNAMON BARK 100G,,zepto,,99,,,,false,NOT_LISTED,,,0,299,
2026-06-09,BAU,CLOVE 100G,,zepto,,249,,,,false,NOT_LISTED,,,0,280,
2026-06-09,BAU,COCONUT 1L,,zepto,,559,,,,false,NOT_LISTED,,,0,700,
2026-06-09,BAU,COCONUT 200ML,,zepto,,149,,,,false,NOT_LISTED,,,0,285,
2026-06-09,BAU,COCONUT 500ML,,zepto,,289,,,,false,NOT_LISTED,,,0,695,
2026-06-09,BAU,COFFEE,,zepto,,249,,,,false,NOT_LISTED,,,0,350,
2026-06-09,BAU,CUMIN SEEDS 100G,,zepto,,75,,,,false,NOT_LISTED,,,0,249,
2026-06-09,BAU,EXTRA LIGHT 1+1L,jivo-extra-light-olive-oil-combo-2l,zepto,597fe027-2e19-4a49-bc07-76ef57295ad6,1229,,,,false,PENDING_REVIEW,,,0,2798,
2026-06-09,BAU,EXTRA LIGHT 1L,jivo-extra-light-olive-oil-1l,zepto,2300d5e1-ccd1-46ab-990d-aa7fee80bc5d,619,499,499,499,true,BELOW,-120,-19.39,48,1499,1499
2026-06-09,BAU,EXTRA LIGHT 2L,jivo-extra-light-olive-oil-2l,zepto,29e72c8c-7ff6-46e2-9721-ca4e9f612e98,1229,1135,1135,1135,true,BELOW,-94,-7.65,16,2799,2799
2026-06-09,BAU,EXTRA LIGHT 3L,,zepto,,1849,,,,false,NOT_LISTED,,,0,2200,
2026-06-09,BAU,EXTRA LIGHT 500ML,,zepto,,349,,,,false,NOT_LISTED,,,0,499,
2026-06-09,BAU,EXTRA LIGHT 5L,,zepto,,3069,,,,false,NOT_LISTED,,,0,6499,
2026-06-09,BAU,EXTRA VIRGIN 1L,jivo-extra-virgin-olive-oil-bottle-1l,zepto,5d186472-6fe2-4643-af2f-2f9cd773986d,809,934,934,934,true,ABOVE,125,15.45,0,1499,1799
2026-06-09,BAU,EXTRA VIRGIN 1L + 1L,,zepto,,1609,,,,false,NOT_LISTED,,,0,2998,
2026-06-09,BAU,EXTRA VIRGIN 200ML,,zepto,,199,,,,false,NOT_LISTED,,,0,350,
2026-06-09,BAU,EXTRA VIRGIN 250ML,,zepto,,219,,,,false,NOT_LISTED,,,0,450,
2026-06-09,BAU,EXTRA VIRGIN 2L,,zepto,,1619,,,,false,NOT_LISTED,,,0,2700,
2026-06-09,BAU,EXTRA VIRGIN 3L,,zepto,,2429,,,,false,NOT_LISTED,,,0,4000,
2026-06-09,BAU,EXTRA VIRGIN 500ML,,zepto,,419,,,,false,NOT_LISTED,,,0,675,
2026-06-09,BAU,EXTRA VIRGIN 5L,jivo-extra-virgin-cooking-olive-oil-5l,zepto,c80ef4de-b2c3-4fb4-984b-4cb29b33db33,4039,,,,false,OOS,,,0,7999,7999
2026-06-09,BAU,FLAX SEEDS 200G,,zepto,,99,,,,false,NOT_LISTED,,,0,249,
2026-06-09,BAU,FLAX SEEDS 400G,,zepto,,189,,,,false,NOT_LISTED,,,0,399,
2026-06-09,BAU,FLAX SEEDS 800G,,zepto,,369,,,,false,NOT_LISTED,,,0,750,
2026-06-09,BAU,GINGER ALE 200ML,,zepto,,49,,,,false,NOT_LISTED,,,0,100,
2026-06-09,BAU,GOLD 1+1,,zepto,,389,,,,false,NOT_LISTED,,,0,450,
2026-06-09,BAU,GOLD 1L,jivo-gold-refined-oil-blend-of-rice-bran-oil-and-sunflower-oil-1l,zepto,bc1af3d1-2a14-4296-b38e-e05ba43c3170,199,,,,false,OOS,,,0,225,225
2026-06-09,BAU,GOLD 5L,jivo-gold-refined-oil-blend-of-rice-bran-oil-and-sunflower-oil-5l,zepto,40bd2571-3734-4503-84b7-bbe87a3818c3,989,,,,false,OOS,,,0,1049,1050
2026-06-09,BAU,GREEN CARDAMOM 100G,,zepto,,499,,,,false,NOT_LISTED,,,0,799,
2026-06-09,BAU,GROUNDNUT 1L,jivo-groundnut-cold-pressed-oil-healthy-cooking-oil-1l,zepto,41367ef4-80d9-4819-bbae-d1806c184f5c,259,199,199,199,true,BELOW,-60,-23.17,46,400,560
2026-06-09,BAU,GROUNDNUT 5L,,zepto,,1269,,,,false,NOT_LISTED,,,0,2800,
2026-06-09,BAU,JIVO POMACE 1L,jivo-pomace-olive-oil-1l,zepto,ac9a7dd8-489b-4475-a14d-27ae393a5505,439,379,379,379,true,BELOW,-60,-13.67,48,1049,1049
2026-06-09,BAU,JIVO POMACE 1L + 1L,jivo-pomace-olive-oil-combo-2l,zepto,3d955a07-72db-4d1a-9d65-42c5a8dd0641,869,758,758,758,true,BELOW,-111,-12.77,23,2098,2098
2026-06-09,BAU,JIVO POMACE 2L,jivo-daily-pomace-olive-oil-2l,zepto,8eedf6ff-d36c-4313-88e4-6aa571372f46,869,959,959,961,true,ABOVE,90,10.36,0,1600,1449
2026-06-09,BAU,JIVO POMACE 5L,jivo-pomace-olive-oil-5l,zepto,a81945f0-43ac-4970-82b4-c6c8986ee9ae,2169,2121,2114,2494,true,BELOW,-48,-2.21,36,4999,4999
2026-06-09,BAU,JIVO PUNJABI SHIKANJI 160 MLS,,zepto,,219,,,,false,NOT_LISTED,,,0,480,
2026-06-09,BAU,JIVO WATER 1L,,zepto,,20,,,,false,NOT_LISTED,,,0,30,
2026-06-09,BAU,JIVO WATER 250ML,,zepto,,119,,,,false,NOT_LISTED,,,0,360,
2026-06-09,BAU,JIVO WATER 500 MLS,,zepto,,12,,,,false,NOT_LISTED,,,0,15,
2026-06-09,BAU,MUSTARD 1L,jivo-kachi-ghani-mustard-cold-pressed-oil-healthy-cooking-oil-1l,zepto,89804a83-79f3-45c6-b940-9c395451dffa,219,181,179,181,true,BELOW,-38,-17.35,53,255,255
2026-06-09,BAU,MUSTARD 1L + 1L,,zepto,,429,,,,false,NOT_LISTED,,,0,500,
2026-06-09,BAU,MUSTARD 1L POUCH,,zepto,,219,,,,false,NOT_LISTED,,,0,250,
2026-06-09,BAU,MUSTARD 3L,,zepto,,629,,,,false,NOT_LISTED,,,0,765,
2026-06-09,BAU,MUSTARD 4L,,zepto,,839,,,,false,NOT_LISTED,,,0,1000,
2026-06-09,BAU,MUSTARD 5L,jivo-kachi-ghani-mustard-cold-pressed-oil-healthy-cooking-oil-5l,zepto,275d43f8-2da4-4d9e-8873-e04fcaf5c073,1049,960,960,960,true,BELOW,-89,-8.48,34,1250,1250
2026-06-09,BAU,POMACE 3L,,zepto,,1309,,,,false,NOT_LISTED,,,0,3050,
2026-06-09,BAU,PUMPKIN SEEDS 200G,,zepto,,209,,,,false,NOT_LISTED,,,0,399,
2026-06-09,BAU,PUMPKIN SEEDS 400G,,zepto,,399,,,,false,NOT_LISTED,,,0,699,
2026-06-09,BAU,PUMPKIN SEEDS 800G,,zepto,,789,,,,false,NOT_LISTED,,,0,1299,
2026-06-09,BAU,PUNJABI JEERA 160ML,,zepto,,219,,,,false,NOT_LISTED,,,0,360,
2026-06-09,BAU,QUINOA SEEDS 200G,,zepto,,119,,,,false,NOT_LISTED,,,0,199,
2026-06-09,BAU,QUINOA SEEDS 400G,,zepto,,179,,,,false,NOT_LISTED,,,0,299,
2026-06-09,BAU,QUINOA SEEDS 800G,,zepto,,259,,,,false,NOT_LISTED,,,0,399,
2026-06-09,BAU,RICE BRAN 1L,jivo-rice-bran-daily-cooking-oil-1l,zepto,4acb73bc-1e89-47d8-8625-05e6a34b698b,199,,,,false,OOS,,,0,285,285
2026-06-09,BAU,RICE BRAN 1L + 1L,,zepto,,389,,,,false,NOT_LISTED,,,0,570,
2026-06-09,BAU,RICE BRAN 4L,,zepto,,759,,,,false,NOT_LISTED,,,0,1140,
2026-06-09,BAU,RICE BRAN 5L,,zepto,,959,,,,false,NOT_LISTED,,,0,1425,
2026-06-09,BAU,ROSEMARY LEAVES 150 GMS,,zepto,,179,,,,false,NOT_LISTED,,,0,499,
2026-06-09,BAU,SAFFRON 1GMS,,zepto,,449,,,,false,NOT_LISTED,,,0,899,
2026-06-09,BAU,SANO CANOLA 1L,,zepto,,259,,,,false,NOT_LISTED,,,0,475,
2026-06-09,BAU,SANO CANOLA 5L,,zepto,,1249,,,,false,NOT_LISTED,,,0,1950,
2026-06-09,BAU,SANO CLASSIC 1L,,zepto,,589,,,,false,NOT_LISTED,,,0,1399,
2026-06-09,BAU,SANO CLASSIC 5L,,zepto,,2709,,,,false,NOT_LISTED,,,0,6499,
2026-06-09,BAU,SANO MUSTARD 1L,,zepto,,209,,,,false,NOT_LISTED,,,0,235,
2026-06-09,BAU,SANO MUSTARD 5L,,zepto,,999,,,,false,NOT_LISTED,,,0,1200,
2026-06-09,BAU,SANO POMACE 1L,,zepto,,419,,,,false,NOT_LISTED,,,0,999,
2026-06-09,BAU,SANO POMACE 5L,,zepto,,2069,,,,false,NOT_LISTED,,,0,4499,
2026-06-09,BAU,SANO SOYABEAN 1L,,zepto,,199,,,,false,NOT_LISTED,,,0,225,
2026-06-09,BAU,SANO SOYABEAN 5L,,zepto,,949,,,,false,NOT_LISTED,,,0,1450,
2026-06-09,BAU,SANO SUNFLOWER 1L,,zepto,,219,,,,false,NOT_LISTED,,,0,280,
2026-06-09,BAU,SANO SUNFLOWER 5L,,zepto,,1069,,,,false,NOT_LISTED,,,0,1475,
2026-06-09,BAU,SESAME 1L + 1L,,zepto,,689,,,,false,NOT_LISTED,,,0,1200,
2026-06-09,BAU,SESAME OIL 1L,,zepto,,349,,,,false,NOT_LISTED,,,0,600,
2026-06-09,BAU,SO OLIVE 1L,jivo-soolive-blend-of-rice-bran-and-olive-oil-1l,zepto,dc9c5857-5d89-45c7-895a-373097239ff7,289,257,257,257,true,BELOW,-32,-11.07,2,325,325
2026-06-09,BAU,SO OLIVE 1L + 1L,,zepto,,569,,,,false,NOT_LISTED,,,0,650,
2026-06-09,BAU,SO OLIVE 5L,,zepto,,1419,,,,false,NOT_LISTED,,,0,1625,
2026-06-09,BAU,SODA 750ML,,zepto,,15,,,,false,NOT_LISTED,,,0,30,
2026-06-09,BAU,SODA LEMON 750ML,,zepto,,45,,,,false,NOT_LISTED,,,0,55,
2026-06-09,BAU,SOYABEAN 1L,,zepto,,209,,,,false,NOT_LISTED,,,0,225,
2026-06-09,BAU,SOYABEAN 1L + 1L,,zepto,,409,,,,false,NOT_LISTED,,,0,1100,
2026-06-09,BAU,SOYABEAN 1L POUCH,,zepto,,209,,,,false,NOT_LISTED,,,0,199,
2026-06-09,BAU,SOYABEAN 5L,,zepto,,999,,,,false,NOT_LISTED,,,0,1100,
2026-06-09,BAU,SPRING WATER 750ML,,zepto,,50,,,,false,NOT_LISTED,,,0,55,
2026-06-09,BAU,SUNFLOWER 1L,jivo-sunflower-cold-pressed-oil-healthy-cooking-oil-1l,zepto,06c8f55b-13a5-4d9b-8990-a418e63c89ad,229,192,182,192,true,BELOW,-37,-16.16,46,275,275
2026-06-09,BAU,SUNFLOWER 1L + 1L,,zepto,,449,,,,false,NOT_LISTED,,,0,550,
2026-06-09,BAU,SUNFLOWER 3L,,zepto,,679,,,,false,NOT_LISTED,,,0,825,
2026-06-09,BAU,SUNFLOWER 4L,,zepto,,909,,,,false,NOT_LISTED,,,0,1038,
2026-06-09,BAU,SUNFLOWER 5L,jivo-sunflower-cold-pressed-oil-healthy-cooking-oil-5l,zepto,3df8a5f6-fb0a-43d9-92ea-8098fda9253d,1139,,,,false,OOS,,,0,1350,1350
2026-06-09,BAU,SUNFLOWER SEEDS 200G,,zepto,,139,,,,false,NOT_LISTED,,,0,299,
2026-06-09,BAU,SUNFLOWER SEEDS 400G,,zepto,,259,,,,false,NOT_LISTED,,,0,499,
2026-06-09,BAU,SUNFLOWER SEEDS 800G,,zepto,,389,,,,false,NOT_LISTED,,,0,899,
2026-06-09,BAU,WG MANGO JUICE 500ML,,zepto,,39,,,,false,NOT_LISTED,,,0,100,
2026-06-09,BAU,YELLOW MUSTARD 1L,,zepto,,269,,,,false,NOT_LISTED,,,0,375,
2026-06-09,BAU,YELLOW MUSTARD 1L + 1L,,zepto,,529,,,,false,NOT_LISTED,,,0,750,
2026-06-09,BAU,YELLOW MUSTARD 5L,,zepto,,1329,,,,false,NOT_LISTED,,,0,2000,
2026-06-09,BAU,A2 GHEE 1L,,blinkit,,1409,,,,false,NOT_LISTED,,,0,4000,
2026-06-09,BAU,A2 GHEE 500ML,,blinkit,,759,,,,false,NOT_LISTED,,,0,2200,
2026-06-09,BAU,BASIL SEEDS 200G,,blinkit,,79,,,,false,NOT_LISTED,,,0,349,
2026-06-09,BAU,BASIL SEEDS 400G,,blinkit,,189,,,,false,NOT_LISTED,,,0,599,
2026-06-09,BAU,BASIL SEEDS 800G,,blinkit,,349,,,,false,NOT_LISTED,,,0,1099,
2026-06-09,BAU,BLACK CARDAMOM 100G,,blinkit,,289,,,,false,NOT_LISTED,,,0,549,
2026-06-09,BAU,BLACK OLIVE 470G,,blinkit,,249,,,,false,NOT_LISTED,,,0,399,
2026-06-09,BAU,BLACK PEPPER 100G,,blinkit,,145,,,,false,NOT_LISTED,,,0,399,
2026-06-09,BAU,CANOLA 1+1L,,blinkit,,529,,,,false,NOT_LISTED,,,0,750,
2026-06-09,BAU,CANOLA 1L,jivo-cold-pressed-canola-oil-1l,blinkit,407851,269,260,250,375,true,BELOW,-9,-3.35,99,375,375
2026-06-09,BAU,CANOLA 1L + 1L,,blinkit,,529,,,,false,NOT_LISTED,,,0,750,
2026-06-09,BAU,CANOLA 1L POUCH,,blinkit,,269,,,,false,NOT_LISTED,,,0,299,
2026-06-09,BAU,CANOLA 3L,,blinkit,,799,,,,false,NOT_LISTED,,,0,690,
2026-06-09,BAU,CANOLA 4L,,blinkit,,1189,,,,false,NOT_LISTED,,,0,1199,
2026-06-09,BAU,CANOLA 5L,jivo-cold-pressed-canola-oil-5l,blinkit,406593,1299,1193,1193,1650,true,BELOW,-106,-8.16,41,1650,1650
2026-06-09,BAU,CHIA SEEDS 200G,,blinkit,,99,,,,false,NOT_LISTED,,,0,299,
2026-06-09,BAU,CHIA SEEDS 400G,,blinkit,,209,,,,false,NOT_LISTED,,,0,599,
2026-06-09,BAU,CHIA SEEDS 800G,,blinkit,,349,,,,false,NOT_LISTED,,,0,899,
2026-06-09,BAU,CINNAMON BARK 100G,,blinkit,,99,,,,false,NOT_LISTED,,,0,299,
2026-06-09,BAU,CLOVE 100G,,blinkit,,249,,,,false,NOT_LISTED,,,0,280,
2026-06-09,BAU,COCONUT 1L,,blinkit,,559,,,,false,NOT_LISTED,,,0,700,
2026-06-09,BAU,COCONUT 200ML,,blinkit,,149,,,,false,NOT_LISTED,,,0,285,
2026-06-09,BAU,COCONUT 500ML,,blinkit,,289,,,,false,NOT_LISTED,,,0,695,
2026-06-09,BAU,COFFEE,,blinkit,,249,,,,false,NOT_LISTED,,,0,350,
2026-06-09,BAU,CUMIN SEEDS 100G,,blinkit,,75,,,,false,NOT_LISTED,,,0,249,
2026-06-09,BAU,EXTRA LIGHT 1+1L,,blinkit,,1229,,,,false,NOT_LISTED,,,0,2798,
2026-06-09,BAU,EXTRA LIGHT 1L,jivo-extra-light-olive-oil-1l,blinkit,406592,619,624,620,708,true,ABOVE,5,0.81,0,1499,1499
2026-06-09,BAU,EXTRA LIGHT 2L,jivo-extra-light-olive-oil-2l,blinkit,545244,1229,1139,1135,1340,true,BELOW,-90,-7.32,87,2799,2799
2026-06-09,BAU,EXTRA LIGHT 3L,,blinkit,,1849,,,,false,NOT_LISTED,,,0,2200,
2026-06-09,BAU,EXTRA LIGHT 500ML,,blinkit,,349,,,,false,NOT_LISTED,,,0,499,
2026-06-09,BAU,EXTRA LIGHT 5L,,blinkit,,3069,,,,false,NOT_LISTED,,,0,6499,
2026-06-09,BAU,EXTRA VIRGIN 1L,,blinkit,,809,,,,false,NOT_LISTED,,,0,1499,
2026-06-09,BAU,EXTRA VIRGIN 1L + 1L,,blinkit,,1609,,,,false,NOT_LISTED,,,0,2998,
2026-06-09,BAU,EXTRA VIRGIN 200ML,,blinkit,,199,,,,false,NOT_LISTED,,,0,350,
2026-06-09,BAU,EXTRA VIRGIN 250ML,,blinkit,,219,,,,false,NOT_LISTED,,,0,450,
2026-06-09,BAU,EXTRA VIRGIN 2L,,blinkit,,1619,,,,false,NOT_LISTED,,,0,2700,
2026-06-09,BAU,EXTRA VIRGIN 3L,,blinkit,,2429,,,,false,NOT_LISTED,,,0,4000,
2026-06-09,BAU,EXTRA VIRGIN 500ML,,blinkit,,419,,,,false,NOT_LISTED,,,0,675,
2026-06-09,BAU,EXTRA VIRGIN 5L,,blinkit,,4039,,,,false,NOT_LISTED,,,0,7999,
2026-06-09,BAU,FLAX SEEDS 200G,,blinkit,,99,,,,false,NOT_LISTED,,,0,249,
2026-06-09,BAU,FLAX SEEDS 400G,,blinkit,,189,,,,false,NOT_LISTED,,,0,399,
2026-06-09,BAU,FLAX SEEDS 800G,,blinkit,,369,,,,false,NOT_LISTED,,,0,750,
2026-06-09,BAU,GINGER ALE 200ML,,blinkit,,49,,,,false,NOT_LISTED,,,0,100,
2026-06-09,BAU,GOLD 1+1,,blinkit,,389,,,,false,NOT_LISTED,,,0,450,
2026-06-09,BAU,GOLD 1L,,blinkit,,199,,,,false,NOT_LISTED,,,0,225,
2026-06-09,BAU,GOLD 5L,,blinkit,,989,,,,false,NOT_LISTED,,,0,1049,
2026-06-09,BAU,GREEN CARDAMOM 100G,,blinkit,,499,,,,false,NOT_LISTED,,,0,799,
2026-06-09,BAU,GROUNDNUT 1L,,blinkit,,259,,,,false,NOT_LISTED,,,0,400,
2026-06-09,BAU,GROUNDNUT 5L,,blinkit,,1269,,,,false,NOT_LISTED,,,0,2800,
2026-06-09,BAU,JIVO POMACE 1L,jivo-pomace-olive-oil-1l,blinkit,528706,439,380,379,485,true,BELOW,-59,-13.44,119,1049,1049
2026-06-09,BAU,JIVO POMACE 1L + 1L,,blinkit,,869,,,,false,NOT_LISTED,,,0,2098,
2026-06-09,BAU,JIVO POMACE 2L,,blinkit,,869,,,,false,NOT_LISTED,,,0,1600,
2026-06-09,BAU,JIVO POMACE 5L,jivo-pomace-olive-oil-5l,blinkit,407561,2169,1950,1950,2267,true,BELOW,-219,-10.1,86,4999,4999
2026-06-09,BAU,JIVO PUNJABI SHIKANJI 160 MLS,,blinkit,,219,,,,false,NOT_LISTED,,,0,480,
2026-06-09,BAU,JIVO WATER 1L,,blinkit,,20,,,,false,NOT_LISTED,,,0,30,
2026-06-09,BAU,JIVO WATER 250ML,,blinkit,,119,,,,false,NOT_LISTED,,,0,360,
2026-06-09,BAU,JIVO WATER 500 MLS,,blinkit,,12,,,,false,NOT_LISTED,,,0,15,
2026-06-09,BAU,MUSTARD 1L,jivo-kachi-ghani-cold-pressed-mustard-oil-1l,blinkit,540835,219,171,169,171,true,BELOW,-48,-21.92,16,255,255
2026-06-09,BAU,MUSTARD 1L + 1L,,blinkit,,429,,,,false,NOT_LISTED,,,0,500,
2026-06-09,BAU,MUSTARD 1L POUCH,,blinkit,,219,,,,false,NOT_LISTED,,,0,250,
2026-06-09,BAU,MUSTARD 3L,,blinkit,,629,,,,false,NOT_LISTED,,,0,765,
2026-06-09,BAU,MUSTARD 4L,,blinkit,,839,,,,false,NOT_LISTED,,,0,1000,
2026-06-09,BAU,MUSTARD 5L,jivo-kachi-ghani-cold-pressed-mustard-oil-5l,blinkit,540970,1049,868,868,885,true,BELOW,-181,-17.25,16,1250,1250
2026-06-09,BAU,POMACE 3L,,blinkit,,1309,,,,false,NOT_LISTED,,,0,3050,
2026-06-09,BAU,PUMPKIN SEEDS 200G,,blinkit,,209,,,,false,NOT_LISTED,,,0,399,
2026-06-09,BAU,PUMPKIN SEEDS 400G,,blinkit,,399,,,,false,NOT_LISTED,,,0,699,
2026-06-09,BAU,PUMPKIN SEEDS 800G,,blinkit,,789,,,,false,NOT_LISTED,,,0,1299,
2026-06-09,BAU,PUNJABI JEERA 160ML,,blinkit,,219,,,,false,NOT_LISTED,,,0,360,
2026-06-09,BAU,QUINOA SEEDS 200G,,blinkit,,119,,,,false,NOT_LISTED,,,0,199,
2026-06-09,BAU,QUINOA SEEDS 400G,,blinkit,,179,,,,false,NOT_LISTED,,,0,299,
2026-06-09,BAU,QUINOA SEEDS 800G,,blinkit,,259,,,,false,NOT_LISTED,,,0,399,
2026-06-09,BAU,RICE BRAN 1L,,blinkit,,199,,,,false,NOT_LISTED,,,0,285,
2026-06-09,BAU,RICE BRAN 1L + 1L,,blinkit,,389,,,,false,NOT_LISTED,,,0,570,
2026-06-09,BAU,RICE BRAN 4L,,blinkit,,759,,,,false,NOT_LISTED,,,0,1140,
2026-06-09,BAU,RICE BRAN 5L,,blinkit,,959,,,,false,NOT_LISTED,,,0,1425,
2026-06-09,BAU,ROSEMARY LEAVES 150 GMS,,blinkit,,179,,,,false,NOT_LISTED,,,0,499,
2026-06-09,BAU,SAFFRON 1GMS,,blinkit,,449,,,,false,NOT_LISTED,,,0,899,
2026-06-09,BAU,SANO CANOLA 1L,,blinkit,,259,,,,false,NOT_LISTED,,,0,475,
2026-06-09,BAU,SANO CANOLA 5L,,blinkit,,1249,,,,false,NOT_LISTED,,,0,1950,
2026-06-09,BAU,SANO CLASSIC 1L,,blinkit,,589,,,,false,NOT_LISTED,,,0,1399,
2026-06-09,BAU,SANO CLASSIC 5L,,blinkit,,2709,,,,false,NOT_LISTED,,,0,6499,
2026-06-09,BAU,SANO MUSTARD 1L,,blinkit,,209,,,,false,NOT_LISTED,,,0,235,
2026-06-09,BAU,SANO MUSTARD 5L,,blinkit,,999,,,,false,NOT_LISTED,,,0,1200,
2026-06-09,BAU,SANO POMACE 1L,,blinkit,,419,,,,false,NOT_LISTED,,,0,999,
2026-06-09,BAU,SANO POMACE 5L,,blinkit,,2069,,,,false,NOT_LISTED,,,0,4499,
2026-06-09,BAU,SANO SOYABEAN 1L,,blinkit,,199,,,,false,NOT_LISTED,,,0,225,
2026-06-09,BAU,SANO SOYABEAN 5L,,blinkit,,949,,,,false,NOT_LISTED,,,0,1450,
2026-06-09,BAU,SANO SUNFLOWER 1L,,blinkit,,219,,,,false,NOT_LISTED,,,0,280,
2026-06-09,BAU,SANO SUNFLOWER 5L,,blinkit,,1069,,,,false,NOT_LISTED,,,0,1475,
2026-06-09,BAU,SESAME 1L + 1L,,blinkit,,689,,,,false,NOT_LISTED,,,0,1200,
2026-06-09,BAU,SESAME OIL 1L,,blinkit,,349,,,,false,NOT_LISTED,,,0,600,
2026-06-09,BAU,SO OLIVE 1L,,blinkit,,289,,,,false,NOT_LISTED,,,0,325,
2026-06-09,BAU,SO OLIVE 1L + 1L,,blinkit,,569,,,,false,NOT_LISTED,,,0,650,
2026-06-09,BAU,SO OLIVE 5L,,blinkit,,1419,,,,false,NOT_LISTED,,,0,1625,
2026-06-09,BAU,SODA 750ML,,blinkit,,15,,,,false,NOT_LISTED,,,0,30,
2026-06-09,BAU,SODA LEMON 750ML,,blinkit,,45,,,,false,NOT_LISTED,,,0,55,
2026-06-09,BAU,SOYABEAN 1L,,blinkit,,209,,,,false,NOT_LISTED,,,0,225,
2026-06-09,BAU,SOYABEAN 1L + 1L,,blinkit,,409,,,,false,NOT_LISTED,,,0,1100,
2026-06-09,BAU,SOYABEAN 1L POUCH,,blinkit,,209,,,,false,NOT_LISTED,,,0,199,
2026-06-09,BAU,SOYABEAN 5L,,blinkit,,999,,,,false,NOT_LISTED,,,0,1100,
2026-06-09,BAU,SPRING WATER 750ML,,blinkit,,50,,,,false,NOT_LISTED,,,0,55,
2026-06-09,BAU,SUNFLOWER 1L,jivo-cold-pressed-sunflower-oil-1l,blinkit,628632,229,207,192,212,true,BELOW,-22,-9.61,41,275,275
2026-06-09,BAU,SUNFLOWER 1L + 1L,,blinkit,,449,,,,false,NOT_LISTED,,,0,550,
2026-06-09,BAU,SUNFLOWER 3L,,blinkit,,679,,,,false,NOT_LISTED,,,0,825,
2026-06-09,BAU,SUNFLOWER 4L,,blinkit,,909,,,,false,NOT_LISTED,,,0,1038,
2026-06-09,BAU,SUNFLOWER 5L,,blinkit,,1139,,,,false,NOT_LISTED,,,0,1350,
2026-06-09,BAU,SUNFLOWER SEEDS 200G,,blinkit,,139,,,,false,NOT_LISTED,,,0,299,
2026-06-09,BAU,SUNFLOWER SEEDS 400G,,blinkit,,259,,,,false,NOT_LISTED,,,0,499,
2026-06-09,BAU,SUNFLOWER SEEDS 800G,,blinkit,,389,,,,false,NOT_LISTED,,,0,899,
2026-06-09,BAU,WG MANGO JUICE 500ML,,blinkit,,39,,,,false,NOT_LISTED,,,0,100,
2026-06-09,BAU,YELLOW MUSTARD 1L,,blinkit,,269,,,,false,NOT_LISTED,,,0,375,
2026-06-09,BAU,YELLOW MUSTARD 1L + 1L,,blinkit,,529,,,,false,NOT_LISTED,,,0,750,
2026-06-09,BAU,YELLOW MUSTARD 5L,,blinkit,,1329,,,,false,NOT_LISTED,,,0,2000,
2026-06-09,BAU,A2 GHEE 1L,,bigbasket,,1409,,,,false,NOT_LISTED,,,0,4000,
2026-06-09,BAU,A2 GHEE 500ML,,bigbasket,,759,,,,false,NOT_LISTED,,,0,2200,
2026-06-09,BAU,BASIL SEEDS 200G,,bigbasket,,79,,,,false,NOT_LISTED,,,0,349,
2026-06-09,BAU,BASIL SEEDS 400G,,bigbasket,,189,,,,false,NOT_LISTED,,,0,599,
2026-06-09,BAU,BASIL SEEDS 800G,,bigbasket,,349,,,,false,NOT_LISTED,,,0,1099,
2026-06-09,BAU,BLACK CARDAMOM 100G,,bigbasket,,289,,,,false,NOT_LISTED,,,0,549,
2026-06-09,BAU,BLACK OLIVE 470G,,bigbasket,,249,,,,false,NOT_LISTED,,,0,399,
2026-06-09,BAU,BLACK PEPPER 100G,,bigbasket,,145,,,,false,NOT_LISTED,,,0,399,
2026-06-09,BAU,CANOLA 1+1L,,bigbasket,,529,,,,false,NOT_LISTED,,,0,750,
2026-06-09,BAU,CANOLA 1L,canola-oil-cold-pressed-1l,bigbasket,282779,269,283.99,283.99,283.99,true,ABOVE,14.99,5.57,0,375,375
2026-06-09,BAU,CANOLA 1L + 1L,,bigbasket,,529,,,,false,NOT_LISTED,,,0,750,
2026-06-09,BAU,CANOLA 1L POUCH,canola-omega3-rich-cooking-oil-1-l-1l,bigbasket,40309979,269,,,,false,OOS,,,0,299,299
2026-06-09,BAU,CANOLA 3L,,bigbasket,,799,,,,false,NOT_LISTED,,,0,690,
2026-06-09,BAU,CANOLA 4L,,bigbasket,,1189,,,,false,NOT_LISTED,,,0,1199,
2026-06-09,BAU,CANOLA 5L,canola-oil-cold-pressed-5l,bigbasket,282780,1299,1366,1366,1366,true,ABOVE,67,5.16,0,1650,1650
2026-06-09,BAU,CHIA SEEDS 200G,,bigbasket,,99,,,,false,NOT_LISTED,,,0,299,
2026-06-09,BAU,CHIA SEEDS 400G,,bigbasket,,209,,,,false,NOT_LISTED,,,0,599,
2026-06-09,BAU,CHIA SEEDS 800G,,bigbasket,,349,,,,false,NOT_LISTED,,,0,899,
2026-06-09,BAU,CINNAMON BARK 100G,,bigbasket,,99,,,,false,NOT_LISTED,,,0,299,
2026-06-09,BAU,CLOVE 100G,,bigbasket,,249,,,,false,NOT_LISTED,,,0,280,
2026-06-09,BAU,COCONUT 1L,,bigbasket,,559,,,,false,NOT_LISTED,,,0,700,
2026-06-09,BAU,COCONUT 200ML,,bigbasket,,149,,,,false,NOT_LISTED,,,0,285,
2026-06-09,BAU,COCONUT 500ML,,bigbasket,,289,,,,false,NOT_LISTED,,,0,695,
2026-06-09,BAU,COFFEE,,bigbasket,,249,,,,false,NOT_LISTED,,,0,350,
2026-06-09,BAU,CUMIN SEEDS 100G,,bigbasket,,75,,,,false,NOT_LISTED,,,0,249,
2026-06-09,BAU,EXTRA LIGHT 1+1L,,bigbasket,,1229,,,,false,NOT_LISTED,,,0,2798,
2026-06-09,BAU,EXTRA LIGHT 1L,extra-light-olive-oil-1l,bigbasket,40166398,619,1284,1284,1284,true,ABOVE,665,107.43,0,1499,1499
2026-06-09,BAU,EXTRA LIGHT 2L,extra-light-olive-oil-antioxidants-rich-light-cooking-medium-for-frying-grilling-2l,bigbasket,40250809,1229,1343,1343,1343,true,ABOVE,114,9.28,0,2799,2799
2026-06-09,BAU,EXTRA LIGHT 3L,,bigbasket,,1849,,,,false,NOT_LISTED,,,0,2200,
2026-06-09,BAU,EXTRA LIGHT 500ML,,bigbasket,,349,,,,false,NOT_LISTED,,,0,499,
2026-06-09,BAU,EXTRA LIGHT 5L,,bigbasket,,3069,,,,false,NOT_LISTED,,,0,6499,
2026-06-09,BAU,EXTRA VIRGIN 1L,extra-virgin-olive-oil-antioxidants-rich-suitable-for-salads-saute-1l,bigbasket,40250808,809,1012,1012,1012,true,ABOVE,203,25.09,0,1499,1799
2026-06-09,BAU,EXTRA VIRGIN 1L + 1L,,bigbasket,,1609,,,,false,NOT_LISTED,,,0,2998,
2026-06-09,BAU,EXTRA VIRGIN 200ML,,bigbasket,,199,,,,false,NOT_LISTED,,,0,350,
2026-06-09,BAU,EXTRA VIRGIN 250ML,,bigbasket,,219,,,,false,NOT_LISTED,,,0,450,
2026-06-09,BAU,EXTRA VIRGIN 2L,,bigbasket,,1619,,,,false,NOT_LISTED,,,0,2700,
2026-06-09,BAU,EXTRA VIRGIN 3L,,bigbasket,,2429,,,,false,NOT_LISTED,,,0,4000,
2026-06-09,BAU,EXTRA VIRGIN 500ML,,bigbasket,,419,,,,false,NOT_LISTED,,,0,675,
2026-06-09,BAU,EXTRA VIRGIN 5L,,bigbasket,,4039,,,,false,NOT_LISTED,,,0,7999,
2026-06-09,BAU,FLAX SEEDS 200G,,bigbasket,,99,,,,false,NOT_LISTED,,,0,249,
2026-06-09,BAU,FLAX SEEDS 400G,,bigbasket,,189,,,,false,NOT_LISTED,,,0,399,
2026-06-09,BAU,FLAX SEEDS 800G,,bigbasket,,369,,,,false,NOT_LISTED,,,0,750,
2026-06-09,BAU,GINGER ALE 200ML,,bigbasket,,49,,,,false,NOT_LISTED,,,0,100,
2026-06-09,BAU,GOLD 1+1,,bigbasket,,389,,,,false,NOT_LISTED,,,0,450,
2026-06-09,BAU,GOLD 1L,,bigbasket,,199,,,,false,NOT_LISTED,,,0,225,
2026-06-09,BAU,GOLD 5L,,bigbasket,,989,,,,false,NOT_LISTED,,,0,1049,
2026-06-09,BAU,GREEN CARDAMOM 100G,,bigbasket,,499,,,,false,NOT_LISTED,,,0,799,
2026-06-09,BAU,GROUNDNUT 1L,,bigbasket,,259,,,,false,NOT_LISTED,,,0,400,
2026-06-09,BAU,GROUNDNUT 5L,,bigbasket,,1269,,,,false,NOT_LISTED,,,0,2800,
2026-06-09,BAU,JIVO POMACE 1L,pomace-olive-oil-1l,bigbasket,40197820,439,485.01,485.01,485.01,true,ABOVE,46.01,10.48,0,1049,1049
2026-06-09,BAU,JIVO POMACE 1L + 1L,,bigbasket,,869,,,,false,NOT_LISTED,,,0,2098,
2026-06-09,BAU,JIVO POMACE 2L,pomace-olive-oil-2l,bigbasket,40309980,869,1099,1099,1099,true,ABOVE,230,26.47,0,1600,1449
2026-06-09,BAU,JIVO POMACE 5L,,bigbasket,,2169,,,,false,NOT_LISTED,,,0,4999,
2026-06-09,BAU,JIVO PUNJABI SHIKANJI 160 MLS,,bigbasket,,219,,,,false,NOT_LISTED,,,0,480,
2026-06-09,BAU,JIVO WATER 1L,,bigbasket,,20,,,,false,NOT_LISTED,,,0,30,
2026-06-09,BAU,JIVO WATER 250ML,,bigbasket,,119,,,,false,NOT_LISTED,,,0,360,
2026-06-09,BAU,JIVO WATER 500 MLS,,bigbasket,,12,,,,false,NOT_LISTED,,,0,15,
2026-06-09,BAU,MUSTARD 1L,cold-press-kachi-ghani-mustard-oil-1l,bigbasket,40166395,219,202.09,202.09,202.09,true,BELOW,-16.91,-7.72,1,255,255
2026-06-09,BAU,MUSTARD 1L + 1L,,bigbasket,,429,,,,false,NOT_LISTED,,,0,500,
2026-06-09,BAU,MUSTARD 1L POUCH,,bigbasket,,219,,,,false,NOT_LISTED,,,0,250,
2026-06-09,BAU,MUSTARD 3L,,bigbasket,,629,,,,false,NOT_LISTED,,,0,765,
2026-06-09,BAU,MUSTARD 4L,,bigbasket,,839,,,,false,NOT_LISTED,,,0,1000,
2026-06-09,BAU,MUSTARD 5L,cold-press-kachi-ghani-mustard-oil-5l,bigbasket,40166396,1049,981.13,981.13,981.13,true,BELOW,-67.87,-6.47,1,1250,1250
2026-06-09,BAU,POMACE 3L,,bigbasket,,1309,,,,false,NOT_LISTED,,,0,3050,
2026-06-09,BAU,PUMPKIN SEEDS 200G,,bigbasket,,209,,,,false,NOT_LISTED,,,0,399,
2026-06-09,BAU,PUMPKIN SEEDS 400G,,bigbasket,,399,,,,false,NOT_LISTED,,,0,699,
2026-06-09,BAU,PUMPKIN SEEDS 800G,,bigbasket,,789,,,,false,NOT_LISTED,,,0,1299,
2026-06-09,BAU,PUNJABI JEERA 160ML,,bigbasket,,219,,,,false,NOT_LISTED,,,0,360,
2026-06-09,BAU,QUINOA SEEDS 200G,,bigbasket,,119,,,,false,NOT_LISTED,,,0,199,
2026-06-09,BAU,QUINOA SEEDS 400G,,bigbasket,,179,,,,false,NOT_LISTED,,,0,299,
2026-06-09,BAU,QUINOA SEEDS 800G,,bigbasket,,259,,,,false,NOT_LISTED,,,0,399,
2026-06-09,BAU,RICE BRAN 1L,,bigbasket,,199,,,,false,NOT_LISTED,,,0,285,
2026-06-09,BAU,RICE BRAN 1L + 1L,,bigbasket,,389,,,,false,NOT_LISTED,,,0,570,
2026-06-09,BAU,RICE BRAN 4L,,bigbasket,,759,,,,false,NOT_LISTED,,,0,1140,
2026-06-09,BAU,RICE BRAN 5L,,bigbasket,,959,,,,false,NOT_LISTED,,,0,1425,
2026-06-09,BAU,ROSEMARY LEAVES 150 GMS,,bigbasket,,179,,,,false,NOT_LISTED,,,0,499,
2026-06-09,BAU,SAFFRON 1GMS,,bigbasket,,449,,,,false,NOT_LISTED,,,0,899,
2026-06-09,BAU,SANO CANOLA 1L,,bigbasket,,259,,,,false,NOT_LISTED,,,0,475,
2026-06-09,BAU,SANO CANOLA 5L,,bigbasket,,1249,,,,false,NOT_LISTED,,,0,1950,
2026-06-09,BAU,SANO CLASSIC 1L,,bigbasket,,589,,,,false,NOT_LISTED,,,0,1399,
2026-06-09,BAU,SANO CLASSIC 5L,,bigbasket,,2709,,,,false,NOT_LISTED,,,0,6499,
2026-06-09,BAU,SANO MUSTARD 1L,,bigbasket,,209,,,,false,NOT_LISTED,,,0,235,
2026-06-09,BAU,SANO MUSTARD 5L,,bigbasket,,999,,,,false,NOT_LISTED,,,0,1200,
2026-06-09,BAU,SANO POMACE 1L,,bigbasket,,419,,,,false,NOT_LISTED,,,0,999,
2026-06-09,BAU,SANO POMACE 5L,,bigbasket,,2069,,,,false,NOT_LISTED,,,0,4499,
2026-06-09,BAU,SANO SOYABEAN 1L,,bigbasket,,199,,,,false,NOT_LISTED,,,0,225,
2026-06-09,BAU,SANO SOYABEAN 5L,,bigbasket,,949,,,,false,NOT_LISTED,,,0,1450,
2026-06-09,BAU,SANO SUNFLOWER 1L,,bigbasket,,219,,,,false,NOT_LISTED,,,0,280,
2026-06-09,BAU,SANO SUNFLOWER 5L,,bigbasket,,1069,,,,false,NOT_LISTED,,,0,1475,
2026-06-09,BAU,SESAME 1L + 1L,,bigbasket,,689,,,,false,NOT_LISTED,,,0,1200,
2026-06-09,BAU,SESAME OIL 1L,,bigbasket,,349,,,,false,NOT_LISTED,,,0,600,
2026-06-09,BAU,SO OLIVE 1L,,bigbasket,,289,,,,false,NOT_LISTED,,,0,325,
2026-06-09,BAU,SO OLIVE 1L + 1L,,bigbasket,,569,,,,false,NOT_LISTED,,,0,650,
2026-06-09,BAU,SO OLIVE 5L,,bigbasket,,1419,,,,false,NOT_LISTED,,,0,1625,
2026-06-09,BAU,SODA 750ML,,bigbasket,,15,,,,false,NOT_LISTED,,,0,30,
2026-06-09,BAU,SODA LEMON 750ML,fizzy-water-flavoured-with-lemon-750ml,bigbasket,40335332,45,,,,false,OOS,,,0,55,55
2026-06-09,BAU,SOYABEAN 1L,,bigbasket,,209,,,,false,NOT_LISTED,,,0,225,
2026-06-09,BAU,SOYABEAN 1L + 1L,,bigbasket,,409,,,,false,NOT_LISTED,,,0,1100,
2026-06-09,BAU,SOYABEAN 1L POUCH,,bigbasket,,209,,,,false,NOT_LISTED,,,0,199,
2026-06-09,BAU,SOYABEAN 5L,,bigbasket,,999,,,,false,NOT_LISTED,,,0,1100,
2026-06-09,BAU,SPRING WATER 750ML,fizzy-water-flavoured-with-peach-750ml,bigbasket,40335333,50,,,,false,OOS,,,0,55,55
2026-06-09,BAU,SUNFLOWER 1L,cold-pressed-sunflower-oil-1l,bigbasket,40249993,229,177.74,177.74,177.74,true,BELOW,-51.26,-22.38,1,275,275
2026-06-09,BAU,SUNFLOWER 1L + 1L,,bigbasket,,449,,,,false,NOT_LISTED,,,0,550,
2026-06-09,BAU,SUNFLOWER 3L,,bigbasket,,679,,,,false,NOT_LISTED,,,0,825,
2026-06-09,BAU,SUNFLOWER 4L,,bigbasket,,909,,,,false,NOT_LISTED,,,0,1038,
2026-06-09,BAU,SUNFLOWER 5L,sunflower-oil-cold-pressed-fortified-with-vitamins-a-d-chemical-free-5l,bigbasket,40249992,1139,,,,false,OOS,,,0,1350,1350
2026-06-09,BAU,SUNFLOWER SEEDS 200G,,bigbasket,,139,,,,false,NOT_LISTED,,,0,299,
2026-06-09,BAU,SUNFLOWER SEEDS 400G,,bigbasket,,259,,,,false,NOT_LISTED,,,0,499,
2026-06-09,BAU,SUNFLOWER SEEDS 800G,,bigbasket,,389,,,,false,NOT_LISTED,,,0,899,
2026-06-09,BAU,WG MANGO JUICE 500ML,mango-healthy-wheatgrass-juice-500ml,bigbasket,40335340,39,,,,false,OOS,,,0,100,100
2026-06-09,BAU,YELLOW MUSTARD 1L,,bigbasket,,269,,,,false,NOT_LISTED,,,0,375,
2026-06-09,BAU,YELLOW MUSTARD 1L + 1L,,bigbasket,,529,,,,false,NOT_LISTED,,,0,750,
2026-06-09,BAU,YELLOW MUSTARD 5L,,bigbasket,,1329,,,,false,NOT_LISTED,,,0,2000,
2026-06-10,BAU,A2 GHEE 1L,jivo-a2-cow-ghee-1-litre-traditional-bilona-method-prepared-from-a2-cow-milk-rich-aroma-and-distinct-flavour-for-diverse-culinary-applications-suitable-for-cooking-frying-baking-indian-recipes-1l,amazon,B0B2RW9N9F,1409,,,,false,OOS,,,0,4000,2380
2026-06-10,BAU,A2 GHEE 500ML,jivo-a2-ghee-500-ml-bilona-method-traditionally-prepared-from-a2-cow-milk-suitable-for-cooking-frying-baking-indian-recipes-rich-aroma-and-distinct-flavour-for-diverse-culinary-applications-500ml,amazon,B0B2S1F6R8,759,,,,false,OOS,,,0,2200,2380
2026-06-10,BAU,BASIL SEEDS 200G,jivo-raw-basil-seeds-for-weight-loss-200gm-sabja-seed-takmuria-seeds-200g-high-fibre-and-omega-3-200ml,amazon,B0D8TN56P9,79,,,,false,OOS,,,0,349,599
2026-06-10,BAU,BASIL SEEDS 400G,jivo-raw-basil-seeds-for-weight-loss-400gm-sabja-seed-takmuria-seeds-400g-high-fibre-and-omega-3-400ml,amazon,B0D8VZKFHG,189,,,,false,OOS,,,0,599,299
2026-06-10,BAU,BASIL SEEDS 800G,jivo-raw-basil-seeds-for-weight-loss-sabja-seeds-tukmaria-seeds-high-in-fiber-omega3-nutrients-ideal-for-smoothies-drinks-and-baking-100-natural-vegan-glutenfree-800g-800ml,amazon,B0D8VZ1JLD,349,,,,false,OOS,,,0,1099,599
2026-06-10,BAU,BLACK CARDAMOM 100G,jivo-black-cardamom-badi-elaichi-sabut-moti-kali-elaichi-whole-organic-black-cardamom-perfect-for-cooking-baking-seasoning-adds-flavor-to-dishes-no-artificial-colours-or-preservatives-100g-100ml,amazon,B0D7CXGP3D,289,,,,false,OOS,,,0,549,300
2026-06-10,BAU,BLACK OLIVE 470G,jivo-black-sliced-olives-470g-finest-olives-from-egypt-evenly-cut-black-olive-slices-suitable-for-pizza-pasta-salads-wraps-ready-to-eat-snack-smart-choice-470ml,amazon,B0DS69LNFB,249,,,,false,OOS,,,0,399,2700
2026-06-10,BAU,BLACK PEPPER 100G,jivo-black-pepper-whole-natural-peppercorns-premium-kali-mirch-perfect-for-cooking-baking-seasoning-no-artificial-colors-preservatives-or-taste-enhancers-pepper-100g-100ml,amazon,B0D8L8NR8Q,145,,,,false,OOS,,,0,399,420
2026-06-10,BAU,CANOLA 1+1L,jivo-canola-cold-pressed-edible-oil-11-litres-cooking-oil-for-daily-use-ideal-for-roasting-frying-baking-all-types-of-cuisines-cold-pressed-oil-for-cooking-2l,amazon,B0152TWWSQ,529,659,659,659,true,ABOVE,130,24.57,0,750,750
2026-06-10,BAU,CANOLA 1L,jivo-canola-cold-pressed-edible-oil-1-litre-cooking-oil-for-daily-use-ideal-for-roasting-frying-baking-all-types-of-cuisines-cold-pressed-oil-for-cooking-1l,amazon,B09MJ6QDX7,269,263,263,263,true,BELOW,-6,-2.23,1,375,375
2026-06-10,BAU,CANOLA 1L + 1L,jivo-canola-oil1-litre-cold-press-cooking-oil-for-daily-use-lowest-in-saturated-fat-2l,amazon,B0CZP26VVN,529,526,526,526,true,BELOW,-3,-0.57,1,750,750
2026-06-10,BAU,CANOLA 1L POUCH,jivo-canola-oil1-litre-refined-pouch-cooking-oil-for-daily-use-recommended-by-indian-medical-association-1l,amazon,B07M6FYXWL,269,269,269,269,true,MATCH,0,0,0,299,299
2026-06-10,BAU,CANOLA 3L,jivo-canola-cold-pressed-edible-oil-3-litres-cooking-oil-for-daily-use-ideal-for-roasting-frying-baking-all-types-of-cuisines-cold-pressed-oil-for-cooking-3l,amazon,B078T3Q3SH,799,,,,false,OOS,,,0,690,550
2026-06-10,BAU,CANOLA 4L,jivo-canola-cold-pressed-edible-oil-4-litres-cooking-oil-for-daily-use-ideal-for-roasting-frying-baking-all-types-of-cuisines-cold-pressed-oil-for-cooking-4l,amazon,B0FPMH5Q4S,1189,,,,false,OOS,,,0,1199,620
2026-06-10,BAU,CANOLA 5L,jivo-canola-cold-pressed-edible-oil-5-litres-cooking-oil-for-daily-use-ideal-for-roasting-frying-baking-all-types-of-cuisines-cold-pressed-oil-for-cooking-5l,amazon,B077ZN4G28,1299,1285,1285,1285,true,BELOW,-14,-1.08,1,1650,1650
2026-06-10,BAU,CHIA SEEDS 200G,jivo-premium-raw-chia-seeds-i-eating-seeds-for-weight-loss-management-rich-in-calcium-protein-fiber-omega-3-non-gmo-and-fibre-reusable-antioxidant-healthy-breakfast-snack-200g-200ml,amazon,B0CRF3ZQWL,99,99,99,99,true,MATCH,0,0,0,299,299
2026-06-10,BAU,CHIA SEEDS 400G,jivo-premium-raw-chia-seeds-i-eating-seeds-for-weight-loss-management-rich-in-calcium-protein-fiber-omega-3-non-gmo-and-fibre-reusable-antioxidant-healthy-breakfast-snack-400g-400ml,amazon,B0CRH5W2R7,209,,,,false,OOS,,,0,599,1099
2026-06-10,BAU,CHIA SEEDS 800G,jivo-premium-raw-chia-seeds-i-eating-seeds-for-weight-loss-management-rich-in-calcium-protein-fiber-omega-3-non-gmo-and-fibre-reusable-antioxidant-healthy-breakfast-snack-800g-800ml,amazon,B0CRHR4KYS,349,,,,false,OOS,,,0,899,2600
2026-06-10,BAU,CINNAMON BARK 100G,jivo-organic-cinnamon-sticks-bark-finest-dalchini-sticks-whole-spices-sourced-from-premium-origins-no-artificial-colors-or-preservatives-pack-for-cooking-seasoning-100g-100ml,amazon,B0D7CVQG35,99,,,,false,OOS,,,0,299,495
2026-06-10,BAU,CLOVE 100G,jivo-whole-clove-100-gm-no-artificial-colours-or-preservatives-100ml,amazon,B0D7CZ3WYW,249,,,,false,OOS,,,0,280,1250
2026-06-10,BAU,COCONUT 1L,jivo-pure-extra-virgin-coconut-oil-1-litre-nourishing-oil-bottle-for-skin-hair-growth-baby-massage-good-for-salad-dressing-zero-cholesterol-and-trans-fat-keto-diet-cooking-1l,amazon,B0BZ8K3DQP,559,559,559,559,true,MATCH,0,0,0,700,700
2026-06-10,BAU,COCONUT 200ML,jivo-pure-extra-virgin-coconut-oil-200ml-nourishing-oil-bottle-for-skin-hair-growth-baby-massage-good-for-salad-dressing-zero-cholesterol-and-trans-fat-keto-diet-cooking-200ml,amazon,B0CGM7KSFV,149,169,169,169,true,ABOVE,20,13.42,0,285,285
2026-06-10,BAU,COCONUT 500ML,jivo-pure-extra-virgin-coconut-oil-500-ml-nourishing-oil-bottle-for-skin-hair-growth-baby-massage-good-for-salad-dressing-zero-cholesterol-and-trans-fat-keto-diet-cooking-500ml,amazon,B0CGN9Y3PT,289,289,289,289,true,MATCH,0,0,0,695,399
2026-06-10,BAU,COFFEE,jivo-koffie-instant-smooth-premium-coffee-100-gm-soluble-instant-coffee-powder-easy-to-prepare-with-rich-aroma-and-taste-coffee-for-daily-use-100ml,amazon,B0C8Z7SZG6,249,249,249,249,true,MATCH,0,0,0,350,350
2026-06-10,BAU,CUMIN SEEDS 100G,jivo-cumin-seeds-fresh-aromatic-natural-spice-for-cooking-no-added-colours-or-preservatives-perfect-for-baking-seasoning-and-flavoring-glutenfree-whole-jeera-seeds-100g-100ml,amazon,B0D8PMQCBV,75,,,,false,OOS,,,0,249,4999
2026-06-10,BAU,EXTRA LIGHT 1+1L,jivo-extra-light-olive-oil-2-litre-imported-from-spain-everyday-cooking-dressings-salads-soups-dips-marinades-low-in-saturated-fat-olive-oil-in-convenient-pet-bottle-for-easy-pouring-2l,amazon,B07WSJ45Q4,1229,1169,1169,1169,true,BELOW,-60,-4.88,1,2798,2998
2026-06-10,BAU,EXTRA LIGHT 1L,jivo-extra-light-olive-oil-1-litre-imported-from-spain-everyday-cooking-dressings-salad-soups-dips-and-marinades-all-culinary-uses-light-flavorful-high-mufa-rich-in-antioxidants-1l,amazon,B09HZY97FR,619,499,499,499,true,BELOW,-120,-19.39,1,1499,1499
2026-06-10,BAU,EXTRA LIGHT 2L,jivo-extra-light-olive-oil-2-litre-imported-from-spain-everyday-cooking-dressings-salads-soups-dips-marinades-low-in-saturated-fat-olive-oil-in-convenient-pet-bottle-for-easy-pouring-2l,amazon,B09NXCPZW1,1229,1010,1010,1010,true,BELOW,-219,-17.82,1,2799,2799
2026-06-10,BAU,EXTRA LIGHT 3L,jivo-extra-light-olive-oil-3-litre-imported-from-spain-recommended-for-daily-cooking-roasting-frying-baking-all-types-of-cuisines-low-in-saturated-fat-3l,amazon,B097ZZTW5C,1849,1595,1595,1595,true,BELOW,-254,-13.74,1,2200,2200
2026-06-10,BAU,EXTRA LIGHT 500ML,jivo-extra-light-olive-oil-500ml-imported-from-spain-everyday-use-for-cooking-dressings-salad-soups-dips-and-marinades-light-flavorful-high-mufa-rich-in-antioxidants-500ml,amazon,B0D9DBHG18,349,349,349,349,true,MATCH,0,0,0,499,499
2026-06-10,BAU,EXTRA LIGHT 5L,jivo-extra-light-olive-oil-5-litre-tin-imported-from-spain-recommendable-daily-cooking-for-roasting-frying-baking-all-type-of-cuisines-low-saturated-fat-low-saturated-fat-5l,amazon,B07MNWTBDT,3069,2944,2944,2944,true,BELOW,-125,-4.07,1,6499,6499
2026-06-10,BAU,EXTRA VIRGIN 1L,jivo-extra-virgin-olive-oil-1-litre-imported-from-spain-contains-vitamin-e-low-in-saturated-fat-natural-cooking-oil-ideal-for-dressings-salad-and-soups-dips-marinades-1l,amazon,B093BMGPQC,809,809,809,809,true,MATCH,0,0,0,1499,1799
2026-06-10,BAU,EXTRA VIRGIN 1L + 1L,jivo-extra-virgin-olive-oil-1-litre-contains-vitamin-e-low-in-saturated-fat-natural-cooking-oil-for-dressings-salad-and-soups-dips-marinades-pack-of-2-2l,amazon,B0CZP31DXK,1609,1610,1610,1610,true,MATCH,1,0.06,0,2998,1998
2026-06-10,BAU,EXTRA VIRGIN 200ML,jivo-extra-virgin-olive-oil-200-ml-pet-bottle-imported-from-spain-contains-vitamin-e-low-in-saturated-fat-natural-cooking-oil-ideal-use-for-dressings-salad-and-soups-dips-marinades-200ml,amazon,B0CGNBY24B,199,189,189,189,true,BELOW,-10,-5.03,1,350,299
2026-06-10,BAU,EXTRA VIRGIN 250ML,jivo-extra-virgin-olive-oil-250-ml-glass-bottle-imported-from-spain-contains-vitamin-e-low-in-saturated-fat-natural-and-cold-pressed-cooking-oil-for-dressings-salad-and-soups-dips-marinades-250ml,amazon,B0CGM8QLXB,219,,,,false,OOS,,,0,450,550
2026-06-10,BAU,EXTRA VIRGIN 2L,jivo-extra-virgin-olive-oil-2-litre-imported-from-spain-contains-vitamin-e-low-in-saturated-fat-natural-and-cold-pressed-cooking-oil-ideal-for-dressings-salad-and-soups-dips-marinades-2l,amazon,B0CH13ZG5M,1619,,,,false,OOS,,,0,2700,1999
2026-06-10,BAU,EXTRA VIRGIN 3L,jivo-extra-virgin-olive-oil-3-litre-imported-from-spain-contains-vitamin-e-low-in-saturated-fat-natural-and-cold-pressed-cooking-oil-ideal-for-dressings-salad-and-soups-dips-marinades-3l,amazon,B0FQ2ZMFB9,2429,,,,false,OOS,,,0,4000,
2026-06-10,BAU,EXTRA VIRGIN 500ML,jivo-extra-virgin-olive-oil-500-ml-pet-bottle-imported-from-spain-contains-vitamin-e-low-in-saturated-fat-natural-and-cold-pressed-cooking-oil-for-dressings-salad-and-soups-dips-marinades-500ml,amazon,B0CGM7THVN,419,,,,false,OOS,,,0,675,2700
2026-06-10,BAU,EXTRA VIRGIN 5L,jivo-extra-virgin-olive-oil-5-litre-tin-imported-from-spain-contains-vitamin-e-low-in-saturated-fat-natural-and-cold-pressed-cooking-oil-ideal-for-dressings-salad-and-soups-dips-marinades-5l,amazon,B09XR2YK8S,4039,3619,3619,3619,true,BELOW,-420,-10.4,1,7999,7999
2026-06-10,BAU,FLAX SEEDS 200G,jivo-flax-seeds-raw-alsi-seeds-for-eating-high-in-protein-iron-dietary-fibre-rich-in-essential-nutrients-ideal-for-adding-to-smoothies-salads-yogurt-baking-healthy-snack-option-200g-200ml,amazon,B0D8TPCV16,99,,,,false,OOS,,,0,249,599
2026-06-10,BAU,FLAX SEEDS 400G,jivo-flax-seeds-raw-alsi-seeds-for-smoothies-hair-growth-baking-more-rich-in-omega3-fiber-protein-essential-nutrients-100-natural-vegan-glutenfree-for-optimal-health-400g-400ml,amazon,B0D8TMZ523,189,,,,false,OOS,,,0,399,599
2026-06-10,BAU,FLAX SEEDS 800G,jivo-organic-flax-seeds-raw-alsi-seeds-for-smoothies-cereals-baking-more-rich-in-omega3-fiber-protein-essential-nutrients-100-natural-vegan-glutenfree-for-optimal-health-800g-800ml,amazon,B0D8TN9B9B,369,,,,false,OOS,,,0,750,599
2026-06-10,BAU,GINGER ALE 200ML,jivo-healthy-wheatgrass-body-detoxifying-immunity-booster-juice-sugar-free-200-ml-200ml,amazon,B0CYHFFZXG,49,,,,false,OOS,,,0,100,235
2026-06-10,BAU,GOLD 1+1,jivo-gold-refined-oil-blend-of-rice-bran-oil-sunflower-oil-cooking-oil-pro-healthy-lifestyle-edible-oil-1-litre-pack-of-2-2l,amazon,B0CWNVJN3B,389,,,,false,OOS,,,0,450,4999
2026-06-10,BAU,GOLD 1L,jivo-gold-premium-refined-cooking-oil-perfect-blend-of-rice-bran-sunflower-oil-natural-antioxidants-1-litre-pack-1l,amazon,B0CT5MYSDS,199,173,173,173,true,BELOW,-26,-13.07,1,225,225
2026-06-10,BAU,GOLD 5L,jivo-gold-refined-oil-perfect-blend-of-rice-bran-sunflower-oil-cooking-oil-rich-in-antioxidants-vitamins-pro-lifestyle-5l-family-pack-5l,amazon,B0C9Q1S6QG,989,961,961,961,true,BELOW,-28,-2.83,1,1049,1050
2026-06-10,BAU,GREEN CARDAMOM 100G,jivo-green-cardamom-8mm-elaichi-whole-natural-spices-no-artificial-colors-or-preservatives-distinctive-flavor-aroma-premium-idukki-cardamom-for-cooking-baking-tea-100g-100ml,amazon,B0D7CZD2PB,499,499,499,499,true,MATCH,0,0,0,799,799
2026-06-10,BAU,GROUNDNUT 1L,jivo-groundnut-oil-1-litre-cold-pressed-unrefined-peanut-oil-for-cooking-vitamin-a-d-fortified-chemicalfree-ground-nut-oil-1l-1l,amazon,B0CKFFW9B6,259,199,199,199,true,BELOW,-60,-23.17,1,400,560
2026-06-10,BAU,GROUNDNUT 5L,jivo-groundnut-oil-5-litre-cold-pressed-unrefined-peanut-oil-for-cooking-vitamin-a-d-fortified-chemicalfree-ground-nut-oil-5l,amazon,B0CKFFGC31,1269,1079,1079,1079,true,BELOW,-190,-14.97,1,2800,2800
2026-06-10,BAU,JIVO POMACE 1L,jivo-daily-cooking-pomace-olive-oil-1-litre-imported-from-spain-rich-in-monounsaturated-fatty-acids-low-in-saturated-fat-ideal-for-roasting-frying-and-baking-1l,amazon,B0821DNF2W,439,379,379,379,true,BELOW,-60,-13.67,1,1049,649
2026-06-10,BAU,JIVO POMACE 1L + 1L,jivo-daily-cooking-pomace-olive-oil-1-litre-rich-in-mufa-low-in-saturated-fat-2l,amazon,B0CZP46SJX,869,758,758,758,true,BELOW,-111,-12.77,1,2098,1298
2026-06-10,BAU,JIVO POMACE 2L,jivo-everyday-cooking-pomace-olive-oil-2-litre-imported-from-spain-rich-in-mufa-low-in-saturated-fat-ideal-for-frying-roasting-baking-cooking-oil-for-daily-use-2l,amazon,B0C4FFYSLV,869,849,849,849,true,BELOW,-20,-2.3,1,1600,1449
2026-06-10,BAU,JIVO POMACE 5L,jivo-pomace-olive-oil-5-litre-tin-for-everyday-cooking-imported-from-spain-recommended-for-roasting-frying-and-baking-all-types-of-cuisines-rich-in-mufa-low-in-saturated-fat-5l,amazon,B07X53ZL6J,2169,1926,1926,1926,true,BELOW,-243,-11.2,1,4999,4999
2026-06-10,BAU,JIVO PUNJABI SHIKANJI 160 MLS,jivo-punjabi-shikanji-wheatgrass-juice-nimbu-shikanji-masala-drink-natural-summer-refreshment-160ml-160ml,amazon,B0GZ7PXVF8,219,,,,false,OOS,,,0,480,
2026-06-10,BAU,JIVO WATER 1L,jivo-natural-mineral-1l-1l,amazon,B0CSPMN88F,20,,,,false,OOS,,,0,30,
2026-06-10,BAU,JIVO WATER 250ML,jivo-mineral-water-250ml-250ml,amazon,B0CST1ZYNY,119,,,,false,OOS,,,0,360,
2026-06-10,BAU,JIVO WATER 500 MLS,jivo-natural-mineral-water-himalayan-origin-nonro-unprocessed-noncarbonated-additivefree-packaged-water-for-clean-hydration-500-ml-bottle-500ml,amazon,B0GZB4ZQV3,12,,,,false,OOS,,,0,15,
2026-06-10,BAU,MUSTARD 1L,jivo-cold-pressed-kachi-ghani-chemical-free-mustard-daily-cooking-oil-1-litre-recommended-for-roasting-frying-baking-all-type-of-cuisines-1l,amazon,B09NYCSQLF,219,176,176,176,true,BELOW,-43,-19.63,1,255,255
2026-06-10,BAU,MUSTARD 1L + 1L,jivo-kachi-ghani-chemical-free-mustard-daily-cooking-oil-1-litre-each-recommendable-for-roasting-frying-baking-all-type-of-cuisines-healthy-cooking-oil-for-daily-use-1l,amazon,B09HKPSS96,429,,,,false,OOS,,,0,500,4999
2026-06-10,BAU,MUSTARD 1L POUCH,jivo-cold-pressed-kachi-ghani-chemical-free-mustard-daily-cooking-oil-1-litre-pouch-recommendable-for-roasting-frying-baking-all-type-of-cuisines-1l,amazon,B0DRYVRYYM,219,,,,false,OOS,,,0,250,550
2026-06-10,BAU,MUSTARD 3L,jivo-premium-cold-pressed-kachi-ghani-mustard-oil-3-litre-contains-omega3-and-vitamin-e-ideal-for-cooking-frying-pickling-daily-use-3l,amazon,B0GF22BHZ7,629,,,,false,OOS,,,0,765,1300
2026-06-10,BAU,MUSTARD 4L,jivo-premium-cold-pressed-kachi-ghani-mustard-oil-4-litre-contains-omega3-and-vitamin-e-ideal-for-cooking-frying-pickling-daily-use-4l,amazon,B0GFFSDTGP,839,,,,false,OOS,,,0,1000,1300
2026-06-10,BAU,MUSTARD 5L,jivo-premium-cold-pressed-kachi-ghani-mustard-oil-5-litre-contains-omega3-and-vitamin-e-ideal-for-cooking-frying-pickling-daily-use-5l,amazon,B091XPD9J3,1049,985,985,985,true,BELOW,-64,-6.1,1,1250,1250
2026-06-10,BAU,POMACE 3L,jivo-everyday-cooking-pomace-olive-oil-3-litre-imported-from-spain-rich-in-mufa-low-in-saturated-fat-ideal-for-frying-roasting-baking-cooking-oil-for-daily-use-3l,amazon,B0FQ31J42X,1309,1299,1299,1299,true,BELOW,-10,-0.76,1,3050,3050
2026-06-10,BAU,PUMPKIN SEEDS 200G,jivo-raw-pumpkin-seeds-healthy-snack-for-breakfast-high-in-fiber-antioxidants-ideal-for-diets-weight-management-nutritious-superfood-for-daily-wellness-hygienically-packed-200g-200ml,amazon,B0D8TR7R3Y,209,,,,false,OOS,,,0,399,599
2026-06-10,BAU,PUMPKIN SEEDS 400G,jivo-raw-pumpkin-seeds-healthy-snack-for-breakfast-high-in-fiber-antioxidants-ideal-for-diets-weight-management-nutritious-superfood-for-daily-wellness-hygienically-packed-400g-400ml,amazon,B0D8TR1ZCG,399,,,,false,OOS,,,0,699,599
2026-06-10,BAU,PUMPKIN SEEDS 800G,jivo-raw-pumpkin-seeds-healthy-snack-for-breakfast-high-in-fiber-antioxidants-ideal-for-diets-weight-management-nutritious-superfood-for-daily-wellness-hygienically-packed-800g-800ml,amazon,B0D8TPCPLS,789,,,,false,OOS,,,0,1299,1099
2026-06-10,BAU,PUNJABI JEERA 160ML,jivo-wheatgrass-punjabi-jeera-juice-160ml-tangy-cumin-flavored-refreshment-blended-with-fresh-wheatgrass-extract-convenient-pet-bottles-suitable-for-daily-hydration-refreshing-160ml,amazon,B0F9YVR47L,219,,,,false,OOS,,,0,360,235
2026-06-10,BAU,QUINOA SEEDS 200G,jivo-premium-quinoa-gluten-free-glutenfree-saponin-free-high-protein-fiber-healthy-breakfast-diet-food-for-weight-management-100-wholegrain-cereal-quinoa-jar-200g-200ml,amazon,B0DGT6CK3P,119,119,119,119,true,MATCH,0,0,0,199,199
2026-06-10,BAU,QUINOA SEEDS 400G,jivo-premium-quinoa-gluten-free-glutenfree-saponin-free-high-protein-fiber-healthy-breakfast-diet-food-for-weight-management-100-wholegrain-cereal-quinoa-jar-400g-400ml,amazon,B0DGTFLQMS,179,179,179,179,true,MATCH,0,0,0,299,299
2026-06-10,BAU,QUINOA SEEDS 800G,jivo-premium-quinoa-gluten-free-glutenfree-saponin-free-high-protein-fiber-healthy-breakfast-diet-food-for-weight-management-100-wholegrain-cereal-quinoa-jar-800g-800ml,amazon,B0DGT6KQ4F,259,,,,false,OOS,,,0,399,490
2026-06-10,BAU,RICE BRAN 1L,jivo-rice-bran-oil-1-litre-cooking-oil-rich-in-antioxidants-ideal-for-deep-frying-sauting-baking-chemicalfree-1l,amazon,B0DBHQ2QWW,199,184,184,184,true,BELOW,-15,-7.54,1,285,285
2026-06-10,BAU,RICE BRAN 1L + 1L,,amazon,B0H2HDLB5Q,389,,,,false,OOS,,,0,570,
2026-06-10,BAU,RICE BRAN 4L,jivo-rice-bran-oil-4-litre-premium-cooking-oil-rich-in-antioxidants-ideal-for-deep-frying-sauteing-baking-chemicalfree-4l,amazon,B0GFWHTMT9,759,759,759,759,true,MATCH,0,0,0,1140,1140
2026-06-10,BAU,RICE BRAN 5L,jivo-rice-bran-oil-5-litre-premium-cooking-oil-rich-in-antioxidants-ideal-for-deep-frying-sauteing-baking-chemicalfree-5l,amazon,B0DBJ13FKL,959,959,959,959,true,MATCH,0,0,0,1425,1425
2026-06-10,BAU,ROSEMARY LEAVES 150 GMS,jivo-rosemary-leaves-whole-natural-no-preservatives-or-additives-ideal-for-hair-growth-herbal-tea-seasoning-and-cooking-salvia-rosmarinus-150ml,amazon,B0DGTNDH9L,179,,,,false,OOS,,,0,499,300
2026-06-10,BAU,SAFFRON 1GMS,jivo-pure-kashmiri-saffron-a-grade-kesar-rich-in-antioxidants-boosts-immunity-skin-glow-overall-wellness-1ml,amazon,B0FNDJBJPV,449,,,,false,OOS,,,0,899,900
2026-06-10,BAU,SANO CANOLA 1L,sano-canola-oil-cooking-oil-for-daily-use-recommended-for-all-types-of-cuisines-ideal-for-conscious-cooking-1-liter-1l,amazon,B0CK2D4XCH,259,259,259,259,true,MATCH,0,0,0,475,475
2026-06-10,BAU,SANO CANOLA 5L,sano-canola-cooking-oil-for-daily-use-recommended-for-all-types-of-cuisines-lowest-in-saturated-fat-content-ideal-for-healthconscious-cooking-5-litre-smart-cooking-choice-5l,amazon,B0CK2B158Y,1249,,,,false,OOS,,,0,1950,4295
2026-06-10,BAU,SANO CLASSIC 1L,sano-extra-light-olive-oil-1-litre-product-of-spain-ideal-for-all-indian-and-western-cuisines-perfect-for-cooking-frying-roasting-grilling-and-baking-versatile-and-smart-cooking-oil-1l,amazon,B0CCVF1XVS,589,,,,false,OOS,,,0,1399,2700
2026-06-10,BAU,SANO CLASSIC 5L,sano-classic-olive-oil-5-litre-ideal-for-all-indian-and-western-cuisines-perfect-for-cooking-frying-roasting-grilling-and-baking-versatile-and-healthy-cooking-oil-5l,amazon,B0CKBFKQ4P,2709,,,,false,OOS,,,0,6499,4295
2026-06-10,BAU,SANO MUSTARD 1L,sano-pure-fresh-kachi-ghani-mustard-oil-1-litre-pet-bottle-high-pungency-rich-in-omega3-100-natural-authentic-indian-cooking-oil-boosts-heart-health-1l,amazon,B0C77PZ83B,209,209,209,209,true,MATCH,0,0,0,235,235
2026-06-10,BAU,SANO MUSTARD 5L,sano-pure-and-aromatic-kachi-ghani-mustard-oil-5l-pet-bottle-100-natural-ideal-for-cooking-pickling-and-health-benefits-edible-oil-5l,amazon,B0C77VSKBL,999,,,,false,OOS,,,0,1200,4295
2026-06-10,BAU,SANO POMACE 1L,sano-pomace-olive-oil-1l-pet-bottle-ideal-for-deep-frying-sauting-roasting-high-smoke-point-cooking-oil-for-indian-kitchen-1000ml-1l,amazon,B0CF9RQ9PL,419,419,419,419,true,MATCH,0,0,0,999,999
2026-06-10,BAU,SANO POMACE 5L,sano-pomace-olive-oil-5l-ideal-for-frying-roasting-sauting-rich-neutral-flavour-high-smoke-point-versatile-edible-cooking-oil-for-indian-cuisine-5l,amazon,B0CFFSWMXZ,2069,1999,1999,1999,true,BELOW,-70,-3.38,1,4499,4599
2026-06-10,BAU,SANO SOYABEAN 1L,sano-soyabean-oil-1-ltr-pet-bottle-pure-natural-nutrientrich-cooking-oil-ideal-for-healthy-delights-in-cooking-frying-and-baking-perfect-for-indian-and-international-cuisines-1l,amazon,B0C77V6LL7,199,199,199,199,true,MATCH,0,0,0,225,225
2026-06-10,BAU,SANO SOYABEAN 5L,sano-soybean-oil-5-ltr-pet-bottle-allnatural-nutrientrich-cooking-oil-with-a-high-omega3-content-and-a-low-saturated-fat-content-ideal-for-delicious-and-healthful-meals-5l,amazon,B0C3QYP96Z,949,949,949,949,true,MATCH,0,0,0,1450,1450
2026-06-10,BAU,SANO SUNFLOWER 1L,sano-sunflower-oil-1-litre-pet-bottle-pure-nutrientrich-sunflower-cooking-oil-with-high-smoke-point-ideal-for-frying-sauting-and-baking-1l,amazon,B0C3QV7FV6,219,,,,false,OOS,,,0,280,1050
2026-06-10,BAU,SANO SUNFLOWER 5L,sano-sunflower-oil-5-ltr-pet-bottle-pure-nutrient-rich-cooking-oil-with-high-smoke-point-ideal-for-frying-sauting-and-baking-all-type-of-cuisines-5l,amazon,B0C7KSLVLB,1069,,,,false,OOS,,,0,1475,550
2026-06-10,BAU,SESAME 1L + 1L,,amazon,B0H2B92WLP,689,,,,false,OOS,,,0,1200,
2026-06-10,BAU,SESAME OIL 1L,jivo-first-pressed-sesame-oil-1l-bottle-gingelly-oil-contains-mufa-and-omega6-pufa-natural-antioxidants-ideal-for-cooking-1l,amazon,B0FDKZPGX1,349,349,349,349,true,MATCH,0,0,0,600,600
2026-06-10,BAU,SO OLIVE 1L,jivo-so-olive-oil-1-litre-blend-of-rice-bran-olive-oil-nutritious-cooking-oil-for-a-healthy-lifestyle-ideal-for-daily-use-edible-oil-1l,amazon,B0DC6JR4F3,289,279,279,279,true,BELOW,-10,-3.46,1,325,325
2026-06-10,BAU,SO OLIVE 1L + 1L,,amazon,B0H2HJKJH1,569,,,,false,OOS,,,0,650,
2026-06-10,BAU,SO OLIVE 5L,jivo-so-olive-oil-5-litre-blend-of-rice-bran-olive-oil-nutritious-cooking-oil-for-a-healthy-lifestyle-ideal-for-daily-use-edible-oil-5l,amazon,B0DC6WMYM6,1419,1419,1419,1419,true,MATCH,0,0,0,1625,1625
2026-06-10,BAU,SODA 750ML,jivo-extra-fizzy-soda-750-ml-soda-750ml,amazon,B0D2KLSTFZ,15,,,,false,OOS,,,0,30,235
2026-06-10,BAU,SODA LEMON 750ML,jivo-fizzy-soda-flavoured-with-lemon-750ml-carbonated-water-zero-sugar-zero-calories-i-pack-of-1-750ml,amazon,B0DP36SDGD,45,,,,false,OOS,,,0,55,276
2026-06-10,BAU,SOYABEAN 1L,jivo-cooking-edible-soyabean-oil-1-litre-high-in-omega6-pufa-contains-tocopherols-natural-antioxidant-suitable-for-daily-cooking-1l,amazon,B0B6HNNL5B,209,209,209,209,true,MATCH,0,0,0,225,225
2026-06-10,BAU,SOYABEAN 1L + 1L,jivo-soyabean-cooking-oil-1-litre-bottles-pack-of-2-litres-ideal-for-roasting-frying-and-baking-healthy-cooking-oil-for-daily-use-pack-of-2-1l,amazon,B0B7JJ7C9W,409,449,449,449,true,ABOVE,40,9.78,0,1100,450
2026-06-10,BAU,SOYABEAN 1L POUCH,jivo-soyabean-oil-pouch-1-litre-edible-cooking-oil-for-daily-use-ideal-for-roasting-frying-and-baking-high-in-omega3-and-low-in-saturated-fat-1l,amazon,B0BZ4WPT43,209,,,,false,OOS,,,0,199,550
2026-06-10,BAU,SOYABEAN 5L,jivo-cooking-edible-soyabean-oil-5-litre-high-in-omega6-pufa-contains-tocopherols-natural-antioxidant-suitable-for-daily-cooking-5l,amazon,B0B6HPPMXL,999,999,999,999,true,MATCH,0,0,0,1100,1100
2026-06-10,BAU,SPRING WATER 750ML,jivo-diet-fizzy-peach-natural-spring-water-peach-750ml-750ml,amazon,B0D2TVRMB6,50,,,,false,OOS,,,0,55,1800
2026-06-10,BAU,SUNFLOWER 1L,jivo-cold-pressed-unrefined-sunflower-oil-1-litre-chemicalfree-oil-for-cooking-ideal-for-roasting-frying-baking-and-all-types-of-cuisines-1l,amazon,B0B4SJTNF2,229,207,207,207,true,BELOW,-22,-9.61,1,275,275
2026-06-10,BAU,SUNFLOWER 1L + 1L,jivo-cold-pressed-chemical-free-sunflower-oil-1-litre-ideal-for-roasting-frying-baking-all-types-of-cuisines-healthy-cooking-oil-for-daily-use-pack-of-2-litres-2l,amazon,B0992GRH3Z,449,,,,false,OOS,,,0,550,4999
2026-06-10,BAU,SUNFLOWER 3L,jivo-cold-pressed-chemicalfree-sunflower-oil-3-litres-chemicalfree-oil-for-cooking-ideal-for-roasting-frying-baking-and-all-types-of-cuisines-sunflower-oil-3l,amazon,B0GDV29RCN,679,,,,false,OOS,,,0,825,1300
2026-06-10,BAU,SUNFLOWER 4L,jivo-sunflower-oil-4-litres-pure-natural-oil-for-cooking-ideal-for-roasting-frying-baking-and-all-types-of-cuisines-sunflower-oil-4l,amazon,B0FPMJPCFM,909,,,,false,OOS,,,0,1038,1300
2026-06-10,BAU,SUNFLOWER 5L,jivo-cold-pressed-unrefined-sunflower-oil-5-litres-chemicalfree-oil-for-cooking-ideal-for-roasting-frying-baking-and-all-types-of-cuisines-5l,amazon,B0991VMDB1,1139,976,976,976,true,BELOW,-163,-14.31,1,1350,1350
2026-06-10,BAU,SUNFLOWER SEEDS 200G,jivo-sunflower-seeds-200g-raw-natural-sunflower-seeds-for-snacking-healthy-snack-option-ideal-for-weight-management-antioxidants-great-for-diets-nutrientrich-food-packed-with-protein-200ml,amazon,B0D8TT92SH,139,,,,false,OOS,,,0,299,4999
2026-06-10,BAU,SUNFLOWER SEEDS 400G,jivo-sunflower-seeds-raw-natural-sunflower-seeds-for-healthy-snacking-high-in-protein-fiber-antioxidants-ideal-for-weight-management-clean-eating-nutrientrich-diets-400g-400ml,amazon,B0D8TRK651,259,,,,false,OOS,,,0,499,4999
2026-06-10,BAU,SUNFLOWER SEEDS 800G,jivo-sunflower-seeds-raw-natural-sunflower-seeds-for-healthy-snacking-high-in-protein-fiber-antioxidants-ideal-for-weight-management-diets-clean-eating-glutenfree-nongmo-800g-800ml,amazon,B0D8TPSX1V,389,,,,false,OOS,,,0,899,4999
2026-06-10,BAU,WG MANGO JUICE 500ML,jivo-healthy-wheatgrass-juice-with-mango-flavor-body-detox-immunity-booster-natural-ingredients-500ml-500ml,amazon,B0DM2G4YCC,39,,,,false,OOS,,,0,100,750
2026-06-10,BAU,YELLOW MUSTARD 1L,jivo-first-pressed-yellow-mustard-oil-1-litre-pili-sarson-oil-for-cooking-chemicalfree-ideal-for-roasting-frying-baking-omega3-pufa-tocopherols-added-vitamins-a-d-for-diverse-cuisines-1l,amazon,B0FF9P7XVX,269,237,237,237,true,BELOW,-32,-11.9,1,375,395
2026-06-10,BAU,YELLOW MUSTARD 1L + 1L,,amazon,B0GX19RGQH,529,,,,false,OOS,,,0,750,
2026-06-10,BAU,YELLOW MUSTARD 5L,jivo-first-pressed-yellow-mustard-oil-5-litre-pili-sarson-oil-for-cooking-chemicalfree-ideal-for-roasting-frying-baking-omega3-pufa-tocopherols-added-vitamins-a-d-for-diverse-cuisines-5l,amazon,B0GF1Z3DXR,1329,1329,1329,1329,true,MATCH,0,0,0,2000,1795
2026-06-10,BAU,A2 GHEE 1L,ghegeujjnscchwq9,flipkart,GHEGEUJJNSCCHWQ9,1409,,,,false,OOS,,,0,4000,4000
2026-06-10,BAU,A2 GHEE 500ML,ghehhzbqjbnvzggq,flipkart,GHEHHZBQJBNVZGGQ,759,613,613,613,true,BELOW,-146,-19.24,1,2200,2200
2026-06-10,BAU,BASIL SEEDS 200G,edsh4zf2vbebfjuq,flipkart,EDSH4ZF2VBEBFJUQ,79,,,,false,OOS,,,0,349,349
2026-06-10,BAU,BASIL SEEDS 400G,,flipkart,,189,,,,false,NOT_LISTED,,,0,599,
2026-06-10,BAU,BASIL SEEDS 800G,edsh4yk7vc4zcnpu,flipkart,EDSH4YK7VC4ZCNPU,349,,,,false,OOS,,,0,1099,1099
2026-06-10,BAU,BLACK CARDAMOM 100G,scmh4h8hzj8ahq9g,flipkart,SCMH4H8HZJ8AHQ9G,289,,,,false,OOS,,,0,549,
2026-06-10,BAU,BLACK OLIVE 470G,,flipkart,,249,,,,false,NOT_LISTED,,,0,399,
2026-06-10,BAU,BLACK PEPPER 100G,scmh2hmc2u7pqmnv,flipkart,SCMH2HMC2U7PQMNV,145,,,,false,OOS,,,0,399,399
2026-06-10,BAU,CANOLA 1+1L,edofrxtmjgae9dct,flipkart,EDOFRXTMJGAE9DCT,529,572,572,572,true,ABOVE,43,8.13,0,750,750
2026-06-10,BAU,CANOLA 1L,edogdtnzgdahuduj,flipkart,EDOGDTNZGDAHUDUJ,269,319,319,319,true,ABOVE,50,18.59,0,375,375
2026-06-10,BAU,CANOLA 1L + 1L,edofrxtmjgae9dct,flipkart,EDOFRXTMJGAE9DCT,529,,,,false,PENDING_REVIEW,,,0,750,
2026-06-10,BAU,CANOLA 1L POUCH,,flipkart,,269,,,,false,NOT_LISTED,,,0,299,
2026-06-10,BAU,CANOLA 3L,edoghersuqwaau5s,flipkart,EDOGHERSUQWAAU5S,799,,,,false,OOS,,,0,690,
2026-06-10,BAU,CANOLA 4L,,flipkart,,1189,,,,false,NOT_LISTED,,,0,1199,
2026-06-10,BAU,CANOLA 5L,edoftx47swwqprvs,flipkart,EDOFTX47SWWQPRVS,1299,1254,1254,1254,true,BELOW,-45,-3.46,1,1650,1650
2026-06-10,BAU,CHIA SEEDS 200G,edsh4ygygrwrqrgk,flipkart,EDSH4YGYGRWRQRGK,99,,,,false,OOS,,,0,299,
2026-06-10,BAU,CHIA SEEDS 400G,edsgxe59s7agkhug,flipkart,EDSGXE59S7AGKHUG,209,,,,false,OOS,,,0,599,
2026-06-10,BAU,CHIA SEEDS 800G,edsh3fjv4pejdfan,flipkart,EDSH3FJV4PEJDFAN,349,,,,false,OOS,,,0,899,899
2026-06-10,BAU,CINNAMON BARK 100G,scmh4h8snyfgcykm,flipkart,SCMH4H8SNYFGCYKM,99,,,,false,OOS,,,0,299,
2026-06-10,BAU,CLOVE 100G,scmhckzekpqwve5v,flipkart,SCMHCKZEKPQWVE5V,249,,,,false,OOS,,,0,280,
2026-06-10,BAU,COCONUT 1L,edogpm99cpxseuyn,flipkart,EDOGPM99CPXSEUYN,559,534,534,534,true,BELOW,-25,-4.47,1,700,700
2026-06-10,BAU,COCONUT 200ML,,flipkart,,149,,,,false,NOT_LISTED,,,0,285,
2026-06-10,BAU,COCONUT 500ML,edohf5f6bs3mehjd,flipkart,EDOHF5F6BS3MEHJD,289,221,221,221,true,BELOW,-68,-23.53,1,695,398
2026-06-10,BAU,COFFEE,cfegmj5gje7hd3dq,flipkart,CFEGMJ5GJE7HD3DQ,249,,,,false,OOS,,,0,350,350
2026-06-10,BAU,CUMIN SEEDS 100G,scmh3fhauzysnuab,flipkart,SCMH3FHAUZYSNUAB,75,,,,false,OOS,,,0,249,
2026-06-10,BAU,EXTRA LIGHT 1+1L,qwrggc46ukqkvces,flipkart,QWRGGC46UKQKVCES,1229,,,,false,OOS,,,0,2798,
2026-06-10,BAU,EXTRA LIGHT 1L,edoge5whzbgw4ska,flipkart,EDOGE5WHZBGW4SKA,619,,,,false,OOS,,,0,1499,
2026-06-10,BAU,EXTRA LIGHT 2L,edoft6pr7qmyhgjh,flipkart,EDOFT6PR7QMYHGJH,1229,1004,1004,1004,true,BELOW,-225,-18.31,1,2799,2998
2026-06-10,BAU,EXTRA LIGHT 3L,,flipkart,,1849,,,,false,PENDING_REVIEW,,,0,2200,
2026-06-10,BAU,EXTRA LIGHT 500ML,,flipkart,,349,,,,false,NOT_LISTED,,,0,499,
2026-06-10,BAU,EXTRA LIGHT 5L,edofzfufcqdjhtqf,flipkart,EDOFZFUFCQDJHTQF,3069,2793,2793,2793,true,BELOW,-276,-8.99,1,6499,6499
2026-06-10,BAU,EXTRA VIRGIN 1L,edog2nmeharedmz3,flipkart,EDOG2NMEHAREDMZ3,809,872,872,872,true,ABOVE,63,7.79,0,1499,1799
2026-06-10,BAU,EXTRA VIRGIN 1L + 1L,qwrgemns9zpzgwjh,flipkart,QWRGEMNS9ZPZGWJH,1609,1345,1345,1345,true,BELOW,-264,-16.41,1,2998,2998
2026-06-10,BAU,EXTRA VIRGIN 200ML,edohgpf2zq9rqpb3,flipkart,EDOHGPF2ZQ9RQPB3,199,,,,false,OOS,,,0,350,
2026-06-10,BAU,EXTRA VIRGIN 250ML,edoguy3fp4y3rvqm,flipkart,EDOGUY3FP4Y3RVQM,219,219,219,219,true,MATCH,0,0,0,450,450
2026-06-10,BAU,EXTRA VIRGIN 2L,edog2nmphjzh6gjc,flipkart,EDOG2NMPHJZH6GJC,1619,1325,1325,1325,true,BELOW,-294,-18.16,1,2700,3598
2026-06-10,BAU,EXTRA VIRGIN 3L,,flipkart,,2429,,,,false,NOT_LISTED,,,0,4000,
2026-06-10,BAU,EXTRA VIRGIN 500ML,edogwgz7tq6zzt3h,flipkart,EDOGWGZ7TQ6ZZT3H,419,396,396,396,true,BELOW,-23,-5.49,1,675,998
2026-06-10,BAU,EXTRA VIRGIN 5L,edogdtxggcgfce88,flipkart,EDOGDTXGGCGFCE88,4039,,,,false,OOS,,,0,7999,5995
2026-06-10,BAU,FLAX SEEDS 200G,edsh4zgfwpsuy7rh,flipkart,EDSH4ZGFWPSUY7RH,99,,,,false,OOS,,,0,249,249
2026-06-10,BAU,FLAX SEEDS 400G,edsh5avfzrhq43rz,flipkart,EDSH5AVFZRHQ43RZ,189,,,,false,OOS,,,0,399,399
2026-06-10,BAU,FLAX SEEDS 800G,edsh5bx4umfr4xyf,flipkart,EDSH5BX4UMFR4XYF,369,,,,false,OOS,,,0,750,750
2026-06-10,BAU,GINGER ALE 200ML,,flipkart,,49,,,,false,NOT_LISTED,,,0,100,
2026-06-10,BAU,GOLD 1+1,edogyj7syy4h2mdh,flipkart,EDOGYJ7SYY4H2MDH,389,405,405,405,true,ABOVE,16,4.11,0,450,450
2026-06-10,BAU,GOLD 1L,edogxyeferfxp3zy,flipkart,EDOGXYEFERFXP3ZY,199,220,220,220,true,ABOVE,21,10.55,0,225,350
2026-06-10,BAU,GOLD 5L,edogrf8rmwnygjpe,flipkart,EDOGRF8RMWNYGJPE,989,,,,false,OOS,,,0,1049,1049
2026-06-10,BAU,GREEN CARDAMOM 100G,scmh4h8nch2pkywv,flipkart,SCMH4H8NCH2PKYWV,499,,,,false,OOS,,,0,799,
2026-06-10,BAU,GROUNDNUT 1L,edogwf6ugcwrregz,flipkart,EDOGWF6UGCWRREGZ,259,300,300,300,true,ABOVE,41,15.83,0,400,560
2026-06-10,BAU,GROUNDNUT 5L,edoh9p7nnnjuxgzp,flipkart,EDOH9P7NNNJUXGZP,1269,,,,false,OOS,,,0,2800,
2026-06-10,BAU,JIVO POMACE 1L,edohyrptdvezvz8e,flipkart,EDOHYRPTDVEZVZ8E,439,563,563,563,true,ABOVE,124,28.25,0,1049,1049
2026-06-10,BAU,JIVO POMACE 1L + 1L,edohyrrpj3h7nhhn,flipkart,EDOHYRRPJ3H7NHHN,869,,,,false,PENDING_REVIEW,,,0,2098,
2026-06-10,BAU,JIVO POMACE 2L,edogyzhgusaddg9b,flipkart,EDOGYZHGUSADDG9B,869,826,826,826,true,BELOW,-43,-4.95,1,1600,2098
2026-06-10,BAU,JIVO POMACE 5L,edoge5xhfzn2hz9d,flipkart,EDOGE5XHFZN2HZ9D,2169,1827,1827,1827,true,BELOW,-342,-15.77,1,4999,4999
2026-06-10,BAU,JIVO PUNJABI SHIKANJI 160 MLS,,flipkart,,219,,,,false,NOT_LISTED,,,0,480,
2026-06-10,BAU,JIVO WATER 1L,,flipkart,,20,,,,false,NOT_LISTED,,,0,30,
2026-06-10,BAU,JIVO WATER 250ML,,flipkart,,119,,,,false,NOT_LISTED,,,0,360,
2026-06-10,BAU,JIVO WATER 500 MLS,,flipkart,,12,,,,false,NOT_LISTED,,,0,15,
2026-06-10,BAU,MUSTARD 1L,edogdvwygjndyrqp,flipkart,EDOGDVWYGJNDYRQP,219,,,,false,OOS,,,0,255,250
2026-06-10,BAU,MUSTARD 1L + 1L,qwrgemqzxaywvm4m,flipkart,QWRGEMQZXAYWVM4M,429,,,,false,PENDING_REVIEW,,,0,500,
2026-06-10,BAU,MUSTARD 1L POUCH,,flipkart,,219,,,,false,NOT_LISTED,,,0,250,
2026-06-10,BAU,MUSTARD 3L,edogkc6kwybcnngh,flipkart,EDOGKC6KWYBCNNGH,629,,,,false,OOS,,,0,765,750
2026-06-10,BAU,MUSTARD 4L,edohgwu9wapbehwk,flipkart,EDOHGWU9WAPBEHWK,839,,,,false,OOS,,,0,1000,
2026-06-10,BAU,MUSTARD 5L,edoh9phgzg9h4gvt,flipkart,EDOH9PHGZG9H4GVT,1049,,,,false,OOS,,,0,1250,
2026-06-10,BAU,POMACE 3L,edogfyrutbcs6yhw,flipkart,EDOGFYRUTBCS6YHW,1309,1194,1194,1194,true,BELOW,-115,-8.79,1,3050,2247
2026-06-10,BAU,PUMPKIN SEEDS 200G,edsh5avcxwvgycyt,flipkart,EDSH5AVCXWVGYCYT,209,,,,false,OOS,,,0,399,399
2026-06-10,BAU,PUMPKIN SEEDS 400G,edsh5avgyvmtpzec,flipkart,EDSH5AVGYVMTPZEC,399,,,,false,OOS,,,0,699,
2026-06-10,BAU,PUMPKIN SEEDS 800G,edsh4zzgcgcmyvfh,flipkart,EDSH4ZZGCGCMYVFH,789,,,,false,OOS,,,0,1299,1299
2026-06-10,BAU,PUNJABI JEERA 160ML,,flipkart,,219,,,,false,NOT_LISTED,,,0,360,
2026-06-10,BAU,QUINOA SEEDS 200G,,flipkart,,119,,,,false,NOT_LISTED,,,0,199,
2026-06-10,BAU,QUINOA SEEDS 400G,,flipkart,,179,,,,false,NOT_LISTED,,,0,299,
2026-06-10,BAU,QUINOA SEEDS 800G,,flipkart,,259,,,,false,NOT_LISTED,,,0,399,
2026-06-10,BAU,RICE BRAN 1L,edohf5ykx4kjregk,flipkart,EDOHF5YKX4KJREGK,199,225,225,225,true,ABOVE,26,13.07,0,285,285
2026-06-10,BAU,RICE BRAN 1L + 1L,edohbh2fp9es6gga,flipkart,EDOHBH2FP9ES6GGA,389,,,,false,PENDING_REVIEW,,,0,570,
2026-06-10,BAU,RICE BRAN 4L,,flipkart,,759,,,,false,NOT_LISTED,,,0,1140,
2026-06-10,BAU,RICE BRAN 5L,edoh3yz46gfvhepb,flipkart,EDOH3YZ46GFVHEPB,959,1033,1033,1033,true,ABOVE,74,7.72,0,1425,1425
2026-06-10,BAU,ROSEMARY LEAVES 150 GMS,,flipkart,,179,,,,false,NOT_LISTED,,,0,499,
2026-06-10,BAU,SAFFRON 1GMS,scmhg4hdys45ycaz,flipkart,SCMHG4HDYS45YCAZ,449,,,,false,OOS,,,0,899,899
2026-06-10,BAU,SANO CANOLA 1L,edogvh5wwcxqnjhf,flipkart,EDOGVH5WWCXQNJHF,259,,,,false,OOS,,,0,475,475
2026-06-10,BAU,SANO CANOLA 5L,edogw3gwc36phwky,flipkart,EDOGW3GWC36PHWKY,1249,,,,false,OOS,,,0,1950,1950
2026-06-10,BAU,SANO CLASSIC 1L,edogvef33gyxkhew,flipkart,EDOGVEF33GYXKHEW,589,,,,false,OOS,,,0,1399,1299
2026-06-10,BAU,SANO CLASSIC 5L,edohagdyvqwt6gng,flipkart,EDOHAGDYVQWT6GNG,2709,,,,false,OOS,,,0,6499,
2026-06-10,BAU,SANO MUSTARD 1L,,flipkart,,209,,,,false,NOT_LISTED,,,0,235,
2026-06-10,BAU,SANO MUSTARD 5L,edogqthv2rjybfr9,flipkart,EDOGQTHV2RJYBFR9,999,,,,false,OOS,,,0,1200,1200
2026-06-10,BAU,SANO POMACE 1L,edogrrxuhzzhz2wz,flipkart,EDOGRRXUHZZHZ2WZ,419,387,387,387,true,BELOW,-32,-7.64,1,999,999
2026-06-10,BAU,SANO POMACE 5L,edogrsy3tnxgejpj,flipkart,EDOGRSY3TNXGEJPJ,2069,1813,1813,1813,true,BELOW,-256,-12.37,1,4499,4599
2026-06-10,BAU,SANO SOYABEAN 1L,,flipkart,,199,,,,false,NOT_LISTED,,,0,225,
2026-06-10,BAU,SANO SOYABEAN 5L,,flipkart,,949,,,,false,NOT_LISTED,,,0,1450,
2026-06-10,BAU,SANO SUNFLOWER 1L,edogqwu2jyazcgzm,flipkart,EDOGQWU2JYAZCGZM,219,,,,false,OOS,,,0,280,291
2026-06-10,BAU,SANO SUNFLOWER 5L,,flipkart,,1069,,,,false,NOT_LISTED,,,0,1475,
2026-06-10,BAU,SESAME 1L + 1L,,flipkart,,689,,,,false,NOT_LISTED,,,0,1200,
2026-06-10,BAU,SESAME OIL 1L,edohdgcrehez8kpz,flipkart,EDOHDGCREHEZ8KPZ,349,346,346,346,true,BELOW,-3,-0.86,1,600,600
2026-06-10,BAU,SO OLIVE 1L,edoh5he7fczjwtaw,flipkart,EDOH5HE7FCZJWTAW,289,237,237,237,true,BELOW,-52,-17.99,1,325,325
2026-06-10,BAU,SO OLIVE 1L + 1L,edohbh2urwdmhpxc,flipkart,EDOHBH2URWDMHPXC,569,563,563,563,true,BELOW,-6,-1.05,1,650,650
2026-06-10,BAU,SO OLIVE 5L,edoh5hehthkwthyy,flipkart,EDOH5HEHTHKWTHYY,1419,1364,1364,1364,true,BELOW,-55,-3.88,1,1625,1625
2026-06-10,BAU,SODA 750ML,,flipkart,,15,,,,false,NOT_LISTED,,,0,30,
2026-06-10,BAU,SODA LEMON 750ML,,flipkart,,45,,,,false,NOT_LISTED,,,0,55,
2026-06-10,BAU,SOYABEAN 1L,,flipkart,,209,,,,false,NOT_LISTED,,,0,225,
2026-06-10,BAU,SOYABEAN 1L + 1L,edoggpfz2fcj6uws,flipkart,EDOGGPFZ2FCJ6UWS,409,,,,false,OOS,,,0,1100,
2026-06-10,BAU,SOYABEAN 1L POUCH,,flipkart,,209,,,,false,NOT_LISTED,,,0,199,
2026-06-10,BAU,SOYABEAN 5L,edoggf7edc9pffhh,flipkart,EDOGGF7EDC9PFFHH,999,,,,false,OOS,,,0,1100,1100
2026-06-10,BAU,SPRING WATER 750ML,,flipkart,,50,,,,false,NOT_LISTED,,,0,55,
2026-06-10,BAU,SUNFLOWER 1L,qwrgemp4hbfd4gf3,flipkart,QWRGEMP4HBFD4GF3,229,,,,false,OOS,,,0,275,
2026-06-10,BAU,SUNFLOWER 1L + 1L,,flipkart,,449,,,,false,NOT_LISTED,,,0,550,
2026-06-10,BAU,SUNFLOWER 3L,edoghzsebqyya6zw,flipkart,EDOGHZSEBQYYA6ZW,679,,,,false,OOS,,,0,825,825
2026-06-10,BAU,SUNFLOWER 4L,edohgwsvungy8y3m,flipkart,EDOHGWSVUNGY8Y3M,909,,,,false,OOS,,,0,1038,1080
2026-06-10,BAU,SUNFLOWER 5L,edogdvfwgprvttms,flipkart,EDOGDVFWGPRVTTMS,1139,1204,1204,1204,true,ABOVE,65,5.71,0,1350,1350
2026-06-10,BAU,SUNFLOWER SEEDS 200G,edsh5avjzcsan5p3,flipkart,EDSH5AVJZCSAN5P3,139,,,,false,OOS,,,0,299,
2026-06-10,BAU,SUNFLOWER SEEDS 400G,edsh66rre84eyvhc,flipkart,EDSH66RRE84EYVHC,259,,,,false,OOS,,,0,499,
2026-06-10,BAU,SUNFLOWER SEEDS 800G,edsh63q3yyywhmuh,flipkart,EDSH63Q3YYYWHMUH,389,,,,false,OOS,,,0,899,899
2026-06-10,BAU,WG MANGO JUICE 500ML,,flipkart,,39,,,,false,NOT_LISTED,,,0,100,
2026-06-10,BAU,YELLOW MUSTARD 1L,edohdgdyauqswvqv,flipkart,EDOHDGDYAUQSWVQV,269,237,237,237,true,BELOW,-32,-11.9,1,375,340
2026-06-10,BAU,YELLOW MUSTARD 1L + 1L,edohnfqudf32jhzr,flipkart,EDOHNFQUDF32JHZR,529,,,,false,PENDING_REVIEW,,,0,750,
2026-06-10,BAU,YELLOW MUSTARD 5L,,flipkart,,1329,,,,false,NOT_LISTED,,,0,2000,
2026-06-10,BAU,A2 GHEE 1L,,amazon-fresh,,1409,,,,false,NOT_LISTED,,,0,4000,
2026-06-10,BAU,A2 GHEE 500ML,,amazon-fresh,,759,,,,false,NOT_LISTED,,,0,2200,
2026-06-10,BAU,BASIL SEEDS 200G,,amazon-fresh,,79,,,,false,NOT_LISTED,,,0,349,
2026-06-10,BAU,BASIL SEEDS 400G,,amazon-fresh,,189,,,,false,NOT_LISTED,,,0,599,
2026-06-10,BAU,BASIL SEEDS 800G,,amazon-fresh,,349,,,,false,NOT_LISTED,,,0,1099,
2026-06-10,BAU,BLACK CARDAMOM 100G,,amazon-fresh,,289,,,,false,NOT_LISTED,,,0,549,
2026-06-10,BAU,BLACK OLIVE 470G,,amazon-fresh,,249,,,,false,NOT_LISTED,,,0,399,
2026-06-10,BAU,BLACK PEPPER 100G,,amazon-fresh,,145,,,,false,NOT_LISTED,,,0,399,
2026-06-10,BAU,CANOLA 1+1L,jivo-canola-cold-pressed-edible-oil-11-litres-1l,amazon-fresh,B0152TWWSQ,529,464,464,750,true,BELOW,-65,-12.29,19,750,750
2026-06-10,BAU,CANOLA 1L,jivo-canola-cold-pressed-edible-oil-1-litre-cooking-oil-for-daily-use-ideal-for-roasting-frying-baking-all-types-of-cuisines-1l,amazon-fresh,B09MJ6QDX7,269,261,257,269,true,BELOW,-8,-2.97,98,375,375
2026-06-10,BAU,CANOLA 1L + 1L,,amazon-fresh,,529,,,,false,NOT_LISTED,,,0,750,
2026-06-10,BAU,CANOLA 1L POUCH,,amazon-fresh,,269,,,,false,NOT_LISTED,,,0,299,
2026-06-10,BAU,CANOLA 3L,,amazon-fresh,,799,,,,false,NOT_LISTED,,,0,690,
2026-06-10,BAU,CANOLA 4L,,amazon-fresh,,1189,,,,false,NOT_LISTED,,,0,1199,
2026-06-10,BAU,CANOLA 5L,jivo-cold-pressed-canola-oil-5-litre-5l,amazon-fresh,B077ZN4G28,1299,1193,1193,1405,true,BELOW,-106,-8.16,53,1650,1650
2026-06-10,BAU,CHIA SEEDS 200G,,amazon-fresh,,99,,,,false,NOT_LISTED,,,0,299,
2026-06-10,BAU,CHIA SEEDS 400G,,amazon-fresh,,209,,,,false,NOT_LISTED,,,0,599,
2026-06-10,BAU,CHIA SEEDS 800G,,amazon-fresh,,349,,,,false,NOT_LISTED,,,0,899,
2026-06-10,BAU,CINNAMON BARK 100G,,amazon-fresh,,99,,,,false,NOT_LISTED,,,0,299,
2026-06-10,BAU,CLOVE 100G,,amazon-fresh,,249,,,,false,NOT_LISTED,,,0,280,
2026-06-10,BAU,COCONUT 1L,jivo-pure-extra-virgin-coconut-oil-1-litre-1l,amazon-fresh,B0BZ8K3DQP,559,559,559,700,true,MATCH,0,0,0,700,700
2026-06-10,BAU,COCONUT 200ML,,amazon-fresh,,149,,,,false,NOT_LISTED,,,0,285,
2026-06-10,BAU,COCONUT 500ML,jivo-pure-extra-virgin-coconut-oil-500-ml-500ml,amazon-fresh,B0CGN9Y3PT,289,289,289,289,true,MATCH,0,0,0,695,399
2026-06-10,BAU,COFFEE,,amazon-fresh,,249,,,,false,NOT_LISTED,,,0,350,
2026-06-10,BAU,CUMIN SEEDS 100G,,amazon-fresh,,75,,,,false,NOT_LISTED,,,0,249,
2026-06-10,BAU,EXTRA LIGHT 1+1L,,amazon-fresh,,1229,,,,false,NOT_LISTED,,,0,2798,
2026-06-10,BAU,EXTRA LIGHT 1L,jivo-extra-light-olive-oil-1-litre-1l,amazon-fresh,B09HZY97FR,619,499,499,619,true,BELOW,-120,-19.39,87,1499,1499
2026-06-10,BAU,EXTRA LIGHT 2L,jivo-extra-light-olive-oil-2-litre-2l,amazon-fresh,B09NXCPZW1,1229,1135,1010,1191,true,BELOW,-94,-7.65,112,2799,2799
2026-06-10,BAU,EXTRA LIGHT 3L,,amazon-fresh,,1849,,,,false,NOT_LISTED,,,0,2200,
2026-06-10,BAU,EXTRA LIGHT 500ML,,amazon-fresh,,349,,,,false,NOT_LISTED,,,0,499,
2026-06-10,BAU,EXTRA LIGHT 5L,,amazon-fresh,,3069,,,,false,NOT_LISTED,,,0,6499,
2026-06-10,BAU,EXTRA VIRGIN 1L,jivo-extra-virgin-olive-oil-1-litre-1l,amazon-fresh,B093BMGPQC,809,809,805,809,true,MATCH,0,0,29,1499,1799
2026-06-10,BAU,EXTRA VIRGIN 1L + 1L,,amazon-fresh,,1609,,,,false,NOT_LISTED,,,0,2998,
2026-06-10,BAU,EXTRA VIRGIN 200ML,,amazon-fresh,,199,,,,false,NOT_LISTED,,,0,350,
2026-06-10,BAU,EXTRA VIRGIN 250ML,,amazon-fresh,,219,,,,false,NOT_LISTED,,,0,450,
2026-06-10,BAU,EXTRA VIRGIN 2L,,amazon-fresh,,1619,,,,false,NOT_LISTED,,,0,2700,
2026-06-10,BAU,EXTRA VIRGIN 3L,,amazon-fresh,,2429,,,,false,NOT_LISTED,,,0,4000,
2026-06-10,BAU,EXTRA VIRGIN 500ML,,amazon-fresh,,419,,,,false,NOT_LISTED,,,0,675,
2026-06-10,BAU,EXTRA VIRGIN 5L,,amazon-fresh,,4039,,,,false,NOT_LISTED,,,0,7999,
2026-06-10,BAU,FLAX SEEDS 200G,,amazon-fresh,,99,,,,false,NOT_LISTED,,,0,249,
2026-06-10,BAU,FLAX SEEDS 400G,,amazon-fresh,,189,,,,false,NOT_LISTED,,,0,399,
2026-06-10,BAU,FLAX SEEDS 800G,,amazon-fresh,,369,,,,false,NOT_LISTED,,,0,750,
2026-06-10,BAU,GINGER ALE 200ML,,amazon-fresh,,49,,,,false,NOT_LISTED,,,0,100,
2026-06-10,BAU,GOLD 1+1,,amazon-fresh,,389,,,,false,NOT_LISTED,,,0,450,
2026-06-10,BAU,GOLD 1L,,amazon-fresh,,199,,,,false,NOT_LISTED,,,0,225,
2026-06-10,BAU,GOLD 5L,jivo-gold-refined-oil-perfect-blend-of-rice-bran-sunflower-oil-5l,amazon-fresh,B0C9Q1S6QG,989,930,899,961,true,BELOW,-59,-5.97,30,1049,1050
2026-06-10,BAU,GREEN CARDAMOM 100G,,amazon-fresh,,499,,,,false,NOT_LISTED,,,0,799,
2026-06-10,BAU,GROUNDNUT 1L,,amazon-fresh,,259,,,,false,NOT_LISTED,,,0,400,
2026-06-10,BAU,GROUNDNUT 5L,jivo-cold-pressed-groundnut-oil-5-litre-5l,amazon-fresh,B0CKFFGC31,1269,1079,1074,1127,true,BELOW,-190,-14.97,60,2800,2800
2026-06-10,BAU,JIVO POMACE 1L,jivo-daily-cooking-pomace-olive-oil-1-litre-1l,amazon-fresh,B0821DNF2W,439,379,379,439,true,BELOW,-60,-13.67,104,1049,1049
2026-06-10,BAU,JIVO POMACE 1L + 1L,,amazon-fresh,,869,,,,false,NOT_LISTED,,,0,2098,
2026-06-10,BAU,JIVO POMACE 2L,,amazon-fresh,,869,,,,false,NOT_LISTED,,,0,1600,
2026-06-10,BAU,JIVO POMACE 5L,jivo-pomace-olive-oil-5-litre-tin-for-everyday-cooking-5l,amazon-fresh,B07X53ZL6J,2169,1950,1926,2083,true,BELOW,-219,-10.1,84,4999,4999
2026-06-10,BAU,JIVO PUNJABI SHIKANJI 160 MLS,,amazon-fresh,,219,,,,false,NOT_LISTED,,,0,480,
2026-06-10,BAU,JIVO WATER 1L,,amazon-fresh,,20,,,,false,NOT_LISTED,,,0,30,
2026-06-10,BAU,JIVO WATER 250ML,,amazon-fresh,,119,,,,false,NOT_LISTED,,,0,360,
2026-06-10,BAU,JIVO WATER 500 MLS,,amazon-fresh,,12,,,,false,NOT_LISTED,,,0,15,
2026-06-10,BAU,MUSTARD 1L,jivo-cold-pressed-kachi-ghani-chemical-free-mustard-daily-cooking-oil-1-litre-1l,amazon-fresh,B09NYCSQLF,219,181,167,219,true,BELOW,-38,-17.35,83,255,255
2026-06-10,BAU,MUSTARD 1L + 1L,,amazon-fresh,,429,,,,false,NOT_LISTED,,,0,500,
2026-06-10,BAU,MUSTARD 1L POUCH,jivo-cold-pressed-kachi-ghani-chemical-free-mustard-daily-cooking-oil-1-litre-pouch-1l,amazon-fresh,B0DRYVRYYM,219,219,219,219,true,MATCH,0,0,0,250,
2026-06-10,BAU,MUSTARD 3L,,amazon-fresh,,629,,,,false,NOT_LISTED,,,0,765,
2026-06-10,BAU,MUSTARD 4L,,amazon-fresh,,839,,,,false,NOT_LISTED,,,0,1000,
2026-06-10,BAU,MUSTARD 5L,jivo-premium-cold-pressed-kachi-ghani-mustard-oil-5-litre-5l,amazon-fresh,B091XPD9J3,1049,960,960,1049,true,BELOW,-89,-8.48,114,1250,1250
2026-06-10,BAU,POMACE 3L,,amazon-fresh,,1309,,,,false,NOT_LISTED,,,0,3050,
2026-06-10,BAU,PUMPKIN SEEDS 200G,,amazon-fresh,,209,,,,false,NOT_LISTED,,,0,399,
2026-06-10,BAU,PUMPKIN SEEDS 400G,,amazon-fresh,,399,,,,false,NOT_LISTED,,,0,699,
2026-06-10,BAU,PUMPKIN SEEDS 800G,,amazon-fresh,,789,,,,false,NOT_LISTED,,,0,1299,
2026-06-10,BAU,PUNJABI JEERA 160ML,,amazon-fresh,,219,,,,false,NOT_LISTED,,,0,360,
2026-06-10,BAU,QUINOA SEEDS 200G,,amazon-fresh,,119,,,,false,NOT_LISTED,,,0,199,
2026-06-10,BAU,QUINOA SEEDS 400G,,amazon-fresh,,179,,,,false,NOT_LISTED,,,0,299,
2026-06-10,BAU,QUINOA SEEDS 800G,,amazon-fresh,,259,,,,false,NOT_LISTED,,,0,399,
2026-06-10,BAU,RICE BRAN 1L,jivo-rice-bran-oil-1-litre-cooking-oil-1l,amazon-fresh,B0DBHQ2QWW,199,199,178,199,true,MATCH,0,0,63,285,285
2026-06-10,BAU,RICE BRAN 1L + 1L,,amazon-fresh,,389,,,,false,NOT_LISTED,,,0,570,
2026-06-10,BAU,RICE BRAN 4L,,amazon-fresh,,759,,,,false,NOT_LISTED,,,0,1140,
2026-06-10,BAU,RICE BRAN 5L,jivo-rice-bran-oil-5-litre-5l,amazon-fresh,B0DBJ13FKL,959,940,909,959,true,BELOW,-19,-1.98,42,1425,1425
2026-06-10,BAU,ROSEMARY LEAVES 150 GMS,,amazon-fresh,,179,,,,false,NOT_LISTED,,,0,499,
2026-06-10,BAU,SAFFRON 1GMS,,amazon-fresh,,449,,,,false,NOT_LISTED,,,0,899,
2026-06-10,BAU,SANO CANOLA 1L,,amazon-fresh,,259,,,,false,NOT_LISTED,,,0,475,
2026-06-10,BAU,SANO CANOLA 5L,,amazon-fresh,,1249,,,,false,NOT_LISTED,,,0,1950,
2026-06-10,BAU,SANO CLASSIC 1L,,amazon-fresh,,589,,,,false,NOT_LISTED,,,0,1399,
2026-06-10,BAU,SANO CLASSIC 5L,,amazon-fresh,,2709,,,,false,NOT_LISTED,,,0,6499,
2026-06-10,BAU,SANO MUSTARD 1L,,amazon-fresh,,209,,,,false,NOT_LISTED,,,0,235,
2026-06-10,BAU,SANO MUSTARD 5L,,amazon-fresh,,999,,,,false,NOT_LISTED,,,0,1200,
2026-06-10,BAU,SANO POMACE 1L,,amazon-fresh,,419,,,,false,NOT_LISTED,,,0,999,
2026-06-10,BAU,SANO POMACE 5L,,amazon-fresh,,2069,,,,false,NOT_LISTED,,,0,4499,
2026-06-10,BAU,SANO SOYABEAN 1L,,amazon-fresh,,199,,,,false,NOT_LISTED,,,0,225,
2026-06-10,BAU,SANO SOYABEAN 5L,,amazon-fresh,,949,,,,false,NOT_LISTED,,,0,1450,
2026-06-10,BAU,SANO SUNFLOWER 1L,,amazon-fresh,,219,,,,false,NOT_LISTED,,,0,280,
2026-06-10,BAU,SANO SUNFLOWER 5L,,amazon-fresh,,1069,,,,false,NOT_LISTED,,,0,1475,
2026-06-10,BAU,SESAME 1L + 1L,,amazon-fresh,,689,,,,false,NOT_LISTED,,,0,1200,
2026-06-10,BAU,SESAME OIL 1L,,amazon-fresh,,349,,,,false,NOT_LISTED,,,0,600,
2026-06-10,BAU,SO OLIVE 1L,jivo-soolive-oil-1l-1l,amazon-fresh,B0DC6JR4F3,289,279,237,289,true,BELOW,-10,-3.46,24,325,325
2026-06-10,BAU,SO OLIVE 1L + 1L,,amazon-fresh,,569,,,,false,NOT_LISTED,,,0,650,
2026-06-10,BAU,SO OLIVE 5L,,amazon-fresh,,1419,,,,false,NOT_LISTED,,,0,1625,
2026-06-10,BAU,SODA 750ML,,amazon-fresh,,15,,,,false,NOT_LISTED,,,0,30,
2026-06-10,BAU,SODA LEMON 750ML,,amazon-fresh,,45,,,,false,NOT_LISTED,,,0,55,
2026-06-10,BAU,SOYABEAN 1L,jivo-cooking-edible-soyabean-oil-1-litre-1l,amazon-fresh,B0B6HNNL5B,209,209,199,225,true,MATCH,0,0,15,225,225
2026-06-10,BAU,SOYABEAN 1L + 1L,,amazon-fresh,,409,,,,false,NOT_LISTED,,,0,1100,
2026-06-10,BAU,SOYABEAN 1L POUCH,,amazon-fresh,,209,,,,false,NOT_LISTED,,,0,199,
2026-06-10,BAU,SOYABEAN 5L,,amazon-fresh,,999,,,,false,NOT_LISTED,,,0,1100,
2026-06-10,BAU,SPRING WATER 750ML,,amazon-fresh,,50,,,,false,NOT_LISTED,,,0,55,
2026-06-10,BAU,SUNFLOWER 1L,jivo-cold-pressed-unrefined-sunflower-oil-1-litre-1l,amazon-fresh,B0B4SJTNF2,229,186,177,207,true,BELOW,-43,-18.78,51,275,275
2026-06-10,BAU,SUNFLOWER 1L + 1L,,amazon-fresh,,449,,,,false,NOT_LISTED,,,0,550,
2026-06-10,BAU,SUNFLOWER 3L,,amazon-fresh,,679,,,,false,NOT_LISTED,,,0,825,
2026-06-10,BAU,SUNFLOWER 4L,,amazon-fresh,,909,,,,false,NOT_LISTED,,,0,1038,
2026-06-10,BAU,SUNFLOWER 5L,jivo-cold-pressed-unrefined-sunflower-oil-5-litres-5l,amazon-fresh,B0991VMDB1,1139,1051,949,1103,true,BELOW,-88,-7.73,99,1350,1350
2026-06-10,BAU,SUNFLOWER SEEDS 200G,,amazon-fresh,,139,,,,false,NOT_LISTED,,,0,299,
2026-06-10,BAU,SUNFLOWER SEEDS 400G,,amazon-fresh,,259,,,,false,NOT_LISTED,,,0,499,
2026-06-10,BAU,SUNFLOWER SEEDS 800G,,amazon-fresh,,389,,,,false,NOT_LISTED,,,0,899,
2026-06-10,BAU,WG MANGO JUICE 500ML,,amazon-fresh,,39,,,,false,NOT_LISTED,,,0,100,
2026-06-10,BAU,YELLOW MUSTARD 1L,jivo-first-pressed-yellow-mustard-oil-1-litre-1l,amazon-fresh,B0FF9P7XVX,269,237,237,237,true,BELOW,-32,-11.9,8,375,355
2026-06-10,BAU,YELLOW MUSTARD 1L + 1L,,amazon-fresh,,529,,,,false,NOT_LISTED,,,0,750,
2026-06-10,BAU,YELLOW MUSTARD 5L,,amazon-fresh,,1329,,,,false,NOT_LISTED,,,0,2000,
2026-06-10,BAU,A2 GHEE 1L,,amazon-now,,1409,,,,false,NOT_LISTED,,,0,4000,
2026-06-10,BAU,A2 GHEE 500ML,,amazon-now,,759,,,,false,NOT_LISTED,,,0,2200,
2026-06-10,BAU,BASIL SEEDS 200G,,amazon-now,,79,,,,false,NOT_LISTED,,,0,349,
2026-06-10,BAU,BASIL SEEDS 400G,,amazon-now,,189,,,,false,NOT_LISTED,,,0,599,
2026-06-10,BAU,BASIL SEEDS 800G,,amazon-now,,349,,,,false,NOT_LISTED,,,0,1099,
2026-06-10,BAU,BLACK CARDAMOM 100G,,amazon-now,,289,,,,false,NOT_LISTED,,,0,549,
2026-06-10,BAU,BLACK OLIVE 470G,,amazon-now,,249,,,,false,NOT_LISTED,,,0,399,
2026-06-10,BAU,BLACK PEPPER 100G,,amazon-now,,145,,,,false,NOT_LISTED,,,0,399,
2026-06-10,BAU,CANOLA 1+1L,jivo-canola-cold-pressed-edible-oil-11-litres-1l,amazon-now,B0152TWWSQ,529,464,464,750,true,BELOW,-65,-12.29,19,750,750
2026-06-10,BAU,CANOLA 1L,jivo-canola-cold-pressed-edible-oil-1-litre-cooking-oil-for-daily-use-ideal-for-roasting-frying-baking-all-types-of-cuisines-1l,amazon-now,B09MJ6QDX7,269,261,257,269,true,BELOW,-8,-2.97,65,375,375
2026-06-10,BAU,CANOLA 1L + 1L,,amazon-now,,529,,,,false,NOT_LISTED,,,0,750,
2026-06-10,BAU,CANOLA 1L POUCH,,amazon-now,,269,,,,false,NOT_LISTED,,,0,299,
2026-06-10,BAU,CANOLA 3L,,amazon-now,,799,,,,false,NOT_LISTED,,,0,690,
2026-06-10,BAU,CANOLA 4L,,amazon-now,,1189,,,,false,NOT_LISTED,,,0,1199,
2026-06-10,BAU,CANOLA 5L,jivo-cold-pressed-canola-oil-5-litre-5l,amazon-now,B077ZN4G28,1299,1193,1193,1299,true,BELOW,-106,-8.16,45,1650,1650
2026-06-10,BAU,CHIA SEEDS 200G,,amazon-now,,99,,,,false,NOT_LISTED,,,0,299,
2026-06-10,BAU,CHIA SEEDS 400G,,amazon-now,,209,,,,false,NOT_LISTED,,,0,599,
2026-06-10,BAU,CHIA SEEDS 800G,,amazon-now,,349,,,,false,NOT_LISTED,,,0,899,
2026-06-10,BAU,CINNAMON BARK 100G,,amazon-now,,99,,,,false,NOT_LISTED,,,0,299,
2026-06-10,BAU,CLOVE 100G,,amazon-now,,249,,,,false,NOT_LISTED,,,0,280,
2026-06-10,BAU,COCONUT 1L,jivo-pure-extra-virgin-coconut-oil-1-litre-1l,amazon-now,B0BZ8K3DQP,559,559,559,559,true,MATCH,0,0,0,700,700
2026-06-10,BAU,COCONUT 200ML,,amazon-now,,149,,,,false,NOT_LISTED,,,0,285,
2026-06-10,BAU,COCONUT 500ML,,amazon-now,,289,,,,false,NOT_LISTED,,,0,695,
2026-06-10,BAU,COFFEE,,amazon-now,,249,,,,false,NOT_LISTED,,,0,350,
2026-06-10,BAU,CUMIN SEEDS 100G,,amazon-now,,75,,,,false,NOT_LISTED,,,0,249,
2026-06-10,BAU,EXTRA LIGHT 1+1L,,amazon-now,,1229,,,,false,NOT_LISTED,,,0,2798,
2026-06-10,BAU,EXTRA LIGHT 1L,jivo-extra-light-olive-oil-1-litre-1l,amazon-now,B09HZY97FR,619,499,499,619,true,BELOW,-120,-19.39,66,1499,1499
2026-06-10,BAU,EXTRA LIGHT 2L,jivo-extra-light-olive-oil-2-litre-2l,amazon-now,B09NXCPZW1,1229,1135,1135,1191,true,BELOW,-94,-7.65,79,2799,2799
2026-06-10,BAU,EXTRA LIGHT 3L,,amazon-now,,1849,,,,false,NOT_LISTED,,,0,2200,
2026-06-10,BAU,EXTRA LIGHT 500ML,,amazon-now,,349,,,,false,NOT_LISTED,,,0,499,
2026-06-10,BAU,EXTRA LIGHT 5L,,amazon-now,,3069,,,,false,NOT_LISTED,,,0,6499,
2026-06-10,BAU,EXTRA VIRGIN 1L,jivo-extra-virgin-olive-oil-1-litre-1l,amazon-now,B093BMGPQC,809,809,805,809,true,MATCH,0,0,14,1499,1799
2026-06-10,BAU,EXTRA VIRGIN 1L + 1L,,amazon-now,,1609,,,,false,NOT_LISTED,,,0,2998,
2026-06-10,BAU,EXTRA VIRGIN 200ML,,amazon-now,,199,,,,false,NOT_LISTED,,,0,350,
2026-06-10,BAU,EXTRA VIRGIN 250ML,,amazon-now,,219,,,,false,NOT_LISTED,,,0,450,
2026-06-10,BAU,EXTRA VIRGIN 2L,,amazon-now,,1619,,,,false,NOT_LISTED,,,0,2700,
2026-06-10,BAU,EXTRA VIRGIN 3L,,amazon-now,,2429,,,,false,NOT_LISTED,,,0,4000,
2026-06-10,BAU,EXTRA VIRGIN 500ML,,amazon-now,,419,,,,false,NOT_LISTED,,,0,675,
2026-06-10,BAU,EXTRA VIRGIN 5L,,amazon-now,,4039,,,,false,NOT_LISTED,,,0,7999,
2026-06-10,BAU,FLAX SEEDS 200G,,amazon-now,,99,,,,false,NOT_LISTED,,,0,249,
2026-06-10,BAU,FLAX SEEDS 400G,,amazon-now,,189,,,,false,NOT_LISTED,,,0,399,
2026-06-10,BAU,FLAX SEEDS 800G,,amazon-now,,369,,,,false,NOT_LISTED,,,0,750,
2026-06-10,BAU,GINGER ALE 200ML,,amazon-now,,49,,,,false,NOT_LISTED,,,0,100,
2026-06-10,BAU,GOLD 1+1,,amazon-now,,389,,,,false,NOT_LISTED,,,0,450,
2026-06-10,BAU,GOLD 1L,,amazon-now,,199,,,,false,NOT_LISTED,,,0,225,
2026-06-10,BAU,GOLD 5L,jivo-gold-refined-oil-perfect-blend-of-rice-bran-sunflower-oil-5l,amazon-now,B0C9Q1S6QG,989,930,930,930,true,BELOW,-59,-5.97,13,1049,1050
2026-06-10,BAU,GREEN CARDAMOM 100G,,amazon-now,,499,,,,false,NOT_LISTED,,,0,799,
2026-06-10,BAU,GROUNDNUT 1L,jivo-cold-pressed-groundnut-oil-1-litre-1l,amazon-now,B0CKFFW9B6,259,193,193,202,true,BELOW,-66,-25.48,14,400,560
2026-06-10,BAU,GROUNDNUT 5L,jivo-cold-pressed-groundnut-oil-5-litre-5l,amazon-now,B0CKFFGC31,1269,1079,1074,1127,true,BELOW,-190,-14.97,59,2800,2800
2026-06-10,BAU,JIVO POMACE 1L,jivo-daily-cooking-pomace-olive-oil-1-litre-1l,amazon-now,B0821DNF2W,439,379,379,397,true,BELOW,-60,-13.67,65,1049,1049
2026-06-10,BAU,JIVO POMACE 1L + 1L,,amazon-now,,869,,,,false,NOT_LISTED,,,0,2098,
2026-06-10,BAU,JIVO POMACE 2L,,amazon-now,,869,,,,false,NOT_LISTED,,,0,1600,
2026-06-10,BAU,JIVO POMACE 5L,jivo-pomace-olive-oil-5-litre-tin-for-everyday-cooking-5l,amazon-now,B07X53ZL6J,2169,1950,1926,1996,true,BELOW,-219,-10.1,69,4999,4999
2026-06-10,BAU,JIVO PUNJABI SHIKANJI 160 MLS,,amazon-now,,219,,,,false,NOT_LISTED,,,0,480,
2026-06-10,BAU,JIVO WATER 1L,,amazon-now,,20,,,,false,NOT_LISTED,,,0,30,
2026-06-10,BAU,JIVO WATER 250ML,,amazon-now,,119,,,,false,NOT_LISTED,,,0,360,
2026-06-10,BAU,JIVO WATER 500 MLS,,amazon-now,,12,,,,false,NOT_LISTED,,,0,15,
2026-06-10,BAU,MUSTARD 1L,jivo-cold-pressed-kachi-ghani-chemical-free-mustard-daily-cooking-oil-1-litre-1l,amazon-now,B09NYCSQLF,219,181,167,190,true,BELOW,-38,-17.35,70,255,255
2026-06-10,BAU,MUSTARD 1L + 1L,,amazon-now,,429,,,,false,NOT_LISTED,,,0,500,
2026-06-10,BAU,MUSTARD 1L POUCH,,amazon-now,,219,,,,false,NOT_LISTED,,,0,250,
2026-06-10,BAU,MUSTARD 3L,,amazon-now,,629,,,,false,NOT_LISTED,,,0,765,
2026-06-10,BAU,MUSTARD 4L,,amazon-now,,839,,,,false,NOT_LISTED,,,0,1000,
2026-06-10,BAU,MUSTARD 5L,jivo-premium-cold-pressed-kachi-ghani-mustard-oil-5-litre-5l,amazon-now,B091XPD9J3,1049,960,960,1049,true,BELOW,-89,-8.48,64,1250,1250
2026-06-10,BAU,POMACE 3L,,amazon-now,,1309,,,,false,NOT_LISTED,,,0,3050,
2026-06-10,BAU,PUMPKIN SEEDS 200G,,amazon-now,,209,,,,false,NOT_LISTED,,,0,399,
2026-06-10,BAU,PUMPKIN SEEDS 400G,,amazon-now,,399,,,,false,NOT_LISTED,,,0,699,
2026-06-10,BAU,PUMPKIN SEEDS 800G,,amazon-now,,789,,,,false,NOT_LISTED,,,0,1299,
2026-06-10,BAU,PUNJABI JEERA 160ML,,amazon-now,,219,,,,false,NOT_LISTED,,,0,360,
2026-06-10,BAU,QUINOA SEEDS 200G,,amazon-now,,119,,,,false,NOT_LISTED,,,0,199,
2026-06-10,BAU,QUINOA SEEDS 400G,,amazon-now,,179,,,,false,NOT_LISTED,,,0,299,
2026-06-10,BAU,QUINOA SEEDS 800G,,amazon-now,,259,,,,false,NOT_LISTED,,,0,399,
2026-06-10,BAU,RICE BRAN 1L,jivo-rice-bran-oil-1-litre-cooking-oil-1l,amazon-now,B0DBHQ2QWW,199,199,178,199,true,MATCH,0,0,41,285,285
2026-06-10,BAU,RICE BRAN 1L + 1L,,amazon-now,,389,,,,false,NOT_LISTED,,,0,570,
2026-06-10,BAU,RICE BRAN 4L,,amazon-now,,759,,,,false,NOT_LISTED,,,0,1140,
2026-06-10,BAU,RICE BRAN 5L,jivo-rice-bran-oil-5-litre-5l,amazon-now,B0DBJ13FKL,959,940,909,959,true,BELOW,-19,-1.98,16,1425,1425
2026-06-10,BAU,ROSEMARY LEAVES 150 GMS,,amazon-now,,179,,,,false,NOT_LISTED,,,0,499,
2026-06-10,BAU,SAFFRON 1GMS,,amazon-now,,449,,,,false,NOT_LISTED,,,0,899,
2026-06-10,BAU,SANO CANOLA 1L,,amazon-now,,259,,,,false,NOT_LISTED,,,0,475,
2026-06-10,BAU,SANO CANOLA 5L,,amazon-now,,1249,,,,false,NOT_LISTED,,,0,1950,
2026-06-10,BAU,SANO CLASSIC 1L,,amazon-now,,589,,,,false,NOT_LISTED,,,0,1399,
2026-06-10,BAU,SANO CLASSIC 5L,,amazon-now,,2709,,,,false,NOT_LISTED,,,0,6499,
2026-06-10,BAU,SANO MUSTARD 1L,,amazon-now,,209,,,,false,NOT_LISTED,,,0,235,
2026-06-10,BAU,SANO MUSTARD 5L,,amazon-now,,999,,,,false,NOT_LISTED,,,0,1200,
2026-06-10,BAU,SANO POMACE 1L,,amazon-now,,419,,,,false,NOT_LISTED,,,0,999,
2026-06-10,BAU,SANO POMACE 5L,,amazon-now,,2069,,,,false,NOT_LISTED,,,0,4499,
2026-06-10,BAU,SANO SOYABEAN 1L,,amazon-now,,199,,,,false,NOT_LISTED,,,0,225,
2026-06-10,BAU,SANO SOYABEAN 5L,,amazon-now,,949,,,,false,NOT_LISTED,,,0,1450,
2026-06-10,BAU,SANO SUNFLOWER 1L,,amazon-now,,219,,,,false,NOT_LISTED,,,0,280,
2026-06-10,BAU,SANO SUNFLOWER 5L,,amazon-now,,1069,,,,false,NOT_LISTED,,,0,1475,
2026-06-10,BAU,SESAME 1L + 1L,,amazon-now,,689,,,,false,NOT_LISTED,,,0,1200,
2026-06-10,BAU,SESAME OIL 1L,,amazon-now,,349,,,,false,NOT_LISTED,,,0,600,
2026-06-10,BAU,SO OLIVE 1L,,amazon-now,,289,,,,false,NOT_LISTED,,,0,325,
2026-06-10,BAU,SO OLIVE 1L + 1L,,amazon-now,,569,,,,false,NOT_LISTED,,,0,650,
2026-06-10,BAU,SO OLIVE 5L,,amazon-now,,1419,,,,false,NOT_LISTED,,,0,1625,
2026-06-10,BAU,SODA 750ML,,amazon-now,,15,,,,false,NOT_LISTED,,,0,30,
2026-06-10,BAU,SODA LEMON 750ML,,amazon-now,,45,,,,false,NOT_LISTED,,,0,55,
2026-06-10,BAU,SOYABEAN 1L,jivo-cooking-edible-soyabean-oil-1-litre-1l,amazon-now,B0B6HNNL5B,209,209,199,225,true,MATCH,0,0,4,225,225
2026-06-10,BAU,SOYABEAN 1L + 1L,,amazon-now,,409,,,,false,NOT_LISTED,,,0,1100,
2026-06-10,BAU,SOYABEAN 1L POUCH,,amazon-now,,209,,,,false,NOT_LISTED,,,0,199,
2026-06-10,BAU,SOYABEAN 5L,,amazon-now,,999,,,,false,NOT_LISTED,,,0,1100,
2026-06-10,BAU,SPRING WATER 750ML,,amazon-now,,50,,,,false,NOT_LISTED,,,0,55,
2026-06-10,BAU,SUNFLOWER 1L,jivo-cold-pressed-unrefined-sunflower-oil-1-litre-1l,amazon-now,B0B4SJTNF2,229,186,177,195,true,BELOW,-43,-18.78,27,275,275
2026-06-10,BAU,SUNFLOWER 1L + 1L,,amazon-now,,449,,,,false,NOT_LISTED,,,0,550,
2026-06-10,BAU,SUNFLOWER 3L,,amazon-now,,679,,,,false,NOT_LISTED,,,0,825,
2026-06-10,BAU,SUNFLOWER 4L,,amazon-now,,909,,,,false,NOT_LISTED,,,0,1038,
2026-06-10,BAU,SUNFLOWER 5L,jivo-cold-pressed-unrefined-sunflower-oil-5-litres-5l,amazon-now,B0991VMDB1,1139,1051,949,1051,true,BELOW,-88,-7.73,73,1350,1350
2026-06-10,BAU,SUNFLOWER SEEDS 200G,,amazon-now,,139,,,,false,NOT_LISTED,,,0,299,
2026-06-10,BAU,SUNFLOWER SEEDS 400G,,amazon-now,,259,,,,false,NOT_LISTED,,,0,499,
2026-06-10,BAU,SUNFLOWER SEEDS 800G,,amazon-now,,389,,,,false,NOT_LISTED,,,0,899,
2026-06-10,BAU,WG MANGO JUICE 500ML,jivo-healthy-wheatgrass-juice-with-mango-flavor-500ml,amazon-now,B0DM2G4YCC,39,55,55,100,true,ABOVE,16,41.03,0,100,
2026-06-10,BAU,YELLOW MUSTARD 1L,jivo-first-pressed-yellow-mustard-oil-1-litre-1l,amazon-now,B0FF9P7XVX,269,237,237,237,true,BELOW,-32,-11.9,8,375,355
2026-06-10,BAU,YELLOW MUSTARD 1L + 1L,,amazon-now,,529,,,,false,NOT_LISTED,,,0,750,
2026-06-10,BAU,YELLOW MUSTARD 5L,,amazon-now,,1329,,,,false,NOT_LISTED,,,0,2000,
2026-06-10,BAU,A2 GHEE 1L,,flipkart-minutes,,1409,,,,false,NOT_LISTED,,,0,4000,
2026-06-10,BAU,A2 GHEE 500ML,,flipkart-minutes,,759,,,,false,NOT_LISTED,,,0,2200,
2026-06-10,BAU,BASIL SEEDS 200G,,flipkart-minutes,,79,,,,false,NOT_LISTED,,,0,349,
2026-06-10,BAU,BASIL SEEDS 400G,,flipkart-minutes,,189,,,,false,NOT_LISTED,,,0,599,
2026-06-10,BAU,BASIL SEEDS 800G,,flipkart-minutes,,349,,,,false,NOT_LISTED,,,0,1099,
2026-06-10,BAU,BLACK CARDAMOM 100G,,flipkart-minutes,,289,,,,false,NOT_LISTED,,,0,549,
2026-06-10,BAU,BLACK OLIVE 470G,,flipkart-minutes,,249,,,,false,NOT_LISTED,,,0,399,
2026-06-10,BAU,BLACK PEPPER 100G,,flipkart-minutes,,145,,,,false,NOT_LISTED,,,0,399,
2026-06-10,BAU,CANOLA 1+1L,jivo-cold-press-combo-canola-oil-plastic-bottle-2l,flipkart-minutes,EDOF25FJGBH5EDS3,529,575,575,575,true,ABOVE,46,8.7,0,750,
2026-06-10,BAU,CANOLA 1L,jivo-cold-press-canola-oil-plastic-bottle-1l,flipkart-minutes,EDOG9BP8GEWFW9XC,269,258,241,271,true,BELOW,-11,-4.09,35,375,375
2026-06-10,BAU,CANOLA 1L + 1L,,flipkart-minutes,,529,,,,false,NOT_LISTED,,,0,750,
2026-06-10,BAU,CANOLA 1L POUCH,,flipkart-minutes,,269,,,,false,NOT_LISTED,,,0,299,
2026-06-10,BAU,CANOLA 3L,,flipkart-minutes,,799,,,,false,NOT_LISTED,,,0,690,
2026-06-10,BAU,CANOLA 4L,,flipkart-minutes,,1189,,,,false,NOT_LISTED,,,0,1199,
2026-06-10,BAU,CANOLA 5L,,flipkart-minutes,,1299,,,,false,NOT_LISTED,,,0,1650,
2026-06-10,BAU,CHIA SEEDS 200G,,flipkart-minutes,,99,,,,false,NOT_LISTED,,,0,299,
2026-06-10,BAU,CHIA SEEDS 400G,,flipkart-minutes,,209,,,,false,NOT_LISTED,,,0,599,
2026-06-10,BAU,CHIA SEEDS 800G,,flipkart-minutes,,349,,,,false,NOT_LISTED,,,0,899,
2026-06-10,BAU,CINNAMON BARK 100G,,flipkart-minutes,,99,,,,false,NOT_LISTED,,,0,299,
2026-06-10,BAU,CLOVE 100G,,flipkart-minutes,,249,,,,false,NOT_LISTED,,,0,280,
2026-06-10,BAU,COCONUT 1L,,flipkart-minutes,,559,,,,false,NOT_LISTED,,,0,700,
2026-06-10,BAU,COCONUT 200ML,,flipkart-minutes,,149,,,,false,NOT_LISTED,,,0,285,
2026-06-10,BAU,COCONUT 500ML,,flipkart-minutes,,289,,,,false,NOT_LISTED,,,0,695,
2026-06-10,BAU,COFFEE,,flipkart-minutes,,249,,,,false,NOT_LISTED,,,0,350,
2026-06-10,BAU,CUMIN SEEDS 100G,,flipkart-minutes,,75,,,,false,NOT_LISTED,,,0,249,
2026-06-10,BAU,EXTRA LIGHT 1+1L,,flipkart-minutes,,1229,,,,false,NOT_LISTED,,,0,2798,
2026-06-10,BAU,EXTRA LIGHT 1L,,flipkart-minutes,,619,,,,false,NOT_LISTED,,,0,1499,
2026-06-10,BAU,EXTRA LIGHT 2L,jivo-extra-light-olive-oil-can-2l,flipkart-minutes,EDOGHZTJZEYQJGME,1229,1903,1903,2084,true,ABOVE,674,54.84,0,2799,2799
2026-06-10,BAU,EXTRA LIGHT 3L,,flipkart-minutes,,1849,,,,false,NOT_LISTED,,,0,2200,
2026-06-10,BAU,EXTRA LIGHT 500ML,,flipkart-minutes,,349,,,,false,NOT_LISTED,,,0,499,
2026-06-10,BAU,EXTRA LIGHT 5L,,flipkart-minutes,,3069,,,,false,NOT_LISTED,,,0,6499,
2026-06-10,BAU,EXTRA VIRGIN 1L,,flipkart-minutes,,809,,,,false,NOT_LISTED,,,0,1499,
2026-06-10,BAU,EXTRA VIRGIN 1L + 1L,,flipkart-minutes,,1609,,,,false,NOT_LISTED,,,0,2998,
2026-06-10,BAU,EXTRA VIRGIN 200ML,,flipkart-minutes,,199,,,,false,NOT_LISTED,,,0,350,
2026-06-10,BAU,EXTRA VIRGIN 250ML,,flipkart-minutes,,219,,,,false,NOT_LISTED,,,0,450,
2026-06-10,BAU,EXTRA VIRGIN 2L,,flipkart-minutes,,1619,,,,false,NOT_LISTED,,,0,2700,
2026-06-10,BAU,EXTRA VIRGIN 3L,,flipkart-minutes,,2429,,,,false,NOT_LISTED,,,0,4000,
2026-06-10,BAU,EXTRA VIRGIN 500ML,,flipkart-minutes,,419,,,,false,NOT_LISTED,,,0,675,
2026-06-10,BAU,EXTRA VIRGIN 5L,,flipkart-minutes,,4039,,,,false,NOT_LISTED,,,0,7999,
2026-06-10,BAU,FLAX SEEDS 200G,,flipkart-minutes,,99,,,,false,NOT_LISTED,,,0,249,
2026-06-10,BAU,FLAX SEEDS 400G,,flipkart-minutes,,189,,,,false,NOT_LISTED,,,0,399,
2026-06-10,BAU,FLAX SEEDS 800G,,flipkart-minutes,,369,,,,false,NOT_LISTED,,,0,750,
2026-06-10,BAU,GINGER ALE 200ML,,flipkart-minutes,,49,,,,false,NOT_LISTED,,,0,100,
2026-06-10,BAU,GOLD 1+1,,flipkart-minutes,,389,,,,false,NOT_LISTED,,,0,450,
2026-06-10,BAU,GOLD 1L,,flipkart-minutes,,199,,,,false,NOT_LISTED,,,0,225,
2026-06-10,BAU,GOLD 5L,,flipkart-minutes,,989,,,,false,NOT_LISTED,,,0,1049,
2026-06-10,BAU,GREEN CARDAMOM 100G,,flipkart-minutes,,499,,,,false,NOT_LISTED,,,0,799,
2026-06-10,BAU,GROUNDNUT 1L,,flipkart-minutes,,259,,,,false,NOT_LISTED,,,0,400,
2026-06-10,BAU,GROUNDNUT 5L,,flipkart-minutes,,1269,,,,false,NOT_LISTED,,,0,2800,
2026-06-10,BAU,JIVO POMACE 1L,jivo-pomace-olive-oil-plastic-bottle-1l,flipkart-minutes,EDOFTHNH4YZ7GDHS,439,379,379,405,true,BELOW,-60,-13.67,8,1049,1049
2026-06-10,BAU,JIVO POMACE 1L + 1L,,flipkart-minutes,,869,,,,false,NOT_LISTED,,,0,2098,
2026-06-10,BAU,JIVO POMACE 2L,,flipkart-minutes,,869,,,,false,NOT_LISTED,,,0,1600,
2026-06-10,BAU,JIVO POMACE 5L,jivo-pomace-olive-oil-tin-5l,flipkart-minutes,EDOFTHNH3T8PATGW,2169,2049,2049,2049,true,BELOW,-120,-5.53,8,4999,4999
2026-06-10,BAU,JIVO PUNJABI SHIKANJI 160 MLS,,flipkart-minutes,,219,,,,false,NOT_LISTED,,,0,480,
2026-06-10,BAU,JIVO WATER 1L,jivo-mineral-water-1l,flipkart-minutes,WERH9M3VYW6X5KSX,20,24,24,24,true,ABOVE,4,20,0,30,30
2026-06-10,BAU,JIVO WATER 250ML,,flipkart-minutes,,119,,,,false,NOT_LISTED,,,0,360,
2026-06-10,BAU,JIVO WATER 500 MLS,,flipkart-minutes,,12,,,,false,NOT_LISTED,,,0,15,
2026-06-10,BAU,MUSTARD 1L,jivo-cold-pressed-pure-cooking-mustard-oil-plastic-bottle-1l,flipkart-minutes,EDOGDVWYGJNDYRQP,219,170,170,186,true,BELOW,-49,-22.37,40,255,255
2026-06-10,BAU,MUSTARD 1L + 1L,,flipkart-minutes,,429,,,,false,NOT_LISTED,,,0,500,
2026-06-10,BAU,MUSTARD 1L POUCH,,flipkart-minutes,,219,,,,false,NOT_LISTED,,,0,250,
2026-06-10,BAU,MUSTARD 3L,,flipkart-minutes,,629,,,,false,NOT_LISTED,,,0,765,
2026-06-10,BAU,MUSTARD 4L,,flipkart-minutes,EDOHAUNQSDFDYPFC,839,,,,false,OOS,,,0,1000,
2026-06-10,BAU,MUSTARD 5L,jivo-cold-pressed-pure-cooking-mustard-oil-can-5l,flipkart-minutes,EDOGDVWEUPPWVGED,1049,960,960,960,true,BELOW,-89,-8.48,24,1250,1250
2026-06-10,BAU,POMACE 3L,,flipkart-minutes,,1309,,,,false,NOT_LISTED,,,0,3050,
2026-06-10,BAU,PUMPKIN SEEDS 200G,,flipkart-minutes,,209,,,,false,NOT_LISTED,,,0,399,
2026-06-10,BAU,PUMPKIN SEEDS 400G,,flipkart-minutes,,399,,,,false,NOT_LISTED,,,0,699,
2026-06-10,BAU,PUMPKIN SEEDS 800G,,flipkart-minutes,,789,,,,false,NOT_LISTED,,,0,1299,
2026-06-10,BAU,PUNJABI JEERA 160ML,,flipkart-minutes,,219,,,,false,NOT_LISTED,,,0,360,
2026-06-10,BAU,QUINOA SEEDS 200G,,flipkart-minutes,,119,,,,false,NOT_LISTED,,,0,199,
2026-06-10,BAU,QUINOA SEEDS 400G,,flipkart-minutes,,179,,,,false,NOT_LISTED,,,0,299,
2026-06-10,BAU,QUINOA SEEDS 800G,,flipkart-minutes,,259,,,,false,NOT_LISTED,,,0,399,
2026-06-10,BAU,RICE BRAN 1L,,flipkart-minutes,,199,,,,false,NOT_LISTED,,,0,285,
2026-06-10,BAU,RICE BRAN 1L + 1L,,flipkart-minutes,,389,,,,false,NOT_LISTED,,,0,570,
2026-06-10,BAU,RICE BRAN 4L,,flipkart-minutes,,759,,,,false,NOT_LISTED,,,0,1140,
2026-06-10,BAU,RICE BRAN 5L,,flipkart-minutes,,959,,,,false,NOT_LISTED,,,0,1425,
2026-06-10,BAU,ROSEMARY LEAVES 150 GMS,,flipkart-minutes,,179,,,,false,NOT_LISTED,,,0,499,
2026-06-10,BAU,SAFFRON 1GMS,,flipkart-minutes,,449,,,,false,NOT_LISTED,,,0,899,
2026-06-10,BAU,SANO CANOLA 1L,,flipkart-minutes,,259,,,,false,NOT_LISTED,,,0,475,
2026-06-10,BAU,SANO CANOLA 5L,,flipkart-minutes,,1249,,,,false,NOT_LISTED,,,0,1950,
2026-06-10,BAU,SANO CLASSIC 1L,,flipkart-minutes,,589,,,,false,NOT_LISTED,,,0,1399,
2026-06-10,BAU,SANO CLASSIC 5L,,flipkart-minutes,,2709,,,,false,NOT_LISTED,,,0,6499,
2026-06-10,BAU,SANO MUSTARD 1L,,flipkart-minutes,,209,,,,false,NOT_LISTED,,,0,235,
2026-06-10,BAU,SANO MUSTARD 5L,,flipkart-minutes,,999,,,,false,NOT_LISTED,,,0,1200,
2026-06-10,BAU,SANO POMACE 1L,,flipkart-minutes,,419,,,,false,NOT_LISTED,,,0,999,
2026-06-10,BAU,SANO POMACE 5L,,flipkart-minutes,,2069,,,,false,NOT_LISTED,,,0,4499,
2026-06-10,BAU,SANO SOYABEAN 1L,,flipkart-minutes,,199,,,,false,NOT_LISTED,,,0,225,
2026-06-10,BAU,SANO SOYABEAN 5L,,flipkart-minutes,,949,,,,false,NOT_LISTED,,,0,1450,
2026-06-10,BAU,SANO SUNFLOWER 1L,,flipkart-minutes,,219,,,,false,NOT_LISTED,,,0,280,
2026-06-10,BAU,SANO SUNFLOWER 5L,,flipkart-minutes,,1069,,,,false,NOT_LISTED,,,0,1475,
2026-06-10,BAU,SESAME 1L + 1L,,flipkart-minutes,,689,,,,false,NOT_LISTED,,,0,1200,
2026-06-10,BAU,SESAME OIL 1L,,flipkart-minutes,,349,,,,false,NOT_LISTED,,,0,600,
2026-06-10,BAU,SO OLIVE 1L,,flipkart-minutes,,289,,,,false,NOT_LISTED,,,0,325,
2026-06-10,BAU,SO OLIVE 1L + 1L,,flipkart-minutes,,569,,,,false,NOT_LISTED,,,0,650,
2026-06-10,BAU,SO OLIVE 5L,,flipkart-minutes,,1419,,,,false,NOT_LISTED,,,0,1625,
2026-06-10,BAU,SODA 750ML,,flipkart-minutes,,15,,,,false,NOT_LISTED,,,0,30,
2026-06-10,BAU,SODA LEMON 750ML,,flipkart-minutes,,45,,,,false,NOT_LISTED,,,0,55,
2026-06-10,BAU,SOYABEAN 1L,,flipkart-minutes,,209,,,,false,NOT_LISTED,,,0,225,
2026-06-10,BAU,SOYABEAN 1L + 1L,,flipkart-minutes,,409,,,,false,NOT_LISTED,,,0,1100,
2026-06-10,BAU,SOYABEAN 1L POUCH,jivo-soybean-oil-soyabean-oil-pouch-1l,flipkart-minutes,EDOGPX8ZD2ZYPH6U,209,152,152,152,true,BELOW,-57,-27.27,3,199,199
2026-06-10,BAU,SOYABEAN 5L,,flipkart-minutes,,999,,,,false,NOT_LISTED,,,0,1100,
2026-06-10,BAU,SPRING WATER 750ML,,flipkart-minutes,,50,,,,false,NOT_LISTED,,,0,55,
2026-06-10,BAU,SUNFLOWER 1L,,flipkart-minutes,,229,,,,false,NOT_LISTED,,,0,275,
2026-06-10,BAU,SUNFLOWER 1L + 1L,,flipkart-minutes,,449,,,,false,NOT_LISTED,,,0,550,
2026-06-10,BAU,SUNFLOWER 3L,,flipkart-minutes,,679,,,,false,NOT_LISTED,,,0,825,
2026-06-10,BAU,SUNFLOWER 4L,,flipkart-minutes,,909,,,,false,NOT_LISTED,,,0,1038,
2026-06-10,BAU,SUNFLOWER 5L,,flipkart-minutes,,1139,,,,false,NOT_LISTED,,,0,1350,
2026-06-10,BAU,SUNFLOWER SEEDS 200G,,flipkart-minutes,,139,,,,false,NOT_LISTED,,,0,299,
2026-06-10,BAU,SUNFLOWER SEEDS 400G,,flipkart-minutes,,259,,,,false,NOT_LISTED,,,0,499,
2026-06-10,BAU,SUNFLOWER SEEDS 800G,,flipkart-minutes,,389,,,,false,NOT_LISTED,,,0,899,
2026-06-10,BAU,WG MANGO JUICE 500ML,,flipkart-minutes,,39,,,,false,NOT_LISTED,,,0,100,
2026-06-10,BAU,YELLOW MUSTARD 1L,,flipkart-minutes,,269,,,,false,NOT_LISTED,,,0,375,
2026-06-10,BAU,YELLOW MUSTARD 1L + 1L,,flipkart-minutes,,529,,,,false,NOT_LISTED,,,0,750,
2026-06-10,BAU,YELLOW MUSTARD 5L,,flipkart-minutes,,1329,,,,false,NOT_LISTED,,,0,2000,
2026-06-10,BAU,A2 GHEE 1L,,zepto,,1409,,,,false,NOT_LISTED,,,0,4000,
2026-06-10,BAU,A2 GHEE 500ML,,zepto,,759,,,,false,NOT_LISTED,,,0,2200,
2026-06-10,BAU,BASIL SEEDS 200G,,zepto,,79,,,,false,NOT_LISTED,,,0,349,
2026-06-10,BAU,BASIL SEEDS 400G,,zepto,,189,,,,false,NOT_LISTED,,,0,599,
2026-06-10,BAU,BASIL SEEDS 800G,,zepto,,349,,,,false,NOT_LISTED,,,0,1099,
2026-06-10,BAU,BLACK CARDAMOM 100G,,zepto,,289,,,,false,NOT_LISTED,,,0,549,
2026-06-10,BAU,BLACK OLIVE 470G,,zepto,,249,,,,false,NOT_LISTED,,,0,399,
2026-06-10,BAU,BLACK PEPPER 100G,,zepto,,145,,,,false,NOT_LISTED,,,0,399,
2026-06-10,BAU,CANOLA 1+1L,jivo-cold-press-canola-oil-combo-bottle-2l,zepto,50b56b7f-3d9f-45c7-8161-c2327e8db652,529,485,485,485,true,BELOW,-44,-8.32,21,750,750
2026-06-10,BAU,CANOLA 1L,,zepto,,269,,,,false,NOT_LISTED,,,0,375,
2026-06-10,BAU,CANOLA 1L + 1L,,zepto,,529,,,,false,NOT_LISTED,,,0,750,
2026-06-10,BAU,CANOLA 1L POUCH,,zepto,,269,,,,false,NOT_LISTED,,,0,299,
2026-06-10,BAU,CANOLA 3L,,zepto,,799,,,,false,NOT_LISTED,,,0,690,
2026-06-10,BAU,CANOLA 4L,,zepto,,1189,,,,false,NOT_LISTED,,,0,1199,
2026-06-10,BAU,CANOLA 5L,jivo-canola-cold-pressed-edible-oil-cooking-oil-5l,zepto,c935f17d-04d3-4785-b2dd-bd8e7c7ebcbe,1299,1617,1193,1617,true,ABOVE,318,24.48,2,1650,1650
2026-06-10,BAU,CHIA SEEDS 200G,,zepto,,99,,,,false,NOT_LISTED,,,0,299,
2026-06-10,BAU,CHIA SEEDS 400G,,zepto,,209,,,,false,NOT_LISTED,,,0,599,
2026-06-10,BAU,CHIA SEEDS 800G,,zepto,,349,,,,false,NOT_LISTED,,,0,899,
2026-06-10,BAU,CINNAMON BARK 100G,,zepto,,99,,,,false,NOT_LISTED,,,0,299,
2026-06-10,BAU,CLOVE 100G,,zepto,,249,,,,false,NOT_LISTED,,,0,280,
2026-06-10,BAU,COCONUT 1L,,zepto,,559,,,,false,NOT_LISTED,,,0,700,
2026-06-10,BAU,COCONUT 200ML,,zepto,,149,,,,false,NOT_LISTED,,,0,285,
2026-06-10,BAU,COCONUT 500ML,,zepto,,289,,,,false,NOT_LISTED,,,0,695,
2026-06-10,BAU,COFFEE,,zepto,,249,,,,false,NOT_LISTED,,,0,350,
2026-06-10,BAU,CUMIN SEEDS 100G,,zepto,,75,,,,false,NOT_LISTED,,,0,249,
2026-06-10,BAU,EXTRA LIGHT 1+1L,jivo-extra-light-olive-oil-combo-2l,zepto,597fe027-2e19-4a49-bc07-76ef57295ad6,1229,,,,false,PENDING_REVIEW,,,0,2798,
2026-06-10,BAU,EXTRA LIGHT 1L,jivo-extra-light-olive-oil-1l,zepto,2300d5e1-ccd1-46ab-990d-aa7fee80bc5d,619,499,499,499,true,BELOW,-120,-19.39,44,1499,1499
2026-06-10,BAU,EXTRA LIGHT 2L,jivo-extra-light-olive-oil-2l,zepto,29e72c8c-7ff6-46e2-9721-ca4e9f612e98,1229,1192,1135,1192,true,BELOW,-37,-3.01,35,2799,2799
2026-06-10,BAU,EXTRA LIGHT 3L,,zepto,,1849,,,,false,NOT_LISTED,,,0,2200,
2026-06-10,BAU,EXTRA LIGHT 500ML,,zepto,,349,,,,false,NOT_LISTED,,,0,499,
2026-06-10,BAU,EXTRA LIGHT 5L,,zepto,,3069,,,,false,NOT_LISTED,,,0,6499,
2026-06-10,BAU,EXTRA VIRGIN 1L,jivo-extra-virgin-olive-oil-bottle-1l,zepto,5d186472-6fe2-4643-af2f-2f9cd773986d,809,940,940,989,true,ABOVE,131,16.19,0,1499,1799
2026-06-10,BAU,EXTRA VIRGIN 1L + 1L,,zepto,,1609,,,,false,NOT_LISTED,,,0,2998,
2026-06-10,BAU,EXTRA VIRGIN 200ML,,zepto,,199,,,,false,NOT_LISTED,,,0,350,
2026-06-10,BAU,EXTRA VIRGIN 250ML,,zepto,,219,,,,false,NOT_LISTED,,,0,450,
2026-06-10,BAU,EXTRA VIRGIN 2L,,zepto,,1619,,,,false,NOT_LISTED,,,0,2700,
2026-06-10,BAU,EXTRA VIRGIN 3L,,zepto,,2429,,,,false,NOT_LISTED,,,0,4000,
2026-06-10,BAU,EXTRA VIRGIN 500ML,,zepto,,419,,,,false,NOT_LISTED,,,0,675,
2026-06-10,BAU,EXTRA VIRGIN 5L,jivo-extra-virgin-cooking-olive-oil-5l,zepto,c80ef4de-b2c3-4fb4-984b-4cb29b33db33,4039,7920,3600,7920,true,ABOVE,3881,96.09,1,7999,7999
2026-06-10,BAU,FLAX SEEDS 200G,,zepto,,99,,,,false,NOT_LISTED,,,0,249,
2026-06-10,BAU,FLAX SEEDS 400G,,zepto,,189,,,,false,NOT_LISTED,,,0,399,
2026-06-10,BAU,FLAX SEEDS 800G,,zepto,,369,,,,false,NOT_LISTED,,,0,750,
2026-06-10,BAU,GINGER ALE 200ML,,zepto,,49,,,,false,NOT_LISTED,,,0,100,
2026-06-10,BAU,GOLD 1+1,,zepto,,389,,,,false,NOT_LISTED,,,0,450,
2026-06-10,BAU,GOLD 1L,jivo-gold-refined-oil-blend-of-rice-bran-oil-and-sunflower-oil-1l,zepto,bc1af3d1-2a14-4296-b38e-e05ba43c3170,199,,,,false,OOS,,,0,225,225
2026-06-10,BAU,GOLD 5L,jivo-gold-refined-oil-blend-of-rice-bran-oil-and-sunflower-oil-5l,zepto,40bd2571-3734-4503-84b7-bbe87a3818c3,989,,,,false,OOS,,,0,1049,1050
2026-06-10,BAU,GREEN CARDAMOM 100G,,zepto,,499,,,,false,NOT_LISTED,,,0,799,
2026-06-10,BAU,GROUNDNUT 1L,jivo-groundnut-cold-pressed-oil-healthy-cooking-oil-1l,zepto,41367ef4-80d9-4819-bbae-d1806c184f5c,259,199,199,199,true,BELOW,-60,-23.17,31,400,560
2026-06-10,BAU,GROUNDNUT 5L,,zepto,,1269,,,,false,NOT_LISTED,,,0,2800,
2026-06-10,BAU,JIVO POMACE 1L,jivo-pomace-olive-oil-1l,zepto,ac9a7dd8-489b-4475-a14d-27ae393a5505,439,379,379,379,true,BELOW,-60,-13.67,35,1049,1049
2026-06-10,BAU,JIVO POMACE 1L + 1L,jivo-pomace-olive-oil-combo-2l,zepto,3d955a07-72db-4d1a-9d65-42c5a8dd0641,869,758,758,758,true,BELOW,-111,-12.77,14,2098,2098
2026-06-10,BAU,JIVO POMACE 2L,jivo-daily-pomace-olive-oil-2l,zepto,8eedf6ff-d36c-4313-88e4-6aa571372f46,869,988,988,1009,true,ABOVE,119,13.69,0,1600,1449
2026-06-10,BAU,JIVO POMACE 5L,jivo-pomace-olive-oil-5l,zepto,a81945f0-43ac-4970-82b4-c6c8986ee9ae,2169,2123,2123,2574,true,BELOW,-46,-2.12,26,4999,4999
2026-06-10,BAU,JIVO PUNJABI SHIKANJI 160 MLS,,zepto,,219,,,,false,NOT_LISTED,,,0,480,
2026-06-10,BAU,JIVO WATER 1L,,zepto,,20,,,,false,NOT_LISTED,,,0,30,
2026-06-10,BAU,JIVO WATER 250ML,,zepto,,119,,,,false,NOT_LISTED,,,0,360,
2026-06-10,BAU,JIVO WATER 500 MLS,,zepto,,12,,,,false,NOT_LISTED,,,0,15,
2026-06-10,BAU,MUSTARD 1L,jivo-kachi-ghani-mustard-cold-pressed-oil-healthy-cooking-oil-1l,zepto,89804a83-79f3-45c6-b940-9c395451dffa,219,181,178,181,true,BELOW,-38,-17.35,39,255,255
2026-06-10,BAU,MUSTARD 1L + 1L,,zepto,,429,,,,false,NOT_LISTED,,,0,500,
2026-06-10,BAU,MUSTARD 1L POUCH,,zepto,,219,,,,false,NOT_LISTED,,,0,250,
2026-06-10,BAU,MUSTARD 3L,,zepto,,629,,,,false,NOT_LISTED,,,0,765,
2026-06-10,BAU,MUSTARD 4L,,zepto,,839,,,,false,NOT_LISTED,,,0,1000,
2026-06-10,BAU,MUSTARD 5L,jivo-kachi-ghani-mustard-cold-pressed-oil-healthy-cooking-oil-5l,zepto,275d43f8-2da4-4d9e-8873-e04fcaf5c073,1049,985,985,988,true,BELOW,-64,-6.1,22,1250,1250
2026-06-10,BAU,POMACE 3L,,zepto,,1309,,,,false,NOT_LISTED,,,0,3050,
2026-06-10,BAU,PUMPKIN SEEDS 200G,,zepto,,209,,,,false,NOT_LISTED,,,0,399,
2026-06-10,BAU,PUMPKIN SEEDS 400G,,zepto,,399,,,,false,NOT_LISTED,,,0,699,
2026-06-10,BAU,PUMPKIN SEEDS 800G,,zepto,,789,,,,false,NOT_LISTED,,,0,1299,
2026-06-10,BAU,PUNJABI JEERA 160ML,,zepto,,219,,,,false,NOT_LISTED,,,0,360,
2026-06-10,BAU,QUINOA SEEDS 200G,,zepto,,119,,,,false,NOT_LISTED,,,0,199,
2026-06-10,BAU,QUINOA SEEDS 400G,,zepto,,179,,,,false,NOT_LISTED,,,0,299,
2026-06-10,BAU,QUINOA SEEDS 800G,,zepto,,259,,,,false,NOT_LISTED,,,0,399,
2026-06-10,BAU,RICE BRAN 1L,jivo-rice-bran-daily-cooking-oil-1l,zepto,4acb73bc-1e89-47d8-8625-05e6a34b698b,199,,,,false,OOS,,,0,285,285
2026-06-10,BAU,RICE BRAN 1L + 1L,,zepto,,389,,,,false,NOT_LISTED,,,0,570,
2026-06-10,BAU,RICE BRAN 4L,,zepto,,759,,,,false,NOT_LISTED,,,0,1140,
2026-06-10,BAU,RICE BRAN 5L,,zepto,,959,,,,false,NOT_LISTED,,,0,1425,
2026-06-10,BAU,ROSEMARY LEAVES 150 GMS,,zepto,,179,,,,false,NOT_LISTED,,,0,499,
2026-06-10,BAU,SAFFRON 1GMS,,zepto,,449,,,,false,NOT_LISTED,,,0,899,
2026-06-10,BAU,SANO CANOLA 1L,,zepto,,259,,,,false,NOT_LISTED,,,0,475,
2026-06-10,BAU,SANO CANOLA 5L,,zepto,,1249,,,,false,NOT_LISTED,,,0,1950,
2026-06-10,BAU,SANO CLASSIC 1L,,zepto,,589,,,,false,NOT_LISTED,,,0,1399,
2026-06-10,BAU,SANO CLASSIC 5L,,zepto,,2709,,,,false,NOT_LISTED,,,0,6499,
2026-06-10,BAU,SANO MUSTARD 1L,,zepto,,209,,,,false,NOT_LISTED,,,0,235,
2026-06-10,BAU,SANO MUSTARD 5L,,zepto,,999,,,,false,NOT_LISTED,,,0,1200,
2026-06-10,BAU,SANO POMACE 1L,,zepto,,419,,,,false,NOT_LISTED,,,0,999,
2026-06-10,BAU,SANO POMACE 5L,,zepto,,2069,,,,false,NOT_LISTED,,,0,4499,
2026-06-10,BAU,SANO SOYABEAN 1L,,zepto,,199,,,,false,NOT_LISTED,,,0,225,
2026-06-10,BAU,SANO SOYABEAN 5L,,zepto,,949,,,,false,NOT_LISTED,,,0,1450,
2026-06-10,BAU,SANO SUNFLOWER 1L,,zepto,,219,,,,false,NOT_LISTED,,,0,280,
2026-06-10,BAU,SANO SUNFLOWER 5L,,zepto,,1069,,,,false,NOT_LISTED,,,0,1475,
2026-06-10,BAU,SESAME 1L + 1L,,zepto,,689,,,,false,NOT_LISTED,,,0,1200,
2026-06-10,BAU,SESAME OIL 1L,,zepto,,349,,,,false,NOT_LISTED,,,0,600,
2026-06-10,BAU,SO OLIVE 1L,jivo-soolive-blend-of-rice-bran-and-olive-oil-1l,zepto,dc9c5857-5d89-45c7-895a-373097239ff7,289,264,264,264,true,BELOW,-25,-8.65,2,325,325
2026-06-10,BAU,SO OLIVE 1L + 1L,,zepto,,569,,,,false,NOT_LISTED,,,0,650,
2026-06-10,BAU,SO OLIVE 5L,,zepto,,1419,,,,false,NOT_LISTED,,,0,1625,
2026-06-10,BAU,SODA 750ML,,zepto,,15,,,,false,NOT_LISTED,,,0,30,
2026-06-10,BAU,SODA LEMON 750ML,,zepto,,45,,,,false,NOT_LISTED,,,0,55,
2026-06-10,BAU,SOYABEAN 1L,,zepto,,209,,,,false,NOT_LISTED,,,0,225,
2026-06-10,BAU,SOYABEAN 1L + 1L,,zepto,,409,,,,false,NOT_LISTED,,,0,1100,
2026-06-10,BAU,SOYABEAN 1L POUCH,,zepto,,209,,,,false,NOT_LISTED,,,0,199,
2026-06-10,BAU,SOYABEAN 5L,,zepto,,999,,,,false,NOT_LISTED,,,0,1100,
2026-06-10,BAU,SPRING WATER 750ML,,zepto,,50,,,,false,NOT_LISTED,,,0,55,
2026-06-10,BAU,SUNFLOWER 1L,jivo-sunflower-cold-pressed-oil-healthy-cooking-oil-1l,zepto,06c8f55b-13a5-4d9b-8990-a418e63c89ad,229,192,178,192,true,BELOW,-37,-16.16,16,275,275
2026-06-10,BAU,SUNFLOWER 1L + 1L,,zepto,,449,,,,false,NOT_LISTED,,,0,550,
2026-06-10,BAU,SUNFLOWER 3L,,zepto,,679,,,,false,NOT_LISTED,,,0,825,
2026-06-10,BAU,SUNFLOWER 4L,,zepto,,909,,,,false,NOT_LISTED,,,0,1038,
2026-06-10,BAU,SUNFLOWER 5L,jivo-sunflower-cold-pressed-oil-healthy-cooking-oil-5l,zepto,3df8a5f6-fb0a-43d9-92ea-8098fda9253d,1139,,,,false,OOS,,,0,1350,1350
2026-06-10,BAU,SUNFLOWER SEEDS 200G,,zepto,,139,,,,false,NOT_LISTED,,,0,299,
2026-06-10,BAU,SUNFLOWER SEEDS 400G,,zepto,,259,,,,false,NOT_LISTED,,,0,499,
2026-06-10,BAU,SUNFLOWER SEEDS 800G,,zepto,,389,,,,false,NOT_LISTED,,,0,899,
2026-06-10,BAU,WG MANGO JUICE 500ML,,zepto,,39,,,,false,NOT_LISTED,,,0,100,
2026-06-10,BAU,YELLOW MUSTARD 1L,,zepto,,269,,,,false,NOT_LISTED,,,0,375,
2026-06-10,BAU,YELLOW MUSTARD 1L + 1L,,zepto,,529,,,,false,NOT_LISTED,,,0,750,
2026-06-10,BAU,YELLOW MUSTARD 5L,,zepto,,1329,,,,false,NOT_LISTED,,,0,2000,
2026-06-10,BAU,A2 GHEE 1L,,blinkit,,1409,,,,false,NOT_LISTED,,,0,4000,
2026-06-10,BAU,A2 GHEE 500ML,,blinkit,,759,,,,false,NOT_LISTED,,,0,2200,
2026-06-10,BAU,BASIL SEEDS 200G,,blinkit,,79,,,,false,NOT_LISTED,,,0,349,
2026-06-10,BAU,BASIL SEEDS 400G,,blinkit,,189,,,,false,NOT_LISTED,,,0,599,
2026-06-10,BAU,BASIL SEEDS 800G,,blinkit,,349,,,,false,NOT_LISTED,,,0,1099,
2026-06-10,BAU,BLACK CARDAMOM 100G,,blinkit,,289,,,,false,NOT_LISTED,,,0,549,
2026-06-10,BAU,BLACK OLIVE 470G,,blinkit,,249,,,,false,NOT_LISTED,,,0,399,
2026-06-10,BAU,BLACK PEPPER 100G,,blinkit,,145,,,,false,NOT_LISTED,,,0,399,
2026-06-10,BAU,CANOLA 1+1L,,blinkit,,529,,,,false,NOT_LISTED,,,0,750,
2026-06-10,BAU,CANOLA 1L,jivo-cold-pressed-canola-oil-1l,blinkit,407851,269,260,250,280,true,BELOW,-9,-3.35,110,375,375
2026-06-10,BAU,CANOLA 1L + 1L,,blinkit,,529,,,,false,NOT_LISTED,,,0,750,
2026-06-10,BAU,CANOLA 1L POUCH,,blinkit,,269,,,,false,NOT_LISTED,,,0,299,
2026-06-10,BAU,CANOLA 3L,,blinkit,,799,,,,false,NOT_LISTED,,,0,690,
2026-06-10,BAU,CANOLA 4L,,blinkit,,1189,,,,false,NOT_LISTED,,,0,1199,
2026-06-10,BAU,CANOLA 5L,jivo-cold-pressed-canola-oil-5l,blinkit,406593,1299,1193,1193,1493,true,BELOW,-106,-8.16,64,1650,1650
2026-06-10,BAU,CHIA SEEDS 200G,,blinkit,,99,,,,false,NOT_LISTED,,,0,299,
2026-06-10,BAU,CHIA SEEDS 400G,,blinkit,,209,,,,false,NOT_LISTED,,,0,599,
2026-06-10,BAU,CHIA SEEDS 800G,,blinkit,,349,,,,false,NOT_LISTED,,,0,899,
2026-06-10,BAU,CINNAMON BARK 100G,,blinkit,,99,,,,false,NOT_LISTED,,,0,299,
2026-06-10,BAU,CLOVE 100G,,blinkit,,249,,,,false,NOT_LISTED,,,0,280,
2026-06-10,BAU,COCONUT 1L,,blinkit,,559,,,,false,NOT_LISTED,,,0,700,
2026-06-10,BAU,COCONUT 200ML,,blinkit,,149,,,,false,NOT_LISTED,,,0,285,
2026-06-10,BAU,COCONUT 500ML,,blinkit,,289,,,,false,NOT_LISTED,,,0,695,
2026-06-10,BAU,COFFEE,,blinkit,,249,,,,false,NOT_LISTED,,,0,350,
2026-06-10,BAU,CUMIN SEEDS 100G,,blinkit,,75,,,,false,NOT_LISTED,,,0,249,
2026-06-10,BAU,EXTRA LIGHT 1+1L,,blinkit,,1229,,,,false,NOT_LISTED,,,0,2798,
2026-06-10,BAU,EXTRA LIGHT 1L,jivo-extra-light-olive-oil-1l,blinkit,406592,619,609,609,691,true,BELOW,-10,-1.62,61,1499,1499
2026-06-10,BAU,EXTRA LIGHT 2L,jivo-extra-light-olive-oil-2l,blinkit,545244,1229,1135,1126,1332,true,BELOW,-94,-7.65,102,2799,2799
2026-06-10,BAU,EXTRA LIGHT 3L,,blinkit,,1849,,,,false,NOT_LISTED,,,0,2200,
2026-06-10,BAU,EXTRA LIGHT 500ML,,blinkit,,349,,,,false,NOT_LISTED,,,0,499,
2026-06-10,BAU,EXTRA LIGHT 5L,,blinkit,,3069,,,,false,NOT_LISTED,,,0,6499,
2026-06-10,BAU,EXTRA VIRGIN 1L,,blinkit,,809,,,,false,NOT_LISTED,,,0,1499,
2026-06-10,BAU,EXTRA VIRGIN 1L + 1L,,blinkit,,1609,,,,false,NOT_LISTED,,,0,2998,
2026-06-10,BAU,EXTRA VIRGIN 200ML,,blinkit,,199,,,,false,NOT_LISTED,,,0,350,
2026-06-10,BAU,EXTRA VIRGIN 250ML,,blinkit,,219,,,,false,NOT_LISTED,,,0,450,
2026-06-10,BAU,EXTRA VIRGIN 2L,,blinkit,,1619,,,,false,NOT_LISTED,,,0,2700,
2026-06-10,BAU,EXTRA VIRGIN 3L,,blinkit,,2429,,,,false,NOT_LISTED,,,0,4000,
2026-06-10,BAU,EXTRA VIRGIN 500ML,,blinkit,,419,,,,false,NOT_LISTED,,,0,675,
2026-06-10,BAU,EXTRA VIRGIN 5L,,blinkit,,4039,,,,false,NOT_LISTED,,,0,7999,
2026-06-10,BAU,FLAX SEEDS 200G,,blinkit,,99,,,,false,NOT_LISTED,,,0,249,
2026-06-10,BAU,FLAX SEEDS 400G,,blinkit,,189,,,,false,NOT_LISTED,,,0,399,
2026-06-10,BAU,FLAX SEEDS 800G,,blinkit,,369,,,,false,NOT_LISTED,,,0,750,
2026-06-10,BAU,GINGER ALE 200ML,,blinkit,,49,,,,false,NOT_LISTED,,,0,100,
2026-06-10,BAU,GOLD 1+1,,blinkit,,389,,,,false,NOT_LISTED,,,0,450,
2026-06-10,BAU,GOLD 1L,,blinkit,,199,,,,false,NOT_LISTED,,,0,225,
2026-06-10,BAU,GOLD 5L,,blinkit,,989,,,,false,NOT_LISTED,,,0,1049,
2026-06-10,BAU,GREEN CARDAMOM 100G,,blinkit,,499,,,,false,NOT_LISTED,,,0,799,
2026-06-10,BAU,GROUNDNUT 1L,,blinkit,,259,,,,false,NOT_LISTED,,,0,400,
2026-06-10,BAU,GROUNDNUT 5L,,blinkit,,1269,,,,false,NOT_LISTED,,,0,2800,
2026-06-10,BAU,JIVO POMACE 1L,jivo-pomace-olive-oil-1l,blinkit,528706,439,379,379,485,true,BELOW,-60,-13.67,131,1049,1049
2026-06-10,BAU,JIVO POMACE 1L + 1L,,blinkit,,869,,,,false,NOT_LISTED,,,0,2098,
2026-06-10,BAU,JIVO POMACE 2L,,blinkit,,869,,,,false,NOT_LISTED,,,0,1600,
2026-06-10,BAU,JIVO POMACE 5L,jivo-pomace-olive-oil-5l,blinkit,407561,2169,1950,1950,2267,true,BELOW,-219,-10.1,82,4999,4999
2026-06-10,BAU,JIVO PUNJABI SHIKANJI 160 MLS,,blinkit,,219,,,,false,NOT_LISTED,,,0,480,
2026-06-10,BAU,JIVO WATER 1L,,blinkit,,20,,,,false,NOT_LISTED,,,0,30,
2026-06-10,BAU,JIVO WATER 250ML,,blinkit,,119,,,,false,NOT_LISTED,,,0,360,
2026-06-10,BAU,JIVO WATER 500 MLS,,blinkit,,12,,,,false,NOT_LISTED,,,0,15,
2026-06-10,BAU,MUSTARD 1L,jivo-kachi-ghani-cold-pressed-mustard-oil-1l,blinkit,540835,219,171,156,171,true,BELOW,-48,-21.92,16,255,255
2026-06-10,BAU,MUSTARD 1L + 1L,,blinkit,,429,,,,false,NOT_LISTED,,,0,500,
2026-06-10,BAU,MUSTARD 1L POUCH,,blinkit,,219,,,,false,NOT_LISTED,,,0,250,
2026-06-10,BAU,MUSTARD 3L,,blinkit,,629,,,,false,NOT_LISTED,,,0,765,
2026-06-10,BAU,MUSTARD 4L,,blinkit,,839,,,,false,NOT_LISTED,,,0,1000,
2026-06-10,BAU,MUSTARD 5L,jivo-kachi-ghani-cold-pressed-mustard-oil-5l,blinkit,540970,1049,868,868,868,true,BELOW,-181,-17.25,12,1250,1250
2026-06-10,BAU,POMACE 3L,,blinkit,,1309,,,,false,NOT_LISTED,,,0,3050,
2026-06-10,BAU,PUMPKIN SEEDS 200G,,blinkit,,209,,,,false,NOT_LISTED,,,0,399,
2026-06-10,BAU,PUMPKIN SEEDS 400G,,blinkit,,399,,,,false,NOT_LISTED,,,0,699,
2026-06-10,BAU,PUMPKIN SEEDS 800G,,blinkit,,789,,,,false,NOT_LISTED,,,0,1299,
2026-06-10,BAU,PUNJABI JEERA 160ML,,blinkit,,219,,,,false,NOT_LISTED,,,0,360,
2026-06-10,BAU,QUINOA SEEDS 200G,,blinkit,,119,,,,false,NOT_LISTED,,,0,199,
2026-06-10,BAU,QUINOA SEEDS 400G,,blinkit,,179,,,,false,NOT_LISTED,,,0,299,
2026-06-10,BAU,QUINOA SEEDS 800G,,blinkit,,259,,,,false,NOT_LISTED,,,0,399,
2026-06-10,BAU,RICE BRAN 1L,,blinkit,,199,,,,false,NOT_LISTED,,,0,285,
2026-06-10,BAU,RICE BRAN 1L + 1L,,blinkit,,389,,,,false,NOT_LISTED,,,0,570,
2026-06-10,BAU,RICE BRAN 4L,,blinkit,,759,,,,false,NOT_LISTED,,,0,1140,
2026-06-10,BAU,RICE BRAN 5L,,blinkit,,959,,,,false,NOT_LISTED,,,0,1425,
2026-06-10,BAU,ROSEMARY LEAVES 150 GMS,,blinkit,,179,,,,false,NOT_LISTED,,,0,499,
2026-06-10,BAU,SAFFRON 1GMS,,blinkit,,449,,,,false,NOT_LISTED,,,0,899,
2026-06-10,BAU,SANO CANOLA 1L,,blinkit,,259,,,,false,NOT_LISTED,,,0,475,
2026-06-10,BAU,SANO CANOLA 5L,,blinkit,,1249,,,,false,NOT_LISTED,,,0,1950,
2026-06-10,BAU,SANO CLASSIC 1L,,blinkit,,589,,,,false,NOT_LISTED,,,0,1399,
2026-06-10,BAU,SANO CLASSIC 5L,,blinkit,,2709,,,,false,NOT_LISTED,,,0,6499,
2026-06-10,BAU,SANO MUSTARD 1L,,blinkit,,209,,,,false,NOT_LISTED,,,0,235,
2026-06-10,BAU,SANO MUSTARD 5L,,blinkit,,999,,,,false,NOT_LISTED,,,0,1200,
2026-06-10,BAU,SANO POMACE 1L,,blinkit,,419,,,,false,NOT_LISTED,,,0,999,
2026-06-10,BAU,SANO POMACE 5L,,blinkit,,2069,,,,false,NOT_LISTED,,,0,4499,
2026-06-10,BAU,SANO SOYABEAN 1L,,blinkit,,199,,,,false,NOT_LISTED,,,0,225,
2026-06-10,BAU,SANO SOYABEAN 5L,,blinkit,,949,,,,false,NOT_LISTED,,,0,1450,
2026-06-10,BAU,SANO SUNFLOWER 1L,,blinkit,,219,,,,false,NOT_LISTED,,,0,280,
2026-06-10,BAU,SANO SUNFLOWER 5L,,blinkit,,1069,,,,false,NOT_LISTED,,,0,1475,
2026-06-10,BAU,SESAME 1L + 1L,,blinkit,,689,,,,false,NOT_LISTED,,,0,1200,
2026-06-10,BAU,SESAME OIL 1L,,blinkit,,349,,,,false,NOT_LISTED,,,0,600,
2026-06-10,BAU,SO OLIVE 1L,,blinkit,,289,,,,false,NOT_LISTED,,,0,325,
2026-06-10,BAU,SO OLIVE 1L + 1L,,blinkit,,569,,,,false,NOT_LISTED,,,0,650,
2026-06-10,BAU,SO OLIVE 5L,,blinkit,,1419,,,,false,NOT_LISTED,,,0,1625,
2026-06-10,BAU,SODA 750ML,,blinkit,,15,,,,false,NOT_LISTED,,,0,30,
2026-06-10,BAU,SODA LEMON 750ML,,blinkit,,45,,,,false,NOT_LISTED,,,0,55,
2026-06-10,BAU,SOYABEAN 1L,,blinkit,,209,,,,false,NOT_LISTED,,,0,225,
2026-06-10,BAU,SOYABEAN 1L + 1L,,blinkit,,409,,,,false,NOT_LISTED,,,0,1100,
2026-06-10,BAU,SOYABEAN 1L POUCH,,blinkit,,209,,,,false,NOT_LISTED,,,0,199,
2026-06-10,BAU,SOYABEAN 5L,,blinkit,,999,,,,false,NOT_LISTED,,,0,1100,
2026-06-10,BAU,SPRING WATER 750ML,,blinkit,,50,,,,false,NOT_LISTED,,,0,55,
2026-06-10,BAU,SUNFLOWER 1L,jivo-cold-pressed-sunflower-oil-1l,blinkit,628632,229,207,192,212,true,BELOW,-22,-9.61,42,275,275
2026-06-10,BAU,SUNFLOWER 1L + 1L,,blinkit,,449,,,,false,NOT_LISTED,,,0,550,
2026-06-10,BAU,SUNFLOWER 3L,,blinkit,,679,,,,false,NOT_LISTED,,,0,825,
2026-06-10,BAU,SUNFLOWER 4L,,blinkit,,909,,,,false,NOT_LISTED,,,0,1038,
2026-06-10,BAU,SUNFLOWER 5L,,blinkit,,1139,,,,false,NOT_LISTED,,,0,1350,
2026-06-10,BAU,SUNFLOWER SEEDS 200G,,blinkit,,139,,,,false,NOT_LISTED,,,0,299,
2026-06-10,BAU,SUNFLOWER SEEDS 400G,,blinkit,,259,,,,false,NOT_LISTED,,,0,499,
2026-06-10,BAU,SUNFLOWER SEEDS 800G,,blinkit,,389,,,,false,NOT_LISTED,,,0,899,
2026-06-10,BAU,WG MANGO JUICE 500ML,,blinkit,,39,,,,false,NOT_LISTED,,,0,100,
2026-06-10,BAU,YELLOW MUSTARD 1L,,blinkit,,269,,,,false,NOT_LISTED,,,0,375,
2026-06-10,BAU,YELLOW MUSTARD 1L + 1L,,blinkit,,529,,,,false,NOT_LISTED,,,0,750,
2026-06-10,BAU,YELLOW MUSTARD 5L,,blinkit,,1329,,,,false,NOT_LISTED,,,0,2000,
2026-06-10,BAU,A2 GHEE 1L,,bigbasket,,1409,,,,false,NOT_LISTED,,,0,4000,
2026-06-10,BAU,A2 GHEE 500ML,,bigbasket,,759,,,,false,NOT_LISTED,,,0,2200,
2026-06-10,BAU,BASIL SEEDS 200G,,bigbasket,,79,,,,false,NOT_LISTED,,,0,349,
2026-06-10,BAU,BASIL SEEDS 400G,,bigbasket,,189,,,,false,NOT_LISTED,,,0,599,
2026-06-10,BAU,BASIL SEEDS 800G,,bigbasket,,349,,,,false,NOT_LISTED,,,0,1099,
2026-06-10,BAU,BLACK CARDAMOM 100G,,bigbasket,,289,,,,false,NOT_LISTED,,,0,549,
2026-06-10,BAU,BLACK OLIVE 470G,,bigbasket,,249,,,,false,NOT_LISTED,,,0,399,
2026-06-10,BAU,BLACK PEPPER 100G,,bigbasket,,145,,,,false,NOT_LISTED,,,0,399,
2026-06-10,BAU,CANOLA 1+1L,,bigbasket,,529,,,,false,NOT_LISTED,,,0,750,
2026-06-10,BAU,CANOLA 1L,canola-oil-cold-pressed-1l,bigbasket,282779,269,283.99,283.99,283.99,true,ABOVE,14.99,5.57,0,375,375
2026-06-10,BAU,CANOLA 1L + 1L,,bigbasket,,529,,,,false,NOT_LISTED,,,0,750,
2026-06-10,BAU,CANOLA 1L POUCH,canola-omega3-rich-cooking-oil-1-l-1l,bigbasket,40309979,269,,,,false,OOS,,,0,299,299
2026-06-10,BAU,CANOLA 3L,,bigbasket,,799,,,,false,NOT_LISTED,,,0,690,
2026-06-10,BAU,CANOLA 4L,,bigbasket,,1189,,,,false,NOT_LISTED,,,0,1199,
2026-06-10,BAU,CANOLA 5L,canola-oil-cold-pressed-5l,bigbasket,282780,1299,1366,1366,1366,true,ABOVE,67,5.16,0,1650,1650
2026-06-10,BAU,CHIA SEEDS 200G,,bigbasket,,99,,,,false,NOT_LISTED,,,0,299,
2026-06-10,BAU,CHIA SEEDS 400G,,bigbasket,,209,,,,false,NOT_LISTED,,,0,599,
2026-06-10,BAU,CHIA SEEDS 800G,,bigbasket,,349,,,,false,NOT_LISTED,,,0,899,
2026-06-10,BAU,CINNAMON BARK 100G,,bigbasket,,99,,,,false,NOT_LISTED,,,0,299,
2026-06-10,BAU,CLOVE 100G,,bigbasket,,249,,,,false,NOT_LISTED,,,0,280,
2026-06-10,BAU,COCONUT 1L,,bigbasket,,559,,,,false,NOT_LISTED,,,0,700,
2026-06-10,BAU,COCONUT 200ML,,bigbasket,,149,,,,false,NOT_LISTED,,,0,285,
2026-06-10,BAU,COCONUT 500ML,,bigbasket,,289,,,,false,NOT_LISTED,,,0,695,
2026-06-10,BAU,COFFEE,,bigbasket,,249,,,,false,NOT_LISTED,,,0,350,
2026-06-10,BAU,CUMIN SEEDS 100G,,bigbasket,,75,,,,false,NOT_LISTED,,,0,249,
2026-06-10,BAU,EXTRA LIGHT 1+1L,,bigbasket,,1229,,,,false,NOT_LISTED,,,0,2798,
2026-06-10,BAU,EXTRA LIGHT 1L,extra-light-olive-oil-1l,bigbasket,40166398,619,1284,1284,1284,true,ABOVE,665,107.43,0,1499,1499
2026-06-10,BAU,EXTRA LIGHT 2L,extra-light-olive-oil-antioxidants-rich-light-cooking-medium-for-frying-grilling-2l,bigbasket,40250809,1229,1343,1343,1343,true,ABOVE,114,9.28,0,2799,2799
2026-06-10,BAU,EXTRA LIGHT 3L,,bigbasket,,1849,,,,false,NOT_LISTED,,,0,2200,
2026-06-10,BAU,EXTRA LIGHT 500ML,,bigbasket,,349,,,,false,NOT_LISTED,,,0,499,
2026-06-10,BAU,EXTRA LIGHT 5L,,bigbasket,,3069,,,,false,NOT_LISTED,,,0,6499,
2026-06-10,BAU,EXTRA VIRGIN 1L,extra-virgin-olive-oil-antioxidants-rich-suitable-for-salads-saute-1l,bigbasket,40250808,809,1012,1012,1012,true,ABOVE,203,25.09,0,1499,1799
2026-06-10,BAU,EXTRA VIRGIN 1L + 1L,,bigbasket,,1609,,,,false,NOT_LISTED,,,0,2998,
2026-06-10,BAU,EXTRA VIRGIN 200ML,,bigbasket,,199,,,,false,NOT_LISTED,,,0,350,
2026-06-10,BAU,EXTRA VIRGIN 250ML,,bigbasket,,219,,,,false,NOT_LISTED,,,0,450,
2026-06-10,BAU,EXTRA VIRGIN 2L,,bigbasket,,1619,,,,false,NOT_LISTED,,,0,2700,
2026-06-10,BAU,EXTRA VIRGIN 3L,,bigbasket,,2429,,,,false,NOT_LISTED,,,0,4000,
2026-06-10,BAU,EXTRA VIRGIN 500ML,,bigbasket,,419,,,,false,NOT_LISTED,,,0,675,
2026-06-10,BAU,EXTRA VIRGIN 5L,,bigbasket,,4039,,,,false,NOT_LISTED,,,0,7999,
2026-06-10,BAU,FLAX SEEDS 200G,,bigbasket,,99,,,,false,NOT_LISTED,,,0,249,
2026-06-10,BAU,FLAX SEEDS 400G,,bigbasket,,189,,,,false,NOT_LISTED,,,0,399,
2026-06-10,BAU,FLAX SEEDS 800G,,bigbasket,,369,,,,false,NOT_LISTED,,,0,750,
2026-06-10,BAU,GINGER ALE 200ML,,bigbasket,,49,,,,false,NOT_LISTED,,,0,100,
2026-06-10,BAU,GOLD 1+1,,bigbasket,,389,,,,false,NOT_LISTED,,,0,450,
2026-06-10,BAU,GOLD 1L,,bigbasket,,199,,,,false,NOT_LISTED,,,0,225,
2026-06-10,BAU,GOLD 5L,,bigbasket,,989,,,,false,NOT_LISTED,,,0,1049,
2026-06-10,BAU,GREEN CARDAMOM 100G,,bigbasket,,499,,,,false,NOT_LISTED,,,0,799,
2026-06-10,BAU,GROUNDNUT 1L,,bigbasket,,259,,,,false,NOT_LISTED,,,0,400,
2026-06-10,BAU,GROUNDNUT 5L,,bigbasket,,1269,,,,false,NOT_LISTED,,,0,2800,
2026-06-10,BAU,JIVO POMACE 1L,pomace-olive-oil-1l,bigbasket,40197820,439,485.01,485.01,485.01,true,ABOVE,46.01,10.48,0,1049,1049
2026-06-10,BAU,JIVO POMACE 1L + 1L,,bigbasket,,869,,,,false,NOT_LISTED,,,0,2098,
2026-06-10,BAU,JIVO POMACE 2L,pomace-olive-oil-2l,bigbasket,40309980,869,1099,1099,1099,true,ABOVE,230,26.47,0,1600,1449
2026-06-10,BAU,JIVO POMACE 5L,,bigbasket,,2169,,,,false,NOT_LISTED,,,0,4999,
2026-06-10,BAU,JIVO PUNJABI SHIKANJI 160 MLS,,bigbasket,,219,,,,false,NOT_LISTED,,,0,480,
2026-06-10,BAU,JIVO WATER 1L,,bigbasket,,20,,,,false,NOT_LISTED,,,0,30,
2026-06-10,BAU,JIVO WATER 250ML,,bigbasket,,119,,,,false,NOT_LISTED,,,0,360,
2026-06-10,BAU,JIVO WATER 500 MLS,,bigbasket,,12,,,,false,NOT_LISTED,,,0,15,
2026-06-10,BAU,MUSTARD 1L,cold-press-kachi-ghani-mustard-oil-1l,bigbasket,40166395,219,202.09,202.09,202.09,true,BELOW,-16.91,-7.72,1,255,255
2026-06-10,BAU,MUSTARD 1L + 1L,,bigbasket,,429,,,,false,NOT_LISTED,,,0,500,
2026-06-10,BAU,MUSTARD 1L POUCH,,bigbasket,,219,,,,false,NOT_LISTED,,,0,250,
2026-06-10,BAU,MUSTARD 3L,,bigbasket,,629,,,,false,NOT_LISTED,,,0,765,
2026-06-10,BAU,MUSTARD 4L,,bigbasket,,839,,,,false,NOT_LISTED,,,0,1000,
2026-06-10,BAU,MUSTARD 5L,cold-press-kachi-ghani-mustard-oil-5l,bigbasket,40166396,1049,981.13,981.13,981.13,true,BELOW,-67.87,-6.47,1,1250,1250
2026-06-10,BAU,POMACE 3L,,bigbasket,,1309,,,,false,NOT_LISTED,,,0,3050,
2026-06-10,BAU,PUMPKIN SEEDS 200G,,bigbasket,,209,,,,false,NOT_LISTED,,,0,399,
2026-06-10,BAU,PUMPKIN SEEDS 400G,,bigbasket,,399,,,,false,NOT_LISTED,,,0,699,
2026-06-10,BAU,PUMPKIN SEEDS 800G,,bigbasket,,789,,,,false,NOT_LISTED,,,0,1299,
2026-06-10,BAU,PUNJABI JEERA 160ML,,bigbasket,,219,,,,false,NOT_LISTED,,,0,360,
2026-06-10,BAU,QUINOA SEEDS 200G,,bigbasket,,119,,,,false,NOT_LISTED,,,0,199,
2026-06-10,BAU,QUINOA SEEDS 400G,,bigbasket,,179,,,,false,NOT_LISTED,,,0,299,
2026-06-10,BAU,QUINOA SEEDS 800G,,bigbasket,,259,,,,false,NOT_LISTED,,,0,399,
2026-06-10,BAU,RICE BRAN 1L,,bigbasket,,199,,,,false,NOT_LISTED,,,0,285,
2026-06-10,BAU,RICE BRAN 1L + 1L,,bigbasket,,389,,,,false,NOT_LISTED,,,0,570,
2026-06-10,BAU,RICE BRAN 4L,,bigbasket,,759,,,,false,NOT_LISTED,,,0,1140,
2026-06-10,BAU,RICE BRAN 5L,,bigbasket,,959,,,,false,NOT_LISTED,,,0,1425,
2026-06-10,BAU,ROSEMARY LEAVES 150 GMS,,bigbasket,,179,,,,false,NOT_LISTED,,,0,499,
2026-06-10,BAU,SAFFRON 1GMS,,bigbasket,,449,,,,false,NOT_LISTED,,,0,899,
2026-06-10,BAU,SANO CANOLA 1L,,bigbasket,,259,,,,false,NOT_LISTED,,,0,475,
2026-06-10,BAU,SANO CANOLA 5L,,bigbasket,,1249,,,,false,NOT_LISTED,,,0,1950,
2026-06-10,BAU,SANO CLASSIC 1L,,bigbasket,,589,,,,false,NOT_LISTED,,,0,1399,
2026-06-10,BAU,SANO CLASSIC 5L,,bigbasket,,2709,,,,false,NOT_LISTED,,,0,6499,
2026-06-10,BAU,SANO MUSTARD 1L,,bigbasket,,209,,,,false,NOT_LISTED,,,0,235,
2026-06-10,BAU,SANO MUSTARD 5L,,bigbasket,,999,,,,false,NOT_LISTED,,,0,1200,
2026-06-10,BAU,SANO POMACE 1L,,bigbasket,,419,,,,false,NOT_LISTED,,,0,999,
2026-06-10,BAU,SANO POMACE 5L,,bigbasket,,2069,,,,false,NOT_LISTED,,,0,4499,
2026-06-10,BAU,SANO SOYABEAN 1L,,bigbasket,,199,,,,false,NOT_LISTED,,,0,225,
2026-06-10,BAU,SANO SOYABEAN 5L,,bigbasket,,949,,,,false,NOT_LISTED,,,0,1450,
2026-06-10,BAU,SANO SUNFLOWER 1L,,bigbasket,,219,,,,false,NOT_LISTED,,,0,280,
2026-06-10,BAU,SANO SUNFLOWER 5L,,bigbasket,,1069,,,,false,NOT_LISTED,,,0,1475,
2026-06-10,BAU,SESAME 1L + 1L,,bigbasket,,689,,,,false,NOT_LISTED,,,0,1200,
2026-06-10,BAU,SESAME OIL 1L,,bigbasket,,349,,,,false,NOT_LISTED,,,0,600,
2026-06-10,BAU,SO OLIVE 1L,,bigbasket,,289,,,,false,NOT_LISTED,,,0,325,
2026-06-10,BAU,SO OLIVE 1L + 1L,,bigbasket,,569,,,,false,NOT_LISTED,,,0,650,
2026-06-10,BAU,SO OLIVE 5L,,bigbasket,,1419,,,,false,NOT_LISTED,,,0,1625,
2026-06-10,BAU,SODA 750ML,,bigbasket,,15,,,,false,NOT_LISTED,,,0,30,
2026-06-10,BAU,SODA LEMON 750ML,fizzy-water-flavoured-with-lemon-750ml,bigbasket,40335332,45,,,,false,OOS,,,0,55,55
2026-06-10,BAU,SOYABEAN 1L,,bigbasket,,209,,,,false,NOT_LISTED,,,0,225,
2026-06-10,BAU,SOYABEAN 1L + 1L,,bigbasket,,409,,,,false,NOT_LISTED,,,0,1100,
2026-06-10,BAU,SOYABEAN 1L POUCH,,bigbasket,,209,,,,false,NOT_LISTED,,,0,199,
2026-06-10,BAU,SOYABEAN 5L,,bigbasket,,999,,,,false,NOT_LISTED,,,0,1100,
2026-06-10,BAU,SPRING WATER 750ML,fizzy-water-flavoured-with-peach-750ml,bigbasket,40335333,50,,,,false,OOS,,,0,55,55
2026-06-10,BAU,SUNFLOWER 1L,cold-pressed-sunflower-oil-1l,bigbasket,40249993,229,,,,false,OOS,,,0,275,275
2026-06-10,BAU,SUNFLOWER 1L + 1L,,bigbasket,,449,,,,false,NOT_LISTED,,,0,550,
2026-06-10,BAU,SUNFLOWER 3L,,bigbasket,,679,,,,false,NOT_LISTED,,,0,825,
2026-06-10,BAU,SUNFLOWER 4L,,bigbasket,,909,,,,false,NOT_LISTED,,,0,1038,
2026-06-10,BAU,SUNFLOWER 5L,sunflower-oil-cold-pressed-fortified-with-vitamins-a-d-chemical-free-5l,bigbasket,40249992,1139,,,,false,OOS,,,0,1350,1350
2026-06-10,BAU,SUNFLOWER SEEDS 200G,,bigbasket,,139,,,,false,NOT_LISTED,,,0,299,
2026-06-10,BAU,SUNFLOWER SEEDS 400G,,bigbasket,,259,,,,false,NOT_LISTED,,,0,499,
2026-06-10,BAU,SUNFLOWER SEEDS 800G,,bigbasket,,389,,,,false,NOT_LISTED,,,0,899,
2026-06-10,BAU,WG MANGO JUICE 500ML,mango-healthy-wheatgrass-juice-500ml,bigbasket,40335340,39,,,,false,OOS,,,0,100,100
2026-06-10,BAU,YELLOW MUSTARD 1L,,bigbasket,,269,,,,false,NOT_LISTED,,,0,375,
2026-06-10,BAU,YELLOW MUSTARD 1L + 1L,,bigbasket,,529,,,,false,NOT_LISTED,,,0,750,
2026-06-10,BAU,YELLOW MUSTARD 5L,,bigbasket,,1329,,,,false,NOT_LISTED,,,0,2000,
2026-06-11,BAU,A2 GHEE 1L,jivo-a2-cow-ghee-1-litre-traditional-bilona-method-prepared-from-a2-cow-milk-rich-aroma-and-distinct-flavour-for-diverse-culinary-applications-suitable-for-cooking-frying-baking-indian-recipes-1l,amazon,B0B2RW9N9F,1409,,,,false,OOS,,,0,4000,2380
2026-06-11,BAU,A2 GHEE 500ML,jivo-a2-ghee-500-ml-bilona-method-traditionally-prepared-from-a2-cow-milk-suitable-for-cooking-frying-baking-indian-recipes-rich-aroma-and-distinct-flavour-for-diverse-culinary-applications-500ml,amazon,B0B2S1F6R8,759,,,,false,OOS,,,0,2200,2380
2026-06-11,BAU,BASIL SEEDS 200G,jivo-raw-basil-seeds-for-weight-loss-200gm-sabja-seed-takmuria-seeds-200g-high-fibre-and-omega-3-200ml,amazon,B0D8TN56P9,79,,,,false,OOS,,,0,349,599
2026-06-11,BAU,BASIL SEEDS 400G,jivo-raw-basil-seeds-for-weight-loss-400gm-sabja-seed-takmuria-seeds-400g-high-fibre-and-omega-3-400ml,amazon,B0D8VZKFHG,189,,,,false,OOS,,,0,599,599
2026-06-11,BAU,BASIL SEEDS 800G,jivo-raw-basil-seeds-for-weight-loss-sabja-seeds-tukmaria-seeds-high-in-fiber-omega3-nutrients-ideal-for-smoothies-drinks-and-baking-100-natural-vegan-glutenfree-800g-800ml,amazon,B0D8VZ1JLD,349,,,,false,OOS,,,0,1099,599
2026-06-11,BAU,BLACK CARDAMOM 100G,jivo-black-cardamom-badi-elaichi-sabut-moti-kali-elaichi-whole-organic-black-cardamom-perfect-for-cooking-baking-seasoning-adds-flavor-to-dishes-no-artificial-colours-or-preservatives-100g-100ml,amazon,B0D7CXGP3D,289,,,,false,OOS,,,0,549,300
2026-06-11,BAU,BLACK OLIVE 470G,jivo-black-sliced-olives-470g-finest-olives-from-egypt-evenly-cut-black-olive-slices-suitable-for-pizza-pasta-salads-wraps-ready-to-eat-snack-smart-choice-470ml,amazon,B0DS69LNFB,249,,,,false,OOS,,,0,399,2700
2026-06-11,BAU,BLACK PEPPER 100G,jivo-black-pepper-whole-natural-peppercorns-premium-kali-mirch-perfect-for-cooking-baking-seasoning-no-artificial-colors-preservatives-or-taste-enhancers-pepper-100g-100ml,amazon,B0D8L8NR8Q,145,,,,false,OOS,,,0,399,200
2026-06-11,BAU,CANOLA 1+1L,jivo-canola-cold-pressed-edible-oil-11-litres-cooking-oil-for-daily-use-ideal-for-roasting-frying-baking-all-types-of-cuisines-cold-pressed-oil-for-cooking-2l,amazon,B0152TWWSQ,529,659,659,659,true,ABOVE,130,24.57,0,750,750
2026-06-11,BAU,CANOLA 1L,jivo-canola-cold-pressed-edible-oil-1-litre-cooking-oil-for-daily-use-ideal-for-roasting-frying-baking-all-types-of-cuisines-cold-pressed-oil-for-cooking-1l,amazon,B09MJ6QDX7,269,263,263,263,true,BELOW,-6,-2.23,1,375,375
2026-06-11,BAU,CANOLA 1L + 1L,jivo-canola-oil1-litre-cold-press-cooking-oil-for-daily-use-lowest-in-saturated-fat-2l,amazon,B0CZP26VVN,529,526,526,526,true,BELOW,-3,-0.57,1,750,750
2026-06-11,BAU,CANOLA 1L POUCH,jivo-canola-oil1-litre-refined-pouch-cooking-oil-for-daily-use-recommended-by-indian-medical-association-1l,amazon,B07M6FYXWL,269,269,269,269,true,MATCH,0,0,0,299,299
2026-06-11,BAU,CANOLA 3L,jivo-canola-cold-pressed-edible-oil-3-litres-cooking-oil-for-daily-use-ideal-for-roasting-frying-baking-all-types-of-cuisines-cold-pressed-oil-for-cooking-3l,amazon,B078T3Q3SH,799,,,,false,OOS,,,0,690,1249
2026-06-11,BAU,CANOLA 4L,jivo-canola-cold-pressed-edible-oil-4-litres-cooking-oil-for-daily-use-ideal-for-roasting-frying-baking-all-types-of-cuisines-cold-pressed-oil-for-cooking-4l,amazon,B0FPMH5Q4S,1189,,,,false,OOS,,,0,1199,300
2026-06-11,BAU,CANOLA 5L,jivo-canola-cold-pressed-edible-oil-5-litres-cooking-oil-for-daily-use-ideal-for-roasting-frying-baking-all-types-of-cuisines-cold-pressed-oil-for-cooking-5l,amazon,B077ZN4G28,1299,1299,1299,1299,true,MATCH,0,0,0,1650,1650
2026-06-11,BAU,CHIA SEEDS 200G,jivo-premium-raw-chia-seeds-i-eating-seeds-for-weight-loss-management-rich-in-calcium-protein-fiber-omega-3-non-gmo-and-fibre-reusable-antioxidant-healthy-breakfast-snack-200g-200ml,amazon,B0CRF3ZQWL,99,99,99,99,true,MATCH,0,0,0,299,299
2026-06-11,BAU,CHIA SEEDS 400G,jivo-premium-raw-chia-seeds-i-eating-seeds-for-weight-loss-management-rich-in-calcium-protein-fiber-omega-3-non-gmo-and-fibre-reusable-antioxidant-healthy-breakfast-snack-400g-400ml,amazon,B0CRH5W2R7,209,,,,false,OOS,,,0,599,1099
2026-06-11,BAU,CHIA SEEDS 800G,jivo-premium-raw-chia-seeds-i-eating-seeds-for-weight-loss-management-rich-in-calcium-protein-fiber-omega-3-non-gmo-and-fibre-reusable-antioxidant-healthy-breakfast-snack-800g-800ml,amazon,B0CRHR4KYS,349,,,,false,OOS,,,0,899,2600
2026-06-11,BAU,CINNAMON BARK 100G,jivo-organic-cinnamon-sticks-bark-finest-dalchini-sticks-whole-spices-sourced-from-premium-origins-no-artificial-colors-or-preservatives-pack-for-cooking-seasoning-100g-100ml,amazon,B0D7CVQG35,99,,,,false,OOS,,,0,299,485
2026-06-11,BAU,CLOVE 100G,jivo-whole-clove-100-gm-no-artificial-colours-or-preservatives-100ml,amazon,B0D7CZ3WYW,249,,,,false,OOS,,,0,280,1250
2026-06-11,BAU,COCONUT 1L,jivo-pure-extra-virgin-coconut-oil-1-litre-nourishing-oil-bottle-for-skin-hair-growth-baby-massage-good-for-salad-dressing-zero-cholesterol-and-trans-fat-keto-diet-cooking-1l,amazon,B0BZ8K3DQP,559,559,559,559,true,MATCH,0,0,0,700,700
2026-06-11,BAU,COCONUT 200ML,jivo-pure-extra-virgin-coconut-oil-200ml-nourishing-oil-bottle-for-skin-hair-growth-baby-massage-good-for-salad-dressing-zero-cholesterol-and-trans-fat-keto-diet-cooking-200ml,amazon,B0CGM7KSFV,149,169,169,169,true,ABOVE,20,13.42,0,285,285
2026-06-11,BAU,COCONUT 500ML,jivo-pure-extra-virgin-coconut-oil-500-ml-nourishing-oil-bottle-for-skin-hair-growth-baby-massage-good-for-salad-dressing-zero-cholesterol-and-trans-fat-keto-diet-cooking-500ml,amazon,B0CGN9Y3PT,289,289,289,289,true,MATCH,0,0,0,695,399
2026-06-11,BAU,COFFEE,jivo-koffie-instant-smooth-premium-coffee-100-gm-soluble-instant-coffee-powder-easy-to-prepare-with-rich-aroma-and-taste-coffee-for-daily-use-100ml,amazon,B0C8Z7SZG6,249,249,249,249,true,MATCH,0,0,0,350,350
2026-06-11,BAU,CUMIN SEEDS 100G,jivo-cumin-seeds-fresh-aromatic-natural-spice-for-cooking-no-added-colours-or-preservatives-perfect-for-baking-seasoning-and-flavoring-glutenfree-whole-jeera-seeds-100g-100ml,amazon,B0D8PMQCBV,75,,,,false,OOS,,,0,249,1250
2026-06-11,BAU,EXTRA LIGHT 1+1L,jivo-extra-light-olive-oil-2-litre-imported-from-spain-everyday-cooking-dressings-salads-soups-dips-marinades-low-in-saturated-fat-olive-oil-in-convenient-pet-bottle-for-easy-pouring-2l,amazon,B07WSJ45Q4,1229,1169,1169,1169,true,BELOW,-60,-4.88,1,2798,2998
2026-06-11,BAU,EXTRA LIGHT 1L,jivo-extra-light-olive-oil-1-litre-imported-from-spain-everyday-cooking-dressings-salad-soups-dips-and-marinades-all-culinary-uses-light-flavorful-high-mufa-rich-in-antioxidants-1l,amazon,B09HZY97FR,619,499,499,499,true,BELOW,-120,-19.39,1,1499,1499
2026-06-11,BAU,EXTRA LIGHT 2L,jivo-extra-light-olive-oil-2-litre-imported-from-spain-everyday-cooking-dressings-salads-soups-dips-marinades-low-in-saturated-fat-olive-oil-in-convenient-pet-bottle-for-easy-pouring-2l,amazon,B09NXCPZW1,1229,1010,1010,1010,true,BELOW,-219,-17.82,1,2799,2799
2026-06-11,BAU,EXTRA LIGHT 3L,jivo-extra-light-olive-oil-3-litre-imported-from-spain-recommended-for-daily-cooking-roasting-frying-baking-all-types-of-cuisines-low-in-saturated-fat-3l,amazon,B097ZZTW5C,1849,1595,1595,1595,true,BELOW,-254,-13.74,1,2200,2200
2026-06-11,BAU,EXTRA LIGHT 500ML,jivo-extra-light-olive-oil-500ml-imported-from-spain-everyday-use-for-cooking-dressings-salad-soups-dips-and-marinades-light-flavorful-high-mufa-rich-in-antioxidants-500ml,amazon,B0D9DBHG18,349,349,349,349,true,MATCH,0,0,0,499,499
2026-06-11,BAU,EXTRA LIGHT 5L,jivo-extra-light-olive-oil-5-litre-tin-imported-from-spain-recommendable-daily-cooking-for-roasting-frying-baking-all-type-of-cuisines-low-saturated-fat-low-saturated-fat-5l,amazon,B07MNWTBDT,3069,2944,2944,2944,true,BELOW,-125,-4.07,1,6499,6499
2026-06-11,BAU,EXTRA VIRGIN 1L,jivo-extra-virgin-olive-oil-1-litre-imported-from-spain-contains-vitamin-e-low-in-saturated-fat-natural-cooking-oil-ideal-for-dressings-salad-and-soups-dips-marinades-1l,amazon,B093BMGPQC,809,809,809,809,true,MATCH,0,0,0,1499,1799
2026-06-11,BAU,EXTRA VIRGIN 1L + 1L,jivo-extra-virgin-olive-oil-1-litre-contains-vitamin-e-low-in-saturated-fat-natural-cooking-oil-for-dressings-salad-and-soups-dips-marinades-pack-of-2-2l,amazon,B0CZP31DXK,1609,1609,1609,1609,true,MATCH,0,0,0,2998,1998
2026-06-11,BAU,EXTRA VIRGIN 200ML,jivo-extra-virgin-olive-oil-200-ml-pet-bottle-imported-from-spain-contains-vitamin-e-low-in-saturated-fat-natural-cooking-oil-ideal-use-for-dressings-salad-and-soups-dips-marinades-200ml,amazon,B0CGNBY24B,199,189,189,189,true,BELOW,-10,-5.03,1,350,299
2026-06-11,BAU,EXTRA VIRGIN 250ML,jivo-extra-virgin-olive-oil-250-ml-glass-bottle-imported-from-spain-contains-vitamin-e-low-in-saturated-fat-natural-and-cold-pressed-cooking-oil-for-dressings-salad-and-soups-dips-marinades-250ml,amazon,B0CGM8QLXB,219,,,,false,OOS,,,0,450,2700
2026-06-11,BAU,EXTRA VIRGIN 2L,jivo-extra-virgin-olive-oil-2-litre-imported-from-spain-contains-vitamin-e-low-in-saturated-fat-natural-and-cold-pressed-cooking-oil-ideal-for-dressings-salad-and-soups-dips-marinades-2l,amazon,B0CH13ZG5M,1619,,,,false,OOS,,,0,2700,2700
2026-06-11,BAU,EXTRA VIRGIN 3L,jivo-extra-virgin-olive-oil-3-litre-imported-from-spain-contains-vitamin-e-low-in-saturated-fat-natural-and-cold-pressed-cooking-oil-ideal-for-dressings-salad-and-soups-dips-marinades-3l,amazon,B0FQ2ZMFB9,2429,,,,false,OOS,,,0,4000,
2026-06-11,BAU,EXTRA VIRGIN 500ML,jivo-extra-virgin-olive-oil-500-ml-pet-bottle-imported-from-spain-contains-vitamin-e-low-in-saturated-fat-natural-and-cold-pressed-cooking-oil-for-dressings-salad-and-soups-dips-marinades-500ml,amazon,B0CGM7THVN,419,,,,false,OOS,,,0,675,2700
2026-06-11,BAU,EXTRA VIRGIN 5L,jivo-extra-virgin-olive-oil-5-litre-tin-imported-from-spain-contains-vitamin-e-low-in-saturated-fat-natural-and-cold-pressed-cooking-oil-ideal-for-dressings-salad-and-soups-dips-marinades-5l,amazon,B09XR2YK8S,4039,3619,3619,3619,true,BELOW,-420,-10.4,1,7999,7999
2026-06-11,BAU,FLAX SEEDS 200G,jivo-flax-seeds-raw-alsi-seeds-for-eating-high-in-protein-iron-dietary-fibre-rich-in-essential-nutrients-ideal-for-adding-to-smoothies-salads-yogurt-baking-healthy-snack-option-200g-200ml,amazon,B0D8TPCV16,99,,,,false,OOS,,,0,249,599
2026-06-11,BAU,FLAX SEEDS 400G,jivo-flax-seeds-raw-alsi-seeds-for-smoothies-hair-growth-baking-more-rich-in-omega3-fiber-protein-essential-nutrients-100-natural-vegan-glutenfree-for-optimal-health-400g-400ml,amazon,B0D8TMZ523,189,,,,false,OOS,,,0,399,599
2026-06-11,BAU,FLAX SEEDS 800G,jivo-organic-flax-seeds-raw-alsi-seeds-for-smoothies-cereals-baking-more-rich-in-omega3-fiber-protein-essential-nutrients-100-natural-vegan-glutenfree-for-optimal-health-800g-800ml,amazon,B0D8TN9B9B,369,,,,false,OOS,,,0,750,599
2026-06-11,BAU,GINGER ALE 200ML,jivo-healthy-wheatgrass-body-detoxifying-immunity-booster-juice-sugar-free-200-ml-200ml,amazon,B0CYHFFZXG,49,,,,false,OOS,,,0,100,
2026-06-11,BAU,GOLD 1+1,jivo-gold-refined-oil-blend-of-rice-bran-oil-sunflower-oil-cooking-oil-pro-healthy-lifestyle-edible-oil-1-litre-pack-of-2-2l,amazon,B0CWNVJN3B,389,,,,false,OOS,,,0,450,3750
2026-06-11,BAU,GOLD 1L,jivo-gold-premium-refined-cooking-oil-perfect-blend-of-rice-bran-sunflower-oil-natural-antioxidants-1-litre-pack-1l,amazon,B0CT5MYSDS,199,173,173,173,true,BELOW,-26,-13.07,1,225,225
2026-06-11,BAU,GOLD 5L,jivo-gold-refined-oil-perfect-blend-of-rice-bran-sunflower-oil-cooking-oil-rich-in-antioxidants-vitamins-pro-lifestyle-5l-family-pack-5l,amazon,B0C9Q1S6QG,989,930,930,930,true,BELOW,-59,-5.97,1,1049,1050
2026-06-11,BAU,GREEN CARDAMOM 100G,jivo-green-cardamom-8mm-elaichi-whole-natural-spices-no-artificial-colors-or-preservatives-distinctive-flavor-aroma-premium-idukki-cardamom-for-cooking-baking-tea-100g-100ml,amazon,B0D7CZD2PB,499,499,499,499,true,MATCH,0,0,0,799,799
2026-06-11,BAU,GROUNDNUT 1L,jivo-groundnut-oil-1-litre-cold-pressed-unrefined-peanut-oil-for-cooking-vitamin-a-d-fortified-chemicalfree-ground-nut-oil-1l-1l,amazon,B0CKFFW9B6,259,193,193,193,true,BELOW,-66,-25.48,1,400,560
2026-06-11,BAU,GROUNDNUT 5L,jivo-groundnut-oil-5-litre-cold-pressed-unrefined-peanut-oil-for-cooking-vitamin-a-d-fortified-chemicalfree-ground-nut-oil-5l,amazon,B0CKFFGC31,1269,1269,1269,1269,true,MATCH,0,0,0,2800,2800
2026-06-11,BAU,JIVO POMACE 1L,jivo-daily-cooking-pomace-olive-oil-1-litre-imported-from-spain-rich-in-monounsaturated-fatty-acids-low-in-saturated-fat-ideal-for-roasting-frying-and-baking-1l,amazon,B0821DNF2W,439,379,379,379,true,BELOW,-60,-13.67,1,1049,649
2026-06-11,BAU,JIVO POMACE 1L + 1L,jivo-daily-cooking-pomace-olive-oil-1-litre-rich-in-mufa-low-in-saturated-fat-2l,amazon,B0CZP46SJX,869,758,758,758,true,BELOW,-111,-12.77,1,2098,1298
2026-06-11,BAU,JIVO POMACE 2L,jivo-everyday-cooking-pomace-olive-oil-2-litre-imported-from-spain-rich-in-mufa-low-in-saturated-fat-ideal-for-frying-roasting-baking-cooking-oil-for-daily-use-2l,amazon,B0C4FFYSLV,869,849,849,849,true,BELOW,-20,-2.3,1,1600,1449
2026-06-11,BAU,JIVO POMACE 5L,jivo-pomace-olive-oil-5-litre-tin-for-everyday-cooking-imported-from-spain-recommended-for-roasting-frying-and-baking-all-types-of-cuisines-rich-in-mufa-low-in-saturated-fat-5l,amazon,B07X53ZL6J,2169,1926,1926,1926,true,BELOW,-243,-11.2,1,4999,4999
2026-06-11,BAU,JIVO PUNJABI SHIKANJI 160 MLS,jivo-punjabi-shikanji-wheatgrass-juice-nimbu-shikanji-masala-drink-natural-summer-refreshment-160ml-160ml,amazon,B0GZ7PXVF8,219,,,,false,OOS,,,0,480,
2026-06-11,BAU,JIVO WATER 1L,jivo-natural-mineral-1l-1l,amazon,B0CSPMN88F,20,,,,false,OOS,,,0,30,
2026-06-11,BAU,JIVO WATER 250ML,jivo-mineral-water-250ml-250ml,amazon,B0CST1ZYNY,119,,,,false,OOS,,,0,360,
2026-06-11,BAU,JIVO WATER 500 MLS,jivo-natural-mineral-water-himalayan-origin-nonro-unprocessed-noncarbonated-additivefree-packaged-water-for-clean-hydration-500-ml-bottle-500ml,amazon,B0GZB4ZQV3,12,,,,false,OOS,,,0,15,
2026-06-11,BAU,MUSTARD 1L,jivo-cold-pressed-kachi-ghani-chemical-free-mustard-daily-cooking-oil-1-litre-recommended-for-roasting-frying-baking-all-type-of-cuisines-1l,amazon,B09NYCSQLF,219,,,,false,OOS,,,0,255,3750
2026-06-11,BAU,MUSTARD 1L + 1L,jivo-kachi-ghani-chemical-free-mustard-daily-cooking-oil-1-litre-each-recommendable-for-roasting-frying-baking-all-type-of-cuisines-healthy-cooking-oil-for-daily-use-1l,amazon,B09HKPSS96,429,,,,false,OOS,,,0,500,3750
2026-06-11,BAU,MUSTARD 1L POUCH,jivo-cold-pressed-kachi-ghani-chemical-free-mustard-daily-cooking-oil-1-litre-pouch-recommendable-for-roasting-frying-baking-all-type-of-cuisines-1l,amazon,B0DRYVRYYM,219,,,,false,OOS,,,0,250,3750
2026-06-11,BAU,MUSTARD 3L,jivo-premium-cold-pressed-kachi-ghani-mustard-oil-3-litre-contains-omega3-and-vitamin-e-ideal-for-cooking-frying-pickling-daily-use-3l,amazon,B0GF22BHZ7,629,,,,false,OOS,,,0,765,300
2026-06-11,BAU,MUSTARD 4L,jivo-premium-cold-pressed-kachi-ghani-mustard-oil-4-litre-contains-omega3-and-vitamin-e-ideal-for-cooking-frying-pickling-daily-use-4l,amazon,B0GFFSDTGP,839,,,,false,OOS,,,0,1000,300
2026-06-11,BAU,MUSTARD 5L,jivo-premium-cold-pressed-kachi-ghani-mustard-oil-5-litre-contains-omega3-and-vitamin-e-ideal-for-cooking-frying-pickling-daily-use-5l,amazon,B091XPD9J3,1049,1022,1022,1022,true,BELOW,-27,-2.57,1,1250,1250
2026-06-11,BAU,POMACE 3L,jivo-everyday-cooking-pomace-olive-oil-3-litre-imported-from-spain-rich-in-mufa-low-in-saturated-fat-ideal-for-frying-roasting-baking-cooking-oil-for-daily-use-3l,amazon,B0FQ31J42X,1309,1299,1299,1299,true,BELOW,-10,-0.76,1,3050,3050
2026-06-11,BAU,PUMPKIN SEEDS 200G,jivo-raw-pumpkin-seeds-healthy-snack-for-breakfast-high-in-fiber-antioxidants-ideal-for-diets-weight-management-nutritious-superfood-for-daily-wellness-hygienically-packed-200g-200ml,amazon,B0D8TR7R3Y,209,,,,false,OOS,,,0,399,599
2026-06-11,BAU,PUMPKIN SEEDS 400G,jivo-raw-pumpkin-seeds-healthy-snack-for-breakfast-high-in-fiber-antioxidants-ideal-for-diets-weight-management-nutritious-superfood-for-daily-wellness-hygienically-packed-400g-400ml,amazon,B0D8TR1ZCG,399,,,,false,OOS,,,0,699,599
2026-06-11,BAU,PUMPKIN SEEDS 800G,jivo-raw-pumpkin-seeds-healthy-snack-for-breakfast-high-in-fiber-antioxidants-ideal-for-diets-weight-management-nutritious-superfood-for-daily-wellness-hygienically-packed-800g-800ml,amazon,B0D8TPCPLS,789,,,,false,OOS,,,0,1299,599
2026-06-11,BAU,PUNJABI JEERA 160ML,jivo-wheatgrass-punjabi-jeera-juice-160ml-tangy-cumin-flavored-refreshment-blended-with-fresh-wheatgrass-extract-convenient-pet-bottles-suitable-for-daily-hydration-refreshing-160ml,amazon,B0F9YVR47L,219,,,,false,OOS,,,0,360,1250
2026-06-11,BAU,QUINOA SEEDS 200G,jivo-premium-quinoa-gluten-free-glutenfree-saponin-free-high-protein-fiber-healthy-breakfast-diet-food-for-weight-management-100-wholegrain-cereal-quinoa-jar-200g-200ml,amazon,B0DGT6CK3P,119,119,119,119,true,MATCH,0,0,0,199,199
2026-06-11,BAU,QUINOA SEEDS 400G,jivo-premium-quinoa-gluten-free-glutenfree-saponin-free-high-protein-fiber-healthy-breakfast-diet-food-for-weight-management-100-wholegrain-cereal-quinoa-jar-400g-400ml,amazon,B0DGTFLQMS,179,179,179,179,true,MATCH,0,0,0,299,299
2026-06-11,BAU,QUINOA SEEDS 800G,jivo-premium-quinoa-gluten-free-glutenfree-saponin-free-high-protein-fiber-healthy-breakfast-diet-food-for-weight-management-100-wholegrain-cereal-quinoa-jar-800g-800ml,amazon,B0DGT6KQ4F,259,,,,false,OOS,,,0,399,199
2026-06-11,BAU,RICE BRAN 1L,jivo-rice-bran-oil-1-litre-cooking-oil-rich-in-antioxidants-ideal-for-deep-frying-sauting-baking-chemicalfree-1l,amazon,B0DBHQ2QWW,199,184,184,184,true,BELOW,-15,-7.54,1,285,285
2026-06-11,BAU,RICE BRAN 1L + 1L,,amazon,B0H2HDLB5Q,389,,,,false,OOS,,,0,570,
2026-06-11,BAU,RICE BRAN 4L,jivo-rice-bran-oil-4-litre-premium-cooking-oil-rich-in-antioxidants-ideal-for-deep-frying-sauteing-baking-chemicalfree-4l,amazon,B0GFWHTMT9,759,759,759,759,true,MATCH,0,0,0,1140,1140
2026-06-11,BAU,RICE BRAN 5L,jivo-rice-bran-oil-5-litre-premium-cooking-oil-rich-in-antioxidants-ideal-for-deep-frying-sauteing-baking-chemicalfree-5l,amazon,B0DBJ13FKL,959,959,959,959,true,MATCH,0,0,0,1425,1425
2026-06-11,BAU,ROSEMARY LEAVES 150 GMS,jivo-rosemary-leaves-whole-natural-no-preservatives-or-additives-ideal-for-hair-growth-herbal-tea-seasoning-and-cooking-salvia-rosmarinus-150ml,amazon,B0DGTNDH9L,179,,,,false,OOS,,,0,499,300
2026-06-11,BAU,SAFFRON 1GMS,jivo-pure-kashmiri-saffron-a-grade-kesar-rich-in-antioxidants-boosts-immunity-skin-glow-overall-wellness-1ml,amazon,B0FNDJBJPV,449,,,,false,OOS,,,0,899,900
2026-06-11,BAU,SANO CANOLA 1L,sano-canola-oil-cooking-oil-for-daily-use-recommended-for-all-types-of-cuisines-ideal-for-conscious-cooking-1-liter-1l,amazon,B0CK2D4XCH,259,259,259,259,true,MATCH,0,0,0,475,475
2026-06-11,BAU,SANO CANOLA 5L,sano-canola-cooking-oil-for-daily-use-recommended-for-all-types-of-cuisines-lowest-in-saturated-fat-content-ideal-for-healthconscious-cooking-5-litre-smart-cooking-choice-5l,amazon,B0CK2B158Y,1249,,,,false,OOS,,,0,1950,1250
2026-06-11,BAU,SANO CLASSIC 1L,sano-extra-light-olive-oil-1-litre-product-of-spain-ideal-for-all-indian-and-western-cuisines-perfect-for-cooking-frying-roasting-grilling-and-baking-versatile-and-smart-cooking-oil-1l,amazon,B0CCVF1XVS,589,,,,false,OOS,,,0,1399,2700
2026-06-11,BAU,SANO CLASSIC 5L,sano-classic-olive-oil-5-litre-ideal-for-all-indian-and-western-cuisines-perfect-for-cooking-frying-roasting-grilling-and-baking-versatile-and-healthy-cooking-oil-5l,amazon,B0CKBFKQ4P,2709,,,,false,OOS,,,0,6499,2700
2026-06-11,BAU,SANO MUSTARD 1L,sano-pure-fresh-kachi-ghani-mustard-oil-1-litre-pet-bottle-high-pungency-rich-in-omega3-100-natural-authentic-indian-cooking-oil-boosts-heart-health-1l,amazon,B0C77PZ83B,209,209,209,209,true,MATCH,0,0,0,235,235
2026-06-11,BAU,SANO MUSTARD 5L,sano-pure-and-aromatic-kachi-ghani-mustard-oil-5l-pet-bottle-100-natural-ideal-for-cooking-pickling-and-health-benefits-edible-oil-5l,amazon,B0C77VSKBL,999,,,,false,OOS,,,0,1200,3750
2026-06-11,BAU,SANO POMACE 1L,sano-pomace-olive-oil-1l-pet-bottle-ideal-for-deep-frying-sauting-roasting-high-smoke-point-cooking-oil-for-indian-kitchen-1000ml-1l,amazon,B0CF9RQ9PL,419,419,419,419,true,MATCH,0,0,0,999,999
2026-06-11,BAU,SANO POMACE 5L,sano-pomace-olive-oil-5l-ideal-for-frying-roasting-sauting-rich-neutral-flavour-high-smoke-point-versatile-edible-cooking-oil-for-indian-cuisine-5l,amazon,B0CFFSWMXZ,2069,1999,1999,1999,true,BELOW,-70,-3.38,1,4499,4599
2026-06-11,BAU,SANO SOYABEAN 1L,sano-soyabean-oil-1-ltr-pet-bottle-pure-natural-nutrientrich-cooking-oil-ideal-for-healthy-delights-in-cooking-frying-and-baking-perfect-for-indian-and-international-cuisines-1l,amazon,B0C77V6LL7,199,199,199,199,true,MATCH,0,0,0,225,225
2026-06-11,BAU,SANO SOYABEAN 5L,sano-soybean-oil-5-ltr-pet-bottle-allnatural-nutrientrich-cooking-oil-with-a-high-omega3-content-and-a-low-saturated-fat-content-ideal-for-delicious-and-healthful-meals-5l,amazon,B0C3QYP96Z,949,949,949,949,true,MATCH,0,0,0,1450,1450
2026-06-11,BAU,SANO SUNFLOWER 1L,sano-sunflower-oil-1-litre-pet-bottle-pure-nutrientrich-sunflower-cooking-oil-with-high-smoke-point-ideal-for-frying-sauting-and-baking-1l,amazon,B0C3QV7FV6,219,,,,false,OOS,,,0,280,540
2026-06-11,BAU,SANO SUNFLOWER 5L,sano-sunflower-oil-5-ltr-pet-bottle-pure-nutrient-rich-cooking-oil-with-high-smoke-point-ideal-for-frying-sauting-and-baking-all-type-of-cuisines-5l,amazon,B0C7KSLVLB,1069,,,,false,OOS,,,0,1475,1250
2026-06-11,BAU,SESAME 1L + 1L,,amazon,B0H2B92WLP,689,,,,false,OOS,,,0,1200,
2026-06-11,BAU,SESAME OIL 1L,jivo-first-pressed-sesame-oil-1l-bottle-gingelly-oil-contains-mufa-and-omega6-pufa-natural-antioxidants-ideal-for-cooking-1l,amazon,B0FDKZPGX1,349,349,349,349,true,MATCH,0,0,0,600,600
2026-06-11,BAU,SO OLIVE 1L,jivo-so-olive-oil-1-litre-blend-of-rice-bran-olive-oil-nutritious-cooking-oil-for-a-healthy-lifestyle-ideal-for-daily-use-edible-oil-1l,amazon,B0DC6JR4F3,289,289,289,289,true,MATCH,0,0,0,325,325
2026-06-11,BAU,SO OLIVE 1L + 1L,,amazon,B0H2HJKJH1,569,,,,false,OOS,,,0,650,
2026-06-11,BAU,SO OLIVE 5L,jivo-so-olive-oil-5-litre-blend-of-rice-bran-olive-oil-nutritious-cooking-oil-for-a-healthy-lifestyle-ideal-for-daily-use-edible-oil-5l,amazon,B0DC6WMYM6,1419,1419,1419,1419,true,MATCH,0,0,0,1625,1625
2026-06-11,BAU,SODA 750ML,jivo-extra-fizzy-soda-750-ml-soda-750ml,amazon,B0D2KLSTFZ,15,,,,false,OOS,,,0,30,
2026-06-11,BAU,SODA LEMON 750ML,jivo-fizzy-soda-flavoured-with-lemon-750ml-carbonated-water-zero-sugar-zero-calories-i-pack-of-1-750ml,amazon,B0DP36SDGD,45,,,,false,OOS,,,0,55,210
2026-06-11,BAU,SOYABEAN 1L,jivo-cooking-edible-soyabean-oil-1-litre-high-in-omega6-pufa-contains-tocopherols-natural-antioxidant-suitable-for-daily-cooking-1l,amazon,B0B6HNNL5B,209,209,209,209,true,MATCH,0,0,0,225,225
2026-06-11,BAU,SOYABEAN 1L + 1L,jivo-soyabean-cooking-oil-1-litre-bottles-pack-of-2-litres-ideal-for-roasting-frying-and-baking-healthy-cooking-oil-for-daily-use-pack-of-2-1l,amazon,B0B7JJ7C9W,409,449,449,449,true,ABOVE,40,9.78,0,1100,450
2026-06-11,BAU,SOYABEAN 1L POUCH,jivo-soyabean-oil-pouch-1-litre-edible-cooking-oil-for-daily-use-ideal-for-roasting-frying-and-baking-high-in-omega3-and-low-in-saturated-fat-1l,amazon,B0BZ4WPT43,209,,,,false,OOS,,,0,199,1250
2026-06-11,BAU,SOYABEAN 5L,jivo-cooking-edible-soyabean-oil-5-litre-high-in-omega6-pufa-contains-tocopherols-natural-antioxidant-suitable-for-daily-cooking-5l,amazon,B0B6HPPMXL,999,,,,false,OOS,,,0,1100,1250
2026-06-11,BAU,SPRING WATER 750ML,jivo-diet-fizzy-peach-natural-spring-water-peach-750ml-750ml,amazon,B0D2TVRMB6,50,,,,false,OOS,,,0,55,1800
2026-06-11,BAU,SUNFLOWER 1L,jivo-cold-pressed-unrefined-sunflower-oil-1-litre-chemicalfree-oil-for-cooking-ideal-for-roasting-frying-baking-and-all-types-of-cuisines-1l,amazon,B0B4SJTNF2,229,207,207,207,true,BELOW,-22,-9.61,1,275,275
2026-06-11,BAU,SUNFLOWER 1L + 1L,jivo-cold-pressed-chemical-free-sunflower-oil-1-litre-ideal-for-roasting-frying-baking-all-types-of-cuisines-healthy-cooking-oil-for-daily-use-pack-of-2-litres-2l,amazon,B0992GRH3Z,449,,,,false,OOS,,,0,550,3750
2026-06-11,BAU,SUNFLOWER 3L,jivo-cold-pressed-chemicalfree-sunflower-oil-3-litres-chemicalfree-oil-for-cooking-ideal-for-roasting-frying-baking-and-all-types-of-cuisines-sunflower-oil-3l,amazon,B0GDV29RCN,679,,,,false,OOS,,,0,825,300
2026-06-11,BAU,SUNFLOWER 4L,jivo-sunflower-oil-4-litres-pure-natural-oil-for-cooking-ideal-for-roasting-frying-baking-and-all-types-of-cuisines-sunflower-oil-4l,amazon,B0FPMJPCFM,909,,,,false,OOS,,,0,1038,
2026-06-11,BAU,SUNFLOWER 5L,jivo-cold-pressed-unrefined-sunflower-oil-5-litres-chemicalfree-oil-for-cooking-ideal-for-roasting-frying-baking-and-all-types-of-cuisines-5l,amazon,B0991VMDB1,1139,1139,1139,1139,true,MATCH,0,0,0,1350,1350
2026-06-11,BAU,SUNFLOWER SEEDS 200G,jivo-sunflower-seeds-200g-raw-natural-sunflower-seeds-for-snacking-healthy-snack-option-ideal-for-weight-management-antioxidants-great-for-diets-nutrientrich-food-packed-with-protein-200ml,amazon,B0D8TT92SH,139,,,,false,OOS,,,0,299,1250
2026-06-11,BAU,SUNFLOWER SEEDS 400G,jivo-sunflower-seeds-raw-natural-sunflower-seeds-for-healthy-snacking-high-in-protein-fiber-antioxidants-ideal-for-weight-management-clean-eating-nutrientrich-diets-400g-400ml,amazon,B0D8TRK651,259,,,,false,OOS,,,0,499,1250
2026-06-11,BAU,SUNFLOWER SEEDS 800G,jivo-sunflower-seeds-raw-natural-sunflower-seeds-for-healthy-snacking-high-in-protein-fiber-antioxidants-ideal-for-weight-management-diets-clean-eating-glutenfree-nongmo-800g-800ml,amazon,B0D8TPSX1V,389,,,,false,OOS,,,0,899,1250
2026-06-11,BAU,WG MANGO JUICE 500ML,jivo-healthy-wheatgrass-juice-with-mango-flavor-body-detox-immunity-booster-natural-ingredients-500ml-500ml,amazon,B0DM2G4YCC,39,,,,false,OOS,,,0,100,750
2026-06-11,BAU,YELLOW MUSTARD 1L,jivo-first-pressed-yellow-mustard-oil-1-litre-pili-sarson-oil-for-cooking-chemicalfree-ideal-for-roasting-frying-baking-omega3-pufa-tocopherols-added-vitamins-a-d-for-diverse-cuisines-1l,amazon,B0FF9P7XVX,269,,,,false,OOS,,,0,375,3750
2026-06-11,BAU,YELLOW MUSTARD 1L + 1L,,amazon,B0GX19RGQH,529,,,,false,OOS,,,0,750,
2026-06-11,BAU,YELLOW MUSTARD 5L,jivo-first-pressed-yellow-mustard-oil-5-litre-pili-sarson-oil-for-cooking-chemicalfree-ideal-for-roasting-frying-baking-omega3-pufa-tocopherols-added-vitamins-a-d-for-diverse-cuisines-5l,amazon,B0GF1Z3DXR,1329,1329,1329,1329,true,MATCH,0,0,0,2000,1795
2026-06-11,BAU,A2 GHEE 1L,ghegeujjnscchwq9,flipkart,GHEGEUJJNSCCHWQ9,1409,,,,false,OOS,,,0,4000,4000
2026-06-11,BAU,A2 GHEE 500ML,ghehhzbqjbnvzggq,flipkart,GHEHHZBQJBNVZGGQ,759,613,613,613,true,BELOW,-146,-19.24,1,2200,2200
2026-06-11,BAU,BASIL SEEDS 200G,edsh4zf2vbebfjuq,flipkart,EDSH4ZF2VBEBFJUQ,79,,,,false,OOS,,,0,349,349
2026-06-11,BAU,BASIL SEEDS 400G,,flipkart,,189,,,,false,NOT_LISTED,,,0,599,
2026-06-11,BAU,BASIL SEEDS 800G,edsh4yk7vc4zcnpu,flipkart,EDSH4YK7VC4ZCNPU,349,,,,false,OOS,,,0,1099,1099
2026-06-11,BAU,BLACK CARDAMOM 100G,scmh4h8hzj8ahq9g,flipkart,SCMH4H8HZJ8AHQ9G,289,,,,false,OOS,,,0,549,
2026-06-11,BAU,BLACK OLIVE 470G,,flipkart,,249,,,,false,NOT_LISTED,,,0,399,
2026-06-11,BAU,BLACK PEPPER 100G,scmh2hmc2u7pqmnv,flipkart,SCMH2HMC2U7PQMNV,145,,,,false,OOS,,,0,399,399
2026-06-11,BAU,CANOLA 1+1L,edofrxtmjgae9dct,flipkart,EDOFRXTMJGAE9DCT,529,572,572,572,true,ABOVE,43,8.13,0,750,750
2026-06-11,BAU,CANOLA 1L,edogdtnzgdahuduj,flipkart,EDOGDTNZGDAHUDUJ,269,319,319,319,true,ABOVE,50,18.59,0,375,375
2026-06-11,BAU,CANOLA 1L + 1L,edofrxtmjgae9dct,flipkart,EDOFRXTMJGAE9DCT,529,572,572,572,true,ABOVE,43,8.13,0,750,750
2026-06-11,BAU,CANOLA 1L POUCH,,flipkart,,269,,,,false,NOT_LISTED,,,0,299,
2026-06-11,BAU,CANOLA 3L,edoghersuqwaau5s,flipkart,EDOGHERSUQWAAU5S,799,,,,false,OOS,,,0,690,
2026-06-11,BAU,CANOLA 4L,,flipkart,,1189,,,,false,NOT_LISTED,,,0,1199,
2026-06-11,BAU,CANOLA 5L,edoftx47swwqprvs,flipkart,EDOFTX47SWWQPRVS,1299,1254,1254,1254,true,BELOW,-45,-3.46,1,1650,1650
2026-06-11,BAU,CHIA SEEDS 200G,edsh4ygygrwrqrgk,flipkart,EDSH4YGYGRWRQRGK,99,,,,false,OOS,,,0,299,
2026-06-11,BAU,CHIA SEEDS 400G,edsgxe59s7agkhug,flipkart,EDSGXE59S7AGKHUG,209,,,,false,OOS,,,0,599,
2026-06-11,BAU,CHIA SEEDS 800G,edsh3fjv4pejdfan,flipkart,EDSH3FJV4PEJDFAN,349,,,,false,OOS,,,0,899,899
2026-06-11,BAU,CINNAMON BARK 100G,scmh4h8snyfgcykm,flipkart,SCMH4H8SNYFGCYKM,99,,,,false,OOS,,,0,299,
2026-06-11,BAU,CLOVE 100G,scmhckzekpqwve5v,flipkart,SCMHCKZEKPQWVE5V,249,,,,false,OOS,,,0,280,
2026-06-11,BAU,COCONUT 1L,edogpm99cpxseuyn,flipkart,EDOGPM99CPXSEUYN,559,534,534,534,true,BELOW,-25,-4.47,1,700,700
2026-06-11,BAU,COCONUT 200ML,,flipkart,,149,,,,false,NOT_LISTED,,,0,285,
2026-06-11,BAU,COCONUT 500ML,edohf5f6bs3mehjd,flipkart,EDOHF5F6BS3MEHJD,289,221,221,221,true,BELOW,-68,-23.53,1,695,398
2026-06-11,BAU,COFFEE,cfegmj5gje7hd3dq,flipkart,CFEGMJ5GJE7HD3DQ,249,,,,false,OOS,,,0,350,350
2026-06-11,BAU,CUMIN SEEDS 100G,scmh3fhauzysnuab,flipkart,SCMH3FHAUZYSNUAB,75,,,,false,OOS,,,0,249,
2026-06-11,BAU,EXTRA LIGHT 1+1L,qwrggc46ukqkvces,flipkart,QWRGGC46UKQKVCES,1229,,,,false,OOS,,,0,2798,
2026-06-11,BAU,EXTRA LIGHT 1L,edoge5whzbgw4ska,flipkart,EDOGE5WHZBGW4SKA,619,,,,false,OOS,,,0,1499,
2026-06-11,BAU,EXTRA LIGHT 2L,edoft6pr7qmyhgjh,flipkart,EDOFT6PR7QMYHGJH,1229,1004,1004,1004,true,BELOW,-225,-18.31,1,2799,2998
2026-06-11,BAU,EXTRA LIGHT 3L,,flipkart,EDOHZYYSYEZ2YVTM,1849,,,,false,OOS,,,0,2200,
2026-06-11,BAU,EXTRA LIGHT 500ML,,flipkart,,349,,,,false,NOT_LISTED,,,0,499,
2026-06-11,BAU,EXTRA LIGHT 5L,edofzfufcqdjhtqf,flipkart,EDOFZFUFCQDJHTQF,3069,2793,2793,2793,true,BELOW,-276,-8.99,1,6499,6499
2026-06-11,BAU,EXTRA VIRGIN 1L,edog2nmeharedmz3,flipkart,EDOG2NMEHAREDMZ3,809,872,872,872,true,ABOVE,63,7.79,0,1499,1799
2026-06-11,BAU,EXTRA VIRGIN 1L + 1L,qwrgemns9zpzgwjh,flipkart,QWRGEMNS9ZPZGWJH,1609,1345,1345,1345,true,BELOW,-264,-16.41,1,2998,2998
2026-06-11,BAU,EXTRA VIRGIN 200ML,edohgpf2zq9rqpb3,flipkart,EDOHGPF2ZQ9RQPB3,199,,,,false,OOS,,,0,350,
2026-06-11,BAU,EXTRA VIRGIN 250ML,edoguy3fp4y3rvqm,flipkart,EDOGUY3FP4Y3RVQM,219,219,219,219,true,MATCH,0,0,0,450,450
2026-06-11,BAU,EXTRA VIRGIN 2L,edog2nmphjzh6gjc,flipkart,EDOG2NMPHJZH6GJC,1619,1325,1325,1325,true,BELOW,-294,-18.16,1,2700,3598
2026-06-11,BAU,EXTRA VIRGIN 3L,,flipkart,,2429,,,,false,NOT_LISTED,,,0,4000,
2026-06-11,BAU,EXTRA VIRGIN 500ML,edogwgz7tq6zzt3h,flipkart,EDOGWGZ7TQ6ZZT3H,419,396,396,396,true,BELOW,-23,-5.49,1,675,998
2026-06-11,BAU,EXTRA VIRGIN 5L,edogdtxggcgfce88,flipkart,EDOGDTXGGCGFCE88,4039,,,,false,OOS,,,0,7999,5995
2026-06-11,BAU,FLAX SEEDS 200G,edsh4zgfwpsuy7rh,flipkart,EDSH4ZGFWPSUY7RH,99,,,,false,OOS,,,0,249,249
2026-06-11,BAU,FLAX SEEDS 400G,edsh5avfzrhq43rz,flipkart,EDSH5AVFZRHQ43RZ,189,,,,false,OOS,,,0,399,399
2026-06-11,BAU,FLAX SEEDS 800G,edsh5bx4umfr4xyf,flipkart,EDSH5BX4UMFR4XYF,369,,,,false,OOS,,,0,750,750
2026-06-11,BAU,GINGER ALE 200ML,,flipkart,,49,,,,false,NOT_LISTED,,,0,100,
2026-06-11,BAU,GOLD 1+1,edogyj7syy4h2mdh,flipkart,EDOGYJ7SYY4H2MDH,389,405,405,405,true,ABOVE,16,4.11,0,450,450
2026-06-11,BAU,GOLD 1L,edogxyeferfxp3zy,flipkart,EDOGXYEFERFXP3ZY,199,220,220,220,true,ABOVE,21,10.55,0,225,350
2026-06-11,BAU,GOLD 5L,edogrf8rmwnygjpe,flipkart,EDOGRF8RMWNYGJPE,989,,,,false,OOS,,,0,1049,1049
2026-06-11,BAU,GREEN CARDAMOM 100G,scmh4h8nch2pkywv,flipkart,SCMH4H8NCH2PKYWV,499,,,,false,OOS,,,0,799,
2026-06-11,BAU,GROUNDNUT 1L,edogwf6ugcwrregz,flipkart,EDOGWF6UGCWRREGZ,259,300,300,300,true,ABOVE,41,15.83,0,400,560
2026-06-11,BAU,GROUNDNUT 5L,edoh9p7nnnjuxgzp,flipkart,EDOH9P7NNNJUXGZP,1269,,,,false,OOS,,,0,2800,
2026-06-11,BAU,JIVO POMACE 1L,edohyrptdvezvz8e,flipkart,EDOHYRPTDVEZVZ8E,439,563,563,563,true,ABOVE,124,28.25,0,1049,1049
2026-06-11,BAU,JIVO POMACE 1L + 1L,edohyrrpj3h7nhhn,flipkart,EDOHYRRPJ3H7NHHN,869,780,780,780,true,BELOW,-89,-10.24,1,2098,1899
2026-06-11,BAU,JIVO POMACE 2L,edogyzhgusaddg9b,flipkart,EDOGYZHGUSADDG9B,869,826,826,826,true,BELOW,-43,-4.95,1,1600,2098
2026-06-11,BAU,JIVO POMACE 5L,edoge5xhfzn2hz9d,flipkart,EDOGE5XHFZN2HZ9D,2169,1827,1827,1827,true,BELOW,-342,-15.77,1,4999,4999
2026-06-11,BAU,JIVO PUNJABI SHIKANJI 160 MLS,,flipkart,,219,,,,false,NOT_LISTED,,,0,480,
2026-06-11,BAU,JIVO WATER 1L,,flipkart,,20,,,,false,NOT_LISTED,,,0,30,
2026-06-11,BAU,JIVO WATER 250ML,,flipkart,,119,,,,false,NOT_LISTED,,,0,360,
2026-06-11,BAU,JIVO WATER 500 MLS,,flipkart,,12,,,,false,NOT_LISTED,,,0,15,
2026-06-11,BAU,MUSTARD 1L,edogdvwygjndyrqp,flipkart,EDOGDVWYGJNDYRQP,219,,,,false,OOS,,,0,255,357
2026-06-11,BAU,MUSTARD 1L + 1L,qwrgemqzxaywvm4m,flipkart,QWRGEMQZXAYWVM4M,429,412,412,412,true,BELOW,-17,-3.96,1,500,510
2026-06-11,BAU,MUSTARD 1L POUCH,,flipkart,,219,,,,false,NOT_LISTED,,,0,250,
2026-06-11,BAU,MUSTARD 3L,edogkc6kwybcnngh,flipkart,EDOGKC6KWYBCNNGH,629,,,,false,OOS,,,0,765,750
2026-06-11,BAU,MUSTARD 4L,edohgwu9wapbehwk,flipkart,EDOHGWU9WAPBEHWK,839,,,,false,OOS,,,0,1000,
2026-06-11,BAU,MUSTARD 5L,edoh9phgzg9h4gvt,flipkart,EDOH9PHGZG9H4GVT,1049,,,,false,OOS,,,0,1250,
2026-06-11,BAU,POMACE 3L,edogfyrutbcs6yhw,flipkart,EDOGFYRUTBCS6YHW,1309,1194,1194,1194,true,BELOW,-115,-8.79,1,3050,2247
2026-06-11,BAU,PUMPKIN SEEDS 200G,edsh5avcxwvgycyt,flipkart,EDSH5AVCXWVGYCYT,209,,,,false,OOS,,,0,399,399
2026-06-11,BAU,PUMPKIN SEEDS 400G,edsh5avgyvmtpzec,flipkart,EDSH5AVGYVMTPZEC,399,,,,false,OOS,,,0,699,
2026-06-11,BAU,PUMPKIN SEEDS 800G,edsh4zzgcgcmyvfh,flipkart,EDSH4ZZGCGCMYVFH,789,,,,false,OOS,,,0,1299,1299
2026-06-11,BAU,PUNJABI JEERA 160ML,,flipkart,,219,,,,false,NOT_LISTED,,,0,360,
2026-06-11,BAU,QUINOA SEEDS 200G,,flipkart,,119,,,,false,NOT_LISTED,,,0,199,
2026-06-11,BAU,QUINOA SEEDS 400G,,flipkart,,179,,,,false,NOT_LISTED,,,0,299,
2026-06-11,BAU,QUINOA SEEDS 800G,,flipkart,,259,,,,false,NOT_LISTED,,,0,399,
2026-06-11,BAU,RICE BRAN 1L,edohf5ykx4kjregk,flipkart,EDOHF5YKX4KJREGK,199,225,225,225,true,ABOVE,26,13.07,0,285,285
2026-06-11,BAU,RICE BRAN 1L + 1L,edohbh2fp9es6gga,flipkart,EDOHBH2FP9ES6GGA,389,391,391,391,true,ABOVE,2,0.51,0,570,570
2026-06-11,BAU,RICE BRAN 4L,,flipkart,,759,,,,false,NOT_LISTED,,,0,1140,
2026-06-11,BAU,RICE BRAN 5L,edoh3yz46gfvhepb,flipkart,EDOH3YZ46GFVHEPB,959,1033,1033,1033,true,ABOVE,74,7.72,0,1425,1425
2026-06-11,BAU,ROSEMARY LEAVES 150 GMS,,flipkart,,179,,,,false,NOT_LISTED,,,0,499,
2026-06-11,BAU,SAFFRON 1GMS,scmhg4hdys45ycaz,flipkart,SCMHG4HDYS45YCAZ,449,,,,false,OOS,,,0,899,899
2026-06-11,BAU,SANO CANOLA 1L,edogvh5wwcxqnjhf,flipkart,EDOGVH5WWCXQNJHF,259,,,,false,OOS,,,0,475,475
2026-06-11,BAU,SANO CANOLA 5L,edogw3gwc36phwky,flipkart,EDOGW3GWC36PHWKY,1249,,,,false,OOS,,,0,1950,1950
2026-06-11,BAU,SANO CLASSIC 1L,edogvef33gyxkhew,flipkart,EDOGVEF33GYXKHEW,589,,,,false,OOS,,,0,1399,1299
2026-06-11,BAU,SANO CLASSIC 5L,edohagdyvqwt6gng,flipkart,EDOHAGDYVQWT6GNG,2709,,,,false,OOS,,,0,6499,
2026-06-11,BAU,SANO MUSTARD 1L,,flipkart,,209,,,,false,NOT_LISTED,,,0,235,
2026-06-11,BAU,SANO MUSTARD 5L,edogqthv2rjybfr9,flipkart,EDOGQTHV2RJYBFR9,999,,,,false,OOS,,,0,1200,1200
2026-06-11,BAU,SANO POMACE 1L,edogrrxuhzzhz2wz,flipkart,EDOGRRXUHZZHZ2WZ,419,387,387,387,true,BELOW,-32,-7.64,1,999,999
2026-06-11,BAU,SANO POMACE 5L,edogrsy3tnxgejpj,flipkart,EDOGRSY3TNXGEJPJ,2069,1813,1813,1813,true,BELOW,-256,-12.37,1,4499,4599
2026-06-11,BAU,SANO SOYABEAN 1L,,flipkart,,199,,,,false,NOT_LISTED,,,0,225,
2026-06-11,BAU,SANO SOYABEAN 5L,,flipkart,,949,,,,false,NOT_LISTED,,,0,1450,
2026-06-11,BAU,SANO SUNFLOWER 1L,edogqwu2jyazcgzm,flipkart,EDOGQWU2JYAZCGZM,219,,,,false,OOS,,,0,280,291
2026-06-11,BAU,SANO SUNFLOWER 5L,,flipkart,,1069,,,,false,NOT_LISTED,,,0,1475,
2026-06-11,BAU,SESAME 1L + 1L,,flipkart,,689,,,,false,NOT_LISTED,,,0,1200,
2026-06-11,BAU,SESAME OIL 1L,edohdgcrehez8kpz,flipkart,EDOHDGCREHEZ8KPZ,349,346,346,346,true,BELOW,-3,-0.86,1,600,600
2026-06-11,BAU,SO OLIVE 1L,edoh5he7fczjwtaw,flipkart,EDOH5HE7FCZJWTAW,289,237,237,237,true,BELOW,-52,-17.99,1,325,325
2026-06-11,BAU,SO OLIVE 1L + 1L,edohbh2urwdmhpxc,flipkart,EDOHBH2URWDMHPXC,569,563,563,563,true,BELOW,-6,-1.05,1,650,650
2026-06-11,BAU,SO OLIVE 5L,edoh5hehthkwthyy,flipkart,EDOH5HEHTHKWTHYY,1419,1364,1364,1364,true,BELOW,-55,-3.88,1,1625,1625
2026-06-11,BAU,SODA 750ML,,flipkart,,15,,,,false,NOT_LISTED,,,0,30,
2026-06-11,BAU,SODA LEMON 750ML,,flipkart,,45,,,,false,NOT_LISTED,,,0,55,
2026-06-11,BAU,SOYABEAN 1L,,flipkart,,209,,,,false,NOT_LISTED,,,0,225,
2026-06-11,BAU,SOYABEAN 1L + 1L,edoggpfz2fcj6uws,flipkart,EDOGGPFZ2FCJ6UWS,409,,,,false,OOS,,,0,1100,
2026-06-11,BAU,SOYABEAN 1L POUCH,,flipkart,,209,,,,false,NOT_LISTED,,,0,199,
2026-06-11,BAU,SOYABEAN 5L,edoggf7edc9pffhh,flipkart,EDOGGF7EDC9PFFHH,999,,,,false,OOS,,,0,1100,1100
2026-06-11,BAU,SPRING WATER 750ML,,flipkart,,50,,,,false,NOT_LISTED,,,0,55,
2026-06-11,BAU,SUNFLOWER 1L,qwrgemp4hbfd4gf3,flipkart,QWRGEMP4HBFD4GF3,229,,,,false,OOS,,,0,275,
2026-06-11,BAU,SUNFLOWER 1L + 1L,,flipkart,,449,,,,false,NOT_LISTED,,,0,550,
2026-06-11,BAU,SUNFLOWER 3L,edoghzsebqyya6zw,flipkart,EDOGHZSEBQYYA6ZW,679,,,,false,OOS,,,0,825,825
2026-06-11,BAU,SUNFLOWER 4L,edohgwsvungy8y3m,flipkart,EDOHGWSVUNGY8Y3M,909,,,,false,OOS,,,0,1038,1080
2026-06-11,BAU,SUNFLOWER 5L,edogdvfwgprvttms,flipkart,EDOGDVFWGPRVTTMS,1139,1204,1204,1204,true,ABOVE,65,5.71,0,1350,1350
2026-06-11,BAU,SUNFLOWER SEEDS 200G,edsh5avjzcsan5p3,flipkart,EDSH5AVJZCSAN5P3,139,,,,false,OOS,,,0,299,
2026-06-11,BAU,SUNFLOWER SEEDS 400G,edsh66rre84eyvhc,flipkart,EDSH66RRE84EYVHC,259,,,,false,OOS,,,0,499,
2026-06-11,BAU,SUNFLOWER SEEDS 800G,edsh63q3yyywhmuh,flipkart,EDSH63Q3YYYWHMUH,389,,,,false,OOS,,,0,899,899
2026-06-11,BAU,WG MANGO JUICE 500ML,,flipkart,,39,,,,false,NOT_LISTED,,,0,100,
2026-06-11,BAU,YELLOW MUSTARD 1L,edohdgdyauqswvqv,flipkart,EDOHDGDYAUQSWVQV,269,237,237,237,true,BELOW,-32,-11.9,1,375,340
2026-06-11,BAU,YELLOW MUSTARD 1L + 1L,edohnfqudf32jhzr,flipkart,EDOHNFQUDF32JHZR,529,572,572,572,true,ABOVE,43,8.13,0,750,790
2026-06-11,BAU,YELLOW MUSTARD 5L,,flipkart,,1329,,,,false,NOT_LISTED,,,0,2000,
2026-06-11,BAU,A2 GHEE 1L,,amazon-fresh,,1409,,,,false,NOT_LISTED,,,0,4000,
2026-06-11,BAU,A2 GHEE 500ML,,amazon-fresh,,759,,,,false,NOT_LISTED,,,0,2200,
2026-06-11,BAU,BASIL SEEDS 200G,,amazon-fresh,,79,,,,false,NOT_LISTED,,,0,349,
2026-06-11,BAU,BASIL SEEDS 400G,,amazon-fresh,,189,,,,false,NOT_LISTED,,,0,599,
2026-06-11,BAU,BASIL SEEDS 800G,,amazon-fresh,,349,,,,false,NOT_LISTED,,,0,1099,
2026-06-11,BAU,BLACK CARDAMOM 100G,,amazon-fresh,,289,,,,false,NOT_LISTED,,,0,549,
2026-06-11,BAU,BLACK OLIVE 470G,,amazon-fresh,,249,,,,false,NOT_LISTED,,,0,399,
2026-06-11,BAU,BLACK PEPPER 100G,,amazon-fresh,,145,,,,false,NOT_LISTED,,,0,399,
2026-06-11,BAU,CANOLA 1+1L,jivo-canola-cold-pressed-edible-oil-11-litres-1l,amazon-fresh,B0152TWWSQ,529,464,464,750,true,BELOW,-65,-12.29,16,750,750
2026-06-11,BAU,CANOLA 1L,jivo-canola-cold-pressed-edible-oil-1-litre-cooking-oil-for-daily-use-ideal-for-roasting-frying-baking-all-types-of-cuisines-1l,amazon-fresh,B09MJ6QDX7,269,261,248,269,true,BELOW,-8,-2.97,100,375,375
2026-06-11,BAU,CANOLA 1L + 1L,,amazon-fresh,,529,,,,false,NOT_LISTED,,,0,750,
2026-06-11,BAU,CANOLA 1L POUCH,,amazon-fresh,,269,,,,false,NOT_LISTED,,,0,299,
2026-06-11,BAU,CANOLA 3L,,amazon-fresh,,799,,,,false,NOT_LISTED,,,0,690,
2026-06-11,BAU,CANOLA 4L,,amazon-fresh,,1189,,,,false,NOT_LISTED,,,0,1199,
2026-06-11,BAU,CANOLA 5L,jivo-cold-pressed-canola-oil-5-litre-5l,amazon-fresh,B077ZN4G28,1299,1299,1193,1409,true,MATCH,0,0,39,1650,1650
2026-06-11,BAU,CHIA SEEDS 200G,,amazon-fresh,,99,,,,false,NOT_LISTED,,,0,299,
2026-06-11,BAU,CHIA SEEDS 400G,,amazon-fresh,,209,,,,false,NOT_LISTED,,,0,599,
2026-06-11,BAU,CHIA SEEDS 800G,,amazon-fresh,,349,,,,false,NOT_LISTED,,,0,899,
2026-06-11,BAU,CINNAMON BARK 100G,,amazon-fresh,,99,,,,false,NOT_LISTED,,,0,299,
2026-06-11,BAU,CLOVE 100G,,amazon-fresh,,249,,,,false,NOT_LISTED,,,0,280,
2026-06-11,BAU,COCONUT 1L,jivo-pure-extra-virgin-coconut-oil-1-litre-1l,amazon-fresh,B0BZ8K3DQP,559,559,559,700,true,MATCH,0,0,0,700,700
2026-06-11,BAU,COCONUT 200ML,,amazon-fresh,,149,,,,false,NOT_LISTED,,,0,285,
2026-06-11,BAU,COCONUT 500ML,jivo-pure-extra-virgin-coconut-oil-500-ml-500ml,amazon-fresh,B0CGN9Y3PT,289,289,289,289,true,MATCH,0,0,0,695,399
2026-06-11,BAU,COFFEE,,amazon-fresh,,249,,,,false,NOT_LISTED,,,0,350,
2026-06-11,BAU,CUMIN SEEDS 100G,,amazon-fresh,,75,,,,false,NOT_LISTED,,,0,249,
2026-06-11,BAU,EXTRA LIGHT 1+1L,,amazon-fresh,,1229,,,,false,NOT_LISTED,,,0,2798,
2026-06-11,BAU,EXTRA LIGHT 1L,jivo-extra-light-olive-oil-1-litre-1l,amazon-fresh,B09HZY97FR,619,499,499,619,true,BELOW,-120,-19.39,108,1499,1499
2026-06-11,BAU,EXTRA LIGHT 2L,jivo-extra-light-olive-oil-2-litre-2l,amazon-fresh,B09NXCPZW1,1229,1126,1010,1229,true,BELOW,-103,-8.38,108,2799,2799
2026-06-11,BAU,EXTRA LIGHT 3L,,amazon-fresh,,1849,,,,false,NOT_LISTED,,,0,2200,
2026-06-11,BAU,EXTRA LIGHT 500ML,,amazon-fresh,,349,,,,false,NOT_LISTED,,,0,499,
2026-06-11,BAU,EXTRA LIGHT 5L,,amazon-fresh,,3069,,,,false,NOT_LISTED,,,0,6499,
2026-06-11,BAU,EXTRA VIRGIN 1L,jivo-extra-virgin-olive-oil-1-litre-1l,amazon-fresh,B093BMGPQC,809,809,805,809,true,MATCH,0,0,28,1499,1799
2026-06-11,BAU,EXTRA VIRGIN 1L + 1L,,amazon-fresh,,1609,,,,false,NOT_LISTED,,,0,2998,
2026-06-11,BAU,EXTRA VIRGIN 200ML,,amazon-fresh,,199,,,,false,NOT_LISTED,,,0,350,
2026-06-11,BAU,EXTRA VIRGIN 250ML,,amazon-fresh,,219,,,,false,NOT_LISTED,,,0,450,
2026-06-11,BAU,EXTRA VIRGIN 2L,,amazon-fresh,,1619,,,,false,NOT_LISTED,,,0,2700,
2026-06-11,BAU,EXTRA VIRGIN 3L,,amazon-fresh,,2429,,,,false,NOT_LISTED,,,0,4000,
2026-06-11,BAU,EXTRA VIRGIN 500ML,,amazon-fresh,,419,,,,false,NOT_LISTED,,,0,675,
2026-06-11,BAU,EXTRA VIRGIN 5L,,amazon-fresh,,4039,,,,false,NOT_LISTED,,,0,7999,
2026-06-11,BAU,FLAX SEEDS 200G,,amazon-fresh,,99,,,,false,NOT_LISTED,,,0,249,
2026-06-11,BAU,FLAX SEEDS 400G,,amazon-fresh,,189,,,,false,NOT_LISTED,,,0,399,
2026-06-11,BAU,FLAX SEEDS 800G,,amazon-fresh,,369,,,,false,NOT_LISTED,,,0,750,
2026-06-11,BAU,GINGER ALE 200ML,,amazon-fresh,,49,,,,false,NOT_LISTED,,,0,100,
2026-06-11,BAU,GOLD 1+1,,amazon-fresh,,389,,,,false,NOT_LISTED,,,0,450,
2026-06-11,BAU,GOLD 1L,,amazon-fresh,,199,,,,false,NOT_LISTED,,,0,225,
2026-06-11,BAU,GOLD 5L,jivo-gold-refined-oil-perfect-blend-of-rice-bran-sunflower-oil-5l,amazon-fresh,B0C9Q1S6QG,989,930,930,930,true,BELOW,-59,-5.97,30,1049,1050
2026-06-11,BAU,GREEN CARDAMOM 100G,,amazon-fresh,,499,,,,false,NOT_LISTED,,,0,799,
2026-06-11,BAU,GROUNDNUT 1L,,amazon-fresh,,259,,,,false,NOT_LISTED,,,0,400,
2026-06-11,BAU,GROUNDNUT 5L,jivo-cold-pressed-groundnut-oil-5-litre-5l,amazon-fresh,B0CKFFGC31,1269,1269,1074,1269,true,MATCH,0,0,29,2800,2800
2026-06-11,BAU,JIVO POMACE 1L,jivo-daily-cooking-pomace-olive-oil-1-litre-1l,amazon-fresh,B0821DNF2W,439,379,379,387,true,BELOW,-60,-13.67,110,1049,1049
2026-06-11,BAU,JIVO POMACE 1L + 1L,,amazon-fresh,,869,,,,false,NOT_LISTED,,,0,2098,
2026-06-11,BAU,JIVO POMACE 2L,,amazon-fresh,,869,,,,false,NOT_LISTED,,,0,1600,
2026-06-11,BAU,JIVO POMACE 5L,jivo-pomace-olive-oil-5-litre-tin-for-everyday-cooking-5l,amazon-fresh,B07X53ZL6J,2169,1950,1926,2083,true,BELOW,-219,-10.1,87,4999,4999
2026-06-11,BAU,JIVO PUNJABI SHIKANJI 160 MLS,,amazon-fresh,,219,,,,false,NOT_LISTED,,,0,480,
2026-06-11,BAU,JIVO WATER 1L,,amazon-fresh,,20,,,,false,NOT_LISTED,,,0,30,
2026-06-11,BAU,JIVO WATER 250ML,,amazon-fresh,,119,,,,false,NOT_LISTED,,,0,360,
2026-06-11,BAU,JIVO WATER 500 MLS,,amazon-fresh,,12,,,,false,NOT_LISTED,,,0,15,
2026-06-11,BAU,MUSTARD 1L,jivo-cold-pressed-kachi-ghani-chemical-free-mustard-daily-cooking-oil-1-litre-1l,amazon-fresh,B09NYCSQLF,219,176,167,219,true,BELOW,-43,-19.63,90,255,255
2026-06-11,BAU,MUSTARD 1L + 1L,,amazon-fresh,,429,,,,false,NOT_LISTED,,,0,500,
2026-06-11,BAU,MUSTARD 1L POUCH,jivo-cold-pressed-kachi-ghani-chemical-free-mustard-daily-cooking-oil-1-litre-pouch-1l,amazon-fresh,B0DRYVRYYM,219,219,219,219,true,MATCH,0,0,0,250,
2026-06-11,BAU,MUSTARD 3L,,amazon-fresh,,629,,,,false,NOT_LISTED,,,0,765,
2026-06-11,BAU,MUSTARD 4L,,amazon-fresh,,839,,,,false,NOT_LISTED,,,0,1000,
2026-06-11,BAU,MUSTARD 5L,jivo-premium-cold-pressed-kachi-ghani-mustard-oil-5-litre-5l,amazon-fresh,B091XPD9J3,1049,985,985,1049,true,BELOW,-64,-6.1,121,1250,1250
2026-06-11,BAU,POMACE 3L,,amazon-fresh,,1309,,,,false,NOT_LISTED,,,0,3050,
2026-06-11,BAU,PUMPKIN SEEDS 200G,,amazon-fresh,,209,,,,false,NOT_LISTED,,,0,399,
2026-06-11,BAU,PUMPKIN SEEDS 400G,,amazon-fresh,,399,,,,false,NOT_LISTED,,,0,699,
2026-06-11,BAU,PUMPKIN SEEDS 800G,,amazon-fresh,,789,,,,false,NOT_LISTED,,,0,1299,
2026-06-11,BAU,PUNJABI JEERA 160ML,,amazon-fresh,,219,,,,false,NOT_LISTED,,,0,360,
2026-06-11,BAU,QUINOA SEEDS 200G,,amazon-fresh,,119,,,,false,NOT_LISTED,,,0,199,
2026-06-11,BAU,QUINOA SEEDS 400G,,amazon-fresh,,179,,,,false,NOT_LISTED,,,0,299,
2026-06-11,BAU,QUINOA SEEDS 800G,,amazon-fresh,,259,,,,false,NOT_LISTED,,,0,399,
2026-06-11,BAU,RICE BRAN 1L,jivo-rice-bran-oil-1-litre-cooking-oil-1l,amazon-fresh,B0DBHQ2QWW,199,199,178,199,true,MATCH,0,0,62,285,285
2026-06-11,BAU,RICE BRAN 1L + 1L,,amazon-fresh,,389,,,,false,NOT_LISTED,,,0,570,
2026-06-11,BAU,RICE BRAN 4L,,amazon-fresh,,759,,,,false,NOT_LISTED,,,0,1140,
2026-06-11,BAU,RICE BRAN 5L,jivo-rice-bran-oil-5-litre-5l,amazon-fresh,B0DBJ13FKL,959,959,909,989,true,MATCH,0,0,37,1425,1425
2026-06-11,BAU,ROSEMARY LEAVES 150 GMS,,amazon-fresh,,179,,,,false,NOT_LISTED,,,0,499,
2026-06-11,BAU,SAFFRON 1GMS,,amazon-fresh,,449,,,,false,NOT_LISTED,,,0,899,
2026-06-11,BAU,SANO CANOLA 1L,,amazon-fresh,,259,,,,false,NOT_LISTED,,,0,475,
2026-06-11,BAU,SANO CANOLA 5L,,amazon-fresh,,1249,,,,false,NOT_LISTED,,,0,1950,
2026-06-11,BAU,SANO CLASSIC 1L,,amazon-fresh,,589,,,,false,NOT_LISTED,,,0,1399,
2026-06-11,BAU,SANO CLASSIC 5L,,amazon-fresh,,2709,,,,false,NOT_LISTED,,,0,6499,
2026-06-11,BAU,SANO MUSTARD 1L,,amazon-fresh,,209,,,,false,NOT_LISTED,,,0,235,
2026-06-11,BAU,SANO MUSTARD 5L,,amazon-fresh,,999,,,,false,NOT_LISTED,,,0,1200,
2026-06-11,BAU,SANO POMACE 1L,,amazon-fresh,,419,,,,false,NOT_LISTED,,,0,999,
2026-06-11,BAU,SANO POMACE 5L,,amazon-fresh,,2069,,,,false,NOT_LISTED,,,0,4499,
2026-06-11,BAU,SANO SOYABEAN 1L,,amazon-fresh,,199,,,,false,NOT_LISTED,,,0,225,
2026-06-11,BAU,SANO SOYABEAN 5L,,amazon-fresh,,949,,,,false,NOT_LISTED,,,0,1450,
2026-06-11,BAU,SANO SUNFLOWER 1L,,amazon-fresh,,219,,,,false,NOT_LISTED,,,0,280,
2026-06-11,BAU,SANO SUNFLOWER 5L,,amazon-fresh,,1069,,,,false,NOT_LISTED,,,0,1475,
2026-06-11,BAU,SESAME 1L + 1L,,amazon-fresh,,689,,,,false,NOT_LISTED,,,0,1200,
2026-06-11,BAU,SESAME OIL 1L,,amazon-fresh,,349,,,,false,NOT_LISTED,,,0,600,
2026-06-11,BAU,SO OLIVE 1L,jivo-soolive-oil-1l-1l,amazon-fresh,B0DC6JR4F3,289,289,237,289,true,MATCH,0,0,3,325,325
2026-06-11,BAU,SO OLIVE 1L + 1L,,amazon-fresh,,569,,,,false,NOT_LISTED,,,0,650,
2026-06-11,BAU,SO OLIVE 5L,,amazon-fresh,,1419,,,,false,NOT_LISTED,,,0,1625,
2026-06-11,BAU,SODA 750ML,,amazon-fresh,,15,,,,false,NOT_LISTED,,,0,30,
2026-06-11,BAU,SODA LEMON 750ML,,amazon-fresh,,45,,,,false,NOT_LISTED,,,0,55,
2026-06-11,BAU,SOYABEAN 1L,jivo-cooking-edible-soyabean-oil-1-litre-1l,amazon-fresh,B0B6HNNL5B,209,209,199,225,true,MATCH,0,0,4,225,225
2026-06-11,BAU,SOYABEAN 1L + 1L,,amazon-fresh,,409,,,,false,NOT_LISTED,,,0,1100,
2026-06-11,BAU,SOYABEAN 1L POUCH,,amazon-fresh,,209,,,,false,NOT_LISTED,,,0,199,
2026-06-11,BAU,SOYABEAN 5L,,amazon-fresh,,999,,,,false,NOT_LISTED,,,0,1100,
2026-06-11,BAU,SPRING WATER 750ML,,amazon-fresh,,50,,,,false,NOT_LISTED,,,0,55,
2026-06-11,BAU,SUNFLOWER 1L,jivo-cold-pressed-unrefined-sunflower-oil-1-litre-1l,amazon-fresh,B0B4SJTNF2,229,186,177,207,true,BELOW,-43,-18.78,64,275,275
2026-06-11,BAU,SUNFLOWER 1L + 1L,,amazon-fresh,,449,,,,false,NOT_LISTED,,,0,550,
2026-06-11,BAU,SUNFLOWER 3L,,amazon-fresh,,679,,,,false,NOT_LISTED,,,0,825,
2026-06-11,BAU,SUNFLOWER 4L,,amazon-fresh,,909,,,,false,NOT_LISTED,,,0,1038,
2026-06-11,BAU,SUNFLOWER 5L,jivo-cold-pressed-unrefined-sunflower-oil-5-litres-5l,amazon-fresh,B0991VMDB1,1139,1139,1139,1139,true,MATCH,0,0,0,1350,1350
2026-06-11,BAU,SUNFLOWER SEEDS 200G,,amazon-fresh,,139,,,,false,NOT_LISTED,,,0,299,
2026-06-11,BAU,SUNFLOWER SEEDS 400G,,amazon-fresh,,259,,,,false,NOT_LISTED,,,0,499,
2026-06-11,BAU,SUNFLOWER SEEDS 800G,,amazon-fresh,,389,,,,false,NOT_LISTED,,,0,899,
2026-06-11,BAU,WG MANGO JUICE 500ML,,amazon-fresh,,39,,,,false,NOT_LISTED,,,0,100,
2026-06-11,BAU,YELLOW MUSTARD 1L,jivo-first-pressed-yellow-mustard-oil-1-litre-1l,amazon-fresh,B0FF9P7XVX,269,237,237,237,true,BELOW,-32,-11.9,9,375,355
2026-06-11,BAU,YELLOW MUSTARD 1L + 1L,,amazon-fresh,,529,,,,false,NOT_LISTED,,,0,750,
2026-06-11,BAU,YELLOW MUSTARD 5L,,amazon-fresh,,1329,,,,false,NOT_LISTED,,,0,2000,
2026-06-11,BAU,A2 GHEE 1L,,amazon-now,,1409,,,,false,NOT_LISTED,,,0,4000,
2026-06-11,BAU,A2 GHEE 500ML,,amazon-now,,759,,,,false,NOT_LISTED,,,0,2200,
2026-06-11,BAU,BASIL SEEDS 200G,,amazon-now,,79,,,,false,NOT_LISTED,,,0,349,
2026-06-11,BAU,BASIL SEEDS 400G,,amazon-now,,189,,,,false,NOT_LISTED,,,0,599,
2026-06-11,BAU,BASIL SEEDS 800G,,amazon-now,,349,,,,false,NOT_LISTED,,,0,1099,
2026-06-11,BAU,BLACK CARDAMOM 100G,,amazon-now,,289,,,,false,NOT_LISTED,,,0,549,
2026-06-11,BAU,BLACK OLIVE 470G,,amazon-now,,249,,,,false,NOT_LISTED,,,0,399,
2026-06-11,BAU,BLACK PEPPER 100G,,amazon-now,,145,,,,false,NOT_LISTED,,,0,399,
2026-06-11,BAU,CANOLA 1+1L,jivo-canola-cold-pressed-edible-oil-11-litres-1l,amazon-now,B0152TWWSQ,529,464,464,750,true,BELOW,-65,-12.29,16,750,750
2026-06-11,BAU,CANOLA 1L,jivo-canola-cold-pressed-edible-oil-1-litre-cooking-oil-for-daily-use-ideal-for-roasting-frying-baking-all-types-of-cuisines-1l,amazon-now,B09MJ6QDX7,269,261,257,269,true,BELOW,-8,-2.97,69,375,375
2026-06-11,BAU,CANOLA 1L + 1L,,amazon-now,,529,,,,false,NOT_LISTED,,,0,750,
2026-06-11,BAU,CANOLA 1L POUCH,,amazon-now,,269,,,,false,NOT_LISTED,,,0,299,
2026-06-11,BAU,CANOLA 3L,,amazon-now,,799,,,,false,NOT_LISTED,,,0,690,
2026-06-11,BAU,CANOLA 4L,,amazon-now,,1189,,,,false,NOT_LISTED,,,0,1199,
2026-06-11,BAU,CANOLA 5L,jivo-cold-pressed-canola-oil-5-litre-5l,amazon-now,B077ZN4G28,1299,1299,1193,1299,true,MATCH,0,0,31,1650,1650
2026-06-11,BAU,CHIA SEEDS 200G,,amazon-now,,99,,,,false,NOT_LISTED,,,0,299,
2026-06-11,BAU,CHIA SEEDS 400G,,amazon-now,,209,,,,false,NOT_LISTED,,,0,599,
2026-06-11,BAU,CHIA SEEDS 800G,,amazon-now,,349,,,,false,NOT_LISTED,,,0,899,
2026-06-11,BAU,CINNAMON BARK 100G,,amazon-now,,99,,,,false,NOT_LISTED,,,0,299,
2026-06-11,BAU,CLOVE 100G,,amazon-now,,249,,,,false,NOT_LISTED,,,0,280,
2026-06-11,BAU,COCONUT 1L,jivo-pure-extra-virgin-coconut-oil-1-litre-1l,amazon-now,B0BZ8K3DQP,559,559,559,559,true,MATCH,0,0,0,700,700
2026-06-11,BAU,COCONUT 200ML,,amazon-now,,149,,,,false,NOT_LISTED,,,0,285,
2026-06-11,BAU,COCONUT 500ML,,amazon-now,,289,,,,false,NOT_LISTED,,,0,695,
2026-06-11,BAU,COFFEE,,amazon-now,,249,,,,false,NOT_LISTED,,,0,350,
2026-06-11,BAU,CUMIN SEEDS 100G,,amazon-now,,75,,,,false,NOT_LISTED,,,0,249,
2026-06-11,BAU,EXTRA LIGHT 1+1L,,amazon-now,,1229,,,,false,NOT_LISTED,,,0,2798,
2026-06-11,BAU,EXTRA LIGHT 1L,jivo-extra-light-olive-oil-1-litre-1l,amazon-now,B09HZY97FR,619,499,499,619,true,BELOW,-120,-19.39,76,1499,1499
2026-06-11,BAU,EXTRA LIGHT 2L,jivo-extra-light-olive-oil-2-litre-2l,amazon-now,B09NXCPZW1,1229,1126,1126,1229,true,BELOW,-103,-8.38,78,2799,2799
2026-06-11,BAU,EXTRA LIGHT 3L,,amazon-now,,1849,,,,false,NOT_LISTED,,,0,2200,
2026-06-11,BAU,EXTRA LIGHT 500ML,,amazon-now,,349,,,,false,NOT_LISTED,,,0,499,
2026-06-11,BAU,EXTRA LIGHT 5L,,amazon-now,,3069,,,,false,NOT_LISTED,,,0,6499,
2026-06-11,BAU,EXTRA VIRGIN 1L,jivo-extra-virgin-olive-oil-1-litre-1l,amazon-now,B093BMGPQC,809,809,805,809,true,MATCH,0,0,18,1499,1799
2026-06-11,BAU,EXTRA VIRGIN 1L + 1L,,amazon-now,,1609,,,,false,NOT_LISTED,,,0,2998,
2026-06-11,BAU,EXTRA VIRGIN 200ML,,amazon-now,,199,,,,false,NOT_LISTED,,,0,350,
2026-06-11,BAU,EXTRA VIRGIN 250ML,,amazon-now,,219,,,,false,NOT_LISTED,,,0,450,
2026-06-11,BAU,EXTRA VIRGIN 2L,,amazon-now,,1619,,,,false,NOT_LISTED,,,0,2700,
2026-06-11,BAU,EXTRA VIRGIN 3L,,amazon-now,,2429,,,,false,NOT_LISTED,,,0,4000,
2026-06-11,BAU,EXTRA VIRGIN 500ML,,amazon-now,,419,,,,false,NOT_LISTED,,,0,675,
2026-06-11,BAU,EXTRA VIRGIN 5L,,amazon-now,,4039,,,,false,NOT_LISTED,,,0,7999,
2026-06-11,BAU,FLAX SEEDS 200G,,amazon-now,,99,,,,false,NOT_LISTED,,,0,249,
2026-06-11,BAU,FLAX SEEDS 400G,,amazon-now,,189,,,,false,NOT_LISTED,,,0,399,
2026-06-11,BAU,FLAX SEEDS 800G,,amazon-now,,369,,,,false,NOT_LISTED,,,0,750,
2026-06-11,BAU,GINGER ALE 200ML,,amazon-now,,49,,,,false,NOT_LISTED,,,0,100,
2026-06-11,BAU,GOLD 1+1,,amazon-now,,389,,,,false,NOT_LISTED,,,0,450,
2026-06-11,BAU,GOLD 1L,,amazon-now,,199,,,,false,NOT_LISTED,,,0,225,
2026-06-11,BAU,GOLD 5L,jivo-gold-refined-oil-perfect-blend-of-rice-bran-sunflower-oil-5l,amazon-now,B0C9Q1S6QG,989,930,930,930,true,BELOW,-59,-5.97,13,1049,1050
2026-06-11,BAU,GREEN CARDAMOM 100G,,amazon-now,,499,,,,false,NOT_LISTED,,,0,799,
2026-06-11,BAU,GROUNDNUT 1L,jivo-cold-pressed-groundnut-oil-1-litre-1l,amazon-now,B0CKFFW9B6,259,193,193,202,true,BELOW,-66,-25.48,17,400,560
2026-06-11,BAU,GROUNDNUT 5L,jivo-cold-pressed-groundnut-oil-5-litre-5l,amazon-now,B0CKFFGC31,1269,1269,1269,1269,true,MATCH,0,0,0,2800,2800
2026-06-11,BAU,JIVO POMACE 1L,jivo-daily-cooking-pomace-olive-oil-1-litre-1l,amazon-now,B0821DNF2W,439,379,379,387,true,BELOW,-60,-13.67,82,1049,1049
2026-06-11,BAU,JIVO POMACE 1L + 1L,,amazon-now,,869,,,,false,NOT_LISTED,,,0,2098,
2026-06-11,BAU,JIVO POMACE 2L,,amazon-now,,869,,,,false,NOT_LISTED,,,0,1600,
2026-06-11,BAU,JIVO POMACE 5L,jivo-pomace-olive-oil-5-litre-tin-for-everyday-cooking-5l,amazon-now,B07X53ZL6J,2169,1950,1926,1996,true,BELOW,-219,-10.1,72,4999,4999
2026-06-11,BAU,JIVO PUNJABI SHIKANJI 160 MLS,,amazon-now,,219,,,,false,NOT_LISTED,,,0,480,
2026-06-11,BAU,JIVO WATER 1L,,amazon-now,,20,,,,false,NOT_LISTED,,,0,30,
2026-06-11,BAU,JIVO WATER 250ML,,amazon-now,,119,,,,false,NOT_LISTED,,,0,360,
2026-06-11,BAU,JIVO WATER 500 MLS,,amazon-now,,12,,,,false,NOT_LISTED,,,0,15,
2026-06-11,BAU,MUSTARD 1L,jivo-cold-pressed-kachi-ghani-chemical-free-mustard-daily-cooking-oil-1-litre-1l,amazon-now,B09NYCSQLF,219,167,167,186,true,BELOW,-52,-23.74,78,255,255
2026-06-11,BAU,MUSTARD 1L + 1L,,amazon-now,,429,,,,false,NOT_LISTED,,,0,500,
2026-06-11,BAU,MUSTARD 1L POUCH,,amazon-now,,219,,,,false,NOT_LISTED,,,0,250,
2026-06-11,BAU,MUSTARD 3L,,amazon-now,,629,,,,false,NOT_LISTED,,,0,765,
2026-06-11,BAU,MUSTARD 4L,,amazon-now,,839,,,,false,NOT_LISTED,,,0,1000,
2026-06-11,BAU,MUSTARD 5L,jivo-premium-cold-pressed-kachi-ghani-mustard-oil-5-litre-5l,amazon-now,B091XPD9J3,1049,985,985,1049,true,BELOW,-64,-6.1,69,1250,1250
2026-06-11,BAU,POMACE 3L,,amazon-now,,1309,,,,false,NOT_LISTED,,,0,3050,
2026-06-11,BAU,PUMPKIN SEEDS 200G,,amazon-now,,209,,,,false,NOT_LISTED,,,0,399,
2026-06-11,BAU,PUMPKIN SEEDS 400G,,amazon-now,,399,,,,false,NOT_LISTED,,,0,699,
2026-06-11,BAU,PUMPKIN SEEDS 800G,,amazon-now,,789,,,,false,NOT_LISTED,,,0,1299,
2026-06-11,BAU,PUNJABI JEERA 160ML,,amazon-now,,219,,,,false,NOT_LISTED,,,0,360,
2026-06-11,BAU,QUINOA SEEDS 200G,,amazon-now,,119,,,,false,NOT_LISTED,,,0,199,
2026-06-11,BAU,QUINOA SEEDS 400G,,amazon-now,,179,,,,false,NOT_LISTED,,,0,299,
2026-06-11,BAU,QUINOA SEEDS 800G,,amazon-now,,259,,,,false,NOT_LISTED,,,0,399,
2026-06-11,BAU,RICE BRAN 1L,jivo-rice-bran-oil-1-litre-cooking-oil-1l,amazon-now,B0DBHQ2QWW,199,199,178,199,true,MATCH,0,0,48,285,285
2026-06-11,BAU,RICE BRAN 1L + 1L,,amazon-now,,389,,,,false,NOT_LISTED,,,0,570,
2026-06-11,BAU,RICE BRAN 4L,,amazon-now,,759,,,,false,NOT_LISTED,,,0,1140,
2026-06-11,BAU,RICE BRAN 5L,jivo-rice-bran-oil-5-litre-5l,amazon-now,B0DBJ13FKL,959,940,909,959,true,BELOW,-19,-1.98,16,1425,1425
2026-06-11,BAU,ROSEMARY LEAVES 150 GMS,,amazon-now,,179,,,,false,NOT_LISTED,,,0,499,
2026-06-11,BAU,SAFFRON 1GMS,,amazon-now,,449,,,,false,NOT_LISTED,,,0,899,
2026-06-11,BAU,SANO CANOLA 1L,,amazon-now,,259,,,,false,NOT_LISTED,,,0,475,
2026-06-11,BAU,SANO CANOLA 5L,,amazon-now,,1249,,,,false,NOT_LISTED,,,0,1950,
2026-06-11,BAU,SANO CLASSIC 1L,,amazon-now,,589,,,,false,NOT_LISTED,,,0,1399,
2026-06-11,BAU,SANO CLASSIC 5L,,amazon-now,,2709,,,,false,NOT_LISTED,,,0,6499,
2026-06-11,BAU,SANO MUSTARD 1L,,amazon-now,,209,,,,false,NOT_LISTED,,,0,235,
2026-06-11,BAU,SANO MUSTARD 5L,,amazon-now,,999,,,,false,NOT_LISTED,,,0,1200,
2026-06-11,BAU,SANO POMACE 1L,,amazon-now,,419,,,,false,NOT_LISTED,,,0,999,
2026-06-11,BAU,SANO POMACE 5L,,amazon-now,,2069,,,,false,NOT_LISTED,,,0,4499,
2026-06-11,BAU,SANO SOYABEAN 1L,,amazon-now,,199,,,,false,NOT_LISTED,,,0,225,
2026-06-11,BAU,SANO SOYABEAN 5L,,amazon-now,,949,,,,false,NOT_LISTED,,,0,1450,
2026-06-11,BAU,SANO SUNFLOWER 1L,,amazon-now,,219,,,,false,NOT_LISTED,,,0,280,
2026-06-11,BAU,SANO SUNFLOWER 5L,,amazon-now,,1069,,,,false,NOT_LISTED,,,0,1475,
2026-06-11,BAU,SESAME 1L + 1L,,amazon-now,,689,,,,false,NOT_LISTED,,,0,1200,
2026-06-11,BAU,SESAME OIL 1L,,amazon-now,,349,,,,false,NOT_LISTED,,,0,600,
2026-06-11,BAU,SO OLIVE 1L,,amazon-now,,289,,,,false,NOT_LISTED,,,0,325,
2026-06-11,BAU,SO OLIVE 1L + 1L,,amazon-now,,569,,,,false,NOT_LISTED,,,0,650,
2026-06-11,BAU,SO OLIVE 5L,,amazon-now,,1419,,,,false,NOT_LISTED,,,0,1625,
2026-06-11,BAU,SODA 750ML,,amazon-now,,15,,,,false,NOT_LISTED,,,0,30,
2026-06-11,BAU,SODA LEMON 750ML,,amazon-now,,45,,,,false,NOT_LISTED,,,0,55,
2026-06-11,BAU,SOYABEAN 1L,jivo-cooking-edible-soyabean-oil-1-litre-1l,amazon-now,B0B6HNNL5B,209,209,199,225,true,MATCH,0,0,4,225,225
2026-06-11,BAU,SOYABEAN 1L + 1L,,amazon-now,,409,,,,false,NOT_LISTED,,,0,1100,
2026-06-11,BAU,SOYABEAN 1L POUCH,,amazon-now,,209,,,,false,NOT_LISTED,,,0,199,
2026-06-11,BAU,SOYABEAN 5L,,amazon-now,,999,,,,false,NOT_LISTED,,,0,1100,
2026-06-11,BAU,SPRING WATER 750ML,,amazon-now,,50,,,,false,NOT_LISTED,,,0,55,
2026-06-11,BAU,SUNFLOWER 1L,jivo-cold-pressed-unrefined-sunflower-oil-1-litre-1l,amazon-now,B0B4SJTNF2,229,186,177,195,true,BELOW,-43,-18.78,52,275,275
2026-06-11,BAU,SUNFLOWER 1L + 1L,,amazon-now,,449,,,,false,NOT_LISTED,,,0,550,
2026-06-11,BAU,SUNFLOWER 3L,,amazon-now,,679,,,,false,NOT_LISTED,,,0,825,
2026-06-11,BAU,SUNFLOWER 4L,,amazon-now,,909,,,,false,NOT_LISTED,,,0,1038,
2026-06-11,BAU,SUNFLOWER 5L,jivo-cold-pressed-unrefined-sunflower-oil-5-litres-5l,amazon-now,B0991VMDB1,1139,1139,1139,1139,true,MATCH,0,0,0,1350,1350
2026-06-11,BAU,SUNFLOWER SEEDS 200G,,amazon-now,,139,,,,false,NOT_LISTED,,,0,299,
2026-06-11,BAU,SUNFLOWER SEEDS 400G,,amazon-now,,259,,,,false,NOT_LISTED,,,0,499,
2026-06-11,BAU,SUNFLOWER SEEDS 800G,,amazon-now,,389,,,,false,NOT_LISTED,,,0,899,
2026-06-11,BAU,WG MANGO JUICE 500ML,jivo-healthy-wheatgrass-juice-with-mango-flavor-500ml,amazon-now,B0DM2G4YCC,39,39,39,39,true,MATCH,0,0,0,100,55
2026-06-11,BAU,YELLOW MUSTARD 1L,jivo-first-pressed-yellow-mustard-oil-1-litre-1l,amazon-now,B0FF9P7XVX,269,237,237,237,true,BELOW,-32,-11.9,9,375,355
2026-06-11,BAU,YELLOW MUSTARD 1L + 1L,,amazon-now,,529,,,,false,NOT_LISTED,,,0,750,
2026-06-11,BAU,YELLOW MUSTARD 5L,,amazon-now,,1329,,,,false,NOT_LISTED,,,0,2000,
2026-06-11,BAU,A2 GHEE 1L,,flipkart-minutes,,1409,,,,false,NOT_LISTED,,,0,4000,
2026-06-11,BAU,A2 GHEE 500ML,,flipkart-minutes,,759,,,,false,NOT_LISTED,,,0,2200,
2026-06-11,BAU,BASIL SEEDS 200G,,flipkart-minutes,,79,,,,false,NOT_LISTED,,,0,349,
2026-06-11,BAU,BASIL SEEDS 400G,,flipkart-minutes,,189,,,,false,NOT_LISTED,,,0,599,
2026-06-11,BAU,BASIL SEEDS 800G,,flipkart-minutes,,349,,,,false,NOT_LISTED,,,0,1099,
2026-06-11,BAU,BLACK CARDAMOM 100G,,flipkart-minutes,,289,,,,false,NOT_LISTED,,,0,549,
2026-06-11,BAU,BLACK OLIVE 470G,,flipkart-minutes,,249,,,,false,NOT_LISTED,,,0,399,
2026-06-11,BAU,BLACK PEPPER 100G,,flipkart-minutes,,145,,,,false,NOT_LISTED,,,0,399,
2026-06-11,BAU,CANOLA 1+1L,jivo-cold-press-combo-canola-oil-plastic-bottle-2l,flipkart-minutes,EDOF25FJGBH5EDS3,529,575,575,575,true,ABOVE,46,8.7,0,750,
2026-06-11,BAU,CANOLA 1L,jivo-cold-press-canola-oil-plastic-bottle-1l,flipkart-minutes,EDOG9BP8GEWFW9XC,269,258,241,271,true,BELOW,-11,-4.09,40,375,375
2026-06-11,BAU,CANOLA 1L + 1L,,flipkart-minutes,,529,,,,false,NOT_LISTED,,,0,750,
2026-06-11,BAU,CANOLA 1L POUCH,,flipkart-minutes,,269,,,,false,NOT_LISTED,,,0,299,
2026-06-11,BAU,CANOLA 3L,,flipkart-minutes,,799,,,,false,NOT_LISTED,,,0,690,
2026-06-11,BAU,CANOLA 4L,,flipkart-minutes,,1189,,,,false,NOT_LISTED,,,0,1199,
2026-06-11,BAU,CANOLA 5L,,flipkart-minutes,,1299,,,,false,NOT_LISTED,,,0,1650,
2026-06-11,BAU,CHIA SEEDS 200G,,flipkart-minutes,,99,,,,false,NOT_LISTED,,,0,299,
2026-06-11,BAU,CHIA SEEDS 400G,,flipkart-minutes,,209,,,,false,NOT_LISTED,,,0,599,
2026-06-11,BAU,CHIA SEEDS 800G,,flipkart-minutes,,349,,,,false,NOT_LISTED,,,0,899,
2026-06-11,BAU,CINNAMON BARK 100G,,flipkart-minutes,,99,,,,false,NOT_LISTED,,,0,299,
2026-06-11,BAU,CLOVE 100G,,flipkart-minutes,,249,,,,false,NOT_LISTED,,,0,280,
2026-06-11,BAU,COCONUT 1L,,flipkart-minutes,,559,,,,false,NOT_LISTED,,,0,700,
2026-06-11,BAU,COCONUT 200ML,,flipkart-minutes,,149,,,,false,NOT_LISTED,,,0,285,
2026-06-11,BAU,COCONUT 500ML,,flipkart-minutes,,289,,,,false,NOT_LISTED,,,0,695,
2026-06-11,BAU,COFFEE,,flipkart-minutes,,249,,,,false,NOT_LISTED,,,0,350,
2026-06-11,BAU,CUMIN SEEDS 100G,,flipkart-minutes,,75,,,,false,NOT_LISTED,,,0,249,
2026-06-11,BAU,EXTRA LIGHT 1+1L,,flipkart-minutes,,1229,,,,false,NOT_LISTED,,,0,2798,
2026-06-11,BAU,EXTRA LIGHT 1L,,flipkart-minutes,,619,,,,false,NOT_LISTED,,,0,1499,
2026-06-11,BAU,EXTRA LIGHT 2L,jivo-extra-light-olive-oil-can-2l,flipkart-minutes,EDOGHZTJZEYQJGME,1229,1903,1903,2084,true,ABOVE,674,54.84,0,2799,2799
2026-06-11,BAU,EXTRA LIGHT 3L,,flipkart-minutes,,1849,,,,false,NOT_LISTED,,,0,2200,
2026-06-11,BAU,EXTRA LIGHT 500ML,,flipkart-minutes,,349,,,,false,NOT_LISTED,,,0,499,
2026-06-11,BAU,EXTRA LIGHT 5L,,flipkart-minutes,,3069,,,,false,NOT_LISTED,,,0,6499,
2026-06-11,BAU,EXTRA VIRGIN 1L,,flipkart-minutes,,809,,,,false,NOT_LISTED,,,0,1499,
2026-06-11,BAU,EXTRA VIRGIN 1L + 1L,,flipkart-minutes,,1609,,,,false,NOT_LISTED,,,0,2998,
2026-06-11,BAU,EXTRA VIRGIN 200ML,,flipkart-minutes,,199,,,,false,NOT_LISTED,,,0,350,
2026-06-11,BAU,EXTRA VIRGIN 250ML,,flipkart-minutes,,219,,,,false,NOT_LISTED,,,0,450,
2026-06-11,BAU,EXTRA VIRGIN 2L,,flipkart-minutes,,1619,,,,false,NOT_LISTED,,,0,2700,
2026-06-11,BAU,EXTRA VIRGIN 3L,,flipkart-minutes,,2429,,,,false,NOT_LISTED,,,0,4000,
2026-06-11,BAU,EXTRA VIRGIN 500ML,,flipkart-minutes,,419,,,,false,NOT_LISTED,,,0,675,
2026-06-11,BAU,EXTRA VIRGIN 5L,,flipkart-minutes,,4039,,,,false,NOT_LISTED,,,0,7999,
2026-06-11,BAU,FLAX SEEDS 200G,,flipkart-minutes,,99,,,,false,NOT_LISTED,,,0,249,
2026-06-11,BAU,FLAX SEEDS 400G,,flipkart-minutes,,189,,,,false,NOT_LISTED,,,0,399,
2026-06-11,BAU,FLAX SEEDS 800G,,flipkart-minutes,,369,,,,false,NOT_LISTED,,,0,750,
2026-06-11,BAU,GINGER ALE 200ML,,flipkart-minutes,,49,,,,false,NOT_LISTED,,,0,100,
2026-06-11,BAU,GOLD 1+1,,flipkart-minutes,,389,,,,false,NOT_LISTED,,,0,450,
2026-06-11,BAU,GOLD 1L,,flipkart-minutes,,199,,,,false,NOT_LISTED,,,0,225,
2026-06-11,BAU,GOLD 5L,,flipkart-minutes,,989,,,,false,NOT_LISTED,,,0,1049,
2026-06-11,BAU,GREEN CARDAMOM 100G,,flipkart-minutes,,499,,,,false,NOT_LISTED,,,0,799,
2026-06-11,BAU,GROUNDNUT 1L,,flipkart-minutes,,259,,,,false,NOT_LISTED,,,0,400,
2026-06-11,BAU,GROUNDNUT 5L,,flipkart-minutes,,1269,,,,false,NOT_LISTED,,,0,2800,
2026-06-11,BAU,JIVO POMACE 1L,jivo-pomace-olive-oil-plastic-bottle-1l,flipkart-minutes,EDOFTHNH4YZ7GDHS,439,379,379,405,true,BELOW,-60,-13.67,8,1049,1049
2026-06-11,BAU,JIVO POMACE 1L + 1L,,flipkart-minutes,,869,,,,false,NOT_LISTED,,,0,2098,
2026-06-11,BAU,JIVO POMACE 2L,,flipkart-minutes,,869,,,,false,NOT_LISTED,,,0,1600,
2026-06-11,BAU,JIVO POMACE 5L,jivo-pomace-olive-oil-tin-5l,flipkart-minutes,EDOFTHNH3T8PATGW,2169,2049,2049,2049,true,BELOW,-120,-5.53,8,4999,4999
2026-06-11,BAU,JIVO PUNJABI SHIKANJI 160 MLS,,flipkart-minutes,,219,,,,false,NOT_LISTED,,,0,480,
2026-06-11,BAU,JIVO WATER 1L,jivo-mineral-water-1l,flipkart-minutes,WERH9M3VYW6X5KSX,20,24,24,24,true,ABOVE,4,20,0,30,30
2026-06-11,BAU,JIVO WATER 250ML,,flipkart-minutes,,119,,,,false,NOT_LISTED,,,0,360,
2026-06-11,BAU,JIVO WATER 500 MLS,,flipkart-minutes,,12,,,,false,NOT_LISTED,,,0,15,
2026-06-11,BAU,MUSTARD 1L,jivo-cold-pressed-pure-cooking-mustard-oil-plastic-bottle-1l,flipkart-minutes,EDOGDVWYGJNDYRQP,219,179,179,186,true,BELOW,-40,-18.26,46,255,255
2026-06-11,BAU,MUSTARD 1L + 1L,,flipkart-minutes,,429,,,,false,NOT_LISTED,,,0,500,
2026-06-11,BAU,MUSTARD 1L POUCH,,flipkart-minutes,,219,,,,false,NOT_LISTED,,,0,250,
2026-06-11,BAU,MUSTARD 3L,,flipkart-minutes,,629,,,,false,NOT_LISTED,,,0,765,
2026-06-11,BAU,MUSTARD 4L,,flipkart-minutes,EDOHAUNQSDFDYPFC,839,,,,false,OOS,,,0,1000,
2026-06-11,BAU,MUSTARD 5L,jivo-cold-pressed-pure-cooking-mustard-oil-can-5l,flipkart-minutes,EDOGDVWEUPPWVGED,1049,985,985,985,true,BELOW,-64,-6.1,24,1250,1250
2026-06-11,BAU,POMACE 3L,,flipkart-minutes,,1309,,,,false,NOT_LISTED,,,0,3050,
2026-06-11,BAU,PUMPKIN SEEDS 200G,,flipkart-minutes,,209,,,,false,NOT_LISTED,,,0,399,
2026-06-11,BAU,PUMPKIN SEEDS 400G,,flipkart-minutes,,399,,,,false,NOT_LISTED,,,0,699,
2026-06-11,BAU,PUMPKIN SEEDS 800G,,flipkart-minutes,,789,,,,false,NOT_LISTED,,,0,1299,
2026-06-11,BAU,PUNJABI JEERA 160ML,,flipkart-minutes,,219,,,,false,NOT_LISTED,,,0,360,
2026-06-11,BAU,QUINOA SEEDS 200G,,flipkart-minutes,,119,,,,false,NOT_LISTED,,,0,199,
2026-06-11,BAU,QUINOA SEEDS 400G,,flipkart-minutes,,179,,,,false,NOT_LISTED,,,0,299,
2026-06-11,BAU,QUINOA SEEDS 800G,,flipkart-minutes,,259,,,,false,NOT_LISTED,,,0,399,
2026-06-11,BAU,RICE BRAN 1L,,flipkart-minutes,,199,,,,false,NOT_LISTED,,,0,285,
2026-06-11,BAU,RICE BRAN 1L + 1L,,flipkart-minutes,,389,,,,false,NOT_LISTED,,,0,570,
2026-06-11,BAU,RICE BRAN 4L,,flipkart-minutes,,759,,,,false,NOT_LISTED,,,0,1140,
2026-06-11,BAU,RICE BRAN 5L,,flipkart-minutes,,959,,,,false,NOT_LISTED,,,0,1425,
2026-06-11,BAU,ROSEMARY LEAVES 150 GMS,,flipkart-minutes,,179,,,,false,NOT_LISTED,,,0,499,
2026-06-11,BAU,SAFFRON 1GMS,,flipkart-minutes,,449,,,,false,NOT_LISTED,,,0,899,
2026-06-11,BAU,SANO CANOLA 1L,,flipkart-minutes,,259,,,,false,NOT_LISTED,,,0,475,
2026-06-11,BAU,SANO CANOLA 5L,,flipkart-minutes,,1249,,,,false,NOT_LISTED,,,0,1950,
2026-06-11,BAU,SANO CLASSIC 1L,,flipkart-minutes,,589,,,,false,NOT_LISTED,,,0,1399,
2026-06-11,BAU,SANO CLASSIC 5L,,flipkart-minutes,,2709,,,,false,NOT_LISTED,,,0,6499,
2026-06-11,BAU,SANO MUSTARD 1L,,flipkart-minutes,,209,,,,false,NOT_LISTED,,,0,235,
2026-06-11,BAU,SANO MUSTARD 5L,,flipkart-minutes,,999,,,,false,NOT_LISTED,,,0,1200,
2026-06-11,BAU,SANO POMACE 1L,,flipkart-minutes,,419,,,,false,NOT_LISTED,,,0,999,
2026-06-11,BAU,SANO POMACE 5L,,flipkart-minutes,,2069,,,,false,NOT_LISTED,,,0,4499,
2026-06-11,BAU,SANO SOYABEAN 1L,,flipkart-minutes,,199,,,,false,NOT_LISTED,,,0,225,
2026-06-11,BAU,SANO SOYABEAN 5L,,flipkart-minutes,,949,,,,false,NOT_LISTED,,,0,1450,
2026-06-11,BAU,SANO SUNFLOWER 1L,,flipkart-minutes,,219,,,,false,NOT_LISTED,,,0,280,
2026-06-11,BAU,SANO SUNFLOWER 5L,,flipkart-minutes,,1069,,,,false,NOT_LISTED,,,0,1475,
2026-06-11,BAU,SESAME 1L + 1L,,flipkart-minutes,,689,,,,false,NOT_LISTED,,,0,1200,
2026-06-11,BAU,SESAME OIL 1L,,flipkart-minutes,,349,,,,false,NOT_LISTED,,,0,600,
2026-06-11,BAU,SO OLIVE 1L,,flipkart-minutes,,289,,,,false,NOT_LISTED,,,0,325,
2026-06-11,BAU,SO OLIVE 1L + 1L,,flipkart-minutes,,569,,,,false,NOT_LISTED,,,0,650,
2026-06-11,BAU,SO OLIVE 5L,,flipkart-minutes,,1419,,,,false,NOT_LISTED,,,0,1625,
2026-06-11,BAU,SODA 750ML,,flipkart-minutes,,15,,,,false,NOT_LISTED,,,0,30,
2026-06-11,BAU,SODA LEMON 750ML,,flipkart-minutes,,45,,,,false,NOT_LISTED,,,0,55,
2026-06-11,BAU,SOYABEAN 1L,,flipkart-minutes,,209,,,,false,NOT_LISTED,,,0,225,
2026-06-11,BAU,SOYABEAN 1L + 1L,,flipkart-minutes,,409,,,,false,NOT_LISTED,,,0,1100,
2026-06-11,BAU,SOYABEAN 1L POUCH,jivo-soybean-oil-soyabean-oil-pouch-1l,flipkart-minutes,EDOGPX8ZD2ZYPH6U,209,152,152,152,true,BELOW,-57,-27.27,2,199,199
2026-06-11,BAU,SOYABEAN 5L,,flipkart-minutes,,999,,,,false,NOT_LISTED,,,0,1100,
2026-06-11,BAU,SPRING WATER 750ML,,flipkart-minutes,,50,,,,false,NOT_LISTED,,,0,55,
2026-06-11,BAU,SUNFLOWER 1L,,flipkart-minutes,,229,,,,false,NOT_LISTED,,,0,275,
2026-06-11,BAU,SUNFLOWER 1L + 1L,,flipkart-minutes,,449,,,,false,NOT_LISTED,,,0,550,
2026-06-11,BAU,SUNFLOWER 3L,,flipkart-minutes,,679,,,,false,NOT_LISTED,,,0,825,
2026-06-11,BAU,SUNFLOWER 4L,,flipkart-minutes,,909,,,,false,NOT_LISTED,,,0,1038,
2026-06-11,BAU,SUNFLOWER 5L,,flipkart-minutes,,1139,,,,false,NOT_LISTED,,,0,1350,
2026-06-11,BAU,SUNFLOWER SEEDS 200G,,flipkart-minutes,,139,,,,false,NOT_LISTED,,,0,299,
2026-06-11,BAU,SUNFLOWER SEEDS 400G,,flipkart-minutes,,259,,,,false,NOT_LISTED,,,0,499,
2026-06-11,BAU,SUNFLOWER SEEDS 800G,,flipkart-minutes,,389,,,,false,NOT_LISTED,,,0,899,
2026-06-11,BAU,WG MANGO JUICE 500ML,,flipkart-minutes,,39,,,,false,NOT_LISTED,,,0,100,
2026-06-11,BAU,YELLOW MUSTARD 1L,,flipkart-minutes,,269,,,,false,NOT_LISTED,,,0,375,
2026-06-11,BAU,YELLOW MUSTARD 1L + 1L,,flipkart-minutes,,529,,,,false,NOT_LISTED,,,0,750,
2026-06-11,BAU,YELLOW MUSTARD 5L,,flipkart-minutes,,1329,,,,false,NOT_LISTED,,,0,2000,
2026-06-11,BAU,A2 GHEE 1L,,zepto,,1409,,,,false,NOT_LISTED,,,0,4000,
2026-06-11,BAU,A2 GHEE 500ML,,zepto,,759,,,,false,NOT_LISTED,,,0,2200,
2026-06-11,BAU,BASIL SEEDS 200G,,zepto,,79,,,,false,NOT_LISTED,,,0,349,
2026-06-11,BAU,BASIL SEEDS 400G,,zepto,,189,,,,false,NOT_LISTED,,,0,599,
2026-06-11,BAU,BASIL SEEDS 800G,,zepto,,349,,,,false,NOT_LISTED,,,0,1099,
2026-06-11,BAU,BLACK CARDAMOM 100G,,zepto,,289,,,,false,NOT_LISTED,,,0,549,
2026-06-11,BAU,BLACK OLIVE 470G,,zepto,,249,,,,false,NOT_LISTED,,,0,399,
2026-06-11,BAU,BLACK PEPPER 100G,,zepto,,145,,,,false,NOT_LISTED,,,0,399,
2026-06-11,BAU,CANOLA 1+1L,jivo-cold-press-canola-oil-combo-bottle-2l,zepto,50b56b7f-3d9f-45c7-8161-c2327e8db652,529,485,485,520,true,BELOW,-44,-8.32,21,750,750
2026-06-11,BAU,CANOLA 1L,,zepto,,269,,,,false,NOT_LISTED,,,0,375,
2026-06-11,BAU,CANOLA 1L + 1L,,zepto,,529,,,,false,NOT_LISTED,,,0,750,
2026-06-11,BAU,CANOLA 1L POUCH,,zepto,,269,,,,false,NOT_LISTED,,,0,299,
2026-06-11,BAU,CANOLA 3L,,zepto,,799,,,,false,NOT_LISTED,,,0,690,
2026-06-11,BAU,CANOLA 4L,,zepto,,1189,,,,false,NOT_LISTED,,,0,1199,
2026-06-11,BAU,CANOLA 5L,jivo-canola-cold-pressed-edible-oil-cooking-oil-5l,zepto,c935f17d-04d3-4785-b2dd-bd8e7c7ebcbe,1299,1193,1193,1617,true,BELOW,-106,-8.16,11,1650,1650
2026-06-11,BAU,CHIA SEEDS 200G,,zepto,,99,,,,false,NOT_LISTED,,,0,299,
2026-06-11,BAU,CHIA SEEDS 400G,,zepto,,209,,,,false,NOT_LISTED,,,0,599,
2026-06-11,BAU,CHIA SEEDS 800G,,zepto,,349,,,,false,NOT_LISTED,,,0,899,
2026-06-11,BAU,CINNAMON BARK 100G,,zepto,,99,,,,false,NOT_LISTED,,,0,299,
2026-06-11,BAU,CLOVE 100G,,zepto,,249,,,,false,NOT_LISTED,,,0,280,
2026-06-11,BAU,COCONUT 1L,,zepto,,559,,,,false,NOT_LISTED,,,0,700,
2026-06-11,BAU,COCONUT 200ML,,zepto,,149,,,,false,NOT_LISTED,,,0,285,
2026-06-11,BAU,COCONUT 500ML,,zepto,,289,,,,false,NOT_LISTED,,,0,695,
2026-06-11,BAU,COFFEE,,zepto,,249,,,,false,NOT_LISTED,,,0,350,
2026-06-11,BAU,CUMIN SEEDS 100G,,zepto,,75,,,,false,NOT_LISTED,,,0,249,
2026-06-11,BAU,EXTRA LIGHT 1+1L,jivo-extra-light-olive-oil-combo-2l,zepto,597fe027-2e19-4a49-bc07-76ef57295ad6,1229,998,998,998,true,BELOW,-231,-18.8,18,2798,2998
2026-06-11,BAU,EXTRA LIGHT 1L,jivo-extra-light-olive-oil-1l,zepto,2300d5e1-ccd1-46ab-990d-aa7fee80bc5d,619,499,499,499,true,BELOW,-120,-19.39,38,1499,1499
2026-06-11,BAU,EXTRA LIGHT 2L,jivo-extra-light-olive-oil-2l,zepto,29e72c8c-7ff6-46e2-9721-ca4e9f612e98,1229,1135,1135,1199,true,BELOW,-94,-7.65,33,2799,2799
2026-06-11,BAU,EXTRA LIGHT 3L,,zepto,,1849,,,,false,NOT_LISTED,,,0,2200,
2026-06-11,BAU,EXTRA LIGHT 500ML,,zepto,,349,,,,false,NOT_LISTED,,,0,499,
2026-06-11,BAU,EXTRA LIGHT 5L,,zepto,,3069,,,,false,NOT_LISTED,,,0,6499,
2026-06-11,BAU,EXTRA VIRGIN 1L,jivo-extra-virgin-olive-oil-bottle-1l,zepto,5d186472-6fe2-4643-af2f-2f9cd773986d,809,970,953,989,true,ABOVE,161,19.9,0,1499,1799
2026-06-11,BAU,EXTRA VIRGIN 1L + 1L,,zepto,,1609,,,,false,NOT_LISTED,,,0,2998,
2026-06-11,BAU,EXTRA VIRGIN 200ML,,zepto,,199,,,,false,NOT_LISTED,,,0,350,
2026-06-11,BAU,EXTRA VIRGIN 250ML,,zepto,,219,,,,false,NOT_LISTED,,,0,450,
2026-06-11,BAU,EXTRA VIRGIN 2L,,zepto,,1619,,,,false,NOT_LISTED,,,0,2700,
2026-06-11,BAU,EXTRA VIRGIN 3L,,zepto,,2429,,,,false,NOT_LISTED,,,0,4000,
2026-06-11,BAU,EXTRA VIRGIN 500ML,,zepto,,419,,,,false,NOT_LISTED,,,0,675,
2026-06-11,BAU,EXTRA VIRGIN 5L,jivo-extra-virgin-cooking-olive-oil-5l,zepto,c80ef4de-b2c3-4fb4-984b-4cb29b33db33,4039,2000,2000,7920,true,BELOW,-2039,-50.48,1,7999,7999
2026-06-11,BAU,FLAX SEEDS 200G,,zepto,,99,,,,false,NOT_LISTED,,,0,249,
2026-06-11,BAU,FLAX SEEDS 400G,,zepto,,189,,,,false,NOT_LISTED,,,0,399,
2026-06-11,BAU,FLAX SEEDS 800G,,zepto,,369,,,,false,NOT_LISTED,,,0,750,
2026-06-11,BAU,GINGER ALE 200ML,,zepto,,49,,,,false,NOT_LISTED,,,0,100,
2026-06-11,BAU,GOLD 1+1,,zepto,,389,,,,false,NOT_LISTED,,,0,450,
2026-06-11,BAU,GOLD 1L,jivo-gold-refined-oil-blend-of-rice-bran-oil-and-sunflower-oil-1l,zepto,bc1af3d1-2a14-4296-b38e-e05ba43c3170,199,,,,false,OOS,,,0,225,225
2026-06-11,BAU,GOLD 5L,jivo-gold-refined-oil-blend-of-rice-bran-oil-and-sunflower-oil-5l,zepto,40bd2571-3734-4503-84b7-bbe87a3818c3,989,,,,false,OOS,,,0,1049,1050
2026-06-11,BAU,GREEN CARDAMOM 100G,,zepto,,499,,,,false,NOT_LISTED,,,0,799,
2026-06-11,BAU,GROUNDNUT 1L,jivo-groundnut-cold-pressed-oil-healthy-cooking-oil-1l,zepto,41367ef4-80d9-4819-bbae-d1806c184f5c,259,199,199,199,true,BELOW,-60,-23.17,32,400,560
2026-06-11,BAU,GROUNDNUT 5L,,zepto,,1269,,,,false,NOT_LISTED,,,0,2800,
2026-06-11,BAU,JIVO POMACE 1L,jivo-pomace-olive-oil-1l,zepto,ac9a7dd8-489b-4475-a14d-27ae393a5505,439,379,379,379,true,BELOW,-60,-13.67,33,1049,1049
2026-06-11,BAU,JIVO POMACE 1L + 1L,jivo-pomace-olive-oil-combo-2l,zepto,3d955a07-72db-4d1a-9d65-42c5a8dd0641,869,758,758,758,true,BELOW,-111,-12.77,11,2098,2098
2026-06-11,BAU,JIVO POMACE 2L,jivo-daily-pomace-olive-oil-2l,zepto,8eedf6ff-d36c-4313-88e4-6aa571372f46,869,988,983,1045,true,ABOVE,119,13.69,0,1600,1449
2026-06-11,BAU,JIVO POMACE 5L,jivo-pomace-olive-oil-5l,zepto,a81945f0-43ac-4970-82b4-c6c8986ee9ae,2169,2574,2114,2574,true,ABOVE,405,18.67,17,4999,4999
2026-06-11,BAU,JIVO PUNJABI SHIKANJI 160 MLS,,zepto,,219,,,,false,NOT_LISTED,,,0,480,
2026-06-11,BAU,JIVO WATER 1L,,zepto,,20,,,,false,NOT_LISTED,,,0,30,
2026-06-11,BAU,JIVO WATER 250ML,,zepto,,119,,,,false,NOT_LISTED,,,0,360,
2026-06-11,BAU,JIVO WATER 500 MLS,,zepto,,12,,,,false,NOT_LISTED,,,0,15,
2026-06-11,BAU,MUSTARD 1L,jivo-kachi-ghani-mustard-cold-pressed-oil-healthy-cooking-oil-1l,zepto,89804a83-79f3-45c6-b940-9c395451dffa,219,181,179,181,true,BELOW,-38,-17.35,39,255,255
2026-06-11,BAU,MUSTARD 1L + 1L,,zepto,,429,,,,false,NOT_LISTED,,,0,500,
2026-06-11,BAU,MUSTARD 1L POUCH,,zepto,,219,,,,false,NOT_LISTED,,,0,250,
2026-06-11,BAU,MUSTARD 3L,,zepto,,629,,,,false,NOT_LISTED,,,0,765,
2026-06-11,BAU,MUSTARD 4L,,zepto,,839,,,,false,NOT_LISTED,,,0,1000,
2026-06-11,BAU,MUSTARD 5L,jivo-kachi-ghani-mustard-cold-pressed-oil-healthy-cooking-oil-5l,zepto,275d43f8-2da4-4d9e-8873-e04fcaf5c073,1049,985,979,1004,true,BELOW,-64,-6.1,22,1250,1250
2026-06-11,BAU,POMACE 3L,,zepto,,1309,,,,false,NOT_LISTED,,,0,3050,
2026-06-11,BAU,PUMPKIN SEEDS 200G,,zepto,,209,,,,false,NOT_LISTED,,,0,399,
2026-06-11,BAU,PUMPKIN SEEDS 400G,,zepto,,399,,,,false,NOT_LISTED,,,0,699,
2026-06-11,BAU,PUMPKIN SEEDS 800G,,zepto,,789,,,,false,NOT_LISTED,,,0,1299,
2026-06-11,BAU,PUNJABI JEERA 160ML,,zepto,,219,,,,false,NOT_LISTED,,,0,360,
2026-06-11,BAU,QUINOA SEEDS 200G,,zepto,,119,,,,false,NOT_LISTED,,,0,199,
2026-06-11,BAU,QUINOA SEEDS 400G,,zepto,,179,,,,false,NOT_LISTED,,,0,299,
2026-06-11,BAU,QUINOA SEEDS 800G,,zepto,,259,,,,false,NOT_LISTED,,,0,399,
2026-06-11,BAU,RICE BRAN 1L,jivo-rice-bran-daily-cooking-oil-1l,zepto,4acb73bc-1e89-47d8-8625-05e6a34b698b,199,,,,false,OOS,,,0,285,285
2026-06-11,BAU,RICE BRAN 1L + 1L,,zepto,,389,,,,false,NOT_LISTED,,,0,570,
2026-06-11,BAU,RICE BRAN 4L,,zepto,,759,,,,false,NOT_LISTED,,,0,1140,
2026-06-11,BAU,RICE BRAN 5L,,zepto,,959,,,,false,NOT_LISTED,,,0,1425,
2026-06-11,BAU,ROSEMARY LEAVES 150 GMS,,zepto,,179,,,,false,NOT_LISTED,,,0,499,
2026-06-11,BAU,SAFFRON 1GMS,,zepto,,449,,,,false,NOT_LISTED,,,0,899,
2026-06-11,BAU,SANO CANOLA 1L,,zepto,,259,,,,false,NOT_LISTED,,,0,475,
2026-06-11,BAU,SANO CANOLA 5L,,zepto,,1249,,,,false,NOT_LISTED,,,0,1950,
2026-06-11,BAU,SANO CLASSIC 1L,,zepto,,589,,,,false,NOT_LISTED,,,0,1399,
2026-06-11,BAU,SANO CLASSIC 5L,,zepto,,2709,,,,false,NOT_LISTED,,,0,6499,
2026-06-11,BAU,SANO MUSTARD 1L,,zepto,,209,,,,false,NOT_LISTED,,,0,235,
2026-06-11,BAU,SANO MUSTARD 5L,,zepto,,999,,,,false,NOT_LISTED,,,0,1200,
2026-06-11,BAU,SANO POMACE 1L,,zepto,,419,,,,false,NOT_LISTED,,,0,999,
2026-06-11,BAU,SANO POMACE 5L,,zepto,,2069,,,,false,NOT_LISTED,,,0,4499,
2026-06-11,BAU,SANO SOYABEAN 1L,,zepto,,199,,,,false,NOT_LISTED,,,0,225,
2026-06-11,BAU,SANO SOYABEAN 5L,,zepto,,949,,,,false,NOT_LISTED,,,0,1450,
2026-06-11,BAU,SANO SUNFLOWER 1L,,zepto,,219,,,,false,NOT_LISTED,,,0,280,
2026-06-11,BAU,SANO SUNFLOWER 5L,,zepto,,1069,,,,false,NOT_LISTED,,,0,1475,
2026-06-11,BAU,SESAME 1L + 1L,,zepto,,689,,,,false,NOT_LISTED,,,0,1200,
2026-06-11,BAU,SESAME OIL 1L,,zepto,,349,,,,false,NOT_LISTED,,,0,600,
2026-06-11,BAU,SO OLIVE 1L,jivo-soolive-blend-of-rice-bran-and-olive-oil-1l,zepto,dc9c5857-5d89-45c7-895a-373097239ff7,289,264,264,264,true,BELOW,-25,-8.65,3,325,325
2026-06-11,BAU,SO OLIVE 1L + 1L,,zepto,,569,,,,false,NOT_LISTED,,,0,650,
2026-06-11,BAU,SO OLIVE 5L,,zepto,,1419,,,,false,NOT_LISTED,,,0,1625,
2026-06-11,BAU,SODA 750ML,,zepto,,15,,,,false,NOT_LISTED,,,0,30,
2026-06-11,BAU,SODA LEMON 750ML,,zepto,,45,,,,false,NOT_LISTED,,,0,55,
2026-06-11,BAU,SOYABEAN 1L,,zepto,,209,,,,false,NOT_LISTED,,,0,225,
2026-06-11,BAU,SOYABEAN 1L + 1L,,zepto,,409,,,,false,NOT_LISTED,,,0,1100,
2026-06-11,BAU,SOYABEAN 1L POUCH,,zepto,,209,,,,false,NOT_LISTED,,,0,199,
2026-06-11,BAU,SOYABEAN 5L,,zepto,,999,,,,false,NOT_LISTED,,,0,1100,
2026-06-11,BAU,SPRING WATER 750ML,,zepto,,50,,,,false,NOT_LISTED,,,0,55,
2026-06-11,BAU,SUNFLOWER 1L,jivo-sunflower-cold-pressed-oil-healthy-cooking-oil-1l,zepto,06c8f55b-13a5-4d9b-8990-a418e63c89ad,229,192,183,192,true,BELOW,-37,-16.16,26,275,275
2026-06-11,BAU,SUNFLOWER 1L + 1L,,zepto,,449,,,,false,NOT_LISTED,,,0,550,
2026-06-11,BAU,SUNFLOWER 3L,,zepto,,679,,,,false,NOT_LISTED,,,0,825,
2026-06-11,BAU,SUNFLOWER 4L,,zepto,,909,,,,false,NOT_LISTED,,,0,1038,
2026-06-11,BAU,SUNFLOWER 5L,jivo-sunflower-cold-pressed-oil-healthy-cooking-oil-5l,zepto,3df8a5f6-fb0a-43d9-92ea-8098fda9253d,1139,,,,false,OOS,,,0,1350,1350
2026-06-11,BAU,SUNFLOWER SEEDS 200G,,zepto,,139,,,,false,NOT_LISTED,,,0,299,
2026-06-11,BAU,SUNFLOWER SEEDS 400G,,zepto,,259,,,,false,NOT_LISTED,,,0,499,
2026-06-11,BAU,SUNFLOWER SEEDS 800G,,zepto,,389,,,,false,NOT_LISTED,,,0,899,
2026-06-11,BAU,WG MANGO JUICE 500ML,,zepto,,39,,,,false,NOT_LISTED,,,0,100,
2026-06-11,BAU,YELLOW MUSTARD 1L,,zepto,,269,,,,false,NOT_LISTED,,,0,375,
2026-06-11,BAU,YELLOW MUSTARD 1L + 1L,,zepto,,529,,,,false,NOT_LISTED,,,0,750,
2026-06-11,BAU,YELLOW MUSTARD 5L,,zepto,,1329,,,,false,NOT_LISTED,,,0,2000,
2026-06-11,BAU,A2 GHEE 1L,,blinkit,,1409,,,,false,NOT_LISTED,,,0,4000,
2026-06-11,BAU,A2 GHEE 500ML,,blinkit,,759,,,,false,NOT_LISTED,,,0,2200,
2026-06-11,BAU,BASIL SEEDS 200G,,blinkit,,79,,,,false,NOT_LISTED,,,0,349,
2026-06-11,BAU,BASIL SEEDS 400G,,blinkit,,189,,,,false,NOT_LISTED,,,0,599,
2026-06-11,BAU,BASIL SEEDS 800G,,blinkit,,349,,,,false,NOT_LISTED,,,0,1099,
2026-06-11,BAU,BLACK CARDAMOM 100G,,blinkit,,289,,,,false,NOT_LISTED,,,0,549,
2026-06-11,BAU,BLACK OLIVE 470G,,blinkit,,249,,,,false,NOT_LISTED,,,0,399,
2026-06-11,BAU,BLACK PEPPER 100G,,blinkit,,145,,,,false,NOT_LISTED,,,0,399,
2026-06-11,BAU,CANOLA 1+1L,,blinkit,,529,,,,false,NOT_LISTED,,,0,750,
2026-06-11,BAU,CANOLA 1L,jivo-cold-pressed-canola-oil-1l,blinkit,407851,269,260,250,375,true,BELOW,-9,-3.35,100,375,375
2026-06-11,BAU,CANOLA 1L + 1L,,blinkit,,529,,,,false,NOT_LISTED,,,0,750,
2026-06-11,BAU,CANOLA 1L POUCH,,blinkit,,269,,,,false,NOT_LISTED,,,0,299,
2026-06-11,BAU,CANOLA 3L,,blinkit,,799,,,,false,NOT_LISTED,,,0,690,
2026-06-11,BAU,CANOLA 4L,,blinkit,,1189,,,,false,NOT_LISTED,,,0,1199,
2026-06-11,BAU,CANOLA 5L,jivo-cold-pressed-canola-oil-5l,blinkit,406593,1299,1193,1193,1650,true,BELOW,-106,-8.16,43,1650,1650
2026-06-11,BAU,CHIA SEEDS 200G,,blinkit,,99,,,,false,NOT_LISTED,,,0,299,
2026-06-11,BAU,CHIA SEEDS 400G,,blinkit,,209,,,,false,NOT_LISTED,,,0,599,
2026-06-11,BAU,CHIA SEEDS 800G,,blinkit,,349,,,,false,NOT_LISTED,,,0,899,
2026-06-11,BAU,CINNAMON BARK 100G,,blinkit,,99,,,,false,NOT_LISTED,,,0,299,
2026-06-11,BAU,CLOVE 100G,,blinkit,,249,,,,false,NOT_LISTED,,,0,280,
2026-06-11,BAU,COCONUT 1L,,blinkit,,559,,,,false,NOT_LISTED,,,0,700,
2026-06-11,BAU,COCONUT 200ML,,blinkit,,149,,,,false,NOT_LISTED,,,0,285,
2026-06-11,BAU,COCONUT 500ML,,blinkit,,289,,,,false,NOT_LISTED,,,0,695,
2026-06-11,BAU,COFFEE,,blinkit,,249,,,,false,NOT_LISTED,,,0,350,
2026-06-11,BAU,CUMIN SEEDS 100G,,blinkit,,75,,,,false,NOT_LISTED,,,0,249,
2026-06-11,BAU,EXTRA LIGHT 1+1L,,blinkit,,1229,,,,false,NOT_LISTED,,,0,2798,
2026-06-11,BAU,EXTRA LIGHT 1L,jivo-extra-light-olive-oil-1l,blinkit,406592,619,624,620,708,true,ABOVE,5,0.81,0,1499,1499
2026-06-11,BAU,EXTRA LIGHT 2L,jivo-extra-light-olive-oil-2l,blinkit,545244,1229,1139,1138,1340,true,BELOW,-90,-7.32,90,2799,2799
2026-06-11,BAU,EXTRA LIGHT 3L,,blinkit,,1849,,,,false,NOT_LISTED,,,0,2200,
2026-06-11,BAU,EXTRA LIGHT 500ML,,blinkit,,349,,,,false,NOT_LISTED,,,0,499,
2026-06-11,BAU,EXTRA LIGHT 5L,,blinkit,,3069,,,,false,NOT_LISTED,,,0,6499,
2026-06-11,BAU,EXTRA VIRGIN 1L,,blinkit,,809,,,,false,NOT_LISTED,,,0,1499,
2026-06-11,BAU,EXTRA VIRGIN 1L + 1L,,blinkit,,1609,,,,false,NOT_LISTED,,,0,2998,
2026-06-11,BAU,EXTRA VIRGIN 200ML,,blinkit,,199,,,,false,NOT_LISTED,,,0,350,
2026-06-11,BAU,EXTRA VIRGIN 250ML,,blinkit,,219,,,,false,NOT_LISTED,,,0,450,
2026-06-11,BAU,EXTRA VIRGIN 2L,,blinkit,,1619,,,,false,NOT_LISTED,,,0,2700,
2026-06-11,BAU,EXTRA VIRGIN 3L,,blinkit,,2429,,,,false,NOT_LISTED,,,0,4000,
2026-06-11,BAU,EXTRA VIRGIN 500ML,,blinkit,,419,,,,false,NOT_LISTED,,,0,675,
2026-06-11,BAU,EXTRA VIRGIN 5L,,blinkit,,4039,,,,false,NOT_LISTED,,,0,7999,
2026-06-11,BAU,FLAX SEEDS 200G,,blinkit,,99,,,,false,NOT_LISTED,,,0,249,
2026-06-11,BAU,FLAX SEEDS 400G,,blinkit,,189,,,,false,NOT_LISTED,,,0,399,
2026-06-11,BAU,FLAX SEEDS 800G,,blinkit,,369,,,,false,NOT_LISTED,,,0,750,
2026-06-11,BAU,GINGER ALE 200ML,,blinkit,,49,,,,false,NOT_LISTED,,,0,100,
2026-06-11,BAU,GOLD 1+1,,blinkit,,389,,,,false,NOT_LISTED,,,0,450,
2026-06-11,BAU,GOLD 1L,,blinkit,,199,,,,false,NOT_LISTED,,,0,225,
2026-06-11,BAU,GOLD 5L,,blinkit,,989,,,,false,NOT_LISTED,,,0,1049,
2026-06-11,BAU,GREEN CARDAMOM 100G,,blinkit,,499,,,,false,NOT_LISTED,,,0,799,
2026-06-11,BAU,GROUNDNUT 1L,,blinkit,,259,,,,false,NOT_LISTED,,,0,400,
2026-06-11,BAU,GROUNDNUT 5L,,blinkit,,1269,,,,false,NOT_LISTED,,,0,2800,
2026-06-11,BAU,JIVO POMACE 1L,jivo-pomace-olive-oil-1l,blinkit,528706,439,379,379,485,true,BELOW,-60,-13.67,131,1049,1049
2026-06-11,BAU,JIVO POMACE 1L + 1L,,blinkit,,869,,,,false,NOT_LISTED,,,0,2098,
2026-06-11,BAU,JIVO POMACE 2L,,blinkit,,869,,,,false,NOT_LISTED,,,0,1600,
2026-06-11,BAU,JIVO POMACE 5L,jivo-pomace-olive-oil-5l,blinkit,407561,2169,1950,1950,2140,true,BELOW,-219,-10.1,82,4999,4999
2026-06-11,BAU,JIVO PUNJABI SHIKANJI 160 MLS,,blinkit,,219,,,,false,NOT_LISTED,,,0,480,
2026-06-11,BAU,JIVO WATER 1L,,blinkit,,20,,,,false,NOT_LISTED,,,0,30,
2026-06-11,BAU,JIVO WATER 250ML,,blinkit,,119,,,,false,NOT_LISTED,,,0,360,
2026-06-11,BAU,JIVO WATER 500 MLS,,blinkit,,12,,,,false,NOT_LISTED,,,0,15,
2026-06-11,BAU,MUSTARD 1L,jivo-kachi-ghani-cold-pressed-mustard-oil-1l,blinkit,540835,219,171,169,171,true,BELOW,-48,-21.92,16,255,255
2026-06-11,BAU,MUSTARD 1L + 1L,,blinkit,,429,,,,false,NOT_LISTED,,,0,500,
2026-06-11,BAU,MUSTARD 1L POUCH,,blinkit,,219,,,,false,NOT_LISTED,,,0,250,
2026-06-11,BAU,MUSTARD 3L,,blinkit,,629,,,,false,NOT_LISTED,,,0,765,
2026-06-11,BAU,MUSTARD 4L,,blinkit,,839,,,,false,NOT_LISTED,,,0,1000,
2026-06-11,BAU,MUSTARD 5L,jivo-kachi-ghani-cold-pressed-mustard-oil-5l,blinkit,540970,1049,868,868,868,true,BELOW,-181,-17.25,13,1250,1250
2026-06-11,BAU,POMACE 3L,,blinkit,,1309,,,,false,NOT_LISTED,,,0,3050,
2026-06-11,BAU,PUMPKIN SEEDS 200G,,blinkit,,209,,,,false,NOT_LISTED,,,0,399,
2026-06-11,BAU,PUMPKIN SEEDS 400G,,blinkit,,399,,,,false,NOT_LISTED,,,0,699,
2026-06-11,BAU,PUMPKIN SEEDS 800G,,blinkit,,789,,,,false,NOT_LISTED,,,0,1299,
2026-06-11,BAU,PUNJABI JEERA 160ML,,blinkit,,219,,,,false,NOT_LISTED,,,0,360,
2026-06-11,BAU,QUINOA SEEDS 200G,,blinkit,,119,,,,false,NOT_LISTED,,,0,199,
2026-06-11,BAU,QUINOA SEEDS 400G,,blinkit,,179,,,,false,NOT_LISTED,,,0,299,
2026-06-11,BAU,QUINOA SEEDS 800G,,blinkit,,259,,,,false,NOT_LISTED,,,0,399,
2026-06-11,BAU,RICE BRAN 1L,,blinkit,,199,,,,false,NOT_LISTED,,,0,285,
2026-06-11,BAU,RICE BRAN 1L + 1L,,blinkit,,389,,,,false,NOT_LISTED,,,0,570,
2026-06-11,BAU,RICE BRAN 4L,,blinkit,,759,,,,false,NOT_LISTED,,,0,1140,
2026-06-11,BAU,RICE BRAN 5L,,blinkit,,959,,,,false,NOT_LISTED,,,0,1425,
2026-06-11,BAU,ROSEMARY LEAVES 150 GMS,,blinkit,,179,,,,false,NOT_LISTED,,,0,499,
2026-06-11,BAU,SAFFRON 1GMS,,blinkit,,449,,,,false,NOT_LISTED,,,0,899,
2026-06-11,BAU,SANO CANOLA 1L,,blinkit,,259,,,,false,NOT_LISTED,,,0,475,
2026-06-11,BAU,SANO CANOLA 5L,,blinkit,,1249,,,,false,NOT_LISTED,,,0,1950,
2026-06-11,BAU,SANO CLASSIC 1L,,blinkit,,589,,,,false,NOT_LISTED,,,0,1399,
2026-06-11,BAU,SANO CLASSIC 5L,,blinkit,,2709,,,,false,NOT_LISTED,,,0,6499,
2026-06-11,BAU,SANO MUSTARD 1L,,blinkit,,209,,,,false,NOT_LISTED,,,0,235,
2026-06-11,BAU,SANO MUSTARD 5L,,blinkit,,999,,,,false,NOT_LISTED,,,0,1200,
2026-06-11,BAU,SANO POMACE 1L,,blinkit,,419,,,,false,NOT_LISTED,,,0,999,
2026-06-11,BAU,SANO POMACE 5L,,blinkit,,2069,,,,false,NOT_LISTED,,,0,4499,
2026-06-11,BAU,SANO SOYABEAN 1L,,blinkit,,199,,,,false,NOT_LISTED,,,0,225,
2026-06-11,BAU,SANO SOYABEAN 5L,,blinkit,,949,,,,false,NOT_LISTED,,,0,1450,
2026-06-11,BAU,SANO SUNFLOWER 1L,,blinkit,,219,,,,false,NOT_LISTED,,,0,280,
2026-06-11,BAU,SANO SUNFLOWER 5L,,blinkit,,1069,,,,false,NOT_LISTED,,,0,1475,
2026-06-11,BAU,SESAME 1L + 1L,,blinkit,,689,,,,false,NOT_LISTED,,,0,1200,
2026-06-11,BAU,SESAME OIL 1L,,blinkit,,349,,,,false,NOT_LISTED,,,0,600,
2026-06-11,BAU,SO OLIVE 1L,,blinkit,,289,,,,false,NOT_LISTED,,,0,325,
2026-06-11,BAU,SO OLIVE 1L + 1L,,blinkit,,569,,,,false,NOT_LISTED,,,0,650,
2026-06-11,BAU,SO OLIVE 5L,,blinkit,,1419,,,,false,NOT_LISTED,,,0,1625,
2026-06-11,BAU,SODA 750ML,,blinkit,,15,,,,false,NOT_LISTED,,,0,30,
2026-06-11,BAU,SODA LEMON 750ML,,blinkit,,45,,,,false,NOT_LISTED,,,0,55,
2026-06-11,BAU,SOYABEAN 1L,,blinkit,,209,,,,false,NOT_LISTED,,,0,225,
2026-06-11,BAU,SOYABEAN 1L + 1L,,blinkit,,409,,,,false,NOT_LISTED,,,0,1100,
2026-06-11,BAU,SOYABEAN 1L POUCH,,blinkit,,209,,,,false,NOT_LISTED,,,0,199,
2026-06-11,BAU,SOYABEAN 5L,,blinkit,,999,,,,false,NOT_LISTED,,,0,1100,
2026-06-11,BAU,SPRING WATER 750ML,,blinkit,,50,,,,false,NOT_LISTED,,,0,55,
2026-06-11,BAU,SUNFLOWER 1L,jivo-cold-pressed-sunflower-oil-1l,blinkit,628632,229,215,192,220,true,BELOW,-14,-6.11,42,275,275
2026-06-11,BAU,SUNFLOWER 1L + 1L,,blinkit,,449,,,,false,NOT_LISTED,,,0,550,
2026-06-11,BAU,SUNFLOWER 3L,,blinkit,,679,,,,false,NOT_LISTED,,,0,825,
2026-06-11,BAU,SUNFLOWER 4L,,blinkit,,909,,,,false,NOT_LISTED,,,0,1038,
2026-06-11,BAU,SUNFLOWER 5L,,blinkit,,1139,,,,false,NOT_LISTED,,,0,1350,
2026-06-11,BAU,SUNFLOWER SEEDS 200G,,blinkit,,139,,,,false,NOT_LISTED,,,0,299,
2026-06-11,BAU,SUNFLOWER SEEDS 400G,,blinkit,,259,,,,false,NOT_LISTED,,,0,499,
2026-06-11,BAU,SUNFLOWER SEEDS 800G,,blinkit,,389,,,,false,NOT_LISTED,,,0,899,
2026-06-11,BAU,WG MANGO JUICE 500ML,,blinkit,,39,,,,false,NOT_LISTED,,,0,100,
2026-06-11,BAU,YELLOW MUSTARD 1L,,blinkit,,269,,,,false,NOT_LISTED,,,0,375,
2026-06-11,BAU,YELLOW MUSTARD 1L + 1L,,blinkit,,529,,,,false,NOT_LISTED,,,0,750,
2026-06-11,BAU,YELLOW MUSTARD 5L,,blinkit,,1329,,,,false,NOT_LISTED,,,0,2000,
2026-06-11,BAU,A2 GHEE 1L,,bigbasket,,1409,,,,false,NOT_LISTED,,,0,4000,
2026-06-11,BAU,A2 GHEE 500ML,,bigbasket,,759,,,,false,NOT_LISTED,,,0,2200,
2026-06-11,BAU,BASIL SEEDS 200G,,bigbasket,,79,,,,false,NOT_LISTED,,,0,349,
2026-06-11,BAU,BASIL SEEDS 400G,,bigbasket,,189,,,,false,NOT_LISTED,,,0,599,
2026-06-11,BAU,BASIL SEEDS 800G,,bigbasket,,349,,,,false,NOT_LISTED,,,0,1099,
2026-06-11,BAU,BLACK CARDAMOM 100G,,bigbasket,,289,,,,false,NOT_LISTED,,,0,549,
2026-06-11,BAU,BLACK OLIVE 470G,,bigbasket,,249,,,,false,NOT_LISTED,,,0,399,
2026-06-11,BAU,BLACK PEPPER 100G,,bigbasket,,145,,,,false,NOT_LISTED,,,0,399,
2026-06-11,BAU,CANOLA 1+1L,,bigbasket,,529,,,,false,NOT_LISTED,,,0,750,
2026-06-11,BAU,CANOLA 1L,canola-oil-cold-pressed-1l,bigbasket,282779,269,283.99,283.99,283.99,true,ABOVE,14.99,5.57,0,375,375
2026-06-11,BAU,CANOLA 1L + 1L,,bigbasket,,529,,,,false,NOT_LISTED,,,0,750,
2026-06-11,BAU,CANOLA 1L POUCH,canola-omega3-rich-cooking-oil-1-l-1l,bigbasket,40309979,269,,,,false,OOS,,,0,299,299
2026-06-11,BAU,CANOLA 3L,,bigbasket,,799,,,,false,NOT_LISTED,,,0,690,
2026-06-11,BAU,CANOLA 4L,,bigbasket,,1189,,,,false,NOT_LISTED,,,0,1199,
2026-06-11,BAU,CANOLA 5L,canola-oil-cold-pressed-5l,bigbasket,282780,1299,1366,1366,1366,true,ABOVE,67,5.16,0,1650,1650
2026-06-11,BAU,CHIA SEEDS 200G,,bigbasket,,99,,,,false,NOT_LISTED,,,0,299,
2026-06-11,BAU,CHIA SEEDS 400G,,bigbasket,,209,,,,false,NOT_LISTED,,,0,599,
2026-06-11,BAU,CHIA SEEDS 800G,,bigbasket,,349,,,,false,NOT_LISTED,,,0,899,
2026-06-11,BAU,CINNAMON BARK 100G,,bigbasket,,99,,,,false,NOT_LISTED,,,0,299,
2026-06-11,BAU,CLOVE 100G,,bigbasket,,249,,,,false,NOT_LISTED,,,0,280,
2026-06-11,BAU,COCONUT 1L,,bigbasket,,559,,,,false,NOT_LISTED,,,0,700,
2026-06-11,BAU,COCONUT 200ML,,bigbasket,,149,,,,false,NOT_LISTED,,,0,285,
2026-06-11,BAU,COCONUT 500ML,,bigbasket,,289,,,,false,NOT_LISTED,,,0,695,
2026-06-11,BAU,COFFEE,,bigbasket,,249,,,,false,NOT_LISTED,,,0,350,
2026-06-11,BAU,CUMIN SEEDS 100G,,bigbasket,,75,,,,false,NOT_LISTED,,,0,249,
2026-06-11,BAU,EXTRA LIGHT 1+1L,,bigbasket,,1229,,,,false,NOT_LISTED,,,0,2798,
2026-06-11,BAU,EXTRA LIGHT 1L,extra-light-olive-oil-1l,bigbasket,40166398,619,1284,1284,1284,true,ABOVE,665,107.43,0,1499,1499
2026-06-11,BAU,EXTRA LIGHT 2L,extra-light-olive-oil-antioxidants-rich-light-cooking-medium-for-frying-grilling-2l,bigbasket,40250809,1229,1343,1343,1343,true,ABOVE,114,9.28,0,2799,2799
2026-06-11,BAU,EXTRA LIGHT 3L,,bigbasket,,1849,,,,false,NOT_LISTED,,,0,2200,
2026-06-11,BAU,EXTRA LIGHT 500ML,,bigbasket,,349,,,,false,NOT_LISTED,,,0,499,
2026-06-11,BAU,EXTRA LIGHT 5L,,bigbasket,,3069,,,,false,NOT_LISTED,,,0,6499,
2026-06-11,BAU,EXTRA VIRGIN 1L,extra-virgin-olive-oil-antioxidants-rich-suitable-for-salads-saute-1l,bigbasket,40250808,809,1012,1012,1012,true,ABOVE,203,25.09,0,1499,1799
2026-06-11,BAU,EXTRA VIRGIN 1L + 1L,,bigbasket,,1609,,,,false,NOT_LISTED,,,0,2998,
2026-06-11,BAU,EXTRA VIRGIN 200ML,,bigbasket,,199,,,,false,NOT_LISTED,,,0,350,
2026-06-11,BAU,EXTRA VIRGIN 250ML,,bigbasket,,219,,,,false,NOT_LISTED,,,0,450,
2026-06-11,BAU,EXTRA VIRGIN 2L,,bigbasket,,1619,,,,false,NOT_LISTED,,,0,2700,
2026-06-11,BAU,EXTRA VIRGIN 3L,,bigbasket,,2429,,,,false,NOT_LISTED,,,0,4000,
2026-06-11,BAU,EXTRA VIRGIN 500ML,,bigbasket,,419,,,,false,NOT_LISTED,,,0,675,
2026-06-11,BAU,EXTRA VIRGIN 5L,,bigbasket,,4039,,,,false,NOT_LISTED,,,0,7999,
2026-06-11,BAU,FLAX SEEDS 200G,,bigbasket,,99,,,,false,NOT_LISTED,,,0,249,
2026-06-11,BAU,FLAX SEEDS 400G,,bigbasket,,189,,,,false,NOT_LISTED,,,0,399,
2026-06-11,BAU,FLAX SEEDS 800G,,bigbasket,,369,,,,false,NOT_LISTED,,,0,750,
2026-06-11,BAU,GINGER ALE 200ML,,bigbasket,,49,,,,false,NOT_LISTED,,,0,100,
2026-06-11,BAU,GOLD 1+1,,bigbasket,,389,,,,false,NOT_LISTED,,,0,450,
2026-06-11,BAU,GOLD 1L,,bigbasket,,199,,,,false,NOT_LISTED,,,0,225,
2026-06-11,BAU,GOLD 5L,,bigbasket,,989,,,,false,NOT_LISTED,,,0,1049,
2026-06-11,BAU,GREEN CARDAMOM 100G,,bigbasket,,499,,,,false,NOT_LISTED,,,0,799,
2026-06-11,BAU,GROUNDNUT 1L,,bigbasket,,259,,,,false,NOT_LISTED,,,0,400,
2026-06-11,BAU,GROUNDNUT 5L,,bigbasket,,1269,,,,false,NOT_LISTED,,,0,2800,
2026-06-11,BAU,JIVO POMACE 1L,pomace-olive-oil-1l,bigbasket,40197820,439,549.68,549.68,549.68,true,ABOVE,110.68,25.21,0,1049,1049
2026-06-11,BAU,JIVO POMACE 1L + 1L,,bigbasket,,869,,,,false,NOT_LISTED,,,0,2098,
2026-06-11,BAU,JIVO POMACE 2L,pomace-olive-oil-2l,bigbasket,40309980,869,1099,1099,1099,true,ABOVE,230,26.47,0,1600,1449
2026-06-11,BAU,JIVO POMACE 5L,,bigbasket,,2169,,,,false,NOT_LISTED,,,0,4999,
2026-06-11,BAU,JIVO PUNJABI SHIKANJI 160 MLS,,bigbasket,,219,,,,false,NOT_LISTED,,,0,480,
2026-06-11,BAU,JIVO WATER 1L,,bigbasket,,20,,,,false,NOT_LISTED,,,0,30,
2026-06-11,BAU,JIVO WATER 250ML,,bigbasket,,119,,,,false,NOT_LISTED,,,0,360,
2026-06-11,BAU,JIVO WATER 500 MLS,,bigbasket,,12,,,,false,NOT_LISTED,,,0,15,
2026-06-11,BAU,MUSTARD 1L,cold-press-kachi-ghani-mustard-oil-1l,bigbasket,40166395,219,202.09,202.09,202.09,true,BELOW,-16.91,-7.72,1,255,255
2026-06-11,BAU,MUSTARD 1L + 1L,,bigbasket,,429,,,,false,NOT_LISTED,,,0,500,
2026-06-11,BAU,MUSTARD 1L POUCH,,bigbasket,,219,,,,false,NOT_LISTED,,,0,250,
2026-06-11,BAU,MUSTARD 3L,,bigbasket,,629,,,,false,NOT_LISTED,,,0,765,
2026-06-11,BAU,MUSTARD 4L,,bigbasket,,839,,,,false,NOT_LISTED,,,0,1000,
2026-06-11,BAU,MUSTARD 5L,cold-press-kachi-ghani-mustard-oil-5l,bigbasket,40166396,1049,981.13,981.13,981.13,true,BELOW,-67.87,-6.47,1,1250,1250
2026-06-11,BAU,POMACE 3L,,bigbasket,,1309,,,,false,NOT_LISTED,,,0,3050,
2026-06-11,BAU,PUMPKIN SEEDS 200G,,bigbasket,,209,,,,false,NOT_LISTED,,,0,399,
2026-06-11,BAU,PUMPKIN SEEDS 400G,,bigbasket,,399,,,,false,NOT_LISTED,,,0,699,
2026-06-11,BAU,PUMPKIN SEEDS 800G,,bigbasket,,789,,,,false,NOT_LISTED,,,0,1299,
2026-06-11,BAU,PUNJABI JEERA 160ML,,bigbasket,,219,,,,false,NOT_LISTED,,,0,360,
2026-06-11,BAU,QUINOA SEEDS 200G,,bigbasket,,119,,,,false,NOT_LISTED,,,0,199,
2026-06-11,BAU,QUINOA SEEDS 400G,,bigbasket,,179,,,,false,NOT_LISTED,,,0,299,
2026-06-11,BAU,QUINOA SEEDS 800G,,bigbasket,,259,,,,false,NOT_LISTED,,,0,399,
2026-06-11,BAU,RICE BRAN 1L,,bigbasket,,199,,,,false,NOT_LISTED,,,0,285,
2026-06-11,BAU,RICE BRAN 1L + 1L,,bigbasket,,389,,,,false,NOT_LISTED,,,0,570,
2026-06-11,BAU,RICE BRAN 4L,,bigbasket,,759,,,,false,NOT_LISTED,,,0,1140,
2026-06-11,BAU,RICE BRAN 5L,,bigbasket,,959,,,,false,NOT_LISTED,,,0,1425,
2026-06-11,BAU,ROSEMARY LEAVES 150 GMS,,bigbasket,,179,,,,false,NOT_LISTED,,,0,499,
2026-06-11,BAU,SAFFRON 1GMS,,bigbasket,,449,,,,false,NOT_LISTED,,,0,899,
2026-06-11,BAU,SANO CANOLA 1L,,bigbasket,,259,,,,false,NOT_LISTED,,,0,475,
2026-06-11,BAU,SANO CANOLA 5L,,bigbasket,,1249,,,,false,NOT_LISTED,,,0,1950,
2026-06-11,BAU,SANO CLASSIC 1L,,bigbasket,,589,,,,false,NOT_LISTED,,,0,1399,
2026-06-11,BAU,SANO CLASSIC 5L,,bigbasket,,2709,,,,false,NOT_LISTED,,,0,6499,
2026-06-11,BAU,SANO MUSTARD 1L,,bigbasket,,209,,,,false,NOT_LISTED,,,0,235,
2026-06-11,BAU,SANO MUSTARD 5L,,bigbasket,,999,,,,false,NOT_LISTED,,,0,1200,
2026-06-11,BAU,SANO POMACE 1L,,bigbasket,,419,,,,false,NOT_LISTED,,,0,999,
2026-06-11,BAU,SANO POMACE 5L,,bigbasket,,2069,,,,false,NOT_LISTED,,,0,4499,
2026-06-11,BAU,SANO SOYABEAN 1L,,bigbasket,,199,,,,false,NOT_LISTED,,,0,225,
2026-06-11,BAU,SANO SOYABEAN 5L,,bigbasket,,949,,,,false,NOT_LISTED,,,0,1450,
2026-06-11,BAU,SANO SUNFLOWER 1L,,bigbasket,,219,,,,false,NOT_LISTED,,,0,280,
2026-06-11,BAU,SANO SUNFLOWER 5L,,bigbasket,,1069,,,,false,NOT_LISTED,,,0,1475,
2026-06-11,BAU,SESAME 1L + 1L,,bigbasket,,689,,,,false,NOT_LISTED,,,0,1200,
2026-06-11,BAU,SESAME OIL 1L,,bigbasket,,349,,,,false,NOT_LISTED,,,0,600,
2026-06-11,BAU,SO OLIVE 1L,,bigbasket,,289,,,,false,NOT_LISTED,,,0,325,
2026-06-11,BAU,SO OLIVE 1L + 1L,,bigbasket,,569,,,,false,NOT_LISTED,,,0,650,
2026-06-11,BAU,SO OLIVE 5L,,bigbasket,,1419,,,,false,NOT_LISTED,,,0,1625,
2026-06-11,BAU,SODA 750ML,,bigbasket,,15,,,,false,NOT_LISTED,,,0,30,
2026-06-11,BAU,SODA LEMON 750ML,fizzy-water-flavoured-with-lemon-750ml,bigbasket,40335332,45,,,,false,OOS,,,0,55,55
2026-06-11,BAU,SOYABEAN 1L,,bigbasket,,209,,,,false,NOT_LISTED,,,0,225,
2026-06-11,BAU,SOYABEAN 1L + 1L,,bigbasket,,409,,,,false,NOT_LISTED,,,0,1100,
2026-06-11,BAU,SOYABEAN 1L POUCH,,bigbasket,,209,,,,false,NOT_LISTED,,,0,199,
2026-06-11,BAU,SOYABEAN 5L,,bigbasket,,999,,,,false,NOT_LISTED,,,0,1100,
2026-06-11,BAU,SPRING WATER 750ML,fizzy-water-flavoured-with-peach-750ml,bigbasket,40335333,50,,,,false,OOS,,,0,55,55
2026-06-11,BAU,SUNFLOWER 1L,cold-pressed-sunflower-oil-1l,bigbasket,40249993,229,,,,false,OOS,,,0,275,275
2026-06-11,BAU,SUNFLOWER 1L + 1L,,bigbasket,,449,,,,false,NOT_LISTED,,,0,550,
2026-06-11,BAU,SUNFLOWER 3L,,bigbasket,,679,,,,false,NOT_LISTED,,,0,825,
2026-06-11,BAU,SUNFLOWER 4L,,bigbasket,,909,,,,false,NOT_LISTED,,,0,1038,
2026-06-11,BAU,SUNFLOWER 5L,sunflower-oil-cold-pressed-fortified-with-vitamins-a-d-chemical-free-5l,bigbasket,40249992,1139,,,,false,OOS,,,0,1350,1350
2026-06-11,BAU,SUNFLOWER SEEDS 200G,,bigbasket,,139,,,,false,NOT_LISTED,,,0,299,
2026-06-11,BAU,SUNFLOWER SEEDS 400G,,bigbasket,,259,,,,false,NOT_LISTED,,,0,499,
2026-06-11,BAU,SUNFLOWER SEEDS 800G,,bigbasket,,389,,,,false,NOT_LISTED,,,0,899,
2026-06-11,BAU,WG MANGO JUICE 500ML,mango-healthy-wheatgrass-juice-500ml,bigbasket,40335340,39,,,,false,OOS,,,0,100,100
2026-06-11,BAU,YELLOW MUSTARD 1L,,bigbasket,,269,,,,false,NOT_LISTED,,,0,375,
2026-06-11,BAU,YELLOW MUSTARD 1L + 1L,,bigbasket,,529,,,,false,NOT_LISTED,,,0,750,
2026-06-11,BAU,YELLOW MUSTARD 5L,,bigbasket,,1329,,,,false,NOT_LISTED,,,0,2000,
2026-06-12,SVD,A2 GHEE 1L,jivo-a2-cow-ghee-1-litre-traditional-bilona-method-prepared-from-a2-cow-milk-rich-aroma-and-distinct-flavour-for-diverse-culinary-applications-suitable-for-cooking-frying-baking-indian-recipes-1l,amazon,B0B2RW9N9F,1309,,,,false,OOS,,,0,4000,2380
2026-06-12,SVD,A2 GHEE 500ML,jivo-a2-ghee-500-ml-bilona-method-traditionally-prepared-from-a2-cow-milk-suitable-for-cooking-frying-baking-indian-recipes-rich-aroma-and-distinct-flavour-for-diverse-culinary-applications-500ml,amazon,B0B2S1F6R8,709,,,,false,OOS,,,0,2200,2380
2026-06-12,SVD,BASIL SEEDS 200G,jivo-raw-basil-seeds-for-weight-loss-200gm-sabja-seed-takmuria-seeds-200g-high-fibre-and-omega-3-200ml,amazon,B0D8TN56P9,69,,,,false,OOS,,,0,349,599
2026-06-12,SVD,BASIL SEEDS 400G,jivo-raw-basil-seeds-for-weight-loss-400gm-sabja-seed-takmuria-seeds-400g-high-fibre-and-omega-3-400ml,amazon,B0D8VZKFHG,189,,,,false,OOS,,,0,599,599
2026-06-12,SVD,BASIL SEEDS 800G,jivo-raw-basil-seeds-for-weight-loss-sabja-seeds-tukmaria-seeds-high-in-fiber-omega3-nutrients-ideal-for-smoothies-drinks-and-baking-100-natural-vegan-glutenfree-800g-800ml,amazon,B0D8VZ1JLD,329,,,,false,OOS,,,0,1099,350
2026-06-12,SVD,BLACK CARDAMOM 100G,jivo-black-cardamom-badi-elaichi-sabut-moti-kali-elaichi-whole-organic-black-cardamom-perfect-for-cooking-baking-seasoning-adds-flavor-to-dishes-no-artificial-colours-or-preservatives-100g-100ml,amazon,B0D7CXGP3D,289,,,,false,OOS,,,0,549,300
2026-06-12,SVD,BLACK OLIVE 470G,jivo-black-sliced-olives-470g-finest-olives-from-egypt-evenly-cut-black-olive-slices-suitable-for-pizza-pasta-salads-wraps-ready-to-eat-snack-smart-choice-470ml,amazon,B0DS69LNFB,209,,,,false,OOS,,,0,399,2700
2026-06-12,SVD,BLACK PEPPER 100G,jivo-black-pepper-whole-natural-peppercorns-premium-kali-mirch-perfect-for-cooking-baking-seasoning-no-artificial-colors-preservatives-or-taste-enhancers-pepper-100g-100ml,amazon,B0D8L8NR8Q,135,,,,false,OOS,,,0,399,399
2026-06-12,SVD,CANOLA 1+1L,jivo-canola-cold-pressed-edible-oil-11-litres-cooking-oil-for-daily-use-ideal-for-roasting-frying-baking-all-types-of-cuisines-cold-pressed-oil-for-cooking-2l,amazon,B0152TWWSQ,509,,,,false,OOS,,,0,750,4999
2026-06-12,SVD,CANOLA 1L,jivo-canola-cold-pressed-edible-oil-1-litre-cooking-oil-for-daily-use-ideal-for-roasting-frying-baking-all-types-of-cuisines-cold-pressed-oil-for-cooking-1l,amazon,B09MJ6QDX7,259,263,263,263,true,ABOVE,4,1.54,0,375,375
2026-06-12,SVD,CANOLA 1L + 1L,jivo-canola-oil1-litre-cold-press-cooking-oil-for-daily-use-lowest-in-saturated-fat-2l,amazon,B0CZP26VVN,509,526,526,526,true,ABOVE,17,3.34,0,750,750
2026-06-12,SVD,CANOLA 1L POUCH,jivo-canola-oil1-litre-refined-pouch-cooking-oil-for-daily-use-recommended-by-indian-medical-association-1l,amazon,B07M6FYXWL,259,269,269,269,true,ABOVE,10,3.86,0,299,299
2026-06-12,SVD,CANOLA 3L,jivo-canola-cold-pressed-edible-oil-3-litres-cooking-oil-for-daily-use-ideal-for-roasting-frying-baking-all-types-of-cuisines-cold-pressed-oil-for-cooking-3l,amazon,B078T3Q3SH,769,,,,false,OOS,,,0,690,4999
2026-06-12,SVD,CANOLA 4L,jivo-canola-cold-pressed-edible-oil-4-litres-cooking-oil-for-daily-use-ideal-for-roasting-frying-baking-all-types-of-cuisines-cold-pressed-oil-for-cooking-4l,amazon,B0FPMH5Q4S,1149,,,,false,OOS,,,0,1199,300
2026-06-12,SVD,CANOLA 5L,jivo-canola-cold-pressed-edible-oil-5-litres-cooking-oil-for-daily-use-ideal-for-roasting-frying-baking-all-types-of-cuisines-cold-pressed-oil-for-cooking-5l,amazon,B077ZN4G28,1249,1299,1299,1299,true,ABOVE,50,4,0,1650,1650
2026-06-12,SVD,CHIA SEEDS 200G,jivo-premium-raw-chia-seeds-i-eating-seeds-for-weight-loss-management-rich-in-calcium-protein-fiber-omega-3-non-gmo-and-fibre-reusable-antioxidant-healthy-breakfast-snack-200g-200ml,amazon,B0CRF3ZQWL,99,99,99,99,true,MATCH,0,0,0,299,299
2026-06-12,SVD,CHIA SEEDS 400G,jivo-premium-raw-chia-seeds-i-eating-seeds-for-weight-loss-management-rich-in-calcium-protein-fiber-omega-3-non-gmo-and-fibre-reusable-antioxidant-healthy-breakfast-snack-400g-400ml,amazon,B0CRH5W2R7,199,,,,false,OOS,,,0,599,1099
2026-06-12,SVD,CHIA SEEDS 800G,jivo-premium-raw-chia-seeds-i-eating-seeds-for-weight-loss-management-rich-in-calcium-protein-fiber-omega-3-non-gmo-and-fibre-reusable-antioxidant-healthy-breakfast-snack-800g-800ml,amazon,B0CRHR4KYS,339,,,,false,OOS,,,0,899,2600
2026-06-12,SVD,CINNAMON BARK 100G,jivo-organic-cinnamon-sticks-bark-finest-dalchini-sticks-whole-spices-sourced-from-premium-origins-no-artificial-colors-or-preservatives-pack-for-cooking-seasoning-100g-100ml,amazon,B0D7CVQG35,89,,,,false,OOS,,,0,299,485
2026-06-12,SVD,CLOVE 100G,jivo-whole-clove-100-gm-no-artificial-colours-or-preservatives-100ml,amazon,B0D7CZ3WYW,209,,,,false,OOS,,,0,280,1250
2026-06-12,SVD,COCONUT 1L,jivo-pure-extra-virgin-coconut-oil-1-litre-nourishing-oil-bottle-for-skin-hair-growth-baby-massage-good-for-salad-dressing-zero-cholesterol-and-trans-fat-keto-diet-cooking-1l,amazon,B0BZ8K3DQP,539,559,559,559,true,ABOVE,20,3.71,0,700,700
2026-06-12,SVD,COCONUT 200ML,jivo-pure-extra-virgin-coconut-oil-200ml-nourishing-oil-bottle-for-skin-hair-growth-baby-massage-good-for-salad-dressing-zero-cholesterol-and-trans-fat-keto-diet-cooking-200ml,amazon,B0CGM7KSFV,129,169,169,169,true,ABOVE,40,31.01,0,285,285
2026-06-12,SVD,COCONUT 500ML,jivo-pure-extra-virgin-coconut-oil-500-ml-nourishing-oil-bottle-for-skin-hair-growth-baby-massage-good-for-salad-dressing-zero-cholesterol-and-trans-fat-keto-diet-cooking-500ml,amazon,B0CGN9Y3PT,279,289,289,289,true,ABOVE,10,3.58,0,695,399
2026-06-12,SVD,COFFEE,jivo-koffie-instant-smooth-premium-coffee-100-gm-soluble-instant-coffee-powder-easy-to-prepare-with-rich-aroma-and-taste-coffee-for-daily-use-100ml,amazon,B0C8Z7SZG6,239,249,249,249,true,ABOVE,10,4.18,0,350,350
2026-06-12,SVD,CUMIN SEEDS 100G,jivo-cumin-seeds-fresh-aromatic-natural-spice-for-cooking-no-added-colours-or-preservatives-perfect-for-baking-seasoning-and-flavoring-glutenfree-whole-jeera-seeds-100g-100ml,amazon,B0D8PMQCBV,75,,,,false,OOS,,,0,249,4999
2026-06-12,SVD,EXTRA LIGHT 1+1L,jivo-extra-light-olive-oil-2-litre-imported-from-spain-everyday-cooking-dressings-salads-soups-dips-marinades-low-in-saturated-fat-olive-oil-in-convenient-pet-bottle-for-easy-pouring-2l,amazon,B07WSJ45Q4,1189,1169,1169,1169,true,BELOW,-20,-1.68,1,2798,2998
2026-06-12,SVD,EXTRA LIGHT 1L,jivo-extra-light-olive-oil-1-litre-imported-from-spain-everyday-cooking-dressings-salad-soups-dips-and-marinades-all-culinary-uses-light-flavorful-high-mufa-rich-in-antioxidants-1l,amazon,B09HZY97FR,599,499,499,499,true,BELOW,-100,-16.69,1,1499,1499
2026-06-12,SVD,EXTRA LIGHT 2L,jivo-extra-light-olive-oil-2-litre-imported-from-spain-everyday-cooking-dressings-salads-soups-dips-marinades-low-in-saturated-fat-olive-oil-in-convenient-pet-bottle-for-easy-pouring-2l,amazon,B09NXCPZW1,1189,1010,1010,1010,true,BELOW,-179,-15.05,1,2799,2799
2026-06-12,SVD,EXTRA LIGHT 3L,jivo-extra-light-olive-oil-3-litre-imported-from-spain-recommended-for-daily-cooking-roasting-frying-baking-all-types-of-cuisines-low-in-saturated-fat-3l,amazon,B097ZZTW5C,1789,1595,1595,1595,true,BELOW,-194,-10.84,1,2200,2200
2026-06-12,SVD,EXTRA LIGHT 500ML,jivo-extra-light-olive-oil-500ml-imported-from-spain-everyday-use-for-cooking-dressings-salad-soups-dips-and-marinades-light-flavorful-high-mufa-rich-in-antioxidants-500ml,amazon,B0D9DBHG18,339,349,349,349,true,ABOVE,10,2.95,0,499,499
2026-06-12,SVD,EXTRA LIGHT 5L,jivo-extra-light-olive-oil-5-litre-tin-imported-from-spain-recommendable-daily-cooking-for-roasting-frying-baking-all-type-of-cuisines-low-saturated-fat-low-saturated-fat-5l,amazon,B07MNWTBDT,2969,2699,2699,2699,true,BELOW,-270,-9.09,1,6499,6499
2026-06-12,SVD,EXTRA VIRGIN 1L,jivo-extra-virgin-olive-oil-1-litre-imported-from-spain-contains-vitamin-e-low-in-saturated-fat-natural-cooking-oil-ideal-for-dressings-salad-and-soups-dips-marinades-1l,amazon,B093BMGPQC,789,809,809,809,true,ABOVE,20,2.53,0,1499,1799
2026-06-12,SVD,EXTRA VIRGIN 1L + 1L,jivo-extra-virgin-olive-oil-1-litre-contains-vitamin-e-low-in-saturated-fat-natural-cooking-oil-for-dressings-salad-and-soups-dips-marinades-pack-of-2-2l,amazon,B0CZP31DXK,1589,1609,1609,1609,true,ABOVE,20,1.26,0,2998,1998
2026-06-12,SVD,EXTRA VIRGIN 200ML,jivo-extra-virgin-olive-oil-200-ml-pet-bottle-imported-from-spain-contains-vitamin-e-low-in-saturated-fat-natural-cooking-oil-ideal-use-for-dressings-salad-and-soups-dips-marinades-200ml,amazon,B0CGNBY24B,189,189,189,189,true,MATCH,0,0,0,350,299
2026-06-12,SVD,EXTRA VIRGIN 250ML,jivo-extra-virgin-olive-oil-250-ml-glass-bottle-imported-from-spain-contains-vitamin-e-low-in-saturated-fat-natural-and-cold-pressed-cooking-oil-for-dressings-salad-and-soups-dips-marinades-250ml,amazon,B0CGM8QLXB,209,245,245,245,true,ABOVE,36,17.22,0,450,450
2026-06-12,SVD,EXTRA VIRGIN 2L,jivo-extra-virgin-olive-oil-2-litre-imported-from-spain-contains-vitamin-e-low-in-saturated-fat-natural-and-cold-pressed-cooking-oil-ideal-for-dressings-salad-and-soups-dips-marinades-2l,amazon,B0CH13ZG5M,1589,1399,1399,1399,true,BELOW,-190,-11.96,1,2700,3499
2026-06-12,SVD,EXTRA VIRGIN 3L,jivo-extra-virgin-olive-oil-3-litre-imported-from-spain-contains-vitamin-e-low-in-saturated-fat-natural-and-cold-pressed-cooking-oil-ideal-for-dressings-salad-and-soups-dips-marinades-3l,amazon,B0FQ2ZMFB9,2369,,,,false,OOS,,,0,4000,
2026-06-12,SVD,EXTRA VIRGIN 500ML,jivo-extra-virgin-olive-oil-500-ml-pet-bottle-imported-from-spain-contains-vitamin-e-low-in-saturated-fat-natural-and-cold-pressed-cooking-oil-for-dressings-salad-and-soups-dips-marinades-500ml,amazon,B0CGM7THVN,409,379,379,379,true,BELOW,-30,-7.33,1,675,999
2026-06-12,SVD,EXTRA VIRGIN 5L,jivo-extra-virgin-olive-oil-5-litre-tin-imported-from-spain-contains-vitamin-e-low-in-saturated-fat-natural-and-cold-pressed-cooking-oil-ideal-for-dressings-salad-and-soups-dips-marinades-5l,amazon,B09XR2YK8S,3939,3619,3619,3619,true,BELOW,-320,-8.12,1,7999,7999
2026-06-12,SVD,FLAX SEEDS 200G,jivo-flax-seeds-raw-alsi-seeds-for-eating-high-in-protein-iron-dietary-fibre-rich-in-essential-nutrients-ideal-for-adding-to-smoothies-salads-yogurt-baking-healthy-snack-option-200g-200ml,amazon,B0D8TPCV16,89,,,,false,OOS,,,0,249,599
2026-06-12,SVD,FLAX SEEDS 400G,jivo-flax-seeds-raw-alsi-seeds-for-smoothies-hair-growth-baking-more-rich-in-omega3-fiber-protein-essential-nutrients-100-natural-vegan-glutenfree-for-optimal-health-400g-400ml,amazon,B0D8TMZ523,179,,,,false,OOS,,,0,399,599
2026-06-12,SVD,FLAX SEEDS 800G,jivo-organic-flax-seeds-raw-alsi-seeds-for-smoothies-cereals-baking-more-rich-in-omega3-fiber-protein-essential-nutrients-100-natural-vegan-glutenfree-for-optimal-health-800g-800ml,amazon,B0D8TN9B9B,349,,,,false,OOS,,,0,750,599
2026-06-12,SVD,GINGER ALE 200ML,jivo-healthy-wheatgrass-body-detoxifying-immunity-booster-juice-sugar-free-200-ml-200ml,amazon,B0CYHFFZXG,39,,,,false,OOS,,,0,100,235
2026-06-12,SVD,GOLD 1+1,jivo-gold-refined-oil-blend-of-rice-bran-oil-sunflower-oil-cooking-oil-pro-healthy-lifestyle-edible-oil-1-litre-pack-of-2-2l,amazon,B0CWNVJN3B,369,,,,false,OOS,,,0,450,4999
2026-06-12,SVD,GOLD 1L,jivo-gold-premium-refined-cooking-oil-perfect-blend-of-rice-bran-sunflower-oil-natural-antioxidants-1-litre-pack-1l,amazon,B0CT5MYSDS,189,180,180,180,true,BELOW,-9,-4.76,1,225,225
2026-06-12,SVD,GOLD 5L,jivo-gold-refined-oil-perfect-blend-of-rice-bran-sunflower-oil-cooking-oil-rich-in-antioxidants-vitamins-pro-lifestyle-5l-family-pack-5l,amazon,B0C9Q1S6QG,939,961,961,961,true,ABOVE,22,2.34,0,1049,1050
2026-06-12,SVD,GREEN CARDAMOM 100G,jivo-green-cardamom-8mm-elaichi-whole-natural-spices-no-artificial-colors-or-preservatives-distinctive-flavor-aroma-premium-idukki-cardamom-for-cooking-baking-tea-100g-100ml,amazon,B0D7CZD2PB,479,499,499,499,true,ABOVE,20,4.18,0,799,799
2026-06-12,SVD,GROUNDNUT 1L,jivo-groundnut-oil-1-litre-cold-pressed-unrefined-peanut-oil-for-cooking-vitamin-a-d-fortified-chemicalfree-ground-nut-oil-1l-1l,amazon,B0CKFFW9B6,239,193,193,193,true,BELOW,-46,-19.25,1,400,560
2026-06-12,SVD,GROUNDNUT 5L,jivo-groundnut-oil-5-litre-cold-pressed-unrefined-peanut-oil-for-cooking-vitamin-a-d-fortified-chemicalfree-ground-nut-oil-5l,amazon,B0CKFFGC31,1169,1269,1269,1269,true,ABOVE,100,8.55,0,2800,2800
2026-06-12,SVD,JIVO POMACE 1L,jivo-daily-cooking-pomace-olive-oil-1-litre-imported-from-spain-rich-in-monounsaturated-fatty-acids-low-in-saturated-fat-ideal-for-roasting-frying-and-baking-1l,amazon,B0821DNF2W,429,379,379,379,true,BELOW,-50,-11.66,1,1049,649
2026-06-12,SVD,JIVO POMACE 1L + 1L,jivo-daily-cooking-pomace-olive-oil-1-litre-rich-in-mufa-low-in-saturated-fat-2l,amazon,B0CZP46SJX,849,758,758,758,true,BELOW,-91,-10.72,1,2098,1298
2026-06-12,SVD,JIVO POMACE 2L,jivo-everyday-cooking-pomace-olive-oil-2-litre-imported-from-spain-rich-in-mufa-low-in-saturated-fat-ideal-for-frying-roasting-baking-cooking-oil-for-daily-use-2l,amazon,B0C4FFYSLV,849,849,849,849,true,MATCH,0,0,0,1600,1449
2026-06-12,SVD,JIVO POMACE 5L,jivo-pomace-olive-oil-5-litre-tin-for-everyday-cooking-imported-from-spain-recommended-for-roasting-frying-and-baking-all-types-of-cuisines-rich-in-mufa-low-in-saturated-fat-5l,amazon,B07X53ZL6J,2119,1926,1926,1926,true,BELOW,-193,-9.11,1,4999,4999
2026-06-12,SVD,JIVO PUNJABI SHIKANJI 160 MLS,jivo-punjabi-shikanji-wheatgrass-juice-nimbu-shikanji-masala-drink-natural-summer-refreshment-160ml-160ml,amazon,B0GZ7PXVF8,219,,,,false,OOS,,,0,480,
2026-06-12,SVD,JIVO WATER 1L,jivo-natural-mineral-1l-1l,amazon,B0CSPMN88F,18,,,,false,OOS,,,0,30,
2026-06-12,SVD,JIVO WATER 250ML,jivo-mineral-water-250ml-250ml,amazon,B0CST1ZYNY,109,,,,false,OOS,,,0,360,
2026-06-12,SVD,JIVO WATER 500 MLS,jivo-natural-mineral-water-himalayan-origin-nonro-unprocessed-noncarbonated-additivefree-packaged-water-for-clean-hydration-500-ml-bottle-500ml,amazon,B0GZB4ZQV3,10,,,,false,OOS,,,0,15,
2026-06-12,SVD,MUSTARD 1L,jivo-cold-pressed-kachi-ghani-chemical-free-mustard-daily-cooking-oil-1-litre-recommended-for-roasting-frying-baking-all-type-of-cuisines-1l,amazon,B09NYCSQLF,209,176,176,176,true,BELOW,-33,-15.79,1,255,255
2026-06-12,SVD,MUSTARD 1L + 1L,jivo-kachi-ghani-chemical-free-mustard-daily-cooking-oil-1-litre-each-recommendable-for-roasting-frying-baking-all-type-of-cuisines-healthy-cooking-oil-for-daily-use-1l,amazon,B09HKPSS96,409,,,,false,OOS,,,0,500,4999
2026-06-12,SVD,MUSTARD 1L POUCH,jivo-cold-pressed-kachi-ghani-chemical-free-mustard-daily-cooking-oil-1-litre-pouch-recommendable-for-roasting-frying-baking-all-type-of-cuisines-1l,amazon,B0DRYVRYYM,209,,,,false,OOS,,,0,250,3750
2026-06-12,SVD,MUSTARD 3L,jivo-premium-cold-pressed-kachi-ghani-mustard-oil-3-litre-contains-omega3-and-vitamin-e-ideal-for-cooking-frying-pickling-daily-use-3l,amazon,B0GF22BHZ7,599,,,,false,OOS,,,0,765,300
2026-06-12,SVD,MUSTARD 4L,jivo-premium-cold-pressed-kachi-ghani-mustard-oil-4-litre-contains-omega3-and-vitamin-e-ideal-for-cooking-frying-pickling-daily-use-4l,amazon,B0GFFSDTGP,799,,,,false,OOS,,,0,1000,300
2026-06-12,SVD,MUSTARD 5L,jivo-premium-cold-pressed-kachi-ghani-mustard-oil-5-litre-contains-omega3-and-vitamin-e-ideal-for-cooking-frying-pickling-daily-use-5l,amazon,B091XPD9J3,999,985,985,985,true,BELOW,-14,-1.4,1,1250,1250
2026-06-12,SVD,POMACE 3L,jivo-everyday-cooking-pomace-olive-oil-3-litre-imported-from-spain-rich-in-mufa-low-in-saturated-fat-ideal-for-frying-roasting-baking-cooking-oil-for-daily-use-3l,amazon,B0FQ31J42X,1279,1299,1299,1299,true,ABOVE,20,1.56,0,3050,3050
2026-06-12,SVD,PUMPKIN SEEDS 200G,jivo-raw-pumpkin-seeds-healthy-snack-for-breakfast-high-in-fiber-antioxidants-ideal-for-diets-weight-management-nutritious-superfood-for-daily-wellness-hygienically-packed-200g-200ml,amazon,B0D8TR7R3Y,199,,,,false,OOS,,,0,399,599
2026-06-12,SVD,PUMPKIN SEEDS 400G,jivo-raw-pumpkin-seeds-healthy-snack-for-breakfast-high-in-fiber-antioxidants-ideal-for-diets-weight-management-nutritious-superfood-for-daily-wellness-hygienically-packed-400g-400ml,amazon,B0D8TR1ZCG,389,,,,false,OOS,,,0,699,599
2026-06-12,SVD,PUMPKIN SEEDS 800G,jivo-raw-pumpkin-seeds-healthy-snack-for-breakfast-high-in-fiber-antioxidants-ideal-for-diets-weight-management-nutritious-superfood-for-daily-wellness-hygienically-packed-800g-800ml,amazon,B0D8TPCPLS,769,,,,false,OOS,,,0,1299,1099
2026-06-12,SVD,PUNJABI JEERA 160ML,jivo-wheatgrass-punjabi-jeera-juice-160ml-tangy-cumin-flavored-refreshment-blended-with-fresh-wheatgrass-extract-convenient-pet-bottles-suitable-for-daily-hydration-refreshing-160ml,amazon,B0F9YVR47L,219,,,,false,OOS,,,0,360,235
2026-06-12,SVD,QUINOA SEEDS 200G,jivo-premium-quinoa-gluten-free-glutenfree-saponin-free-high-protein-fiber-healthy-breakfast-diet-food-for-weight-management-100-wholegrain-cereal-quinoa-jar-200g-200ml,amazon,B0DGT6CK3P,109,119,119,119,true,ABOVE,10,9.17,0,199,199
2026-06-12,SVD,QUINOA SEEDS 400G,jivo-premium-quinoa-gluten-free-glutenfree-saponin-free-high-protein-fiber-healthy-breakfast-diet-food-for-weight-management-100-wholegrain-cereal-quinoa-jar-400g-400ml,amazon,B0DGTFLQMS,169,169,169,169,true,MATCH,0,0,0,299,299
2026-06-12,SVD,QUINOA SEEDS 800G,jivo-premium-quinoa-gluten-free-glutenfree-saponin-free-high-protein-fiber-healthy-breakfast-diet-food-for-weight-management-100-wholegrain-cereal-quinoa-jar-800g-800ml,amazon,B0DGT6KQ4F,249,,,,false,OOS,,,0,399,490
2026-06-12,SVD,RICE BRAN 1L,jivo-rice-bran-oil-1-litre-cooking-oil-rich-in-antioxidants-ideal-for-deep-frying-sauting-baking-chemicalfree-1l,amazon,B0DBHQ2QWW,189,184,184,184,true,BELOW,-5,-2.65,1,285,285
2026-06-12,SVD,RICE BRAN 1L + 1L,,amazon,B0H2HDLB5Q,369,,,,false,OOS,,,0,570,
2026-06-12,SVD,RICE BRAN 4L,jivo-rice-bran-oil-4-litre-premium-cooking-oil-rich-in-antioxidants-ideal-for-deep-frying-sauteing-baking-chemicalfree-4l,amazon,B0GFWHTMT9,719,,,,false,OOS,,,0,1140,3500
2026-06-12,SVD,RICE BRAN 5L,jivo-rice-bran-oil-5-litre-premium-cooking-oil-rich-in-antioxidants-ideal-for-deep-frying-sauteing-baking-chemicalfree-5l,amazon,B0DBJ13FKL,909,959,959,959,true,ABOVE,50,5.5,0,1425,1425
2026-06-12,SVD,ROSEMARY LEAVES 150 GMS,jivo-rosemary-leaves-whole-natural-no-preservatives-or-additives-ideal-for-hair-growth-herbal-tea-seasoning-and-cooking-salvia-rosmarinus-150ml,amazon,B0DGTNDH9L,169,,,,false,OOS,,,0,499,300
2026-06-12,SVD,SAFFRON 1GMS,jivo-pure-kashmiri-saffron-a-grade-kesar-rich-in-antioxidants-boosts-immunity-skin-glow-overall-wellness-1ml,amazon,B0FNDJBJPV,499,,,,false,OOS,,,0,899,900
2026-06-12,SVD,SANO CANOLA 1L,sano-canola-oil-cooking-oil-for-daily-use-recommended-for-all-types-of-cuisines-ideal-for-conscious-cooking-1-liter-1l,amazon,B0CK2D4XCH,249,259,259,259,true,ABOVE,10,4.02,0,475,475
2026-06-12,SVD,SANO CANOLA 5L,sano-canola-cooking-oil-for-daily-use-recommended-for-all-types-of-cuisines-lowest-in-saturated-fat-content-ideal-for-healthconscious-cooking-5-litre-smart-cooking-choice-5l,amazon,B0CK2B158Y,1199,,,,false,OOS,,,0,1950,4999
2026-06-12,SVD,SANO CLASSIC 1L,sano-extra-light-olive-oil-1-litre-product-of-spain-ideal-for-all-indian-and-western-cuisines-perfect-for-cooking-frying-roasting-grilling-and-baking-versatile-and-smart-cooking-oil-1l,amazon,B0CCVF1XVS,559,,,,false,OOS,,,0,1399,2700
2026-06-12,SVD,SANO CLASSIC 5L,sano-classic-olive-oil-5-litre-ideal-for-all-indian-and-western-cuisines-perfect-for-cooking-frying-roasting-grilling-and-baking-versatile-and-healthy-cooking-oil-5l,amazon,B0CKBFKQ4P,2609,,,,false,OOS,,,0,6499,2700
2026-06-12,SVD,SANO MUSTARD 1L,sano-pure-fresh-kachi-ghani-mustard-oil-1-litre-pet-bottle-high-pungency-rich-in-omega3-100-natural-authentic-indian-cooking-oil-boosts-heart-health-1l,amazon,B0C77PZ83B,199,209,209,209,true,ABOVE,10,5.03,0,235,235
2026-06-12,SVD,SANO MUSTARD 5L,sano-pure-and-aromatic-kachi-ghani-mustard-oil-5l-pet-bottle-100-natural-ideal-for-cooking-pickling-and-health-benefits-edible-oil-5l,amazon,B0C77VSKBL,949,,,,false,OOS,,,0,1200,3750
2026-06-12,SVD,SANO POMACE 1L,sano-pomace-olive-oil-1l-pet-bottle-ideal-for-deep-frying-sauting-roasting-high-smoke-point-cooking-oil-for-indian-kitchen-1000ml-1l,amazon,B0CF9RQ9PL,399,419,419,419,true,ABOVE,20,5.01,0,999,999
2026-06-12,SVD,SANO POMACE 5L,sano-pomace-olive-oil-5l-ideal-for-frying-roasting-sauting-rich-neutral-flavour-high-smoke-point-versatile-edible-cooking-oil-for-indian-cuisine-5l,amazon,B0CFFSWMXZ,1969,1999,1999,1999,true,ABOVE,30,1.52,0,4499,4599
2026-06-12,SVD,SANO SOYABEAN 1L,sano-soyabean-oil-1-ltr-pet-bottle-pure-natural-nutrientrich-cooking-oil-ideal-for-healthy-delights-in-cooking-frying-and-baking-perfect-for-indian-and-international-cuisines-1l,amazon,B0C77V6LL7,189,199,199,199,true,ABOVE,10,5.29,0,225,225
2026-06-12,SVD,SANO SOYABEAN 5L,sano-soybean-oil-5-ltr-pet-bottle-allnatural-nutrientrich-cooking-oil-with-a-high-omega3-content-and-a-low-saturated-fat-content-ideal-for-delicious-and-healthful-meals-5l,amazon,B0C3QYP96Z,899,949,949,949,true,ABOVE,50,5.56,0,1450,1450
2026-06-12,SVD,SANO SUNFLOWER 1L,sano-sunflower-oil-1-litre-pet-bottle-pure-nutrientrich-sunflower-cooking-oil-with-high-smoke-point-ideal-for-frying-sauting-and-baking-1l,amazon,B0C3QV7FV6,209,,,,false,OOS,,,0,280,649
2026-06-12,SVD,SANO SUNFLOWER 5L,sano-sunflower-oil-5-ltr-pet-bottle-pure-nutrient-rich-cooking-oil-with-high-smoke-point-ideal-for-frying-sauting-and-baking-all-type-of-cuisines-5l,amazon,B0C7KSLVLB,1029,,,,false,OOS,,,0,1475,4999
2026-06-12,SVD,SESAME 1L + 1L,,amazon,B0H2B92WLP,649,,,,false,OOS,,,0,1200,
2026-06-12,SVD,SESAME OIL 1L,jivo-first-pressed-sesame-oil-1l-bottle-gingelly-oil-contains-mufa-and-omega6-pufa-natural-antioxidants-ideal-for-cooking-1l,amazon,B0FDKZPGX1,329,349,349,349,true,ABOVE,20,6.08,0,600,600
2026-06-12,SVD,SO OLIVE 1L,jivo-so-olive-oil-1-litre-blend-of-rice-bran-olive-oil-nutritious-cooking-oil-for-a-healthy-lifestyle-ideal-for-daily-use-edible-oil-1l,amazon,B0DC6JR4F3,279,289,289,289,true,ABOVE,10,3.58,0,325,325
2026-06-12,SVD,SO OLIVE 1L + 1L,,amazon,B0H2HJKJH1,549,,,,false,OOS,,,0,650,
2026-06-12,SVD,SO OLIVE 5L,jivo-so-olive-oil-5-litre-blend-of-rice-bran-olive-oil-nutritious-cooking-oil-for-a-healthy-lifestyle-ideal-for-daily-use-edible-oil-5l,amazon,B0DC6WMYM6,1369,1419,1419,1419,true,ABOVE,50,3.65,0,1625,1625
2026-06-12,SVD,SODA 750ML,jivo-extra-fizzy-soda-750-ml-soda-750ml,amazon,B0D2KLSTFZ,15,,,,false,OOS,,,0,30,285
2026-06-12,SVD,SODA LEMON 750ML,jivo-fizzy-soda-flavoured-with-lemon-750ml-carbonated-water-zero-sugar-zero-calories-i-pack-of-1-750ml,amazon,B0DP36SDGD,45,,,,false,OOS,,,0,55,210
2026-06-12,SVD,SOYABEAN 1L,jivo-cooking-edible-soyabean-oil-1-litre-high-in-omega6-pufa-contains-tocopherols-natural-antioxidant-suitable-for-daily-cooking-1l,amazon,B0B6HNNL5B,199,209,209,209,true,ABOVE,10,5.03,0,225,225
2026-06-12,SVD,SOYABEAN 1L + 1L,jivo-soyabean-cooking-oil-1-litre-bottles-pack-of-2-litres-ideal-for-roasting-frying-and-baking-healthy-cooking-oil-for-daily-use-pack-of-2-1l,amazon,B0B7JJ7C9W,389,449,449,449,true,ABOVE,60,15.42,0,1100,450
2026-06-12,SVD,SOYABEAN 1L POUCH,jivo-soyabean-oil-pouch-1-litre-edible-cooking-oil-for-daily-use-ideal-for-roasting-frying-and-baking-high-in-omega3-and-low-in-saturated-fat-1l,amazon,B0BZ4WPT43,199,,,,false,OOS,,,0,199,4999
2026-06-12,SVD,SOYABEAN 5L,jivo-cooking-edible-soyabean-oil-5-litre-high-in-omega6-pufa-contains-tocopherols-natural-antioxidant-suitable-for-daily-cooking-5l,amazon,B0B6HPPMXL,949,,,,false,OOS,,,0,1100,4999
2026-06-12,SVD,SPRING WATER 750ML,jivo-diet-fizzy-peach-natural-spring-water-peach-750ml-750ml,amazon,B0D2TVRMB6,50,,,,false,OOS,,,0,55,1200
2026-06-12,SVD,SUNFLOWER 1L,jivo-cold-pressed-unrefined-sunflower-oil-1-litre-chemicalfree-oil-for-cooking-ideal-for-roasting-frying-baking-and-all-types-of-cuisines-1l,amazon,B0B4SJTNF2,219,207,207,207,true,BELOW,-12,-5.48,1,275,275
2026-06-12,SVD,SUNFLOWER 1L + 1L,jivo-cold-pressed-chemical-free-sunflower-oil-1-litre-ideal-for-roasting-frying-baking-all-types-of-cuisines-healthy-cooking-oil-for-daily-use-pack-of-2-litres-2l,amazon,B0992GRH3Z,429,,,,false,OOS,,,0,550,4999
2026-06-12,SVD,SUNFLOWER 3L,jivo-cold-pressed-chemicalfree-sunflower-oil-3-litres-chemicalfree-oil-for-cooking-ideal-for-roasting-frying-baking-and-all-types-of-cuisines-sunflower-oil-3l,amazon,B0GDV29RCN,649,,,,false,OOS,,,0,825,300
2026-06-12,SVD,SUNFLOWER 4L,jivo-sunflower-oil-4-litres-pure-natural-oil-for-cooking-ideal-for-roasting-frying-baking-and-all-types-of-cuisines-sunflower-oil-4l,amazon,B0FPMJPCFM,869,,,,false,OOS,,,0,1038,1425
2026-06-12,SVD,SUNFLOWER 5L,jivo-cold-pressed-unrefined-sunflower-oil-5-litres-chemicalfree-oil-for-cooking-ideal-for-roasting-frying-baking-and-all-types-of-cuisines-5l,amazon,B0991VMDB1,1049,1139,1139,1139,true,ABOVE,90,8.58,0,1350,1350
2026-06-12,SVD,SUNFLOWER SEEDS 200G,jivo-sunflower-seeds-200g-raw-natural-sunflower-seeds-for-snacking-healthy-snack-option-ideal-for-weight-management-antioxidants-great-for-diets-nutrientrich-food-packed-with-protein-200ml,amazon,B0D8TT92SH,129,,,,false,OOS,,,0,299,4999
2026-06-12,SVD,SUNFLOWER SEEDS 400G,jivo-sunflower-seeds-raw-natural-sunflower-seeds-for-healthy-snacking-high-in-protein-fiber-antioxidants-ideal-for-weight-management-clean-eating-nutrientrich-diets-400g-400ml,amazon,B0D8TRK651,249,,,,false,OOS,,,0,499,4999
2026-06-12,SVD,SUNFLOWER SEEDS 800G,jivo-sunflower-seeds-raw-natural-sunflower-seeds-for-healthy-snacking-high-in-protein-fiber-antioxidants-ideal-for-weight-management-diets-clean-eating-glutenfree-nongmo-800g-800ml,amazon,B0D8TPSX1V,369,,,,false,OOS,,,0,899,4999
2026-06-12,SVD,WG MANGO JUICE 500ML,jivo-healthy-wheatgrass-juice-with-mango-flavor-body-detox-immunity-booster-natural-ingredients-500ml-500ml,amazon,B0DM2G4YCC,35,,,,false,OOS,,,0,100,750
2026-06-12,SVD,YELLOW MUSTARD 1L,jivo-first-pressed-yellow-mustard-oil-1-litre-pili-sarson-oil-for-cooking-chemicalfree-ideal-for-roasting-frying-baking-omega3-pufa-tocopherols-added-vitamins-a-d-for-diverse-cuisines-1l,amazon,B0FF9P7XVX,259,237,237,237,true,BELOW,-22,-8.49,1,375,395
2026-06-12,SVD,YELLOW MUSTARD 1L + 1L,,amazon,B0GX19RGQH,509,,,,false,OOS,,,0,750,
2026-06-12,SVD,YELLOW MUSTARD 5L,jivo-first-pressed-yellow-mustard-oil-5-litre-pili-sarson-oil-for-cooking-chemicalfree-ideal-for-roasting-frying-baking-omega3-pufa-tocopherols-added-vitamins-a-d-for-diverse-cuisines-5l,amazon,B0GF1Z3DXR,1269,1329,1329,1329,true,ABOVE,60,4.73,0,2000,1795
2026-06-12,SVD,A2 GHEE 1L,ghegeujjnscchwq9,flipkart,GHEGEUJJNSCCHWQ9,1309,,,,false,OOS,,,0,4000,4000
2026-06-12,SVD,A2 GHEE 500ML,ghehhzbqjbnvzggq,flipkart,GHEHHZBQJBNVZGGQ,709,613,613,613,true,BELOW,-96,-13.54,1,2200,2200
2026-06-12,SVD,BASIL SEEDS 200G,edsh4zf2vbebfjuq,flipkart,EDSH4ZF2VBEBFJUQ,69,,,,false,OOS,,,0,349,349
2026-06-12,SVD,BASIL SEEDS 400G,,flipkart,,189,,,,false,NOT_LISTED,,,0,599,
2026-06-12,SVD,BASIL SEEDS 800G,edsh4yk7vc4zcnpu,flipkart,EDSH4YK7VC4ZCNPU,329,,,,false,OOS,,,0,1099,1099
2026-06-12,SVD,BLACK CARDAMOM 100G,scmh4h8hzj8ahq9g,flipkart,SCMH4H8HZJ8AHQ9G,289,,,,false,OOS,,,0,549,
2026-06-12,SVD,BLACK OLIVE 470G,,flipkart,,209,,,,false,NOT_LISTED,,,0,399,
2026-06-12,SVD,BLACK PEPPER 100G,scmh2hmc2u7pqmnv,flipkart,SCMH2HMC2U7PQMNV,135,,,,false,OOS,,,0,399,399
2026-06-12,SVD,CANOLA 1+1L,edofrxtmjgae9dct,flipkart,EDOFRXTMJGAE9DCT,509,572,572,572,true,ABOVE,63,12.38,0,750,750
2026-06-12,SVD,CANOLA 1L,edogdtnzgdahuduj,flipkart,EDOGDTNZGDAHUDUJ,259,319,319,319,true,ABOVE,60,23.17,0,375,375
2026-06-12,SVD,CANOLA 1L + 1L,edofrxtmjgae9dct,flipkart,EDOFRXTMJGAE9DCT,509,572,572,572,true,ABOVE,63,12.38,0,750,750
2026-06-12,SVD,CANOLA 1L POUCH,,flipkart,,259,,,,false,NOT_LISTED,,,0,299,
2026-06-12,SVD,CANOLA 3L,edoghersuqwaau5s,flipkart,EDOGHERSUQWAAU5S,769,,,,false,OOS,,,0,690,
2026-06-12,SVD,CANOLA 4L,,flipkart,,1149,,,,false,NOT_LISTED,,,0,1199,
2026-06-12,SVD,CANOLA 5L,edoftx47swwqprvs,flipkart,EDOFTX47SWWQPRVS,1249,1254,1254,1254,true,ABOVE,5,0.4,0,1650,1650
2026-06-12,SVD,CHIA SEEDS 200G,edsh4ygygrwrqrgk,flipkart,EDSH4YGYGRWRQRGK,99,,,,false,OOS,,,0,299,
2026-06-12,SVD,CHIA SEEDS 400G,edsgxe59s7agkhug,flipkart,EDSGXE59S7AGKHUG,199,,,,false,OOS,,,0,599,
2026-06-12,SVD,CHIA SEEDS 800G,edsh3fjv4pejdfan,flipkart,EDSH3FJV4PEJDFAN,339,,,,false,OOS,,,0,899,899
2026-06-12,SVD,CINNAMON BARK 100G,scmh4h8snyfgcykm,flipkart,SCMH4H8SNYFGCYKM,89,,,,false,OOS,,,0,299,
2026-06-12,SVD,CLOVE 100G,scmhckzekpqwve5v,flipkart,SCMHCKZEKPQWVE5V,209,,,,false,OOS,,,0,280,
2026-06-12,SVD,COCONUT 1L,edogpm99cpxseuyn,flipkart,EDOGPM99CPXSEUYN,539,534,534,534,true,BELOW,-5,-0.93,1,700,700
2026-06-12,SVD,COCONUT 200ML,,flipkart,,129,,,,false,NOT_LISTED,,,0,285,
2026-06-12,SVD,COCONUT 500ML,edohf5f6bs3mehjd,flipkart,EDOHF5F6BS3MEHJD,279,221,221,221,true,BELOW,-58,-20.79,1,695,398
2026-06-12,SVD,COFFEE,cfegmj5gje7hd3dq,flipkart,CFEGMJ5GJE7HD3DQ,239,,,,false,OOS,,,0,350,350
2026-06-12,SVD,CUMIN SEEDS 100G,scmh3fhauzysnuab,flipkart,SCMH3FHAUZYSNUAB,75,,,,false,OOS,,,0,249,
2026-06-12,SVD,EXTRA LIGHT 1+1L,qwrggc46ukqkvces,flipkart,QWRGGC46UKQKVCES,1189,,,,false,OOS,,,0,2798,
2026-06-12,SVD,EXTRA LIGHT 1L,edoge5whzbgw4ska,flipkart,EDOGE5WHZBGW4SKA,599,,,,false,OOS,,,0,1499,
2026-06-12,SVD,EXTRA LIGHT 2L,edoft6pr7qmyhgjh,flipkart,EDOFT6PR7QMYHGJH,1189,1004,1004,1004,true,BELOW,-185,-15.56,1,2799,2998
2026-06-12,SVD,EXTRA LIGHT 3L,edohzyysyez2yvtm,flipkart,EDOHZYYSYEZ2YVTM,1789,,,,false,OOS,,,0,2200,3899
2026-06-12,SVD,EXTRA LIGHT 500ML,,flipkart,,339,,,,false,NOT_LISTED,,,0,499,
2026-06-12,SVD,EXTRA LIGHT 5L,edofzfufcqdjhtqf,flipkart,EDOFZFUFCQDJHTQF,2969,2793,2793,2793,true,BELOW,-176,-5.93,1,6499,6499
2026-06-12,SVD,EXTRA VIRGIN 1L,edog2nmeharedmz3,flipkart,EDOG2NMEHAREDMZ3,789,872,872,872,true,ABOVE,83,10.52,0,1499,1799
2026-06-12,SVD,EXTRA VIRGIN 1L + 1L,qwrgemns9zpzgwjh,flipkart,QWRGEMNS9ZPZGWJH,1589,1345,1345,1345,true,BELOW,-244,-15.36,1,2998,2998
2026-06-12,SVD,EXTRA VIRGIN 200ML,edohgpf2zq9rqpb3,flipkart,EDOHGPF2ZQ9RQPB3,189,,,,false,OOS,,,0,350,
2026-06-12,SVD,EXTRA VIRGIN 250ML,edoguy3fp4y3rvqm,flipkart,EDOGUY3FP4Y3RVQM,209,219,219,219,true,ABOVE,10,4.78,0,450,450
2026-06-12,SVD,EXTRA VIRGIN 2L,edog2nmphjzh6gjc,flipkart,EDOG2NMPHJZH6GJC,1589,1325,1325,1325,true,BELOW,-264,-16.61,1,2700,3598
2026-06-12,SVD,EXTRA VIRGIN 3L,,flipkart,,2369,,,,false,NOT_LISTED,,,0,4000,
2026-06-12,SVD,EXTRA VIRGIN 500ML,edogwgz7tq6zzt3h,flipkart,EDOGWGZ7TQ6ZZT3H,409,396,396,396,true,BELOW,-13,-3.18,1,675,998
2026-06-12,SVD,EXTRA VIRGIN 5L,edogdtxggcgfce88,flipkart,EDOGDTXGGCGFCE88,3939,,,,false,OOS,,,0,7999,5995
2026-06-12,SVD,FLAX SEEDS 200G,edsh4zgfwpsuy7rh,flipkart,EDSH4ZGFWPSUY7RH,89,,,,false,OOS,,,0,249,249
2026-06-12,SVD,FLAX SEEDS 400G,edsh5avfzrhq43rz,flipkart,EDSH5AVFZRHQ43RZ,179,,,,false,OOS,,,0,399,399
2026-06-12,SVD,FLAX SEEDS 800G,edsh5bx4umfr4xyf,flipkart,EDSH5BX4UMFR4XYF,349,,,,false,OOS,,,0,750,750
2026-06-12,SVD,GINGER ALE 200ML,,flipkart,,39,,,,false,NOT_LISTED,,,0,100,
2026-06-12,SVD,GOLD 1+1,edogyj7syy4h2mdh,flipkart,EDOGYJ7SYY4H2MDH,369,405,405,405,true,ABOVE,36,9.76,0,450,450
2026-06-12,SVD,GOLD 1L,edogxyeferfxp3zy,flipkart,EDOGXYEFERFXP3ZY,189,220,220,220,true,ABOVE,31,16.4,0,225,350
2026-06-12,SVD,GOLD 5L,edogrf8rmwnygjpe,flipkart,EDOGRF8RMWNYGJPE,939,,,,false,OOS,,,0,1049,1049
2026-06-12,SVD,GREEN CARDAMOM 100G,scmh4h8nch2pkywv,flipkart,SCMH4H8NCH2PKYWV,479,,,,false,OOS,,,0,799,
2026-06-12,SVD,GROUNDNUT 1L,edogwf6ugcwrregz,flipkart,EDOGWF6UGCWRREGZ,239,300,300,300,true,ABOVE,61,25.52,0,400,560
2026-06-12,SVD,GROUNDNUT 5L,edoh9p7nnnjuxgzp,flipkart,EDOH9P7NNNJUXGZP,1169,,,,false,OOS,,,0,2800,
2026-06-12,SVD,JIVO POMACE 1L,edohyrptdvezvz8e,flipkart,EDOHYRPTDVEZVZ8E,429,563,563,563,true,ABOVE,134,31.24,0,1049,1049
2026-06-12,SVD,JIVO POMACE 1L + 1L,edohyrrpj3h7nhhn,flipkart,EDOHYRRPJ3H7NHHN,849,780,780,780,true,BELOW,-69,-8.13,1,2098,1899
2026-06-12,SVD,JIVO POMACE 2L,edogyzhgusaddg9b,flipkart,EDOGYZHGUSADDG9B,849,826,826,826,true,BELOW,-23,-2.71,1,1600,2098
2026-06-12,SVD,JIVO POMACE 5L,edoge5xhfzn2hz9d,flipkart,EDOGE5XHFZN2HZ9D,2119,1827,1827,1827,true,BELOW,-292,-13.78,1,4999,4999
2026-06-12,SVD,JIVO PUNJABI SHIKANJI 160 MLS,,flipkart,,219,,,,false,NOT_LISTED,,,0,480,
2026-06-12,SVD,JIVO WATER 1L,,flipkart,,18,,,,false,NOT_LISTED,,,0,30,
2026-06-12,SVD,JIVO WATER 250ML,,flipkart,,109,,,,false,NOT_LISTED,,,0,360,
2026-06-12,SVD,JIVO WATER 500 MLS,,flipkart,,10,,,,false,NOT_LISTED,,,0,15,
2026-06-12,SVD,MUSTARD 1L,edogdvwygjndyrqp,flipkart,EDOGDVWYGJNDYRQP,209,,,,false,OOS,,,0,255,357
2026-06-12,SVD,MUSTARD 1L + 1L,qwrgemqzxaywvm4m,flipkart,QWRGEMQZXAYWVM4M,409,412,412,412,true,ABOVE,3,0.73,0,500,510
2026-06-12,SVD,MUSTARD 1L POUCH,,flipkart,,209,,,,false,NOT_LISTED,,,0,250,
2026-06-12,SVD,MUSTARD 3L,edogkc6kwybcnngh,flipkart,EDOGKC6KWYBCNNGH,599,,,,false,OOS,,,0,765,750
2026-06-12,SVD,MUSTARD 4L,edohgwu9wapbehwk,flipkart,EDOHGWU9WAPBEHWK,799,,,,false,OOS,,,0,1000,
2026-06-12,SVD,MUSTARD 5L,edoh9phgzg9h4gvt,flipkart,EDOH9PHGZG9H4GVT,999,,,,false,OOS,,,0,1250,
2026-06-12,SVD,POMACE 3L,edogfyrutbcs6yhw,flipkart,EDOGFYRUTBCS6YHW,1279,1194,1194,1194,true,BELOW,-85,-6.65,1,3050,2247
2026-06-12,SVD,PUMPKIN SEEDS 200G,edsh5avcxwvgycyt,flipkart,EDSH5AVCXWVGYCYT,199,,,,false,OOS,,,0,399,399
2026-06-12,SVD,PUMPKIN SEEDS 400G,edsh5avgyvmtpzec,flipkart,EDSH5AVGYVMTPZEC,389,,,,false,OOS,,,0,699,
2026-06-12,SVD,PUMPKIN SEEDS 800G,edsh4zzgcgcmyvfh,flipkart,EDSH4ZZGCGCMYVFH,769,,,,false,OOS,,,0,1299,1299
2026-06-12,SVD,PUNJABI JEERA 160ML,,flipkart,,219,,,,false,NOT_LISTED,,,0,360,
2026-06-12,SVD,QUINOA SEEDS 200G,,flipkart,,109,,,,false,NOT_LISTED,,,0,199,
2026-06-12,SVD,QUINOA SEEDS 400G,,flipkart,,169,,,,false,NOT_LISTED,,,0,299,
2026-06-12,SVD,QUINOA SEEDS 800G,,flipkart,,249,,,,false,NOT_LISTED,,,0,399,
2026-06-12,SVD,RICE BRAN 1L,edohf5ykx4kjregk,flipkart,EDOHF5YKX4KJREGK,189,225,225,225,true,ABOVE,36,19.05,0,285,285
2026-06-12,SVD,RICE BRAN 1L + 1L,edohbh2fp9es6gga,flipkart,EDOHBH2FP9ES6GGA,369,391,391,391,true,ABOVE,22,5.96,0,570,570
2026-06-12,SVD,RICE BRAN 4L,,flipkart,,719,,,,false,NOT_LISTED,,,0,1140,
2026-06-12,SVD,RICE BRAN 5L,edoh3yz46gfvhepb,flipkart,EDOH3YZ46GFVHEPB,909,1033,1033,1033,true,ABOVE,124,13.64,0,1425,1425
2026-06-12,SVD,ROSEMARY LEAVES 150 GMS,,flipkart,,169,,,,false,NOT_LISTED,,,0,499,
2026-06-12,SVD,SAFFRON 1GMS,scmhg4hdys45ycaz,flipkart,SCMHG4HDYS45YCAZ,499,,,,false,OOS,,,0,899,899
2026-06-12,SVD,SANO CANOLA 1L,edogvh5wwcxqnjhf,flipkart,EDOGVH5WWCXQNJHF,249,,,,false,OOS,,,0,475,475
2026-06-12,SVD,SANO CANOLA 5L,edogw3gwc36phwky,flipkart,EDOGW3GWC36PHWKY,1199,,,,false,OOS,,,0,1950,1950
2026-06-12,SVD,SANO CLASSIC 1L,edogvef33gyxkhew,flipkart,EDOGVEF33GYXKHEW,559,,,,false,OOS,,,0,1399,1299
2026-06-12,SVD,SANO CLASSIC 5L,edohagdyvqwt6gng,flipkart,EDOHAGDYVQWT6GNG,2609,,,,false,OOS,,,0,6499,
2026-06-12,SVD,SANO MUSTARD 1L,,flipkart,,199,,,,false,NOT_LISTED,,,0,235,
2026-06-12,SVD,SANO MUSTARD 5L,edogqthv2rjybfr9,flipkart,EDOGQTHV2RJYBFR9,949,,,,false,OOS,,,0,1200,1200
2026-06-12,SVD,SANO POMACE 1L,edogrrxuhzzhz2wz,flipkart,EDOGRRXUHZZHZ2WZ,399,387,387,387,true,BELOW,-12,-3.01,1,999,999
2026-06-12,SVD,SANO POMACE 5L,edogrsy3tnxgejpj,flipkart,EDOGRSY3TNXGEJPJ,1969,1813,1813,1813,true,BELOW,-156,-7.92,1,4499,4599
2026-06-12,SVD,SANO SOYABEAN 1L,,flipkart,,189,,,,false,NOT_LISTED,,,0,225,
2026-06-12,SVD,SANO SOYABEAN 5L,,flipkart,,899,,,,false,NOT_LISTED,,,0,1450,
2026-06-12,SVD,SANO SUNFLOWER 1L,edogqwu2jyazcgzm,flipkart,EDOGQWU2JYAZCGZM,209,,,,false,OOS,,,0,280,291
2026-06-12,SVD,SANO SUNFLOWER 5L,,flipkart,,1029,,,,false,NOT_LISTED,,,0,1475,
2026-06-12,SVD,SESAME 1L + 1L,,flipkart,,649,,,,false,NOT_LISTED,,,0,1200,
2026-06-12,SVD,SESAME OIL 1L,edohdgcrehez8kpz,flipkart,EDOHDGCREHEZ8KPZ,329,346,346,346,true,ABOVE,17,5.17,0,600,600
2026-06-12,SVD,SO OLIVE 1L,edoh5he7fczjwtaw,flipkart,EDOH5HE7FCZJWTAW,279,237,237,237,true,BELOW,-42,-15.05,1,325,325
2026-06-12,SVD,SO OLIVE 1L + 1L,edohbh2urwdmhpxc,flipkart,EDOHBH2URWDMHPXC,549,563,563,563,true,ABOVE,14,2.55,0,650,650
2026-06-12,SVD,SO OLIVE 5L,edoh5hehthkwthyy,flipkart,EDOH5HEHTHKWTHYY,1369,1364,1364,1364,true,BELOW,-5,-0.37,1,1625,1625
2026-06-12,SVD,SODA 750ML,,flipkart,,15,,,,false,NOT_LISTED,,,0,30,
2026-06-12,SVD,SODA LEMON 750ML,,flipkart,,45,,,,false,NOT_LISTED,,,0,55,
2026-06-12,SVD,SOYABEAN 1L,,flipkart,,199,,,,false,NOT_LISTED,,,0,225,
2026-06-12,SVD,SOYABEAN 1L + 1L,edoggpfz2fcj6uws,flipkart,EDOGGPFZ2FCJ6UWS,389,,,,false,OOS,,,0,1100,
2026-06-12,SVD,SOYABEAN 1L POUCH,,flipkart,,199,,,,false,NOT_LISTED,,,0,199,
2026-06-12,SVD,SOYABEAN 5L,edoggf7edc9pffhh,flipkart,EDOGGF7EDC9PFFHH,949,,,,false,OOS,,,0,1100,1100
2026-06-12,SVD,SPRING WATER 750ML,,flipkart,,50,,,,false,NOT_LISTED,,,0,55,
2026-06-12,SVD,SUNFLOWER 1L,qwrgemp4hbfd4gf3,flipkart,QWRGEMP4HBFD4GF3,219,,,,false,OOS,,,0,275,
2026-06-12,SVD,SUNFLOWER 1L + 1L,,flipkart,,429,,,,false,NOT_LISTED,,,0,550,
2026-06-12,SVD,SUNFLOWER 3L,edoghzsebqyya6zw,flipkart,EDOGHZSEBQYYA6ZW,649,,,,false,OOS,,,0,825,825
2026-06-12,SVD,SUNFLOWER 4L,edohgwsvungy8y3m,flipkart,EDOHGWSVUNGY8Y3M,869,,,,false,OOS,,,0,1038,1080
2026-06-12,SVD,SUNFLOWER 5L,edogdvfwgprvttms,flipkart,EDOGDVFWGPRVTTMS,1049,1204,1204,1204,true,ABOVE,155,14.78,0,1350,1350
2026-06-12,SVD,SUNFLOWER SEEDS 200G,edsh5avjzcsan5p3,flipkart,EDSH5AVJZCSAN5P3,129,,,,false,OOS,,,0,299,
2026-06-12,SVD,SUNFLOWER SEEDS 400G,edsh66rre84eyvhc,flipkart,EDSH66RRE84EYVHC,249,,,,false,OOS,,,0,499,
2026-06-12,SVD,SUNFLOWER SEEDS 800G,edsh63q3yyywhmuh,flipkart,EDSH63Q3YYYWHMUH,369,,,,false,OOS,,,0,899,899
2026-06-12,SVD,WG MANGO JUICE 500ML,,flipkart,,35,,,,false,NOT_LISTED,,,0,100,
2026-06-12,SVD,YELLOW MUSTARD 1L,edohdgdyauqswvqv,flipkart,EDOHDGDYAUQSWVQV,259,237,237,237,true,BELOW,-22,-8.49,1,375,340
2026-06-12,SVD,YELLOW MUSTARD 1L + 1L,edohnfqudf32jhzr,flipkart,EDOHNFQUDF32JHZR,509,572,572,572,true,ABOVE,63,12.38,0,750,790
2026-06-12,SVD,YELLOW MUSTARD 5L,,flipkart,,1269,,,,false,NOT_LISTED,,,0,2000,
2026-06-12,SVD,A2 GHEE 1L,,amazon-fresh,,1309,,,,false,NOT_LISTED,,,0,4000,
2026-06-12,SVD,A2 GHEE 500ML,,amazon-fresh,,709,,,,false,NOT_LISTED,,,0,2200,
2026-06-12,SVD,BASIL SEEDS 200G,,amazon-fresh,,69,,,,false,NOT_LISTED,,,0,349,
2026-06-12,SVD,BASIL SEEDS 400G,,amazon-fresh,,189,,,,false,NOT_LISTED,,,0,599,
2026-06-12,SVD,BASIL SEEDS 800G,,amazon-fresh,,329,,,,false,NOT_LISTED,,,0,1099,
2026-06-12,SVD,BLACK CARDAMOM 100G,,amazon-fresh,,289,,,,false,NOT_LISTED,,,0,549,
2026-06-12,SVD,BLACK OLIVE 470G,,amazon-fresh,,209,,,,false,NOT_LISTED,,,0,399,
2026-06-12,SVD,BLACK PEPPER 100G,,amazon-fresh,,135,,,,false,NOT_LISTED,,,0,399,
2026-06-12,SVD,CANOLA 1+1L,jivo-canola-cold-pressed-edible-oil-11-litres-1l,amazon-fresh,B0152TWWSQ,509,464,464,750,true,BELOW,-45,-8.84,16,750,750
2026-06-12,SVD,CANOLA 1L,jivo-canola-cold-pressed-edible-oil-1-litre-cooking-oil-for-daily-use-ideal-for-roasting-frying-baking-all-types-of-cuisines-1l,amazon-fresh,B09MJ6QDX7,259,261,257,269,true,ABOVE,2,0.77,21,375,375
2026-06-12,SVD,CANOLA 1L + 1L,,amazon-fresh,,509,,,,false,NOT_LISTED,,,0,750,
2026-06-12,SVD,CANOLA 1L POUCH,,amazon-fresh,,259,,,,false,NOT_LISTED,,,0,299,
2026-06-12,SVD,CANOLA 3L,,amazon-fresh,,769,,,,false,NOT_LISTED,,,0,690,
2026-06-12,SVD,CANOLA 4L,,amazon-fresh,,1149,,,,false,NOT_LISTED,,,0,1199,
2026-06-12,SVD,CANOLA 5L,jivo-cold-pressed-canola-oil-5-litre-5l,amazon-fresh,B077ZN4G28,1249,1299,1193,1405,true,ABOVE,50,4,39,1650,1650
2026-06-12,SVD,CHIA SEEDS 200G,,amazon-fresh,,99,,,,false,NOT_LISTED,,,0,299,
2026-06-12,SVD,CHIA SEEDS 400G,,amazon-fresh,,199,,,,false,NOT_LISTED,,,0,599,
2026-06-12,SVD,CHIA SEEDS 800G,,amazon-fresh,,339,,,,false,NOT_LISTED,,,0,899,
2026-06-12,SVD,CINNAMON BARK 100G,,amazon-fresh,,89,,,,false,NOT_LISTED,,,0,299,
2026-06-12,SVD,CLOVE 100G,,amazon-fresh,,209,,,,false,NOT_LISTED,,,0,280,
2026-06-12,SVD,COCONUT 1L,jivo-pure-extra-virgin-coconut-oil-1-litre-1l,amazon-fresh,B0BZ8K3DQP,539,559,559,700,true,ABOVE,20,3.71,0,700,700
2026-06-12,SVD,COCONUT 200ML,,amazon-fresh,,129,,,,false,NOT_LISTED,,,0,285,
2026-06-12,SVD,COCONUT 500ML,,amazon-fresh,B0CGN9Y3PT,279,,,,false,OOS,,,0,695,
2026-06-12,SVD,COFFEE,,amazon-fresh,,239,,,,false,NOT_LISTED,,,0,350,
2026-06-12,SVD,CUMIN SEEDS 100G,,amazon-fresh,,75,,,,false,NOT_LISTED,,,0,249,
2026-06-12,SVD,EXTRA LIGHT 1+1L,,amazon-fresh,,1189,,,,false,NOT_LISTED,,,0,2798,
2026-06-12,SVD,EXTRA LIGHT 1L,jivo-extra-light-olive-oil-1-litre-1l,amazon-fresh,B09HZY97FR,599,499,499,619,true,BELOW,-100,-16.69,78,1499,1499
2026-06-12,SVD,EXTRA LIGHT 2L,jivo-extra-light-olive-oil-2-litre-2l,amazon-fresh,B09NXCPZW1,1189,1132,1010,1229,true,BELOW,-57,-4.79,92,2799,2799
2026-06-12,SVD,EXTRA LIGHT 3L,,amazon-fresh,,1789,,,,false,NOT_LISTED,,,0,2200,
2026-06-12,SVD,EXTRA LIGHT 500ML,,amazon-fresh,,339,,,,false,NOT_LISTED,,,0,499,
2026-06-12,SVD,EXTRA LIGHT 5L,,amazon-fresh,,2969,,,,false,NOT_LISTED,,,0,6499,
2026-06-12,SVD,EXTRA VIRGIN 1L,jivo-extra-virgin-olive-oil-1-litre-1l,amazon-fresh,B093BMGPQC,789,809,805,809,true,ABOVE,20,2.53,0,1499,1799
2026-06-12,SVD,EXTRA VIRGIN 1L + 1L,,amazon-fresh,,1589,,,,false,NOT_LISTED,,,0,2998,
2026-06-12,SVD,EXTRA VIRGIN 200ML,,amazon-fresh,,189,,,,false,NOT_LISTED,,,0,350,
2026-06-12,SVD,EXTRA VIRGIN 250ML,,amazon-fresh,,209,,,,false,NOT_LISTED,,,0,450,
2026-06-12,SVD,EXTRA VIRGIN 2L,,amazon-fresh,,1589,,,,false,NOT_LISTED,,,0,2700,
2026-06-12,SVD,EXTRA VIRGIN 3L,,amazon-fresh,,2369,,,,false,NOT_LISTED,,,0,4000,
2026-06-12,SVD,EXTRA VIRGIN 500ML,,amazon-fresh,,409,,,,false,NOT_LISTED,,,0,675,
2026-06-12,SVD,EXTRA VIRGIN 5L,,amazon-fresh,,3939,,,,false,NOT_LISTED,,,0,7999,
2026-06-12,SVD,FLAX SEEDS 200G,,amazon-fresh,,89,,,,false,NOT_LISTED,,,0,249,
2026-06-12,SVD,FLAX SEEDS 400G,,amazon-fresh,,179,,,,false,NOT_LISTED,,,0,399,
2026-06-12,SVD,FLAX SEEDS 800G,,amazon-fresh,,349,,,,false,NOT_LISTED,,,0,750,
2026-06-12,SVD,GINGER ALE 200ML,,amazon-fresh,,39,,,,false,NOT_LISTED,,,0,100,
2026-06-12,SVD,GOLD 1+1,,amazon-fresh,,369,,,,false,NOT_LISTED,,,0,450,
2026-06-12,SVD,GOLD 1L,,amazon-fresh,,189,,,,false,NOT_LISTED,,,0,225,
2026-06-12,SVD,GOLD 5L,jivo-gold-refined-oil-perfect-blend-of-rice-bran-sunflower-oil-5l,amazon-fresh,B0C9Q1S6QG,939,930,930,961,true,BELOW,-9,-0.96,18,1049,1050
2026-06-12,SVD,GREEN CARDAMOM 100G,,amazon-fresh,,479,,,,false,NOT_LISTED,,,0,799,
2026-06-12,SVD,GROUNDNUT 1L,,amazon-fresh,,239,,,,false,NOT_LISTED,,,0,400,
2026-06-12,SVD,GROUNDNUT 5L,jivo-cold-pressed-groundnut-oil-5-litre-5l,amazon-fresh,B0CKFFGC31,1169,1269,1269,1269,true,ABOVE,100,8.55,0,2800,2800
2026-06-12,SVD,JIVO POMACE 1L,jivo-daily-cooking-pomace-olive-oil-1-litre-1l,amazon-fresh,B0821DNF2W,429,379,379,387,true,BELOW,-50,-11.66,110,1049,1049
2026-06-12,SVD,JIVO POMACE 1L + 1L,,amazon-fresh,,849,,,,false,NOT_LISTED,,,0,2098,
2026-06-12,SVD,JIVO POMACE 2L,,amazon-fresh,,849,,,,false,NOT_LISTED,,,0,1600,
2026-06-12,SVD,JIVO POMACE 5L,jivo-pomace-olive-oil-5-litre-tin-for-everyday-cooking-5l,amazon-fresh,B07X53ZL6J,2119,1950,1897,2083,true,BELOW,-169,-7.98,95,4999,4999
2026-06-12,SVD,JIVO PUNJABI SHIKANJI 160 MLS,,amazon-fresh,,219,,,,false,NOT_LISTED,,,0,480,
2026-06-12,SVD,JIVO WATER 1L,,amazon-fresh,,18,,,,false,NOT_LISTED,,,0,30,
2026-06-12,SVD,JIVO WATER 250ML,,amazon-fresh,,109,,,,false,NOT_LISTED,,,0,360,
2026-06-12,SVD,JIVO WATER 500 MLS,,amazon-fresh,,10,,,,false,NOT_LISTED,,,0,15,
2026-06-12,SVD,MUSTARD 1L,jivo-cold-pressed-kachi-ghani-chemical-free-mustard-daily-cooking-oil-1-litre-1l-b09nycsqlf,amazon-fresh,B09NYCSQLF,209,176,167,255,true,BELOW,-33,-15.79,82,255,255
2026-06-12,SVD,MUSTARD 1L + 1L,,amazon-fresh,,409,,,,false,NOT_LISTED,,,0,500,
2026-06-12,SVD,MUSTARD 1L POUCH,jivo-cold-pressed-kachi-ghani-chemical-free-mustard-daily-cooking-oil-1-litre-pouch-1l,amazon-fresh,B0DRYVRYYM,209,219,219,219,true,ABOVE,10,4.78,0,250,
2026-06-12,SVD,MUSTARD 3L,,amazon-fresh,,599,,,,false,NOT_LISTED,,,0,765,
2026-06-12,SVD,MUSTARD 4L,,amazon-fresh,,799,,,,false,NOT_LISTED,,,0,1000,
2026-06-12,SVD,MUSTARD 5L,jivo-premium-cold-pressed-kachi-ghani-mustard-oil-5-litre-5l,amazon-fresh,B091XPD9J3,999,996,985,1049,true,BELOW,-3,-0.3,97,1250,1250
2026-06-12,SVD,POMACE 3L,,amazon-fresh,,1279,,,,false,NOT_LISTED,,,0,3050,
2026-06-12,SVD,PUMPKIN SEEDS 200G,,amazon-fresh,,199,,,,false,NOT_LISTED,,,0,399,
2026-06-12,SVD,PUMPKIN SEEDS 400G,,amazon-fresh,,389,,,,false,NOT_LISTED,,,0,699,
2026-06-12,SVD,PUMPKIN SEEDS 800G,,amazon-fresh,,769,,,,false,NOT_LISTED,,,0,1299,
2026-06-12,SVD,PUNJABI JEERA 160ML,,amazon-fresh,,219,,,,false,NOT_LISTED,,,0,360,
2026-06-12,SVD,QUINOA SEEDS 200G,,amazon-fresh,,109,,,,false,NOT_LISTED,,,0,199,
2026-06-12,SVD,QUINOA SEEDS 400G,,amazon-fresh,,169,,,,false,NOT_LISTED,,,0,299,
2026-06-12,SVD,QUINOA SEEDS 800G,,amazon-fresh,,249,,,,false,NOT_LISTED,,,0,399,
2026-06-12,SVD,RICE BRAN 1L,jivo-rice-bran-oil-1-litre-cooking-oil-1l,amazon-fresh,B0DBHQ2QWW,189,199,178,199,true,ABOVE,10,5.29,41,285,285
2026-06-12,SVD,RICE BRAN 1L + 1L,,amazon-fresh,,369,,,,false,NOT_LISTED,,,0,570,
2026-06-12,SVD,RICE BRAN 4L,,amazon-fresh,,719,,,,false,NOT_LISTED,,,0,1140,
2026-06-12,SVD,RICE BRAN 5L,jivo-rice-bran-oil-5-litre-5l,amazon-fresh,B0DBJ13FKL,909,959,909,989,true,ABOVE,50,5.5,0,1425,1425
2026-06-12,SVD,ROSEMARY LEAVES 150 GMS,,amazon-fresh,,169,,,,false,NOT_LISTED,,,0,499,
2026-06-12,SVD,SAFFRON 1GMS,,amazon-fresh,,499,,,,false,NOT_LISTED,,,0,899,
2026-06-12,SVD,SANO CANOLA 1L,,amazon-fresh,,249,,,,false,NOT_LISTED,,,0,475,
2026-06-12,SVD,SANO CANOLA 5L,,amazon-fresh,,1199,,,,false,NOT_LISTED,,,0,1950,
2026-06-12,SVD,SANO CLASSIC 1L,,amazon-fresh,,559,,,,false,NOT_LISTED,,,0,1399,
2026-06-12,SVD,SANO CLASSIC 5L,,amazon-fresh,,2609,,,,false,NOT_LISTED,,,0,6499,
2026-06-12,SVD,SANO MUSTARD 1L,,amazon-fresh,,199,,,,false,NOT_LISTED,,,0,235,
2026-06-12,SVD,SANO MUSTARD 5L,,amazon-fresh,,949,,,,false,NOT_LISTED,,,0,1200,
2026-06-12,SVD,SANO POMACE 1L,,amazon-fresh,,399,,,,false,NOT_LISTED,,,0,999,
2026-06-12,SVD,SANO POMACE 5L,,amazon-fresh,,1969,,,,false,NOT_LISTED,,,0,4499,
2026-06-12,SVD,SANO SOYABEAN 1L,,amazon-fresh,,189,,,,false,NOT_LISTED,,,0,225,
2026-06-12,SVD,SANO SOYABEAN 5L,,amazon-fresh,,899,,,,false,NOT_LISTED,,,0,1450,
2026-06-12,SVD,SANO SUNFLOWER 1L,,amazon-fresh,,209,,,,false,NOT_LISTED,,,0,280,
2026-06-12,SVD,SANO SUNFLOWER 5L,,amazon-fresh,,1029,,,,false,NOT_LISTED,,,0,1475,
2026-06-12,SVD,SESAME 1L + 1L,,amazon-fresh,,649,,,,false,NOT_LISTED,,,0,1200,
2026-06-12,SVD,SESAME OIL 1L,,amazon-fresh,,329,,,,false,NOT_LISTED,,,0,600,
2026-06-12,SVD,SO OLIVE 1L,jivo-soolive-oil-1l-1l,amazon-fresh,B0DC6JR4F3,279,289,237,289,true,ABOVE,10,3.58,2,325,325
2026-06-12,SVD,SO OLIVE 1L + 1L,,amazon-fresh,,549,,,,false,NOT_LISTED,,,0,650,
2026-06-12,SVD,SO OLIVE 5L,,amazon-fresh,,1369,,,,false,NOT_LISTED,,,0,1625,
2026-06-12,SVD,SODA 750ML,,amazon-fresh,,15,,,,false,NOT_LISTED,,,0,30,
2026-06-12,SVD,SODA LEMON 750ML,,amazon-fresh,,45,,,,false,NOT_LISTED,,,0,55,
2026-06-12,SVD,SOYABEAN 1L,jivo-cooking-edible-soyabean-oil-1-litre-1l,amazon-fresh,B0B6HNNL5B,199,209,199,225,true,ABOVE,10,5.03,0,225,225
2026-06-12,SVD,SOYABEAN 1L + 1L,,amazon-fresh,,389,,,,false,NOT_LISTED,,,0,1100,
2026-06-12,SVD,SOYABEAN 1L POUCH,,amazon-fresh,,199,,,,false,NOT_LISTED,,,0,199,
2026-06-12,SVD,SOYABEAN 5L,,amazon-fresh,,949,,,,false,NOT_LISTED,,,0,1100,
2026-06-12,SVD,SPRING WATER 750ML,,amazon-fresh,,50,,,,false,NOT_LISTED,,,0,55,
2026-06-12,SVD,SUNFLOWER 1L,jivo-cold-pressed-unrefined-sunflower-oil-1-litre-1l,amazon-fresh,B0B4SJTNF2,219,178,177,207,true,BELOW,-41,-18.72,75,275,275
2026-06-12,SVD,SUNFLOWER 1L + 1L,,amazon-fresh,,429,,,,false,NOT_LISTED,,,0,550,
2026-06-12,SVD,SUNFLOWER 3L,,amazon-fresh,,649,,,,false,NOT_LISTED,,,0,825,
2026-06-12,SVD,SUNFLOWER 4L,,amazon-fresh,,869,,,,false,NOT_LISTED,,,0,1038,
2026-06-12,SVD,SUNFLOWER 5L,jivo-cold-pressed-unrefined-sunflower-oil-5-litres-5l,amazon-fresh,B0991VMDB1,1049,1139,1139,1139,true,ABOVE,90,8.58,0,1350,1350
2026-06-12,SVD,SUNFLOWER SEEDS 200G,,amazon-fresh,,129,,,,false,NOT_LISTED,,,0,299,
2026-06-12,SVD,SUNFLOWER SEEDS 400G,,amazon-fresh,,249,,,,false,NOT_LISTED,,,0,499,
2026-06-12,SVD,SUNFLOWER SEEDS 800G,,amazon-fresh,,369,,,,false,NOT_LISTED,,,0,899,
2026-06-12,SVD,WG MANGO JUICE 500ML,,amazon-fresh,,35,,,,false,NOT_LISTED,,,0,100,
2026-06-12,SVD,YELLOW MUSTARD 1L,jivo-first-pressed-yellow-mustard-oil-1-litre-1l,amazon-fresh,B0FF9P7XVX,259,237,237,237,true,BELOW,-22,-8.49,8,375,355
2026-06-12,SVD,YELLOW MUSTARD 1L + 1L,,amazon-fresh,,509,,,,false,NOT_LISTED,,,0,750,
2026-06-12,SVD,YELLOW MUSTARD 5L,,amazon-fresh,,1269,,,,false,NOT_LISTED,,,0,2000,
2026-06-12,SVD,A2 GHEE 1L,,amazon-now,,1309,,,,false,NOT_LISTED,,,0,4000,
2026-06-12,SVD,A2 GHEE 500ML,,amazon-now,,709,,,,false,NOT_LISTED,,,0,2200,
2026-06-12,SVD,BASIL SEEDS 200G,,amazon-now,,69,,,,false,NOT_LISTED,,,0,349,
2026-06-12,SVD,BASIL SEEDS 400G,,amazon-now,,189,,,,false,NOT_LISTED,,,0,599,
2026-06-12,SVD,BASIL SEEDS 800G,,amazon-now,,329,,,,false,NOT_LISTED,,,0,1099,
2026-06-12,SVD,BLACK CARDAMOM 100G,,amazon-now,,289,,,,false,NOT_LISTED,,,0,549,
2026-06-12,SVD,BLACK OLIVE 470G,,amazon-now,,209,,,,false,NOT_LISTED,,,0,399,
2026-06-12,SVD,BLACK PEPPER 100G,,amazon-now,,135,,,,false,NOT_LISTED,,,0,399,
2026-06-12,SVD,CANOLA 1+1L,jivo-canola-cold-pressed-edible-oil-11-litres-1l,amazon-now,B0152TWWSQ,509,464,464,750,true,BELOW,-45,-8.84,15,750,750
2026-06-12,SVD,CANOLA 1L,jivo-canola-cold-pressed-edible-oil-1-litre-cooking-oil-for-daily-use-ideal-for-roasting-frying-baking-all-types-of-cuisines-1l,amazon-now,B09MJ6QDX7,259,261,257,269,true,ABOVE,2,0.77,22,375,375
2026-06-12,SVD,CANOLA 1L + 1L,,amazon-now,,509,,,,false,NOT_LISTED,,,0,750,
2026-06-12,SVD,CANOLA 1L POUCH,,amazon-now,,259,,,,false,NOT_LISTED,,,0,299,
2026-06-12,SVD,CANOLA 3L,,amazon-now,,769,,,,false,NOT_LISTED,,,0,690,
2026-06-12,SVD,CANOLA 4L,,amazon-now,,1149,,,,false,NOT_LISTED,,,0,1199,
2026-06-12,SVD,CANOLA 5L,jivo-cold-pressed-canola-oil-5-litre-5l,amazon-now,B077ZN4G28,1249,1299,1193,1299,true,ABOVE,50,4,31,1650,1650
2026-06-12,SVD,CHIA SEEDS 200G,,amazon-now,,99,,,,false,NOT_LISTED,,,0,299,
2026-06-12,SVD,CHIA SEEDS 400G,,amazon-now,,199,,,,false,NOT_LISTED,,,0,599,
2026-06-12,SVD,CHIA SEEDS 800G,,amazon-now,,339,,,,false,NOT_LISTED,,,0,899,
2026-06-12,SVD,CINNAMON BARK 100G,,amazon-now,,89,,,,false,NOT_LISTED,,,0,299,
2026-06-12,SVD,CLOVE 100G,,amazon-now,,209,,,,false,NOT_LISTED,,,0,280,
2026-06-12,SVD,COCONUT 1L,jivo-pure-extra-virgin-coconut-oil-1-litre-1l,amazon-now,B0BZ8K3DQP,539,559,559,559,true,ABOVE,20,3.71,0,700,700
2026-06-12,SVD,COCONUT 200ML,,amazon-now,,129,,,,false,NOT_LISTED,,,0,285,
2026-06-12,SVD,COCONUT 500ML,,amazon-now,,279,,,,false,NOT_LISTED,,,0,695,
2026-06-12,SVD,COFFEE,,amazon-now,,239,,,,false,NOT_LISTED,,,0,350,
2026-06-12,SVD,CUMIN SEEDS 100G,,amazon-now,,75,,,,false,NOT_LISTED,,,0,249,
2026-06-12,SVD,EXTRA LIGHT 1+1L,,amazon-now,,1189,,,,false,NOT_LISTED,,,0,2798,
2026-06-12,SVD,EXTRA LIGHT 1L,jivo-extra-light-olive-oil-1-litre-1l,amazon-now,B09HZY97FR,599,499,499,619,true,BELOW,-100,-16.69,61,1499,1499
2026-06-12,SVD,EXTRA LIGHT 2L,jivo-extra-light-olive-oil-2-litre-2l,amazon-now,B09NXCPZW1,1189,1132,1132,1229,true,BELOW,-57,-4.79,62,2799,2799
2026-06-12,SVD,EXTRA LIGHT 3L,,amazon-now,,1789,,,,false,NOT_LISTED,,,0,2200,
2026-06-12,SVD,EXTRA LIGHT 500ML,,amazon-now,,339,,,,false,NOT_LISTED,,,0,499,
2026-06-12,SVD,EXTRA LIGHT 5L,,amazon-now,,2969,,,,false,NOT_LISTED,,,0,6499,
2026-06-12,SVD,EXTRA VIRGIN 1L,jivo-extra-virgin-olive-oil-1-litre-1l,amazon-now,B093BMGPQC,789,809,805,809,true,ABOVE,20,2.53,0,1499,1799
2026-06-12,SVD,EXTRA VIRGIN 1L + 1L,,amazon-now,,1589,,,,false,NOT_LISTED,,,0,2998,
2026-06-12,SVD,EXTRA VIRGIN 200ML,,amazon-now,,189,,,,false,NOT_LISTED,,,0,350,
2026-06-12,SVD,EXTRA VIRGIN 250ML,,amazon-now,,209,,,,false,NOT_LISTED,,,0,450,
2026-06-12,SVD,EXTRA VIRGIN 2L,,amazon-now,,1589,,,,false,NOT_LISTED,,,0,2700,
2026-06-12,SVD,EXTRA VIRGIN 3L,,amazon-now,,2369,,,,false,NOT_LISTED,,,0,4000,
2026-06-12,SVD,EXTRA VIRGIN 500ML,,amazon-now,,409,,,,false,NOT_LISTED,,,0,675,
2026-06-12,SVD,EXTRA VIRGIN 5L,,amazon-now,,3939,,,,false,NOT_LISTED,,,0,7999,
2026-06-12,SVD,FLAX SEEDS 200G,,amazon-now,,89,,,,false,NOT_LISTED,,,0,249,
2026-06-12,SVD,FLAX SEEDS 400G,,amazon-now,,179,,,,false,NOT_LISTED,,,0,399,
2026-06-12,SVD,FLAX SEEDS 800G,,amazon-now,,349,,,,false,NOT_LISTED,,,0,750,
2026-06-12,SVD,GINGER ALE 200ML,,amazon-now,,39,,,,false,NOT_LISTED,,,0,100,
2026-06-12,SVD,GOLD 1+1,,amazon-now,,369,,,,false,NOT_LISTED,,,0,450,
2026-06-12,SVD,GOLD 1L,,amazon-now,,189,,,,false,NOT_LISTED,,,0,225,
2026-06-12,SVD,GOLD 5L,jivo-gold-refined-oil-perfect-blend-of-rice-bran-sunflower-oil-5l,amazon-now,B0C9Q1S6QG,939,930,930,930,true,BELOW,-9,-0.96,13,1049,1050
2026-06-12,SVD,GREEN CARDAMOM 100G,,amazon-now,,479,,,,false,NOT_LISTED,,,0,799,
2026-06-12,SVD,GROUNDNUT 1L,jivo-cold-pressed-groundnut-oil-1-litre-1l,amazon-now,B0CKFFW9B6,239,193,193,202,true,BELOW,-46,-19.25,16,400,560
2026-06-12,SVD,GROUNDNUT 5L,jivo-cold-pressed-groundnut-oil-5-litre-5l,amazon-now,B0CKFFGC31,1169,1269,1269,1269,true,ABOVE,100,8.55,0,2800,2800
2026-06-12,SVD,JIVO POMACE 1L,jivo-daily-cooking-pomace-olive-oil-1-litre-1l,amazon-now,B0821DNF2W,429,379,379,387,true,BELOW,-50,-11.66,89,1049,1049
2026-06-12,SVD,JIVO POMACE 1L + 1L,,amazon-now,,849,,,,false,NOT_LISTED,,,0,2098,
2026-06-12,SVD,JIVO POMACE 2L,,amazon-now,,849,,,,false,NOT_LISTED,,,0,1600,
2026-06-12,SVD,JIVO POMACE 5L,jivo-pomace-olive-oil-5-litre-tin-for-everyday-cooking-5l,amazon-now,B07X53ZL6J,2119,1950,1897,1996,true,BELOW,-169,-7.98,77,4999,4999
2026-06-12,SVD,JIVO PUNJABI SHIKANJI 160 MLS,,amazon-now,,219,,,,false,NOT_LISTED,,,0,480,
2026-06-12,SVD,JIVO WATER 1L,,amazon-now,,18,,,,false,NOT_LISTED,,,0,30,
2026-06-12,SVD,JIVO WATER 250ML,,amazon-now,,109,,,,false,NOT_LISTED,,,0,360,
2026-06-12,SVD,JIVO WATER 500 MLS,,amazon-now,,10,,,,false,NOT_LISTED,,,0,15,
2026-06-12,SVD,MUSTARD 1L,jivo-cold-pressed-kachi-ghani-chemical-free-mustard-daily-cooking-oil-1-litre-1l,amazon-now,B09NYCSQLF,209,176,167,184,true,BELOW,-33,-15.79,72,255,255
2026-06-12,SVD,MUSTARD 1L + 1L,,amazon-now,,409,,,,false,NOT_LISTED,,,0,500,
2026-06-12,SVD,MUSTARD 1L POUCH,,amazon-now,,209,,,,false,NOT_LISTED,,,0,250,
2026-06-12,SVD,MUSTARD 3L,,amazon-now,,599,,,,false,NOT_LISTED,,,0,765,
2026-06-12,SVD,MUSTARD 4L,,amazon-now,,799,,,,false,NOT_LISTED,,,0,1000,
2026-06-12,SVD,MUSTARD 5L,jivo-premium-cold-pressed-kachi-ghani-mustard-oil-5-litre-5l,amazon-now,B091XPD9J3,999,996,985,1049,true,BELOW,-3,-0.3,48,1250,1250
2026-06-12,SVD,POMACE 3L,,amazon-now,,1279,,,,false,NOT_LISTED,,,0,3050,
2026-06-12,SVD,PUMPKIN SEEDS 200G,,amazon-now,,199,,,,false,NOT_LISTED,,,0,399,
2026-06-12,SVD,PUMPKIN SEEDS 400G,,amazon-now,,389,,,,false,NOT_LISTED,,,0,699,
2026-06-12,SVD,PUMPKIN SEEDS 800G,,amazon-now,,769,,,,false,NOT_LISTED,,,0,1299,
2026-06-12,SVD,PUNJABI JEERA 160ML,,amazon-now,,219,,,,false,NOT_LISTED,,,0,360,
2026-06-12,SVD,QUINOA SEEDS 200G,,amazon-now,,109,,,,false,NOT_LISTED,,,0,199,
2026-06-12,SVD,QUINOA SEEDS 400G,,amazon-now,,169,,,,false,NOT_LISTED,,,0,299,
2026-06-12,SVD,QUINOA SEEDS 800G,,amazon-now,,249,,,,false,NOT_LISTED,,,0,399,
2026-06-12,SVD,RICE BRAN 1L,jivo-rice-bran-oil-1-litre-cooking-oil-1l,amazon-now,B0DBHQ2QWW,189,199,178,199,true,ABOVE,10,5.29,31,285,285
2026-06-12,SVD,RICE BRAN 1L + 1L,,amazon-now,,369,,,,false,NOT_LISTED,,,0,570,
2026-06-12,SVD,RICE BRAN 4L,,amazon-now,,719,,,,false,NOT_LISTED,,,0,1140,
2026-06-12,SVD,RICE BRAN 5L,jivo-rice-bran-oil-5-litre-5l,amazon-now,B0DBJ13FKL,909,940,909,959,true,ABOVE,31,3.41,0,1425,1425
2026-06-12,SVD,ROSEMARY LEAVES 150 GMS,,amazon-now,,169,,,,false,NOT_LISTED,,,0,499,
2026-06-12,SVD,SAFFRON 1GMS,,amazon-now,,499,,,,false,NOT_LISTED,,,0,899,
2026-06-12,SVD,SANO CANOLA 1L,,amazon-now,,249,,,,false,NOT_LISTED,,,0,475,
2026-06-12,SVD,SANO CANOLA 5L,,amazon-now,,1199,,,,false,NOT_LISTED,,,0,1950,
2026-06-12,SVD,SANO CLASSIC 1L,,amazon-now,,559,,,,false,NOT_LISTED,,,0,1399,
2026-06-12,SVD,SANO CLASSIC 5L,,amazon-now,,2609,,,,false,NOT_LISTED,,,0,6499,
2026-06-12,SVD,SANO MUSTARD 1L,,amazon-now,,199,,,,false,NOT_LISTED,,,0,235,
2026-06-12,SVD,SANO MUSTARD 5L,,amazon-now,,949,,,,false,NOT_LISTED,,,0,1200,
2026-06-12,SVD,SANO POMACE 1L,,amazon-now,,399,,,,false,NOT_LISTED,,,0,999,
2026-06-12,SVD,SANO POMACE 5L,,amazon-now,,1969,,,,false,NOT_LISTED,,,0,4499,
2026-06-12,SVD,SANO SOYABEAN 1L,,amazon-now,,189,,,,false,NOT_LISTED,,,0,225,
2026-06-12,SVD,SANO SOYABEAN 5L,,amazon-now,,899,,,,false,NOT_LISTED,,,0,1450,
2026-06-12,SVD,SANO SUNFLOWER 1L,,amazon-now,,209,,,,false,NOT_LISTED,,,0,280,
2026-06-12,SVD,SANO SUNFLOWER 5L,,amazon-now,,1029,,,,false,NOT_LISTED,,,0,1475,
2026-06-12,SVD,SESAME 1L + 1L,,amazon-now,,649,,,,false,NOT_LISTED,,,0,1200,
2026-06-12,SVD,SESAME OIL 1L,,amazon-now,,329,,,,false,NOT_LISTED,,,0,600,
2026-06-12,SVD,SO OLIVE 1L,,amazon-now,,279,,,,false,NOT_LISTED,,,0,325,
2026-06-12,SVD,SO OLIVE 1L + 1L,,amazon-now,,549,,,,false,NOT_LISTED,,,0,650,
2026-06-12,SVD,SO OLIVE 5L,,amazon-now,,1369,,,,false,NOT_LISTED,,,0,1625,
2026-06-12,SVD,SODA 750ML,,amazon-now,,15,,,,false,NOT_LISTED,,,0,30,
2026-06-12,SVD,SODA LEMON 750ML,,amazon-now,,45,,,,false,NOT_LISTED,,,0,55,
2026-06-12,SVD,SOYABEAN 1L,jivo-cooking-edible-soyabean-oil-1-litre-1l,amazon-now,B0B6HNNL5B,199,209,199,225,true,ABOVE,10,5.03,0,225,225
2026-06-12,SVD,SOYABEAN 1L + 1L,,amazon-now,,389,,,,false,NOT_LISTED,,,0,1100,
2026-06-12,SVD,SOYABEAN 1L POUCH,,amazon-now,,199,,,,false,NOT_LISTED,,,0,199,
2026-06-12,SVD,SOYABEAN 5L,,amazon-now,,949,,,,false,NOT_LISTED,,,0,1100,
2026-06-12,SVD,SPRING WATER 750ML,,amazon-now,,50,,,,false,NOT_LISTED,,,0,55,
2026-06-12,SVD,SUNFLOWER 1L,jivo-cold-pressed-unrefined-sunflower-oil-1-litre-1l,amazon-now,B0B4SJTNF2,219,178,177,186,true,BELOW,-41,-18.72,60,275,275
2026-06-12,SVD,SUNFLOWER 1L + 1L,,amazon-now,,429,,,,false,NOT_LISTED,,,0,550,
2026-06-12,SVD,SUNFLOWER 3L,,amazon-now,,649,,,,false,NOT_LISTED,,,0,825,
2026-06-12,SVD,SUNFLOWER 4L,,amazon-now,,869,,,,false,NOT_LISTED,,,0,1038,
2026-06-12,SVD,SUNFLOWER 5L,jivo-cold-pressed-unrefined-sunflower-oil-5-litres-5l,amazon-now,B0991VMDB1,1049,1139,1139,1139,true,ABOVE,90,8.58,0,1350,1350
2026-06-12,SVD,SUNFLOWER SEEDS 200G,,amazon-now,,129,,,,false,NOT_LISTED,,,0,299,
2026-06-12,SVD,SUNFLOWER SEEDS 400G,,amazon-now,,249,,,,false,NOT_LISTED,,,0,499,
2026-06-12,SVD,SUNFLOWER SEEDS 800G,,amazon-now,,369,,,,false,NOT_LISTED,,,0,899,
2026-06-12,SVD,WG MANGO JUICE 500ML,jivo-healthy-wheatgrass-juice-with-mango-flavor-500ml,amazon-now,B0DM2G4YCC,35,39,39,39,true,ABOVE,4,11.43,0,100,55
2026-06-12,SVD,YELLOW MUSTARD 1L,jivo-first-pressed-yellow-mustard-oil-1-litre-1l,amazon-now,B0FF9P7XVX,259,237,237,237,true,BELOW,-22,-8.49,8,375,355
2026-06-12,SVD,YELLOW MUSTARD 1L + 1L,,amazon-now,,509,,,,false,NOT_LISTED,,,0,750,
2026-06-12,SVD,YELLOW MUSTARD 5L,,amazon-now,,1269,,,,false,NOT_LISTED,,,0,2000,
2026-06-12,SVD,A2 GHEE 1L,,flipkart-minutes,,1309,,,,false,NOT_LISTED,,,0,4000,
2026-06-12,SVD,A2 GHEE 500ML,,flipkart-minutes,,709,,,,false,NOT_LISTED,,,0,2200,
2026-06-12,SVD,BASIL SEEDS 200G,,flipkart-minutes,,69,,,,false,NOT_LISTED,,,0,349,
2026-06-12,SVD,BASIL SEEDS 400G,,flipkart-minutes,,189,,,,false,NOT_LISTED,,,0,599,
2026-06-12,SVD,BASIL SEEDS 800G,,flipkart-minutes,,329,,,,false,NOT_LISTED,,,0,1099,
2026-06-12,SVD,BLACK CARDAMOM 100G,,flipkart-minutes,,289,,,,false,NOT_LISTED,,,0,549,
2026-06-12,SVD,BLACK OLIVE 470G,,flipkart-minutes,,209,,,,false,NOT_LISTED,,,0,399,
2026-06-12,SVD,BLACK PEPPER 100G,,flipkart-minutes,,135,,,,false,NOT_LISTED,,,0,399,
2026-06-12,SVD,CANOLA 1+1L,jivo-cold-press-combo-canola-oil-plastic-bottle-2l,flipkart-minutes,EDOF25FJGBH5EDS3,509,575,575,575,true,ABOVE,66,12.97,0,750,
2026-06-12,SVD,CANOLA 1L,jivo-cold-press-canola-oil-plastic-bottle-1l,flipkart-minutes,EDOG9BP8GEWFW9XC,259,258,241,271,true,MATCH,-1,-0.39,9,375,375
2026-06-12,SVD,CANOLA 1L + 1L,,flipkart-minutes,,509,,,,false,NOT_LISTED,,,0,750,
2026-06-12,SVD,CANOLA 1L POUCH,,flipkart-minutes,,259,,,,false,NOT_LISTED,,,0,299,
2026-06-12,SVD,CANOLA 3L,,flipkart-minutes,,769,,,,false,NOT_LISTED,,,0,690,
2026-06-12,SVD,CANOLA 4L,,flipkart-minutes,,1149,,,,false,NOT_LISTED,,,0,1199,
2026-06-12,SVD,CANOLA 5L,,flipkart-minutes,,1249,,,,false,NOT_LISTED,,,0,1650,
2026-06-12,SVD,CHIA SEEDS 200G,,flipkart-minutes,,99,,,,false,NOT_LISTED,,,0,299,
2026-06-12,SVD,CHIA SEEDS 400G,,flipkart-minutes,,199,,,,false,NOT_LISTED,,,0,599,
2026-06-12,SVD,CHIA SEEDS 800G,,flipkart-minutes,,339,,,,false,NOT_LISTED,,,0,899,
2026-06-12,SVD,CINNAMON BARK 100G,,flipkart-minutes,,89,,,,false,NOT_LISTED,,,0,299,
2026-06-12,SVD,CLOVE 100G,,flipkart-minutes,,209,,,,false,NOT_LISTED,,,0,280,
2026-06-12,SVD,COCONUT 1L,,flipkart-minutes,,539,,,,false,NOT_LISTED,,,0,700,
2026-06-12,SVD,COCONUT 200ML,,flipkart-minutes,,129,,,,false,NOT_LISTED,,,0,285,
2026-06-12,SVD,COCONUT 500ML,,flipkart-minutes,,279,,,,false,NOT_LISTED,,,0,695,
2026-06-12,SVD,COFFEE,,flipkart-minutes,,239,,,,false,NOT_LISTED,,,0,350,
2026-06-12,SVD,CUMIN SEEDS 100G,,flipkart-minutes,,75,,,,false,NOT_LISTED,,,0,249,
2026-06-12,SVD,EXTRA LIGHT 1+1L,,flipkart-minutes,,1189,,,,false,NOT_LISTED,,,0,2798,
2026-06-12,SVD,EXTRA LIGHT 1L,,flipkart-minutes,,599,,,,false,NOT_LISTED,,,0,1499,
2026-06-12,SVD,EXTRA LIGHT 2L,jivo-extra-light-olive-oil-can-2l,flipkart-minutes,EDOGHZTJZEYQJGME,1189,1903,1903,2084,true,ABOVE,714,60.05,0,2799,2799
2026-06-12,SVD,EXTRA LIGHT 3L,,flipkart-minutes,,1789,,,,false,NOT_LISTED,,,0,2200,
2026-06-12,SVD,EXTRA LIGHT 500ML,,flipkart-minutes,,339,,,,false,NOT_LISTED,,,0,499,
2026-06-12,SVD,EXTRA LIGHT 5L,,flipkart-minutes,,2969,,,,false,NOT_LISTED,,,0,6499,
2026-06-12,SVD,EXTRA VIRGIN 1L,,flipkart-minutes,,789,,,,false,NOT_LISTED,,,0,1499,
2026-06-12,SVD,EXTRA VIRGIN 1L + 1L,,flipkart-minutes,,1589,,,,false,NOT_LISTED,,,0,2998,
2026-06-12,SVD,EXTRA VIRGIN 200ML,,flipkart-minutes,,189,,,,false,NOT_LISTED,,,0,350,
2026-06-12,SVD,EXTRA VIRGIN 250ML,,flipkart-minutes,,209,,,,false,NOT_LISTED,,,0,450,
2026-06-12,SVD,EXTRA VIRGIN 2L,,flipkart-minutes,,1589,,,,false,NOT_LISTED,,,0,2700,
2026-06-12,SVD,EXTRA VIRGIN 3L,,flipkart-minutes,,2369,,,,false,NOT_LISTED,,,0,4000,
2026-06-12,SVD,EXTRA VIRGIN 500ML,,flipkart-minutes,,409,,,,false,NOT_LISTED,,,0,675,
2026-06-12,SVD,EXTRA VIRGIN 5L,,flipkart-minutes,,3939,,,,false,NOT_LISTED,,,0,7999,
2026-06-12,SVD,FLAX SEEDS 200G,,flipkart-minutes,,89,,,,false,NOT_LISTED,,,0,249,
2026-06-12,SVD,FLAX SEEDS 400G,,flipkart-minutes,,179,,,,false,NOT_LISTED,,,0,399,
2026-06-12,SVD,FLAX SEEDS 800G,,flipkart-minutes,,349,,,,false,NOT_LISTED,,,0,750,
2026-06-12,SVD,GINGER ALE 200ML,,flipkart-minutes,,39,,,,false,NOT_LISTED,,,0,100,
2026-06-12,SVD,GOLD 1+1,,flipkart-minutes,,369,,,,false,NOT_LISTED,,,0,450,
2026-06-12,SVD,GOLD 1L,,flipkart-minutes,,189,,,,false,NOT_LISTED,,,0,225,
2026-06-12,SVD,GOLD 5L,,flipkart-minutes,,939,,,,false,NOT_LISTED,,,0,1049,
2026-06-12,SVD,GREEN CARDAMOM 100G,,flipkart-minutes,,479,,,,false,NOT_LISTED,,,0,799,
2026-06-12,SVD,GROUNDNUT 1L,,flipkart-minutes,,239,,,,false,NOT_LISTED,,,0,400,
2026-06-12,SVD,GROUNDNUT 5L,,flipkart-minutes,,1169,,,,false,NOT_LISTED,,,0,2800,
2026-06-12,SVD,JIVO POMACE 1L,jivo-pomace-olive-oil-plastic-bottle-1l,flipkart-minutes,EDOFTHNH4YZ7GDHS,429,379,379,405,true,BELOW,-50,-11.66,9,1049,1049
2026-06-12,SVD,JIVO POMACE 1L + 1L,,flipkart-minutes,,849,,,,false,NOT_LISTED,,,0,2098,
2026-06-12,SVD,JIVO POMACE 2L,,flipkart-minutes,,849,,,,false,NOT_LISTED,,,0,1600,
2026-06-12,SVD,JIVO POMACE 5L,jivo-pomace-olive-oil-tin-5l,flipkart-minutes,EDOFTHNH3T8PATGW,2119,2049,2049,2049,true,BELOW,-70,-3.3,7,4999,4999
2026-06-12,SVD,JIVO PUNJABI SHIKANJI 160 MLS,,flipkart-minutes,,219,,,,false,NOT_LISTED,,,0,480,
2026-06-12,SVD,JIVO WATER 1L,jivo-mineral-water-1l,flipkart-minutes,WERH9M3VYW6X5KSX,18,24,24,24,true,ABOVE,6,33.33,0,30,30
2026-06-12,SVD,JIVO WATER 250ML,,flipkart-minutes,,109,,,,false,NOT_LISTED,,,0,360,
2026-06-12,SVD,JIVO WATER 500 MLS,,flipkart-minutes,,10,,,,false,NOT_LISTED,,,0,15,
2026-06-12,SVD,MUSTARD 1L,jivo-cold-pressed-pure-cooking-mustard-oil-plastic-bottle-1l,flipkart-minutes,EDOGDVWYGJNDYRQP,209,179,179,186,true,BELOW,-30,-14.35,43,255,255
2026-06-12,SVD,MUSTARD 1L + 1L,,flipkart-minutes,,409,,,,false,NOT_LISTED,,,0,500,
2026-06-12,SVD,MUSTARD 1L POUCH,,flipkart-minutes,,209,,,,false,NOT_LISTED,,,0,250,
2026-06-12,SVD,MUSTARD 3L,,flipkart-minutes,,599,,,,false,NOT_LISTED,,,0,765,
2026-06-12,SVD,MUSTARD 4L,,flipkart-minutes,EDOHAUNQSDFDYPFC,799,,,,false,OOS,,,0,1000,
2026-06-12,SVD,MUSTARD 5L,jivo-cold-pressed-pure-cooking-mustard-oil-can-5l,flipkart-minutes,EDOGDVWEUPPWVGED,999,997,997,997,true,BELOW,-2,-0.2,22,1250,1250
2026-06-12,SVD,POMACE 3L,,flipkart-minutes,,1279,,,,false,NOT_LISTED,,,0,3050,
2026-06-12,SVD,PUMPKIN SEEDS 200G,,flipkart-minutes,,199,,,,false,NOT_LISTED,,,0,399,
2026-06-12,SVD,PUMPKIN SEEDS 400G,,flipkart-minutes,,389,,,,false,NOT_LISTED,,,0,699,
2026-06-12,SVD,PUMPKIN SEEDS 800G,,flipkart-minutes,,769,,,,false,NOT_LISTED,,,0,1299,
2026-06-12,SVD,PUNJABI JEERA 160ML,,flipkart-minutes,,219,,,,false,NOT_LISTED,,,0,360,
2026-06-12,SVD,QUINOA SEEDS 200G,,flipkart-minutes,,109,,,,false,NOT_LISTED,,,0,199,
2026-06-12,SVD,QUINOA SEEDS 400G,,flipkart-minutes,,169,,,,false,NOT_LISTED,,,0,299,
2026-06-12,SVD,QUINOA SEEDS 800G,,flipkart-minutes,,249,,,,false,NOT_LISTED,,,0,399,
2026-06-12,SVD,RICE BRAN 1L,,flipkart-minutes,,189,,,,false,NOT_LISTED,,,0,285,
2026-06-12,SVD,RICE BRAN 1L + 1L,,flipkart-minutes,,369,,,,false,NOT_LISTED,,,0,570,
2026-06-12,SVD,RICE BRAN 4L,,flipkart-minutes,,719,,,,false,NOT_LISTED,,,0,1140,
2026-06-12,SVD,RICE BRAN 5L,,flipkart-minutes,,909,,,,false,NOT_LISTED,,,0,1425,
2026-06-12,SVD,ROSEMARY LEAVES 150 GMS,,flipkart-minutes,,169,,,,false,NOT_LISTED,,,0,499,
2026-06-12,SVD,SAFFRON 1GMS,,flipkart-minutes,,499,,,,false,NOT_LISTED,,,0,899,
2026-06-12,SVD,SANO CANOLA 1L,,flipkart-minutes,,249,,,,false,NOT_LISTED,,,0,475,
2026-06-12,SVD,SANO CANOLA 5L,,flipkart-minutes,,1199,,,,false,NOT_LISTED,,,0,1950,
2026-06-12,SVD,SANO CLASSIC 1L,,flipkart-minutes,,559,,,,false,NOT_LISTED,,,0,1399,
2026-06-12,SVD,SANO CLASSIC 5L,,flipkart-minutes,,2609,,,,false,NOT_LISTED,,,0,6499,
2026-06-12,SVD,SANO MUSTARD 1L,,flipkart-minutes,,199,,,,false,NOT_LISTED,,,0,235,
2026-06-12,SVD,SANO MUSTARD 5L,,flipkart-minutes,,949,,,,false,NOT_LISTED,,,0,1200,
2026-06-12,SVD,SANO POMACE 1L,,flipkart-minutes,,399,,,,false,NOT_LISTED,,,0,999,
2026-06-12,SVD,SANO POMACE 5L,,flipkart-minutes,,1969,,,,false,NOT_LISTED,,,0,4499,
2026-06-12,SVD,SANO SOYABEAN 1L,,flipkart-minutes,,189,,,,false,NOT_LISTED,,,0,225,
2026-06-12,SVD,SANO SOYABEAN 5L,,flipkart-minutes,,899,,,,false,NOT_LISTED,,,0,1450,
2026-06-12,SVD,SANO SUNFLOWER 1L,,flipkart-minutes,,209,,,,false,NOT_LISTED,,,0,280,
2026-06-12,SVD,SANO SUNFLOWER 5L,,flipkart-minutes,,1029,,,,false,NOT_LISTED,,,0,1475,
2026-06-12,SVD,SESAME 1L + 1L,,flipkart-minutes,,649,,,,false,NOT_LISTED,,,0,1200,
2026-06-12,SVD,SESAME OIL 1L,,flipkart-minutes,,329,,,,false,NOT_LISTED,,,0,600,
2026-06-12,SVD,SO OLIVE 1L,,flipkart-minutes,,279,,,,false,NOT_LISTED,,,0,325,
2026-06-12,SVD,SO OLIVE 1L + 1L,,flipkart-minutes,,549,,,,false,NOT_LISTED,,,0,650,
2026-06-12,SVD,SO OLIVE 5L,,flipkart-minutes,,1369,,,,false,NOT_LISTED,,,0,1625,
2026-06-12,SVD,SODA 750ML,,flipkart-minutes,,15,,,,false,NOT_LISTED,,,0,30,
2026-06-12,SVD,SODA LEMON 750ML,,flipkart-minutes,,45,,,,false,NOT_LISTED,,,0,55,
2026-06-12,SVD,SOYABEAN 1L,,flipkart-minutes,,199,,,,false,NOT_LISTED,,,0,225,
2026-06-12,SVD,SOYABEAN 1L + 1L,,flipkart-minutes,,389,,,,false,NOT_LISTED,,,0,1100,
2026-06-12,SVD,SOYABEAN 1L POUCH,jivo-soybean-oil-soyabean-oil-pouch-1l,flipkart-minutes,EDOGPX8ZD2ZYPH6U,199,152,152,152,true,BELOW,-47,-23.62,1,199,199
2026-06-12,SVD,SOYABEAN 5L,,flipkart-minutes,,949,,,,false,NOT_LISTED,,,0,1100,
2026-06-12,SVD,SPRING WATER 750ML,,flipkart-minutes,,50,,,,false,NOT_LISTED,,,0,55,
2026-06-12,SVD,SUNFLOWER 1L,,flipkart-minutes,,219,,,,false,NOT_LISTED,,,0,275,
2026-06-12,SVD,SUNFLOWER 1L + 1L,,flipkart-minutes,,429,,,,false,NOT_LISTED,,,0,550,
2026-06-12,SVD,SUNFLOWER 3L,,flipkart-minutes,,649,,,,false,NOT_LISTED,,,0,825,
2026-06-12,SVD,SUNFLOWER 4L,,flipkart-minutes,,869,,,,false,NOT_LISTED,,,0,1038,
2026-06-12,SVD,SUNFLOWER 5L,,flipkart-minutes,,1049,,,,false,NOT_LISTED,,,0,1350,
2026-06-12,SVD,SUNFLOWER SEEDS 200G,,flipkart-minutes,,129,,,,false,NOT_LISTED,,,0,299,
2026-06-12,SVD,SUNFLOWER SEEDS 400G,,flipkart-minutes,,249,,,,false,NOT_LISTED,,,0,499,
2026-06-12,SVD,SUNFLOWER SEEDS 800G,,flipkart-minutes,,369,,,,false,NOT_LISTED,,,0,899,
2026-06-12,SVD,WG MANGO JUICE 500ML,,flipkart-minutes,,35,,,,false,NOT_LISTED,,,0,100,
2026-06-12,SVD,YELLOW MUSTARD 1L,,flipkart-minutes,,259,,,,false,NOT_LISTED,,,0,375,
2026-06-12,SVD,YELLOW MUSTARD 1L + 1L,,flipkart-minutes,,509,,,,false,NOT_LISTED,,,0,750,
2026-06-12,SVD,YELLOW MUSTARD 5L,,flipkart-minutes,,1269,,,,false,NOT_LISTED,,,0,2000,
2026-06-12,SVD,A2 GHEE 1L,,zepto,,1309,,,,false,NOT_LISTED,,,0,4000,
2026-06-12,SVD,A2 GHEE 500ML,,zepto,,709,,,,false,NOT_LISTED,,,0,2200,
2026-06-12,SVD,BASIL SEEDS 200G,,zepto,,69,,,,false,NOT_LISTED,,,0,349,
2026-06-12,SVD,BASIL SEEDS 400G,,zepto,,189,,,,false,NOT_LISTED,,,0,599,
2026-06-12,SVD,BASIL SEEDS 800G,,zepto,,329,,,,false,NOT_LISTED,,,0,1099,
2026-06-12,SVD,BLACK CARDAMOM 100G,,zepto,,289,,,,false,NOT_LISTED,,,0,549,
2026-06-12,SVD,BLACK OLIVE 470G,,zepto,,209,,,,false,NOT_LISTED,,,0,399,
2026-06-12,SVD,BLACK PEPPER 100G,,zepto,,135,,,,false,NOT_LISTED,,,0,399,
2026-06-12,SVD,CANOLA 1+1L,jivo-cold-press-canola-oil-combo-bottle-2l,zepto,50b56b7f-3d9f-45c7-8161-c2327e8db652,509,485,485,520,true,BELOW,-24,-4.72,22,750,750
2026-06-12,SVD,CANOLA 1L,,zepto,,259,,,,false,NOT_LISTED,,,0,375,
2026-06-12,SVD,CANOLA 1L + 1L,,zepto,,509,,,,false,NOT_LISTED,,,0,750,
2026-06-12,SVD,CANOLA 1L POUCH,,zepto,,259,,,,false,NOT_LISTED,,,0,299,
2026-06-12,SVD,CANOLA 3L,,zepto,,769,,,,false,NOT_LISTED,,,0,690,
2026-06-12,SVD,CANOLA 4L,,zepto,,1149,,,,false,NOT_LISTED,,,0,1199,
2026-06-12,SVD,CANOLA 5L,jivo-canola-cold-pressed-edible-oil-cooking-oil-5l,zepto,c935f17d-04d3-4785-b2dd-bd8e7c7ebcbe,1249,1193,1193,1617,true,BELOW,-56,-4.48,18,1650,1650
2026-06-12,SVD,CHIA SEEDS 200G,,zepto,,99,,,,false,NOT_LISTED,,,0,299,
2026-06-12,SVD,CHIA SEEDS 400G,,zepto,,199,,,,false,NOT_LISTED,,,0,599,
2026-06-12,SVD,CHIA SEEDS 800G,,zepto,,339,,,,false,NOT_LISTED,,,0,899,
2026-06-12,SVD,CINNAMON BARK 100G,,zepto,,89,,,,false,NOT_LISTED,,,0,299,
2026-06-12,SVD,CLOVE 100G,,zepto,,209,,,,false,NOT_LISTED,,,0,280,
2026-06-12,SVD,COCONUT 1L,,zepto,,539,,,,false,NOT_LISTED,,,0,700,
2026-06-12,SVD,COCONUT 200ML,,zepto,,129,,,,false,NOT_LISTED,,,0,285,
2026-06-12,SVD,COCONUT 500ML,,zepto,,279,,,,false,NOT_LISTED,,,0,695,
2026-06-12,SVD,COFFEE,,zepto,,239,,,,false,NOT_LISTED,,,0,350,
2026-06-12,SVD,CUMIN SEEDS 100G,,zepto,,75,,,,false,NOT_LISTED,,,0,249,
2026-06-12,SVD,EXTRA LIGHT 1+1L,jivo-extra-light-olive-oil-combo-2l,zepto,597fe027-2e19-4a49-bc07-76ef57295ad6,1189,998,998,998,true,BELOW,-191,-16.06,28,2798,2998
2026-06-12,SVD,EXTRA LIGHT 1L,jivo-extra-light-olive-oil-1l,zepto,2300d5e1-ccd1-46ab-990d-aa7fee80bc5d,599,499,499,499,true,BELOW,-100,-16.69,48,1499,1499
2026-06-12,SVD,EXTRA LIGHT 2L,jivo-extra-light-olive-oil-2l,zepto,29e72c8c-7ff6-46e2-9721-ca4e9f612e98,1189,1173,1132,1195,true,BELOW,-16,-1.35,33,2799,2799
2026-06-12,SVD,EXTRA LIGHT 3L,,zepto,,1789,,,,false,NOT_LISTED,,,0,2200,
2026-06-12,SVD,EXTRA LIGHT 500ML,,zepto,,339,,,,false,NOT_LISTED,,,0,499,
2026-06-12,SVD,EXTRA LIGHT 5L,,zepto,,2969,,,,false,NOT_LISTED,,,0,6499,
2026-06-12,SVD,EXTRA VIRGIN 1L,jivo-extra-virgin-olive-oil-bottle-1l,zepto,5d186472-6fe2-4643-af2f-2f9cd773986d,789,989,940,989,true,ABOVE,200,25.35,0,1499,1799
2026-06-12,SVD,EXTRA VIRGIN 1L + 1L,,zepto,,1589,,,,false,NOT_LISTED,,,0,2998,
2026-06-12,SVD,EXTRA VIRGIN 200ML,,zepto,,189,,,,false,NOT_LISTED,,,0,350,
2026-06-12,SVD,EXTRA VIRGIN 250ML,,zepto,,209,,,,false,NOT_LISTED,,,0,450,
2026-06-12,SVD,EXTRA VIRGIN 2L,,zepto,,1589,,,,false,NOT_LISTED,,,0,2700,
2026-06-12,SVD,EXTRA VIRGIN 3L,,zepto,,2369,,,,false,NOT_LISTED,,,0,4000,
2026-06-12,SVD,EXTRA VIRGIN 500ML,,zepto,,409,,,,false,NOT_LISTED,,,0,675,
2026-06-12,SVD,EXTRA VIRGIN 5L,jivo-extra-virgin-cooking-olive-oil-5l,zepto,c80ef4de-b2c3-4fb4-984b-4cb29b33db33,3939,7920,7920,7920,true,ABOVE,3981,101.07,0,7999,7999
2026-06-12,SVD,FLAX SEEDS 200G,,zepto,,89,,,,false,NOT_LISTED,,,0,249,
2026-06-12,SVD,FLAX SEEDS 400G,,zepto,,179,,,,false,NOT_LISTED,,,0,399,
2026-06-12,SVD,FLAX SEEDS 800G,,zepto,,349,,,,false,NOT_LISTED,,,0,750,
2026-06-12,SVD,GINGER ALE 200ML,,zepto,,39,,,,false,NOT_LISTED,,,0,100,
2026-06-12,SVD,GOLD 1+1,,zepto,,369,,,,false,NOT_LISTED,,,0,450,
2026-06-12,SVD,GOLD 1L,jivo-gold-refined-oil-blend-of-rice-bran-oil-and-sunflower-oil-1l,zepto,bc1af3d1-2a14-4296-b38e-e05ba43c3170,189,,,,false,OOS,,,0,225,225
2026-06-12,SVD,GOLD 5L,jivo-gold-refined-oil-blend-of-rice-bran-oil-and-sunflower-oil-5l,zepto,40bd2571-3734-4503-84b7-bbe87a3818c3,939,,,,false,OOS,,,0,1049,1050
2026-06-12,SVD,GREEN CARDAMOM 100G,,zepto,,479,,,,false,NOT_LISTED,,,0,799,
2026-06-12,SVD,GROUNDNUT 1L,jivo-groundnut-cold-pressed-oil-healthy-cooking-oil-1l,zepto,41367ef4-80d9-4819-bbae-d1806c184f5c,239,199,199,199,true,BELOW,-40,-16.74,39,400,560
2026-06-12,SVD,GROUNDNUT 5L,,zepto,,1169,,,,false,NOT_LISTED,,,0,2800,
2026-06-12,SVD,JIVO POMACE 1L,jivo-pomace-olive-oil-1l,zepto,ac9a7dd8-489b-4475-a14d-27ae393a5505,429,379,379,379,true,BELOW,-50,-11.66,37,1049,1049
2026-06-12,SVD,JIVO POMACE 1L + 1L,jivo-pomace-olive-oil-combo-2l,zepto,3d955a07-72db-4d1a-9d65-42c5a8dd0641,849,758,758,758,true,BELOW,-91,-10.72,12,2098,2098
2026-06-12,SVD,JIVO POMACE 2L,jivo-daily-pomace-olive-oil-2l,zepto,8eedf6ff-d36c-4313-88e4-6aa571372f46,849,1045,977,1049,true,ABOVE,196,23.09,0,1600,1449
2026-06-12,SVD,JIVO POMACE 5L,jivo-pomace-olive-oil-5l,zepto,a81945f0-43ac-4970-82b4-c6c8986ee9ae,2119,2127,2114,2574,true,ABOVE,8,0.38,3,4999,4999
2026-06-12,SVD,JIVO PUNJABI SHIKANJI 160 MLS,,zepto,,219,,,,false,NOT_LISTED,,,0,480,
2026-06-12,SVD,JIVO WATER 1L,,zepto,,18,,,,false,NOT_LISTED,,,0,30,
2026-06-12,SVD,JIVO WATER 250ML,,zepto,,109,,,,false,NOT_LISTED,,,0,360,
2026-06-12,SVD,JIVO WATER 500 MLS,,zepto,,10,,,,false,NOT_LISTED,,,0,15,
2026-06-12,SVD,MUSTARD 1L,jivo-kachi-ghani-mustard-cold-pressed-oil-healthy-cooking-oil-1l,zepto,89804a83-79f3-45c6-b940-9c395451dffa,209,181,179,181,true,BELOW,-28,-13.4,50,255,255
2026-06-12,SVD,MUSTARD 1L + 1L,,zepto,,409,,,,false,NOT_LISTED,,,0,500,
2026-06-12,SVD,MUSTARD 1L POUCH,,zepto,,209,,,,false,NOT_LISTED,,,0,250,
2026-06-12,SVD,MUSTARD 3L,,zepto,,599,,,,false,NOT_LISTED,,,0,765,
2026-06-12,SVD,MUSTARD 4L,,zepto,,799,,,,false,NOT_LISTED,,,0,1000,
2026-06-12,SVD,MUSTARD 5L,jivo-kachi-ghani-mustard-cold-pressed-oil-healthy-cooking-oil-5l,zepto,275d43f8-2da4-4d9e-8873-e04fcaf5c073,999,997,979,1007,true,BELOW,-2,-0.2,26,1250,1250
2026-06-12,SVD,POMACE 3L,,zepto,,1279,,,,false,NOT_LISTED,,,0,3050,
2026-06-12,SVD,PUMPKIN SEEDS 200G,,zepto,,199,,,,false,NOT_LISTED,,,0,399,
2026-06-12,SVD,PUMPKIN SEEDS 400G,,zepto,,389,,,,false,NOT_LISTED,,,0,699,
2026-06-12,SVD,PUMPKIN SEEDS 800G,,zepto,,769,,,,false,NOT_LISTED,,,0,1299,
2026-06-12,SVD,PUNJABI JEERA 160ML,,zepto,,219,,,,false,NOT_LISTED,,,0,360,
2026-06-12,SVD,QUINOA SEEDS 200G,,zepto,,109,,,,false,NOT_LISTED,,,0,199,
2026-06-12,SVD,QUINOA SEEDS 400G,,zepto,,169,,,,false,NOT_LISTED,,,0,299,
2026-06-12,SVD,QUINOA SEEDS 800G,,zepto,,249,,,,false,NOT_LISTED,,,0,399,
2026-06-12,SVD,RICE BRAN 1L,jivo-rice-bran-daily-cooking-oil-1l,zepto,4acb73bc-1e89-47d8-8625-05e6a34b698b,189,,,,false,OOS,,,0,285,285
2026-06-12,SVD,RICE BRAN 1L + 1L,,zepto,,369,,,,false,NOT_LISTED,,,0,570,
2026-06-12,SVD,RICE BRAN 4L,,zepto,,719,,,,false,NOT_LISTED,,,0,1140,
2026-06-12,SVD,RICE BRAN 5L,,zepto,,909,,,,false,NOT_LISTED,,,0,1425,
2026-06-12,SVD,ROSEMARY LEAVES 150 GMS,,zepto,,169,,,,false,NOT_LISTED,,,0,499,
2026-06-12,SVD,SAFFRON 1GMS,,zepto,,499,,,,false,NOT_LISTED,,,0,899,
2026-06-12,SVD,SANO CANOLA 1L,,zepto,,249,,,,false,NOT_LISTED,,,0,475,
2026-06-12,SVD,SANO CANOLA 5L,,zepto,,1199,,,,false,NOT_LISTED,,,0,1950,
2026-06-12,SVD,SANO CLASSIC 1L,,zepto,,559,,,,false,NOT_LISTED,,,0,1399,
2026-06-12,SVD,SANO CLASSIC 5L,,zepto,,2609,,,,false,NOT_LISTED,,,0,6499,
2026-06-12,SVD,SANO MUSTARD 1L,,zepto,,199,,,,false,NOT_LISTED,,,0,235,
2026-06-12,SVD,SANO MUSTARD 5L,,zepto,,949,,,,false,NOT_LISTED,,,0,1200,
2026-06-12,SVD,SANO POMACE 1L,,zepto,,399,,,,false,NOT_LISTED,,,0,999,
2026-06-12,SVD,SANO POMACE 5L,,zepto,,1969,,,,false,NOT_LISTED,,,0,4499,
2026-06-12,SVD,SANO SOYABEAN 1L,,zepto,,189,,,,false,NOT_LISTED,,,0,225,
2026-06-12,SVD,SANO SOYABEAN 5L,,zepto,,899,,,,false,NOT_LISTED,,,0,1450,
2026-06-12,SVD,SANO SUNFLOWER 1L,,zepto,,209,,,,false,NOT_LISTED,,,0,280,
2026-06-12,SVD,SANO SUNFLOWER 5L,,zepto,,1029,,,,false,NOT_LISTED,,,0,1475,
2026-06-12,SVD,SESAME 1L + 1L,,zepto,,649,,,,false,NOT_LISTED,,,0,1200,
2026-06-12,SVD,SESAME OIL 1L,,zepto,,329,,,,false,NOT_LISTED,,,0,600,
2026-06-12,SVD,SO OLIVE 1L,jivo-soolive-blend-of-rice-bran-and-olive-oil-1l,zepto,dc9c5857-5d89-45c7-895a-373097239ff7,279,,,,false,OOS,,,0,325,325
2026-06-12,SVD,SO OLIVE 1L + 1L,,zepto,,549,,,,false,NOT_LISTED,,,0,650,
2026-06-12,SVD,SO OLIVE 5L,,zepto,,1369,,,,false,NOT_LISTED,,,0,1625,
2026-06-12,SVD,SODA 750ML,,zepto,,15,,,,false,NOT_LISTED,,,0,30,
2026-06-12,SVD,SODA LEMON 750ML,,zepto,,45,,,,false,NOT_LISTED,,,0,55,
2026-06-12,SVD,SOYABEAN 1L,,zepto,,199,,,,false,NOT_LISTED,,,0,225,
2026-06-12,SVD,SOYABEAN 1L + 1L,,zepto,,389,,,,false,NOT_LISTED,,,0,1100,
2026-06-12,SVD,SOYABEAN 1L POUCH,,zepto,,199,,,,false,NOT_LISTED,,,0,199,
2026-06-12,SVD,SOYABEAN 5L,,zepto,,949,,,,false,NOT_LISTED,,,0,1100,
2026-06-12,SVD,SPRING WATER 750ML,,zepto,,50,,,,false,NOT_LISTED,,,0,55,
2026-06-12,SVD,SUNFLOWER 1L,jivo-sunflower-cold-pressed-oil-healthy-cooking-oil-1l,zepto,06c8f55b-13a5-4d9b-8990-a418e63c89ad,219,192,191,192,true,BELOW,-27,-12.33,32,275,275
2026-06-12,SVD,SUNFLOWER 1L + 1L,,zepto,,429,,,,false,NOT_LISTED,,,0,550,
2026-06-12,SVD,SUNFLOWER 3L,,zepto,,649,,,,false,NOT_LISTED,,,0,825,
2026-06-12,SVD,SUNFLOWER 4L,,zepto,,869,,,,false,NOT_LISTED,,,0,1038,
2026-06-12,SVD,SUNFLOWER 5L,jivo-sunflower-cold-pressed-oil-healthy-cooking-oil-5l,zepto,3df8a5f6-fb0a-43d9-92ea-8098fda9253d,1049,,,,false,OOS,,,0,1350,1350
2026-06-12,SVD,SUNFLOWER SEEDS 200G,,zepto,,129,,,,false,NOT_LISTED,,,0,299,
2026-06-12,SVD,SUNFLOWER SEEDS 400G,,zepto,,249,,,,false,NOT_LISTED,,,0,499,
2026-06-12,SVD,SUNFLOWER SEEDS 800G,,zepto,,369,,,,false,NOT_LISTED,,,0,899,
2026-06-12,SVD,WG MANGO JUICE 500ML,,zepto,,35,,,,false,NOT_LISTED,,,0,100,
2026-06-12,SVD,YELLOW MUSTARD 1L,,zepto,,259,,,,false,NOT_LISTED,,,0,375,
2026-06-12,SVD,YELLOW MUSTARD 1L + 1L,,zepto,,509,,,,false,NOT_LISTED,,,0,750,
2026-06-12,SVD,YELLOW MUSTARD 5L,,zepto,,1269,,,,false,NOT_LISTED,,,0,2000,
2026-06-12,SVD,A2 GHEE 1L,,blinkit,,1309,,,,false,NOT_LISTED,,,0,4000,
2026-06-12,SVD,A2 GHEE 500ML,,blinkit,,709,,,,false,NOT_LISTED,,,0,2200,
2026-06-12,SVD,BASIL SEEDS 200G,,blinkit,,69,,,,false,NOT_LISTED,,,0,349,
2026-06-12,SVD,BASIL SEEDS 400G,,blinkit,,189,,,,false,NOT_LISTED,,,0,599,
2026-06-12,SVD,BASIL SEEDS 800G,,blinkit,,329,,,,false,NOT_LISTED,,,0,1099,
2026-06-12,SVD,BLACK CARDAMOM 100G,,blinkit,,289,,,,false,NOT_LISTED,,,0,549,
2026-06-12,SVD,BLACK OLIVE 470G,,blinkit,,209,,,,false,NOT_LISTED,,,0,399,
2026-06-12,SVD,BLACK PEPPER 100G,,blinkit,,135,,,,false,NOT_LISTED,,,0,399,
2026-06-12,SVD,CANOLA 1+1L,,blinkit,,509,,,,false,NOT_LISTED,,,0,750,
2026-06-12,SVD,CANOLA 1L,jivo-cold-pressed-canola-oil-1l,blinkit,407851,259,260,250,280,true,MATCH,1,0.39,27,375,375
2026-06-12,SVD,CANOLA 1L + 1L,,blinkit,,509,,,,false,NOT_LISTED,,,0,750,
2026-06-12,SVD,CANOLA 1L POUCH,,blinkit,,259,,,,false,NOT_LISTED,,,0,299,
2026-06-12,SVD,CANOLA 3L,,blinkit,,769,,,,false,NOT_LISTED,,,0,690,
2026-06-12,SVD,CANOLA 4L,,blinkit,,1149,,,,false,NOT_LISTED,,,0,1199,
2026-06-12,SVD,CANOLA 5L,jivo-cold-pressed-canola-oil-5l,blinkit,406593,1249,1193,1193,1493,true,BELOW,-56,-4.48,55,1650,1650
2026-06-12,SVD,CHIA SEEDS 200G,,blinkit,,99,,,,false,NOT_LISTED,,,0,299,
2026-06-12,SVD,CHIA SEEDS 400G,,blinkit,,199,,,,false,NOT_LISTED,,,0,599,
2026-06-12,SVD,CHIA SEEDS 800G,,blinkit,,339,,,,false,NOT_LISTED,,,0,899,
2026-06-12,SVD,CINNAMON BARK 100G,,blinkit,,89,,,,false,NOT_LISTED,,,0,299,
2026-06-12,SVD,CLOVE 100G,,blinkit,,209,,,,false,NOT_LISTED,,,0,280,
2026-06-12,SVD,COCONUT 1L,,blinkit,,539,,,,false,NOT_LISTED,,,0,700,
2026-06-12,SVD,COCONUT 200ML,,blinkit,,129,,,,false,NOT_LISTED,,,0,285,
2026-06-12,SVD,COCONUT 500ML,,blinkit,,279,,,,false,NOT_LISTED,,,0,695,
2026-06-12,SVD,COFFEE,,blinkit,,239,,,,false,NOT_LISTED,,,0,350,
2026-06-12,SVD,CUMIN SEEDS 100G,,blinkit,,75,,,,false,NOT_LISTED,,,0,249,
2026-06-12,SVD,EXTRA LIGHT 1+1L,,blinkit,,1189,,,,false,NOT_LISTED,,,0,2798,
2026-06-12,SVD,EXTRA LIGHT 1L,jivo-extra-light-olive-oil-1l,blinkit,406592,599,624,624,708,true,ABOVE,25,4.17,0,1499,1499
2026-06-12,SVD,EXTRA LIGHT 2L,jivo-extra-light-olive-oil-2l,blinkit,545244,1189,1139,1139,1340,true,BELOW,-50,-4.21,86,2799,2799
2026-06-12,SVD,EXTRA LIGHT 3L,,blinkit,,1789,,,,false,NOT_LISTED,,,0,2200,
2026-06-12,SVD,EXTRA LIGHT 500ML,,blinkit,,339,,,,false,NOT_LISTED,,,0,499,
2026-06-12,SVD,EXTRA LIGHT 5L,,blinkit,,2969,,,,false,NOT_LISTED,,,0,6499,
2026-06-12,SVD,EXTRA VIRGIN 1L,,blinkit,,789,,,,false,NOT_LISTED,,,0,1499,
2026-06-12,SVD,EXTRA VIRGIN 1L + 1L,,blinkit,,1589,,,,false,NOT_LISTED,,,0,2998,
2026-06-12,SVD,EXTRA VIRGIN 200ML,,blinkit,,189,,,,false,NOT_LISTED,,,0,350,
2026-06-12,SVD,EXTRA VIRGIN 250ML,,blinkit,,209,,,,false,NOT_LISTED,,,0,450,
2026-06-12,SVD,EXTRA VIRGIN 2L,,blinkit,,1589,,,,false,NOT_LISTED,,,0,2700,
2026-06-12,SVD,EXTRA VIRGIN 3L,,blinkit,,2369,,,,false,NOT_LISTED,,,0,4000,
2026-06-12,SVD,EXTRA VIRGIN 500ML,,blinkit,,409,,,,false,NOT_LISTED,,,0,675,
2026-06-12,SVD,EXTRA VIRGIN 5L,,blinkit,,3939,,,,false,NOT_LISTED,,,0,7999,
2026-06-12,SVD,FLAX SEEDS 200G,,blinkit,,89,,,,false,NOT_LISTED,,,0,249,
2026-06-12,SVD,FLAX SEEDS 400G,,blinkit,,179,,,,false,NOT_LISTED,,,0,399,
2026-06-12,SVD,FLAX SEEDS 800G,,blinkit,,349,,,,false,NOT_LISTED,,,0,750,
2026-06-12,SVD,GINGER ALE 200ML,,blinkit,,39,,,,false,NOT_LISTED,,,0,100,
2026-06-12,SVD,GOLD 1+1,,blinkit,,369,,,,false,NOT_LISTED,,,0,450,
2026-06-12,SVD,GOLD 1L,,blinkit,,189,,,,false,NOT_LISTED,,,0,225,
2026-06-12,SVD,GOLD 5L,,blinkit,,939,,,,false,NOT_LISTED,,,0,1049,
2026-06-12,SVD,GREEN CARDAMOM 100G,,blinkit,,479,,,,false,NOT_LISTED,,,0,799,
2026-06-12,SVD,GROUNDNUT 1L,,blinkit,,239,,,,false,NOT_LISTED,,,0,400,
2026-06-12,SVD,GROUNDNUT 5L,,blinkit,,1169,,,,false,NOT_LISTED,,,0,2800,
2026-06-12,SVD,JIVO POMACE 1L,jivo-pomace-olive-oil-1l,blinkit,528706,429,379,379,435,true,BELOW,-50,-11.66,126,1049,1049
2026-06-12,SVD,JIVO POMACE 1L + 1L,,blinkit,,849,,,,false,NOT_LISTED,,,0,2098,
2026-06-12,SVD,JIVO POMACE 2L,,blinkit,,849,,,,false,NOT_LISTED,,,0,1600,
2026-06-12,SVD,JIVO POMACE 5L,jivo-pomace-olive-oil-5l,blinkit,407561,2119,1897,1897,2088,true,BELOW,-222,-10.48,82,4999,4999
2026-06-12,SVD,JIVO PUNJABI SHIKANJI 160 MLS,,blinkit,,219,,,,false,NOT_LISTED,,,0,480,
2026-06-12,SVD,JIVO WATER 1L,,blinkit,,18,,,,false,NOT_LISTED,,,0,30,
2026-06-12,SVD,JIVO WATER 250ML,,blinkit,,109,,,,false,NOT_LISTED,,,0,360,
2026-06-12,SVD,JIVO WATER 500 MLS,,blinkit,,10,,,,false,NOT_LISTED,,,0,15,
2026-06-12,SVD,MUSTARD 1L,jivo-kachi-ghani-cold-pressed-mustard-oil-1l,blinkit,540835,209,169,166,169,true,BELOW,-40,-19.14,12,255,255
2026-06-12,SVD,MUSTARD 1L + 1L,,blinkit,,409,,,,false,NOT_LISTED,,,0,500,
2026-06-12,SVD,MUSTARD 1L POUCH,,blinkit,,209,,,,false,NOT_LISTED,,,0,250,
2026-06-12,SVD,MUSTARD 3L,,blinkit,,599,,,,false,NOT_LISTED,,,0,765,
2026-06-12,SVD,MUSTARD 4L,,blinkit,,799,,,,false,NOT_LISTED,,,0,1000,
2026-06-12,SVD,MUSTARD 5L,jivo-kachi-ghani-cold-pressed-mustard-oil-5l,blinkit,540970,999,868,868,868,true,BELOW,-131,-13.11,13,1250,1250
2026-06-12,SVD,POMACE 3L,,blinkit,,1279,,,,false,NOT_LISTED,,,0,3050,
2026-06-12,SVD,PUMPKIN SEEDS 200G,,blinkit,,199,,,,false,NOT_LISTED,,,0,399,
2026-06-12,SVD,PUMPKIN SEEDS 400G,,blinkit,,389,,,,false,NOT_LISTED,,,0,699,
2026-06-12,SVD,PUMPKIN SEEDS 800G,,blinkit,,769,,,,false,NOT_LISTED,,,0,1299,
2026-06-12,SVD,PUNJABI JEERA 160ML,,blinkit,,219,,,,false,NOT_LISTED,,,0,360,
2026-06-12,SVD,QUINOA SEEDS 200G,,blinkit,,109,,,,false,NOT_LISTED,,,0,199,
2026-06-12,SVD,QUINOA SEEDS 400G,,blinkit,,169,,,,false,NOT_LISTED,,,0,299,
2026-06-12,SVD,QUINOA SEEDS 800G,,blinkit,,249,,,,false,NOT_LISTED,,,0,399,
2026-06-12,SVD,RICE BRAN 1L,,blinkit,,189,,,,false,NOT_LISTED,,,0,285,
2026-06-12,SVD,RICE BRAN 1L + 1L,,blinkit,,369,,,,false,NOT_LISTED,,,0,570,
2026-06-12,SVD,RICE BRAN 4L,,blinkit,,719,,,,false,NOT_LISTED,,,0,1140,
2026-06-12,SVD,RICE BRAN 5L,,blinkit,,909,,,,false,NOT_LISTED,,,0,1425,
2026-06-12,SVD,ROSEMARY LEAVES 150 GMS,,blinkit,,169,,,,false,NOT_LISTED,,,0,499,
2026-06-12,SVD,SAFFRON 1GMS,,blinkit,,499,,,,false,NOT_LISTED,,,0,899,
2026-06-12,SVD,SANO CANOLA 1L,,blinkit,,249,,,,false,NOT_LISTED,,,0,475,
2026-06-12,SVD,SANO CANOLA 5L,,blinkit,,1199,,,,false,NOT_LISTED,,,0,1950,
2026-06-12,SVD,SANO CLASSIC 1L,,blinkit,,559,,,,false,NOT_LISTED,,,0,1399,
2026-06-12,SVD,SANO CLASSIC 5L,,blinkit,,2609,,,,false,NOT_LISTED,,,0,6499,
2026-06-12,SVD,SANO MUSTARD 1L,,blinkit,,199,,,,false,NOT_LISTED,,,0,235,
2026-06-12,SVD,SANO MUSTARD 5L,,blinkit,,949,,,,false,NOT_LISTED,,,0,1200,
2026-06-12,SVD,SANO POMACE 1L,,blinkit,,399,,,,false,NOT_LISTED,,,0,999,
2026-06-12,SVD,SANO POMACE 5L,,blinkit,,1969,,,,false,NOT_LISTED,,,0,4499,
2026-06-12,SVD,SANO SOYABEAN 1L,,blinkit,,189,,,,false,NOT_LISTED,,,0,225,
2026-06-12,SVD,SANO SOYABEAN 5L,,blinkit,,899,,,,false,NOT_LISTED,,,0,1450,
2026-06-12,SVD,SANO SUNFLOWER 1L,,blinkit,,209,,,,false,NOT_LISTED,,,0,280,
2026-06-12,SVD,SANO SUNFLOWER 5L,,blinkit,,1029,,,,false,NOT_LISTED,,,0,1475,
2026-06-12,SVD,SESAME 1L + 1L,,blinkit,,649,,,,false,NOT_LISTED,,,0,1200,
2026-06-12,SVD,SESAME OIL 1L,,blinkit,,329,,,,false,NOT_LISTED,,,0,600,
2026-06-12,SVD,SO OLIVE 1L,,blinkit,,279,,,,false,NOT_LISTED,,,0,325,
2026-06-12,SVD,SO OLIVE 1L + 1L,,blinkit,,549,,,,false,NOT_LISTED,,,0,650,
2026-06-12,SVD,SO OLIVE 5L,,blinkit,,1369,,,,false,NOT_LISTED,,,0,1625,
2026-06-12,SVD,SODA 750ML,,blinkit,,15,,,,false,NOT_LISTED,,,0,30,
2026-06-12,SVD,SODA LEMON 750ML,,blinkit,,45,,,,false,NOT_LISTED,,,0,55,
2026-06-12,SVD,SOYABEAN 1L,,blinkit,,199,,,,false,NOT_LISTED,,,0,225,
2026-06-12,SVD,SOYABEAN 1L + 1L,,blinkit,,389,,,,false,NOT_LISTED,,,0,1100,
2026-06-12,SVD,SOYABEAN 1L POUCH,,blinkit,,199,,,,false,NOT_LISTED,,,0,199,
2026-06-12,SVD,SOYABEAN 5L,,blinkit,,949,,,,false,NOT_LISTED,,,0,1100,
2026-06-12,SVD,SPRING WATER 750ML,,blinkit,,50,,,,false,NOT_LISTED,,,0,55,
2026-06-12,SVD,SUNFLOWER 1L,jivo-cold-pressed-sunflower-oil-1l,blinkit,628632,219,215,192,220,true,BELOW,-4,-1.83,37,275,275
2026-06-12,SVD,SUNFLOWER 1L + 1L,,blinkit,,429,,,,false,NOT_LISTED,,,0,550,
2026-06-12,SVD,SUNFLOWER 3L,,blinkit,,649,,,,false,NOT_LISTED,,,0,825,
2026-06-12,SVD,SUNFLOWER 4L,,blinkit,,869,,,,false,NOT_LISTED,,,0,1038,
2026-06-12,SVD,SUNFLOWER 5L,,blinkit,,1049,,,,false,NOT_LISTED,,,0,1350,
2026-06-12,SVD,SUNFLOWER SEEDS 200G,,blinkit,,129,,,,false,NOT_LISTED,,,0,299,
2026-06-12,SVD,SUNFLOWER SEEDS 400G,,blinkit,,249,,,,false,NOT_LISTED,,,0,499,
2026-06-12,SVD,SUNFLOWER SEEDS 800G,,blinkit,,369,,,,false,NOT_LISTED,,,0,899,
2026-06-12,SVD,WG MANGO JUICE 500ML,,blinkit,,35,,,,false,NOT_LISTED,,,0,100,
2026-06-12,SVD,YELLOW MUSTARD 1L,,blinkit,,259,,,,false,NOT_LISTED,,,0,375,
2026-06-12,SVD,YELLOW MUSTARD 1L + 1L,,blinkit,,509,,,,false,NOT_LISTED,,,0,750,
2026-06-12,SVD,YELLOW MUSTARD 5L,,blinkit,,1269,,,,false,NOT_LISTED,,,0,2000,
2026-06-12,SVD,A2 GHEE 1L,,bigbasket,,1309,,,,false,NOT_LISTED,,,0,4000,
2026-06-12,SVD,A2 GHEE 500ML,,bigbasket,,709,,,,false,NOT_LISTED,,,0,2200,
2026-06-12,SVD,BASIL SEEDS 200G,,bigbasket,,69,,,,false,NOT_LISTED,,,0,349,
2026-06-12,SVD,BASIL SEEDS 400G,,bigbasket,,189,,,,false,NOT_LISTED,,,0,599,
2026-06-12,SVD,BASIL SEEDS 800G,,bigbasket,,329,,,,false,NOT_LISTED,,,0,1099,
2026-06-12,SVD,BLACK CARDAMOM 100G,,bigbasket,,289,,,,false,NOT_LISTED,,,0,549,
2026-06-12,SVD,BLACK OLIVE 470G,,bigbasket,,209,,,,false,NOT_LISTED,,,0,399,
2026-06-12,SVD,BLACK PEPPER 100G,,bigbasket,,135,,,,false,NOT_LISTED,,,0,399,
2026-06-12,SVD,CANOLA 1+1L,,bigbasket,,509,,,,false,NOT_LISTED,,,0,750,
2026-06-12,SVD,CANOLA 1L,canola-oil-cold-pressed-1l,bigbasket,282779,259,283.99,283.99,283.99,true,ABOVE,24.99,9.65,0,375,375
2026-06-12,SVD,CANOLA 1L + 1L,,bigbasket,,509,,,,false,NOT_LISTED,,,0,750,
2026-06-12,SVD,CANOLA 1L POUCH,canola-omega3-rich-cooking-oil-1-l-1l,bigbasket,40309979,259,,,,false,OOS,,,0,299,299
2026-06-12,SVD,CANOLA 3L,,bigbasket,,769,,,,false,NOT_LISTED,,,0,690,
2026-06-12,SVD,CANOLA 4L,,bigbasket,,1149,,,,false,NOT_LISTED,,,0,1199,
2026-06-12,SVD,CANOLA 5L,canola-oil-cold-pressed-5l,bigbasket,282780,1249,1366,1366,1366,true,ABOVE,117,9.37,0,1650,1650
2026-06-12,SVD,CHIA SEEDS 200G,,bigbasket,,99,,,,false,NOT_LISTED,,,0,299,
2026-06-12,SVD,CHIA SEEDS 400G,,bigbasket,,199,,,,false,NOT_LISTED,,,0,599,
2026-06-12,SVD,CHIA SEEDS 800G,,bigbasket,,339,,,,false,NOT_LISTED,,,0,899,
2026-06-12,SVD,CINNAMON BARK 100G,,bigbasket,,89,,,,false,NOT_LISTED,,,0,299,
2026-06-12,SVD,CLOVE 100G,,bigbasket,,209,,,,false,NOT_LISTED,,,0,280,
2026-06-12,SVD,COCONUT 1L,,bigbasket,,539,,,,false,NOT_LISTED,,,0,700,
2026-06-12,SVD,COCONUT 200ML,,bigbasket,,129,,,,false,NOT_LISTED,,,0,285,
2026-06-12,SVD,COCONUT 500ML,,bigbasket,,279,,,,false,NOT_LISTED,,,0,695,
2026-06-12,SVD,COFFEE,,bigbasket,,239,,,,false,NOT_LISTED,,,0,350,
2026-06-12,SVD,CUMIN SEEDS 100G,,bigbasket,,75,,,,false,NOT_LISTED,,,0,249,
2026-06-12,SVD,EXTRA LIGHT 1+1L,,bigbasket,,1189,,,,false,NOT_LISTED,,,0,2798,
2026-06-12,SVD,EXTRA LIGHT 1L,extra-light-olive-oil-1l,bigbasket,40166398,599,1284,1284,1284,true,ABOVE,685,114.36,0,1499,1499
2026-06-12,SVD,EXTRA LIGHT 2L,extra-light-olive-oil-antioxidants-rich-light-cooking-medium-for-frying-grilling-2l,bigbasket,40250809,1189,1343,1343,1343,true,ABOVE,154,12.95,0,2799,2799
2026-06-12,SVD,EXTRA LIGHT 3L,,bigbasket,,1789,,,,false,NOT_LISTED,,,0,2200,
2026-06-12,SVD,EXTRA LIGHT 500ML,,bigbasket,,339,,,,false,NOT_LISTED,,,0,499,
2026-06-12,SVD,EXTRA LIGHT 5L,,bigbasket,,2969,,,,false,NOT_LISTED,,,0,6499,
2026-06-12,SVD,EXTRA VIRGIN 1L,extra-virgin-olive-oil-antioxidants-rich-suitable-for-salads-saute-1l,bigbasket,40250808,789,1012,1012,1012,true,ABOVE,223,28.26,0,1499,1799
2026-06-12,SVD,EXTRA VIRGIN 1L + 1L,,bigbasket,,1589,,,,false,NOT_LISTED,,,0,2998,
2026-06-12,SVD,EXTRA VIRGIN 200ML,,bigbasket,,189,,,,false,NOT_LISTED,,,0,350,
2026-06-12,SVD,EXTRA VIRGIN 250ML,,bigbasket,,209,,,,false,NOT_LISTED,,,0,450,
2026-06-12,SVD,EXTRA VIRGIN 2L,,bigbasket,,1589,,,,false,NOT_LISTED,,,0,2700,
2026-06-12,SVD,EXTRA VIRGIN 3L,,bigbasket,,2369,,,,false,NOT_LISTED,,,0,4000,
2026-06-12,SVD,EXTRA VIRGIN 500ML,,bigbasket,,409,,,,false,NOT_LISTED,,,0,675,
2026-06-12,SVD,EXTRA VIRGIN 5L,,bigbasket,,3939,,,,false,NOT_LISTED,,,0,7999,
2026-06-12,SVD,FLAX SEEDS 200G,,bigbasket,,89,,,,false,NOT_LISTED,,,0,249,
2026-06-12,SVD,FLAX SEEDS 400G,,bigbasket,,179,,,,false,NOT_LISTED,,,0,399,
2026-06-12,SVD,FLAX SEEDS 800G,,bigbasket,,349,,,,false,NOT_LISTED,,,0,750,
2026-06-12,SVD,GINGER ALE 200ML,,bigbasket,,39,,,,false,NOT_LISTED,,,0,100,
2026-06-12,SVD,GOLD 1+1,,bigbasket,,369,,,,false,NOT_LISTED,,,0,450,
2026-06-12,SVD,GOLD 1L,,bigbasket,,189,,,,false,NOT_LISTED,,,0,225,
2026-06-12,SVD,GOLD 5L,,bigbasket,,939,,,,false,NOT_LISTED,,,0,1049,
2026-06-12,SVD,GREEN CARDAMOM 100G,,bigbasket,,479,,,,false,NOT_LISTED,,,0,799,
2026-06-12,SVD,GROUNDNUT 1L,,bigbasket,,239,,,,false,NOT_LISTED,,,0,400,
2026-06-12,SVD,GROUNDNUT 5L,,bigbasket,,1169,,,,false,NOT_LISTED,,,0,2800,
2026-06-12,SVD,JIVO POMACE 1L,pomace-olive-oil-1l,bigbasket,40197820,429,549.68,549.68,549.68,true,ABOVE,120.68,28.13,0,1049,1049
2026-06-12,SVD,JIVO POMACE 1L + 1L,,bigbasket,,849,,,,false,NOT_LISTED,,,0,2098,
2026-06-12,SVD,JIVO POMACE 2L,pomace-olive-oil-2l,bigbasket,40309980,849,1099,1099,1099,true,ABOVE,250,29.45,0,1600,1449
2026-06-12,SVD,JIVO POMACE 5L,,bigbasket,,2119,,,,false,NOT_LISTED,,,0,4999,
2026-06-12,SVD,JIVO PUNJABI SHIKANJI 160 MLS,,bigbasket,,219,,,,false,NOT_LISTED,,,0,480,
2026-06-12,SVD,JIVO WATER 1L,,bigbasket,,18,,,,false,NOT_LISTED,,,0,30,
2026-06-12,SVD,JIVO WATER 250ML,,bigbasket,,109,,,,false,NOT_LISTED,,,0,360,
2026-06-12,SVD,JIVO WATER 500 MLS,,bigbasket,,10,,,,false,NOT_LISTED,,,0,15,
2026-06-12,SVD,MUSTARD 1L,cold-press-kachi-ghani-mustard-oil-1l,bigbasket,40166395,209,202.09,202.09,202.09,true,BELOW,-6.91,-3.31,1,255,255
2026-06-12,SVD,MUSTARD 1L + 1L,,bigbasket,,409,,,,false,NOT_LISTED,,,0,500,
2026-06-12,SVD,MUSTARD 1L POUCH,,bigbasket,,209,,,,false,NOT_LISTED,,,0,250,
2026-06-12,SVD,MUSTARD 3L,,bigbasket,,599,,,,false,NOT_LISTED,,,0,765,
2026-06-12,SVD,MUSTARD 4L,,bigbasket,,799,,,,false,NOT_LISTED,,,0,1000,
2026-06-12,SVD,MUSTARD 5L,cold-press-kachi-ghani-mustard-oil-5l,bigbasket,40166396,999,,,,false,OOS,,,0,1250,1250
2026-06-12,SVD,POMACE 3L,,bigbasket,,1279,,,,false,NOT_LISTED,,,0,3050,
2026-06-12,SVD,PUMPKIN SEEDS 200G,,bigbasket,,199,,,,false,NOT_LISTED,,,0,399,
2026-06-12,SVD,PUMPKIN SEEDS 400G,,bigbasket,,389,,,,false,NOT_LISTED,,,0,699,
2026-06-12,SVD,PUMPKIN SEEDS 800G,,bigbasket,,769,,,,false,NOT_LISTED,,,0,1299,
2026-06-12,SVD,PUNJABI JEERA 160ML,,bigbasket,,219,,,,false,NOT_LISTED,,,0,360,
2026-06-12,SVD,QUINOA SEEDS 200G,,bigbasket,,109,,,,false,NOT_LISTED,,,0,199,
2026-06-12,SVD,QUINOA SEEDS 400G,,bigbasket,,169,,,,false,NOT_LISTED,,,0,299,
2026-06-12,SVD,QUINOA SEEDS 800G,,bigbasket,,249,,,,false,NOT_LISTED,,,0,399,
2026-06-12,SVD,RICE BRAN 1L,,bigbasket,,189,,,,false,NOT_LISTED,,,0,285,
2026-06-12,SVD,RICE BRAN 1L + 1L,,bigbasket,,369,,,,false,NOT_LISTED,,,0,570,
2026-06-12,SVD,RICE BRAN 4L,,bigbasket,,719,,,,false,NOT_LISTED,,,0,1140,
2026-06-12,SVD,RICE BRAN 5L,,bigbasket,,909,,,,false,NOT_LISTED,,,0,1425,
2026-06-12,SVD,ROSEMARY LEAVES 150 GMS,,bigbasket,,169,,,,false,NOT_LISTED,,,0,499,
2026-06-12,SVD,SAFFRON 1GMS,,bigbasket,,499,,,,false,NOT_LISTED,,,0,899,
2026-06-12,SVD,SANO CANOLA 1L,,bigbasket,,249,,,,false,NOT_LISTED,,,0,475,
2026-06-12,SVD,SANO CANOLA 5L,,bigbasket,,1199,,,,false,NOT_LISTED,,,0,1950,
2026-06-12,SVD,SANO CLASSIC 1L,,bigbasket,,559,,,,false,NOT_LISTED,,,0,1399,
2026-06-12,SVD,SANO CLASSIC 5L,,bigbasket,,2609,,,,false,NOT_LISTED,,,0,6499,
2026-06-12,SVD,SANO MUSTARD 1L,,bigbasket,,199,,,,false,NOT_LISTED,,,0,235,
2026-06-12,SVD,SANO MUSTARD 5L,,bigbasket,,949,,,,false,NOT_LISTED,,,0,1200,
2026-06-12,SVD,SANO POMACE 1L,,bigbasket,,399,,,,false,NOT_LISTED,,,0,999,
2026-06-12,SVD,SANO POMACE 5L,,bigbasket,,1969,,,,false,NOT_LISTED,,,0,4499,
2026-06-12,SVD,SANO SOYABEAN 1L,,bigbasket,,189,,,,false,NOT_LISTED,,,0,225,
2026-06-12,SVD,SANO SOYABEAN 5L,,bigbasket,,899,,,,false,NOT_LISTED,,,0,1450,
2026-06-12,SVD,SANO SUNFLOWER 1L,,bigbasket,,209,,,,false,NOT_LISTED,,,0,280,
2026-06-12,SVD,SANO SUNFLOWER 5L,,bigbasket,,1029,,,,false,NOT_LISTED,,,0,1475,
2026-06-12,SVD,SESAME 1L + 1L,,bigbasket,,649,,,,false,NOT_LISTED,,,0,1200,
2026-06-12,SVD,SESAME OIL 1L,,bigbasket,,329,,,,false,NOT_LISTED,,,0,600,
2026-06-12,SVD,SO OLIVE 1L,,bigbasket,,279,,,,false,NOT_LISTED,,,0,325,
2026-06-12,SVD,SO OLIVE 1L + 1L,,bigbasket,,549,,,,false,NOT_LISTED,,,0,650,
2026-06-12,SVD,SO OLIVE 5L,,bigbasket,,1369,,,,false,NOT_LISTED,,,0,1625,
2026-06-12,SVD,SODA 750ML,,bigbasket,,15,,,,false,NOT_LISTED,,,0,30,
2026-06-12,SVD,SODA LEMON 750ML,fizzy-water-flavoured-with-lemon-750ml,bigbasket,40335332,45,,,,false,OOS,,,0,55,55
2026-06-12,SVD,SOYABEAN 1L,,bigbasket,,199,,,,false,NOT_LISTED,,,0,225,
2026-06-12,SVD,SOYABEAN 1L + 1L,,bigbasket,,389,,,,false,NOT_LISTED,,,0,1100,
2026-06-12,SVD,SOYABEAN 1L POUCH,,bigbasket,,199,,,,false,NOT_LISTED,,,0,199,
2026-06-12,SVD,SOYABEAN 5L,,bigbasket,,949,,,,false,NOT_LISTED,,,0,1100,
2026-06-12,SVD,SPRING WATER 750ML,fizzy-water-flavoured-with-peach-750ml,bigbasket,40335333,50,,,,false,OOS,,,0,55,55
2026-06-12,SVD,SUNFLOWER 1L,cold-pressed-sunflower-oil-1l,bigbasket,40249993,219,,,,false,OOS,,,0,275,275
2026-06-12,SVD,SUNFLOWER 1L + 1L,,bigbasket,,429,,,,false,NOT_LISTED,,,0,550,
2026-06-12,SVD,SUNFLOWER 3L,,bigbasket,,649,,,,false,NOT_LISTED,,,0,825,
2026-06-12,SVD,SUNFLOWER 4L,,bigbasket,,869,,,,false,NOT_LISTED,,,0,1038,
2026-06-12,SVD,SUNFLOWER 5L,sunflower-oil-cold-pressed-fortified-with-vitamins-a-d-chemical-free-5l,bigbasket,40249992,1049,,,,false,OOS,,,0,1350,1350
2026-06-12,SVD,SUNFLOWER SEEDS 200G,,bigbasket,,129,,,,false,NOT_LISTED,,,0,299,
2026-06-12,SVD,SUNFLOWER SEEDS 400G,,bigbasket,,249,,,,false,NOT_LISTED,,,0,499,
2026-06-12,SVD,SUNFLOWER SEEDS 800G,,bigbasket,,369,,,,false,NOT_LISTED,,,0,899,
2026-06-12,SVD,WG MANGO JUICE 500ML,mango-healthy-wheatgrass-juice-500ml,bigbasket,40335340,35,,,,false,OOS,,,0,100,100
2026-06-12,SVD,YELLOW MUSTARD 1L,,bigbasket,,259,,,,false,NOT_LISTED,,,0,375,
2026-06-12,SVD,YELLOW MUSTARD 1L + 1L,,bigbasket,,509,,,,false,NOT_LISTED,,,0,750,
2026-06-12,SVD,YELLOW MUSTARD 5L,,bigbasket,,1269,,,,false,NOT_LISTED,,,0,2000,
