run_id,date_ist,platform,canonical_sku,city,pincode,price,mrp,discount_pct,in_stock
2026-06-01-0900,2026-06-01,amazon-now,jivo-canola-cold-pressed-edible-oil-1-litre-cooking-o-1l,Delhi,110039,243,375,35.2,1
2026-06-01-0900,2026-06-01,amazon-now,jivo-canola-cold-pressed-edible-oil-1-litre-cooking-o-1l,Faridabad,121101,243,375,35.2,1
2026-06-01-0900,2026-06-01,amazon-now,jivo-canola-cold-pressed-edible-oil-1-litre-cooking-o-1l,Ludhiana,141412,243,375,35.2,1
2026-06-01-0900,2026-06-01,amazon-now,jivo-canola-cold-pressed-edible-oil-1-litre-cooking-o-1l,Jaipur,302029,243,375,35.2,1
2026-06-01-0900,2026-06-01,amazon-now,jivo-canola-cold-pressed-edible-oil-1-litre-cooking-o-1l,Jaipur,303110,243,375,35.2,1
2026-06-01-0900,2026-06-01,amazon-now,jivo-canola-cold-pressed-edible-oil-1-litre-cooking-o-1l,Jaipur,303120,243,375,35.2,1
2026-06-01-0900,2026-06-01,amazon-now,jivo-canola-cold-pressed-edible-oil-1-litre-cooking-o-1l,Jaipur,303802,243,375,35.2,1
2026-06-01-0900,2026-06-01,amazon-now,jivo-canola-cold-pressed-edible-oil-1-litre-cooking-o-1l,Mumbai,400017,248,375,33.9,1
2026-06-01-0900,2026-06-01,amazon-now,jivo-canola-cold-pressed-edible-oil-1-litre-cooking-o-1l,Mumbai,400041,248,375,33.9,1
2026-06-01-0900,2026-06-01,amazon-now,jivo-canola-cold-pressed-edible-oil-1-litre-cooking-o-1l,Mumbai,400073,248,375,33.9,1
2026-06-01-0900,2026-06-01,amazon-now,jivo-canola-cold-pressed-edible-oil-1-litre-cooking-o-1l,Pune,410301,259,375,30.9,1
2026-06-01-0900,2026-06-01,amazon-now,jivo-canola-cold-pressed-edible-oil-1-litre-cooking-o-1l,Pune,411001,259,375,30.9,1
2026-06-01-0900,2026-06-01,amazon-now,jivo-canola-cold-pressed-edible-oil-1-litre-cooking-oil-for-daily-use-ideal-for-roasting-frying-baking-all-types-of-cuisines-1l,Delhi,110001,243,375,35.2,1
2026-06-01-0900,2026-06-01,amazon-now,jivo-canola-cold-pressed-edible-oil-1-litre-cooking-oil-for-daily-use-ideal-for-roasting-frying-baking-all-types-of-cuisines-1l,Delhi,110002,243,375,35.2,1
2026-06-01-0900,2026-06-01,amazon-now,jivo-canola-cold-pressed-edible-oil-1-litre-cooking-oil-for-daily-use-ideal-for-roasting-frying-baking-all-types-of-cuisines-1l,Delhi,110003,259,375,30.9,1
2026-06-01-0900,2026-06-01,amazon-now,jivo-canola-cold-pressed-edible-oil-1-litre-cooking-oil-for-daily-use-ideal-for-roasting-frying-baking-all-types-of-cuisines-1l,Delhi,110004,243,375,35.2,1
2026-06-01-0900,2026-06-01,amazon-now,jivo-canola-cold-pressed-edible-oil-1-litre-cooking-oil-for-daily-use-ideal-for-roasting-frying-baking-all-types-of-cuisines-1l,Delhi,110006,243,375,35.2,1
2026-06-01-0900,2026-06-01,amazon-now,jivo-canola-cold-pressed-edible-oil-1-litre-cooking-oil-for-daily-use-ideal-for-roasting-frying-baking-all-types-of-cuisines-1l,Delhi,110007,243,375,35.2,1
2026-06-01-0900,2026-06-01,amazon-now,jivo-canola-cold-pressed-edible-oil-1-litre-cooking-oil-for-daily-use-ideal-for-roasting-frying-baking-all-types-of-cuisines-1l,Delhi,110009,243,375,35.2,1
2026-06-01-0900,2026-06-01,amazon-now,jivo-canola-cold-pressed-edible-oil-1-litre-cooking-oil-for-daily-use-ideal-for-roasting-frying-baking-all-types-of-cuisines-1l,Delhi,110013,259,375,30.9,1
2026-06-01-0900,2026-06-01,amazon-now,jivo-canola-cold-pressed-edible-oil-1-litre-cooking-oil-for-daily-use-ideal-for-roasting-frying-baking-all-types-of-cuisines-1l,Delhi,110014,259,375,30.9,1
2026-06-01-0900,2026-06-01,amazon-now,jivo-canola-cold-pressed-edible-oil-1-litre-cooking-oil-for-daily-use-ideal-for-roasting-frying-baking-all-types-of-cuisines-1l,Delhi,110016,259,375,30.9,1
2026-06-01-0900,2026-06-01,amazon-now,jivo-canola-cold-pressed-edible-oil-1-litre-cooking-oil-for-daily-use-ideal-for-roasting-frying-baking-all-types-of-cuisines-1l,Delhi,110017,259,375,30.9,1
2026-06-01-0900,2026-06-01,amazon-now,jivo-canola-cold-pressed-edible-oil-1-litre-cooking-oil-for-daily-use-ideal-for-roasting-frying-baking-all-types-of-cuisines-1l,Delhi,110018,243,375,35.2,1
2026-06-01-0900,2026-06-01,amazon-now,jivo-canola-cold-pressed-edible-oil-1-litre-cooking-oil-for-daily-use-ideal-for-roasting-frying-baking-all-types-of-cuisines-1l,Delhi,110021,243,375,35.2,1
2026-06-01-0900,2026-06-01,amazon-now,jivo-canola-cold-pressed-edible-oil-1-litre-cooking-oil-for-daily-use-ideal-for-roasting-frying-baking-all-types-of-cuisines-1l,Delhi,110024,259,375,30.9,1
2026-06-01-0900,2026-06-01,amazon-now,jivo-canola-cold-pressed-edible-oil-1-litre-cooking-oil-for-daily-use-ideal-for-roasting-frying-baking-all-types-of-cuisines-1l,Delhi,110025,259,375,30.9,1
2026-06-01-0900,2026-06-01,amazon-now,jivo-canola-cold-pressed-edible-oil-1-litre-cooking-oil-for-daily-use-ideal-for-roasting-frying-baking-all-types-of-cuisines-1l,Delhi,110031,243,375,35.2,1
2026-06-01-0900,2026-06-01,amazon-now,jivo-canola-cold-pressed-edible-oil-1-litre-cooking-oil-for-daily-use-ideal-for-roasting-frying-baking-all-types-of-cuisines-1l,Delhi,110033,243,375,35.2,1
2026-06-01-0900,2026-06-01,amazon-now,jivo-canola-cold-pressed-edible-oil-1-litre-cooking-oil-for-daily-use-ideal-for-roasting-frying-baking-all-types-of-cuisines-1l,Delhi,110035,243,375,35.2,1
2026-06-01-0900,2026-06-01,amazon-now,jivo-canola-cold-pressed-edible-oil-1-litre-cooking-oil-for-daily-use-ideal-for-roasting-frying-baking-all-types-of-cuisines-1l,Delhi,110036,243,375,35.2,1
2026-06-01-0900,2026-06-01,amazon-now,jivo-canola-cold-pressed-edible-oil-1-litre-cooking-oil-for-daily-use-ideal-for-roasting-frying-baking-all-types-of-cuisines-1l,Delhi,110037,243,375,35.2,1
2026-06-01-0900,2026-06-01,amazon-now,jivo-canola-cold-pressed-edible-oil-1-litre-cooking-oil-for-daily-use-ideal-for-roasting-frying-baking-all-types-of-cuisines-1l,Delhi,110039,243,375,35.2,1
2026-06-01-0900,2026-06-01,amazon-now,jivo-canola-cold-pressed-edible-oil-1-litre-cooking-oil-for-daily-use-ideal-for-roasting-frying-baking-all-types-of-cuisines-1l,Delhi,110040,243,375,35.2,1
2026-06-01-0900,2026-06-01,amazon-now,jivo-canola-cold-pressed-edible-oil-1-litre-cooking-oil-for-daily-use-ideal-for-roasting-frying-baking-all-types-of-cuisines-1l,Delhi,110041,243,375,35.2,1
2026-06-01-0900,2026-06-01,amazon-now,jivo-canola-cold-pressed-edible-oil-1-litre-cooking-oil-for-daily-use-ideal-for-roasting-frying-baking-all-types-of-cuisines-1l,Delhi,110044,259,375,30.9,1
2026-06-01-0900,2026-06-01,amazon-now,jivo-canola-cold-pressed-edible-oil-1-litre-cooking-oil-for-daily-use-ideal-for-roasting-frying-baking-all-types-of-cuisines-1l,Delhi,110048,259,375,30.9,1
2026-06-01-0900,2026-06-01,amazon-now,jivo-canola-cold-pressed-edible-oil-1-litre-cooking-oil-for-daily-use-ideal-for-roasting-frying-baking-all-types-of-cuisines-1l,Delhi,110052,243,375,35.2,1
2026-06-01-0900,2026-06-01,amazon-now,jivo-canola-cold-pressed-edible-oil-1-litre-cooking-oil-for-daily-use-ideal-for-roasting-frying-baking-all-types-of-cuisines-1l,Delhi,110053,243,375,35.2,1
2026-06-01-0900,2026-06-01,amazon-now,jivo-canola-cold-pressed-edible-oil-1-litre-cooking-oil-for-daily-use-ideal-for-roasting-frying-baking-all-types-of-cuisines-1l,Delhi,110054,243,375,35.2,1
2026-06-01-0900,2026-06-01,amazon-now,jivo-canola-cold-pressed-edible-oil-1-litre-cooking-oil-for-daily-use-ideal-for-roasting-frying-baking-all-types-of-cuisines-1l,Delhi,110055,243,375,35.2,1
2026-06-01-0900,2026-06-01,amazon-now,jivo-canola-cold-pressed-edible-oil-1-litre-cooking-oil-for-daily-use-ideal-for-roasting-frying-baking-all-types-of-cuisines-1l,Delhi,110061,243,375,35.2,1
2026-06-01-0900,2026-06-01,amazon-now,jivo-canola-cold-pressed-edible-oil-1-litre-cooking-oil-for-daily-use-ideal-for-roasting-frying-baking-all-types-of-cuisines-1l,Delhi,110062,259,375,30.9,1
2026-06-01-0900,2026-06-01,amazon-now,jivo-canola-cold-pressed-edible-oil-1-litre-cooking-oil-for-daily-use-ideal-for-roasting-frying-baking-all-types-of-cuisines-1l,Delhi,110065,259,375,30.9,1
2026-06-01-0900,2026-06-01,amazon-now,jivo-canola-cold-pressed-edible-oil-1-litre-cooking-oil-for-daily-use-ideal-for-roasting-frying-baking-all-types-of-cuisines-1l,Delhi,110067,243,375,35.2,1
2026-06-01-0900,2026-06-01,amazon-now,jivo-canola-cold-pressed-edible-oil-1-litre-cooking-oil-for-daily-use-ideal-for-roasting-frying-baking-all-types-of-cuisines-1l,Delhi,110070,243,375,35.2,1
2026-06-01-0900,2026-06-01,amazon-now,jivo-canola-cold-pressed-edible-oil-1-litre-cooking-oil-for-daily-use-ideal-for-roasting-frying-baking-all-types-of-cuisines-1l,Delhi,110076,259,375,30.9,1
2026-06-01-0900,2026-06-01,amazon-now,jivo-canola-cold-pressed-edible-oil-1-litre-cooking-oil-for-daily-use-ideal-for-roasting-frying-baking-all-types-of-cuisines-1l,Delhi,110081,243,375,35.2,1
2026-06-01-0900,2026-06-01,amazon-now,jivo-canola-cold-pressed-edible-oil-1-litre-cooking-oil-for-daily-use-ideal-for-roasting-frying-baking-all-types-of-cuisines-1l,Delhi,110084,243,375,35.2,1
2026-06-01-0900,2026-06-01,amazon-now,jivo-canola-cold-pressed-edible-oil-1-litre-cooking-oil-for-daily-use-ideal-for-roasting-frying-baking-all-types-of-cuisines-1l,Delhi,110088,243,375,35.2,1
2026-06-01-0900,2026-06-01,amazon-now,jivo-canola-cold-pressed-edible-oil-1-litre-cooking-oil-for-daily-use-ideal-for-roasting-frying-baking-all-types-of-cuisines-1l,Delhi,110091,243,375,35.2,1
2026-06-01-0900,2026-06-01,amazon-now,jivo-canola-cold-pressed-edible-oil-1-litre-cooking-oil-for-daily-use-ideal-for-roasting-frying-baking-all-types-of-cuisines-1l,Faridabad,121004,243,375,35.2,1
2026-06-01-0900,2026-06-01,amazon-now,jivo-canola-cold-pressed-edible-oil-1-litre-cooking-oil-for-daily-use-ideal-for-roasting-frying-baking-all-types-of-cuisines-1l,Faridabad,121011,243,375,35.2,1
2026-06-01-0900,2026-06-01,amazon-now,jivo-canola-cold-pressed-edible-oil-1-litre-cooking-oil-for-daily-use-ideal-for-roasting-frying-baking-all-types-of-cuisines-1l,Faridabad,121101,243,375,35.2,1
2026-06-01-0900,2026-06-01,amazon-now,jivo-canola-cold-pressed-edible-oil-1-litre-cooking-oil-for-daily-use-ideal-for-roasting-frying-baking-all-types-of-cuisines-1l,Gurgaon,121104,243,375,35.2,1
2026-06-01-0900,2026-06-01,amazon-now,jivo-canola-cold-pressed-edible-oil-1-litre-cooking-oil-for-daily-use-ideal-for-roasting-frying-baking-all-types-of-cuisines-1l,Gurgaon,122001,243,375,35.2,1
2026-06-01-0900,2026-06-01,amazon-now,jivo-canola-cold-pressed-edible-oil-1-litre-cooking-oil-for-daily-use-ideal-for-roasting-frying-baking-all-types-of-cuisines-1l,Gurgaon,122010,243,375,35.2,1
2026-06-01-0900,2026-06-01,amazon-now,jivo-canola-cold-pressed-edible-oil-1-litre-cooking-oil-for-daily-use-ideal-for-roasting-frying-baking-all-types-of-cuisines-1l,Gurgaon,122051,243,375,35.2,1
2026-06-01-0900,2026-06-01,amazon-now,jivo-canola-cold-pressed-edible-oil-1-litre-cooking-oil-for-daily-use-ideal-for-roasting-frying-baking-all-types-of-cuisines-1l,Gurgaon,122105,243,375,35.2,1
2026-06-01-0900,2026-06-01,amazon-now,jivo-canola-cold-pressed-edible-oil-1-litre-cooking-oil-for-daily-use-ideal-for-roasting-frying-baking-all-types-of-cuisines-1l,Gurgaon,122106,243,375,35.2,1
2026-06-01-0900,2026-06-01,amazon-now,jivo-canola-cold-pressed-edible-oil-1-litre-cooking-oil-for-daily-use-ideal-for-roasting-frying-baking-all-types-of-cuisines-1l,Gurgaon,123003,243,375,35.2,1
2026-06-01-0900,2026-06-01,amazon-now,jivo-canola-cold-pressed-edible-oil-1-litre-cooking-oil-for-daily-use-ideal-for-roasting-frying-baking-all-types-of-cuisines-1l,Gurgaon,123413,243,375,35.2,1
2026-06-01-0900,2026-06-01,amazon-now,jivo-canola-cold-pressed-edible-oil-1-litre-cooking-oil-for-daily-use-ideal-for-roasting-frying-baking-all-types-of-cuisines-1l,Gurgaon,123502,243,375,35.2,1
2026-06-01-0900,2026-06-01,amazon-now,jivo-canola-cold-pressed-edible-oil-1-litre-cooking-oil-for-daily-use-ideal-for-roasting-frying-baking-all-types-of-cuisines-1l,Gurgaon,123505,243,375,35.2,1
2026-06-01-0900,2026-06-01,amazon-now,jivo-canola-cold-pressed-edible-oil-1-litre-cooking-oil-for-daily-use-ideal-for-roasting-frying-baking-all-types-of-cuisines-1l,Ludhiana,141007,243,375,35.2,1
2026-06-01-0900,2026-06-01,amazon-now,jivo-canola-cold-pressed-edible-oil-1-litre-cooking-oil-for-daily-use-ideal-for-roasting-frying-baking-all-types-of-cuisines-1l,Ludhiana,141106,243,375,35.2,1
2026-06-01-0900,2026-06-01,amazon-now,jivo-canola-cold-pressed-edible-oil-1-litre-cooking-oil-for-daily-use-ideal-for-roasting-frying-baking-all-types-of-cuisines-1l,Ludhiana,141107,243,375,35.2,1
2026-06-01-0900,2026-06-01,amazon-now,jivo-canola-cold-pressed-edible-oil-1-litre-cooking-oil-for-daily-use-ideal-for-roasting-frying-baking-all-types-of-cuisines-1l,Ludhiana,141108,243,375,35.2,1
2026-06-01-0900,2026-06-01,amazon-now,jivo-canola-cold-pressed-edible-oil-1-litre-cooking-oil-for-daily-use-ideal-for-roasting-frying-baking-all-types-of-cuisines-1l,Ludhiana,141125,243,375,35.2,1
2026-06-01-0900,2026-06-01,amazon-now,jivo-canola-cold-pressed-edible-oil-1-litre-cooking-oil-for-daily-use-ideal-for-roasting-frying-baking-all-types-of-cuisines-1l,Ludhiana,141126,243,375,35.2,1
2026-06-01-0900,2026-06-01,amazon-now,jivo-canola-cold-pressed-edible-oil-1-litre-cooking-oil-for-daily-use-ideal-for-roasting-frying-baking-all-types-of-cuisines-1l,Ludhiana,141202,243,375,35.2,1
2026-06-01-0900,2026-06-01,amazon-now,jivo-canola-cold-pressed-edible-oil-1-litre-cooking-oil-for-daily-use-ideal-for-roasting-frying-baking-all-types-of-cuisines-1l,Ludhiana,141204,243,375,35.2,1
2026-06-01-0900,2026-06-01,amazon-now,jivo-canola-cold-pressed-edible-oil-1-litre-cooking-oil-for-daily-use-ideal-for-roasting-frying-baking-all-types-of-cuisines-1l,Ludhiana,141206,243,375,35.2,1
2026-06-01-0900,2026-06-01,amazon-now,jivo-canola-cold-pressed-edible-oil-1-litre-cooking-oil-for-daily-use-ideal-for-roasting-frying-baking-all-types-of-cuisines-1l,Ludhiana,141412,243,375,35.2,1
2026-06-01-0900,2026-06-01,amazon-now,jivo-canola-cold-pressed-edible-oil-1-litre-cooking-oil-for-daily-use-ideal-for-roasting-frying-baking-all-types-of-cuisines-1l,Ludhiana,141413,243,375,35.2,1
2026-06-01-0900,2026-06-01,amazon-now,jivo-canola-cold-pressed-edible-oil-1-litre-cooking-oil-for-daily-use-ideal-for-roasting-frying-baking-all-types-of-cuisines-1l,Ludhiana,141414,243,375,35.2,1
2026-06-01-0900,2026-06-01,amazon-now,jivo-canola-cold-pressed-edible-oil-1-litre-cooking-oil-for-daily-use-ideal-for-roasting-frying-baking-all-types-of-cuisines-1l,Ludhiana,141415,243,375,35.2,1
2026-06-01-0900,2026-06-01,amazon-now,jivo-canola-cold-pressed-edible-oil-1-litre-cooking-oil-for-daily-use-ideal-for-roasting-frying-baking-all-types-of-cuisines-1l,Ludhiana,141417,243,375,35.2,1
2026-06-01-0900,2026-06-01,amazon-now,jivo-canola-cold-pressed-edible-oil-1-litre-cooking-oil-for-daily-use-ideal-for-roasting-frying-baking-all-types-of-cuisines-1l,Ludhiana,141419,243,375,35.2,1
2026-06-01-0900,2026-06-01,amazon-now,jivo-canola-cold-pressed-edible-oil-1-litre-cooking-oil-for-daily-use-ideal-for-roasting-frying-baking-all-types-of-cuisines-1l,Ludhiana,142023,243,375,35.2,1
2026-06-01-0900,2026-06-01,amazon-now,jivo-canola-cold-pressed-edible-oil-1-litre-cooking-oil-for-daily-use-ideal-for-roasting-frying-baking-all-types-of-cuisines-1l,Ludhiana,142024,243,375,35.2,1
2026-06-01-0900,2026-06-01,amazon-now,jivo-canola-cold-pressed-edible-oil-1-litre-cooking-oil-for-daily-use-ideal-for-roasting-frying-baking-all-types-of-cuisines-1l,Ludhiana,142026,243,375,35.2,1
2026-06-01-0900,2026-06-01,amazon-now,jivo-canola-cold-pressed-edible-oil-1-litre-cooking-oil-for-daily-use-ideal-for-roasting-frying-baking-all-types-of-cuisines-1l,Ludhiana,142029,243,375,35.2,1
2026-06-01-0900,2026-06-01,amazon-now,jivo-canola-cold-pressed-edible-oil-1-litre-cooking-oil-for-daily-use-ideal-for-roasting-frying-baking-all-types-of-cuisines-1l,Ludhiana,142030,243,375,35.2,1
2026-06-01-0900,2026-06-01,amazon-now,jivo-canola-cold-pressed-edible-oil-1-litre-cooking-oil-for-daily-use-ideal-for-roasting-frying-baking-all-types-of-cuisines-1l,Ludhiana,142031,243,375,35.2,1
2026-06-01-0900,2026-06-01,amazon-now,jivo-canola-cold-pressed-edible-oil-1-litre-cooking-oil-for-daily-use-ideal-for-roasting-frying-baking-all-types-of-cuisines-1l,Ludhiana,142032,243,375,35.2,1
2026-06-01-0900,2026-06-01,amazon-now,jivo-canola-cold-pressed-edible-oil-1-litre-cooking-oil-for-daily-use-ideal-for-roasting-frying-baking-all-types-of-cuisines-1l,Ludhiana,142035,243,375,35.2,1
2026-06-01-0900,2026-06-01,amazon-now,jivo-canola-cold-pressed-edible-oil-1-litre-cooking-oil-for-daily-use-ideal-for-roasting-frying-baking-all-types-of-cuisines-1l,Ludhiana,142036,243,375,35.2,1
2026-06-01-0900,2026-06-01,amazon-now,jivo-canola-cold-pressed-edible-oil-1-litre-cooking-oil-for-daily-use-ideal-for-roasting-frying-baking-all-types-of-cuisines-1l,Chandigarh,160021,243,375,35.2,1
2026-06-01-0900,2026-06-01,amazon-now,jivo-canola-cold-pressed-edible-oil-1-litre-cooking-oil-for-daily-use-ideal-for-roasting-frying-baking-all-types-of-cuisines-1l,Ghaziabad,201003,243,375,35.2,1
2026-06-01-0900,2026-06-01,amazon-now,jivo-canola-cold-pressed-edible-oil-1-litre-cooking-oil-for-daily-use-ideal-for-roasting-frying-baking-all-types-of-cuisines-1l,Noida,201008,243,375,35.2,1
2026-06-01-0900,2026-06-01,amazon-now,jivo-canola-cold-pressed-edible-oil-1-litre-cooking-oil-for-daily-use-ideal-for-roasting-frying-baking-all-types-of-cuisines-1l,Ghaziabad,201201,243,375,35.2,1
2026-06-01-0900,2026-06-01,amazon-now,jivo-canola-cold-pressed-edible-oil-1-litre-cooking-oil-for-daily-use-ideal-for-roasting-frying-baking-all-types-of-cuisines-1l,Ghaziabad,201204,243,375,35.2,1
2026-06-01-0900,2026-06-01,amazon-now,jivo-canola-cold-pressed-edible-oil-1-litre-cooking-oil-for-daily-use-ideal-for-roasting-frying-baking-all-types-of-cuisines-1l,Ghaziabad,201302,243,375,35.2,1
2026-06-01-0900,2026-06-01,amazon-now,jivo-canola-cold-pressed-edible-oil-1-litre-cooking-oil-for-daily-use-ideal-for-roasting-frying-baking-all-types-of-cuisines-1l,Noida,203207,243,375,35.2,1
2026-06-01-0900,2026-06-01,amazon-now,jivo-canola-cold-pressed-edible-oil-1-litre-cooking-oil-for-daily-use-ideal-for-roasting-frying-baking-all-types-of-cuisines-1l,Ghaziabad,245304,243,375,35.2,1
2026-06-01-0900,2026-06-01,amazon-now,jivo-canola-cold-pressed-edible-oil-1-litre-cooking-oil-for-daily-use-ideal-for-roasting-frying-baking-all-types-of-cuisines-1l,Jaipur,302011,243,375,35.2,1
2026-06-01-0900,2026-06-01,amazon-now,jivo-canola-cold-pressed-edible-oil-1-litre-cooking-oil-for-daily-use-ideal-for-roasting-frying-baking-all-types-of-cuisines-1l,Jaipur,302022,243,375,35.2,1
2026-06-01-0900,2026-06-01,amazon-now,jivo-canola-cold-pressed-edible-oil-1-litre-cooking-oil-for-daily-use-ideal-for-roasting-frying-baking-all-types-of-cuisines-1l,Jaipur,302025,243,375,35.2,1
2026-06-01-0900,2026-06-01,amazon-now,jivo-canola-cold-pressed-edible-oil-1-litre-cooking-oil-for-daily-use-ideal-for-roasting-frying-baking-all-types-of-cuisines-1l,Jaipur,302026,243,375,35.2,1
2026-06-01-0900,2026-06-01,amazon-now,jivo-canola-cold-pressed-edible-oil-1-litre-cooking-oil-for-daily-use-ideal-for-roasting-frying-baking-all-types-of-cuisines-1l,Jaipur,302028,243,375,35.2,1
2026-06-01-0900,2026-06-01,amazon-now,jivo-canola-cold-pressed-edible-oil-1-litre-cooking-oil-for-daily-use-ideal-for-roasting-frying-baking-all-types-of-cuisines-1l,Jaipur,302029,243,375,35.2,1
2026-06-01-0900,2026-06-01,amazon-now,jivo-canola-cold-pressed-edible-oil-1-litre-cooking-oil-for-daily-use-ideal-for-roasting-frying-baking-all-types-of-cuisines-1l,Jaipur,303001,243,375,35.2,1
2026-06-01-0900,2026-06-01,amazon-now,jivo-canola-cold-pressed-edible-oil-1-litre-cooking-oil-for-daily-use-ideal-for-roasting-frying-baking-all-types-of-cuisines-1l,Jaipur,303002,243,375,35.2,1
2026-06-01-0900,2026-06-01,amazon-now,jivo-canola-cold-pressed-edible-oil-1-litre-cooking-oil-for-daily-use-ideal-for-roasting-frying-baking-all-types-of-cuisines-1l,Jaipur,303003,243,375,35.2,1
2026-06-01-0900,2026-06-01,amazon-now,jivo-canola-cold-pressed-edible-oil-1-litre-cooking-oil-for-daily-use-ideal-for-roasting-frying-baking-all-types-of-cuisines-1l,Jaipur,303006,243,375,35.2,1
2026-06-01-0900,2026-06-01,amazon-now,jivo-canola-cold-pressed-edible-oil-1-litre-cooking-oil-for-daily-use-ideal-for-roasting-frying-baking-all-types-of-cuisines-1l,Jaipur,303009,243,375,35.2,1
2026-06-01-0900,2026-06-01,amazon-now,jivo-canola-cold-pressed-edible-oil-1-litre-cooking-oil-for-daily-use-ideal-for-roasting-frying-baking-all-types-of-cuisines-1l,Jaipur,303012,243,375,35.2,1
2026-06-01-0900,2026-06-01,amazon-now,jivo-canola-cold-pressed-edible-oil-1-litre-cooking-oil-for-daily-use-ideal-for-roasting-frying-baking-all-types-of-cuisines-1l,Jaipur,303103,243,375,35.2,1
2026-06-01-0900,2026-06-01,amazon-now,jivo-canola-cold-pressed-edible-oil-1-litre-cooking-oil-for-daily-use-ideal-for-roasting-frying-baking-all-types-of-cuisines-1l,Jaipur,303105,243,375,35.2,1
2026-06-01-0900,2026-06-01,amazon-now,jivo-canola-cold-pressed-edible-oil-1-litre-cooking-oil-for-daily-use-ideal-for-roasting-frying-baking-all-types-of-cuisines-1l,Jaipur,303107,243,375,35.2,1
2026-06-01-0900,2026-06-01,amazon-now,jivo-canola-cold-pressed-edible-oil-1-litre-cooking-oil-for-daily-use-ideal-for-roasting-frying-baking-all-types-of-cuisines-1l,Jaipur,303108,243,375,35.2,1
2026-06-01-0900,2026-06-01,amazon-now,jivo-canola-cold-pressed-edible-oil-1-litre-cooking-oil-for-daily-use-ideal-for-roasting-frying-baking-all-types-of-cuisines-1l,Jaipur,303109,243,375,35.2,1
2026-06-01-0900,2026-06-01,amazon-now,jivo-canola-cold-pressed-edible-oil-1-litre-cooking-oil-for-daily-use-ideal-for-roasting-frying-baking-all-types-of-cuisines-1l,Jaipur,303110,243,375,35.2,1
2026-06-01-0900,2026-06-01,amazon-now,jivo-canola-cold-pressed-edible-oil-1-litre-cooking-oil-for-daily-use-ideal-for-roasting-frying-baking-all-types-of-cuisines-1l,Jaipur,303120,243,375,35.2,1
2026-06-01-0900,2026-06-01,amazon-now,jivo-canola-cold-pressed-edible-oil-1-litre-cooking-oil-for-daily-use-ideal-for-roasting-frying-baking-all-types-of-cuisines-1l,Jaipur,303328,243,375,35.2,1
2026-06-01-0900,2026-06-01,amazon-now,jivo-canola-cold-pressed-edible-oil-1-litre-cooking-oil-for-daily-use-ideal-for-roasting-frying-baking-all-types-of-cuisines-1l,Jaipur,303329,243,375,35.2,1
2026-06-01-0900,2026-06-01,amazon-now,jivo-canola-cold-pressed-edible-oil-1-litre-cooking-oil-for-daily-use-ideal-for-roasting-frying-baking-all-types-of-cuisines-1l,Jaipur,303348,243,375,35.2,1
2026-06-01-0900,2026-06-01,amazon-now,jivo-canola-cold-pressed-edible-oil-1-litre-cooking-oil-for-daily-use-ideal-for-roasting-frying-baking-all-types-of-cuisines-1l,Jaipur,303602,243,375,35.2,1
2026-06-01-0900,2026-06-01,amazon-now,jivo-canola-cold-pressed-edible-oil-1-litre-cooking-oil-for-daily-use-ideal-for-roasting-frying-baking-all-types-of-cuisines-1l,Jaipur,303604,243,375,35.2,1
2026-06-01-0900,2026-06-01,amazon-now,jivo-canola-cold-pressed-edible-oil-1-litre-cooking-oil-for-daily-use-ideal-for-roasting-frying-baking-all-types-of-cuisines-1l,Jaipur,303701,243,375,35.2,1
2026-06-01-0900,2026-06-01,amazon-now,jivo-canola-cold-pressed-edible-oil-1-litre-cooking-oil-for-daily-use-ideal-for-roasting-frying-baking-all-types-of-cuisines-1l,Jaipur,303706,243,375,35.2,1
2026-06-01-0900,2026-06-01,amazon-now,jivo-canola-cold-pressed-edible-oil-1-litre-cooking-oil-for-daily-use-ideal-for-roasting-frying-baking-all-types-of-cuisines-1l,Jaipur,303712,243,375,35.2,1
2026-06-01-0900,2026-06-01,amazon-now,jivo-canola-cold-pressed-edible-oil-1-litre-cooking-oil-for-daily-use-ideal-for-roasting-frying-baking-all-types-of-cuisines-1l,Jaipur,303802,243,375,35.2,1
2026-06-01-0900,2026-06-01,amazon-now,jivo-canola-cold-pressed-edible-oil-1-litre-cooking-oil-for-daily-use-ideal-for-roasting-frying-baking-all-types-of-cuisines-1l,Jaipur,303803,243,375,35.2,1
2026-06-01-0900,2026-06-01,amazon-now,jivo-canola-cold-pressed-edible-oil-1-litre-cooking-oil-for-daily-use-ideal-for-roasting-frying-baking-all-types-of-cuisines-1l,Jaipur,303804,243,375,35.2,1
2026-06-01-0900,2026-06-01,amazon-now,jivo-canola-cold-pressed-edible-oil-1-litre-cooking-oil-for-daily-use-ideal-for-roasting-frying-baking-all-types-of-cuisines-1l,Jaipur,303806,243,375,35.2,1
2026-06-01-0900,2026-06-01,amazon-now,jivo-canola-cold-pressed-edible-oil-1-litre-cooking-oil-for-daily-use-ideal-for-roasting-frying-baking-all-types-of-cuisines-1l,Jaipur,303807,243,375,35.2,1
2026-06-01-0900,2026-06-01,amazon-now,jivo-canola-cold-pressed-edible-oil-1-litre-cooking-oil-for-daily-use-ideal-for-roasting-frying-baking-all-types-of-cuisines-1l,Jaipur,303901,243,375,35.2,1
2026-06-01-0900,2026-06-01,amazon-now,jivo-canola-cold-pressed-edible-oil-1-litre-cooking-oil-for-daily-use-ideal-for-roasting-frying-baking-all-types-of-cuisines-1l,Jaipur,303905,243,375,35.2,1
2026-06-01-0900,2026-06-01,amazon-now,jivo-canola-cold-pressed-edible-oil-1-litre-cooking-oil-for-daily-use-ideal-for-roasting-frying-baking-all-types-of-cuisines-1l,Jaipur,303908,243,375,35.2,1
2026-06-01-0900,2026-06-01,amazon-now,jivo-canola-cold-pressed-edible-oil-1-litre-cooking-oil-for-daily-use-ideal-for-roasting-frying-baking-all-types-of-cuisines-1l,Surat,394160,259,375,30.9,1
2026-06-01-0900,2026-06-01,amazon-now,jivo-canola-cold-pressed-edible-oil-1-litre-cooking-oil-for-daily-use-ideal-for-roasting-frying-baking-all-types-of-cuisines-1l,Surat,394185,259,375,30.9,1
2026-06-01-0900,2026-06-01,amazon-now,jivo-canola-cold-pressed-edible-oil-1-litre-cooking-oil-for-daily-use-ideal-for-roasting-frying-baking-all-types-of-cuisines-1l,Surat,394410,259,375,30.9,1
2026-06-01-0900,2026-06-01,amazon-now,jivo-canola-cold-pressed-edible-oil-1-litre-cooking-oil-for-daily-use-ideal-for-roasting-frying-baking-all-types-of-cuisines-1l,Surat,394510,259,375,30.9,1
2026-06-01-0900,2026-06-01,amazon-now,jivo-canola-cold-pressed-edible-oil-1-litre-cooking-oil-for-daily-use-ideal-for-roasting-frying-baking-all-types-of-cuisines-1l,Surat,394540,259,375,30.9,1
2026-06-01-0900,2026-06-01,amazon-now,jivo-canola-cold-pressed-edible-oil-1-litre-cooking-oil-for-daily-use-ideal-for-roasting-frying-baking-all-types-of-cuisines-1l,Mumbai,400001,248,375,33.9,1
2026-06-01-0900,2026-06-01,amazon-now,jivo-canola-cold-pressed-edible-oil-1-litre-cooking-oil-for-daily-use-ideal-for-roasting-frying-baking-all-types-of-cuisines-1l,Mumbai,400003,248,375,33.9,1
2026-06-01-0900,2026-06-01,amazon-now,jivo-canola-cold-pressed-edible-oil-1-litre-cooking-oil-for-daily-use-ideal-for-roasting-frying-baking-all-types-of-cuisines-1l,Mumbai,400004,248,375,33.9,1
2026-06-01-0900,2026-06-01,amazon-now,jivo-canola-cold-pressed-edible-oil-1-litre-cooking-oil-for-daily-use-ideal-for-roasting-frying-baking-all-types-of-cuisines-1l,Mumbai,400005,248,375,33.9,1
2026-06-01-0900,2026-06-01,amazon-now,jivo-canola-cold-pressed-edible-oil-1-litre-cooking-oil-for-daily-use-ideal-for-roasting-frying-baking-all-types-of-cuisines-1l,Mumbai,400006,248,375,33.9,1
2026-06-01-0900,2026-06-01,amazon-now,jivo-canola-cold-pressed-edible-oil-1-litre-cooking-oil-for-daily-use-ideal-for-roasting-frying-baking-all-types-of-cuisines-1l,Mumbai,400007,248,375,33.9,1
2026-06-01-0900,2026-06-01,amazon-now,jivo-canola-cold-pressed-edible-oil-1-litre-cooking-oil-for-daily-use-ideal-for-roasting-frying-baking-all-types-of-cuisines-1l,Mumbai,400010,248,375,33.9,1
2026-06-01-0900,2026-06-01,amazon-now,jivo-canola-cold-pressed-edible-oil-1-litre-cooking-oil-for-daily-use-ideal-for-roasting-frying-baking-all-types-of-cuisines-1l,Mumbai,400011,248,375,33.9,1
2026-06-01-0900,2026-06-01,amazon-now,jivo-canola-cold-pressed-edible-oil-1-litre-cooking-oil-for-daily-use-ideal-for-roasting-frying-baking-all-types-of-cuisines-1l,Mumbai,400012,248,375,33.9,1
2026-06-01-0900,2026-06-01,amazon-now,jivo-canola-cold-pressed-edible-oil-1-litre-cooking-oil-for-daily-use-ideal-for-roasting-frying-baking-all-types-of-cuisines-1l,Mumbai,400013,248,375,33.9,1
2026-06-01-0900,2026-06-01,amazon-now,jivo-canola-cold-pressed-edible-oil-1-litre-cooking-oil-for-daily-use-ideal-for-roasting-frying-baking-all-types-of-cuisines-1l,Mumbai,400015,248,375,33.9,1
2026-06-01-0900,2026-06-01,amazon-now,jivo-canola-cold-pressed-edible-oil-1-litre-cooking-oil-for-daily-use-ideal-for-roasting-frying-baking-all-types-of-cuisines-1l,Mumbai,400017,248,375,33.9,1
2026-06-01-0900,2026-06-01,amazon-now,jivo-canola-cold-pressed-edible-oil-1-litre-cooking-oil-for-daily-use-ideal-for-roasting-frying-baking-all-types-of-cuisines-1l,Mumbai,400018,248,375,33.9,1
2026-06-01-0900,2026-06-01,amazon-now,jivo-canola-cold-pressed-edible-oil-1-litre-cooking-oil-for-daily-use-ideal-for-roasting-frying-baking-all-types-of-cuisines-1l,Mumbai,400019,248,375,33.9,1
2026-06-01-0900,2026-06-01,amazon-now,jivo-canola-cold-pressed-edible-oil-1-litre-cooking-oil-for-daily-use-ideal-for-roasting-frying-baking-all-types-of-cuisines-1l,Mumbai,400020,248,375,33.9,1
2026-06-01-0900,2026-06-01,amazon-now,jivo-canola-cold-pressed-edible-oil-1-litre-cooking-oil-for-daily-use-ideal-for-roasting-frying-baking-all-types-of-cuisines-1l,Mumbai,400021,248,375,33.9,1
2026-06-01-0900,2026-06-01,amazon-now,jivo-canola-cold-pressed-edible-oil-1-litre-cooking-oil-for-daily-use-ideal-for-roasting-frying-baking-all-types-of-cuisines-1l,Mumbai,400023,248,375,33.9,1
2026-06-01-0900,2026-06-01,amazon-now,jivo-canola-cold-pressed-edible-oil-1-litre-cooking-oil-for-daily-use-ideal-for-roasting-frying-baking-all-types-of-cuisines-1l,Mumbai,400025,248,375,33.9,1
2026-06-01-0900,2026-06-01,amazon-now,jivo-canola-cold-pressed-edible-oil-1-litre-cooking-oil-for-daily-use-ideal-for-roasting-frying-baking-all-types-of-cuisines-1l,Mumbai,400026,248,375,33.9,1
2026-06-01-0900,2026-06-01,amazon-now,jivo-canola-cold-pressed-edible-oil-1-litre-cooking-oil-for-daily-use-ideal-for-roasting-frying-baking-all-types-of-cuisines-1l,Mumbai,400030,248,375,33.9,1
2026-06-01-0900,2026-06-01,amazon-now,jivo-canola-cold-pressed-edible-oil-1-litre-cooking-oil-for-daily-use-ideal-for-roasting-frying-baking-all-types-of-cuisines-1l,Mumbai,400033,248,375,33.9,1
2026-06-01-0900,2026-06-01,amazon-now,jivo-canola-cold-pressed-edible-oil-1-litre-cooking-oil-for-daily-use-ideal-for-roasting-frying-baking-all-types-of-cuisines-1l,Mumbai,400041,248,375,33.9,1
2026-06-01-0900,2026-06-01,amazon-now,jivo-canola-cold-pressed-edible-oil-1-litre-cooking-oil-for-daily-use-ideal-for-roasting-frying-baking-all-types-of-cuisines-1l,Mumbai,400073,248,375,33.9,1
2026-06-01-0900,2026-06-01,amazon-now,jivo-canola-cold-pressed-edible-oil-1-litre-cooking-oil-for-daily-use-ideal-for-roasting-frying-baking-all-types-of-cuisines-1l,Mumbai,400090,248,375,33.9,1
2026-06-01-0900,2026-06-01,amazon-now,jivo-canola-cold-pressed-edible-oil-1-litre-cooking-oil-for-daily-use-ideal-for-roasting-frying-baking-all-types-of-cuisines-1l,Mumbai,400601,248,375,33.9,1
2026-06-01-0900,2026-06-01,amazon-now,jivo-canola-cold-pressed-edible-oil-1-litre-cooking-oil-for-daily-use-ideal-for-roasting-frying-baking-all-types-of-cuisines-1l,Mumbai,400611,248,375,33.9,1
2026-06-01-0900,2026-06-01,amazon-now,jivo-canola-cold-pressed-edible-oil-1-litre-cooking-oil-for-daily-use-ideal-for-roasting-frying-baking-all-types-of-cuisines-1l,Mumbai,400701,248,375,33.9,1
2026-06-01-0900,2026-06-01,amazon-now,jivo-canola-cold-pressed-edible-oil-1-litre-cooking-oil-for-daily-use-ideal-for-roasting-frying-baking-all-types-of-cuisines-1l,Mumbai,400702,248,375,33.9,1
2026-06-01-0900,2026-06-01,amazon-now,jivo-canola-cold-pressed-edible-oil-1-litre-cooking-oil-for-daily-use-ideal-for-roasting-frying-baking-all-types-of-cuisines-1l,Mumbai,400703,248,375,33.9,1
2026-06-01-0900,2026-06-01,amazon-now,jivo-canola-cold-pressed-edible-oil-1-litre-cooking-oil-for-daily-use-ideal-for-roasting-frying-baking-all-types-of-cuisines-1l,Mumbai,400707,248,375,33.9,1
2026-06-01-0900,2026-06-01,amazon-now,jivo-canola-cold-pressed-edible-oil-1-litre-cooking-oil-for-daily-use-ideal-for-roasting-frying-baking-all-types-of-cuisines-1l,Pune,410301,259,375,30.9,1
2026-06-01-0900,2026-06-01,amazon-now,jivo-canola-cold-pressed-edible-oil-1-litre-cooking-oil-for-daily-use-ideal-for-roasting-frying-baking-all-types-of-cuisines-1l,Pune,410401,259,375,30.9,1
2026-06-01-0900,2026-06-01,amazon-now,jivo-canola-cold-pressed-edible-oil-1-litre-cooking-oil-for-daily-use-ideal-for-roasting-frying-baking-all-types-of-cuisines-1l,Pune,410402,259,375,30.9,1
2026-06-01-0900,2026-06-01,amazon-now,jivo-canola-cold-pressed-edible-oil-1-litre-cooking-oil-for-daily-use-ideal-for-roasting-frying-baking-all-types-of-cuisines-1l,Pune,410502,259,375,30.9,1
2026-06-01-0900,2026-06-01,amazon-now,jivo-canola-cold-pressed-edible-oil-1-litre-cooking-oil-for-daily-use-ideal-for-roasting-frying-baking-all-types-of-cuisines-1l,Pune,410503,259,375,30.9,1
2026-06-01-0900,2026-06-01,amazon-now,jivo-canola-cold-pressed-edible-oil-1-litre-cooking-oil-for-daily-use-ideal-for-roasting-frying-baking-all-types-of-cuisines-1l,Pune,410506,248,375,33.9,1
2026-06-01-0900,2026-06-01,amazon-now,jivo-canola-cold-pressed-edible-oil-1-litre-cooking-oil-for-daily-use-ideal-for-roasting-frying-baking-all-types-of-cuisines-1l,Pune,411001,259,375,30.9,1
2026-06-01-0900,2026-06-01,amazon-now,jivo-canola-cold-pressed-edible-oil-1-litre-cooking-oil-for-daily-use-ideal-for-roasting-frying-baking-all-types-of-cuisines-1l,Pune,411003,259,375,30.9,1
2026-06-01-0900,2026-06-01,amazon-now,jivo-canola-cold-pressed-edible-oil-1-litre-cooking-oil-for-daily-use-ideal-for-roasting-frying-baking-all-types-of-cuisines-1l,Pune,411004,259,375,30.9,1
2026-06-01-0900,2026-06-01,amazon-now,jivo-canola-cold-pressed-edible-oil-1-litre-cooking-oil-for-daily-use-ideal-for-roasting-frying-baking-all-types-of-cuisines-1l,Pune,411005,259,375,30.9,1
2026-06-01-0900,2026-06-01,amazon-now,jivo-canola-cold-pressed-edible-oil-1-litre-cooking-oil-for-daily-use-ideal-for-roasting-frying-baking-all-types-of-cuisines-1l,Pune,411006,259,375,30.9,1
2026-06-01-0900,2026-06-01,amazon-now,jivo-canola-cold-pressed-edible-oil-1-litre-cooking-oil-for-daily-use-ideal-for-roasting-frying-baking-all-types-of-cuisines-1l,Pune,411011,259,375,30.9,1
2026-06-01-0900,2026-06-01,amazon-now,jivo-canola-cold-pressed-edible-oil-1-litre-cooking-oil-for-daily-use-ideal-for-roasting-frying-baking-all-types-of-cuisines-1l,Pune,411012,259,375,30.9,1
2026-06-01-0900,2026-06-01,amazon-now,jivo-canola-cold-pressed-edible-oil-1-litre-cooking-oil-for-daily-use-ideal-for-roasting-frying-baking-all-types-of-cuisines-1l,Pune,411014,259,375,30.9,1
2026-06-01-0900,2026-06-01,amazon-now,jivo-canola-cold-pressed-edible-oil-1-litre-cooking-oil-for-daily-use-ideal-for-roasting-frying-baking-all-types-of-cuisines-1l,Pune,411015,259,375,30.9,1
2026-06-01-0900,2026-06-01,amazon-now,jivo-canola-cold-pressed-edible-oil-1-litre-cooking-oil-for-daily-use-ideal-for-roasting-frying-baking-all-types-of-cuisines-1l,Pune,411020,259,375,30.9,1
2026-06-01-0900,2026-06-01,amazon-now,jivo-canola-cold-pressed-edible-oil-1-litre-cooking-oil-for-daily-use-ideal-for-roasting-frying-baking-all-types-of-cuisines-1l,Pune,411021,259,375,30.9,1
2026-06-01-0900,2026-06-01,amazon-now,jivo-canola-cold-pressed-edible-oil-1-litre-cooking-oil-for-daily-use-ideal-for-roasting-frying-baking-all-types-of-cuisines-1l,Pune,411028,259,375,30.9,1
2026-06-01-0900,2026-06-01,amazon-now,jivo-canola-cold-pressed-edible-oil-1-litre-cooking-oil-for-daily-use-ideal-for-roasting-frying-baking-all-types-of-cuisines-1l,Pune,411030,259,375,30.9,1
2026-06-01-0900,2026-06-01,amazon-now,jivo-canola-cold-pressed-edible-oil-1-litre-cooking-oil-for-daily-use-ideal-for-roasting-frying-baking-all-types-of-cuisines-1l,Pune,411035,259,375,30.9,1
2026-06-01-0900,2026-06-01,amazon-now,jivo-canola-cold-pressed-edible-oil-1-litre-cooking-oil-for-daily-use-ideal-for-roasting-frying-baking-all-types-of-cuisines-1l,Pune,411036,259,375,30.9,1
2026-06-01-0900,2026-06-01,amazon-now,jivo-canola-cold-pressed-edible-oil-1-litre-cooking-oil-for-daily-use-ideal-for-roasting-frying-baking-all-types-of-cuisines-1l,Pune,411040,259,375,30.9,1
2026-06-01-0900,2026-06-01,amazon-now,jivo-canola-cold-pressed-edible-oil-1-litre-cooking-oil-for-daily-use-ideal-for-roasting-frying-baking-all-types-of-cuisines-1l,Pune,411045,259,375,30.9,1
2026-06-01-0900,2026-06-01,amazon-now,jivo-canola-cold-pressed-edible-oil-1-litre-cooking-oil-for-daily-use-ideal-for-roasting-frying-baking-all-types-of-cuisines-1l,Pune,411047,259,375,30.9,1
2026-06-01-0900,2026-06-01,amazon-now,jivo-canola-cold-pressed-edible-oil-1-litre-cooking-oil-for-daily-use-ideal-for-roasting-frying-baking-all-types-of-cuisines-1l,Pune,411051,259,375,30.9,1
2026-06-01-0900,2026-06-01,amazon-now,jivo-canola-cold-pressed-edible-oil-1-litre-cooking-oil-for-daily-use-ideal-for-roasting-frying-baking-all-types-of-cuisines-1l,Pune,412101,248,375,33.9,1
2026-06-01-0900,2026-06-01,amazon-now,jivo-canola-cold-pressed-edible-oil-1-litre-cooking-oil-for-daily-use-ideal-for-roasting-frying-baking-all-types-of-cuisines-1l,Pune,412103,248,375,33.9,1
2026-06-01-0900,2026-06-01,amazon-now,jivo-canola-cold-pressed-edible-oil-1-litre-cooking-oil-for-daily-use-ideal-for-roasting-frying-baking-all-types-of-cuisines-1l,Pune,412104,259,375,30.9,1
2026-06-01-0900,2026-06-01,amazon-now,jivo-canola-cold-pressed-edible-oil-1-litre-cooking-oil-for-daily-use-ideal-for-roasting-frying-baking-all-types-of-cuisines-1l,Pune,412109,259,375,30.9,1
2026-06-01-0900,2026-06-01,amazon-now,jivo-canola-cold-pressed-edible-oil-1-litre-cooking-oil-for-daily-use-ideal-for-roasting-frying-baking-all-types-of-cuisines-1l,Pune,412114,259,375,30.9,1
2026-06-01-0900,2026-06-01,amazon-now,jivo-canola-cold-pressed-edible-oil-1-litre-cooking-oil-for-daily-use-ideal-for-roasting-frying-baking-all-types-of-cuisines-1l,Pune,412201,259,375,30.9,1
2026-06-01-0900,2026-06-01,amazon-now,jivo-canola-cold-pressed-edible-oil-1-litre-cooking-oil-for-daily-use-ideal-for-roasting-frying-baking-all-types-of-cuisines-1l,Pune,412204,248,375,33.9,1
2026-06-01-0900,2026-06-01,amazon-now,jivo-canola-cold-pressed-edible-oil-1-litre-cooking-oil-for-daily-use-ideal-for-roasting-frying-baking-all-types-of-cuisines-1l,Pune,412208,259,375,30.9,1
2026-06-01-0900,2026-06-01,amazon-now,jivo-canola-cold-pressed-edible-oil-1-litre-cooking-oil-for-daily-use-ideal-for-roasting-frying-baking-all-types-of-cuisines-1l,Pune,412209,259,375,30.9,1
2026-06-01-0900,2026-06-01,amazon-now,jivo-canola-cold-pressed-edible-oil-1-litre-cooking-oil-for-daily-use-ideal-for-roasting-frying-baking-all-types-of-cuisines-1l,Pune,412210,259,375,30.9,1
2026-06-01-0900,2026-06-01,amazon-now,jivo-canola-cold-pressed-edible-oil-1-litre-cooking-oil-for-daily-use-ideal-for-roasting-frying-baking-all-types-of-cuisines-1l,Pune,412211,259,375,30.9,1
2026-06-01-0900,2026-06-01,amazon-now,jivo-canola-cold-pressed-edible-oil-1-litre-cooking-oil-for-daily-use-ideal-for-roasting-frying-baking-all-types-of-cuisines-1l,Pune,412213,259,375,30.9,1
2026-06-01-0900,2026-06-01,amazon-now,jivo-canola-cold-pressed-edible-oil-1-litre-cooking-oil-for-daily-use-ideal-for-roasting-frying-baking-all-types-of-cuisines-1l,Pune,412216,248,375,33.9,1
2026-06-01-0900,2026-06-01,amazon-now,jivo-canola-cold-pressed-edible-oil-1-litre-cooking-oil-for-daily-use-ideal-for-roasting-frying-baking-all-types-of-cuisines-1l,Pune,412220,259,375,30.9,1
2026-06-01-0900,2026-06-01,amazon-now,jivo-canola-cold-pressed-edible-oil-1-litre-cooking-oil-for-daily-use-ideal-for-roasting-frying-baking-all-types-of-cuisines-1l,Pune,412301,259,375,30.9,1
2026-06-01-0900,2026-06-01,amazon-now,jivo-canola-cold-pressed-edible-oil-1-litre-cooking-oil-for-daily-use-ideal-for-roasting-frying-baking-all-types-of-cuisines-1l,Pune,412303,259,375,30.9,1
2026-06-01-0900,2026-06-01,amazon-now,jivo-canola-cold-pressed-edible-oil-1-litre-cooking-oil-for-daily-use-ideal-for-roasting-frying-baking-all-types-of-cuisines-1l,Pune,412304,248,375,33.9,1
2026-06-01-0900,2026-06-01,amazon-now,jivo-canola-cold-pressed-edible-oil-1-litre-cooking-oil-for-daily-use-ideal-for-roasting-frying-baking-all-types-of-cuisines-1l,Pune,412306,248,375,33.9,1
2026-06-01-0900,2026-06-01,amazon-now,jivo-canola-cold-pressed-edible-oil-1-litre-cooking-oil-for-daily-use-ideal-for-roasting-frying-baking-all-types-of-cuisines-1l,Pune,412308,259,375,30.9,1
2026-06-01-0900,2026-06-01,amazon-now,jivo-canola-cold-pressed-edible-oil-1-litre-cooking-oil-for-daily-use-ideal-for-roasting-frying-baking-all-types-of-cuisines-1l,Pune,412401,259,375,30.9,1
2026-06-01-0900,2026-06-01,amazon-now,jivo-canola-cold-pressed-edible-oil-1-litre-cooking-oil-for-daily-use-ideal-for-roasting-frying-baking-all-types-of-cuisines-1l,Pune,412403,248,375,33.9,1
2026-06-01-0900,2026-06-01,amazon-now,jivo-canola-cold-pressed-edible-oil-1-litre-cooking-oil-for-daily-use-ideal-for-roasting-frying-baking-all-types-of-cuisines-1l,Pune,412404,248,375,33.9,1
2026-06-01-0900,2026-06-01,amazon-now,jivo-canola-cold-pressed-edible-oil-1-litre-cooking-oil-for-daily-use-ideal-for-roasting-frying-baking-all-types-of-cuisines-1l,Pune,412405,259,375,30.9,1
2026-06-01-0900,2026-06-01,amazon-now,jivo-canola-cold-pressed-edible-oil-1-litre-cooking-oil-for-daily-use-ideal-for-roasting-frying-baking-all-types-of-cuisines-1l,Pune,412409,259,375,30.9,1
2026-06-01-0900,2026-06-01,amazon-now,jivo-canola-cold-pressed-edible-oil-1-litre-cooking-oil-for-daily-use-ideal-for-roasting-frying-baking-all-types-of-cuisines-1l,Pune,412410,259,375,30.9,1
2026-06-01-0900,2026-06-01,amazon-now,jivo-canola-cold-pressed-edible-oil-1-litre-cooking-oil-for-daily-use-ideal-for-roasting-frying-baking-all-types-of-cuisines-1l,Pune,413105,259,375,30.9,1
2026-06-01-0900,2026-06-01,amazon-now,jivo-canola-cold-pressed-edible-oil-1-litre-cooking-oil-for-daily-use-ideal-for-roasting-frying-baking-all-types-of-cuisines-1l,Pune,413132,259,375,30.9,1
2026-06-01-0900,2026-06-01,amazon-now,jivo-canola-cold-pressed-edible-oil-1-litre-cooking-oil-for-daily-use-ideal-for-roasting-frying-baking-all-types-of-cuisines-1l,Pune,413801,248,375,33.9,1
2026-06-01-0900,2026-06-01,amazon-now,jivo-canola-cold-pressed-edible-oil-5-litres-5l,Delhi,110003,1193,1650,27.7,1
2026-06-01-0900,2026-06-01,amazon-now,jivo-canola-cold-pressed-edible-oil-5-litres-5l,Delhi,110007,1193,1650,27.7,1
2026-06-01-0900,2026-06-01,amazon-now,jivo-canola-cold-pressed-edible-oil-5-litres-5l,Delhi,110008,1414,1650,14.3,1
2026-06-01-0900,2026-06-01,amazon-now,jivo-canola-cold-pressed-edible-oil-5-litres-5l,Delhi,110009,1193,1650,27.7,1
2026-06-01-0900,2026-06-01,amazon-now,jivo-canola-cold-pressed-edible-oil-5-litres-5l,Delhi,110010,1414,1650,14.3,1
2026-06-01-0900,2026-06-01,amazon-now,jivo-canola-cold-pressed-edible-oil-5-litres-5l,Delhi,110013,1193,1650,27.7,1
2026-06-01-0900,2026-06-01,amazon-now,jivo-canola-cold-pressed-edible-oil-5-litres-5l,Delhi,110014,1193,1650,27.7,1
2026-06-01-0900,2026-06-01,amazon-now,jivo-canola-cold-pressed-edible-oil-5-litres-5l,Delhi,110015,1414,1650,14.3,1
2026-06-01-0900,2026-06-01,amazon-now,jivo-canola-cold-pressed-edible-oil-5-litres-5l,Delhi,110016,1193,1650,27.7,1
2026-06-01-0900,2026-06-01,amazon-now,jivo-canola-cold-pressed-edible-oil-5-litres-5l,Delhi,110017,1193,1650,27.7,1
2026-06-01-0900,2026-06-01,amazon-now,jivo-canola-cold-pressed-edible-oil-5-litres-5l,Delhi,110018,1193,1650,27.7,1
2026-06-01-0900,2026-06-01,amazon-now,jivo-canola-cold-pressed-edible-oil-5-litres-5l,Delhi,110024,1193,1650,27.7,1
2026-06-01-0900,2026-06-01,amazon-now,jivo-canola-cold-pressed-edible-oil-5-litres-5l,Delhi,110025,1193,1650,27.7,1
2026-06-01-0900,2026-06-01,amazon-now,jivo-canola-cold-pressed-edible-oil-5-litres-5l,Delhi,110026,1414,1650,14.3,1
2026-06-01-0900,2026-06-01,amazon-now,jivo-canola-cold-pressed-edible-oil-5-litres-5l,Delhi,110032,1414,1650,14.3,1
2026-06-01-0900,2026-06-01,amazon-now,jivo-canola-cold-pressed-edible-oil-5-litres-5l,Delhi,110033,1193,1650,27.7,1
2026-06-01-0900,2026-06-01,amazon-now,jivo-canola-cold-pressed-edible-oil-5-litres-5l,Delhi,110035,1193,1650,27.7,1
2026-06-01-0900,2026-06-01,amazon-now,jivo-canola-cold-pressed-edible-oil-5-litres-5l,Delhi,110036,1193,1650,27.7,1
2026-06-01-0900,2026-06-01,amazon-now,jivo-canola-cold-pressed-edible-oil-5-litres-5l,Delhi,110039,1193,1650,27.7,1
2026-06-01-0900,2026-06-01,amazon-now,jivo-canola-cold-pressed-edible-oil-5-litres-5l,Delhi,110040,1193,1650,27.7,1
2026-06-01-0900,2026-06-01,amazon-now,jivo-canola-cold-pressed-edible-oil-5-litres-5l,Delhi,110041,1193,1650,27.7,1
2026-06-01-0900,2026-06-01,amazon-now,jivo-canola-cold-pressed-edible-oil-5-litres-5l,Delhi,110042,1414,1650,14.3,1
2026-06-01-0900,2026-06-01,amazon-now,jivo-canola-cold-pressed-edible-oil-5-litres-5l,Delhi,110044,1193,1650,27.7,1
2026-06-01-0900,2026-06-01,amazon-now,jivo-canola-cold-pressed-edible-oil-5-litres-5l,Delhi,110046,1414,1650,14.3,1
2026-06-01-0900,2026-06-01,amazon-now,jivo-canola-cold-pressed-edible-oil-5-litres-5l,Delhi,110048,1193,1650,27.7,1
2026-06-01-0900,2026-06-01,amazon-now,jivo-canola-cold-pressed-edible-oil-5-litres-5l,Delhi,110051,1414,1650,14.3,1
2026-06-01-0900,2026-06-01,amazon-now,jivo-canola-cold-pressed-edible-oil-5-litres-5l,Delhi,110052,1193,1650,27.7,1
2026-06-01-0900,2026-06-01,amazon-now,jivo-canola-cold-pressed-edible-oil-5-litres-5l,Delhi,110062,1193,1650,27.7,1
2026-06-01-0900,2026-06-01,amazon-now,jivo-canola-cold-pressed-edible-oil-5-litres-5l,Delhi,110065,1193,1650,27.7,1
2026-06-01-0900,2026-06-01,amazon-now,jivo-canola-cold-pressed-edible-oil-5-litres-5l,Delhi,110075,1414,1650,14.3,1
2026-06-01-0900,2026-06-01,amazon-now,jivo-canola-cold-pressed-edible-oil-5-litres-5l,Delhi,110076,1193,1650,27.7,1
2026-06-01-0900,2026-06-01,amazon-now,jivo-canola-cold-pressed-edible-oil-5-litres-5l,Delhi,110081,1193,1650,27.7,1
2026-06-01-0900,2026-06-01,amazon-now,jivo-canola-cold-pressed-edible-oil-5-litres-5l,Delhi,110082,1414,1650,14.3,1
2026-06-01-0900,2026-06-01,amazon-now,jivo-canola-cold-pressed-edible-oil-5-litres-5l,Delhi,110083,1414,1650,14.3,1
2026-06-01-0900,2026-06-01,amazon-now,jivo-canola-cold-pressed-edible-oil-5-litres-5l,Delhi,110084,1193,1650,27.7,1
2026-06-01-0900,2026-06-01,amazon-now,jivo-canola-cold-pressed-edible-oil-5-litres-5l,Delhi,110085,1414,1650,14.3,1
2026-06-01-0900,2026-06-01,amazon-now,jivo-canola-cold-pressed-edible-oil-5-litres-5l,Delhi,110088,1193,1650,27.7,1
2026-06-01-0900,2026-06-01,amazon-now,jivo-canola-cold-pressed-edible-oil-5-litres-5l,Delhi,110092,1414,1650,14.3,1
2026-06-01-0900,2026-06-01,amazon-now,jivo-canola-cold-pressed-edible-oil-5-litres-5l,Delhi,110095,1414,1650,14.3,1
2026-06-01-0900,2026-06-01,amazon-now,jivo-canola-cold-pressed-edible-oil-5-litres-5l,Faridabad,121001,1414,1650,14.3,1
2026-06-01-0900,2026-06-01,amazon-now,jivo-canola-cold-pressed-edible-oil-5-litres-5l,Faridabad,121002,1414,1650,14.3,1
2026-06-01-0900,2026-06-01,amazon-now,jivo-canola-cold-pressed-edible-oil-5-litres-5l,Faridabad,121003,1414,1650,14.3,1
2026-06-01-0900,2026-06-01,amazon-now,jivo-canola-cold-pressed-edible-oil-5-litres-5l,Faridabad,121004,1193,1650,27.7,1
2026-06-01-0900,2026-06-01,amazon-now,jivo-canola-cold-pressed-edible-oil-5-litres-5l,Faridabad,121011,1193,1650,27.7,1
2026-06-01-0900,2026-06-01,amazon-now,jivo-canola-cold-pressed-edible-oil-5-litres-5l,Faridabad,121101,1193,1650,27.7,1
2026-06-01-0900,2026-06-01,amazon-now,jivo-canola-cold-pressed-edible-oil-5-litres-5l,Gurgaon,121104,1193,1650,27.7,1
2026-06-01-0900,2026-06-01,amazon-now,jivo-canola-cold-pressed-edible-oil-5-litres-5l,Gurgaon,122004,1414,1650,14.3,1
2026-06-01-0900,2026-06-01,amazon-now,jivo-canola-cold-pressed-edible-oil-5-litres-5l,Gurgaon,122051,1193,1650,27.7,1
2026-06-01-0900,2026-06-01,amazon-now,jivo-canola-cold-pressed-edible-oil-5-litres-5l,Gurgaon,122101,1414,1650,14.3,1
2026-06-01-0900,2026-06-01,amazon-now,jivo-canola-cold-pressed-edible-oil-5-litres-5l,Gurgaon,122105,1193,1650,27.7,1
2026-06-01-0900,2026-06-01,amazon-now,jivo-canola-cold-pressed-edible-oil-5-litres-5l,Gurgaon,122106,1193,1650,27.7,1
2026-06-01-0900,2026-06-01,amazon-now,jivo-canola-cold-pressed-edible-oil-5-litres-5l,Gurgaon,123003,1193,1650,27.7,1
2026-06-01-0900,2026-06-01,amazon-now,jivo-canola-cold-pressed-edible-oil-5-litres-5l,Gurgaon,123413,1193,1650,27.7,1
2026-06-01-0900,2026-06-01,amazon-now,jivo-canola-cold-pressed-edible-oil-5-litres-5l,Gurgaon,123502,1193,1650,27.7,1
2026-06-01-0900,2026-06-01,amazon-now,jivo-canola-cold-pressed-edible-oil-5-litres-5l,Gurgaon,123505,1193,1650,27.7,1
2026-06-01-0900,2026-06-01,amazon-now,jivo-canola-cold-pressed-edible-oil-5-litres-5l,Ludhiana,141007,1193,1650,27.7,1
2026-06-01-0900,2026-06-01,amazon-now,jivo-canola-cold-pressed-edible-oil-5-litres-5l,Ludhiana,141106,1193,1650,27.7,1
2026-06-01-0900,2026-06-01,amazon-now,jivo-canola-cold-pressed-edible-oil-5-litres-5l,Ludhiana,141107,1193,1650,27.7,1
2026-06-01-0900,2026-06-01,amazon-now,jivo-canola-cold-pressed-edible-oil-5-litres-5l,Ludhiana,141108,1193,1650,27.7,1
2026-06-01-0900,2026-06-01,amazon-now,jivo-canola-cold-pressed-edible-oil-5-litres-5l,Ludhiana,141125,1193,1650,27.7,1
2026-06-01-0900,2026-06-01,amazon-now,jivo-canola-cold-pressed-edible-oil-5-litres-5l,Ludhiana,141126,1193,1650,27.7,1
2026-06-01-0900,2026-06-01,amazon-now,jivo-canola-cold-pressed-edible-oil-5-litres-5l,Ludhiana,141202,1193,1650,27.7,1
2026-06-01-0900,2026-06-01,amazon-now,jivo-canola-cold-pressed-edible-oil-5-litres-5l,Ludhiana,141204,1193,1650,27.7,1
2026-06-01-0900,2026-06-01,amazon-now,jivo-canola-cold-pressed-edible-oil-5-litres-5l,Ludhiana,141206,1193,1650,27.7,1
2026-06-01-0900,2026-06-01,amazon-now,jivo-canola-cold-pressed-edible-oil-5-litres-5l,Ludhiana,141412,1193,1650,27.7,1
2026-06-01-0900,2026-06-01,amazon-now,jivo-canola-cold-pressed-edible-oil-5-litres-5l,Ludhiana,141413,1193,1650,27.7,1
2026-06-01-0900,2026-06-01,amazon-now,jivo-canola-cold-pressed-edible-oil-5-litres-5l,Ludhiana,141414,1193,1650,27.7,1
2026-06-01-0900,2026-06-01,amazon-now,jivo-canola-cold-pressed-edible-oil-5-litres-5l,Ludhiana,141415,1193,1650,27.7,1
2026-06-01-0900,2026-06-01,amazon-now,jivo-canola-cold-pressed-edible-oil-5-litres-5l,Ludhiana,141417,1193,1650,27.7,1
2026-06-01-0900,2026-06-01,amazon-now,jivo-canola-cold-pressed-edible-oil-5-litres-5l,Ludhiana,141419,1193,1650,27.7,1
2026-06-01-0900,2026-06-01,amazon-now,jivo-canola-cold-pressed-edible-oil-5-litres-5l,Ludhiana,142023,1193,1650,27.7,1
2026-06-01-0900,2026-06-01,amazon-now,jivo-canola-cold-pressed-edible-oil-5-litres-5l,Ludhiana,142024,1193,1650,27.7,1
2026-06-01-0900,2026-06-01,amazon-now,jivo-canola-cold-pressed-edible-oil-5-litres-5l,Ludhiana,142026,1193,1650,27.7,1
2026-06-01-0900,2026-06-01,amazon-now,jivo-canola-cold-pressed-edible-oil-5-litres-5l,Ludhiana,142029,1193,1650,27.7,1
2026-06-01-0900,2026-06-01,amazon-now,jivo-canola-cold-pressed-edible-oil-5-litres-5l,Ludhiana,142030,1193,1650,27.7,1
2026-06-01-0900,2026-06-01,amazon-now,jivo-canola-cold-pressed-edible-oil-5-litres-5l,Ludhiana,142031,1193,1650,27.7,1
2026-06-01-0900,2026-06-01,amazon-now,jivo-canola-cold-pressed-edible-oil-5-litres-5l,Ludhiana,142032,1193,1650,27.7,1
2026-06-01-0900,2026-06-01,amazon-now,jivo-canola-cold-pressed-edible-oil-5-litres-5l,Ludhiana,142035,1193,1650,27.7,1
2026-06-01-0900,2026-06-01,amazon-now,jivo-canola-cold-pressed-edible-oil-5-litres-5l,Ludhiana,142036,1193,1650,27.7,1
2026-06-01-0900,2026-06-01,amazon-now,jivo-canola-cold-pressed-edible-oil-5-litres-5l,Chandigarh,160021,1193,1650,27.7,1
2026-06-01-0900,2026-06-01,amazon-now,jivo-canola-cold-pressed-edible-oil-5-litres-5l,Ghaziabad,201001,1414,1650,14.3,1
2026-06-01-0900,2026-06-01,amazon-now,jivo-canola-cold-pressed-edible-oil-5-litres-5l,Ghaziabad,201002,1414,1650,14.3,1
2026-06-01-0900,2026-06-01,amazon-now,jivo-canola-cold-pressed-edible-oil-5-litres-5l,Ghaziabad,201003,1193,1650,27.7,1
2026-06-01-0900,2026-06-01,amazon-now,jivo-canola-cold-pressed-edible-oil-5-litres-5l,Ghaziabad,201005,1414,1650,14.3,1
2026-06-01-0900,2026-06-01,amazon-now,jivo-canola-cold-pressed-edible-oil-5-litres-5l,Noida,201008,1193,1650,27.7,1
2026-06-01-0900,2026-06-01,amazon-now,jivo-canola-cold-pressed-edible-oil-5-litres-5l,Ghaziabad,201009,1414,1650,14.3,1
2026-06-01-0900,2026-06-01,amazon-now,jivo-canola-cold-pressed-edible-oil-5-litres-5l,Ghaziabad,201201,1193,1650,27.7,1
2026-06-01-0900,2026-06-01,amazon-now,jivo-canola-cold-pressed-edible-oil-5-litres-5l,Ghaziabad,201204,1193,1650,27.7,1
2026-06-01-0900,2026-06-01,amazon-now,jivo-canola-cold-pressed-edible-oil-5-litres-5l,Ghaziabad,201302,1193,1650,27.7,1
2026-06-01-0900,2026-06-01,amazon-now,jivo-canola-cold-pressed-edible-oil-5-litres-5l,Noida,201304,1414,1650,14.3,1
2026-06-01-0900,2026-06-01,amazon-now,jivo-canola-cold-pressed-edible-oil-5-litres-5l,Noida,201305,1414,1650,14.3,1
2026-06-01-0900,2026-06-01,amazon-now,jivo-canola-cold-pressed-edible-oil-5-litres-5l,Noida,201306,1414,1650,14.3,1
2026-06-01-0900,2026-06-01,amazon-now,jivo-canola-cold-pressed-edible-oil-5-litres-5l,Noida,201307,1414,1650,14.3,1
2026-06-01-0900,2026-06-01,amazon-now,jivo-canola-cold-pressed-edible-oil-5-litres-5l,Noida,201309,1414,1650,14.3,1
2026-06-01-0900,2026-06-01,amazon-now,jivo-canola-cold-pressed-edible-oil-5-litres-5l,Noida,201310,1414,1650,14.3,1
2026-06-01-0900,2026-06-01,amazon-now,jivo-canola-cold-pressed-edible-oil-5-litres-5l,Noida,203207,1193,1650,27.7,1
2026-06-01-0900,2026-06-01,amazon-now,jivo-canola-cold-pressed-edible-oil-5-litres-5l,Ghaziabad,245304,1193,1650,27.7,1
2026-06-01-0900,2026-06-01,amazon-now,jivo-canola-cold-pressed-edible-oil-5-litres-5l,Jaipur,302001,1414,1650,14.3,1
2026-06-01-0900,2026-06-01,amazon-now,jivo-canola-cold-pressed-edible-oil-5-litres-5l,Jaipur,302011,1193,1650,27.7,1
2026-06-01-0900,2026-06-01,amazon-now,jivo-canola-cold-pressed-edible-oil-5-litres-5l,Jaipur,302012,1414,1650,14.3,1
2026-06-01-0900,2026-06-01,amazon-now,jivo-canola-cold-pressed-edible-oil-5-litres-5l,Jaipur,302013,1414,1650,14.3,1
2026-06-01-0900,2026-06-01,amazon-now,jivo-canola-cold-pressed-edible-oil-5-litres-5l,Jaipur,302015,1414,1650,14.3,1
2026-06-01-0900,2026-06-01,amazon-now,jivo-canola-cold-pressed-edible-oil-5-litres-5l,Jaipur,302016,1414,1650,14.3,1
2026-06-01-0900,2026-06-01,amazon-now,jivo-canola-cold-pressed-edible-oil-5-litres-5l,Jaipur,302017,1414,1650,14.3,1
2026-06-01-0900,2026-06-01,amazon-now,jivo-canola-cold-pressed-edible-oil-5-litres-5l,Jaipur,302018,1414,1650,14.3,1
2026-06-01-0900,2026-06-01,amazon-now,jivo-canola-cold-pressed-edible-oil-5-litres-5l,Jaipur,302020,1414,1650,14.3,1
2026-06-01-0900,2026-06-01,amazon-now,jivo-canola-cold-pressed-edible-oil-5-litres-5l,Jaipur,302021,1414,1650,14.3,1
2026-06-01-0900,2026-06-01,amazon-now,jivo-canola-cold-pressed-edible-oil-5-litres-5l,Jaipur,302022,1193,1650,27.7,1
2026-06-01-0900,2026-06-01,amazon-now,jivo-canola-cold-pressed-edible-oil-5-litres-5l,Jaipur,302023,1414,1650,14.3,1
2026-06-01-0900,2026-06-01,amazon-now,jivo-canola-cold-pressed-edible-oil-5-litres-5l,Jaipur,302024,1414,1650,14.3,1
2026-06-01-0900,2026-06-01,amazon-now,jivo-canola-cold-pressed-edible-oil-5-litres-5l,Jaipur,302025,1193,1650,27.7,1
2026-06-01-0900,2026-06-01,amazon-now,jivo-canola-cold-pressed-edible-oil-5-litres-5l,Jaipur,302026,1193,1650,27.7,1
2026-06-01-0900,2026-06-01,amazon-now,jivo-canola-cold-pressed-edible-oil-5-litres-5l,Jaipur,302028,1193,1650,27.7,1
2026-06-01-0900,2026-06-01,amazon-now,jivo-canola-cold-pressed-edible-oil-5-litres-5l,Jaipur,302029,1193,1650,27.7,1
2026-06-01-0900,2026-06-01,amazon-now,jivo-canola-cold-pressed-edible-oil-5-litres-5l,Jaipur,302032,1414,1650,14.3,1
2026-06-01-0900,2026-06-01,amazon-now,jivo-canola-cold-pressed-edible-oil-5-litres-5l,Jaipur,302033,1414,1650,14.3,1
2026-06-01-0900,2026-06-01,amazon-now,jivo-canola-cold-pressed-edible-oil-5-litres-5l,Jaipur,303001,1193,1650,27.7,1
2026-06-01-0900,2026-06-01,amazon-now,jivo-canola-cold-pressed-edible-oil-5-litres-5l,Jaipur,303002,1193,1650,27.7,1
2026-06-01-0900,2026-06-01,amazon-now,jivo-canola-cold-pressed-edible-oil-5-litres-5l,Jaipur,303003,1193,1650,27.7,1
2026-06-01-0900,2026-06-01,amazon-now,jivo-canola-cold-pressed-edible-oil-5-litres-5l,Jaipur,303006,1193,1650,27.7,1
2026-06-01-0900,2026-06-01,amazon-now,jivo-canola-cold-pressed-edible-oil-5-litres-5l,Jaipur,303009,1193,1650,27.7,1
2026-06-01-0900,2026-06-01,amazon-now,jivo-canola-cold-pressed-edible-oil-5-litres-5l,Jaipur,303012,1193,1650,27.7,1
2026-06-01-0900,2026-06-01,amazon-now,jivo-canola-cold-pressed-edible-oil-5-litres-5l,Jaipur,303103,1193,1650,27.7,1
2026-06-01-0900,2026-06-01,amazon-now,jivo-canola-cold-pressed-edible-oil-5-litres-5l,Jaipur,303105,1193,1650,27.7,1
2026-06-01-0900,2026-06-01,amazon-now,jivo-canola-cold-pressed-edible-oil-5-litres-5l,Jaipur,303107,1193,1650,27.7,1
2026-06-01-0900,2026-06-01,amazon-now,jivo-canola-cold-pressed-edible-oil-5-litres-5l,Jaipur,303108,1193,1650,27.7,1
2026-06-01-0900,2026-06-01,amazon-now,jivo-canola-cold-pressed-edible-oil-5-litres-5l,Jaipur,303109,1193,1650,27.7,1
2026-06-01-0900,2026-06-01,amazon-now,jivo-canola-cold-pressed-edible-oil-5-litres-5l,Jaipur,303110,1193,1650,27.7,1
2026-06-01-0900,2026-06-01,amazon-now,jivo-canola-cold-pressed-edible-oil-5-litres-5l,Jaipur,303120,1193,1650,27.7,1
2026-06-01-0900,2026-06-01,amazon-now,jivo-canola-cold-pressed-edible-oil-5-litres-5l,Jaipur,303328,1193,1650,27.7,1
2026-06-01-0900,2026-06-01,amazon-now,jivo-canola-cold-pressed-edible-oil-5-litres-5l,Jaipur,303329,1193,1650,27.7,1
2026-06-01-0900,2026-06-01,amazon-now,jivo-canola-cold-pressed-edible-oil-5-litres-5l,Jaipur,303348,1193,1650,27.7,1
2026-06-01-0900,2026-06-01,amazon-now,jivo-canola-cold-pressed-edible-oil-5-litres-5l,Jaipur,303602,1193,1650,27.7,1
2026-06-01-0900,2026-06-01,amazon-now,jivo-canola-cold-pressed-edible-oil-5-litres-5l,Jaipur,303604,1193,1650,27.7,1
2026-06-01-0900,2026-06-01,amazon-now,jivo-canola-cold-pressed-edible-oil-5-litres-5l,Jaipur,303701,1193,1650,27.7,1
2026-06-01-0900,2026-06-01,amazon-now,jivo-canola-cold-pressed-edible-oil-5-litres-5l,Jaipur,303706,1193,1650,27.7,1
2026-06-01-0900,2026-06-01,amazon-now,jivo-canola-cold-pressed-edible-oil-5-litres-5l,Jaipur,303712,1193,1650,27.7,1
2026-06-01-0900,2026-06-01,amazon-now,jivo-canola-cold-pressed-edible-oil-5-litres-5l,Jaipur,303802,1193,1650,27.7,1
2026-06-01-0900,2026-06-01,amazon-now,jivo-canola-cold-pressed-edible-oil-5-litres-5l,Jaipur,303803,1193,1650,27.7,1
2026-06-01-0900,2026-06-01,amazon-now,jivo-canola-cold-pressed-edible-oil-5-litres-5l,Jaipur,303804,1193,1650,27.7,1
2026-06-01-0900,2026-06-01,amazon-now,jivo-canola-cold-pressed-edible-oil-5-litres-5l,Jaipur,303806,1193,1650,27.7,1
2026-06-01-0900,2026-06-01,amazon-now,jivo-canola-cold-pressed-edible-oil-5-litres-5l,Jaipur,303807,1193,1650,27.7,1
2026-06-01-0900,2026-06-01,amazon-now,jivo-canola-cold-pressed-edible-oil-5-litres-5l,Jaipur,303901,1193,1650,27.7,1
2026-06-01-0900,2026-06-01,amazon-now,jivo-canola-cold-pressed-edible-oil-5-litres-5l,Jaipur,303905,1193,1650,27.7,1
2026-06-01-0900,2026-06-01,amazon-now,jivo-canola-cold-pressed-edible-oil-5-litres-5l,Jaipur,303908,1193,1650,27.7,1
2026-06-01-0900,2026-06-01,amazon-now,jivo-canola-cold-pressed-edible-oil-5-litres-5l,Mumbai,400601,1249,1650,24.3,1
2026-06-01-0900,2026-06-01,amazon-now,jivo-canola-cold-pressed-edible-oil-5-litres-5l,Mumbai,400701,1249,1650,24.3,1
2026-06-01-0900,2026-06-01,amazon-now,jivo-canola-cold-pressed-edible-oil-5-litres-5l,Mumbai,400703,1249,1650,24.3,1
2026-06-01-0900,2026-06-01,amazon-now,jivo-canola-cold-pressed-edible-oil-5-litres-5l,Pune,410301,1249,1650,24.3,1
2026-06-01-0900,2026-06-01,amazon-now,jivo-canola-cold-pressed-edible-oil-5-litres-5l,Pune,410401,1249,1650,24.3,1
2026-06-01-0900,2026-06-01,amazon-now,jivo-canola-cold-pressed-edible-oil-5-litres-5l,Pune,410402,1249,1650,24.3,1
2026-06-01-0900,2026-06-01,amazon-now,jivo-canola-cold-pressed-edible-oil-5-litres-5l,Pune,410502,1249,1650,24.3,1
2026-06-01-0900,2026-06-01,amazon-now,jivo-canola-cold-pressed-edible-oil-5-litres-5l,Pune,410503,1249,1650,24.3,1
2026-06-01-0900,2026-06-01,amazon-now,jivo-canola-cold-pressed-edible-oil-5-litres-5l,Pune,411021,1249,1650,24.3,1
2026-06-01-0900,2026-06-01,amazon-now,jivo-canola-cold-pressed-edible-oil-5-litres-5l,Pune,412104,1249,1650,24.3,1
2026-06-01-0900,2026-06-01,amazon-now,jivo-canola-cold-pressed-edible-oil-5-litres-5l,Pune,412109,1249,1650,24.3,1
2026-06-01-0900,2026-06-01,amazon-now,jivo-canola-cold-pressed-edible-oil-5-litres-5l,Pune,412114,1249,1650,24.3,1
2026-06-01-0900,2026-06-01,amazon-now,jivo-canola-cold-pressed-edible-oil-5-litres-5l,Pune,412201,1249,1650,24.3,1
2026-06-01-0900,2026-06-01,amazon-now,jivo-canola-cold-pressed-edible-oil-5-litres-5l,Pune,412208,1249,1650,24.3,1
2026-06-01-0900,2026-06-01,amazon-now,jivo-canola-cold-pressed-edible-oil-5-litres-5l,Pune,412209,1249,1650,24.3,1
2026-06-01-0900,2026-06-01,amazon-now,jivo-canola-cold-pressed-edible-oil-5-litres-5l,Pune,412210,1249,1650,24.3,1
2026-06-01-0900,2026-06-01,amazon-now,jivo-canola-cold-pressed-edible-oil-5-litres-5l,Pune,412211,1249,1650,24.3,1
2026-06-01-0900,2026-06-01,amazon-now,jivo-canola-cold-pressed-edible-oil-5-litres-5l,Pune,412213,1249,1650,24.3,1
2026-06-01-0900,2026-06-01,amazon-now,jivo-canola-cold-pressed-edible-oil-5-litres-5l,Pune,412220,1249,1650,24.3,1
2026-06-01-0900,2026-06-01,amazon-now,jivo-canola-cold-pressed-edible-oil-5-litres-5l,Pune,412301,1249,1650,24.3,1
2026-06-01-0900,2026-06-01,amazon-now,jivo-canola-cold-pressed-edible-oil-5-litres-5l,Pune,412303,1249,1650,24.3,1
2026-06-01-0900,2026-06-01,amazon-now,jivo-canola-cold-pressed-edible-oil-5-litres-5l,Pune,412401,1249,1650,24.3,1
2026-06-01-0900,2026-06-01,amazon-now,jivo-canola-cold-pressed-edible-oil-5-litres-5l,Pune,412405,1249,1650,24.3,1
2026-06-01-0900,2026-06-01,amazon-now,jivo-canola-cold-pressed-edible-oil-5-litres-5l,Pune,412409,1249,1650,24.3,1
2026-06-01-0900,2026-06-01,amazon-now,jivo-canola-cold-pressed-edible-oil-5-litres-5l,Pune,412410,1249,1650,24.3,1
2026-06-01-0900,2026-06-01,amazon-now,jivo-canola-cold-pressed-edible-oil-5-litres-5l,Pune,413105,1249,1650,24.3,1
2026-06-01-0900,2026-06-01,amazon-now,jivo-canola-cold-pressed-edible-oil-5-litres-5l,Pune,413132,1249,1650,24.3,1
2026-06-01-0900,2026-06-01,amazon-now,jivo-canola-cold-pressed-edible-oil-5-litres-5l,Kolkata,700022,1249,1650,24.3,1
2026-06-01-0900,2026-06-01,amazon-now,jivo-canola-cold-pressed-edible-oil-5-litres-5l,Kolkata,700024,1249,1650,24.3,1
2026-06-01-0900,2026-06-01,amazon-now,jivo-canola-cold-pressed-edible-oil-5-litres-5l,Kolkata,700040,1249,1650,24.3,1
2026-06-01-0900,2026-06-01,amazon-now,jivo-canola-cold-pressed-edible-oil-5-litres-5l,Kolkata,700053,1249,1650,24.3,1
2026-06-01-0900,2026-06-01,amazon-now,jivo-canola-cold-pressed-edible-oil-5-litres-5l,Kolkata,700089,1410,1650,14.5,1
2026-06-01-0900,2026-06-01,amazon-now,jivo-canola-cold-pressed-edible-oil-5-litres-5l,Kolkata,700141,1249,1650,24.3,1
2026-06-01-0900,2026-06-01,amazon-now,jivo-cold-pressed-kachi-ghani-chemical-free-mustard-daily-cooking-oil-1-litre-1l,Delhi,110003,209,255,18,1
2026-06-01-0900,2026-06-01,amazon-now,jivo-cold-pressed-kachi-ghani-chemical-free-mustard-daily-cooking-oil-1-litre-1l,Delhi,110013,209,255,18,1
2026-06-01-0900,2026-06-01,amazon-now,jivo-cold-pressed-kachi-ghani-chemical-free-mustard-daily-cooking-oil-1-litre-1l,Delhi,110014,209,255,18,1
2026-06-01-0900,2026-06-01,amazon-now,jivo-cold-pressed-kachi-ghani-chemical-free-mustard-daily-cooking-oil-1-litre-1l,Delhi,110016,209,255,18,1
2026-06-01-0900,2026-06-01,amazon-now,jivo-cold-pressed-kachi-ghani-chemical-free-mustard-daily-cooking-oil-1-litre-1l,Delhi,110017,209,255,18,1
2026-06-01-0900,2026-06-01,amazon-now,jivo-cold-pressed-kachi-ghani-chemical-free-mustard-daily-cooking-oil-1-litre-1l,Delhi,110021,176,255,31,1
2026-06-01-0900,2026-06-01,amazon-now,jivo-cold-pressed-kachi-ghani-chemical-free-mustard-daily-cooking-oil-1-litre-1l,Delhi,110024,209,255,18,1
2026-06-01-0900,2026-06-01,amazon-now,jivo-cold-pressed-kachi-ghani-chemical-free-mustard-daily-cooking-oil-1-litre-1l,Delhi,110025,209,255,18,1
2026-06-01-0900,2026-06-01,amazon-now,jivo-cold-pressed-kachi-ghani-chemical-free-mustard-daily-cooking-oil-1-litre-1l,Delhi,110037,176,255,31,1
2026-06-01-0900,2026-06-01,amazon-now,jivo-cold-pressed-kachi-ghani-chemical-free-mustard-daily-cooking-oil-1-litre-1l,Delhi,110044,209,255,18,1
2026-06-01-0900,2026-06-01,amazon-now,jivo-cold-pressed-kachi-ghani-chemical-free-mustard-daily-cooking-oil-1-litre-1l,Delhi,110048,209,255,18,1
2026-06-01-0900,2026-06-01,amazon-now,jivo-cold-pressed-kachi-ghani-chemical-free-mustard-daily-cooking-oil-1-litre-1l,Delhi,110061,176,255,31,1
2026-06-01-0900,2026-06-01,amazon-now,jivo-cold-pressed-kachi-ghani-chemical-free-mustard-daily-cooking-oil-1-litre-1l,Delhi,110062,209,255,18,1
2026-06-01-0900,2026-06-01,amazon-now,jivo-cold-pressed-kachi-ghani-chemical-free-mustard-daily-cooking-oil-1-litre-1l,Delhi,110065,209,255,18,1
2026-06-01-0900,2026-06-01,amazon-now,jivo-cold-pressed-kachi-ghani-chemical-free-mustard-daily-cooking-oil-1-litre-1l,Delhi,110067,176,255,31,1
2026-06-01-0900,2026-06-01,amazon-now,jivo-cold-pressed-kachi-ghani-chemical-free-mustard-daily-cooking-oil-1-litre-1l,Delhi,110070,176,255,31,1
2026-06-01-0900,2026-06-01,amazon-now,jivo-cold-pressed-kachi-ghani-chemical-free-mustard-daily-cooking-oil-1-litre-1l,Delhi,110076,209,255,18,1
2026-06-01-0900,2026-06-01,amazon-now,jivo-cold-pressed-kachi-ghani-chemical-free-mustard-daily-cooking-oil-1-litre-1l,Gurgaon,122001,176,255,31,1
2026-06-01-0900,2026-06-01,amazon-now,jivo-cold-pressed-kachi-ghani-chemical-free-mustard-daily-cooking-oil-1-litre-1l,Gurgaon,122010,176,255,31,1
2026-06-01-0900,2026-06-01,amazon-now,jivo-cold-pressed-kachi-ghani-chemical-free-mustard-daily-cooking-oil-1-litre-1l,Surat,394160,181,255,29,1
2026-06-01-0900,2026-06-01,amazon-now,jivo-cold-pressed-kachi-ghani-chemical-free-mustard-daily-cooking-oil-1-litre-1l,Surat,394185,181,255,29,1
2026-06-01-0900,2026-06-01,amazon-now,jivo-cold-pressed-kachi-ghani-chemical-free-mustard-daily-cooking-oil-1-litre-1l,Surat,394410,181,255,29,1
2026-06-01-0900,2026-06-01,amazon-now,jivo-cold-pressed-kachi-ghani-chemical-free-mustard-daily-cooking-oil-1-litre-1l,Surat,394510,181,255,29,1
2026-06-01-0900,2026-06-01,amazon-now,jivo-cold-pressed-kachi-ghani-chemical-free-mustard-daily-cooking-oil-1-litre-1l,Surat,394540,181,255,29,1
2026-06-01-0900,2026-06-01,amazon-now,jivo-cold-pressed-kachi-ghani-chemical-free-mustard-daily-cooking-oil-1-litre-1l,Mumbai,400023,209,255,18,1
2026-06-01-0900,2026-06-01,amazon-now,jivo-cold-pressed-kachi-ghani-chemical-free-mustard-daily-cooking-oil-1-litre-1l,Mumbai,400073,209,255,18,1
2026-06-01-0900,2026-06-01,amazon-now,jivo-cold-pressed-kachi-ghani-chemical-free-mustard-daily-cooking-oil-1-litre-1l,Mumbai,400090,255,,,1
2026-06-01-0900,2026-06-01,amazon-now,jivo-cold-pressed-kachi-ghani-chemical-free-mustard-daily-cooking-oil-1-litre-1l,Mumbai,400611,209,255,18,1
2026-06-01-0900,2026-06-01,amazon-now,jivo-cold-pressed-kachi-ghani-chemical-free-mustard-daily-cooking-oil-1-litre-1l,Mumbai,400702,209,255,18,1
2026-06-01-0900,2026-06-01,amazon-now,jivo-cold-pressed-kachi-ghani-chemical-free-mustard-daily-cooking-oil-1-litre-1l,Mumbai,400707,209,255,18,1
2026-06-01-0900,2026-06-01,amazon-now,jivo-cold-pressed-kachi-ghani-chemical-free-mustard-daily-cooking-oil-1-litre-1l,Pune,410506,209,255,18,1
2026-06-01-0900,2026-06-01,amazon-now,jivo-cold-pressed-kachi-ghani-chemical-free-mustard-daily-cooking-oil-1-litre-1l,Pune,412101,209,255,18,1
2026-06-01-0900,2026-06-01,amazon-now,jivo-cold-pressed-kachi-ghani-chemical-free-mustard-daily-cooking-oil-1-litre-1l,Pune,412103,209,255,18,1
2026-06-01-0900,2026-06-01,amazon-now,jivo-cold-pressed-kachi-ghani-chemical-free-mustard-daily-cooking-oil-1-litre-1l,Pune,412204,209,255,18,1
2026-06-01-0900,2026-06-01,amazon-now,jivo-cold-pressed-kachi-ghani-chemical-free-mustard-daily-cooking-oil-1-litre-1l,Pune,412216,209,255,18,1
2026-06-01-0900,2026-06-01,amazon-now,jivo-cold-pressed-kachi-ghani-chemical-free-mustard-daily-cooking-oil-1-litre-1l,Pune,412304,209,255,18,1
2026-06-01-0900,2026-06-01,amazon-now,jivo-cold-pressed-kachi-ghani-chemical-free-mustard-daily-cooking-oil-1-litre-1l,Pune,412306,209,255,18,1
2026-06-01-0900,2026-06-01,amazon-now,jivo-cold-pressed-kachi-ghani-chemical-free-mustard-daily-cooking-oil-1-litre-1l,Pune,412403,209,255,18,1
2026-06-01-0900,2026-06-01,amazon-now,jivo-cold-pressed-kachi-ghani-chemical-free-mustard-daily-cooking-oil-1-litre-1l,Pune,412404,209,255,18,1
2026-06-01-0900,2026-06-01,amazon-now,jivo-cold-pressed-kachi-ghani-chemical-free-mustard-daily-cooking-oil-1-litre-1l,Pune,413801,209,255,18,1
2026-06-01-0900,2026-06-01,amazon-now,jivo-cold-pressed-kachi-ghani-chemical-free-mustard-daily-cooking-oil-1-litre-1l,Bengaluru,560001,145,255,43.1,1
2026-06-01-0900,2026-06-01,amazon-now,jivo-cold-pressed-kachi-ghani-chemical-free-mustard-daily-cooking-oil-1-litre-1l,Bengaluru,560014,145,255,43.1,1
2026-06-01-0900,2026-06-01,amazon-now,jivo-cold-pressed-kachi-ghani-chemical-free-mustard-daily-cooking-oil-1-litre-1l,Bengaluru,560039,145,255,43.1,1
2026-06-01-0900,2026-06-01,amazon-now,jivo-cold-pressed-kachi-ghani-chemical-free-mustard-daily-cooking-oil-1-litre-1l,Bengaluru,560040,145,255,43.1,1
2026-06-01-0900,2026-06-01,amazon-now,jivo-cold-pressed-kachi-ghani-chemical-free-mustard-daily-cooking-oil-1-litre-1l,Kolkata,700001,181,255,29,1
2026-06-01-0900,2026-06-01,amazon-now,jivo-cold-pressed-kachi-ghani-chemical-free-mustard-daily-cooking-oil-1-litre-1l,Kolkata,700015,181,255,29,1
2026-06-01-0900,2026-06-01,amazon-now,jivo-cold-pressed-kachi-ghani-chemical-free-mustard-daily-cooking-oil-1-litre-1l,Kolkata,700019,181,255,29,1
2026-06-01-0900,2026-06-01,amazon-now,jivo-cold-pressed-kachi-ghani-chemical-free-mustard-daily-cooking-oil-1-litre-1l,Kolkata,700069,181,255,29,1
2026-06-01-0900,2026-06-01,amazon-now,jivo-cold-pressed-kachi-ghani-chemical-free-mustard-daily-cooking-oil-1-litre-1l,Kolkata,700107,181,255,29,1
2026-06-01-0900,2026-06-01,amazon-now,jivo-cold-pressed-kachi-ghani-chemical-free-mustard-daily-cooking-oil-1-litre-pouch-1l,Mumbai,400601,199,,,1
2026-06-01-0900,2026-06-01,amazon-now,jivo-cold-pressed-kachi-ghani-chemical-free-mustard-daily-cooking-oil-1-litre-pouch-1l,Pune,411001,209,,,1
2026-06-01-0900,2026-06-01,amazon-now,jivo-cold-pressed-kachi-ghani-chemical-free-mustard-daily-cooking-oil-1-litre-pouch-1l,Pune,411004,209,,,1
2026-06-01-0900,2026-06-01,amazon-now,jivo-cold-pressed-kachi-ghani-chemical-free-mustard-daily-cooking-oil-1-litre-pouch-1l,Pune,411005,209,,,1
2026-06-01-0900,2026-06-01,amazon-now,jivo-cold-pressed-kachi-ghani-chemical-free-mustard-daily-cooking-oil-1-litre-pouch-1l,Pune,411006,209,,,1
2026-06-01-0900,2026-06-01,amazon-now,jivo-cold-pressed-kachi-ghani-chemical-free-mustard-daily-cooking-oil-1-litre-pouch-1l,Pune,411011,209,,,1
2026-06-01-0900,2026-06-01,amazon-now,jivo-cold-pressed-kachi-ghani-chemical-free-mustard-daily-cooking-oil-1-litre-pouch-1l,Pune,411014,209,,,1
2026-06-01-0900,2026-06-01,amazon-now,jivo-cold-pressed-kachi-ghani-chemical-free-mustard-daily-cooking-oil-1-litre-pouch-1l,Pune,411015,209,,,1
2026-06-01-0900,2026-06-01,amazon-now,jivo-cold-pressed-kachi-ghani-chemical-free-mustard-daily-cooking-oil-1-litre-pouch-1l,Pune,411028,209,,,1
2026-06-01-0900,2026-06-01,amazon-now,jivo-cold-pressed-kachi-ghani-chemical-free-mustard-daily-cooking-oil-1-litre-pouch-1l,Pune,411030,209,,,1
2026-06-01-0900,2026-06-01,amazon-now,jivo-cold-pressed-kachi-ghani-chemical-free-mustard-daily-cooking-oil-1-litre-pouch-1l,Pune,411036,209,,,1
2026-06-01-0900,2026-06-01,amazon-now,jivo-cold-pressed-kachi-ghani-chemical-free-mustard-daily-cooking-oil-1-litre-pouch-1l,Pune,411040,209,,,1
2026-06-01-0900,2026-06-01,amazon-now,jivo-cold-pressed-kachi-ghani-chemical-free-mustard-daily-cooking-oil-1-litre-pouch-1l,Pune,411047,209,,,1
2026-06-01-0900,2026-06-01,amazon-now,jivo-cold-pressed-kachi-ghani-chemical-free-mustard-daily-cooking-oil-1-litre-pouch-1l,Pune,411051,209,,,1
2026-06-01-0900,2026-06-01,amazon-now,jivo-cold-pressed-kachi-ghani-chemical-free-mustard-daily-cooking-oil-1-litre-pouch-1l,Pune,412308,209,,,1
2026-06-01-0900,2026-06-01,amazon-now,jivo-cold-pressed-unrefined-sunflower-oil-1-litre-1l,Mumbai,400001,207,275,24.7,1
2026-06-01-0900,2026-06-01,amazon-now,jivo-cold-pressed-unrefined-sunflower-oil-1-litre-1l,Mumbai,400003,207,275,24.7,1
2026-06-01-0900,2026-06-01,amazon-now,jivo-cold-pressed-unrefined-sunflower-oil-1-litre-1l,Mumbai,400004,207,275,24.7,1
2026-06-01-0900,2026-06-01,amazon-now,jivo-cold-pressed-unrefined-sunflower-oil-1-litre-1l,Mumbai,400005,207,275,24.7,1
2026-06-01-0900,2026-06-01,amazon-now,jivo-cold-pressed-unrefined-sunflower-oil-1-litre-1l,Mumbai,400006,207,275,24.7,1
2026-06-01-0900,2026-06-01,amazon-now,jivo-cold-pressed-unrefined-sunflower-oil-1-litre-1l,Mumbai,400007,207,275,24.7,1
2026-06-01-0900,2026-06-01,amazon-now,jivo-cold-pressed-unrefined-sunflower-oil-1-litre-1l,Mumbai,400010,207,275,24.7,1
2026-06-01-0900,2026-06-01,amazon-now,jivo-cold-pressed-unrefined-sunflower-oil-1-litre-1l,Mumbai,400011,207,275,24.7,1
2026-06-01-0900,2026-06-01,amazon-now,jivo-cold-pressed-unrefined-sunflower-oil-1-litre-1l,Mumbai,400012,207,275,24.7,1
2026-06-01-0900,2026-06-01,amazon-now,jivo-cold-pressed-unrefined-sunflower-oil-1-litre-1l,Mumbai,400013,207,275,24.7,1
2026-06-01-0900,2026-06-01,amazon-now,jivo-cold-pressed-unrefined-sunflower-oil-1-litre-1l,Mumbai,400015,207,275,24.7,1
2026-06-01-0900,2026-06-01,amazon-now,jivo-cold-pressed-unrefined-sunflower-oil-1-litre-1l,Mumbai,400017,207,275,24.7,1
2026-06-01-0900,2026-06-01,amazon-now,jivo-cold-pressed-unrefined-sunflower-oil-1-litre-1l,Mumbai,400018,207,275,24.7,1
2026-06-01-0900,2026-06-01,amazon-now,jivo-cold-pressed-unrefined-sunflower-oil-1-litre-1l,Mumbai,400019,207,275,24.7,1
2026-06-01-0900,2026-06-01,amazon-now,jivo-cold-pressed-unrefined-sunflower-oil-1-litre-1l,Mumbai,400020,207,275,24.7,1
2026-06-01-0900,2026-06-01,amazon-now,jivo-cold-pressed-unrefined-sunflower-oil-1-litre-1l,Mumbai,400021,207,275,24.7,1
2026-06-01-0900,2026-06-01,amazon-now,jivo-cold-pressed-unrefined-sunflower-oil-1-litre-1l,Mumbai,400025,207,275,24.7,1
2026-06-01-0900,2026-06-01,amazon-now,jivo-cold-pressed-unrefined-sunflower-oil-1-litre-1l,Mumbai,400026,207,275,24.7,1
2026-06-01-0900,2026-06-01,amazon-now,jivo-cold-pressed-unrefined-sunflower-oil-1-litre-1l,Mumbai,400030,207,275,24.7,1
2026-06-01-0900,2026-06-01,amazon-now,jivo-cold-pressed-unrefined-sunflower-oil-1-litre-1l,Mumbai,400033,207,275,24.7,1
2026-06-01-0900,2026-06-01,amazon-now,jivo-cold-pressed-unrefined-sunflower-oil-1-litre-1l,Mumbai,400041,207,275,24.7,1
2026-06-01-0900,2026-06-01,amazon-now,jivo-cold-pressed-unrefined-sunflower-oil-1-litre-1l,Pune,411001,188,275,31.6,1
2026-06-01-0900,2026-06-01,amazon-now,jivo-cold-pressed-unrefined-sunflower-oil-1-litre-1l,Pune,411004,188,275,31.6,1
2026-06-01-0900,2026-06-01,amazon-now,jivo-cold-pressed-unrefined-sunflower-oil-1-litre-1l,Pune,411005,188,275,31.6,1
2026-06-01-0900,2026-06-01,amazon-now,jivo-cold-pressed-unrefined-sunflower-oil-1-litre-1l,Pune,411006,188,275,31.6,1
2026-06-01-0900,2026-06-01,amazon-now,jivo-cold-pressed-unrefined-sunflower-oil-1-litre-1l,Pune,411011,188,275,31.6,1
2026-06-01-0900,2026-06-01,amazon-now,jivo-cold-pressed-unrefined-sunflower-oil-1-litre-1l,Pune,411014,188,275,31.6,1
2026-06-01-0900,2026-06-01,amazon-now,jivo-cold-pressed-unrefined-sunflower-oil-1-litre-1l,Pune,411015,188,275,31.6,1
2026-06-01-0900,2026-06-01,amazon-now,jivo-cold-pressed-unrefined-sunflower-oil-1-litre-1l,Pune,411028,188,275,31.6,1
2026-06-01-0900,2026-06-01,amazon-now,jivo-cold-pressed-unrefined-sunflower-oil-1-litre-1l,Pune,411030,188,275,31.6,1
2026-06-01-0900,2026-06-01,amazon-now,jivo-cold-pressed-unrefined-sunflower-oil-1-litre-1l,Pune,411036,188,275,31.6,1
2026-06-01-0900,2026-06-01,amazon-now,jivo-cold-pressed-unrefined-sunflower-oil-1-litre-1l,Pune,411040,188,275,31.6,1
2026-06-01-0900,2026-06-01,amazon-now,jivo-cold-pressed-unrefined-sunflower-oil-1-litre-1l,Pune,411047,188,275,31.6,1
2026-06-01-0900,2026-06-01,amazon-now,jivo-cold-pressed-unrefined-sunflower-oil-1-litre-1l,Pune,411051,188,275,31.6,1
2026-06-01-0900,2026-06-01,amazon-now,jivo-cold-pressed-unrefined-sunflower-oil-1-litre-1l,Pune,412308,188,275,31.6,1
2026-06-01-0900,2026-06-01,amazon-now,jivo-cold-pressed-unrefined-sunflower-oil-5-litres-5l,Delhi,110001,1049,1350,22.3,1
2026-06-01-0900,2026-06-01,amazon-now,jivo-cold-pressed-unrefined-sunflower-oil-5-litres-5l,Delhi,110002,1049,1350,22.3,1
2026-06-01-0900,2026-06-01,amazon-now,jivo-cold-pressed-unrefined-sunflower-oil-5-litres-5l,Delhi,110003,899,1350,33.4,1
2026-06-01-0900,2026-06-01,amazon-now,jivo-cold-pressed-unrefined-sunflower-oil-5-litres-5l,Delhi,110004,1049,1350,22.3,1
2026-06-01-0900,2026-06-01,amazon-now,jivo-cold-pressed-unrefined-sunflower-oil-5-litres-5l,Delhi,110006,1049,1350,22.3,1
2026-06-01-0900,2026-06-01,amazon-now,jivo-cold-pressed-unrefined-sunflower-oil-5-litres-5l,Delhi,110007,1049,1350,22.3,1
2026-06-01-0900,2026-06-01,amazon-now,jivo-cold-pressed-unrefined-sunflower-oil-5-litres-5l,Delhi,110009,1049,1350,22.3,1
2026-06-01-0900,2026-06-01,amazon-now,jivo-cold-pressed-unrefined-sunflower-oil-5-litres-5l,Delhi,110013,899,1350,33.4,1
2026-06-01-0900,2026-06-01,amazon-now,jivo-cold-pressed-unrefined-sunflower-oil-5-litres-5l,Delhi,110014,899,1350,33.4,1
2026-06-01-0900,2026-06-01,amazon-now,jivo-cold-pressed-unrefined-sunflower-oil-5-litres-5l,Delhi,110016,899,1350,33.4,1
2026-06-01-0900,2026-06-01,amazon-now,jivo-cold-pressed-unrefined-sunflower-oil-5-litres-5l,Delhi,110017,899,1350,33.4,1
2026-06-01-0900,2026-06-01,amazon-now,jivo-cold-pressed-unrefined-sunflower-oil-5-litres-5l,Delhi,110018,1049,1350,22.3,1
2026-06-01-0900,2026-06-01,amazon-now,jivo-cold-pressed-unrefined-sunflower-oil-5-litres-5l,Delhi,110021,1049,1350,22.3,1
2026-06-01-0900,2026-06-01,amazon-now,jivo-cold-pressed-unrefined-sunflower-oil-5-litres-5l,Delhi,110024,899,1350,33.4,1
2026-06-01-0900,2026-06-01,amazon-now,jivo-cold-pressed-unrefined-sunflower-oil-5-litres-5l,Delhi,110025,899,1350,33.4,1
2026-06-01-0900,2026-06-01,amazon-now,jivo-cold-pressed-unrefined-sunflower-oil-5-litres-5l,Delhi,110031,1049,1350,22.3,1
2026-06-01-0900,2026-06-01,amazon-now,jivo-cold-pressed-unrefined-sunflower-oil-5-litres-5l,Delhi,110033,1049,1350,22.3,1
2026-06-01-0900,2026-06-01,amazon-now,jivo-cold-pressed-unrefined-sunflower-oil-5-litres-5l,Delhi,110035,1049,1350,22.3,1
2026-06-01-0900,2026-06-01,amazon-now,jivo-cold-pressed-unrefined-sunflower-oil-5-litres-5l,Delhi,110037,1049,1350,22.3,1
2026-06-01-0900,2026-06-01,amazon-now,jivo-cold-pressed-unrefined-sunflower-oil-5-litres-5l,Delhi,110044,899,1350,33.4,1
2026-06-01-0900,2026-06-01,amazon-now,jivo-cold-pressed-unrefined-sunflower-oil-5-litres-5l,Delhi,110048,899,1350,33.4,1
2026-06-01-0900,2026-06-01,amazon-now,jivo-cold-pressed-unrefined-sunflower-oil-5-litres-5l,Delhi,110052,1049,1350,22.3,1
2026-06-01-0900,2026-06-01,amazon-now,jivo-cold-pressed-unrefined-sunflower-oil-5-litres-5l,Delhi,110053,1049,1350,22.3,1
2026-06-01-0900,2026-06-01,amazon-now,jivo-cold-pressed-unrefined-sunflower-oil-5-litres-5l,Delhi,110054,1049,1350,22.3,1
2026-06-01-0900,2026-06-01,amazon-now,jivo-cold-pressed-unrefined-sunflower-oil-5-litres-5l,Delhi,110055,1049,1350,22.3,1
2026-06-01-0900,2026-06-01,amazon-now,jivo-cold-pressed-unrefined-sunflower-oil-5-litres-5l,Delhi,110061,1049,1350,22.3,1
2026-06-01-0900,2026-06-01,amazon-now,jivo-cold-pressed-unrefined-sunflower-oil-5-litres-5l,Delhi,110062,899,1350,33.4,1
2026-06-01-0900,2026-06-01,amazon-now,jivo-cold-pressed-unrefined-sunflower-oil-5-litres-5l,Delhi,110065,899,1350,33.4,1
2026-06-01-0900,2026-06-01,amazon-now,jivo-cold-pressed-unrefined-sunflower-oil-5-litres-5l,Delhi,110067,1049,1350,22.3,1
2026-06-01-0900,2026-06-01,amazon-now,jivo-cold-pressed-unrefined-sunflower-oil-5-litres-5l,Delhi,110070,1049,1350,22.3,1
2026-06-01-0900,2026-06-01,amazon-now,jivo-cold-pressed-unrefined-sunflower-oil-5-litres-5l,Delhi,110076,899,1350,33.4,1
2026-06-01-0900,2026-06-01,amazon-now,jivo-cold-pressed-unrefined-sunflower-oil-5-litres-5l,Delhi,110088,1049,1350,22.3,1
2026-06-01-0900,2026-06-01,amazon-now,jivo-cold-pressed-unrefined-sunflower-oil-5-litres-5l,Delhi,110091,1049,1350,22.3,1
2026-06-01-0900,2026-06-01,amazon-now,jivo-cold-pressed-unrefined-sunflower-oil-5-litres-5l,Gurgaon,122001,1049,1350,22.3,1
2026-06-01-0900,2026-06-01,amazon-now,jivo-cold-pressed-unrefined-sunflower-oil-5-litres-5l,Gurgaon,122010,1049,1350,22.3,1
2026-06-01-0900,2026-06-01,amazon-now,jivo-cold-pressed-unrefined-sunflower-oil-5-litres-5l,Surat,394160,899,1350,33.4,1
2026-06-01-0900,2026-06-01,amazon-now,jivo-cold-pressed-unrefined-sunflower-oil-5-litres-5l,Surat,394185,899,1350,33.4,1
2026-06-01-0900,2026-06-01,amazon-now,jivo-cold-pressed-unrefined-sunflower-oil-5-litres-5l,Surat,394410,899,1350,33.4,1
2026-06-01-0900,2026-06-01,amazon-now,jivo-cold-pressed-unrefined-sunflower-oil-5-litres-5l,Surat,394510,899,1350,33.4,1
2026-06-01-0900,2026-06-01,amazon-now,jivo-cold-pressed-unrefined-sunflower-oil-5-litres-5l,Surat,394540,899,1350,33.4,1
2026-06-01-0900,2026-06-01,amazon-now,jivo-cold-pressed-unrefined-sunflower-oil-5-litres-5l,Mumbai,400090,899,1350,33.4,1
2026-06-01-0900,2026-06-01,amazon-now,jivo-cold-pressed-unrefined-sunflower-oil-5-litres-5l,Mumbai,400601,899,1350,33.4,1
2026-06-01-0900,2026-06-01,amazon-now,jivo-cold-pressed-unrefined-sunflower-oil-5-litres-5l,Mumbai,400701,899,1350,33.4,1
2026-06-01-0900,2026-06-01,amazon-now,jivo-cold-pressed-unrefined-sunflower-oil-5-litres-5l,Mumbai,400703,899,1350,33.4,1
2026-06-01-0900,2026-06-01,amazon-now,jivo-cold-pressed-unrefined-sunflower-oil-5-litres-5l,Bengaluru,560001,899,1350,33.4,1
2026-06-01-0900,2026-06-01,amazon-now,jivo-cold-pressed-unrefined-sunflower-oil-5-litres-5l,Bengaluru,560014,899,1350,33.4,1
2026-06-01-0900,2026-06-01,amazon-now,jivo-cold-pressed-unrefined-sunflower-oil-5-litres-5l,Bengaluru,560039,899,1350,33.4,1
2026-06-01-0900,2026-06-01,amazon-now,jivo-cold-pressed-unrefined-sunflower-oil-5-litres-5l,Bengaluru,560040,899,1350,33.4,1
2026-06-01-0900,2026-06-01,amazon-now,jivo-cold-pressed-unrefined-sunflower-oil-5-litres-5l,Kolkata,700001,899,1350,33.4,1
2026-06-01-0900,2026-06-01,amazon-now,jivo-cold-pressed-unrefined-sunflower-oil-5-litres-5l,Kolkata,700015,899,1350,33.4,1
2026-06-01-0900,2026-06-01,amazon-now,jivo-cold-pressed-unrefined-sunflower-oil-5-litres-5l,Kolkata,700019,899,1350,33.4,1
2026-06-01-0900,2026-06-01,amazon-now,jivo-cold-pressed-unrefined-sunflower-oil-5-litres-5l,Kolkata,700069,899,1350,33.4,1
2026-06-01-0900,2026-06-01,amazon-now,jivo-cold-pressed-unrefined-sunflower-oil-5-litres-5l,Kolkata,700107,899,1350,33.4,1
2026-06-01-0900,2026-06-01,amazon-now,jivo-cooking-edible-soyabean-oil-1-litre-1l,Delhi,110003,199,225,11.6,1
2026-06-01-0900,2026-06-01,amazon-now,jivo-cooking-edible-soyabean-oil-1-litre-1l,Delhi,110013,199,225,11.6,1
2026-06-01-0900,2026-06-01,amazon-now,jivo-cooking-edible-soyabean-oil-1-litre-1l,Delhi,110014,199,225,11.6,1
2026-06-01-0900,2026-06-01,amazon-now,jivo-cooking-edible-soyabean-oil-1-litre-1l,Delhi,110016,199,225,11.6,1
2026-06-01-0900,2026-06-01,amazon-now,jivo-cooking-edible-soyabean-oil-1-litre-1l,Delhi,110017,199,225,11.6,1
2026-06-01-0900,2026-06-01,amazon-now,jivo-cooking-edible-soyabean-oil-1-litre-1l,Delhi,110021,199,225,11.6,1
2026-06-01-0900,2026-06-01,amazon-now,jivo-cooking-edible-soyabean-oil-1-litre-1l,Delhi,110024,199,225,11.6,1
2026-06-01-0900,2026-06-01,amazon-now,jivo-cooking-edible-soyabean-oil-1-litre-1l,Delhi,110025,199,225,11.6,1
2026-06-01-0900,2026-06-01,amazon-now,jivo-cooking-edible-soyabean-oil-1-litre-1l,Delhi,110037,199,225,11.6,1
2026-06-01-0900,2026-06-01,amazon-now,jivo-cooking-edible-soyabean-oil-1-litre-1l,Delhi,110044,199,225,11.6,1
2026-06-01-0900,2026-06-01,amazon-now,jivo-cooking-edible-soyabean-oil-1-litre-1l,Delhi,110048,199,225,11.6,1
2026-06-01-0900,2026-06-01,amazon-now,jivo-cooking-edible-soyabean-oil-1-litre-1l,Delhi,110061,199,225,11.6,1
2026-06-01-0900,2026-06-01,amazon-now,jivo-cooking-edible-soyabean-oil-1-litre-1l,Delhi,110062,199,225,11.6,1
2026-06-01-0900,2026-06-01,amazon-now,jivo-cooking-edible-soyabean-oil-1-litre-1l,Delhi,110065,199,225,11.6,1
2026-06-01-0900,2026-06-01,amazon-now,jivo-cooking-edible-soyabean-oil-1-litre-1l,Delhi,110067,199,225,11.6,1
2026-06-01-0900,2026-06-01,amazon-now,jivo-cooking-edible-soyabean-oil-1-litre-1l,Delhi,110070,199,225,11.6,1
2026-06-01-0900,2026-06-01,amazon-now,jivo-cooking-edible-soyabean-oil-1-litre-1l,Delhi,110076,199,225,11.6,1
2026-06-01-0900,2026-06-01,amazon-now,jivo-cooking-edible-soyabean-oil-1-litre-1l,Gurgaon,122001,199,225,11.6,1
2026-06-01-0900,2026-06-01,amazon-now,jivo-cooking-edible-soyabean-oil-1-litre-1l,Gurgaon,122010,199,225,11.6,1
2026-06-01-0900,2026-06-01,amazon-now,jivo-cooking-edible-soyabean-oil-1-litre-1l,Kolkata,700001,199,225,11.6,1
2026-06-01-0900,2026-06-01,amazon-now,jivo-cooking-edible-soyabean-oil-1-litre-1l,Kolkata,700015,199,225,11.6,1
2026-06-01-0900,2026-06-01,amazon-now,jivo-cooking-edible-soyabean-oil-1-litre-1l,Kolkata,700019,199,225,11.6,1
2026-06-01-0900,2026-06-01,amazon-now,jivo-cooking-edible-soyabean-oil-1-litre-1l,Kolkata,700069,199,225,11.6,1
2026-06-01-0900,2026-06-01,amazon-now,jivo-cooking-edible-soyabean-oil-1-litre-1l,Kolkata,700107,199,225,11.6,1
2026-06-01-0900,2026-06-01,amazon-now,jivo-cooking-oil-canola-oil-1l-bottle-1l,Delhi,110008,290,375,22.7,1
2026-06-01-0900,2026-06-01,amazon-now,jivo-cooking-oil-canola-oil-1l-bottle-1l,Delhi,110010,290,375,22.7,1
2026-06-01-0900,2026-06-01,amazon-now,jivo-cooking-oil-canola-oil-1l-bottle-1l,Delhi,110015,290,375,22.7,1
2026-06-01-0900,2026-06-01,amazon-now,jivo-cooking-oil-canola-oil-1l-bottle-1l,Delhi,110026,290,375,22.7,1
2026-06-01-0900,2026-06-01,amazon-now,jivo-cooking-oil-canola-oil-1l-bottle-1l,Delhi,110032,290,375,22.7,1
2026-06-01-0900,2026-06-01,amazon-now,jivo-cooking-oil-canola-oil-1l-bottle-1l,Delhi,110042,290,375,22.7,1
2026-06-01-0900,2026-06-01,amazon-now,jivo-cooking-oil-canola-oil-1l-bottle-1l,Delhi,110046,290,375,22.7,1
2026-06-01-0900,2026-06-01,amazon-now,jivo-cooking-oil-canola-oil-1l-bottle-1l,Delhi,110051,290,375,22.7,1
2026-06-01-0900,2026-06-01,amazon-now,jivo-cooking-oil-canola-oil-1l-bottle-1l,Delhi,110075,290,375,22.7,1
2026-06-01-0900,2026-06-01,amazon-now,jivo-cooking-oil-canola-oil-1l-bottle-1l,Delhi,110082,290,375,22.7,1
2026-06-01-0900,2026-06-01,amazon-now,jivo-cooking-oil-canola-oil-1l-bottle-1l,Delhi,110083,290,375,22.7,1
2026-06-01-0900,2026-06-01,amazon-now,jivo-cooking-oil-canola-oil-1l-bottle-1l,Delhi,110085,290,375,22.7,1
2026-06-01-0900,2026-06-01,amazon-now,jivo-cooking-oil-canola-oil-1l-bottle-1l,Delhi,110092,290,375,22.7,1
2026-06-01-0900,2026-06-01,amazon-now,jivo-cooking-oil-canola-oil-1l-bottle-1l,Delhi,110095,290,375,22.7,1
2026-06-01-0900,2026-06-01,amazon-now,jivo-cooking-oil-canola-oil-1l-bottle-1l,Faridabad,121001,290,375,22.7,1
2026-06-01-0900,2026-06-01,amazon-now,jivo-cooking-oil-canola-oil-1l-bottle-1l,Faridabad,121002,290,375,22.7,1
2026-06-01-0900,2026-06-01,amazon-now,jivo-cooking-oil-canola-oil-1l-bottle-1l,Faridabad,121003,290,375,22.7,1
2026-06-01-0900,2026-06-01,amazon-now,jivo-cooking-oil-canola-oil-1l-bottle-1l,Gurgaon,122004,290,375,22.7,1
2026-06-01-0900,2026-06-01,amazon-now,jivo-cooking-oil-canola-oil-1l-bottle-1l,Gurgaon,122101,290,375,22.7,1
2026-06-01-0900,2026-06-01,amazon-now,jivo-cooking-oil-canola-oil-1l-bottle-1l,Ghaziabad,201001,290,375,22.7,1
2026-06-01-0900,2026-06-01,amazon-now,jivo-cooking-oil-canola-oil-1l-bottle-1l,Ghaziabad,201002,290,375,22.7,1
2026-06-01-0900,2026-06-01,amazon-now,jivo-cooking-oil-canola-oil-1l-bottle-1l,Ghaziabad,201005,290,375,22.7,1
2026-06-01-0900,2026-06-01,amazon-now,jivo-cooking-oil-canola-oil-1l-bottle-1l,Ghaziabad,201009,287,375,23.5,1
2026-06-01-0900,2026-06-01,amazon-now,jivo-cooking-oil-canola-oil-1l-bottle-1l,Noida,201304,290,375,22.7,1
2026-06-01-0900,2026-06-01,amazon-now,jivo-cooking-oil-canola-oil-1l-bottle-1l,Noida,201305,290,375,22.7,1
2026-06-01-0900,2026-06-01,amazon-now,jivo-cooking-oil-canola-oil-1l-bottle-1l,Noida,201306,290,375,22.7,1
2026-06-01-0900,2026-06-01,amazon-now,jivo-cooking-oil-canola-oil-1l-bottle-1l,Noida,201307,290,375,22.7,1
2026-06-01-0900,2026-06-01,amazon-now,jivo-cooking-oil-canola-oil-1l-bottle-1l,Noida,201309,290,375,22.7,1
2026-06-01-0900,2026-06-01,amazon-now,jivo-cooking-oil-canola-oil-1l-bottle-1l,Noida,201310,290,375,22.7,1
2026-06-01-0900,2026-06-01,amazon-now,jivo-cooking-oil-canola-oil-1l-bottle-1l,Jaipur,302015,290,375,22.7,1
2026-06-01-0900,2026-06-01,amazon-now,jivo-cooking-oil-canola-oil-1l-bottle-1l,Jaipur,302017,290,375,22.7,1
2026-06-01-0900,2026-06-01,amazon-now,jivo-cooking-oil-canola-oil-1l-bottle-1l,Jaipur,302018,290,375,22.7,1
2026-06-01-0900,2026-06-01,amazon-now,jivo-cooking-oil-canola-oil-1l-bottle-1l,Jaipur,302020,290,375,22.7,1
2026-06-01-0900,2026-06-01,amazon-now,jivo-cooking-oil-canola-oil-1l-bottle-1l,Jaipur,302033,290,375,22.7,1
2026-06-01-0900,2026-06-01,amazon-now,jivo-cooking-oil-canola-oil-1l-bottle-1l,Kolkata,700089,290,375,22.7,1
2026-06-01-0900,2026-06-01,amazon-now,jivo-daily-cooking-pomace-olive-oil-1-litre-1l,Delhi,110001,405,1049,61.4,1
2026-06-01-0900,2026-06-01,amazon-now,jivo-daily-cooking-pomace-olive-oil-1-litre-1l,Delhi,110002,405,1049,61.4,1
2026-06-01-0900,2026-06-01,amazon-now,jivo-daily-cooking-pomace-olive-oil-1-litre-1l,Delhi,110003,405,1049,61.4,1
2026-06-01-0900,2026-06-01,amazon-now,jivo-daily-cooking-pomace-olive-oil-1-litre-1l,Delhi,110004,405,1049,61.4,1
2026-06-01-0900,2026-06-01,amazon-now,jivo-daily-cooking-pomace-olive-oil-1-litre-1l,Delhi,110006,405,1049,61.4,1
2026-06-01-0900,2026-06-01,amazon-now,jivo-daily-cooking-pomace-olive-oil-1-litre-1l,Delhi,110007,405,1049,61.4,1
2026-06-01-0900,2026-06-01,amazon-now,jivo-daily-cooking-pomace-olive-oil-1-litre-1l,Delhi,110009,405,1049,61.4,1
2026-06-01-0900,2026-06-01,amazon-now,jivo-daily-cooking-pomace-olive-oil-1-litre-1l,Delhi,110013,405,1049,61.4,1
2026-06-01-0900,2026-06-01,amazon-now,jivo-daily-cooking-pomace-olive-oil-1-litre-1l,Delhi,110014,405,1049,61.4,1
2026-06-01-0900,2026-06-01,amazon-now,jivo-daily-cooking-pomace-olive-oil-1-litre-1l,Delhi,110016,405,1049,61.4,1
2026-06-01-0900,2026-06-01,amazon-now,jivo-daily-cooking-pomace-olive-oil-1-litre-1l,Delhi,110017,405,1049,61.4,1
2026-06-01-0900,2026-06-01,amazon-now,jivo-daily-cooking-pomace-olive-oil-1-litre-1l,Delhi,110018,405,1049,61.4,1
2026-06-01-0900,2026-06-01,amazon-now,jivo-daily-cooking-pomace-olive-oil-1-litre-1l,Delhi,110021,405,1049,61.4,1
2026-06-01-0900,2026-06-01,amazon-now,jivo-daily-cooking-pomace-olive-oil-1-litre-1l,Delhi,110024,405,1049,61.4,1
2026-06-01-0900,2026-06-01,amazon-now,jivo-daily-cooking-pomace-olive-oil-1-litre-1l,Delhi,110025,405,1049,61.4,1
2026-06-01-0900,2026-06-01,amazon-now,jivo-daily-cooking-pomace-olive-oil-1-litre-1l,Delhi,110031,405,1049,61.4,1
2026-06-01-0900,2026-06-01,amazon-now,jivo-daily-cooking-pomace-olive-oil-1-litre-1l,Delhi,110033,405,1049,61.4,1
2026-06-01-0900,2026-06-01,amazon-now,jivo-daily-cooking-pomace-olive-oil-1-litre-1l,Delhi,110035,405,1049,61.4,1
2026-06-01-0900,2026-06-01,amazon-now,jivo-daily-cooking-pomace-olive-oil-1-litre-1l,Delhi,110036,405,1049,61.4,1
2026-06-01-0900,2026-06-01,amazon-now,jivo-daily-cooking-pomace-olive-oil-1-litre-1l,Delhi,110037,405,1049,61.4,1
2026-06-01-0900,2026-06-01,amazon-now,jivo-daily-cooking-pomace-olive-oil-1-litre-1l,Delhi,110039,405,1049,61.4,1
2026-06-01-0900,2026-06-01,amazon-now,jivo-daily-cooking-pomace-olive-oil-1-litre-1l,Delhi,110040,405,1049,61.4,1
2026-06-01-0900,2026-06-01,amazon-now,jivo-daily-cooking-pomace-olive-oil-1-litre-1l,Delhi,110041,405,1049,61.4,1
2026-06-01-0900,2026-06-01,amazon-now,jivo-daily-cooking-pomace-olive-oil-1-litre-1l,Delhi,110044,405,1049,61.4,1
2026-06-01-0900,2026-06-01,amazon-now,jivo-daily-cooking-pomace-olive-oil-1-litre-1l,Delhi,110048,405,1049,61.4,1
2026-06-01-0900,2026-06-01,amazon-now,jivo-daily-cooking-pomace-olive-oil-1-litre-1l,Delhi,110052,405,1049,61.4,1
2026-06-01-0900,2026-06-01,amazon-now,jivo-daily-cooking-pomace-olive-oil-1-litre-1l,Delhi,110053,405,1049,61.4,1
2026-06-01-0900,2026-06-01,amazon-now,jivo-daily-cooking-pomace-olive-oil-1-litre-1l,Delhi,110054,405,1049,61.4,1
2026-06-01-0900,2026-06-01,amazon-now,jivo-daily-cooking-pomace-olive-oil-1-litre-1l,Delhi,110055,405,1049,61.4,1
2026-06-01-0900,2026-06-01,amazon-now,jivo-daily-cooking-pomace-olive-oil-1-litre-1l,Delhi,110061,405,1049,61.4,1
2026-06-01-0900,2026-06-01,amazon-now,jivo-daily-cooking-pomace-olive-oil-1-litre-1l,Delhi,110062,405,1049,61.4,1
2026-06-01-0900,2026-06-01,amazon-now,jivo-daily-cooking-pomace-olive-oil-1-litre-1l,Delhi,110065,405,1049,61.4,1
2026-06-01-0900,2026-06-01,amazon-now,jivo-daily-cooking-pomace-olive-oil-1-litre-1l,Delhi,110067,405,1049,61.4,1
2026-06-01-0900,2026-06-01,amazon-now,jivo-daily-cooking-pomace-olive-oil-1-litre-1l,Delhi,110070,405,1049,61.4,1
2026-06-01-0900,2026-06-01,amazon-now,jivo-daily-cooking-pomace-olive-oil-1-litre-1l,Delhi,110076,405,1049,61.4,1
2026-06-01-0900,2026-06-01,amazon-now,jivo-daily-cooking-pomace-olive-oil-1-litre-1l,Delhi,110081,405,1049,61.4,1
2026-06-01-0900,2026-06-01,amazon-now,jivo-daily-cooking-pomace-olive-oil-1-litre-1l,Delhi,110084,405,1049,61.4,1
2026-06-01-0900,2026-06-01,amazon-now,jivo-daily-cooking-pomace-olive-oil-1-litre-1l,Delhi,110088,405,1049,61.4,1
2026-06-01-0900,2026-06-01,amazon-now,jivo-daily-cooking-pomace-olive-oil-1-litre-1l,Delhi,110091,405,1049,61.4,1
2026-06-01-0900,2026-06-01,amazon-now,jivo-daily-cooking-pomace-olive-oil-1-litre-1l,Faridabad,121004,405,1049,61.4,1
2026-06-01-0900,2026-06-01,amazon-now,jivo-daily-cooking-pomace-olive-oil-1-litre-1l,Faridabad,121011,405,1049,61.4,1
2026-06-01-0900,2026-06-01,amazon-now,jivo-daily-cooking-pomace-olive-oil-1-litre-1l,Faridabad,121101,405,1049,61.4,1
2026-06-01-0900,2026-06-01,amazon-now,jivo-daily-cooking-pomace-olive-oil-1-litre-1l,Gurgaon,121104,405,1049,61.4,1
2026-06-01-0900,2026-06-01,amazon-now,jivo-daily-cooking-pomace-olive-oil-1-litre-1l,Gurgaon,122001,405,1049,61.4,1
2026-06-01-0900,2026-06-01,amazon-now,jivo-daily-cooking-pomace-olive-oil-1-litre-1l,Gurgaon,122010,405,1049,61.4,1
2026-06-01-0900,2026-06-01,amazon-now,jivo-daily-cooking-pomace-olive-oil-1-litre-1l,Gurgaon,122051,405,1049,61.4,1
2026-06-01-0900,2026-06-01,amazon-now,jivo-daily-cooking-pomace-olive-oil-1-litre-1l,Gurgaon,122105,405,1049,61.4,1
2026-06-01-0900,2026-06-01,amazon-now,jivo-daily-cooking-pomace-olive-oil-1-litre-1l,Gurgaon,122106,405,1049,61.4,1
2026-06-01-0900,2026-06-01,amazon-now,jivo-daily-cooking-pomace-olive-oil-1-litre-1l,Gurgaon,123003,405,1049,61.4,1
2026-06-01-0900,2026-06-01,amazon-now,jivo-daily-cooking-pomace-olive-oil-1-litre-1l,Gurgaon,123413,405,1049,61.4,1
2026-06-01-0900,2026-06-01,amazon-now,jivo-daily-cooking-pomace-olive-oil-1-litre-1l,Gurgaon,123502,405,1049,61.4,1
2026-06-01-0900,2026-06-01,amazon-now,jivo-daily-cooking-pomace-olive-oil-1-litre-1l,Gurgaon,123505,405,1049,61.4,1
2026-06-01-0900,2026-06-01,amazon-now,jivo-daily-cooking-pomace-olive-oil-1-litre-1l,Ludhiana,141007,405,1049,61.4,1
2026-06-01-0900,2026-06-01,amazon-now,jivo-daily-cooking-pomace-olive-oil-1-litre-1l,Ludhiana,141106,405,1049,61.4,1
2026-06-01-0900,2026-06-01,amazon-now,jivo-daily-cooking-pomace-olive-oil-1-litre-1l,Ludhiana,141107,405,1049,61.4,1
2026-06-01-0900,2026-06-01,amazon-now,jivo-daily-cooking-pomace-olive-oil-1-litre-1l,Ludhiana,141108,405,1049,61.4,1
2026-06-01-0900,2026-06-01,amazon-now,jivo-daily-cooking-pomace-olive-oil-1-litre-1l,Ludhiana,141125,405,1049,61.4,1
2026-06-01-0900,2026-06-01,amazon-now,jivo-daily-cooking-pomace-olive-oil-1-litre-1l,Ludhiana,141126,405,1049,61.4,1
2026-06-01-0900,2026-06-01,amazon-now,jivo-daily-cooking-pomace-olive-oil-1-litre-1l,Ludhiana,141202,405,1049,61.4,1
2026-06-01-0900,2026-06-01,amazon-now,jivo-daily-cooking-pomace-olive-oil-1-litre-1l,Ludhiana,141204,405,1049,61.4,1
2026-06-01-0900,2026-06-01,amazon-now,jivo-daily-cooking-pomace-olive-oil-1-litre-1l,Ludhiana,141206,405,1049,61.4,1
2026-06-01-0900,2026-06-01,amazon-now,jivo-daily-cooking-pomace-olive-oil-1-litre-1l,Ludhiana,141412,405,1049,61.4,1
2026-06-01-0900,2026-06-01,amazon-now,jivo-daily-cooking-pomace-olive-oil-1-litre-1l,Ludhiana,141413,405,1049,61.4,1
2026-06-01-0900,2026-06-01,amazon-now,jivo-daily-cooking-pomace-olive-oil-1-litre-1l,Ludhiana,141414,405,1049,61.4,1
2026-06-01-0900,2026-06-01,amazon-now,jivo-daily-cooking-pomace-olive-oil-1-litre-1l,Ludhiana,141415,405,1049,61.4,1
2026-06-01-0900,2026-06-01,amazon-now,jivo-daily-cooking-pomace-olive-oil-1-litre-1l,Ludhiana,141417,405,1049,61.4,1
2026-06-01-0900,2026-06-01,amazon-now,jivo-daily-cooking-pomace-olive-oil-1-litre-1l,Ludhiana,141419,405,1049,61.4,1
2026-06-01-0900,2026-06-01,amazon-now,jivo-daily-cooking-pomace-olive-oil-1-litre-1l,Ludhiana,142023,405,1049,61.4,1
2026-06-01-0900,2026-06-01,amazon-now,jivo-daily-cooking-pomace-olive-oil-1-litre-1l,Ludhiana,142024,405,1049,61.4,1
2026-06-01-0900,2026-06-01,amazon-now,jivo-daily-cooking-pomace-olive-oil-1-litre-1l,Ludhiana,142026,405,1049,61.4,1
2026-06-01-0900,2026-06-01,amazon-now,jivo-daily-cooking-pomace-olive-oil-1-litre-1l,Ludhiana,142029,405,1049,61.4,1
2026-06-01-0900,2026-06-01,amazon-now,jivo-daily-cooking-pomace-olive-oil-1-litre-1l,Ludhiana,142030,405,1049,61.4,1
2026-06-01-0900,2026-06-01,amazon-now,jivo-daily-cooking-pomace-olive-oil-1-litre-1l,Ludhiana,142031,405,1049,61.4,1
2026-06-01-0900,2026-06-01,amazon-now,jivo-daily-cooking-pomace-olive-oil-1-litre-1l,Ludhiana,142032,405,1049,61.4,1
2026-06-01-0900,2026-06-01,amazon-now,jivo-daily-cooking-pomace-olive-oil-1-litre-1l,Ludhiana,142035,405,1049,61.4,1
2026-06-01-0900,2026-06-01,amazon-now,jivo-daily-cooking-pomace-olive-oil-1-litre-1l,Ludhiana,142036,405,1049,61.4,1
2026-06-01-0900,2026-06-01,amazon-now,jivo-daily-cooking-pomace-olive-oil-1-litre-1l,Chandigarh,160021,405,1049,61.4,1
2026-06-01-0900,2026-06-01,amazon-now,jivo-daily-cooking-pomace-olive-oil-1-litre-1l,Ghaziabad,201003,405,1049,61.4,1
2026-06-01-0900,2026-06-01,amazon-now,jivo-daily-cooking-pomace-olive-oil-1-litre-1l,Noida,201008,405,1049,61.4,1
2026-06-01-0900,2026-06-01,amazon-now,jivo-daily-cooking-pomace-olive-oil-1-litre-1l,Ghaziabad,201201,405,1049,61.4,1
2026-06-01-0900,2026-06-01,amazon-now,jivo-daily-cooking-pomace-olive-oil-1-litre-1l,Ghaziabad,201204,405,1049,61.4,1
2026-06-01-0900,2026-06-01,amazon-now,jivo-daily-cooking-pomace-olive-oil-1-litre-1l,Ghaziabad,201302,405,1049,61.4,1
2026-06-01-0900,2026-06-01,amazon-now,jivo-daily-cooking-pomace-olive-oil-1-litre-1l,Noida,203207,405,1049,61.4,1
2026-06-01-0900,2026-06-01,amazon-now,jivo-daily-cooking-pomace-olive-oil-1-litre-1l,Ghaziabad,245304,405,1049,61.4,1
2026-06-01-0900,2026-06-01,amazon-now,jivo-daily-cooking-pomace-olive-oil-1-litre-1l,Jaipur,302011,405,1049,61.4,1
2026-06-01-0900,2026-06-01,amazon-now,jivo-daily-cooking-pomace-olive-oil-1-litre-1l,Jaipur,302022,405,1049,61.4,1
2026-06-01-0900,2026-06-01,amazon-now,jivo-daily-cooking-pomace-olive-oil-1-litre-1l,Jaipur,302025,405,1049,61.4,1
2026-06-01-0900,2026-06-01,amazon-now,jivo-daily-cooking-pomace-olive-oil-1-litre-1l,Jaipur,302026,405,1049,61.4,1
2026-06-01-0900,2026-06-01,amazon-now,jivo-daily-cooking-pomace-olive-oil-1-litre-1l,Jaipur,302028,405,1049,61.4,1
2026-06-01-0900,2026-06-01,amazon-now,jivo-daily-cooking-pomace-olive-oil-1-litre-1l,Jaipur,302029,405,1049,61.4,1
2026-06-01-0900,2026-06-01,amazon-now,jivo-daily-cooking-pomace-olive-oil-1-litre-1l,Jaipur,303001,405,1049,61.4,1
2026-06-01-0900,2026-06-01,amazon-now,jivo-daily-cooking-pomace-olive-oil-1-litre-1l,Jaipur,303002,405,1049,61.4,1
2026-06-01-0900,2026-06-01,amazon-now,jivo-daily-cooking-pomace-olive-oil-1-litre-1l,Jaipur,303003,405,1049,61.4,1
2026-06-01-0900,2026-06-01,amazon-now,jivo-daily-cooking-pomace-olive-oil-1-litre-1l,Jaipur,303006,405,1049,61.4,1
2026-06-01-0900,2026-06-01,amazon-now,jivo-daily-cooking-pomace-olive-oil-1-litre-1l,Jaipur,303009,405,1049,61.4,1
2026-06-01-0900,2026-06-01,amazon-now,jivo-daily-cooking-pomace-olive-oil-1-litre-1l,Jaipur,303012,405,1049,61.4,1
2026-06-01-0900,2026-06-01,amazon-now,jivo-daily-cooking-pomace-olive-oil-1-litre-1l,Jaipur,303103,405,1049,61.4,1
2026-06-01-0900,2026-06-01,amazon-now,jivo-daily-cooking-pomace-olive-oil-1-litre-1l,Jaipur,303105,405,1049,61.4,1
2026-06-01-0900,2026-06-01,amazon-now,jivo-daily-cooking-pomace-olive-oil-1-litre-1l,Jaipur,303107,405,1049,61.4,1
2026-06-01-0900,2026-06-01,amazon-now,jivo-daily-cooking-pomace-olive-oil-1-litre-1l,Jaipur,303108,405,1049,61.4,1
2026-06-01-0900,2026-06-01,amazon-now,jivo-daily-cooking-pomace-olive-oil-1-litre-1l,Jaipur,303109,405,1049,61.4,1
2026-06-01-0900,2026-06-01,amazon-now,jivo-daily-cooking-pomace-olive-oil-1-litre-1l,Jaipur,303110,405,1049,61.4,1
2026-06-01-0900,2026-06-01,amazon-now,jivo-daily-cooking-pomace-olive-oil-1-litre-1l,Jaipur,303120,405,1049,61.4,1
2026-06-01-0900,2026-06-01,amazon-now,jivo-daily-cooking-pomace-olive-oil-1-litre-1l,Jaipur,303328,405,1049,61.4,1
2026-06-01-0900,2026-06-01,amazon-now,jivo-daily-cooking-pomace-olive-oil-1-litre-1l,Jaipur,303329,405,1049,61.4,1
2026-06-01-0900,2026-06-01,amazon-now,jivo-daily-cooking-pomace-olive-oil-1-litre-1l,Jaipur,303348,405,1049,61.4,1
2026-06-01-0900,2026-06-01,amazon-now,jivo-daily-cooking-pomace-olive-oil-1-litre-1l,Jaipur,303602,405,1049,61.4,1
2026-06-01-0900,2026-06-01,amazon-now,jivo-daily-cooking-pomace-olive-oil-1-litre-1l,Jaipur,303604,405,1049,61.4,1
2026-06-01-0900,2026-06-01,amazon-now,jivo-daily-cooking-pomace-olive-oil-1-litre-1l,Jaipur,303701,405,1049,61.4,1
2026-06-01-0900,2026-06-01,amazon-now,jivo-daily-cooking-pomace-olive-oil-1-litre-1l,Jaipur,303706,405,1049,61.4,1
2026-06-01-0900,2026-06-01,amazon-now,jivo-daily-cooking-pomace-olive-oil-1-litre-1l,Jaipur,303712,405,1049,61.4,1
2026-06-01-0900,2026-06-01,amazon-now,jivo-daily-cooking-pomace-olive-oil-1-litre-1l,Jaipur,303802,405,1049,61.4,1
2026-06-01-0900,2026-06-01,amazon-now,jivo-daily-cooking-pomace-olive-oil-1-litre-1l,Jaipur,303803,405,1049,61.4,1
2026-06-01-0900,2026-06-01,amazon-now,jivo-daily-cooking-pomace-olive-oil-1-litre-1l,Jaipur,303804,405,1049,61.4,1
2026-06-01-0900,2026-06-01,amazon-now,jivo-daily-cooking-pomace-olive-oil-1-litre-1l,Jaipur,303806,405,1049,61.4,1
2026-06-01-0900,2026-06-01,amazon-now,jivo-daily-cooking-pomace-olive-oil-1-litre-1l,Jaipur,303807,405,1049,61.4,1
2026-06-01-0900,2026-06-01,amazon-now,jivo-daily-cooking-pomace-olive-oil-1-litre-1l,Jaipur,303901,405,1049,61.4,1
2026-06-01-0900,2026-06-01,amazon-now,jivo-daily-cooking-pomace-olive-oil-1-litre-1l,Jaipur,303905,405,1049,61.4,1
2026-06-01-0900,2026-06-01,amazon-now,jivo-daily-cooking-pomace-olive-oil-1-litre-1l,Jaipur,303908,405,1049,61.4,1
2026-06-01-0900,2026-06-01,amazon-now,jivo-daily-cooking-pomace-olive-oil-1-litre-1l,Surat,394160,405,1049,61.4,1
2026-06-01-0900,2026-06-01,amazon-now,jivo-daily-cooking-pomace-olive-oil-1-litre-1l,Surat,394185,405,1049,61.4,1
2026-06-01-0900,2026-06-01,amazon-now,jivo-daily-cooking-pomace-olive-oil-1-litre-1l,Surat,394410,405,1049,61.4,1
2026-06-01-0900,2026-06-01,amazon-now,jivo-daily-cooking-pomace-olive-oil-1-litre-1l,Surat,394510,405,1049,61.4,1
2026-06-01-0900,2026-06-01,amazon-now,jivo-daily-cooking-pomace-olive-oil-1-litre-1l,Surat,394540,405,1049,61.4,1
2026-06-01-0900,2026-06-01,amazon-now,jivo-daily-cooking-pomace-olive-oil-1-litre-1l,Mumbai,400001,429,1049,59.1,1
2026-06-01-0900,2026-06-01,amazon-now,jivo-daily-cooking-pomace-olive-oil-1-litre-1l,Mumbai,400003,429,1049,59.1,1
2026-06-01-0900,2026-06-01,amazon-now,jivo-daily-cooking-pomace-olive-oil-1-litre-1l,Mumbai,400004,429,1049,59.1,1
2026-06-01-0900,2026-06-01,amazon-now,jivo-daily-cooking-pomace-olive-oil-1-litre-1l,Mumbai,400005,429,1049,59.1,1
2026-06-01-0900,2026-06-01,amazon-now,jivo-daily-cooking-pomace-olive-oil-1-litre-1l,Mumbai,400006,429,1049,59.1,1
2026-06-01-0900,2026-06-01,amazon-now,jivo-daily-cooking-pomace-olive-oil-1-litre-1l,Mumbai,400007,429,1049,59.1,1
2026-06-01-0900,2026-06-01,amazon-now,jivo-daily-cooking-pomace-olive-oil-1-litre-1l,Mumbai,400010,429,1049,59.1,1
2026-06-01-0900,2026-06-01,amazon-now,jivo-daily-cooking-pomace-olive-oil-1-litre-1l,Mumbai,400011,429,1049,59.1,1
2026-06-01-0900,2026-06-01,amazon-now,jivo-daily-cooking-pomace-olive-oil-1-litre-1l,Mumbai,400012,429,1049,59.1,1
2026-06-01-0900,2026-06-01,amazon-now,jivo-daily-cooking-pomace-olive-oil-1-litre-1l,Mumbai,400013,429,1049,59.1,1
2026-06-01-0900,2026-06-01,amazon-now,jivo-daily-cooking-pomace-olive-oil-1-litre-1l,Mumbai,400015,429,1049,59.1,1
2026-06-01-0900,2026-06-01,amazon-now,jivo-daily-cooking-pomace-olive-oil-1-litre-1l,Mumbai,400017,429,1049,59.1,1
2026-06-01-0900,2026-06-01,amazon-now,jivo-daily-cooking-pomace-olive-oil-1-litre-1l,Mumbai,400018,429,1049,59.1,1
2026-06-01-0900,2026-06-01,amazon-now,jivo-daily-cooking-pomace-olive-oil-1-litre-1l,Mumbai,400019,429,1049,59.1,1
2026-06-01-0900,2026-06-01,amazon-now,jivo-daily-cooking-pomace-olive-oil-1-litre-1l,Mumbai,400020,429,1049,59.1,1
2026-06-01-0900,2026-06-01,amazon-now,jivo-daily-cooking-pomace-olive-oil-1-litre-1l,Mumbai,400021,429,1049,59.1,1
2026-06-01-0900,2026-06-01,amazon-now,jivo-daily-cooking-pomace-olive-oil-1-litre-1l,Mumbai,400023,379,1049,63.9,1
2026-06-01-0900,2026-06-01,amazon-now,jivo-daily-cooking-pomace-olive-oil-1-litre-1l,Mumbai,400025,429,1049,59.1,1
2026-06-01-0900,2026-06-01,amazon-now,jivo-daily-cooking-pomace-olive-oil-1-litre-1l,Mumbai,400026,429,1049,59.1,1
2026-06-01-0900,2026-06-01,amazon-now,jivo-daily-cooking-pomace-olive-oil-1-litre-1l,Mumbai,400030,429,1049,59.1,1
2026-06-01-0900,2026-06-01,amazon-now,jivo-daily-cooking-pomace-olive-oil-1-litre-1l,Mumbai,400033,429,1049,59.1,1
2026-06-01-0900,2026-06-01,amazon-now,jivo-daily-cooking-pomace-olive-oil-1-litre-1l,Mumbai,400041,429,1049,59.1,1
2026-06-01-0900,2026-06-01,amazon-now,jivo-daily-cooking-pomace-olive-oil-1-litre-1l,Mumbai,400073,379,1049,63.9,1
2026-06-01-0900,2026-06-01,amazon-now,jivo-daily-cooking-pomace-olive-oil-1-litre-1l,Mumbai,400090,1049,,,1
2026-06-01-0900,2026-06-01,amazon-now,jivo-daily-cooking-pomace-olive-oil-1-litre-1l,Mumbai,400601,379,1049,63.9,1
2026-06-01-0900,2026-06-01,amazon-now,jivo-daily-cooking-pomace-olive-oil-1-litre-1l,Mumbai,400611,379,1049,63.9,1
2026-06-01-0900,2026-06-01,amazon-now,jivo-daily-cooking-pomace-olive-oil-1-litre-1l,Mumbai,400701,379,1049,63.9,1
2026-06-01-0900,2026-06-01,amazon-now,jivo-daily-cooking-pomace-olive-oil-1-litre-1l,Mumbai,400702,379,1049,63.9,1
2026-06-01-0900,2026-06-01,amazon-now,jivo-daily-cooking-pomace-olive-oil-1-litre-1l,Mumbai,400703,379,1049,63.9,1
2026-06-01-0900,2026-06-01,amazon-now,jivo-daily-cooking-pomace-olive-oil-1-litre-1l,Mumbai,400707,379,1049,63.9,1
2026-06-01-0900,2026-06-01,amazon-now,jivo-daily-cooking-pomace-olive-oil-1-litre-1l,Pune,410506,379,1049,63.9,1
2026-06-01-0900,2026-06-01,amazon-now,jivo-daily-cooking-pomace-olive-oil-1-litre-1l,Pune,411001,405,1049,61.4,1
2026-06-01-0900,2026-06-01,amazon-now,jivo-daily-cooking-pomace-olive-oil-1-litre-1l,Pune,411004,405,1049,61.4,1
2026-06-01-0900,2026-06-01,amazon-now,jivo-daily-cooking-pomace-olive-oil-1-litre-1l,Pune,411005,405,1049,61.4,1
2026-06-01-0900,2026-06-01,amazon-now,jivo-daily-cooking-pomace-olive-oil-1-litre-1l,Pune,411006,405,1049,61.4,1
2026-06-01-0900,2026-06-01,amazon-now,jivo-daily-cooking-pomace-olive-oil-1-litre-1l,Pune,411011,405,1049,61.4,1
2026-06-01-0900,2026-06-01,amazon-now,jivo-daily-cooking-pomace-olive-oil-1-litre-1l,Pune,411014,405,1049,61.4,1
2026-06-01-0900,2026-06-01,amazon-now,jivo-daily-cooking-pomace-olive-oil-1-litre-1l,Pune,411015,405,1049,61.4,1
2026-06-01-0900,2026-06-01,amazon-now,jivo-daily-cooking-pomace-olive-oil-1-litre-1l,Pune,411028,405,1049,61.4,1
2026-06-01-0900,2026-06-01,amazon-now,jivo-daily-cooking-pomace-olive-oil-1-litre-1l,Pune,411030,405,1049,61.4,1
2026-06-01-0900,2026-06-01,amazon-now,jivo-daily-cooking-pomace-olive-oil-1-litre-1l,Pune,411036,405,1049,61.4,1
2026-06-01-0900,2026-06-01,amazon-now,jivo-daily-cooking-pomace-olive-oil-1-litre-1l,Pune,411040,405,1049,61.4,1
2026-06-01-0900,2026-06-01,amazon-now,jivo-daily-cooking-pomace-olive-oil-1-litre-1l,Pune,411047,405,1049,61.4,1
2026-06-01-0900,2026-06-01,amazon-now,jivo-daily-cooking-pomace-olive-oil-1-litre-1l,Pune,411051,405,1049,61.4,1
2026-06-01-0900,2026-06-01,amazon-now,jivo-daily-cooking-pomace-olive-oil-1-litre-1l,Pune,412101,379,1049,63.9,1
2026-06-01-0900,2026-06-01,amazon-now,jivo-daily-cooking-pomace-olive-oil-1-litre-1l,Pune,412103,379,1049,63.9,1
2026-06-01-0900,2026-06-01,amazon-now,jivo-daily-cooking-pomace-olive-oil-1-litre-1l,Pune,412204,379,1049,63.9,1
2026-06-01-0900,2026-06-01,amazon-now,jivo-daily-cooking-pomace-olive-oil-1-litre-1l,Pune,412216,379,1049,63.9,1
2026-06-01-0900,2026-06-01,amazon-now,jivo-daily-cooking-pomace-olive-oil-1-litre-1l,Pune,412304,379,1049,63.9,1
2026-06-01-0900,2026-06-01,amazon-now,jivo-daily-cooking-pomace-olive-oil-1-litre-1l,Pune,412306,379,1049,63.9,1
2026-06-01-0900,2026-06-01,amazon-now,jivo-daily-cooking-pomace-olive-oil-1-litre-1l,Pune,412308,405,1049,61.4,1
2026-06-01-0900,2026-06-01,amazon-now,jivo-daily-cooking-pomace-olive-oil-1-litre-1l,Pune,412403,379,1049,63.9,1
2026-06-01-0900,2026-06-01,amazon-now,jivo-daily-cooking-pomace-olive-oil-1-litre-1l,Pune,412404,379,1049,63.9,1
2026-06-01-0900,2026-06-01,amazon-now,jivo-daily-cooking-pomace-olive-oil-1-litre-1l,Pune,413801,379,1049,63.9,1
2026-06-01-0900,2026-06-01,amazon-now,jivo-daily-cooking-pomace-olive-oil-1-litre-1l,Kolkata,700001,405,1049,61.4,1
2026-06-01-0900,2026-06-01,amazon-now,jivo-daily-cooking-pomace-olive-oil-1-litre-1l,Kolkata,700015,405,1049,61.4,1
2026-06-01-0900,2026-06-01,amazon-now,jivo-daily-cooking-pomace-olive-oil-1-litre-1l,Kolkata,700019,405,1049,61.4,1
2026-06-01-0900,2026-06-01,amazon-now,jivo-daily-cooking-pomace-olive-oil-1-litre-1l,Kolkata,700069,405,1049,61.4,1
2026-06-01-0900,2026-06-01,amazon-now,jivo-daily-cooking-pomace-olive-oil-1-litre-1l,Kolkata,700089,694,1049,33.8,1
2026-06-01-0900,2026-06-01,amazon-now,jivo-daily-cooking-pomace-olive-oil-1-litre-1l,Kolkata,700107,405,1049,61.4,1
2026-06-01-0900,2026-06-01,amazon-now,jivo-everyday-cooking-pomace-olive-oil-2-litre-2l,Delhi,110008,849,1449,41.4,1
2026-06-01-0900,2026-06-01,amazon-now,jivo-everyday-cooking-pomace-olive-oil-2-litre-2l,Delhi,110010,849,1449,41.4,1
2026-06-01-0900,2026-06-01,amazon-now,jivo-everyday-cooking-pomace-olive-oil-2-litre-2l,Delhi,110015,849,1449,41.4,1
2026-06-01-0900,2026-06-01,amazon-now,jivo-everyday-cooking-pomace-olive-oil-2-litre-2l,Delhi,110026,849,1449,41.4,1
2026-06-01-0900,2026-06-01,amazon-now,jivo-everyday-cooking-pomace-olive-oil-2-litre-2l,Delhi,110032,849,1449,41.4,1
2026-06-01-0900,2026-06-01,amazon-now,jivo-everyday-cooking-pomace-olive-oil-2-litre-2l,Delhi,110042,849,1449,41.4,1
2026-06-01-0900,2026-06-01,amazon-now,jivo-everyday-cooking-pomace-olive-oil-2-litre-2l,Delhi,110046,849,1449,41.4,1
2026-06-01-0900,2026-06-01,amazon-now,jivo-everyday-cooking-pomace-olive-oil-2-litre-2l,Delhi,110051,849,1449,41.4,1
2026-06-01-0900,2026-06-01,amazon-now,jivo-everyday-cooking-pomace-olive-oil-2-litre-2l,Delhi,110075,849,1449,41.4,1
2026-06-01-0900,2026-06-01,amazon-now,jivo-everyday-cooking-pomace-olive-oil-2-litre-2l,Delhi,110082,849,1449,41.4,1
2026-06-01-0900,2026-06-01,amazon-now,jivo-everyday-cooking-pomace-olive-oil-2-litre-2l,Delhi,110083,849,1449,41.4,1
2026-06-01-0900,2026-06-01,amazon-now,jivo-everyday-cooking-pomace-olive-oil-2-litre-2l,Delhi,110085,849,1449,41.4,1
2026-06-01-0900,2026-06-01,amazon-now,jivo-everyday-cooking-pomace-olive-oil-2-litre-2l,Delhi,110090,849,1449,41.4,1
2026-06-01-0900,2026-06-01,amazon-now,jivo-everyday-cooking-pomace-olive-oil-2-litre-2l,Delhi,110092,849,1449,41.4,1
2026-06-01-0900,2026-06-01,amazon-now,jivo-everyday-cooking-pomace-olive-oil-2-litre-2l,Delhi,110095,849,1449,41.4,1
2026-06-01-0900,2026-06-01,amazon-now,jivo-everyday-cooking-pomace-olive-oil-2-litre-2l,Faridabad,121001,849,1449,41.4,1
2026-06-01-0900,2026-06-01,amazon-now,jivo-everyday-cooking-pomace-olive-oil-2-litre-2l,Faridabad,121002,849,1449,41.4,1
2026-06-01-0900,2026-06-01,amazon-now,jivo-everyday-cooking-pomace-olive-oil-2-litre-2l,Gurgaon,122004,849,1449,41.4,1
2026-06-01-0900,2026-06-01,amazon-now,jivo-everyday-cooking-pomace-olive-oil-2-litre-2l,Ludhiana,141001,849,1449,41.4,1
2026-06-01-0900,2026-06-01,amazon-now,jivo-everyday-cooking-pomace-olive-oil-2-litre-2l,Ludhiana,141010,849,1449,41.4,1
2026-06-01-0900,2026-06-01,amazon-now,jivo-everyday-cooking-pomace-olive-oil-2-litre-2l,Ludhiana,141014,849,1449,41.4,1
2026-06-01-0900,2026-06-01,amazon-now,jivo-everyday-cooking-pomace-olive-oil-2-litre-2l,Ludhiana,141015,849,1449,41.4,1
2026-06-01-0900,2026-06-01,amazon-now,jivo-everyday-cooking-pomace-olive-oil-2-litre-2l,Ludhiana,141017,849,1449,41.4,1
2026-06-01-0900,2026-06-01,amazon-now,jivo-everyday-cooking-pomace-olive-oil-2-litre-2l,Ludhiana,141101,849,1449,41.4,1
2026-06-01-0900,2026-06-01,amazon-now,jivo-everyday-cooking-pomace-olive-oil-2-litre-2l,Ludhiana,141102,849,1449,41.4,1
2026-06-01-0900,2026-06-01,amazon-now,jivo-everyday-cooking-pomace-olive-oil-2-litre-2l,Ludhiana,141103,849,1449,41.4,1
2026-06-01-0900,2026-06-01,amazon-now,jivo-everyday-cooking-pomace-olive-oil-2-litre-2l,Ludhiana,141109,849,1449,41.4,1
2026-06-01-0900,2026-06-01,amazon-now,jivo-everyday-cooking-pomace-olive-oil-2-litre-2l,Ludhiana,141113,849,1449,41.4,1
2026-06-01-0900,2026-06-01,amazon-now,jivo-everyday-cooking-pomace-olive-oil-2-litre-2l,Ludhiana,141116,849,1449,41.4,1
2026-06-01-0900,2026-06-01,amazon-now,jivo-everyday-cooking-pomace-olive-oil-2-litre-2l,Ludhiana,141122,849,1449,41.4,1
2026-06-01-0900,2026-06-01,amazon-now,jivo-everyday-cooking-pomace-olive-oil-2-litre-2l,Ludhiana,141416,849,1449,41.4,1
2026-06-01-0900,2026-06-01,amazon-now,jivo-everyday-cooking-pomace-olive-oil-2-litre-2l,Ludhiana,141418,849,1449,41.4,1
2026-06-01-0900,2026-06-01,amazon-now,jivo-everyday-cooking-pomace-olive-oil-2-litre-2l,Ludhiana,141421,849,1449,41.4,1
2026-06-01-0900,2026-06-01,amazon-now,jivo-everyday-cooking-pomace-olive-oil-2-litre-2l,Ludhiana,141422,849,1449,41.4,1
2026-06-01-0900,2026-06-01,amazon-now,jivo-everyday-cooking-pomace-olive-oil-2-litre-2l,Ludhiana,142021,849,1449,41.4,1
2026-06-01-0900,2026-06-01,amazon-now,jivo-everyday-cooking-pomace-olive-oil-2-litre-2l,Ludhiana,142022,849,1449,41.4,1
2026-06-01-0900,2026-06-01,amazon-now,jivo-everyday-cooking-pomace-olive-oil-2-litre-2l,Ludhiana,142027,849,1449,41.4,1
2026-06-01-0900,2026-06-01,amazon-now,jivo-everyday-cooking-pomace-olive-oil-2-litre-2l,Ludhiana,142033,849,1449,41.4,1
2026-06-01-0900,2026-06-01,amazon-now,jivo-everyday-cooking-pomace-olive-oil-2-litre-2l,Chandigarh,160001,849,1449,41.4,1
2026-06-01-0900,2026-06-01,amazon-now,jivo-everyday-cooking-pomace-olive-oil-2-litre-2l,Chandigarh,160011,849,1449,41.4,1
2026-06-01-0900,2026-06-01,amazon-now,jivo-everyday-cooking-pomace-olive-oil-2-litre-2l,Chandigarh,160014,849,1449,41.4,1
2026-06-01-0900,2026-06-01,amazon-now,jivo-everyday-cooking-pomace-olive-oil-2-litre-2l,Chandigarh,160030,849,1449,41.4,1
2026-06-01-0900,2026-06-01,amazon-now,jivo-everyday-cooking-pomace-olive-oil-2-litre-2l,Chandigarh,160035,849,1449,41.4,1
2026-06-01-0900,2026-06-01,amazon-now,jivo-everyday-cooking-pomace-olive-oil-2-litre-2l,Chandigarh,160043,849,1449,41.4,1
2026-06-01-0900,2026-06-01,amazon-now,jivo-everyday-cooking-pomace-olive-oil-2-litre-2l,Chandigarh,160055,849,1449,41.4,1
2026-06-01-0900,2026-06-01,amazon-now,jivo-everyday-cooking-pomace-olive-oil-2-litre-2l,Ghaziabad,201002,849,1449,41.4,1
2026-06-01-0900,2026-06-01,amazon-now,jivo-everyday-cooking-pomace-olive-oil-2-litre-2l,Ghaziabad,201005,849,1449,41.4,1
2026-06-01-0900,2026-06-01,amazon-now,jivo-everyday-cooking-pomace-olive-oil-2-litre-2l,Noida,201304,849,1449,41.4,1
2026-06-01-0900,2026-06-01,amazon-now,jivo-everyday-cooking-pomace-olive-oil-2-litre-2l,Noida,201305,849,1449,41.4,1
2026-06-01-0900,2026-06-01,amazon-now,jivo-everyday-cooking-pomace-olive-oil-2-litre-2l,Noida,201309,849,1449,41.4,1
2026-06-01-0900,2026-06-01,amazon-now,jivo-everyday-cooking-pomace-olive-oil-2-litre-2l,Noida,201310,849,1449,41.4,1
2026-06-01-0900,2026-06-01,amazon-now,jivo-everyday-cooking-pomace-olive-oil-2-litre-2l,Jaipur,302001,849,1449,41.4,1
2026-06-01-0900,2026-06-01,amazon-now,jivo-everyday-cooking-pomace-olive-oil-2-litre-2l,Jaipur,302012,849,1449,41.4,1
2026-06-01-0900,2026-06-01,amazon-now,jivo-everyday-cooking-pomace-olive-oil-2-litre-2l,Jaipur,302013,849,1449,41.4,1
2026-06-01-0900,2026-06-01,amazon-now,jivo-everyday-cooking-pomace-olive-oil-2-litre-2l,Jaipur,302015,849,1449,41.4,1
2026-06-01-0900,2026-06-01,amazon-now,jivo-everyday-cooking-pomace-olive-oil-2-litre-2l,Jaipur,302016,849,1449,41.4,1
2026-06-01-0900,2026-06-01,amazon-now,jivo-everyday-cooking-pomace-olive-oil-2-litre-2l,Jaipur,302018,849,1449,41.4,1
2026-06-01-0900,2026-06-01,amazon-now,jivo-everyday-cooking-pomace-olive-oil-2-litre-2l,Jaipur,302020,849,1449,41.4,1
2026-06-01-0900,2026-06-01,amazon-now,jivo-everyday-cooking-pomace-olive-oil-2-litre-2l,Jaipur,302021,849,1449,41.4,1
2026-06-01-0900,2026-06-01,amazon-now,jivo-everyday-cooking-pomace-olive-oil-2-litre-2l,Jaipur,302023,849,1449,41.4,1
2026-06-01-0900,2026-06-01,amazon-now,jivo-everyday-cooking-pomace-olive-oil-2-litre-2l,Jaipur,302024,849,1449,41.4,1
2026-06-01-0900,2026-06-01,amazon-now,jivo-everyday-cooking-pomace-olive-oil-2-litre-2l,Jaipur,302032,849,1449,41.4,1
2026-06-01-0900,2026-06-01,amazon-now,jivo-extra-light-olive-oil-1-litre-1l,Delhi,110001,499,1499,66.7,1
2026-06-01-0900,2026-06-01,amazon-now,jivo-extra-light-olive-oil-1-litre-1l,Delhi,110002,499,1499,66.7,1
2026-06-01-0900,2026-06-01,amazon-now,jivo-extra-light-olive-oil-1-litre-1l,Delhi,110003,599,1499,60,1
2026-06-01-0900,2026-06-01,amazon-now,jivo-extra-light-olive-oil-1-litre-1l,Delhi,110004,499,1499,66.7,1
2026-06-01-0900,2026-06-01,amazon-now,jivo-extra-light-olive-oil-1-litre-1l,Delhi,110006,499,1499,66.7,1
2026-06-01-0900,2026-06-01,amazon-now,jivo-extra-light-olive-oil-1-litre-1l,Delhi,110007,599,1499,60,1
2026-06-01-0900,2026-06-01,amazon-now,jivo-extra-light-olive-oil-1-litre-1l,Delhi,110009,599,1499,60,1
2026-06-01-0900,2026-06-01,amazon-now,jivo-extra-light-olive-oil-1-litre-1l,Delhi,110013,599,1499,60,1
2026-06-01-0900,2026-06-01,amazon-now,jivo-extra-light-olive-oil-1-litre-1l,Delhi,110014,599,1499,60,1
2026-06-01-0900,2026-06-01,amazon-now,jivo-extra-light-olive-oil-1-litre-1l,Delhi,110016,599,1499,60,1
2026-06-01-0900,2026-06-01,amazon-now,jivo-extra-light-olive-oil-1-litre-1l,Delhi,110017,599,1499,60,1
2026-06-01-0900,2026-06-01,amazon-now,jivo-extra-light-olive-oil-1-litre-1l,Delhi,110018,599,1499,60,1
2026-06-01-0900,2026-06-01,amazon-now,jivo-extra-light-olive-oil-1-litre-1l,Delhi,110021,499,1499,66.7,1
2026-06-01-0900,2026-06-01,amazon-now,jivo-extra-light-olive-oil-1-litre-1l,Delhi,110024,599,1499,60,1
2026-06-01-0900,2026-06-01,amazon-now,jivo-extra-light-olive-oil-1-litre-1l,Delhi,110025,599,1499,60,1
2026-06-01-0900,2026-06-01,amazon-now,jivo-extra-light-olive-oil-1-litre-1l,Delhi,110031,499,1499,66.7,1
2026-06-01-0900,2026-06-01,amazon-now,jivo-extra-light-olive-oil-1-litre-1l,Delhi,110033,599,1499,60,1
2026-06-01-0900,2026-06-01,amazon-now,jivo-extra-light-olive-oil-1-litre-1l,Delhi,110035,599,1499,60,1
2026-06-01-0900,2026-06-01,amazon-now,jivo-extra-light-olive-oil-1-litre-1l,Delhi,110037,499,1499,66.7,1
2026-06-01-0900,2026-06-01,amazon-now,jivo-extra-light-olive-oil-1-litre-1l,Delhi,110044,599,1499,60,1
2026-06-01-0900,2026-06-01,amazon-now,jivo-extra-light-olive-oil-1-litre-1l,Delhi,110048,599,1499,60,1
2026-06-01-0900,2026-06-01,amazon-now,jivo-extra-light-olive-oil-1-litre-1l,Delhi,110052,599,1499,60,1
2026-06-01-0900,2026-06-01,amazon-now,jivo-extra-light-olive-oil-1-litre-1l,Delhi,110053,499,1499,66.7,1
2026-06-01-0900,2026-06-01,amazon-now,jivo-extra-light-olive-oil-1-litre-1l,Delhi,110054,499,1499,66.7,1
2026-06-01-0900,2026-06-01,amazon-now,jivo-extra-light-olive-oil-1-litre-1l,Delhi,110055,499,1499,66.7,1
2026-06-01-0900,2026-06-01,amazon-now,jivo-extra-light-olive-oil-1-litre-1l,Delhi,110061,499,1499,66.7,1
2026-06-01-0900,2026-06-01,amazon-now,jivo-extra-light-olive-oil-1-litre-1l,Delhi,110062,599,1499,60,1
2026-06-01-0900,2026-06-01,amazon-now,jivo-extra-light-olive-oil-1-litre-1l,Delhi,110065,599,1499,60,1
2026-06-01-0900,2026-06-01,amazon-now,jivo-extra-light-olive-oil-1-litre-1l,Delhi,110067,499,1499,66.7,1
2026-06-01-0900,2026-06-01,amazon-now,jivo-extra-light-olive-oil-1-litre-1l,Delhi,110070,499,1499,66.7,1
2026-06-01-0900,2026-06-01,amazon-now,jivo-extra-light-olive-oil-1-litre-1l,Delhi,110076,599,1499,60,1
2026-06-01-0900,2026-06-01,amazon-now,jivo-extra-light-olive-oil-1-litre-1l,Delhi,110088,599,1499,60,1
2026-06-01-0900,2026-06-01,amazon-now,jivo-extra-light-olive-oil-1-litre-1l,Gurgaon,122001,499,1499,66.7,1
2026-06-01-0900,2026-06-01,amazon-now,jivo-extra-light-olive-oil-1-litre-1l,Gurgaon,122010,499,1499,66.7,1
2026-06-01-0900,2026-06-01,amazon-now,jivo-extra-light-olive-oil-1-litre-1l,Jaipur,303110,,,,1
2026-06-01-0900,2026-06-01,amazon-now,jivo-extra-light-olive-oil-1-litre-1l,Surat,394160,499,1499,66.7,1
2026-06-01-0900,2026-06-01,amazon-now,jivo-extra-light-olive-oil-1-litre-1l,Surat,394185,499,1499,66.7,1
2026-06-01-0900,2026-06-01,amazon-now,jivo-extra-light-olive-oil-1-litre-1l,Surat,394410,499,1499,66.7,1
2026-06-01-0900,2026-06-01,amazon-now,jivo-extra-light-olive-oil-1-litre-1l,Surat,394510,499,1499,66.7,1
2026-06-01-0900,2026-06-01,amazon-now,jivo-extra-light-olive-oil-1-litre-1l,Surat,394540,499,1499,66.7,1
2026-06-01-0900,2026-06-01,amazon-now,jivo-extra-light-olive-oil-1-litre-1l,Mumbai,400001,599,1499,60,1
2026-06-01-0900,2026-06-01,amazon-now,jivo-extra-light-olive-oil-1-litre-1l,Mumbai,400003,599,1499,60,1
2026-06-01-0900,2026-06-01,amazon-now,jivo-extra-light-olive-oil-1-litre-1l,Mumbai,400004,599,1499,60,1
2026-06-01-0900,2026-06-01,amazon-now,jivo-extra-light-olive-oil-1-litre-1l,Mumbai,400005,599,1499,60,1
2026-06-01-0900,2026-06-01,amazon-now,jivo-extra-light-olive-oil-1-litre-1l,Mumbai,400006,599,1499,60,1
2026-06-01-0900,2026-06-01,amazon-now,jivo-extra-light-olive-oil-1-litre-1l,Mumbai,400007,599,1499,60,1
2026-06-01-0900,2026-06-01,amazon-now,jivo-extra-light-olive-oil-1-litre-1l,Mumbai,400010,599,1499,60,1
2026-06-01-0900,2026-06-01,amazon-now,jivo-extra-light-olive-oil-1-litre-1l,Mumbai,400011,599,1499,60,1
2026-06-01-0900,2026-06-01,amazon-now,jivo-extra-light-olive-oil-1-litre-1l,Mumbai,400012,599,1499,60,1
2026-06-01-0900,2026-06-01,amazon-now,jivo-extra-light-olive-oil-1-litre-1l,Mumbai,400013,599,1499,60,1
2026-06-01-0900,2026-06-01,amazon-now,jivo-extra-light-olive-oil-1-litre-1l,Mumbai,400015,599,1499,60,1
2026-06-01-0900,2026-06-01,amazon-now,jivo-extra-light-olive-oil-1-litre-1l,Mumbai,400017,599,1499,60,1
2026-06-01-0900,2026-06-01,amazon-now,jivo-extra-light-olive-oil-1-litre-1l,Mumbai,400018,599,1499,60,1
2026-06-01-0900,2026-06-01,amazon-now,jivo-extra-light-olive-oil-1-litre-1l,Mumbai,400019,599,1499,60,1
2026-06-01-0900,2026-06-01,amazon-now,jivo-extra-light-olive-oil-1-litre-1l,Mumbai,400020,599,1499,60,1
2026-06-01-0900,2026-06-01,amazon-now,jivo-extra-light-olive-oil-1-litre-1l,Mumbai,400021,599,1499,60,1
2026-06-01-0900,2026-06-01,amazon-now,jivo-extra-light-olive-oil-1-litre-1l,Mumbai,400023,499,1499,66.7,1
2026-06-01-0900,2026-06-01,amazon-now,jivo-extra-light-olive-oil-1-litre-1l,Mumbai,400025,599,1499,60,1
2026-06-01-0900,2026-06-01,amazon-now,jivo-extra-light-olive-oil-1-litre-1l,Mumbai,400026,599,1499,60,1
2026-06-01-0900,2026-06-01,amazon-now,jivo-extra-light-olive-oil-1-litre-1l,Mumbai,400030,599,1499,60,1
2026-06-01-0900,2026-06-01,amazon-now,jivo-extra-light-olive-oil-1-litre-1l,Mumbai,400033,599,1499,60,1
2026-06-01-0900,2026-06-01,amazon-now,jivo-extra-light-olive-oil-1-litre-1l,Mumbai,400041,599,1499,60,1
2026-06-01-0900,2026-06-01,amazon-now,jivo-extra-light-olive-oil-1-litre-1l,Mumbai,400073,499,1499,66.7,1
2026-06-01-0900,2026-06-01,amazon-now,jivo-extra-light-olive-oil-1-litre-1l,Mumbai,400611,499,1499,66.7,1
2026-06-01-0900,2026-06-01,amazon-now,jivo-extra-light-olive-oil-1-litre-1l,Mumbai,400702,499,1499,66.7,1
2026-06-01-0900,2026-06-01,amazon-now,jivo-extra-light-olive-oil-1-litre-1l,Mumbai,400707,499,1499,66.7,1
2026-06-01-0900,2026-06-01,amazon-now,jivo-extra-light-olive-oil-1-litre-1l,Pune,410301,499,1499,66.7,1
2026-06-01-0900,2026-06-01,amazon-now,jivo-extra-light-olive-oil-1-litre-1l,Pune,410401,499,1499,66.7,1
2026-06-01-0900,2026-06-01,amazon-now,jivo-extra-light-olive-oil-1-litre-1l,Pune,410402,499,1499,66.7,1
2026-06-01-0900,2026-06-01,amazon-now,jivo-extra-light-olive-oil-1-litre-1l,Pune,410502,499,1499,66.7,1
2026-06-01-0900,2026-06-01,amazon-now,jivo-extra-light-olive-oil-1-litre-1l,Pune,410503,499,1499,66.7,1
2026-06-01-0900,2026-06-01,amazon-now,jivo-extra-light-olive-oil-1-litre-1l,Pune,410506,499,1499,66.7,1
2026-06-01-0900,2026-06-01,amazon-now,jivo-extra-light-olive-oil-1-litre-1l,Pune,411021,499,1499,66.7,1
2026-06-01-0900,2026-06-01,amazon-now,jivo-extra-light-olive-oil-1-litre-1l,Pune,412101,499,1499,66.7,1
2026-06-01-0900,2026-06-01,amazon-now,jivo-extra-light-olive-oil-1-litre-1l,Pune,412103,499,1499,66.7,1
2026-06-01-0900,2026-06-01,amazon-now,jivo-extra-light-olive-oil-1-litre-1l,Pune,412104,499,1499,66.7,1
2026-06-01-0900,2026-06-01,amazon-now,jivo-extra-light-olive-oil-1-litre-1l,Pune,412109,499,1499,66.7,1
2026-06-01-0900,2026-06-01,amazon-now,jivo-extra-light-olive-oil-1-litre-1l,Pune,412114,499,1499,66.7,1
2026-06-01-0900,2026-06-01,amazon-now,jivo-extra-light-olive-oil-1-litre-1l,Pune,412201,499,1499,66.7,1
2026-06-01-0900,2026-06-01,amazon-now,jivo-extra-light-olive-oil-1-litre-1l,Pune,412204,499,1499,66.7,1
2026-06-01-0900,2026-06-01,amazon-now,jivo-extra-light-olive-oil-1-litre-1l,Pune,412208,499,1499,66.7,1
2026-06-01-0900,2026-06-01,amazon-now,jivo-extra-light-olive-oil-1-litre-1l,Pune,412209,499,1499,66.7,1
2026-06-01-0900,2026-06-01,amazon-now,jivo-extra-light-olive-oil-1-litre-1l,Pune,412210,499,1499,66.7,1
2026-06-01-0900,2026-06-01,amazon-now,jivo-extra-light-olive-oil-1-litre-1l,Pune,412211,499,1499,66.7,1
2026-06-01-0900,2026-06-01,amazon-now,jivo-extra-light-olive-oil-1-litre-1l,Pune,412213,499,1499,66.7,1
2026-06-01-0900,2026-06-01,amazon-now,jivo-extra-light-olive-oil-1-litre-1l,Pune,412216,499,1499,66.7,1
2026-06-01-0900,2026-06-01,amazon-now,jivo-extra-light-olive-oil-1-litre-1l,Pune,412220,499,1499,66.7,1
2026-06-01-0900,2026-06-01,amazon-now,jivo-extra-light-olive-oil-1-litre-1l,Pune,412301,499,1499,66.7,1
2026-06-01-0900,2026-06-01,amazon-now,jivo-extra-light-olive-oil-1-litre-1l,Pune,412303,499,1499,66.7,1
2026-06-01-0900,2026-06-01,amazon-now,jivo-extra-light-olive-oil-1-litre-1l,Pune,412304,499,1499,66.7,1
2026-06-01-0900,2026-06-01,amazon-now,jivo-extra-light-olive-oil-1-litre-1l,Pune,412306,499,1499,66.7,1
2026-06-01-0900,2026-06-01,amazon-now,jivo-extra-light-olive-oil-1-litre-1l,Pune,412401,499,1499,66.7,1
2026-06-01-0900,2026-06-01,amazon-now,jivo-extra-light-olive-oil-1-litre-1l,Pune,412403,499,1499,66.7,1
2026-06-01-0900,2026-06-01,amazon-now,jivo-extra-light-olive-oil-1-litre-1l,Pune,412404,499,1499,66.7,1
2026-06-01-0900,2026-06-01,amazon-now,jivo-extra-light-olive-oil-1-litre-1l,Pune,412405,499,1499,66.7,1
2026-06-01-0900,2026-06-01,amazon-now,jivo-extra-light-olive-oil-1-litre-1l,Pune,412409,499,1499,66.7,1
2026-06-01-0900,2026-06-01,amazon-now,jivo-extra-light-olive-oil-1-litre-1l,Pune,412410,499,1499,66.7,1
2026-06-01-0900,2026-06-01,amazon-now,jivo-extra-light-olive-oil-1-litre-1l,Pune,413105,499,1499,66.7,1
2026-06-01-0900,2026-06-01,amazon-now,jivo-extra-light-olive-oil-1-litre-1l,Pune,413132,499,1499,66.7,1
2026-06-01-0900,2026-06-01,amazon-now,jivo-extra-light-olive-oil-1-litre-1l,Pune,413801,499,1499,66.7,1
2026-06-01-0900,2026-06-01,amazon-now,jivo-extra-light-olive-oil-2-litre-2l,Delhi,110091,1072,2799,61.7,1
2026-06-01-0900,2026-06-01,amazon-now,jivo-extra-light-olive-oil-2-litre-2l,Mumbai,400073,1010,2799,63.9,1
2026-06-01-0900,2026-06-01,amazon-now,jivo-extra-light-olive-oil-2-litre-2l,Mumbai,400090,1010,2799,63.9,1
2026-06-01-0900,2026-06-01,amazon-now,jivo-extra-light-olive-oil-2-litre-2l,Pune,410301,1072,2799,61.7,1
2026-06-01-0900,2026-06-01,amazon-now,jivo-extra-light-olive-oil-2-litre-2l,Pune,411001,1072,2799,61.7,1
2026-06-01-0900,2026-06-01,amazon-now,jivo-extra-light-olive-oil-2-litre-2l,Pune,411003,1072,2799,61.7,1
2026-06-01-0900,2026-06-01,amazon-now,jivo-extra-light-olive-oil-2-litre-2l,Pune,411012,1072,2799,61.7,1
2026-06-01-0900,2026-06-01,amazon-now,jivo-extra-light-olive-oil-2-litre-2l,Pune,411020,1072,2799,61.7,1
2026-06-01-0900,2026-06-01,amazon-now,jivo-extra-light-olive-oil-2-litre-2l,Pune,411035,1072,2799,61.7,1
2026-06-01-0900,2026-06-01,amazon-now,jivo-extra-light-olive-oil-2-litre-2l,Pune,411045,1072,2799,61.7,1
2026-06-01-0900,2026-06-01,amazon-now,jivo-extra-light-olive-oil-2-litre-2l,Kolkata,700001,1072,2799,61.7,1
2026-06-01-0900,2026-06-01,amazon-now,jivo-extra-light-olive-oil-2-litre-2l,Kolkata,700015,1072,2799,61.7,1
2026-06-01-0900,2026-06-01,amazon-now,jivo-extra-light-olive-oil-2-litre-2l,Kolkata,700019,1072,2799,61.7,1
2026-06-01-0900,2026-06-01,amazon-now,jivo-extra-light-olive-oil-2-litre-2l,Kolkata,700069,1072,2799,61.7,1
2026-06-01-0900,2026-06-01,amazon-now,jivo-extra-light-olive-oil-2-litre-2l,Kolkata,700107,1072,2799,61.7,1
2026-06-01-0900,2026-06-01,amazon-now,jivo-extra-light-olive-oil-5-litre-tin-5l,Delhi,110036,2586,6499,60.2,1
2026-06-01-0900,2026-06-01,amazon-now,jivo-extra-light-olive-oil-5-litre-tin-5l,Delhi,110039,2586,6499,60.2,1
2026-06-01-0900,2026-06-01,amazon-now,jivo-extra-light-olive-oil-5-litre-tin-5l,Delhi,110040,2586,6499,60.2,1
2026-06-01-0900,2026-06-01,amazon-now,jivo-extra-light-olive-oil-5-litre-tin-5l,Delhi,110041,2586,6499,60.2,1
2026-06-01-0900,2026-06-01,amazon-now,jivo-extra-light-olive-oil-5-litre-tin-5l,Delhi,110081,2586,6499,60.2,1
2026-06-01-0900,2026-06-01,amazon-now,jivo-extra-light-olive-oil-5-litre-tin-5l,Delhi,110084,2586,6499,60.2,1
2026-06-01-0900,2026-06-01,amazon-now,jivo-extra-light-olive-oil-5-litre-tin-5l,Faridabad,121004,2586,6499,60.2,1
2026-06-01-0900,2026-06-01,amazon-now,jivo-extra-light-olive-oil-5-litre-tin-5l,Faridabad,121011,2586,6499,60.2,1
2026-06-01-0900,2026-06-01,amazon-now,jivo-extra-light-olive-oil-5-litre-tin-5l,Faridabad,121101,2586,6499,60.2,1
2026-06-01-0900,2026-06-01,amazon-now,jivo-extra-light-olive-oil-5-litre-tin-5l,Gurgaon,121104,2586,6499,60.2,1
2026-06-01-0900,2026-06-01,amazon-now,jivo-extra-light-olive-oil-5-litre-tin-5l,Gurgaon,122051,2586,6499,60.2,1
2026-06-01-0900,2026-06-01,amazon-now,jivo-extra-light-olive-oil-5-litre-tin-5l,Gurgaon,122105,2586,6499,60.2,1
2026-06-01-0900,2026-06-01,amazon-now,jivo-extra-light-olive-oil-5-litre-tin-5l,Gurgaon,122106,2586,6499,60.2,1
2026-06-01-0900,2026-06-01,amazon-now,jivo-extra-light-olive-oil-5-litre-tin-5l,Gurgaon,123003,2586,6499,60.2,1
2026-06-01-0900,2026-06-01,amazon-now,jivo-extra-light-olive-oil-5-litre-tin-5l,Gurgaon,123413,2586,6499,60.2,1
2026-06-01-0900,2026-06-01,amazon-now,jivo-extra-light-olive-oil-5-litre-tin-5l,Gurgaon,123502,2586,6499,60.2,1
2026-06-01-0900,2026-06-01,amazon-now,jivo-extra-light-olive-oil-5-litre-tin-5l,Gurgaon,123505,2586,6499,60.2,1
2026-06-01-0900,2026-06-01,amazon-now,jivo-extra-light-olive-oil-5-litre-tin-5l,Ludhiana,141007,2586,6499,60.2,1
2026-06-01-0900,2026-06-01,amazon-now,jivo-extra-light-olive-oil-5-litre-tin-5l,Ludhiana,141106,2586,6499,60.2,1
2026-06-01-0900,2026-06-01,amazon-now,jivo-extra-light-olive-oil-5-litre-tin-5l,Ludhiana,141107,2586,6499,60.2,1
2026-06-01-0900,2026-06-01,amazon-now,jivo-extra-light-olive-oil-5-litre-tin-5l,Ludhiana,141108,2586,6499,60.2,1
2026-06-01-0900,2026-06-01,amazon-now,jivo-extra-light-olive-oil-5-litre-tin-5l,Ludhiana,141125,2586,6499,60.2,1
2026-06-01-0900,2026-06-01,amazon-now,jivo-extra-light-olive-oil-5-litre-tin-5l,Ludhiana,141126,2586,6499,60.2,1
2026-06-01-0900,2026-06-01,amazon-now,jivo-extra-light-olive-oil-5-litre-tin-5l,Ludhiana,141202,2586,6499,60.2,1
2026-06-01-0900,2026-06-01,amazon-now,jivo-extra-light-olive-oil-5-litre-tin-5l,Ludhiana,141204,2586,6499,60.2,1
2026-06-01-0900,2026-06-01,amazon-now,jivo-extra-light-olive-oil-5-litre-tin-5l,Ludhiana,141206,2586,6499,60.2,1
2026-06-01-0900,2026-06-01,amazon-now,jivo-extra-light-olive-oil-5-litre-tin-5l,Ludhiana,141412,2586,6499,60.2,1
2026-06-01-0900,2026-06-01,amazon-now,jivo-extra-light-olive-oil-5-litre-tin-5l,Ludhiana,141413,2586,6499,60.2,1
2026-06-01-0900,2026-06-01,amazon-now,jivo-extra-light-olive-oil-5-litre-tin-5l,Ludhiana,141414,2586,6499,60.2,1
2026-06-01-0900,2026-06-01,amazon-now,jivo-extra-light-olive-oil-5-litre-tin-5l,Ludhiana,141415,2586,6499,60.2,1
2026-06-01-0900,2026-06-01,amazon-now,jivo-extra-light-olive-oil-5-litre-tin-5l,Ludhiana,141417,2586,6499,60.2,1
2026-06-01-0900,2026-06-01,amazon-now,jivo-extra-light-olive-oil-5-litre-tin-5l,Ludhiana,141419,2586,6499,60.2,1
2026-06-01-0900,2026-06-01,amazon-now,jivo-extra-light-olive-oil-5-litre-tin-5l,Ludhiana,142023,2586,6499,60.2,1
2026-06-01-0900,2026-06-01,amazon-now,jivo-extra-light-olive-oil-5-litre-tin-5l,Ludhiana,142024,2586,6499,60.2,1
2026-06-01-0900,2026-06-01,amazon-now,jivo-extra-light-olive-oil-5-litre-tin-5l,Ludhiana,142026,2586,6499,60.2,1
2026-06-01-0900,2026-06-01,amazon-now,jivo-extra-light-olive-oil-5-litre-tin-5l,Ludhiana,142029,2586,6499,60.2,1
2026-06-01-0900,2026-06-01,amazon-now,jivo-extra-light-olive-oil-5-litre-tin-5l,Ludhiana,142030,2586,6499,60.2,1
2026-06-01-0900,2026-06-01,amazon-now,jivo-extra-light-olive-oil-5-litre-tin-5l,Ludhiana,142031,2586,6499,60.2,1
2026-06-01-0900,2026-06-01,amazon-now,jivo-extra-light-olive-oil-5-litre-tin-5l,Ludhiana,142032,2586,6499,60.2,1
2026-06-01-0900,2026-06-01,amazon-now,jivo-extra-light-olive-oil-5-litre-tin-5l,Ludhiana,142035,2586,6499,60.2,1
2026-06-01-0900,2026-06-01,amazon-now,jivo-extra-light-olive-oil-5-litre-tin-5l,Ludhiana,142036,2586,6499,60.2,1
2026-06-01-0900,2026-06-01,amazon-now,jivo-extra-light-olive-oil-5-litre-tin-5l,Chandigarh,160021,2586,6499,60.2,1
2026-06-01-0900,2026-06-01,amazon-now,jivo-extra-light-olive-oil-5-litre-tin-5l,Ghaziabad,201003,2586,6499,60.2,1
2026-06-01-0900,2026-06-01,amazon-now,jivo-extra-light-olive-oil-5-litre-tin-5l,Noida,201008,2586,6499,60.2,1
2026-06-01-0900,2026-06-01,amazon-now,jivo-extra-light-olive-oil-5-litre-tin-5l,Ghaziabad,201201,2586,6499,60.2,1
2026-06-01-0900,2026-06-01,amazon-now,jivo-extra-light-olive-oil-5-litre-tin-5l,Ghaziabad,201204,2586,6499,60.2,1
2026-06-01-0900,2026-06-01,amazon-now,jivo-extra-light-olive-oil-5-litre-tin-5l,Ghaziabad,201302,2586,6499,60.2,1
2026-06-01-0900,2026-06-01,amazon-now,jivo-extra-light-olive-oil-5-litre-tin-5l,Noida,203207,2586,6499,60.2,1
2026-06-01-0900,2026-06-01,amazon-now,jivo-extra-light-olive-oil-5-litre-tin-5l,Ghaziabad,245304,2586,6499,60.2,1
2026-06-01-0900,2026-06-01,amazon-now,jivo-extra-light-olive-oil-5-litre-tin-5l,Jaipur,302011,2586,6499,60.2,1
2026-06-01-0900,2026-06-01,amazon-now,jivo-extra-light-olive-oil-5-litre-tin-5l,Jaipur,302022,2586,6499,60.2,1
2026-06-01-0900,2026-06-01,amazon-now,jivo-extra-light-olive-oil-5-litre-tin-5l,Jaipur,302025,2586,6499,60.2,1
2026-06-01-0900,2026-06-01,amazon-now,jivo-extra-light-olive-oil-5-litre-tin-5l,Jaipur,302026,2586,6499,60.2,1
2026-06-01-0900,2026-06-01,amazon-now,jivo-extra-light-olive-oil-5-litre-tin-5l,Jaipur,302028,2586,6499,60.2,1
2026-06-01-0900,2026-06-01,amazon-now,jivo-extra-light-olive-oil-5-litre-tin-5l,Jaipur,302029,2586,6499,60.2,1
2026-06-01-0900,2026-06-01,amazon-now,jivo-extra-light-olive-oil-5-litre-tin-5l,Jaipur,303001,2586,6499,60.2,1
2026-06-01-0900,2026-06-01,amazon-now,jivo-extra-light-olive-oil-5-litre-tin-5l,Jaipur,303002,2586,6499,60.2,1
2026-06-01-0900,2026-06-01,amazon-now,jivo-extra-light-olive-oil-5-litre-tin-5l,Jaipur,303003,2586,6499,60.2,1
2026-06-01-0900,2026-06-01,amazon-now,jivo-extra-light-olive-oil-5-litre-tin-5l,Jaipur,303006,2586,6499,60.2,1
2026-06-01-0900,2026-06-01,amazon-now,jivo-extra-light-olive-oil-5-litre-tin-5l,Jaipur,303009,2586,6499,60.2,1
2026-06-01-0900,2026-06-01,amazon-now,jivo-extra-light-olive-oil-5-litre-tin-5l,Jaipur,303012,2586,6499,60.2,1
2026-06-01-0900,2026-06-01,amazon-now,jivo-extra-light-olive-oil-5-litre-tin-5l,Jaipur,303103,2586,6499,60.2,1
2026-06-01-0900,2026-06-01,amazon-now,jivo-extra-light-olive-oil-5-litre-tin-5l,Jaipur,303105,2586,6499,60.2,1
2026-06-01-0900,2026-06-01,amazon-now,jivo-extra-light-olive-oil-5-litre-tin-5l,Jaipur,303107,2586,6499,60.2,1
2026-06-01-0900,2026-06-01,amazon-now,jivo-extra-light-olive-oil-5-litre-tin-5l,Jaipur,303108,2586,6499,60.2,1
2026-06-01-0900,2026-06-01,amazon-now,jivo-extra-light-olive-oil-5-litre-tin-5l,Jaipur,303109,2586,6499,60.2,1
2026-06-01-0900,2026-06-01,amazon-now,jivo-extra-light-olive-oil-5-litre-tin-5l,Jaipur,303110,2586,6499,60.2,1
2026-06-01-0900,2026-06-01,amazon-now,jivo-extra-light-olive-oil-5-litre-tin-5l,Jaipur,303120,2586,6499,60.2,1
2026-06-01-0900,2026-06-01,amazon-now,jivo-extra-light-olive-oil-5-litre-tin-5l,Jaipur,303328,2586,6499,60.2,1
2026-06-01-0900,2026-06-01,amazon-now,jivo-extra-light-olive-oil-5-litre-tin-5l,Jaipur,303329,2586,6499,60.2,1
2026-06-01-0900,2026-06-01,amazon-now,jivo-extra-light-olive-oil-5-litre-tin-5l,Jaipur,303348,2586,6499,60.2,1
2026-06-01-0900,2026-06-01,amazon-now,jivo-extra-light-olive-oil-5-litre-tin-5l,Jaipur,303602,2586,6499,60.2,1
2026-06-01-0900,2026-06-01,amazon-now,jivo-extra-light-olive-oil-5-litre-tin-5l,Jaipur,303604,2586,6499,60.2,1
2026-06-01-0900,2026-06-01,amazon-now,jivo-extra-light-olive-oil-5-litre-tin-5l,Jaipur,303701,2586,6499,60.2,1
2026-06-01-0900,2026-06-01,amazon-now,jivo-extra-light-olive-oil-5-litre-tin-5l,Jaipur,303706,2586,6499,60.2,1
2026-06-01-0900,2026-06-01,amazon-now,jivo-extra-light-olive-oil-5-litre-tin-5l,Jaipur,303712,2586,6499,60.2,1
2026-06-01-0900,2026-06-01,amazon-now,jivo-extra-light-olive-oil-5-litre-tin-5l,Jaipur,303802,2586,6499,60.2,1
2026-06-01-0900,2026-06-01,amazon-now,jivo-extra-light-olive-oil-5-litre-tin-5l,Jaipur,303803,2586,6499,60.2,1
2026-06-01-0900,2026-06-01,amazon-now,jivo-extra-light-olive-oil-5-litre-tin-5l,Jaipur,303804,2586,6499,60.2,1
2026-06-01-0900,2026-06-01,amazon-now,jivo-extra-light-olive-oil-5-litre-tin-5l,Jaipur,303806,2586,6499,60.2,1
2026-06-01-0900,2026-06-01,amazon-now,jivo-extra-light-olive-oil-5-litre-tin-5l,Jaipur,303807,2586,6499,60.2,1
2026-06-01-0900,2026-06-01,amazon-now,jivo-extra-light-olive-oil-5-litre-tin-5l,Jaipur,303901,2586,6499,60.2,1
2026-06-01-0900,2026-06-01,amazon-now,jivo-extra-light-olive-oil-5-litre-tin-5l,Jaipur,303905,2586,6499,60.2,1
2026-06-01-0900,2026-06-01,amazon-now,jivo-extra-light-olive-oil-5-litre-tin-5l,Jaipur,303908,2586,6499,60.2,1
2026-06-01-0900,2026-06-01,amazon-now,jivo-extra-light-olive-oil-5-litre-tin-5l,Mumbai,400601,2771,6499,57.4,1
2026-06-01-0900,2026-06-01,amazon-now,jivo-extra-light-olive-oil-5-litre-tin-5l,Mumbai,400701,2771,6499,57.4,1
2026-06-01-0900,2026-06-01,amazon-now,jivo-extra-light-olive-oil-5-litre-tin-5l,Mumbai,400703,2771,6499,57.4,1
2026-06-01-0900,2026-06-01,amazon-now,jivo-extra-light-olive-oil-5-litre-tin-5l,Pune,411001,2586,6499,60.2,1
2026-06-01-0900,2026-06-01,amazon-now,jivo-extra-light-olive-oil-5-litre-tin-5l,Pune,411004,2586,6499,60.2,1
2026-06-01-0900,2026-06-01,amazon-now,jivo-extra-light-olive-oil-5-litre-tin-5l,Pune,411005,2586,6499,60.2,1
2026-06-01-0900,2026-06-01,amazon-now,jivo-extra-light-olive-oil-5-litre-tin-5l,Pune,411006,2586,6499,60.2,1
2026-06-01-0900,2026-06-01,amazon-now,jivo-extra-light-olive-oil-5-litre-tin-5l,Pune,411011,2586,6499,60.2,1
2026-06-01-0900,2026-06-01,amazon-now,jivo-extra-light-olive-oil-5-litre-tin-5l,Pune,411014,2586,6499,60.2,1
2026-06-01-0900,2026-06-01,amazon-now,jivo-extra-light-olive-oil-5-litre-tin-5l,Pune,411015,2586,6499,60.2,1
2026-06-01-0900,2026-06-01,amazon-now,jivo-extra-light-olive-oil-5-litre-tin-5l,Pune,411028,2586,6499,60.2,1
2026-06-01-0900,2026-06-01,amazon-now,jivo-extra-light-olive-oil-5-litre-tin-5l,Pune,411030,2586,6499,60.2,1
2026-06-01-0900,2026-06-01,amazon-now,jivo-extra-light-olive-oil-5-litre-tin-5l,Pune,411036,2586,6499,60.2,1
2026-06-01-0900,2026-06-01,amazon-now,jivo-extra-light-olive-oil-5-litre-tin-5l,Pune,411040,2586,6499,60.2,1
2026-06-01-0900,2026-06-01,amazon-now,jivo-extra-light-olive-oil-5-litre-tin-5l,Pune,411047,2586,6499,60.2,1
2026-06-01-0900,2026-06-01,amazon-now,jivo-extra-light-olive-oil-5-litre-tin-5l,Pune,411051,2586,6499,60.2,1
2026-06-01-0900,2026-06-01,amazon-now,jivo-extra-light-olive-oil-5-litre-tin-5l,Pune,412308,2586,6499,60.2,1
2026-06-01-0900,2026-06-01,amazon-now,jivo-extra-virgin-olive-oil-1-litre-1l,Delhi,110001,764,1799,57.5,1
2026-06-01-0900,2026-06-01,amazon-now,jivo-extra-virgin-olive-oil-1-litre-1l,Delhi,110002,764,1799,57.5,1
2026-06-01-0900,2026-06-01,amazon-now,jivo-extra-virgin-olive-oil-1-litre-1l,Delhi,110003,789,1799,56.1,1
2026-06-01-0900,2026-06-01,amazon-now,jivo-extra-virgin-olive-oil-1-litre-1l,Delhi,110004,764,1799,57.5,1
2026-06-01-0900,2026-06-01,amazon-now,jivo-extra-virgin-olive-oil-1-litre-1l,Delhi,110006,764,1799,57.5,1
2026-06-01-0900,2026-06-01,amazon-now,jivo-extra-virgin-olive-oil-1-litre-1l,Delhi,110007,789,1799,56.1,1
2026-06-01-0900,2026-06-01,amazon-now,jivo-extra-virgin-olive-oil-1-litre-1l,Delhi,110009,789,1799,56.1,1
2026-06-01-0900,2026-06-01,amazon-now,jivo-extra-virgin-olive-oil-1-litre-1l,Delhi,110013,789,1799,56.1,1
2026-06-01-0900,2026-06-01,amazon-now,jivo-extra-virgin-olive-oil-1-litre-1l,Delhi,110014,789,1799,56.1,1
2026-06-01-0900,2026-06-01,amazon-now,jivo-extra-virgin-olive-oil-1-litre-1l,Delhi,110016,789,1799,56.1,1
2026-06-01-0900,2026-06-01,amazon-now,jivo-extra-virgin-olive-oil-1-litre-1l,Delhi,110017,789,1799,56.1,1
2026-06-01-0900,2026-06-01,amazon-now,jivo-extra-virgin-olive-oil-1-litre-1l,Delhi,110018,789,1799,56.1,1
2026-06-01-0900,2026-06-01,amazon-now,jivo-extra-virgin-olive-oil-1-litre-1l,Delhi,110021,764,1799,57.5,1
2026-06-01-0900,2026-06-01,amazon-now,jivo-extra-virgin-olive-oil-1-litre-1l,Delhi,110024,789,1799,56.1,1
2026-06-01-0900,2026-06-01,amazon-now,jivo-extra-virgin-olive-oil-1-litre-1l,Delhi,110025,789,1799,56.1,1
2026-06-01-0900,2026-06-01,amazon-now,jivo-extra-virgin-olive-oil-1-litre-1l,Delhi,110031,764,1799,57.5,1
2026-06-01-0900,2026-06-01,amazon-now,jivo-extra-virgin-olive-oil-1-litre-1l,Delhi,110033,789,1799,56.1,1
2026-06-01-0900,2026-06-01,amazon-now,jivo-extra-virgin-olive-oil-1-litre-1l,Delhi,110035,789,1799,56.1,1
2026-06-01-0900,2026-06-01,amazon-now,jivo-extra-virgin-olive-oil-1-litre-1l,Delhi,110036,764,1799,57.5,1
2026-06-01-0900,2026-06-01,amazon-now,jivo-extra-virgin-olive-oil-1-litre-1l,Delhi,110037,764,1799,57.5,1
2026-06-01-0900,2026-06-01,amazon-now,jivo-extra-virgin-olive-oil-1-litre-1l,Delhi,110039,764,1799,57.5,1
2026-06-01-0900,2026-06-01,amazon-now,jivo-extra-virgin-olive-oil-1-litre-1l,Delhi,110040,764,1799,57.5,1
2026-06-01-0900,2026-06-01,amazon-now,jivo-extra-virgin-olive-oil-1-litre-1l,Delhi,110041,764,1799,57.5,1
2026-06-01-0900,2026-06-01,amazon-now,jivo-extra-virgin-olive-oil-1-litre-1l,Delhi,110044,789,1799,56.1,1
2026-06-01-0900,2026-06-01,amazon-now,jivo-extra-virgin-olive-oil-1-litre-1l,Delhi,110048,789,1799,56.1,1
2026-06-01-0900,2026-06-01,amazon-now,jivo-extra-virgin-olive-oil-1-litre-1l,Delhi,110052,789,1799,56.1,1
2026-06-01-0900,2026-06-01,amazon-now,jivo-extra-virgin-olive-oil-1-litre-1l,Delhi,110053,764,1799,57.5,1
2026-06-01-0900,2026-06-01,amazon-now,jivo-extra-virgin-olive-oil-1-litre-1l,Delhi,110054,764,1799,57.5,1
2026-06-01-0900,2026-06-01,amazon-now,jivo-extra-virgin-olive-oil-1-litre-1l,Delhi,110055,764,1799,57.5,1
2026-06-01-0900,2026-06-01,amazon-now,jivo-extra-virgin-olive-oil-1-litre-1l,Delhi,110061,764,1799,57.5,1
2026-06-01-0900,2026-06-01,amazon-now,jivo-extra-virgin-olive-oil-1-litre-1l,Delhi,110062,789,1799,56.1,1
2026-06-01-0900,2026-06-01,amazon-now,jivo-extra-virgin-olive-oil-1-litre-1l,Delhi,110065,789,1799,56.1,1
2026-06-01-0900,2026-06-01,amazon-now,jivo-extra-virgin-olive-oil-1-litre-1l,Delhi,110067,764,1799,57.5,1
2026-06-01-0900,2026-06-01,amazon-now,jivo-extra-virgin-olive-oil-1-litre-1l,Delhi,110070,764,1799,57.5,1
2026-06-01-0900,2026-06-01,amazon-now,jivo-extra-virgin-olive-oil-1-litre-1l,Delhi,110076,789,1799,56.1,1
2026-06-01-0900,2026-06-01,amazon-now,jivo-extra-virgin-olive-oil-1-litre-1l,Delhi,110081,764,1799,57.5,1
2026-06-01-0900,2026-06-01,amazon-now,jivo-extra-virgin-olive-oil-1-litre-1l,Delhi,110084,764,1799,57.5,1
2026-06-01-0900,2026-06-01,amazon-now,jivo-extra-virgin-olive-oil-1-litre-1l,Delhi,110088,789,1799,56.1,1
2026-06-01-0900,2026-06-01,amazon-now,jivo-extra-virgin-olive-oil-1-litre-1l,Delhi,110091,764,1799,57.5,1
2026-06-01-0900,2026-06-01,amazon-now,jivo-extra-virgin-olive-oil-1-litre-1l,Faridabad,121004,764,1799,57.5,1
2026-06-01-0900,2026-06-01,amazon-now,jivo-extra-virgin-olive-oil-1-litre-1l,Faridabad,121011,764,1799,57.5,1
2026-06-01-0900,2026-06-01,amazon-now,jivo-extra-virgin-olive-oil-1-litre-1l,Faridabad,121101,764,1799,57.5,1
2026-06-01-0900,2026-06-01,amazon-now,jivo-extra-virgin-olive-oil-1-litre-1l,Gurgaon,121104,764,1799,57.5,1
2026-06-01-0900,2026-06-01,amazon-now,jivo-extra-virgin-olive-oil-1-litre-1l,Gurgaon,122001,764,1799,57.5,1
2026-06-01-0900,2026-06-01,amazon-now,jivo-extra-virgin-olive-oil-1-litre-1l,Gurgaon,122010,764,1799,57.5,1
2026-06-01-0900,2026-06-01,amazon-now,jivo-extra-virgin-olive-oil-1-litre-1l,Gurgaon,122051,764,1799,57.5,1
2026-06-01-0900,2026-06-01,amazon-now,jivo-extra-virgin-olive-oil-1-litre-1l,Gurgaon,122105,764,1799,57.5,1
2026-06-01-0900,2026-06-01,amazon-now,jivo-extra-virgin-olive-oil-1-litre-1l,Gurgaon,122106,764,1799,57.5,1
2026-06-01-0900,2026-06-01,amazon-now,jivo-extra-virgin-olive-oil-1-litre-1l,Gurgaon,123003,764,1799,57.5,1
2026-06-01-0900,2026-06-01,amazon-now,jivo-extra-virgin-olive-oil-1-litre-1l,Gurgaon,123413,764,1799,57.5,1
2026-06-01-0900,2026-06-01,amazon-now,jivo-extra-virgin-olive-oil-1-litre-1l,Gurgaon,123502,764,1799,57.5,1
2026-06-01-0900,2026-06-01,amazon-now,jivo-extra-virgin-olive-oil-1-litre-1l,Gurgaon,123505,764,1799,57.5,1
2026-06-01-0900,2026-06-01,amazon-now,jivo-extra-virgin-olive-oil-1-litre-1l,Ludhiana,141007,764,1799,57.5,1
2026-06-01-0900,2026-06-01,amazon-now,jivo-extra-virgin-olive-oil-1-litre-1l,Ludhiana,141106,764,1799,57.5,1
2026-06-01-0900,2026-06-01,amazon-now,jivo-extra-virgin-olive-oil-1-litre-1l,Ludhiana,141107,764,1799,57.5,1
2026-06-01-0900,2026-06-01,amazon-now,jivo-extra-virgin-olive-oil-1-litre-1l,Ludhiana,141108,764,1799,57.5,1
2026-06-01-0900,2026-06-01,amazon-now,jivo-extra-virgin-olive-oil-1-litre-1l,Ludhiana,141125,764,1799,57.5,1
2026-06-01-0900,2026-06-01,amazon-now,jivo-extra-virgin-olive-oil-1-litre-1l,Ludhiana,141126,764,1799,57.5,1
2026-06-01-0900,2026-06-01,amazon-now,jivo-extra-virgin-olive-oil-1-litre-1l,Ludhiana,141202,764,1799,57.5,1
2026-06-01-0900,2026-06-01,amazon-now,jivo-extra-virgin-olive-oil-1-litre-1l,Ludhiana,141204,764,1799,57.5,1
2026-06-01-0900,2026-06-01,amazon-now,jivo-extra-virgin-olive-oil-1-litre-1l,Ludhiana,141206,764,1799,57.5,1
2026-06-01-0900,2026-06-01,amazon-now,jivo-extra-virgin-olive-oil-1-litre-1l,Ludhiana,141412,764,1799,57.5,1
2026-06-01-0900,2026-06-01,amazon-now,jivo-extra-virgin-olive-oil-1-litre-1l,Ludhiana,141413,764,1799,57.5,1
2026-06-01-0900,2026-06-01,amazon-now,jivo-extra-virgin-olive-oil-1-litre-1l,Ludhiana,141414,764,1799,57.5,1
2026-06-01-0900,2026-06-01,amazon-now,jivo-extra-virgin-olive-oil-1-litre-1l,Ludhiana,141415,764,1799,57.5,1
2026-06-01-0900,2026-06-01,amazon-now,jivo-extra-virgin-olive-oil-1-litre-1l,Ludhiana,141417,764,1799,57.5,1
2026-06-01-0900,2026-06-01,amazon-now,jivo-extra-virgin-olive-oil-1-litre-1l,Ludhiana,141419,764,1799,57.5,1
2026-06-01-0900,2026-06-01,amazon-now,jivo-extra-virgin-olive-oil-1-litre-1l,Ludhiana,142023,764,1799,57.5,1
2026-06-01-0900,2026-06-01,amazon-now,jivo-extra-virgin-olive-oil-1-litre-1l,Ludhiana,142024,764,1799,57.5,1
2026-06-01-0900,2026-06-01,amazon-now,jivo-extra-virgin-olive-oil-1-litre-1l,Ludhiana,142026,764,1799,57.5,1
2026-06-01-0900,2026-06-01,amazon-now,jivo-extra-virgin-olive-oil-1-litre-1l,Ludhiana,142029,764,1799,57.5,1
2026-06-01-0900,2026-06-01,amazon-now,jivo-extra-virgin-olive-oil-1-litre-1l,Ludhiana,142030,764,1799,57.5,1
2026-06-01-0900,2026-06-01,amazon-now,jivo-extra-virgin-olive-oil-1-litre-1l,Ludhiana,142031,764,1799,57.5,1
2026-06-01-0900,2026-06-01,amazon-now,jivo-extra-virgin-olive-oil-1-litre-1l,Ludhiana,142032,764,1799,57.5,1
2026-06-01-0900,2026-06-01,amazon-now,jivo-extra-virgin-olive-oil-1-litre-1l,Ludhiana,142035,764,1799,57.5,1
2026-06-01-0900,2026-06-01,amazon-now,jivo-extra-virgin-olive-oil-1-litre-1l,Ludhiana,142036,764,1799,57.5,1
2026-06-01-0900,2026-06-01,amazon-now,jivo-extra-virgin-olive-oil-1-litre-1l,Chandigarh,160021,764,1799,57.5,1
2026-06-01-0900,2026-06-01,amazon-now,jivo-extra-virgin-olive-oil-1-litre-1l,Ghaziabad,201003,764,1799,57.5,1
2026-06-01-0900,2026-06-01,amazon-now,jivo-extra-virgin-olive-oil-1-litre-1l,Noida,201008,764,1799,57.5,1
2026-06-01-0900,2026-06-01,amazon-now,jivo-extra-virgin-olive-oil-1-litre-1l,Ghaziabad,201201,764,1799,57.5,1
2026-06-01-0900,2026-06-01,amazon-now,jivo-extra-virgin-olive-oil-1-litre-1l,Ghaziabad,201204,764,1799,57.5,1
2026-06-01-0900,2026-06-01,amazon-now,jivo-extra-virgin-olive-oil-1-litre-1l,Ghaziabad,201302,764,1799,57.5,1
2026-06-01-0900,2026-06-01,amazon-now,jivo-extra-virgin-olive-oil-1-litre-1l,Noida,203207,764,1799,57.5,1
2026-06-01-0900,2026-06-01,amazon-now,jivo-extra-virgin-olive-oil-1-litre-1l,Ghaziabad,245304,764,1799,57.5,1
2026-06-01-0900,2026-06-01,amazon-now,jivo-extra-virgin-olive-oil-1-litre-1l,Jaipur,302011,764,1799,57.5,1
2026-06-01-0900,2026-06-01,amazon-now,jivo-extra-virgin-olive-oil-1-litre-1l,Jaipur,302022,764,1799,57.5,1
2026-06-01-0900,2026-06-01,amazon-now,jivo-extra-virgin-olive-oil-1-litre-1l,Jaipur,302025,764,1799,57.5,1
2026-06-01-0900,2026-06-01,amazon-now,jivo-extra-virgin-olive-oil-1-litre-1l,Jaipur,302026,764,1799,57.5,1
2026-06-01-0900,2026-06-01,amazon-now,jivo-extra-virgin-olive-oil-1-litre-1l,Jaipur,302028,764,1799,57.5,1
2026-06-01-0900,2026-06-01,amazon-now,jivo-extra-virgin-olive-oil-1-litre-1l,Jaipur,302029,764,1799,57.5,1
2026-06-01-0900,2026-06-01,amazon-now,jivo-extra-virgin-olive-oil-1-litre-1l,Jaipur,303001,764,1799,57.5,1
2026-06-01-0900,2026-06-01,amazon-now,jivo-extra-virgin-olive-oil-1-litre-1l,Jaipur,303002,764,1799,57.5,1
2026-06-01-0900,2026-06-01,amazon-now,jivo-extra-virgin-olive-oil-1-litre-1l,Jaipur,303003,764,1799,57.5,1
2026-06-01-0900,2026-06-01,amazon-now,jivo-extra-virgin-olive-oil-1-litre-1l,Jaipur,303006,764,1799,57.5,1
2026-06-01-0900,2026-06-01,amazon-now,jivo-extra-virgin-olive-oil-1-litre-1l,Jaipur,303009,764,1799,57.5,1
2026-06-01-0900,2026-06-01,amazon-now,jivo-extra-virgin-olive-oil-1-litre-1l,Jaipur,303012,764,1799,57.5,1
2026-06-01-0900,2026-06-01,amazon-now,jivo-extra-virgin-olive-oil-1-litre-1l,Jaipur,303103,764,1799,57.5,1
2026-06-01-0900,2026-06-01,amazon-now,jivo-extra-virgin-olive-oil-1-litre-1l,Jaipur,303105,764,1799,57.5,1
2026-06-01-0900,2026-06-01,amazon-now,jivo-extra-virgin-olive-oil-1-litre-1l,Jaipur,303107,764,1799,57.5,1
2026-06-01-0900,2026-06-01,amazon-now,jivo-extra-virgin-olive-oil-1-litre-1l,Jaipur,303108,764,1799,57.5,1
2026-06-01-0900,2026-06-01,amazon-now,jivo-extra-virgin-olive-oil-1-litre-1l,Jaipur,303109,764,1799,57.5,1
2026-06-01-0900,2026-06-01,amazon-now,jivo-extra-virgin-olive-oil-1-litre-1l,Jaipur,303110,764,1799,57.5,1
2026-06-01-0900,2026-06-01,amazon-now,jivo-extra-virgin-olive-oil-1-litre-1l,Jaipur,303120,764,1799,57.5,1
2026-06-01-0900,2026-06-01,amazon-now,jivo-extra-virgin-olive-oil-1-litre-1l,Jaipur,303328,764,1799,57.5,1
2026-06-01-0900,2026-06-01,amazon-now,jivo-extra-virgin-olive-oil-1-litre-1l,Jaipur,303329,764,1799,57.5,1
2026-06-01-0900,2026-06-01,amazon-now,jivo-extra-virgin-olive-oil-1-litre-1l,Jaipur,303348,764,1799,57.5,1
2026-06-01-0900,2026-06-01,amazon-now,jivo-extra-virgin-olive-oil-1-litre-1l,Jaipur,303602,764,1799,57.5,1
2026-06-01-0900,2026-06-01,amazon-now,jivo-extra-virgin-olive-oil-1-litre-1l,Jaipur,303604,764,1799,57.5,1
2026-06-01-0900,2026-06-01,amazon-now,jivo-extra-virgin-olive-oil-1-litre-1l,Jaipur,303701,764,1799,57.5,1
2026-06-01-0900,2026-06-01,amazon-now,jivo-extra-virgin-olive-oil-1-litre-1l,Jaipur,303706,764,1799,57.5,1
2026-06-01-0900,2026-06-01,amazon-now,jivo-extra-virgin-olive-oil-1-litre-1l,Jaipur,303712,764,1799,57.5,1
2026-06-01-0900,2026-06-01,amazon-now,jivo-extra-virgin-olive-oil-1-litre-1l,Jaipur,303802,764,1799,57.5,1
2026-06-01-0900,2026-06-01,amazon-now,jivo-extra-virgin-olive-oil-1-litre-1l,Jaipur,303803,764,1799,57.5,1
2026-06-01-0900,2026-06-01,amazon-now,jivo-extra-virgin-olive-oil-1-litre-1l,Jaipur,303804,764,1799,57.5,1
2026-06-01-0900,2026-06-01,amazon-now,jivo-extra-virgin-olive-oil-1-litre-1l,Jaipur,303806,764,1799,57.5,1
2026-06-01-0900,2026-06-01,amazon-now,jivo-extra-virgin-olive-oil-1-litre-1l,Jaipur,303807,764,1799,57.5,1
2026-06-01-0900,2026-06-01,amazon-now,jivo-extra-virgin-olive-oil-1-litre-1l,Jaipur,303901,764,1799,57.5,1
2026-06-01-0900,2026-06-01,amazon-now,jivo-extra-virgin-olive-oil-1-litre-1l,Jaipur,303905,764,1799,57.5,1
2026-06-01-0900,2026-06-01,amazon-now,jivo-extra-virgin-olive-oil-1-litre-1l,Jaipur,303908,764,1799,57.5,1
2026-06-01-0900,2026-06-01,amazon-now,jivo-extra-virgin-olive-oil-1-litre-1l,Surat,394160,764,1799,57.5,1
2026-06-01-0900,2026-06-01,amazon-now,jivo-extra-virgin-olive-oil-1-litre-1l,Surat,394185,764,1799,57.5,1
2026-06-01-0900,2026-06-01,amazon-now,jivo-extra-virgin-olive-oil-1-litre-1l,Surat,394410,764,1799,57.5,1
2026-06-01-0900,2026-06-01,amazon-now,jivo-extra-virgin-olive-oil-1-litre-1l,Surat,394510,764,1799,57.5,1
2026-06-01-0900,2026-06-01,amazon-now,jivo-extra-virgin-olive-oil-1-litre-1l,Surat,394540,764,1799,57.5,1
2026-06-01-0900,2026-06-01,amazon-now,jivo-extra-virgin-olive-oil-1-litre-1l,Mumbai,400001,789,1799,56.1,1
2026-06-01-0900,2026-06-01,amazon-now,jivo-extra-virgin-olive-oil-1-litre-1l,Mumbai,400003,789,1799,56.1,1
2026-06-01-0900,2026-06-01,amazon-now,jivo-extra-virgin-olive-oil-1-litre-1l,Mumbai,400004,789,1799,56.1,1
2026-06-01-0900,2026-06-01,amazon-now,jivo-extra-virgin-olive-oil-1-litre-1l,Mumbai,400005,789,1799,56.1,1
2026-06-01-0900,2026-06-01,amazon-now,jivo-extra-virgin-olive-oil-1-litre-1l,Mumbai,400006,789,1799,56.1,1
2026-06-01-0900,2026-06-01,amazon-now,jivo-extra-virgin-olive-oil-1-litre-1l,Mumbai,400007,789,1799,56.1,1
2026-06-01-0900,2026-06-01,amazon-now,jivo-extra-virgin-olive-oil-1-litre-1l,Mumbai,400010,789,1799,56.1,1
2026-06-01-0900,2026-06-01,amazon-now,jivo-extra-virgin-olive-oil-1-litre-1l,Mumbai,400011,789,1799,56.1,1
2026-06-01-0900,2026-06-01,amazon-now,jivo-extra-virgin-olive-oil-1-litre-1l,Mumbai,400012,789,1799,56.1,1
2026-06-01-0900,2026-06-01,amazon-now,jivo-extra-virgin-olive-oil-1-litre-1l,Mumbai,400013,789,1799,56.1,1
2026-06-01-0900,2026-06-01,amazon-now,jivo-extra-virgin-olive-oil-1-litre-1l,Mumbai,400015,789,1799,56.1,1
2026-06-01-0900,2026-06-01,amazon-now,jivo-extra-virgin-olive-oil-1-litre-1l,Mumbai,400017,789,1799,56.1,1
2026-06-01-0900,2026-06-01,amazon-now,jivo-extra-virgin-olive-oil-1-litre-1l,Mumbai,400018,789,1799,56.1,1
2026-06-01-0900,2026-06-01,amazon-now,jivo-extra-virgin-olive-oil-1-litre-1l,Mumbai,400019,789,1799,56.1,1
2026-06-01-0900,2026-06-01,amazon-now,jivo-extra-virgin-olive-oil-1-litre-1l,Mumbai,400020,789,1799,56.1,1
2026-06-01-0900,2026-06-01,amazon-now,jivo-extra-virgin-olive-oil-1-litre-1l,Mumbai,400021,789,1799,56.1,1
2026-06-01-0900,2026-06-01,amazon-now,jivo-extra-virgin-olive-oil-1-litre-1l,Mumbai,400023,764,1799,57.5,1
2026-06-01-0900,2026-06-01,amazon-now,jivo-extra-virgin-olive-oil-1-litre-1l,Mumbai,400025,789,1799,56.1,1
2026-06-01-0900,2026-06-01,amazon-now,jivo-extra-virgin-olive-oil-1-litre-1l,Mumbai,400026,789,1799,56.1,1
2026-06-01-0900,2026-06-01,amazon-now,jivo-extra-virgin-olive-oil-1-litre-1l,Mumbai,400030,789,1799,56.1,1
2026-06-01-0900,2026-06-01,amazon-now,jivo-extra-virgin-olive-oil-1-litre-1l,Mumbai,400033,789,1799,56.1,1
2026-06-01-0900,2026-06-01,amazon-now,jivo-extra-virgin-olive-oil-1-litre-1l,Mumbai,400041,789,1799,56.1,1
2026-06-01-0900,2026-06-01,amazon-now,jivo-extra-virgin-olive-oil-1-litre-1l,Mumbai,400073,764,1799,57.5,1
2026-06-01-0900,2026-06-01,amazon-now,jivo-extra-virgin-olive-oil-1-litre-1l,Mumbai,400090,1799,,,1
2026-06-01-0900,2026-06-01,amazon-now,jivo-extra-virgin-olive-oil-1-litre-1l,Mumbai,400601,789,1799,56.1,1
2026-06-01-0900,2026-06-01,amazon-now,jivo-extra-virgin-olive-oil-1-litre-1l,Mumbai,400611,764,1799,57.5,1
2026-06-01-0900,2026-06-01,amazon-now,jivo-extra-virgin-olive-oil-1-litre-1l,Mumbai,400701,789,1799,56.1,1
2026-06-01-0900,2026-06-01,amazon-now,jivo-extra-virgin-olive-oil-1-litre-1l,Mumbai,400702,764,1799,57.5,1
2026-06-01-0900,2026-06-01,amazon-now,jivo-extra-virgin-olive-oil-1-litre-1l,Mumbai,400703,789,1799,56.1,1
2026-06-01-0900,2026-06-01,amazon-now,jivo-extra-virgin-olive-oil-1-litre-1l,Mumbai,400707,764,1799,57.5,1
2026-06-01-0900,2026-06-01,amazon-now,jivo-extra-virgin-olive-oil-1-litre-1l,Pune,410301,764,1799,57.5,1
2026-06-01-0900,2026-06-01,amazon-now,jivo-extra-virgin-olive-oil-1-litre-1l,Pune,410401,764,1799,57.5,1
2026-06-01-0900,2026-06-01,amazon-now,jivo-extra-virgin-olive-oil-1-litre-1l,Pune,410402,764,1799,57.5,1
2026-06-01-0900,2026-06-01,amazon-now,jivo-extra-virgin-olive-oil-1-litre-1l,Pune,410502,764,1799,57.5,1
2026-06-01-0900,2026-06-01,amazon-now,jivo-extra-virgin-olive-oil-1-litre-1l,Pune,410503,764,1799,57.5,1
2026-06-01-0900,2026-06-01,amazon-now,jivo-extra-virgin-olive-oil-1-litre-1l,Pune,410506,764,1799,57.5,1
2026-06-01-0900,2026-06-01,amazon-now,jivo-extra-virgin-olive-oil-1-litre-1l,Pune,411001,764,1799,57.5,1
2026-06-01-0900,2026-06-01,amazon-now,jivo-extra-virgin-olive-oil-1-litre-1l,Pune,411003,764,1799,57.5,1
2026-06-01-0900,2026-06-01,amazon-now,jivo-extra-virgin-olive-oil-1-litre-1l,Pune,411004,764,1799,57.5,1
2026-06-01-0900,2026-06-01,amazon-now,jivo-extra-virgin-olive-oil-1-litre-1l,Pune,411005,764,1799,57.5,1
2026-06-01-0900,2026-06-01,amazon-now,jivo-extra-virgin-olive-oil-1-litre-1l,Pune,411006,764,1799,57.5,1
2026-06-01-0900,2026-06-01,amazon-now,jivo-extra-virgin-olive-oil-1-litre-1l,Pune,411011,764,1799,57.5,1
2026-06-01-0900,2026-06-01,amazon-now,jivo-extra-virgin-olive-oil-1-litre-1l,Pune,411012,764,1799,57.5,1
2026-06-01-0900,2026-06-01,amazon-now,jivo-extra-virgin-olive-oil-1-litre-1l,Pune,411014,764,1799,57.5,1
2026-06-01-0900,2026-06-01,amazon-now,jivo-extra-virgin-olive-oil-1-litre-1l,Pune,411015,764,1799,57.5,1
2026-06-01-0900,2026-06-01,amazon-now,jivo-extra-virgin-olive-oil-1-litre-1l,Pune,411020,764,1799,57.5,1
2026-06-01-0900,2026-06-01,amazon-now,jivo-extra-virgin-olive-oil-1-litre-1l,Pune,411021,764,1799,57.5,1
2026-06-01-0900,2026-06-01,amazon-now,jivo-extra-virgin-olive-oil-1-litre-1l,Pune,411028,764,1799,57.5,1
2026-06-01-0900,2026-06-01,amazon-now,jivo-extra-virgin-olive-oil-1-litre-1l,Pune,411030,764,1799,57.5,1
2026-06-01-0900,2026-06-01,amazon-now,jivo-extra-virgin-olive-oil-1-litre-1l,Pune,411035,764,1799,57.5,1
2026-06-01-0900,2026-06-01,amazon-now,jivo-extra-virgin-olive-oil-1-litre-1l,Pune,411036,764,1799,57.5,1
2026-06-01-0900,2026-06-01,amazon-now,jivo-extra-virgin-olive-oil-1-litre-1l,Pune,411040,764,1799,57.5,1
2026-06-01-0900,2026-06-01,amazon-now,jivo-extra-virgin-olive-oil-1-litre-1l,Pune,411045,764,1799,57.5,1
2026-06-01-0900,2026-06-01,amazon-now,jivo-extra-virgin-olive-oil-1-litre-1l,Pune,411047,764,1799,57.5,1
2026-06-01-0900,2026-06-01,amazon-now,jivo-extra-virgin-olive-oil-1-litre-1l,Pune,411051,764,1799,57.5,1
2026-06-01-0900,2026-06-01,amazon-now,jivo-extra-virgin-olive-oil-1-litre-1l,Pune,412101,764,1799,57.5,1
2026-06-01-0900,2026-06-01,amazon-now,jivo-extra-virgin-olive-oil-1-litre-1l,Pune,412103,764,1799,57.5,1
2026-06-01-0900,2026-06-01,amazon-now,jivo-extra-virgin-olive-oil-1-litre-1l,Pune,412104,764,1799,57.5,1
2026-06-01-0900,2026-06-01,amazon-now,jivo-extra-virgin-olive-oil-1-litre-1l,Pune,412109,764,1799,57.5,1
2026-06-01-0900,2026-06-01,amazon-now,jivo-extra-virgin-olive-oil-1-litre-1l,Pune,412114,764,1799,57.5,1
2026-06-01-0900,2026-06-01,amazon-now,jivo-extra-virgin-olive-oil-1-litre-1l,Pune,412201,764,1799,57.5,1
2026-06-01-0900,2026-06-01,amazon-now,jivo-extra-virgin-olive-oil-1-litre-1l,Pune,412204,764,1799,57.5,1
2026-06-01-0900,2026-06-01,amazon-now,jivo-extra-virgin-olive-oil-1-litre-1l,Pune,412208,764,1799,57.5,1
2026-06-01-0900,2026-06-01,amazon-now,jivo-extra-virgin-olive-oil-1-litre-1l,Pune,412209,764,1799,57.5,1
2026-06-01-0900,2026-06-01,amazon-now,jivo-extra-virgin-olive-oil-1-litre-1l,Pune,412210,764,1799,57.5,1
2026-06-01-0900,2026-06-01,amazon-now,jivo-extra-virgin-olive-oil-1-litre-1l,Pune,412211,764,1799,57.5,1
2026-06-01-0900,2026-06-01,amazon-now,jivo-extra-virgin-olive-oil-1-litre-1l,Pune,412213,764,1799,57.5,1
2026-06-01-0900,2026-06-01,amazon-now,jivo-extra-virgin-olive-oil-1-litre-1l,Pune,412216,764,1799,57.5,1
2026-06-01-0900,2026-06-01,amazon-now,jivo-extra-virgin-olive-oil-1-litre-1l,Pune,412220,764,1799,57.5,1
2026-06-01-0900,2026-06-01,amazon-now,jivo-extra-virgin-olive-oil-1-litre-1l,Pune,412301,764,1799,57.5,1
2026-06-01-0900,2026-06-01,amazon-now,jivo-extra-virgin-olive-oil-1-litre-1l,Pune,412303,764,1799,57.5,1
2026-06-01-0900,2026-06-01,amazon-now,jivo-extra-virgin-olive-oil-1-litre-1l,Pune,412304,764,1799,57.5,1
2026-06-01-0900,2026-06-01,amazon-now,jivo-extra-virgin-olive-oil-1-litre-1l,Pune,412306,764,1799,57.5,1
2026-06-01-0900,2026-06-01,amazon-now,jivo-extra-virgin-olive-oil-1-litre-1l,Pune,412308,764,1799,57.5,1
2026-06-01-0900,2026-06-01,amazon-now,jivo-extra-virgin-olive-oil-1-litre-1l,Pune,412401,764,1799,57.5,1
2026-06-01-0900,2026-06-01,amazon-now,jivo-extra-virgin-olive-oil-1-litre-1l,Pune,412403,764,1799,57.5,1
2026-06-01-0900,2026-06-01,amazon-now,jivo-extra-virgin-olive-oil-1-litre-1l,Pune,412404,764,1799,57.5,1
2026-06-01-0900,2026-06-01,amazon-now,jivo-extra-virgin-olive-oil-1-litre-1l,Pune,412405,764,1799,57.5,1
2026-06-01-0900,2026-06-01,amazon-now,jivo-extra-virgin-olive-oil-1-litre-1l,Pune,412409,764,1799,57.5,1
2026-06-01-0900,2026-06-01,amazon-now,jivo-extra-virgin-olive-oil-1-litre-1l,Pune,412410,764,1799,57.5,1
2026-06-01-0900,2026-06-01,amazon-now,jivo-extra-virgin-olive-oil-1-litre-1l,Pune,413105,764,1799,57.5,1
2026-06-01-0900,2026-06-01,amazon-now,jivo-extra-virgin-olive-oil-1-litre-1l,Pune,413132,764,1799,57.5,1
2026-06-01-0900,2026-06-01,amazon-now,jivo-extra-virgin-olive-oil-1-litre-1l,Pune,413801,764,1799,57.5,1
2026-06-01-0900,2026-06-01,amazon-now,jivo-gold-premium-refined-cooking-oil-perfect-blend-of-rice-bran-sunflower-oil-1l,Delhi,110003,189,225,16,1
2026-06-01-0900,2026-06-01,amazon-now,jivo-gold-premium-refined-cooking-oil-perfect-blend-of-rice-bran-sunflower-oil-1l,Delhi,110013,189,225,16,1
2026-06-01-0900,2026-06-01,amazon-now,jivo-gold-premium-refined-cooking-oil-perfect-blend-of-rice-bran-sunflower-oil-1l,Delhi,110014,189,225,16,1
2026-06-01-0900,2026-06-01,amazon-now,jivo-gold-premium-refined-cooking-oil-perfect-blend-of-rice-bran-sunflower-oil-1l,Delhi,110016,189,225,16,1
2026-06-01-0900,2026-06-01,amazon-now,jivo-gold-premium-refined-cooking-oil-perfect-blend-of-rice-bran-sunflower-oil-1l,Delhi,110017,189,225,16,1
2026-06-01-0900,2026-06-01,amazon-now,jivo-gold-premium-refined-cooking-oil-perfect-blend-of-rice-bran-sunflower-oil-1l,Delhi,110021,189,225,16,1
2026-06-01-0900,2026-06-01,amazon-now,jivo-gold-premium-refined-cooking-oil-perfect-blend-of-rice-bran-sunflower-oil-1l,Delhi,110024,189,225,16,1
2026-06-01-0900,2026-06-01,amazon-now,jivo-gold-premium-refined-cooking-oil-perfect-blend-of-rice-bran-sunflower-oil-1l,Delhi,110025,189,225,16,1
2026-06-01-0900,2026-06-01,amazon-now,jivo-gold-premium-refined-cooking-oil-perfect-blend-of-rice-bran-sunflower-oil-1l,Delhi,110037,189,225,16,1
2026-06-01-0900,2026-06-01,amazon-now,jivo-gold-premium-refined-cooking-oil-perfect-blend-of-rice-bran-sunflower-oil-1l,Delhi,110044,189,225,16,1
2026-06-01-0900,2026-06-01,amazon-now,jivo-gold-premium-refined-cooking-oil-perfect-blend-of-rice-bran-sunflower-oil-1l,Delhi,110048,189,225,16,1
2026-06-01-0900,2026-06-01,amazon-now,jivo-gold-premium-refined-cooking-oil-perfect-blend-of-rice-bran-sunflower-oil-1l,Delhi,110061,189,225,16,1
2026-06-01-0900,2026-06-01,amazon-now,jivo-gold-premium-refined-cooking-oil-perfect-blend-of-rice-bran-sunflower-oil-1l,Delhi,110062,189,225,16,1
2026-06-01-0900,2026-06-01,amazon-now,jivo-gold-premium-refined-cooking-oil-perfect-blend-of-rice-bran-sunflower-oil-1l,Delhi,110065,189,225,16,1
2026-06-01-0900,2026-06-01,amazon-now,jivo-gold-premium-refined-cooking-oil-perfect-blend-of-rice-bran-sunflower-oil-1l,Delhi,110067,189,225,16,1
2026-06-01-0900,2026-06-01,amazon-now,jivo-gold-premium-refined-cooking-oil-perfect-blend-of-rice-bran-sunflower-oil-1l,Delhi,110070,189,225,16,1
2026-06-01-0900,2026-06-01,amazon-now,jivo-gold-premium-refined-cooking-oil-perfect-blend-of-rice-bran-sunflower-oil-1l,Delhi,110076,189,225,16,1
2026-06-01-0900,2026-06-01,amazon-now,jivo-gold-premium-refined-cooking-oil-perfect-blend-of-rice-bran-sunflower-oil-1l,Gurgaon,122001,189,225,16,1
2026-06-01-0900,2026-06-01,amazon-now,jivo-gold-premium-refined-cooking-oil-perfect-blend-of-rice-bran-sunflower-oil-1l,Gurgaon,122010,189,225,16,1
2026-06-01-0900,2026-06-01,amazon-now,jivo-gold-refined-oil-perfect-blend-of-rice-bran-su-na,Delhi,110039,939,1060,11.4,1
2026-06-01-0900,2026-06-01,amazon-now,jivo-gold-refined-oil-perfect-blend-of-rice-bran-su-na,Faridabad,121101,939,1060,11.4,1
2026-06-01-0900,2026-06-01,amazon-now,jivo-gold-refined-oil-perfect-blend-of-rice-bran-su-na,Ludhiana,141412,939,1060,11.4,1
2026-06-01-0900,2026-06-01,amazon-now,jivo-gold-refined-oil-perfect-blend-of-rice-bran-su-na,Jaipur,302029,939,1060,11.4,1
2026-06-01-0900,2026-06-01,amazon-now,jivo-gold-refined-oil-perfect-blend-of-rice-bran-su-na,Jaipur,303110,939,1060,11.4,1
2026-06-01-0900,2026-06-01,amazon-now,jivo-gold-refined-oil-perfect-blend-of-rice-bran-su-na,Jaipur,303120,939,1060,11.4,1
2026-06-01-0900,2026-06-01,amazon-now,jivo-gold-refined-oil-perfect-blend-of-rice-bran-su-na,Jaipur,303802,939,1060,11.4,1
2026-06-01-0900,2026-06-01,amazon-now,jivo-gold-refined-oil-perfect-blend-of-rice-bran-sunflower-oil-5l,Delhi,110036,939,1060,11.4,1
2026-06-01-0900,2026-06-01,amazon-now,jivo-gold-refined-oil-perfect-blend-of-rice-bran-sunflower-oil-5l,Delhi,110039,939,1060,11.4,1
2026-06-01-0900,2026-06-01,amazon-now,jivo-gold-refined-oil-perfect-blend-of-rice-bran-sunflower-oil-5l,Delhi,110040,939,1060,11.4,1
2026-06-01-0900,2026-06-01,amazon-now,jivo-gold-refined-oil-perfect-blend-of-rice-bran-sunflower-oil-5l,Delhi,110041,939,1060,11.4,1
2026-06-01-0900,2026-06-01,amazon-now,jivo-gold-refined-oil-perfect-blend-of-rice-bran-sunflower-oil-5l,Delhi,110081,939,1060,11.4,1
2026-06-01-0900,2026-06-01,amazon-now,jivo-gold-refined-oil-perfect-blend-of-rice-bran-sunflower-oil-5l,Delhi,110084,939,1060,11.4,1
2026-06-01-0900,2026-06-01,amazon-now,jivo-gold-refined-oil-perfect-blend-of-rice-bran-sunflower-oil-5l,Faridabad,121004,939,1060,11.4,1
2026-06-01-0900,2026-06-01,amazon-now,jivo-gold-refined-oil-perfect-blend-of-rice-bran-sunflower-oil-5l,Faridabad,121011,939,1060,11.4,1
2026-06-01-0900,2026-06-01,amazon-now,jivo-gold-refined-oil-perfect-blend-of-rice-bran-sunflower-oil-5l,Faridabad,121101,939,1060,11.4,1
2026-06-01-0900,2026-06-01,amazon-now,jivo-gold-refined-oil-perfect-blend-of-rice-bran-sunflower-oil-5l,Gurgaon,121104,939,1060,11.4,1
2026-06-01-0900,2026-06-01,amazon-now,jivo-gold-refined-oil-perfect-blend-of-rice-bran-sunflower-oil-5l,Gurgaon,122051,939,1060,11.4,1
2026-06-01-0900,2026-06-01,amazon-now,jivo-gold-refined-oil-perfect-blend-of-rice-bran-sunflower-oil-5l,Gurgaon,122105,939,1060,11.4,1
2026-06-01-0900,2026-06-01,amazon-now,jivo-gold-refined-oil-perfect-blend-of-rice-bran-sunflower-oil-5l,Gurgaon,122106,939,1060,11.4,1
2026-06-01-0900,2026-06-01,amazon-now,jivo-gold-refined-oil-perfect-blend-of-rice-bran-sunflower-oil-5l,Gurgaon,123003,939,1060,11.4,1
2026-06-01-0900,2026-06-01,amazon-now,jivo-gold-refined-oil-perfect-blend-of-rice-bran-sunflower-oil-5l,Gurgaon,123413,939,1060,11.4,1
2026-06-01-0900,2026-06-01,amazon-now,jivo-gold-refined-oil-perfect-blend-of-rice-bran-sunflower-oil-5l,Gurgaon,123502,939,1060,11.4,1
2026-06-01-0900,2026-06-01,amazon-now,jivo-gold-refined-oil-perfect-blend-of-rice-bran-sunflower-oil-5l,Gurgaon,123505,939,1060,11.4,1
2026-06-01-0900,2026-06-01,amazon-now,jivo-gold-refined-oil-perfect-blend-of-rice-bran-sunflower-oil-5l,Ludhiana,141007,939,1060,11.4,1
2026-06-01-0900,2026-06-01,amazon-now,jivo-gold-refined-oil-perfect-blend-of-rice-bran-sunflower-oil-5l,Ludhiana,141106,939,1060,11.4,1
2026-06-01-0900,2026-06-01,amazon-now,jivo-gold-refined-oil-perfect-blend-of-rice-bran-sunflower-oil-5l,Ludhiana,141107,939,1060,11.4,1
2026-06-01-0900,2026-06-01,amazon-now,jivo-gold-refined-oil-perfect-blend-of-rice-bran-sunflower-oil-5l,Ludhiana,141108,939,1060,11.4,1
2026-06-01-0900,2026-06-01,amazon-now,jivo-gold-refined-oil-perfect-blend-of-rice-bran-sunflower-oil-5l,Ludhiana,141125,939,1060,11.4,1
2026-06-01-0900,2026-06-01,amazon-now,jivo-gold-refined-oil-perfect-blend-of-rice-bran-sunflower-oil-5l,Ludhiana,141126,939,1060,11.4,1
2026-06-01-0900,2026-06-01,amazon-now,jivo-gold-refined-oil-perfect-blend-of-rice-bran-sunflower-oil-5l,Ludhiana,141202,939,1060,11.4,1
2026-06-01-0900,2026-06-01,amazon-now,jivo-gold-refined-oil-perfect-blend-of-rice-bran-sunflower-oil-5l,Ludhiana,141204,939,1060,11.4,1
2026-06-01-0900,2026-06-01,amazon-now,jivo-gold-refined-oil-perfect-blend-of-rice-bran-sunflower-oil-5l,Ludhiana,141206,939,1060,11.4,1
2026-06-01-0900,2026-06-01,amazon-now,jivo-gold-refined-oil-perfect-blend-of-rice-bran-sunflower-oil-5l,Ludhiana,141412,939,1060,11.4,1
2026-06-01-0900,2026-06-01,amazon-now,jivo-gold-refined-oil-perfect-blend-of-rice-bran-sunflower-oil-5l,Ludhiana,141413,939,1060,11.4,1
2026-06-01-0900,2026-06-01,amazon-now,jivo-gold-refined-oil-perfect-blend-of-rice-bran-sunflower-oil-5l,Ludhiana,141414,939,1060,11.4,1
2026-06-01-0900,2026-06-01,amazon-now,jivo-gold-refined-oil-perfect-blend-of-rice-bran-sunflower-oil-5l,Ludhiana,141415,939,1060,11.4,1
2026-06-01-0900,2026-06-01,amazon-now,jivo-gold-refined-oil-perfect-blend-of-rice-bran-sunflower-oil-5l,Ludhiana,141417,939,1060,11.4,1
2026-06-01-0900,2026-06-01,amazon-now,jivo-gold-refined-oil-perfect-blend-of-rice-bran-sunflower-oil-5l,Ludhiana,141419,939,1060,11.4,1
2026-06-01-0900,2026-06-01,amazon-now,jivo-gold-refined-oil-perfect-blend-of-rice-bran-sunflower-oil-5l,Ludhiana,142023,939,1060,11.4,1
2026-06-01-0900,2026-06-01,amazon-now,jivo-gold-refined-oil-perfect-blend-of-rice-bran-sunflower-oil-5l,Ludhiana,142024,939,1060,11.4,1
2026-06-01-0900,2026-06-01,amazon-now,jivo-gold-refined-oil-perfect-blend-of-rice-bran-sunflower-oil-5l,Ludhiana,142026,939,1060,11.4,1
2026-06-01-0900,2026-06-01,amazon-now,jivo-gold-refined-oil-perfect-blend-of-rice-bran-sunflower-oil-5l,Ludhiana,142029,939,1060,11.4,1
2026-06-01-0900,2026-06-01,amazon-now,jivo-gold-refined-oil-perfect-blend-of-rice-bran-sunflower-oil-5l,Ludhiana,142030,939,1060,11.4,1
2026-06-01-0900,2026-06-01,amazon-now,jivo-gold-refined-oil-perfect-blend-of-rice-bran-sunflower-oil-5l,Ludhiana,142031,939,1060,11.4,1
2026-06-01-0900,2026-06-01,amazon-now,jivo-gold-refined-oil-perfect-blend-of-rice-bran-sunflower-oil-5l,Ludhiana,142032,939,1060,11.4,1
2026-06-01-0900,2026-06-01,amazon-now,jivo-gold-refined-oil-perfect-blend-of-rice-bran-sunflower-oil-5l,Ludhiana,142035,939,1060,11.4,1
2026-06-01-0900,2026-06-01,amazon-now,jivo-gold-refined-oil-perfect-blend-of-rice-bran-sunflower-oil-5l,Ludhiana,142036,939,1060,11.4,1
2026-06-01-0900,2026-06-01,amazon-now,jivo-gold-refined-oil-perfect-blend-of-rice-bran-sunflower-oil-5l,Chandigarh,160021,939,1060,11.4,1
2026-06-01-0900,2026-06-01,amazon-now,jivo-gold-refined-oil-perfect-blend-of-rice-bran-sunflower-oil-5l,Ghaziabad,201003,939,1060,11.4,1
2026-06-01-0900,2026-06-01,amazon-now,jivo-gold-refined-oil-perfect-blend-of-rice-bran-sunflower-oil-5l,Noida,201008,939,1060,11.4,1
2026-06-01-0900,2026-06-01,amazon-now,jivo-gold-refined-oil-perfect-blend-of-rice-bran-sunflower-oil-5l,Ghaziabad,201201,939,1060,11.4,1
2026-06-01-0900,2026-06-01,amazon-now,jivo-gold-refined-oil-perfect-blend-of-rice-bran-sunflower-oil-5l,Ghaziabad,201204,939,1060,11.4,1
2026-06-01-0900,2026-06-01,amazon-now,jivo-gold-refined-oil-perfect-blend-of-rice-bran-sunflower-oil-5l,Ghaziabad,201302,939,1060,11.4,1
2026-06-01-0900,2026-06-01,amazon-now,jivo-gold-refined-oil-perfect-blend-of-rice-bran-sunflower-oil-5l,Noida,203207,939,1060,11.4,1
2026-06-01-0900,2026-06-01,amazon-now,jivo-gold-refined-oil-perfect-blend-of-rice-bran-sunflower-oil-5l,Ghaziabad,245304,939,1060,11.4,1
2026-06-01-0900,2026-06-01,amazon-now,jivo-gold-refined-oil-perfect-blend-of-rice-bran-sunflower-oil-5l,Jaipur,302011,939,1060,11.4,1
2026-06-01-0900,2026-06-01,amazon-now,jivo-gold-refined-oil-perfect-blend-of-rice-bran-sunflower-oil-5l,Jaipur,302022,939,1060,11.4,1
2026-06-01-0900,2026-06-01,amazon-now,jivo-gold-refined-oil-perfect-blend-of-rice-bran-sunflower-oil-5l,Jaipur,302025,939,1060,11.4,1
2026-06-01-0900,2026-06-01,amazon-now,jivo-gold-refined-oil-perfect-blend-of-rice-bran-sunflower-oil-5l,Jaipur,302026,939,1060,11.4,1
2026-06-01-0900,2026-06-01,amazon-now,jivo-gold-refined-oil-perfect-blend-of-rice-bran-sunflower-oil-5l,Jaipur,302028,939,1060,11.4,1
2026-06-01-0900,2026-06-01,amazon-now,jivo-gold-refined-oil-perfect-blend-of-rice-bran-sunflower-oil-5l,Jaipur,302029,939,1060,11.4,1
2026-06-01-0900,2026-06-01,amazon-now,jivo-gold-refined-oil-perfect-blend-of-rice-bran-sunflower-oil-5l,Jaipur,303001,939,1060,11.4,1
2026-06-01-0900,2026-06-01,amazon-now,jivo-gold-refined-oil-perfect-blend-of-rice-bran-sunflower-oil-5l,Jaipur,303002,939,1060,11.4,1
2026-06-01-0900,2026-06-01,amazon-now,jivo-gold-refined-oil-perfect-blend-of-rice-bran-sunflower-oil-5l,Jaipur,303003,939,1060,11.4,1
2026-06-01-0900,2026-06-01,amazon-now,jivo-gold-refined-oil-perfect-blend-of-rice-bran-sunflower-oil-5l,Jaipur,303006,939,1060,11.4,1
2026-06-01-0900,2026-06-01,amazon-now,jivo-gold-refined-oil-perfect-blend-of-rice-bran-sunflower-oil-5l,Jaipur,303009,939,1060,11.4,1
2026-06-01-0900,2026-06-01,amazon-now,jivo-gold-refined-oil-perfect-blend-of-rice-bran-sunflower-oil-5l,Jaipur,303012,939,1060,11.4,1
2026-06-01-0900,2026-06-01,amazon-now,jivo-gold-refined-oil-perfect-blend-of-rice-bran-sunflower-oil-5l,Jaipur,303103,939,1060,11.4,1
2026-06-01-0900,2026-06-01,amazon-now,jivo-gold-refined-oil-perfect-blend-of-rice-bran-sunflower-oil-5l,Jaipur,303105,939,1060,11.4,1
2026-06-01-0900,2026-06-01,amazon-now,jivo-gold-refined-oil-perfect-blend-of-rice-bran-sunflower-oil-5l,Jaipur,303107,939,1060,11.4,1
2026-06-01-0900,2026-06-01,amazon-now,jivo-gold-refined-oil-perfect-blend-of-rice-bran-sunflower-oil-5l,Jaipur,303108,939,1060,11.4,1
2026-06-01-0900,2026-06-01,amazon-now,jivo-gold-refined-oil-perfect-blend-of-rice-bran-sunflower-oil-5l,Jaipur,303109,939,1060,11.4,1
2026-06-01-0900,2026-06-01,amazon-now,jivo-gold-refined-oil-perfect-blend-of-rice-bran-sunflower-oil-5l,Jaipur,303110,939,1060,11.4,1
2026-06-01-0900,2026-06-01,amazon-now,jivo-gold-refined-oil-perfect-blend-of-rice-bran-sunflower-oil-5l,Jaipur,303120,939,1060,11.4,1
2026-06-01-0900,2026-06-01,amazon-now,jivo-gold-refined-oil-perfect-blend-of-rice-bran-sunflower-oil-5l,Jaipur,303328,939,1060,11.4,1
2026-06-01-0900,2026-06-01,amazon-now,jivo-gold-refined-oil-perfect-blend-of-rice-bran-sunflower-oil-5l,Jaipur,303329,939,1060,11.4,1
2026-06-01-0900,2026-06-01,amazon-now,jivo-gold-refined-oil-perfect-blend-of-rice-bran-sunflower-oil-5l,Jaipur,303348,939,1060,11.4,1
2026-06-01-0900,2026-06-01,amazon-now,jivo-gold-refined-oil-perfect-blend-of-rice-bran-sunflower-oil-5l,Jaipur,303602,939,1060,11.4,1
2026-06-01-0900,2026-06-01,amazon-now,jivo-gold-refined-oil-perfect-blend-of-rice-bran-sunflower-oil-5l,Jaipur,303604,939,1060,11.4,1
2026-06-01-0900,2026-06-01,amazon-now,jivo-gold-refined-oil-perfect-blend-of-rice-bran-sunflower-oil-5l,Jaipur,303701,939,1060,11.4,1
2026-06-01-0900,2026-06-01,amazon-now,jivo-gold-refined-oil-perfect-blend-of-rice-bran-sunflower-oil-5l,Jaipur,303706,939,1060,11.4,1
2026-06-01-0900,2026-06-01,amazon-now,jivo-gold-refined-oil-perfect-blend-of-rice-bran-sunflower-oil-5l,Jaipur,303712,939,1060,11.4,1
2026-06-01-0900,2026-06-01,amazon-now,jivo-gold-refined-oil-perfect-blend-of-rice-bran-sunflower-oil-5l,Jaipur,303802,939,1060,11.4,1
2026-06-01-0900,2026-06-01,amazon-now,jivo-gold-refined-oil-perfect-blend-of-rice-bran-sunflower-oil-5l,Jaipur,303803,939,1060,11.4,1
2026-06-01-0900,2026-06-01,amazon-now,jivo-gold-refined-oil-perfect-blend-of-rice-bran-sunflower-oil-5l,Jaipur,303804,939,1060,11.4,1
2026-06-01-0900,2026-06-01,amazon-now,jivo-gold-refined-oil-perfect-blend-of-rice-bran-sunflower-oil-5l,Jaipur,303806,939,1060,11.4,1
2026-06-01-0900,2026-06-01,amazon-now,jivo-gold-refined-oil-perfect-blend-of-rice-bran-sunflower-oil-5l,Jaipur,303807,939,1060,11.4,1
2026-06-01-0900,2026-06-01,amazon-now,jivo-gold-refined-oil-perfect-blend-of-rice-bran-sunflower-oil-5l,Jaipur,303901,939,1060,11.4,1
2026-06-01-0900,2026-06-01,amazon-now,jivo-gold-refined-oil-perfect-blend-of-rice-bran-sunflower-oil-5l,Jaipur,303905,939,1060,11.4,1
2026-06-01-0900,2026-06-01,amazon-now,jivo-gold-refined-oil-perfect-blend-of-rice-bran-sunflower-oil-5l,Jaipur,303908,939,1060,11.4,1
2026-06-01-0900,2026-06-01,amazon-now,jivo-groundnut-oil-1-litre-1l,Delhi,110003,239,560,57.3,1
2026-06-01-0900,2026-06-01,amazon-now,jivo-groundnut-oil-1-litre-1l,Delhi,110013,239,560,57.3,1
2026-06-01-0900,2026-06-01,amazon-now,jivo-groundnut-oil-1-litre-1l,Delhi,110014,239,560,57.3,1
2026-06-01-0900,2026-06-01,amazon-now,jivo-groundnut-oil-1-litre-1l,Delhi,110016,239,560,57.3,1
2026-06-01-0900,2026-06-01,amazon-now,jivo-groundnut-oil-1-litre-1l,Delhi,110017,239,560,57.3,1
2026-06-01-0900,2026-06-01,amazon-now,jivo-groundnut-oil-1-litre-1l,Delhi,110024,239,560,57.3,1
2026-06-01-0900,2026-06-01,amazon-now,jivo-groundnut-oil-1-litre-1l,Delhi,110025,239,560,57.3,1
2026-06-01-0900,2026-06-01,amazon-now,jivo-groundnut-oil-1-litre-1l,Delhi,110044,239,560,57.3,1
2026-06-01-0900,2026-06-01,amazon-now,jivo-groundnut-oil-1-litre-1l,Delhi,110048,239,560,57.3,1
2026-06-01-0900,2026-06-01,amazon-now,jivo-groundnut-oil-1-litre-1l,Delhi,110062,239,560,57.3,1
2026-06-01-0900,2026-06-01,amazon-now,jivo-groundnut-oil-1-litre-1l,Delhi,110065,239,560,57.3,1
2026-06-01-0900,2026-06-01,amazon-now,jivo-groundnut-oil-1-litre-1l,Delhi,110076,239,560,57.3,1
2026-06-01-0900,2026-06-01,amazon-now,jivo-groundnut-oil-1-litre-1l,Mumbai,400090,560,,,1
2026-06-01-0900,2026-06-01,amazon-now,jivo-groundnut-oil-1-litre-1l,Kolkata,700001,193,560,65.5,1
2026-06-01-0900,2026-06-01,amazon-now,jivo-groundnut-oil-1-litre-1l,Kolkata,700015,193,560,65.5,1
2026-06-01-0900,2026-06-01,amazon-now,jivo-groundnut-oil-1-litre-1l,Kolkata,700019,193,560,65.5,1
2026-06-01-0900,2026-06-01,amazon-now,jivo-groundnut-oil-1-litre-1l,Kolkata,700069,193,560,65.5,1
2026-06-01-0900,2026-06-01,amazon-now,jivo-groundnut-oil-1-litre-1l,Kolkata,700107,193,560,65.5,1
2026-06-01-0900,2026-06-01,amazon-now,jivo-pomace-olive-oil-5-litre-tin-for-everyday-cookin-5l,Pune,410301,2017,4999,59.7,1
2026-06-01-0900,2026-06-01,amazon-now,jivo-pomace-olive-oil-5-litre-tin-for-everyday-cooking-5l,Delhi,110007,1971,4999,60.6,1
2026-06-01-0900,2026-06-01,amazon-now,jivo-pomace-olive-oil-5-litre-tin-for-everyday-cooking-5l,Delhi,110009,1971,4999,60.6,1
2026-06-01-0900,2026-06-01,amazon-now,jivo-pomace-olive-oil-5-litre-tin-for-everyday-cooking-5l,Delhi,110018,1971,4999,60.6,1
2026-06-01-0900,2026-06-01,amazon-now,jivo-pomace-olive-oil-5-litre-tin-for-everyday-cooking-5l,Delhi,110033,1971,4999,60.6,1
2026-06-01-0900,2026-06-01,amazon-now,jivo-pomace-olive-oil-5-litre-tin-for-everyday-cooking-5l,Delhi,110035,1971,4999,60.6,1
2026-06-01-0900,2026-06-01,amazon-now,jivo-pomace-olive-oil-5-litre-tin-for-everyday-cooking-5l,Delhi,110052,1971,4999,60.6,1
2026-06-01-0900,2026-06-01,amazon-now,jivo-pomace-olive-oil-5-litre-tin-for-everyday-cooking-5l,Delhi,110088,1971,4999,60.6,1
2026-06-01-0900,2026-06-01,amazon-now,jivo-pomace-olive-oil-5-litre-tin-for-everyday-cooking-5l,Surat,394160,2119,4999,57.6,1
2026-06-01-0900,2026-06-01,amazon-now,jivo-pomace-olive-oil-5-litre-tin-for-everyday-cooking-5l,Surat,394185,2119,4999,57.6,1
2026-06-01-0900,2026-06-01,amazon-now,jivo-pomace-olive-oil-5-litre-tin-for-everyday-cooking-5l,Surat,394410,2119,4999,57.6,1
2026-06-01-0900,2026-06-01,amazon-now,jivo-pomace-olive-oil-5-litre-tin-for-everyday-cooking-5l,Surat,394510,2119,4999,57.6,1
2026-06-01-0900,2026-06-01,amazon-now,jivo-pomace-olive-oil-5-litre-tin-for-everyday-cooking-5l,Surat,394540,2119,4999,57.6,1
2026-06-01-0900,2026-06-01,amazon-now,jivo-pomace-olive-oil-5-litre-tin-for-everyday-cooking-5l,Mumbai,400601,2119,4999,57.6,1
2026-06-01-0900,2026-06-01,amazon-now,jivo-pomace-olive-oil-5-litre-tin-for-everyday-cooking-5l,Mumbai,400701,2119,4999,57.6,1
2026-06-01-0900,2026-06-01,amazon-now,jivo-pomace-olive-oil-5-litre-tin-for-everyday-cooking-5l,Mumbai,400703,2119,4999,57.6,1
2026-06-01-0900,2026-06-01,amazon-now,jivo-pomace-olive-oil-5-litre-tin-for-everyday-cooking-5l,Pune,410301,2017,4999,59.7,1
2026-06-01-0900,2026-06-01,amazon-now,jivo-pomace-olive-oil-5-litre-tin-for-everyday-cooking-5l,Pune,410401,2017,4999,59.7,1
2026-06-01-0900,2026-06-01,amazon-now,jivo-pomace-olive-oil-5-litre-tin-for-everyday-cooking-5l,Pune,410402,2017,4999,59.7,1
2026-06-01-0900,2026-06-01,amazon-now,jivo-pomace-olive-oil-5-litre-tin-for-everyday-cooking-5l,Pune,410502,2017,4999,59.7,1
2026-06-01-0900,2026-06-01,amazon-now,jivo-pomace-olive-oil-5-litre-tin-for-everyday-cooking-5l,Pune,410503,2017,4999,59.7,1
2026-06-01-0900,2026-06-01,amazon-now,jivo-pomace-olive-oil-5-litre-tin-for-everyday-cooking-5l,Pune,411001,2017,4999,59.7,1
2026-06-01-0900,2026-06-01,amazon-now,jivo-pomace-olive-oil-5-litre-tin-for-everyday-cooking-5l,Pune,411004,2017,4999,59.7,1
2026-06-01-0900,2026-06-01,amazon-now,jivo-pomace-olive-oil-5-litre-tin-for-everyday-cooking-5l,Pune,411005,2017,4999,59.7,1
2026-06-01-0900,2026-06-01,amazon-now,jivo-pomace-olive-oil-5-litre-tin-for-everyday-cooking-5l,Pune,411006,2017,4999,59.7,1
2026-06-01-0900,2026-06-01,amazon-now,jivo-pomace-olive-oil-5-litre-tin-for-everyday-cooking-5l,Pune,411011,2017,4999,59.7,1
2026-06-01-0900,2026-06-01,amazon-now,jivo-pomace-olive-oil-5-litre-tin-for-everyday-cooking-5l,Pune,411014,2017,4999,59.7,1
2026-06-01-0900,2026-06-01,amazon-now,jivo-pomace-olive-oil-5-litre-tin-for-everyday-cooking-5l,Pune,411015,2017,4999,59.7,1
2026-06-01-0900,2026-06-01,amazon-now,jivo-pomace-olive-oil-5-litre-tin-for-everyday-cooking-5l,Pune,411021,2017,4999,59.7,1
2026-06-01-0900,2026-06-01,amazon-now,jivo-pomace-olive-oil-5-litre-tin-for-everyday-cooking-5l,Pune,411028,2017,4999,59.7,1
2026-06-01-0900,2026-06-01,amazon-now,jivo-pomace-olive-oil-5-litre-tin-for-everyday-cooking-5l,Pune,411030,2017,4999,59.7,1
2026-06-01-0900,2026-06-01,amazon-now,jivo-pomace-olive-oil-5-litre-tin-for-everyday-cooking-5l,Pune,411036,2017,4999,59.7,1
2026-06-01-0900,2026-06-01,amazon-now,jivo-pomace-olive-oil-5-litre-tin-for-everyday-cooking-5l,Pune,411040,2017,4999,59.7,1
2026-06-01-0900,2026-06-01,amazon-now,jivo-pomace-olive-oil-5-litre-tin-for-everyday-cooking-5l,Pune,411047,2017,4999,59.7,1
2026-06-01-0900,2026-06-01,amazon-now,jivo-pomace-olive-oil-5-litre-tin-for-everyday-cooking-5l,Pune,411051,2017,4999,59.7,1
2026-06-01-0900,2026-06-01,amazon-now,jivo-pomace-olive-oil-5-litre-tin-for-everyday-cooking-5l,Pune,412104,2017,4999,59.7,1
2026-06-01-0900,2026-06-01,amazon-now,jivo-pomace-olive-oil-5-litre-tin-for-everyday-cooking-5l,Pune,412109,2017,4999,59.7,1
2026-06-01-0900,2026-06-01,amazon-now,jivo-pomace-olive-oil-5-litre-tin-for-everyday-cooking-5l,Pune,412114,2017,4999,59.7,1
2026-06-01-0900,2026-06-01,amazon-now,jivo-pomace-olive-oil-5-litre-tin-for-everyday-cooking-5l,Pune,412201,2017,4999,59.7,1
2026-06-01-0900,2026-06-01,amazon-now,jivo-pomace-olive-oil-5-litre-tin-for-everyday-cooking-5l,Pune,412208,2017,4999,59.7,1
2026-06-01-0900,2026-06-01,amazon-now,jivo-pomace-olive-oil-5-litre-tin-for-everyday-cooking-5l,Pune,412209,2017,4999,59.7,1
2026-06-01-0900,2026-06-01,amazon-now,jivo-pomace-olive-oil-5-litre-tin-for-everyday-cooking-5l,Pune,412210,2017,4999,59.7,1
2026-06-01-0900,2026-06-01,amazon-now,jivo-pomace-olive-oil-5-litre-tin-for-everyday-cooking-5l,Pune,412211,2017,4999,59.7,1
2026-06-01-0900,2026-06-01,amazon-now,jivo-pomace-olive-oil-5-litre-tin-for-everyday-cooking-5l,Pune,412213,2017,4999,59.7,1
2026-06-01-0900,2026-06-01,amazon-now,jivo-pomace-olive-oil-5-litre-tin-for-everyday-cooking-5l,Pune,412220,2017,4999,59.7,1
2026-06-01-0900,2026-06-01,amazon-now,jivo-pomace-olive-oil-5-litre-tin-for-everyday-cooking-5l,Pune,412301,2017,4999,59.7,1
2026-06-01-0900,2026-06-01,amazon-now,jivo-pomace-olive-oil-5-litre-tin-for-everyday-cooking-5l,Pune,412303,2017,4999,59.7,1
2026-06-01-0900,2026-06-01,amazon-now,jivo-pomace-olive-oil-5-litre-tin-for-everyday-cooking-5l,Pune,412308,2017,4999,59.7,1
2026-06-01-0900,2026-06-01,amazon-now,jivo-pomace-olive-oil-5-litre-tin-for-everyday-cooking-5l,Pune,412401,2017,4999,59.7,1
2026-06-01-0900,2026-06-01,amazon-now,jivo-pomace-olive-oil-5-litre-tin-for-everyday-cooking-5l,Pune,412405,2017,4999,59.7,1
2026-06-01-0900,2026-06-01,amazon-now,jivo-pomace-olive-oil-5-litre-tin-for-everyday-cooking-5l,Pune,412409,2017,4999,59.7,1
2026-06-01-0900,2026-06-01,amazon-now,jivo-pomace-olive-oil-5-litre-tin-for-everyday-cooking-5l,Pune,412410,2017,4999,59.7,1
2026-06-01-0900,2026-06-01,amazon-now,jivo-pomace-olive-oil-5-litre-tin-for-everyday-cooking-5l,Pune,413105,2017,4999,59.7,1
2026-06-01-0900,2026-06-01,amazon-now,jivo-pomace-olive-oil-5-litre-tin-for-everyday-cooking-5l,Pune,413132,2017,4999,59.7,1
2026-06-01-0900,2026-06-01,amazon-now,jivo-pomace-olive-oil-5-litre-tin-for-everyday-cooking-5l,Kolkata,700022,2119,4999,57.6,1
2026-06-01-0900,2026-06-01,amazon-now,jivo-pomace-olive-oil-5-litre-tin-for-everyday-cooking-5l,Kolkata,700024,2119,4999,57.6,1
2026-06-01-0900,2026-06-01,amazon-now,jivo-pomace-olive-oil-5-litre-tin-for-everyday-cooking-5l,Kolkata,700040,2119,4999,57.6,1
2026-06-01-0900,2026-06-01,amazon-now,jivo-pomace-olive-oil-5-litre-tin-for-everyday-cooking-5l,Kolkata,700053,2119,4999,57.6,1
2026-06-01-0900,2026-06-01,amazon-now,jivo-pomace-olive-oil-5-litre-tin-for-everyday-cooking-5l,Kolkata,700141,2119,4999,57.6,1
2026-06-01-0900,2026-06-01,amazon-now,jivo-premium-cold-pressed-kachi-ghani-mustard-oil-5-litre-5l,Delhi,110007,961,1250,23.1,1
2026-06-01-0900,2026-06-01,amazon-now,jivo-premium-cold-pressed-kachi-ghani-mustard-oil-5-litre-5l,Delhi,110008,961,1250,23.1,1
2026-06-01-0900,2026-06-01,amazon-now,jivo-premium-cold-pressed-kachi-ghani-mustard-oil-5-litre-5l,Delhi,110009,961,1250,23.1,1
2026-06-01-0900,2026-06-01,amazon-now,jivo-premium-cold-pressed-kachi-ghani-mustard-oil-5-litre-5l,Delhi,110010,961,1250,23.1,1
2026-06-01-0900,2026-06-01,amazon-now,jivo-premium-cold-pressed-kachi-ghani-mustard-oil-5-litre-5l,Delhi,110015,961,1250,23.1,1
2026-06-01-0900,2026-06-01,amazon-now,jivo-premium-cold-pressed-kachi-ghani-mustard-oil-5-litre-5l,Delhi,110018,961,1250,23.1,1
2026-06-01-0900,2026-06-01,amazon-now,jivo-premium-cold-pressed-kachi-ghani-mustard-oil-5-litre-5l,Delhi,110026,961,1250,23.1,1
2026-06-01-0900,2026-06-01,amazon-now,jivo-premium-cold-pressed-kachi-ghani-mustard-oil-5-litre-5l,Delhi,110033,961,1250,23.1,1
2026-06-01-0900,2026-06-01,amazon-now,jivo-premium-cold-pressed-kachi-ghani-mustard-oil-5-litre-5l,Delhi,110035,961,1250,23.1,1
2026-06-01-0900,2026-06-01,amazon-now,jivo-premium-cold-pressed-kachi-ghani-mustard-oil-5-litre-5l,Delhi,110036,961,1250,23.1,1
2026-06-01-0900,2026-06-01,amazon-now,jivo-premium-cold-pressed-kachi-ghani-mustard-oil-5-litre-5l,Delhi,110039,961,1250,23.1,1
2026-06-01-0900,2026-06-01,amazon-now,jivo-premium-cold-pressed-kachi-ghani-mustard-oil-5-litre-5l,Delhi,110040,961,1250,23.1,1
2026-06-01-0900,2026-06-01,amazon-now,jivo-premium-cold-pressed-kachi-ghani-mustard-oil-5-litre-5l,Delhi,110041,961,1250,23.1,1
2026-06-01-0900,2026-06-01,amazon-now,jivo-premium-cold-pressed-kachi-ghani-mustard-oil-5-litre-5l,Delhi,110042,961,1250,23.1,1
2026-06-01-0900,2026-06-01,amazon-now,jivo-premium-cold-pressed-kachi-ghani-mustard-oil-5-litre-5l,Delhi,110046,961,1250,23.1,1
2026-06-01-0900,2026-06-01,amazon-now,jivo-premium-cold-pressed-kachi-ghani-mustard-oil-5-litre-5l,Delhi,110052,961,1250,23.1,1
2026-06-01-0900,2026-06-01,amazon-now,jivo-premium-cold-pressed-kachi-ghani-mustard-oil-5-litre-5l,Delhi,110075,961,1250,23.1,1
2026-06-01-0900,2026-06-01,amazon-now,jivo-premium-cold-pressed-kachi-ghani-mustard-oil-5-litre-5l,Delhi,110081,961,1250,23.1,1
2026-06-01-0900,2026-06-01,amazon-now,jivo-premium-cold-pressed-kachi-ghani-mustard-oil-5-litre-5l,Delhi,110082,961,1250,23.1,1
2026-06-01-0900,2026-06-01,amazon-now,jivo-premium-cold-pressed-kachi-ghani-mustard-oil-5-litre-5l,Delhi,110083,961,1250,23.1,1
2026-06-01-0900,2026-06-01,amazon-now,jivo-premium-cold-pressed-kachi-ghani-mustard-oil-5-litre-5l,Delhi,110084,961,1250,23.1,1
2026-06-01-0900,2026-06-01,amazon-now,jivo-premium-cold-pressed-kachi-ghani-mustard-oil-5-litre-5l,Delhi,110085,961,1250,23.1,1
2026-06-01-0900,2026-06-01,amazon-now,jivo-premium-cold-pressed-kachi-ghani-mustard-oil-5-litre-5l,Delhi,110088,961,1250,23.1,1
2026-06-01-0900,2026-06-01,amazon-now,jivo-premium-cold-pressed-kachi-ghani-mustard-oil-5-litre-5l,Faridabad,121001,961,1250,23.1,1
2026-06-01-0900,2026-06-01,amazon-now,jivo-premium-cold-pressed-kachi-ghani-mustard-oil-5-litre-5l,Faridabad,121002,961,1250,23.1,1
2026-06-01-0900,2026-06-01,amazon-now,jivo-premium-cold-pressed-kachi-ghani-mustard-oil-5-litre-5l,Faridabad,121003,961,1250,23.1,1
2026-06-01-0900,2026-06-01,amazon-now,jivo-premium-cold-pressed-kachi-ghani-mustard-oil-5-litre-5l,Faridabad,121004,961,1250,23.1,1
2026-06-01-0900,2026-06-01,amazon-now,jivo-premium-cold-pressed-kachi-ghani-mustard-oil-5-litre-5l,Faridabad,121011,961,1250,23.1,1
2026-06-01-0900,2026-06-01,amazon-now,jivo-premium-cold-pressed-kachi-ghani-mustard-oil-5-litre-5l,Faridabad,121101,961,1250,23.1,1
2026-06-01-0900,2026-06-01,amazon-now,jivo-premium-cold-pressed-kachi-ghani-mustard-oil-5-litre-5l,Gurgaon,121104,961,1250,23.1,1
2026-06-01-0900,2026-06-01,amazon-now,jivo-premium-cold-pressed-kachi-ghani-mustard-oil-5-litre-5l,Gurgaon,122051,961,1250,23.1,1
2026-06-01-0900,2026-06-01,amazon-now,jivo-premium-cold-pressed-kachi-ghani-mustard-oil-5-litre-5l,Gurgaon,122105,961,1250,23.1,1
2026-06-01-0900,2026-06-01,amazon-now,jivo-premium-cold-pressed-kachi-ghani-mustard-oil-5-litre-5l,Gurgaon,122106,961,1250,23.1,1
2026-06-01-0900,2026-06-01,amazon-now,jivo-premium-cold-pressed-kachi-ghani-mustard-oil-5-litre-5l,Gurgaon,123003,961,1250,23.1,1
2026-06-01-0900,2026-06-01,amazon-now,jivo-premium-cold-pressed-kachi-ghani-mustard-oil-5-litre-5l,Gurgaon,123413,961,1250,23.1,1
2026-06-01-0900,2026-06-01,amazon-now,jivo-premium-cold-pressed-kachi-ghani-mustard-oil-5-litre-5l,Gurgaon,123502,961,1250,23.1,1
2026-06-01-0900,2026-06-01,amazon-now,jivo-premium-cold-pressed-kachi-ghani-mustard-oil-5-litre-5l,Gurgaon,123505,961,1250,23.1,1
2026-06-01-0900,2026-06-01,amazon-now,jivo-premium-cold-pressed-kachi-ghani-mustard-oil-5-litre-5l,Ludhiana,141007,961,1250,23.1,1
2026-06-01-0900,2026-06-01,amazon-now,jivo-premium-cold-pressed-kachi-ghani-mustard-oil-5-litre-5l,Ludhiana,141106,961,1250,23.1,1
2026-06-01-0900,2026-06-01,amazon-now,jivo-premium-cold-pressed-kachi-ghani-mustard-oil-5-litre-5l,Ludhiana,141107,961,1250,23.1,1
2026-06-01-0900,2026-06-01,amazon-now,jivo-premium-cold-pressed-kachi-ghani-mustard-oil-5-litre-5l,Ludhiana,141108,961,1250,23.1,1
2026-06-01-0900,2026-06-01,amazon-now,jivo-premium-cold-pressed-kachi-ghani-mustard-oil-5-litre-5l,Ludhiana,141125,961,1250,23.1,1
2026-06-01-0900,2026-06-01,amazon-now,jivo-premium-cold-pressed-kachi-ghani-mustard-oil-5-litre-5l,Ludhiana,141126,961,1250,23.1,1
2026-06-01-0900,2026-06-01,amazon-now,jivo-premium-cold-pressed-kachi-ghani-mustard-oil-5-litre-5l,Ludhiana,141202,961,1250,23.1,1
2026-06-01-0900,2026-06-01,amazon-now,jivo-premium-cold-pressed-kachi-ghani-mustard-oil-5-litre-5l,Ludhiana,141204,961,1250,23.1,1
2026-06-01-0900,2026-06-01,amazon-now,jivo-premium-cold-pressed-kachi-ghani-mustard-oil-5-litre-5l,Ludhiana,141206,961,1250,23.1,1
2026-06-01-0900,2026-06-01,amazon-now,jivo-premium-cold-pressed-kachi-ghani-mustard-oil-5-litre-5l,Ludhiana,141412,961,1250,23.1,1
2026-06-01-0900,2026-06-01,amazon-now,jivo-premium-cold-pressed-kachi-ghani-mustard-oil-5-litre-5l,Ludhiana,141413,961,1250,23.1,1
2026-06-01-0900,2026-06-01,amazon-now,jivo-premium-cold-pressed-kachi-ghani-mustard-oil-5-litre-5l,Ludhiana,141414,961,1250,23.1,1
2026-06-01-0900,2026-06-01,amazon-now,jivo-premium-cold-pressed-kachi-ghani-mustard-oil-5-litre-5l,Ludhiana,141415,961,1250,23.1,1
2026-06-01-0900,2026-06-01,amazon-now,jivo-premium-cold-pressed-kachi-ghani-mustard-oil-5-litre-5l,Ludhiana,141417,961,1250,23.1,1
2026-06-01-0900,2026-06-01,amazon-now,jivo-premium-cold-pressed-kachi-ghani-mustard-oil-5-litre-5l,Ludhiana,141419,961,1250,23.1,1
2026-06-01-0900,2026-06-01,amazon-now,jivo-premium-cold-pressed-kachi-ghani-mustard-oil-5-litre-5l,Ludhiana,142023,961,1250,23.1,1
2026-06-01-0900,2026-06-01,amazon-now,jivo-premium-cold-pressed-kachi-ghani-mustard-oil-5-litre-5l,Ludhiana,142024,961,1250,23.1,1
2026-06-01-0900,2026-06-01,amazon-now,jivo-premium-cold-pressed-kachi-ghani-mustard-oil-5-litre-5l,Ludhiana,142026,961,1250,23.1,1
2026-06-01-0900,2026-06-01,amazon-now,jivo-premium-cold-pressed-kachi-ghani-mustard-oil-5-litre-5l,Ludhiana,142029,961,1250,23.1,1
2026-06-01-0900,2026-06-01,amazon-now,jivo-premium-cold-pressed-kachi-ghani-mustard-oil-5-litre-5l,Ludhiana,142030,961,1250,23.1,1
2026-06-01-0900,2026-06-01,amazon-now,jivo-premium-cold-pressed-kachi-ghani-mustard-oil-5-litre-5l,Ludhiana,142031,961,1250,23.1,1
2026-06-01-0900,2026-06-01,amazon-now,jivo-premium-cold-pressed-kachi-ghani-mustard-oil-5-litre-5l,Ludhiana,142032,961,1250,23.1,1
2026-06-01-0900,2026-06-01,amazon-now,jivo-premium-cold-pressed-kachi-ghani-mustard-oil-5-litre-5l,Ludhiana,142035,961,1250,23.1,1
2026-06-01-0900,2026-06-01,amazon-now,jivo-premium-cold-pressed-kachi-ghani-mustard-oil-5-litre-5l,Ludhiana,142036,961,1250,23.1,1
2026-06-01-0900,2026-06-01,amazon-now,jivo-premium-cold-pressed-kachi-ghani-mustard-oil-5-litre-5l,Chandigarh,160021,961,1250,23.1,1
2026-06-01-0900,2026-06-01,amazon-now,jivo-premium-cold-pressed-kachi-ghani-mustard-oil-5-litre-5l,Ghaziabad,201001,961,1250,23.1,1
2026-06-01-0900,2026-06-01,amazon-now,jivo-premium-cold-pressed-kachi-ghani-mustard-oil-5-litre-5l,Ghaziabad,201002,961,1250,23.1,1
2026-06-01-0900,2026-06-01,amazon-now,jivo-premium-cold-pressed-kachi-ghani-mustard-oil-5-litre-5l,Ghaziabad,201003,961,1250,23.1,1
2026-06-01-0900,2026-06-01,amazon-now,jivo-premium-cold-pressed-kachi-ghani-mustard-oil-5-litre-5l,Ghaziabad,201005,961,1250,23.1,1
2026-06-01-0900,2026-06-01,amazon-now,jivo-premium-cold-pressed-kachi-ghani-mustard-oil-5-litre-5l,Noida,201008,961,1250,23.1,1
2026-06-01-0900,2026-06-01,amazon-now,jivo-premium-cold-pressed-kachi-ghani-mustard-oil-5-litre-5l,Ghaziabad,201201,961,1250,23.1,1
2026-06-01-0900,2026-06-01,amazon-now,jivo-premium-cold-pressed-kachi-ghani-mustard-oil-5-litre-5l,Ghaziabad,201204,961,1250,23.1,1
2026-06-01-0900,2026-06-01,amazon-now,jivo-premium-cold-pressed-kachi-ghani-mustard-oil-5-litre-5l,Ghaziabad,201302,961,1250,23.1,1
2026-06-01-0900,2026-06-01,amazon-now,jivo-premium-cold-pressed-kachi-ghani-mustard-oil-5-litre-5l,Noida,201304,961,1250,23.1,1
2026-06-01-0900,2026-06-01,amazon-now,jivo-premium-cold-pressed-kachi-ghani-mustard-oil-5-litre-5l,Noida,201305,961,1250,23.1,1
2026-06-01-0900,2026-06-01,amazon-now,jivo-premium-cold-pressed-kachi-ghani-mustard-oil-5-litre-5l,Noida,201306,961,1250,23.1,1
2026-06-01-0900,2026-06-01,amazon-now,jivo-premium-cold-pressed-kachi-ghani-mustard-oil-5-litre-5l,Noida,201310,961,1250,23.1,1
2026-06-01-0900,2026-06-01,amazon-now,jivo-premium-cold-pressed-kachi-ghani-mustard-oil-5-litre-5l,Noida,203207,961,1250,23.1,1
2026-06-01-0900,2026-06-01,amazon-now,jivo-premium-cold-pressed-kachi-ghani-mustard-oil-5-litre-5l,Ghaziabad,245304,961,1250,23.1,1
2026-06-01-0900,2026-06-01,amazon-now,jivo-premium-cold-pressed-kachi-ghani-mustard-oil-5-litre-5l,Jaipur,302001,999,1250,20.1,1
2026-06-01-0900,2026-06-01,amazon-now,jivo-premium-cold-pressed-kachi-ghani-mustard-oil-5-litre-5l,Jaipur,302011,961,1250,23.1,1
2026-06-01-0900,2026-06-01,amazon-now,jivo-premium-cold-pressed-kachi-ghani-mustard-oil-5-litre-5l,Jaipur,302012,999,1250,20.1,1
2026-06-01-0900,2026-06-01,amazon-now,jivo-premium-cold-pressed-kachi-ghani-mustard-oil-5-litre-5l,Jaipur,302013,999,1250,20.1,1
2026-06-01-0900,2026-06-01,amazon-now,jivo-premium-cold-pressed-kachi-ghani-mustard-oil-5-litre-5l,Jaipur,302016,999,1250,20.1,1
2026-06-01-0900,2026-06-01,amazon-now,jivo-premium-cold-pressed-kachi-ghani-mustard-oil-5-litre-5l,Jaipur,302021,999,1250,20.1,1
2026-06-01-0900,2026-06-01,amazon-now,jivo-premium-cold-pressed-kachi-ghani-mustard-oil-5-litre-5l,Jaipur,302022,961,1250,23.1,1
2026-06-01-0900,2026-06-01,amazon-now,jivo-premium-cold-pressed-kachi-ghani-mustard-oil-5-litre-5l,Jaipur,302023,999,1250,20.1,1
2026-06-01-0900,2026-06-01,amazon-now,jivo-premium-cold-pressed-kachi-ghani-mustard-oil-5-litre-5l,Jaipur,302024,999,1250,20.1,1
2026-06-01-0900,2026-06-01,amazon-now,jivo-premium-cold-pressed-kachi-ghani-mustard-oil-5-litre-5l,Jaipur,302025,961,1250,23.1,1
2026-06-01-0900,2026-06-01,amazon-now,jivo-premium-cold-pressed-kachi-ghani-mustard-oil-5-litre-5l,Jaipur,302026,961,1250,23.1,1
2026-06-01-0900,2026-06-01,amazon-now,jivo-premium-cold-pressed-kachi-ghani-mustard-oil-5-litre-5l,Jaipur,302028,961,1250,23.1,1
2026-06-01-0900,2026-06-01,amazon-now,jivo-premium-cold-pressed-kachi-ghani-mustard-oil-5-litre-5l,Jaipur,302029,961,1250,23.1,1
2026-06-01-0900,2026-06-01,amazon-now,jivo-premium-cold-pressed-kachi-ghani-mustard-oil-5-litre-5l,Jaipur,302032,999,1250,20.1,1
2026-06-01-0900,2026-06-01,amazon-now,jivo-premium-cold-pressed-kachi-ghani-mustard-oil-5-litre-5l,Jaipur,303001,961,1250,23.1,1
2026-06-01-0900,2026-06-01,amazon-now,jivo-premium-cold-pressed-kachi-ghani-mustard-oil-5-litre-5l,Jaipur,303002,961,1250,23.1,1
2026-06-01-0900,2026-06-01,amazon-now,jivo-premium-cold-pressed-kachi-ghani-mustard-oil-5-litre-5l,Jaipur,303003,961,1250,23.1,1
2026-06-01-0900,2026-06-01,amazon-now,jivo-premium-cold-pressed-kachi-ghani-mustard-oil-5-litre-5l,Jaipur,303006,961,1250,23.1,1
2026-06-01-0900,2026-06-01,amazon-now,jivo-premium-cold-pressed-kachi-ghani-mustard-oil-5-litre-5l,Jaipur,303009,961,1250,23.1,1
2026-06-01-0900,2026-06-01,amazon-now,jivo-premium-cold-pressed-kachi-ghani-mustard-oil-5-litre-5l,Jaipur,303012,961,1250,23.1,1
2026-06-01-0900,2026-06-01,amazon-now,jivo-premium-cold-pressed-kachi-ghani-mustard-oil-5-litre-5l,Jaipur,303103,961,1250,23.1,1
2026-06-01-0900,2026-06-01,amazon-now,jivo-premium-cold-pressed-kachi-ghani-mustard-oil-5-litre-5l,Jaipur,303105,961,1250,23.1,1
2026-06-01-0900,2026-06-01,amazon-now,jivo-premium-cold-pressed-kachi-ghani-mustard-oil-5-litre-5l,Jaipur,303107,961,1250,23.1,1
2026-06-01-0900,2026-06-01,amazon-now,jivo-premium-cold-pressed-kachi-ghani-mustard-oil-5-litre-5l,Jaipur,303108,961,1250,23.1,1
2026-06-01-0900,2026-06-01,amazon-now,jivo-premium-cold-pressed-kachi-ghani-mustard-oil-5-litre-5l,Jaipur,303109,961,1250,23.1,1
2026-06-01-0900,2026-06-01,amazon-now,jivo-premium-cold-pressed-kachi-ghani-mustard-oil-5-litre-5l,Jaipur,303110,961,1250,23.1,1
2026-06-01-0900,2026-06-01,amazon-now,jivo-premium-cold-pressed-kachi-ghani-mustard-oil-5-litre-5l,Jaipur,303120,961,1250,23.1,1
2026-06-01-0900,2026-06-01,amazon-now,jivo-premium-cold-pressed-kachi-ghani-mustard-oil-5-litre-5l,Jaipur,303328,961,1250,23.1,1
2026-06-01-0900,2026-06-01,amazon-now,jivo-premium-cold-pressed-kachi-ghani-mustard-oil-5-litre-5l,Jaipur,303329,961,1250,23.1,1
2026-06-01-0900,2026-06-01,amazon-now,jivo-premium-cold-pressed-kachi-ghani-mustard-oil-5-litre-5l,Jaipur,303348,961,1250,23.1,1
2026-06-01-0900,2026-06-01,amazon-now,jivo-premium-cold-pressed-kachi-ghani-mustard-oil-5-litre-5l,Jaipur,303602,961,1250,23.1,1
2026-06-01-0900,2026-06-01,amazon-now,jivo-premium-cold-pressed-kachi-ghani-mustard-oil-5-litre-5l,Jaipur,303604,961,1250,23.1,1
2026-06-01-0900,2026-06-01,amazon-now,jivo-premium-cold-pressed-kachi-ghani-mustard-oil-5-litre-5l,Jaipur,303701,961,1250,23.1,1
2026-06-01-0900,2026-06-01,amazon-now,jivo-premium-cold-pressed-kachi-ghani-mustard-oil-5-litre-5l,Jaipur,303706,961,1250,23.1,1
2026-06-01-0900,2026-06-01,amazon-now,jivo-premium-cold-pressed-kachi-ghani-mustard-oil-5-litre-5l,Jaipur,303712,961,1250,23.1,1
2026-06-01-0900,2026-06-01,amazon-now,jivo-premium-cold-pressed-kachi-ghani-mustard-oil-5-litre-5l,Jaipur,303802,961,1250,23.1,1
2026-06-01-0900,2026-06-01,amazon-now,jivo-premium-cold-pressed-kachi-ghani-mustard-oil-5-litre-5l,Jaipur,303803,961,1250,23.1,1
2026-06-01-0900,2026-06-01,amazon-now,jivo-premium-cold-pressed-kachi-ghani-mustard-oil-5-litre-5l,Jaipur,303804,961,1250,23.1,1
2026-06-01-0900,2026-06-01,amazon-now,jivo-premium-cold-pressed-kachi-ghani-mustard-oil-5-litre-5l,Jaipur,303806,961,1250,23.1,1
2026-06-01-0900,2026-06-01,amazon-now,jivo-premium-cold-pressed-kachi-ghani-mustard-oil-5-litre-5l,Jaipur,303807,961,1250,23.1,1
2026-06-01-0900,2026-06-01,amazon-now,jivo-premium-cold-pressed-kachi-ghani-mustard-oil-5-litre-5l,Jaipur,303901,961,1250,23.1,1
2026-06-01-0900,2026-06-01,amazon-now,jivo-premium-cold-pressed-kachi-ghani-mustard-oil-5-litre-5l,Jaipur,303905,961,1250,23.1,1
2026-06-01-0900,2026-06-01,amazon-now,jivo-premium-cold-pressed-kachi-ghani-mustard-oil-5-litre-5l,Jaipur,303908,961,1250,23.1,1
2026-06-01-0900,2026-06-01,amazon-now,jivo-premium-cold-pressed-kachi-ghani-mustard-oil-5-litre-5l,Mumbai,400601,961,1250,23.1,1
2026-06-01-0900,2026-06-01,amazon-now,jivo-premium-cold-pressed-kachi-ghani-mustard-oil-5-litre-5l,Kolkata,700022,999,1250,20.1,1
2026-06-01-0900,2026-06-01,amazon-now,jivo-premium-cold-pressed-kachi-ghani-mustard-oil-5-litre-5l,Kolkata,700024,999,1250,20.1,1
2026-06-01-0900,2026-06-01,amazon-now,jivo-premium-cold-pressed-kachi-ghani-mustard-oil-5-litre-5l,Kolkata,700040,999,1250,20.1,1
2026-06-01-0900,2026-06-01,amazon-now,jivo-premium-cold-pressed-kachi-ghani-mustard-oil-5-litre-5l,Kolkata,700053,999,1250,20.1,1
2026-06-01-0900,2026-06-01,amazon-now,jivo-premium-cold-pressed-kachi-ghani-mustard-oil-5-litre-5l,Kolkata,700141,999,1250,20.1,1
2026-06-01-0900,2026-06-01,amazon-now,jivo-pure-extra-virgin-coconut-oil-1-litre-1l,Kolkata,700001,539,700,23,1
2026-06-01-0900,2026-06-01,amazon-now,jivo-pure-extra-virgin-coconut-oil-1-litre-1l,Kolkata,700015,539,700,23,1
2026-06-01-0900,2026-06-01,amazon-now,jivo-pure-extra-virgin-coconut-oil-1-litre-1l,Kolkata,700019,539,700,23,1
2026-06-01-0900,2026-06-01,amazon-now,jivo-pure-extra-virgin-coconut-oil-1-litre-1l,Kolkata,700022,539,700,23,1
2026-06-01-0900,2026-06-01,amazon-now,jivo-pure-extra-virgin-coconut-oil-1-litre-1l,Kolkata,700024,539,700,23,1
2026-06-01-0900,2026-06-01,amazon-now,jivo-pure-extra-virgin-coconut-oil-1-litre-1l,Kolkata,700053,539,700,23,1
2026-06-01-0900,2026-06-01,amazon-now,jivo-pure-extra-virgin-coconut-oil-1-litre-1l,Kolkata,700069,539,700,23,1
2026-06-01-0900,2026-06-01,amazon-now,jivo-pure-extra-virgin-coconut-oil-1-litre-1l,Kolkata,700089,539,700,23,1
2026-06-01-0900,2026-06-01,amazon-now,jivo-pure-extra-virgin-coconut-oil-1-litre-1l,Kolkata,700107,539,700,23,1
2026-06-01-0900,2026-06-01,amazon-now,jivo-pure-extra-virgin-coconut-oil-1-litre-1l,Kolkata,700141,539,700,23,1
2026-06-01-0900,2026-06-01,amazon-now,jivo-pure-extra-virgin-coconut-oil-500-ml-500ml,Mumbai,400001,265,399,33.6,1
2026-06-01-0900,2026-06-01,amazon-now,jivo-pure-extra-virgin-coconut-oil-500-ml-500ml,Mumbai,400003,265,399,33.6,1
2026-06-01-0900,2026-06-01,amazon-now,jivo-pure-extra-virgin-coconut-oil-500-ml-500ml,Mumbai,400004,265,399,33.6,1
2026-06-01-0900,2026-06-01,amazon-now,jivo-pure-extra-virgin-coconut-oil-500-ml-500ml,Mumbai,400005,265,399,33.6,1
2026-06-01-0900,2026-06-01,amazon-now,jivo-pure-extra-virgin-coconut-oil-500-ml-500ml,Mumbai,400006,265,399,33.6,1
2026-06-01-0900,2026-06-01,amazon-now,jivo-pure-extra-virgin-coconut-oil-500-ml-500ml,Mumbai,400007,265,399,33.6,1
2026-06-01-0900,2026-06-01,amazon-now,jivo-pure-extra-virgin-coconut-oil-500-ml-500ml,Mumbai,400010,265,399,33.6,1
2026-06-01-0900,2026-06-01,amazon-now,jivo-pure-extra-virgin-coconut-oil-500-ml-500ml,Mumbai,400011,265,399,33.6,1
2026-06-01-0900,2026-06-01,amazon-now,jivo-pure-extra-virgin-coconut-oil-500-ml-500ml,Mumbai,400012,265,399,33.6,1
2026-06-01-0900,2026-06-01,amazon-now,jivo-pure-extra-virgin-coconut-oil-500-ml-500ml,Mumbai,400013,265,399,33.6,1
2026-06-01-0900,2026-06-01,amazon-now,jivo-pure-extra-virgin-coconut-oil-500-ml-500ml,Mumbai,400015,265,399,33.6,1
2026-06-01-0900,2026-06-01,amazon-now,jivo-pure-extra-virgin-coconut-oil-500-ml-500ml,Mumbai,400017,265,399,33.6,1
2026-06-01-0900,2026-06-01,amazon-now,jivo-pure-extra-virgin-coconut-oil-500-ml-500ml,Mumbai,400018,265,399,33.6,1
2026-06-01-0900,2026-06-01,amazon-now,jivo-pure-extra-virgin-coconut-oil-500-ml-500ml,Mumbai,400019,265,399,33.6,1
2026-06-01-0900,2026-06-01,amazon-now,jivo-pure-extra-virgin-coconut-oil-500-ml-500ml,Mumbai,400020,265,399,33.6,1
2026-06-01-0900,2026-06-01,amazon-now,jivo-pure-extra-virgin-coconut-oil-500-ml-500ml,Mumbai,400021,265,399,33.6,1
2026-06-01-0900,2026-06-01,amazon-now,jivo-pure-extra-virgin-coconut-oil-500-ml-500ml,Mumbai,400025,265,399,33.6,1
2026-06-01-0900,2026-06-01,amazon-now,jivo-pure-extra-virgin-coconut-oil-500-ml-500ml,Mumbai,400026,265,399,33.6,1
2026-06-01-0900,2026-06-01,amazon-now,jivo-pure-extra-virgin-coconut-oil-500-ml-500ml,Mumbai,400030,265,399,33.6,1
2026-06-01-0900,2026-06-01,amazon-now,jivo-pure-extra-virgin-coconut-oil-500-ml-500ml,Mumbai,400033,265,399,33.6,1
2026-06-01-0900,2026-06-01,amazon-now,jivo-pure-extra-virgin-coconut-oil-500-ml-500ml,Mumbai,400041,265,399,33.6,1
2026-06-01-0900,2026-06-01,amazon-now,jivo-pure-extra-virgin-coconut-oil-500-ml-500ml,Mumbai,400090,265,399,33.6,1
2026-06-01-0900,2026-06-01,amazon-now,jivo-pure-extra-virgin-coconut-oil-500-ml-500ml,Mumbai,400601,265,399,33.6,1
2026-06-01-0900,2026-06-01,amazon-now,jivo-pure-extra-virgin-coconut-oil-500-ml-500ml,Mumbai,400701,265,399,33.6,1
2026-06-01-0900,2026-06-01,amazon-now,jivo-pure-extra-virgin-coconut-oil-500-ml-500ml,Mumbai,400703,265,399,33.6,1
2026-06-01-0900,2026-06-01,amazon-now,jivo-pure-extra-virgin-coconut-oil-500-ml-500ml,Pune,411001,265,399,33.6,1
2026-06-01-0900,2026-06-01,amazon-now,jivo-pure-extra-virgin-coconut-oil-500-ml-500ml,Pune,411003,265,399,33.6,1
2026-06-01-0900,2026-06-01,amazon-now,jivo-pure-extra-virgin-coconut-oil-500-ml-500ml,Pune,411004,265,399,33.6,1
2026-06-01-0900,2026-06-01,amazon-now,jivo-pure-extra-virgin-coconut-oil-500-ml-500ml,Pune,411005,265,399,33.6,1
2026-06-01-0900,2026-06-01,amazon-now,jivo-pure-extra-virgin-coconut-oil-500-ml-500ml,Pune,411006,265,399,33.6,1
2026-06-01-0900,2026-06-01,amazon-now,jivo-pure-extra-virgin-coconut-oil-500-ml-500ml,Pune,411011,265,399,33.6,1
2026-06-01-0900,2026-06-01,amazon-now,jivo-pure-extra-virgin-coconut-oil-500-ml-500ml,Pune,411012,265,399,33.6,1
2026-06-01-0900,2026-06-01,amazon-now,jivo-pure-extra-virgin-coconut-oil-500-ml-500ml,Pune,411014,265,399,33.6,1
2026-06-01-0900,2026-06-01,amazon-now,jivo-pure-extra-virgin-coconut-oil-500-ml-500ml,Pune,411015,265,399,33.6,1
2026-06-01-0900,2026-06-01,amazon-now,jivo-pure-extra-virgin-coconut-oil-500-ml-500ml,Pune,411020,265,399,33.6,1
2026-06-01-0900,2026-06-01,amazon-now,jivo-pure-extra-virgin-coconut-oil-500-ml-500ml,Pune,411028,265,399,33.6,1
2026-06-01-0900,2026-06-01,amazon-now,jivo-pure-extra-virgin-coconut-oil-500-ml-500ml,Pune,411030,265,399,33.6,1
2026-06-01-0900,2026-06-01,amazon-now,jivo-pure-extra-virgin-coconut-oil-500-ml-500ml,Pune,411035,265,399,33.6,1
2026-06-01-0900,2026-06-01,amazon-now,jivo-pure-extra-virgin-coconut-oil-500-ml-500ml,Pune,411036,265,399,33.6,1
2026-06-01-0900,2026-06-01,amazon-now,jivo-pure-extra-virgin-coconut-oil-500-ml-500ml,Pune,411040,265,399,33.6,1
2026-06-01-0900,2026-06-01,amazon-now,jivo-pure-extra-virgin-coconut-oil-500-ml-500ml,Pune,411045,265,399,33.6,1
2026-06-01-0900,2026-06-01,amazon-now,jivo-pure-extra-virgin-coconut-oil-500-ml-500ml,Pune,411047,265,399,33.6,1
2026-06-01-0900,2026-06-01,amazon-now,jivo-pure-extra-virgin-coconut-oil-500-ml-500ml,Pune,411051,265,399,33.6,1
2026-06-01-0900,2026-06-01,amazon-now,jivo-pure-extra-virgin-coconut-oil-500-ml-500ml,Pune,412308,265,399,33.6,1
2026-06-01-0900,2026-06-01,amazon-now,jivo-rice-bran-oil-1-litre-cooking-oil-1l,Delhi,110001,189,285,33.7,1
2026-06-01-0900,2026-06-01,amazon-now,jivo-rice-bran-oil-1-litre-cooking-oil-1l,Delhi,110002,189,285,33.7,1
2026-06-01-0900,2026-06-01,amazon-now,jivo-rice-bran-oil-1-litre-cooking-oil-1l,Delhi,110004,189,285,33.7,1
2026-06-01-0900,2026-06-01,amazon-now,jivo-rice-bran-oil-1-litre-cooking-oil-1l,Delhi,110006,189,285,33.7,1
2026-06-01-0900,2026-06-01,amazon-now,jivo-rice-bran-oil-1-litre-cooking-oil-1l,Delhi,110021,189,285,33.7,1
2026-06-01-0900,2026-06-01,amazon-now,jivo-rice-bran-oil-1-litre-cooking-oil-1l,Delhi,110031,189,285,33.7,1
2026-06-01-0900,2026-06-01,amazon-now,jivo-rice-bran-oil-1-litre-cooking-oil-1l,Delhi,110037,189,285,33.7,1
2026-06-01-0900,2026-06-01,amazon-now,jivo-rice-bran-oil-1-litre-cooking-oil-1l,Delhi,110053,189,285,33.7,1
2026-06-01-0900,2026-06-01,amazon-now,jivo-rice-bran-oil-1-litre-cooking-oil-1l,Delhi,110054,189,285,33.7,1
2026-06-01-0900,2026-06-01,amazon-now,jivo-rice-bran-oil-1-litre-cooking-oil-1l,Delhi,110055,189,285,33.7,1
2026-06-01-0900,2026-06-01,amazon-now,jivo-rice-bran-oil-1-litre-cooking-oil-1l,Delhi,110061,189,285,33.7,1
2026-06-01-0900,2026-06-01,amazon-now,jivo-rice-bran-oil-1-litre-cooking-oil-1l,Delhi,110067,189,285,33.7,1
2026-06-01-0900,2026-06-01,amazon-now,jivo-rice-bran-oil-1-litre-cooking-oil-1l,Delhi,110070,189,285,33.7,1
2026-06-01-0900,2026-06-01,amazon-now,jivo-rice-bran-oil-1-litre-cooking-oil-1l,Delhi,110091,189,285,33.7,1
2026-06-01-0900,2026-06-01,amazon-now,jivo-rice-bran-oil-1-litre-cooking-oil-1l,Gurgaon,122001,189,285,33.7,1
2026-06-01-0900,2026-06-01,amazon-now,jivo-rice-bran-oil-1-litre-cooking-oil-1l,Gurgaon,122010,189,285,33.7,1
2026-06-01-0900,2026-06-01,amazon-now,jivo-rice-bran-oil-1-litre-cooking-oil-1l,Mumbai,400001,189,285,33.7,1
2026-06-01-0900,2026-06-01,amazon-now,jivo-rice-bran-oil-1-litre-cooking-oil-1l,Mumbai,400003,189,285,33.7,1
2026-06-01-0900,2026-06-01,amazon-now,jivo-rice-bran-oil-1-litre-cooking-oil-1l,Mumbai,400004,189,285,33.7,1
2026-06-01-0900,2026-06-01,amazon-now,jivo-rice-bran-oil-1-litre-cooking-oil-1l,Mumbai,400005,189,285,33.7,1
2026-06-01-0900,2026-06-01,amazon-now,jivo-rice-bran-oil-1-litre-cooking-oil-1l,Mumbai,400006,189,285,33.7,1
2026-06-01-0900,2026-06-01,amazon-now,jivo-rice-bran-oil-1-litre-cooking-oil-1l,Mumbai,400007,189,285,33.7,1
2026-06-01-0900,2026-06-01,amazon-now,jivo-rice-bran-oil-1-litre-cooking-oil-1l,Mumbai,400010,189,285,33.7,1
2026-06-01-0900,2026-06-01,amazon-now,jivo-rice-bran-oil-1-litre-cooking-oil-1l,Mumbai,400011,189,285,33.7,1
2026-06-01-0900,2026-06-01,amazon-now,jivo-rice-bran-oil-1-litre-cooking-oil-1l,Mumbai,400012,189,285,33.7,1
2026-06-01-0900,2026-06-01,amazon-now,jivo-rice-bran-oil-1-litre-cooking-oil-1l,Mumbai,400013,189,285,33.7,1
2026-06-01-0900,2026-06-01,amazon-now,jivo-rice-bran-oil-1-litre-cooking-oil-1l,Mumbai,400015,189,285,33.7,1
2026-06-01-0900,2026-06-01,amazon-now,jivo-rice-bran-oil-1-litre-cooking-oil-1l,Mumbai,400017,189,285,33.7,1
2026-06-01-0900,2026-06-01,amazon-now,jivo-rice-bran-oil-1-litre-cooking-oil-1l,Mumbai,400018,189,285,33.7,1
2026-06-01-0900,2026-06-01,amazon-now,jivo-rice-bran-oil-1-litre-cooking-oil-1l,Mumbai,400019,189,285,33.7,1
2026-06-01-0900,2026-06-01,amazon-now,jivo-rice-bran-oil-1-litre-cooking-oil-1l,Mumbai,400020,189,285,33.7,1
2026-06-01-0900,2026-06-01,amazon-now,jivo-rice-bran-oil-1-litre-cooking-oil-1l,Mumbai,400021,189,285,33.7,1
2026-06-01-0900,2026-06-01,amazon-now,jivo-rice-bran-oil-1-litre-cooking-oil-1l,Mumbai,400025,189,285,33.7,1
2026-06-01-0900,2026-06-01,amazon-now,jivo-rice-bran-oil-1-litre-cooking-oil-1l,Mumbai,400026,189,285,33.7,1
2026-06-01-0900,2026-06-01,amazon-now,jivo-rice-bran-oil-1-litre-cooking-oil-1l,Mumbai,400030,189,285,33.7,1
2026-06-01-0900,2026-06-01,amazon-now,jivo-rice-bran-oil-1-litre-cooking-oil-1l,Mumbai,400033,189,285,33.7,1
2026-06-01-0900,2026-06-01,amazon-now,jivo-rice-bran-oil-1-litre-cooking-oil-1l,Mumbai,400041,189,285,33.7,1
2026-06-01-0900,2026-06-01,amazon-now,jivo-rice-bran-oil-1-litre-cooking-oil-1l,Mumbai,400090,169,285,40.7,1
2026-06-01-0900,2026-06-01,amazon-now,jivo-rice-bran-oil-1-litre-cooking-oil-1l,Mumbai,400701,189,285,33.7,1
2026-06-01-0900,2026-06-01,amazon-now,jivo-rice-bran-oil-1-litre-cooking-oil-1l,Mumbai,400703,189,285,33.7,1
2026-06-01-0900,2026-06-01,amazon-now,jivo-rice-bran-oil-1-litre-cooking-oil-1l,Pune,411001,189,285,33.7,1
2026-06-01-0900,2026-06-01,amazon-now,jivo-rice-bran-oil-1-litre-cooking-oil-1l,Pune,411004,189,285,33.7,1
2026-06-01-0900,2026-06-01,amazon-now,jivo-rice-bran-oil-1-litre-cooking-oil-1l,Pune,411005,189,285,33.7,1
2026-06-01-0900,2026-06-01,amazon-now,jivo-rice-bran-oil-1-litre-cooking-oil-1l,Pune,411006,189,285,33.7,1
2026-06-01-0900,2026-06-01,amazon-now,jivo-rice-bran-oil-1-litre-cooking-oil-1l,Pune,411011,189,285,33.7,1
2026-06-01-0900,2026-06-01,amazon-now,jivo-rice-bran-oil-1-litre-cooking-oil-1l,Pune,411014,189,285,33.7,1
2026-06-01-0900,2026-06-01,amazon-now,jivo-rice-bran-oil-1-litre-cooking-oil-1l,Pune,411015,189,285,33.7,1
2026-06-01-0900,2026-06-01,amazon-now,jivo-rice-bran-oil-1-litre-cooking-oil-1l,Pune,411028,189,285,33.7,1
2026-06-01-0900,2026-06-01,amazon-now,jivo-rice-bran-oil-1-litre-cooking-oil-1l,Pune,411030,189,285,33.7,1
2026-06-01-0900,2026-06-01,amazon-now,jivo-rice-bran-oil-1-litre-cooking-oil-1l,Pune,411036,189,285,33.7,1
2026-06-01-0900,2026-06-01,amazon-now,jivo-rice-bran-oil-1-litre-cooking-oil-1l,Pune,411040,189,285,33.7,1
2026-06-01-0900,2026-06-01,amazon-now,jivo-rice-bran-oil-1-litre-cooking-oil-1l,Pune,411047,189,285,33.7,1
2026-06-01-0900,2026-06-01,amazon-now,jivo-rice-bran-oil-1-litre-cooking-oil-1l,Pune,411051,189,285,33.7,1
2026-06-01-0900,2026-06-01,amazon-now,jivo-rice-bran-oil-1-litre-cooking-oil-1l,Pune,412308,189,285,33.7,1
2026-06-01-0900,2026-06-01,amazon-now,jivo-rice-bran-oil-1-litre-cooking-oil-1l,Kolkata,700001,189,285,33.7,1
2026-06-01-0900,2026-06-01,amazon-now,jivo-rice-bran-oil-1-litre-cooking-oil-1l,Kolkata,700015,189,285,33.7,1
2026-06-01-0900,2026-06-01,amazon-now,jivo-rice-bran-oil-1-litre-cooking-oil-1l,Kolkata,700019,189,285,33.7,1
2026-06-01-0900,2026-06-01,amazon-now,jivo-rice-bran-oil-1-litre-cooking-oil-1l,Kolkata,700069,189,285,33.7,1
2026-06-01-0900,2026-06-01,amazon-now,jivo-rice-bran-oil-1-litre-cooking-oil-1l,Kolkata,700107,189,285,33.7,1
2026-06-01-0900,2026-06-01,amazon-now,jivo-rice-bran-oil-5-litre-5l,Delhi,110003,909,1425,36.2,1
2026-06-01-0900,2026-06-01,amazon-now,jivo-rice-bran-oil-5-litre-5l,Delhi,110013,909,1425,36.2,1
2026-06-01-0900,2026-06-01,amazon-now,jivo-rice-bran-oil-5-litre-5l,Delhi,110014,909,1425,36.2,1
2026-06-01-0900,2026-06-01,amazon-now,jivo-rice-bran-oil-5-litre-5l,Delhi,110016,909,1425,36.2,1
2026-06-01-0900,2026-06-01,amazon-now,jivo-rice-bran-oil-5-litre-5l,Delhi,110017,909,1425,36.2,1
2026-06-01-0900,2026-06-01,amazon-now,jivo-rice-bran-oil-5-litre-5l,Delhi,110024,909,1425,36.2,1
2026-06-01-0900,2026-06-01,amazon-now,jivo-rice-bran-oil-5-litre-5l,Delhi,110025,909,1425,36.2,1
2026-06-01-0900,2026-06-01,amazon-now,jivo-rice-bran-oil-5-litre-5l,Delhi,110036,883,1425,38,1
2026-06-01-0900,2026-06-01,amazon-now,jivo-rice-bran-oil-5-litre-5l,Delhi,110039,883,1425,38,1
2026-06-01-0900,2026-06-01,amazon-now,jivo-rice-bran-oil-5-litre-5l,Delhi,110040,883,1425,38,1
2026-06-01-0900,2026-06-01,amazon-now,jivo-rice-bran-oil-5-litre-5l,Delhi,110041,883,1425,38,1
2026-06-01-0900,2026-06-01,amazon-now,jivo-rice-bran-oil-5-litre-5l,Delhi,110044,909,1425,36.2,1
2026-06-01-0900,2026-06-01,amazon-now,jivo-rice-bran-oil-5-litre-5l,Delhi,110048,909,1425,36.2,1
2026-06-01-0900,2026-06-01,amazon-now,jivo-rice-bran-oil-5-litre-5l,Delhi,110062,909,1425,36.2,1
2026-06-01-0900,2026-06-01,amazon-now,jivo-rice-bran-oil-5-litre-5l,Delhi,110065,909,1425,36.2,1
2026-06-01-0900,2026-06-01,amazon-now,jivo-rice-bran-oil-5-litre-5l,Delhi,110076,909,1425,36.2,1
2026-06-01-0900,2026-06-01,amazon-now,jivo-rice-bran-oil-5-litre-5l,Delhi,110081,883,1425,38,1
2026-06-01-0900,2026-06-01,amazon-now,jivo-rice-bran-oil-5-litre-5l,Delhi,110084,883,1425,38,1
2026-06-01-0900,2026-06-01,amazon-now,jivo-rice-bran-oil-5-litre-5l,Faridabad,121004,883,1425,38,1
2026-06-01-0900,2026-06-01,amazon-now,jivo-rice-bran-oil-5-litre-5l,Faridabad,121011,883,1425,38,1
2026-06-01-0900,2026-06-01,amazon-now,jivo-rice-bran-oil-5-litre-5l,Faridabad,121101,883,1425,38,1
2026-06-01-0900,2026-06-01,amazon-now,jivo-rice-bran-oil-5-litre-5l,Gurgaon,121104,883,1425,38,1
2026-06-01-0900,2026-06-01,amazon-now,jivo-rice-bran-oil-5-litre-5l,Gurgaon,122051,883,1425,38,1
2026-06-01-0900,2026-06-01,amazon-now,jivo-rice-bran-oil-5-litre-5l,Gurgaon,122105,883,1425,38,1
2026-06-01-0900,2026-06-01,amazon-now,jivo-rice-bran-oil-5-litre-5l,Gurgaon,122106,883,1425,38,1
2026-06-01-0900,2026-06-01,amazon-now,jivo-rice-bran-oil-5-litre-5l,Gurgaon,123003,883,1425,38,1
2026-06-01-0900,2026-06-01,amazon-now,jivo-rice-bran-oil-5-litre-5l,Gurgaon,123413,883,1425,38,1
2026-06-01-0900,2026-06-01,amazon-now,jivo-rice-bran-oil-5-litre-5l,Gurgaon,123502,883,1425,38,1
2026-06-01-0900,2026-06-01,amazon-now,jivo-rice-bran-oil-5-litre-5l,Gurgaon,123505,883,1425,38,1
2026-06-01-0900,2026-06-01,amazon-now,jivo-rice-bran-oil-5-litre-5l,Ludhiana,141007,883,1425,38,1
2026-06-01-0900,2026-06-01,amazon-now,jivo-rice-bran-oil-5-litre-5l,Ludhiana,141106,883,1425,38,1
2026-06-01-0900,2026-06-01,amazon-now,jivo-rice-bran-oil-5-litre-5l,Ludhiana,141107,883,1425,38,1
2026-06-01-0900,2026-06-01,amazon-now,jivo-rice-bran-oil-5-litre-5l,Ludhiana,141108,883,1425,38,1
2026-06-01-0900,2026-06-01,amazon-now,jivo-rice-bran-oil-5-litre-5l,Ludhiana,141125,883,1425,38,1
2026-06-01-0900,2026-06-01,amazon-now,jivo-rice-bran-oil-5-litre-5l,Ludhiana,141126,883,1425,38,1
2026-06-01-0900,2026-06-01,amazon-now,jivo-rice-bran-oil-5-litre-5l,Ludhiana,141202,883,1425,38,1
2026-06-01-0900,2026-06-01,amazon-now,jivo-rice-bran-oil-5-litre-5l,Ludhiana,141204,883,1425,38,1
2026-06-01-0900,2026-06-01,amazon-now,jivo-rice-bran-oil-5-litre-5l,Ludhiana,141206,883,1425,38,1
2026-06-01-0900,2026-06-01,amazon-now,jivo-rice-bran-oil-5-litre-5l,Ludhiana,141412,883,1425,38,1
2026-06-01-0900,2026-06-01,amazon-now,jivo-rice-bran-oil-5-litre-5l,Ludhiana,141413,883,1425,38,1
2026-06-01-0900,2026-06-01,amazon-now,jivo-rice-bran-oil-5-litre-5l,Ludhiana,141414,883,1425,38,1
2026-06-01-0900,2026-06-01,amazon-now,jivo-rice-bran-oil-5-litre-5l,Ludhiana,141415,883,1425,38,1
2026-06-01-0900,2026-06-01,amazon-now,jivo-rice-bran-oil-5-litre-5l,Ludhiana,141417,883,1425,38,1
2026-06-01-0900,2026-06-01,amazon-now,jivo-rice-bran-oil-5-litre-5l,Ludhiana,141419,883,1425,38,1
2026-06-01-0900,2026-06-01,amazon-now,jivo-rice-bran-oil-5-litre-5l,Ludhiana,142023,883,1425,38,1
2026-06-01-0900,2026-06-01,amazon-now,jivo-rice-bran-oil-5-litre-5l,Ludhiana,142024,883,1425,38,1
2026-06-01-0900,2026-06-01,amazon-now,jivo-rice-bran-oil-5-litre-5l,Ludhiana,142026,883,1425,38,1
2026-06-01-0900,2026-06-01,amazon-now,jivo-rice-bran-oil-5-litre-5l,Ludhiana,142029,883,1425,38,1
2026-06-01-0900,2026-06-01,amazon-now,jivo-rice-bran-oil-5-litre-5l,Ludhiana,142030,883,1425,38,1
2026-06-01-0900,2026-06-01,amazon-now,jivo-rice-bran-oil-5-litre-5l,Ludhiana,142031,883,1425,38,1
2026-06-01-0900,2026-06-01,amazon-now,jivo-rice-bran-oil-5-litre-5l,Ludhiana,142032,883,1425,38,1
2026-06-01-0900,2026-06-01,amazon-now,jivo-rice-bran-oil-5-litre-5l,Ludhiana,142035,883,1425,38,1
2026-06-01-0900,2026-06-01,amazon-now,jivo-rice-bran-oil-5-litre-5l,Ludhiana,142036,883,1425,38,1
2026-06-01-0900,2026-06-01,amazon-now,jivo-rice-bran-oil-5-litre-5l,Chandigarh,160021,883,1425,38,1
2026-06-01-0900,2026-06-01,amazon-now,jivo-rice-bran-oil-5-litre-5l,Ghaziabad,201003,883,1425,38,1
2026-06-01-0900,2026-06-01,amazon-now,jivo-rice-bran-oil-5-litre-5l,Noida,201008,883,1425,38,1
2026-06-01-0900,2026-06-01,amazon-now,jivo-rice-bran-oil-5-litre-5l,Ghaziabad,201201,883,1425,38,1
2026-06-01-0900,2026-06-01,amazon-now,jivo-rice-bran-oil-5-litre-5l,Ghaziabad,201204,883,1425,38,1
2026-06-01-0900,2026-06-01,amazon-now,jivo-rice-bran-oil-5-litre-5l,Ghaziabad,201302,883,1425,38,1
2026-06-01-0900,2026-06-01,amazon-now,jivo-rice-bran-oil-5-litre-5l,Noida,203207,883,1425,38,1
2026-06-01-0900,2026-06-01,amazon-now,jivo-rice-bran-oil-5-litre-5l,Ghaziabad,245304,883,1425,38,1
2026-06-01-0900,2026-06-01,amazon-now,jivo-rice-bran-oil-5-litre-5l,Jaipur,302011,883,1425,38,1
2026-06-01-0900,2026-06-01,amazon-now,jivo-rice-bran-oil-5-litre-5l,Jaipur,302022,883,1425,38,1
2026-06-01-0900,2026-06-01,amazon-now,jivo-rice-bran-oil-5-litre-5l,Jaipur,302025,883,1425,38,1
2026-06-01-0900,2026-06-01,amazon-now,jivo-rice-bran-oil-5-litre-5l,Jaipur,302026,883,1425,38,1
2026-06-01-0900,2026-06-01,amazon-now,jivo-rice-bran-oil-5-litre-5l,Jaipur,302028,883,1425,38,1
2026-06-01-0900,2026-06-01,amazon-now,jivo-rice-bran-oil-5-litre-5l,Jaipur,302029,883,1425,38,1
2026-06-01-0900,2026-06-01,amazon-now,jivo-rice-bran-oil-5-litre-5l,Jaipur,303001,883,1425,38,1
2026-06-01-0900,2026-06-01,amazon-now,jivo-rice-bran-oil-5-litre-5l,Jaipur,303002,883,1425,38,1
2026-06-01-0900,2026-06-01,amazon-now,jivo-rice-bran-oil-5-litre-5l,Jaipur,303003,883,1425,38,1
2026-06-01-0900,2026-06-01,amazon-now,jivo-rice-bran-oil-5-litre-5l,Jaipur,303006,883,1425,38,1
2026-06-01-0900,2026-06-01,amazon-now,jivo-rice-bran-oil-5-litre-5l,Jaipur,303009,883,1425,38,1
2026-06-01-0900,2026-06-01,amazon-now,jivo-rice-bran-oil-5-litre-5l,Jaipur,303012,883,1425,38,1
2026-06-01-0900,2026-06-01,amazon-now,jivo-rice-bran-oil-5-litre-5l,Jaipur,303103,883,1425,38,1
2026-06-01-0900,2026-06-01,amazon-now,jivo-rice-bran-oil-5-litre-5l,Jaipur,303105,883,1425,38,1
2026-06-01-0900,2026-06-01,amazon-now,jivo-rice-bran-oil-5-litre-5l,Jaipur,303107,883,1425,38,1
2026-06-01-0900,2026-06-01,amazon-now,jivo-rice-bran-oil-5-litre-5l,Jaipur,303108,883,1425,38,1
2026-06-01-0900,2026-06-01,amazon-now,jivo-rice-bran-oil-5-litre-5l,Jaipur,303109,883,1425,38,1
2026-06-01-0900,2026-06-01,amazon-now,jivo-rice-bran-oil-5-litre-5l,Jaipur,303110,883,1425,38,1
2026-06-01-0900,2026-06-01,amazon-now,jivo-rice-bran-oil-5-litre-5l,Jaipur,303120,883,1425,38,1
2026-06-01-0900,2026-06-01,amazon-now,jivo-rice-bran-oil-5-litre-5l,Jaipur,303328,883,1425,38,1
2026-06-01-0900,2026-06-01,amazon-now,jivo-rice-bran-oil-5-litre-5l,Jaipur,303329,883,1425,38,1
2026-06-01-0900,2026-06-01,amazon-now,jivo-rice-bran-oil-5-litre-5l,Jaipur,303348,883,1425,38,1
2026-06-01-0900,2026-06-01,amazon-now,jivo-rice-bran-oil-5-litre-5l,Jaipur,303602,883,1425,38,1
2026-06-01-0900,2026-06-01,amazon-now,jivo-rice-bran-oil-5-litre-5l,Jaipur,303604,883,1425,38,1
2026-06-01-0900,2026-06-01,amazon-now,jivo-rice-bran-oil-5-litre-5l,Jaipur,303701,883,1425,38,1
2026-06-01-0900,2026-06-01,amazon-now,jivo-rice-bran-oil-5-litre-5l,Jaipur,303706,883,1425,38,1
2026-06-01-0900,2026-06-01,amazon-now,jivo-rice-bran-oil-5-litre-5l,Jaipur,303712,883,1425,38,1
2026-06-01-0900,2026-06-01,amazon-now,jivo-rice-bran-oil-5-litre-5l,Jaipur,303802,883,1425,38,1
2026-06-01-0900,2026-06-01,amazon-now,jivo-rice-bran-oil-5-litre-5l,Jaipur,303803,883,1425,38,1
2026-06-01-0900,2026-06-01,amazon-now,jivo-rice-bran-oil-5-litre-5l,Jaipur,303804,883,1425,38,1
2026-06-01-0900,2026-06-01,amazon-now,jivo-rice-bran-oil-5-litre-5l,Jaipur,303806,883,1425,38,1
2026-06-01-0900,2026-06-01,amazon-now,jivo-rice-bran-oil-5-litre-5l,Jaipur,303807,883,1425,38,1
2026-06-01-0900,2026-06-01,amazon-now,jivo-rice-bran-oil-5-litre-5l,Jaipur,303901,883,1425,38,1
2026-06-01-0900,2026-06-01,amazon-now,jivo-rice-bran-oil-5-litre-5l,Jaipur,303905,883,1425,38,1
2026-06-01-0900,2026-06-01,amazon-now,jivo-rice-bran-oil-5-litre-5l,Jaipur,303908,883,1425,38,1
2026-06-01-0900,2026-06-01,amazon-now,jivo-rice-bran-oil-5-litre-5l,Mumbai,400601,909,1425,36.2,1
2026-06-01-0900,2026-06-01,amazon-now,jivo-rice-bran-oil-5-litre-5l,Kolkata,700022,909,1425,36.2,1
2026-06-01-0900,2026-06-01,amazon-now,jivo-rice-bran-oil-5-litre-5l,Kolkata,700024,909,1425,36.2,1
2026-06-01-0900,2026-06-01,amazon-now,jivo-rice-bran-oil-5-litre-5l,Kolkata,700040,909,1425,36.2,1
2026-06-01-0900,2026-06-01,amazon-now,jivo-rice-bran-oil-5-litre-5l,Kolkata,700053,909,1425,36.2,1
2026-06-01-0900,2026-06-01,amazon-now,jivo-rice-bran-oil-5-litre-5l,Kolkata,700141,909,1425,36.2,1
2026-06-01-0900,2026-06-01,amazon-now,jivo-so-olive-oil-1-litre-1l,Jaipur,303110,,,,1
2026-06-01-0900,2026-06-01,amazon-now,jivo-so-olive-oil-1-litre-1l,Surat,394160,237,325,27.1,1
2026-06-01-0900,2026-06-01,amazon-now,jivo-so-olive-oil-1-litre-1l,Surat,394185,237,325,27.1,1
2026-06-01-0900,2026-06-01,amazon-now,jivo-so-olive-oil-1-litre-1l,Surat,394410,237,325,27.1,1
2026-06-01-0900,2026-06-01,amazon-now,jivo-so-olive-oil-1-litre-1l,Surat,394510,237,325,27.1,1
2026-06-01-0900,2026-06-01,amazon-now,jivo-so-olive-oil-1-litre-1l,Surat,394540,237,325,27.1,1
2026-06-01-0900,2026-06-01,amazon-now,jivo-so-olive-oil-1-litre-1l,Mumbai,400001,249,325,23.4,1
2026-06-01-0900,2026-06-01,amazon-now,jivo-so-olive-oil-1-litre-1l,Mumbai,400003,249,325,23.4,1
2026-06-01-0900,2026-06-01,amazon-now,jivo-so-olive-oil-1-litre-1l,Mumbai,400004,249,325,23.4,1
2026-06-01-0900,2026-06-01,amazon-now,jivo-so-olive-oil-1-litre-1l,Mumbai,400005,249,325,23.4,1
2026-06-01-0900,2026-06-01,amazon-now,jivo-so-olive-oil-1-litre-1l,Mumbai,400006,249,325,23.4,1
2026-06-01-0900,2026-06-01,amazon-now,jivo-so-olive-oil-1-litre-1l,Mumbai,400007,249,325,23.4,1
2026-06-01-0900,2026-06-01,amazon-now,jivo-so-olive-oil-1-litre-1l,Mumbai,400010,249,325,23.4,1
2026-06-01-0900,2026-06-01,amazon-now,jivo-so-olive-oil-1-litre-1l,Mumbai,400011,249,325,23.4,1
2026-06-01-0900,2026-06-01,amazon-now,jivo-so-olive-oil-1-litre-1l,Mumbai,400012,249,325,23.4,1
2026-06-01-0900,2026-06-01,amazon-now,jivo-so-olive-oil-1-litre-1l,Mumbai,400013,249,325,23.4,1
2026-06-01-0900,2026-06-01,amazon-now,jivo-so-olive-oil-1-litre-1l,Mumbai,400015,249,325,23.4,1
2026-06-01-0900,2026-06-01,amazon-now,jivo-so-olive-oil-1-litre-1l,Mumbai,400017,249,325,23.4,1
2026-06-01-0900,2026-06-01,amazon-now,jivo-so-olive-oil-1-litre-1l,Mumbai,400018,249,325,23.4,1
2026-06-01-0900,2026-06-01,amazon-now,jivo-so-olive-oil-1-litre-1l,Mumbai,400019,249,325,23.4,1
2026-06-01-0900,2026-06-01,amazon-now,jivo-so-olive-oil-1-litre-1l,Mumbai,400020,249,325,23.4,1
2026-06-01-0900,2026-06-01,amazon-now,jivo-so-olive-oil-1-litre-1l,Mumbai,400021,249,325,23.4,1
2026-06-01-0900,2026-06-01,amazon-now,jivo-so-olive-oil-1-litre-1l,Mumbai,400023,249,325,23.4,1
2026-06-01-0900,2026-06-01,amazon-now,jivo-so-olive-oil-1-litre-1l,Mumbai,400025,249,325,23.4,1
2026-06-01-0900,2026-06-01,amazon-now,jivo-so-olive-oil-1-litre-1l,Mumbai,400026,249,325,23.4,1
2026-06-01-0900,2026-06-01,amazon-now,jivo-so-olive-oil-1-litre-1l,Mumbai,400030,249,325,23.4,1
2026-06-01-0900,2026-06-01,amazon-now,jivo-so-olive-oil-1-litre-1l,Mumbai,400033,249,325,23.4,1
2026-06-01-0900,2026-06-01,amazon-now,jivo-so-olive-oil-1-litre-1l,Mumbai,400041,249,325,23.4,1
2026-06-01-0900,2026-06-01,amazon-now,jivo-so-olive-oil-1-litre-1l,Mumbai,400073,249,325,23.4,1
2026-06-01-0900,2026-06-01,amazon-now,jivo-so-olive-oil-1-litre-1l,Mumbai,400090,249,325,23.4,1
2026-06-01-0900,2026-06-01,amazon-now,jivo-so-olive-oil-1-litre-1l,Mumbai,400601,249,325,23.4,1
2026-06-01-0900,2026-06-01,amazon-now,jivo-so-olive-oil-1-litre-1l,Mumbai,400611,249,325,23.4,1
2026-06-01-0900,2026-06-01,amazon-now,jivo-so-olive-oil-1-litre-1l,Mumbai,400701,249,325,23.4,1
2026-06-01-0900,2026-06-01,amazon-now,jivo-so-olive-oil-1-litre-1l,Mumbai,400702,249,325,23.4,1
2026-06-01-0900,2026-06-01,amazon-now,jivo-so-olive-oil-1-litre-1l,Mumbai,400703,249,325,23.4,1
2026-06-01-0900,2026-06-01,amazon-now,jivo-so-olive-oil-1-litre-1l,Mumbai,400707,249,325,23.4,1
2026-06-01-0900,2026-06-01,amazon-now,jivo-so-olive-oil-1-litre-1l,Pune,410506,249,325,23.4,1
2026-06-01-0900,2026-06-01,amazon-now,jivo-so-olive-oil-1-litre-1l,Pune,412101,249,325,23.4,1
2026-06-01-0900,2026-06-01,amazon-now,jivo-so-olive-oil-1-litre-1l,Pune,412103,249,325,23.4,1
2026-06-01-0900,2026-06-01,amazon-now,jivo-so-olive-oil-1-litre-1l,Pune,412204,249,325,23.4,1
2026-06-01-0900,2026-06-01,amazon-now,jivo-so-olive-oil-1-litre-1l,Pune,412216,249,325,23.4,1
2026-06-01-0900,2026-06-01,amazon-now,jivo-so-olive-oil-1-litre-1l,Pune,412304,249,325,23.4,1
2026-06-01-0900,2026-06-01,amazon-now,jivo-so-olive-oil-1-litre-1l,Pune,412306,249,325,23.4,1
2026-06-01-0900,2026-06-01,amazon-now,jivo-so-olive-oil-1-litre-1l,Pune,412403,249,325,23.4,1
2026-06-01-0900,2026-06-01,amazon-now,jivo-so-olive-oil-1-litre-1l,Pune,412404,249,325,23.4,1
2026-06-01-0900,2026-06-01,amazon-now,jivo-so-olive-oil-1-litre-1l,Pune,413801,249,325,23.4,1
2026-06-01-0900,2026-06-01,amazon-now,jivo-so-olive-oil-1-litre-1l,Kolkata,700001,237,325,27.1,1
2026-06-01-0900,2026-06-01,amazon-now,jivo-so-olive-oil-1-litre-1l,Kolkata,700015,237,325,27.1,1
2026-06-01-0900,2026-06-01,amazon-now,jivo-so-olive-oil-1-litre-1l,Kolkata,700019,237,325,27.1,1
2026-06-01-0900,2026-06-01,amazon-now,jivo-so-olive-oil-1-litre-1l,Kolkata,700069,237,325,27.1,1
2026-06-01-0900,2026-06-01,amazon-now,jivo-so-olive-oil-1-litre-1l,Kolkata,700107,237,325,27.1,1
2026-06-01-1200,2026-06-01,amazon-now,jivo-canola-cold-pressed-edible-oil-1-litre-cooking-o-1l,Delhi,110006,243,375,35.2,1
2026-06-01-1200,2026-06-01,amazon-now,jivo-canola-cold-pressed-edible-oil-1-litre-cooking-o-1l,Delhi,110013,259,375,30.9,1
2026-06-01-1200,2026-06-01,amazon-now,jivo-canola-cold-pressed-edible-oil-1-litre-cooking-o-1l,Delhi,110040,243,375,35.2,1
2026-06-01-1200,2026-06-01,amazon-now,jivo-canola-cold-pressed-edible-oil-1-litre-cooking-o-1l,Delhi,110070,243,375,35.2,1
2026-06-01-1200,2026-06-01,amazon-now,jivo-canola-cold-pressed-edible-oil-1-litre-cooking-o-1l,Gurgaon,122051,243,375,35.2,1
2026-06-01-1200,2026-06-01,amazon-now,jivo-canola-cold-pressed-edible-oil-1-litre-cooking-o-1l,Gurgaon,122106,243,375,35.2,1
2026-06-01-1200,2026-06-01,amazon-now,jivo-canola-cold-pressed-edible-oil-1-litre-cooking-o-1l,Ludhiana,141417,243,375,35.2,1
2026-06-01-1200,2026-06-01,amazon-now,jivo-canola-cold-pressed-edible-oil-1-litre-cooking-o-1l,Ludhiana,142026,243,375,35.2,1
2026-06-01-1200,2026-06-01,amazon-now,jivo-canola-cold-pressed-edible-oil-1-litre-cooking-o-1l,Ludhiana,142031,243,375,35.2,1
2026-06-01-1200,2026-06-01,amazon-now,jivo-canola-cold-pressed-edible-oil-1-litre-cooking-o-1l,Mumbai,400019,248,375,33.9,1
2026-06-01-1200,2026-06-01,amazon-now,jivo-canola-cold-pressed-edible-oil-1-litre-cooking-o-1l,Mumbai,400023,248,375,33.9,1
2026-06-01-1200,2026-06-01,amazon-now,jivo-canola-cold-pressed-edible-oil-1-litre-cooking-o-1l,Pune,410506,248,375,33.9,1
2026-06-01-1200,2026-06-01,amazon-now,jivo-canola-cold-pressed-edible-oil-1-litre-cooking-o-1l,Pune,411035,259,375,30.9,1
2026-06-01-1200,2026-06-01,amazon-now,jivo-canola-cold-pressed-edible-oil-1-litre-cooking-o-1l,Pune,411047,259,375,30.9,1
2026-06-01-1200,2026-06-01,amazon-now,jivo-canola-cold-pressed-edible-oil-1-litre-cooking-o-1l,Pune,412401,259,375,30.9,1
2026-06-01-1200,2026-06-01,amazon-now,jivo-canola-cold-pressed-edible-oil-1-litre-cooking-oil-for-daily-use-ideal-for-roasting-frying-baking-all-types-of-cuisines-1l,Delhi,110001,243,375,35.2,1
2026-06-01-1200,2026-06-01,amazon-now,jivo-canola-cold-pressed-edible-oil-1-litre-cooking-oil-for-daily-use-ideal-for-roasting-frying-baking-all-types-of-cuisines-1l,Delhi,110002,243,375,35.2,1
2026-06-01-1200,2026-06-01,amazon-now,jivo-canola-cold-pressed-edible-oil-1-litre-cooking-oil-for-daily-use-ideal-for-roasting-frying-baking-all-types-of-cuisines-1l,Delhi,110003,259,375,30.9,1
2026-06-01-1200,2026-06-01,amazon-now,jivo-canola-cold-pressed-edible-oil-1-litre-cooking-oil-for-daily-use-ideal-for-roasting-frying-baking-all-types-of-cuisines-1l,Delhi,110004,243,375,35.2,1
2026-06-01-1200,2026-06-01,amazon-now,jivo-canola-cold-pressed-edible-oil-1-litre-cooking-oil-for-daily-use-ideal-for-roasting-frying-baking-all-types-of-cuisines-1l,Delhi,110006,243,375,35.2,1
2026-06-01-1200,2026-06-01,amazon-now,jivo-canola-cold-pressed-edible-oil-1-litre-cooking-oil-for-daily-use-ideal-for-roasting-frying-baking-all-types-of-cuisines-1l,Delhi,110007,243,375,35.2,1
2026-06-01-1200,2026-06-01,amazon-now,jivo-canola-cold-pressed-edible-oil-1-litre-cooking-oil-for-daily-use-ideal-for-roasting-frying-baking-all-types-of-cuisines-1l,Delhi,110009,243,375,35.2,1
2026-06-01-1200,2026-06-01,amazon-now,jivo-canola-cold-pressed-edible-oil-1-litre-cooking-oil-for-daily-use-ideal-for-roasting-frying-baking-all-types-of-cuisines-1l,Delhi,110013,259,375,30.9,1
2026-06-01-1200,2026-06-01,amazon-now,jivo-canola-cold-pressed-edible-oil-1-litre-cooking-oil-for-daily-use-ideal-for-roasting-frying-baking-all-types-of-cuisines-1l,Delhi,110014,259,375,30.9,1
2026-06-01-1200,2026-06-01,amazon-now,jivo-canola-cold-pressed-edible-oil-1-litre-cooking-oil-for-daily-use-ideal-for-roasting-frying-baking-all-types-of-cuisines-1l,Delhi,110016,259,375,30.9,1
2026-06-01-1200,2026-06-01,amazon-now,jivo-canola-cold-pressed-edible-oil-1-litre-cooking-oil-for-daily-use-ideal-for-roasting-frying-baking-all-types-of-cuisines-1l,Delhi,110017,259,375,30.9,1
2026-06-01-1200,2026-06-01,amazon-now,jivo-canola-cold-pressed-edible-oil-1-litre-cooking-oil-for-daily-use-ideal-for-roasting-frying-baking-all-types-of-cuisines-1l,Delhi,110018,243,375,35.2,1
2026-06-01-1200,2026-06-01,amazon-now,jivo-canola-cold-pressed-edible-oil-1-litre-cooking-oil-for-daily-use-ideal-for-roasting-frying-baking-all-types-of-cuisines-1l,Delhi,110021,243,375,35.2,1
2026-06-01-1200,2026-06-01,amazon-now,jivo-canola-cold-pressed-edible-oil-1-litre-cooking-oil-for-daily-use-ideal-for-roasting-frying-baking-all-types-of-cuisines-1l,Delhi,110024,259,375,30.9,1
2026-06-01-1200,2026-06-01,amazon-now,jivo-canola-cold-pressed-edible-oil-1-litre-cooking-oil-for-daily-use-ideal-for-roasting-frying-baking-all-types-of-cuisines-1l,Delhi,110025,259,375,30.9,1
2026-06-01-1200,2026-06-01,amazon-now,jivo-canola-cold-pressed-edible-oil-1-litre-cooking-oil-for-daily-use-ideal-for-roasting-frying-baking-all-types-of-cuisines-1l,Delhi,110031,243,375,35.2,1
2026-06-01-1200,2026-06-01,amazon-now,jivo-canola-cold-pressed-edible-oil-1-litre-cooking-oil-for-daily-use-ideal-for-roasting-frying-baking-all-types-of-cuisines-1l,Delhi,110033,243,375,35.2,1
2026-06-01-1200,2026-06-01,amazon-now,jivo-canola-cold-pressed-edible-oil-1-litre-cooking-oil-for-daily-use-ideal-for-roasting-frying-baking-all-types-of-cuisines-1l,Delhi,110035,243,375,35.2,1
2026-06-01-1200,2026-06-01,amazon-now,jivo-canola-cold-pressed-edible-oil-1-litre-cooking-oil-for-daily-use-ideal-for-roasting-frying-baking-all-types-of-cuisines-1l,Delhi,110036,243,375,35.2,1
2026-06-01-1200,2026-06-01,amazon-now,jivo-canola-cold-pressed-edible-oil-1-litre-cooking-oil-for-daily-use-ideal-for-roasting-frying-baking-all-types-of-cuisines-1l,Delhi,110037,243,375,35.2,1
2026-06-01-1200,2026-06-01,amazon-now,jivo-canola-cold-pressed-edible-oil-1-litre-cooking-oil-for-daily-use-ideal-for-roasting-frying-baking-all-types-of-cuisines-1l,Delhi,110039,243,375,35.2,1
2026-06-01-1200,2026-06-01,amazon-now,jivo-canola-cold-pressed-edible-oil-1-litre-cooking-oil-for-daily-use-ideal-for-roasting-frying-baking-all-types-of-cuisines-1l,Delhi,110040,243,375,35.2,1
2026-06-01-1200,2026-06-01,amazon-now,jivo-canola-cold-pressed-edible-oil-1-litre-cooking-oil-for-daily-use-ideal-for-roasting-frying-baking-all-types-of-cuisines-1l,Delhi,110041,243,375,35.2,1
2026-06-01-1200,2026-06-01,amazon-now,jivo-canola-cold-pressed-edible-oil-1-litre-cooking-oil-for-daily-use-ideal-for-roasting-frying-baking-all-types-of-cuisines-1l,Delhi,110044,259,375,30.9,1
2026-06-01-1200,2026-06-01,amazon-now,jivo-canola-cold-pressed-edible-oil-1-litre-cooking-oil-for-daily-use-ideal-for-roasting-frying-baking-all-types-of-cuisines-1l,Delhi,110048,259,375,30.9,1
2026-06-01-1200,2026-06-01,amazon-now,jivo-canola-cold-pressed-edible-oil-1-litre-cooking-oil-for-daily-use-ideal-for-roasting-frying-baking-all-types-of-cuisines-1l,Delhi,110052,243,375,35.2,1
2026-06-01-1200,2026-06-01,amazon-now,jivo-canola-cold-pressed-edible-oil-1-litre-cooking-oil-for-daily-use-ideal-for-roasting-frying-baking-all-types-of-cuisines-1l,Delhi,110053,243,375,35.2,1
2026-06-01-1200,2026-06-01,amazon-now,jivo-canola-cold-pressed-edible-oil-1-litre-cooking-oil-for-daily-use-ideal-for-roasting-frying-baking-all-types-of-cuisines-1l,Delhi,110054,243,375,35.2,1
2026-06-01-1200,2026-06-01,amazon-now,jivo-canola-cold-pressed-edible-oil-1-litre-cooking-oil-for-daily-use-ideal-for-roasting-frying-baking-all-types-of-cuisines-1l,Delhi,110055,243,375,35.2,1
2026-06-01-1200,2026-06-01,amazon-now,jivo-canola-cold-pressed-edible-oil-1-litre-cooking-oil-for-daily-use-ideal-for-roasting-frying-baking-all-types-of-cuisines-1l,Delhi,110061,243,375,35.2,1
2026-06-01-1200,2026-06-01,amazon-now,jivo-canola-cold-pressed-edible-oil-1-litre-cooking-oil-for-daily-use-ideal-for-roasting-frying-baking-all-types-of-cuisines-1l,Delhi,110062,259,375,30.9,1
2026-06-01-1200,2026-06-01,amazon-now,jivo-canola-cold-pressed-edible-oil-1-litre-cooking-oil-for-daily-use-ideal-for-roasting-frying-baking-all-types-of-cuisines-1l,Delhi,110065,259,375,30.9,1
2026-06-01-1200,2026-06-01,amazon-now,jivo-canola-cold-pressed-edible-oil-1-litre-cooking-oil-for-daily-use-ideal-for-roasting-frying-baking-all-types-of-cuisines-1l,Delhi,110067,243,375,35.2,1
2026-06-01-1200,2026-06-01,amazon-now,jivo-canola-cold-pressed-edible-oil-1-litre-cooking-oil-for-daily-use-ideal-for-roasting-frying-baking-all-types-of-cuisines-1l,Delhi,110070,243,375,35.2,1
2026-06-01-1200,2026-06-01,amazon-now,jivo-canola-cold-pressed-edible-oil-1-litre-cooking-oil-for-daily-use-ideal-for-roasting-frying-baking-all-types-of-cuisines-1l,Delhi,110076,259,375,30.9,1
2026-06-01-1200,2026-06-01,amazon-now,jivo-canola-cold-pressed-edible-oil-1-litre-cooking-oil-for-daily-use-ideal-for-roasting-frying-baking-all-types-of-cuisines-1l,Delhi,110081,243,375,35.2,1
2026-06-01-1200,2026-06-01,amazon-now,jivo-canola-cold-pressed-edible-oil-1-litre-cooking-oil-for-daily-use-ideal-for-roasting-frying-baking-all-types-of-cuisines-1l,Delhi,110084,243,375,35.2,1
2026-06-01-1200,2026-06-01,amazon-now,jivo-canola-cold-pressed-edible-oil-1-litre-cooking-oil-for-daily-use-ideal-for-roasting-frying-baking-all-types-of-cuisines-1l,Delhi,110088,243,375,35.2,1
2026-06-01-1200,2026-06-01,amazon-now,jivo-canola-cold-pressed-edible-oil-1-litre-cooking-oil-for-daily-use-ideal-for-roasting-frying-baking-all-types-of-cuisines-1l,Delhi,110091,243,375,35.2,1
2026-06-01-1200,2026-06-01,amazon-now,jivo-canola-cold-pressed-edible-oil-1-litre-cooking-oil-for-daily-use-ideal-for-roasting-frying-baking-all-types-of-cuisines-1l,Faridabad,121004,243,375,35.2,1
2026-06-01-1200,2026-06-01,amazon-now,jivo-canola-cold-pressed-edible-oil-1-litre-cooking-oil-for-daily-use-ideal-for-roasting-frying-baking-all-types-of-cuisines-1l,Faridabad,121011,243,375,35.2,1
2026-06-01-1200,2026-06-01,amazon-now,jivo-canola-cold-pressed-edible-oil-1-litre-cooking-oil-for-daily-use-ideal-for-roasting-frying-baking-all-types-of-cuisines-1l,Faridabad,121101,243,375,35.2,1
2026-06-01-1200,2026-06-01,amazon-now,jivo-canola-cold-pressed-edible-oil-1-litre-cooking-oil-for-daily-use-ideal-for-roasting-frying-baking-all-types-of-cuisines-1l,Gurgaon,121104,243,375,35.2,1
2026-06-01-1200,2026-06-01,amazon-now,jivo-canola-cold-pressed-edible-oil-1-litre-cooking-oil-for-daily-use-ideal-for-roasting-frying-baking-all-types-of-cuisines-1l,Gurgaon,122001,243,375,35.2,1
2026-06-01-1200,2026-06-01,amazon-now,jivo-canola-cold-pressed-edible-oil-1-litre-cooking-oil-for-daily-use-ideal-for-roasting-frying-baking-all-types-of-cuisines-1l,Gurgaon,122010,243,375,35.2,1
2026-06-01-1200,2026-06-01,amazon-now,jivo-canola-cold-pressed-edible-oil-1-litre-cooking-oil-for-daily-use-ideal-for-roasting-frying-baking-all-types-of-cuisines-1l,Gurgaon,122051,243,375,35.2,1
2026-06-01-1200,2026-06-01,amazon-now,jivo-canola-cold-pressed-edible-oil-1-litre-cooking-oil-for-daily-use-ideal-for-roasting-frying-baking-all-types-of-cuisines-1l,Gurgaon,122105,243,375,35.2,1
2026-06-01-1200,2026-06-01,amazon-now,jivo-canola-cold-pressed-edible-oil-1-litre-cooking-oil-for-daily-use-ideal-for-roasting-frying-baking-all-types-of-cuisines-1l,Gurgaon,122106,243,375,35.2,1
2026-06-01-1200,2026-06-01,amazon-now,jivo-canola-cold-pressed-edible-oil-1-litre-cooking-oil-for-daily-use-ideal-for-roasting-frying-baking-all-types-of-cuisines-1l,Gurgaon,123003,243,375,35.2,1
2026-06-01-1200,2026-06-01,amazon-now,jivo-canola-cold-pressed-edible-oil-1-litre-cooking-oil-for-daily-use-ideal-for-roasting-frying-baking-all-types-of-cuisines-1l,Gurgaon,123413,243,375,35.2,1
2026-06-01-1200,2026-06-01,amazon-now,jivo-canola-cold-pressed-edible-oil-1-litre-cooking-oil-for-daily-use-ideal-for-roasting-frying-baking-all-types-of-cuisines-1l,Gurgaon,123502,243,375,35.2,1
2026-06-01-1200,2026-06-01,amazon-now,jivo-canola-cold-pressed-edible-oil-1-litre-cooking-oil-for-daily-use-ideal-for-roasting-frying-baking-all-types-of-cuisines-1l,Gurgaon,123505,243,375,35.2,1
2026-06-01-1200,2026-06-01,amazon-now,jivo-canola-cold-pressed-edible-oil-1-litre-cooking-oil-for-daily-use-ideal-for-roasting-frying-baking-all-types-of-cuisines-1l,Ludhiana,141007,243,375,35.2,1
2026-06-01-1200,2026-06-01,amazon-now,jivo-canola-cold-pressed-edible-oil-1-litre-cooking-oil-for-daily-use-ideal-for-roasting-frying-baking-all-types-of-cuisines-1l,Ludhiana,141106,243,375,35.2,1
2026-06-01-1200,2026-06-01,amazon-now,jivo-canola-cold-pressed-edible-oil-1-litre-cooking-oil-for-daily-use-ideal-for-roasting-frying-baking-all-types-of-cuisines-1l,Ludhiana,141107,243,375,35.2,1
2026-06-01-1200,2026-06-01,amazon-now,jivo-canola-cold-pressed-edible-oil-1-litre-cooking-oil-for-daily-use-ideal-for-roasting-frying-baking-all-types-of-cuisines-1l,Ludhiana,141108,243,375,35.2,1
2026-06-01-1200,2026-06-01,amazon-now,jivo-canola-cold-pressed-edible-oil-1-litre-cooking-oil-for-daily-use-ideal-for-roasting-frying-baking-all-types-of-cuisines-1l,Ludhiana,141125,243,375,35.2,1
2026-06-01-1200,2026-06-01,amazon-now,jivo-canola-cold-pressed-edible-oil-1-litre-cooking-oil-for-daily-use-ideal-for-roasting-frying-baking-all-types-of-cuisines-1l,Ludhiana,141126,243,375,35.2,1
2026-06-01-1200,2026-06-01,amazon-now,jivo-canola-cold-pressed-edible-oil-1-litre-cooking-oil-for-daily-use-ideal-for-roasting-frying-baking-all-types-of-cuisines-1l,Ludhiana,141202,243,375,35.2,1
2026-06-01-1200,2026-06-01,amazon-now,jivo-canola-cold-pressed-edible-oil-1-litre-cooking-oil-for-daily-use-ideal-for-roasting-frying-baking-all-types-of-cuisines-1l,Ludhiana,141204,243,375,35.2,1
2026-06-01-1200,2026-06-01,amazon-now,jivo-canola-cold-pressed-edible-oil-1-litre-cooking-oil-for-daily-use-ideal-for-roasting-frying-baking-all-types-of-cuisines-1l,Ludhiana,141206,243,375,35.2,1
2026-06-01-1200,2026-06-01,amazon-now,jivo-canola-cold-pressed-edible-oil-1-litre-cooking-oil-for-daily-use-ideal-for-roasting-frying-baking-all-types-of-cuisines-1l,Ludhiana,141412,243,375,35.2,1
2026-06-01-1200,2026-06-01,amazon-now,jivo-canola-cold-pressed-edible-oil-1-litre-cooking-oil-for-daily-use-ideal-for-roasting-frying-baking-all-types-of-cuisines-1l,Ludhiana,141413,243,375,35.2,1
2026-06-01-1200,2026-06-01,amazon-now,jivo-canola-cold-pressed-edible-oil-1-litre-cooking-oil-for-daily-use-ideal-for-roasting-frying-baking-all-types-of-cuisines-1l,Ludhiana,141414,243,375,35.2,1
2026-06-01-1200,2026-06-01,amazon-now,jivo-canola-cold-pressed-edible-oil-1-litre-cooking-oil-for-daily-use-ideal-for-roasting-frying-baking-all-types-of-cuisines-1l,Ludhiana,141415,243,375,35.2,1
2026-06-01-1200,2026-06-01,amazon-now,jivo-canola-cold-pressed-edible-oil-1-litre-cooking-oil-for-daily-use-ideal-for-roasting-frying-baking-all-types-of-cuisines-1l,Ludhiana,141417,243,375,35.2,1
2026-06-01-1200,2026-06-01,amazon-now,jivo-canola-cold-pressed-edible-oil-1-litre-cooking-oil-for-daily-use-ideal-for-roasting-frying-baking-all-types-of-cuisines-1l,Ludhiana,141419,243,375,35.2,1
2026-06-01-1200,2026-06-01,amazon-now,jivo-canola-cold-pressed-edible-oil-1-litre-cooking-oil-for-daily-use-ideal-for-roasting-frying-baking-all-types-of-cuisines-1l,Ludhiana,142023,243,375,35.2,1
2026-06-01-1200,2026-06-01,amazon-now,jivo-canola-cold-pressed-edible-oil-1-litre-cooking-oil-for-daily-use-ideal-for-roasting-frying-baking-all-types-of-cuisines-1l,Ludhiana,142024,243,375,35.2,1
2026-06-01-1200,2026-06-01,amazon-now,jivo-canola-cold-pressed-edible-oil-1-litre-cooking-oil-for-daily-use-ideal-for-roasting-frying-baking-all-types-of-cuisines-1l,Ludhiana,142026,243,375,35.2,1
2026-06-01-1200,2026-06-01,amazon-now,jivo-canola-cold-pressed-edible-oil-1-litre-cooking-oil-for-daily-use-ideal-for-roasting-frying-baking-all-types-of-cuisines-1l,Ludhiana,142029,243,375,35.2,1
2026-06-01-1200,2026-06-01,amazon-now,jivo-canola-cold-pressed-edible-oil-1-litre-cooking-oil-for-daily-use-ideal-for-roasting-frying-baking-all-types-of-cuisines-1l,Ludhiana,142030,243,375,35.2,1
2026-06-01-1200,2026-06-01,amazon-now,jivo-canola-cold-pressed-edible-oil-1-litre-cooking-oil-for-daily-use-ideal-for-roasting-frying-baking-all-types-of-cuisines-1l,Ludhiana,142031,243,375,35.2,1
2026-06-01-1200,2026-06-01,amazon-now,jivo-canola-cold-pressed-edible-oil-1-litre-cooking-oil-for-daily-use-ideal-for-roasting-frying-baking-all-types-of-cuisines-1l,Ludhiana,142032,243,375,35.2,1
2026-06-01-1200,2026-06-01,amazon-now,jivo-canola-cold-pressed-edible-oil-1-litre-cooking-oil-for-daily-use-ideal-for-roasting-frying-baking-all-types-of-cuisines-1l,Ludhiana,142035,243,375,35.2,1
2026-06-01-1200,2026-06-01,amazon-now,jivo-canola-cold-pressed-edible-oil-1-litre-cooking-oil-for-daily-use-ideal-for-roasting-frying-baking-all-types-of-cuisines-1l,Ludhiana,142036,243,375,35.2,1
2026-06-01-1200,2026-06-01,amazon-now,jivo-canola-cold-pressed-edible-oil-1-litre-cooking-oil-for-daily-use-ideal-for-roasting-frying-baking-all-types-of-cuisines-1l,Chandigarh,160021,243,375,35.2,1
2026-06-01-1200,2026-06-01,amazon-now,jivo-canola-cold-pressed-edible-oil-1-litre-cooking-oil-for-daily-use-ideal-for-roasting-frying-baking-all-types-of-cuisines-1l,Ghaziabad,201003,243,375,35.2,1
2026-06-01-1200,2026-06-01,amazon-now,jivo-canola-cold-pressed-edible-oil-1-litre-cooking-oil-for-daily-use-ideal-for-roasting-frying-baking-all-types-of-cuisines-1l,Noida,201008,243,375,35.2,1
2026-06-01-1200,2026-06-01,amazon-now,jivo-canola-cold-pressed-edible-oil-1-litre-cooking-oil-for-daily-use-ideal-for-roasting-frying-baking-all-types-of-cuisines-1l,Ghaziabad,201201,243,375,35.2,1
2026-06-01-1200,2026-06-01,amazon-now,jivo-canola-cold-pressed-edible-oil-1-litre-cooking-oil-for-daily-use-ideal-for-roasting-frying-baking-all-types-of-cuisines-1l,Ghaziabad,201204,243,375,35.2,1
2026-06-01-1200,2026-06-01,amazon-now,jivo-canola-cold-pressed-edible-oil-1-litre-cooking-oil-for-daily-use-ideal-for-roasting-frying-baking-all-types-of-cuisines-1l,Ghaziabad,201302,243,375,35.2,1
2026-06-01-1200,2026-06-01,amazon-now,jivo-canola-cold-pressed-edible-oil-1-litre-cooking-oil-for-daily-use-ideal-for-roasting-frying-baking-all-types-of-cuisines-1l,Noida,203207,243,375,35.2,1
2026-06-01-1200,2026-06-01,amazon-now,jivo-canola-cold-pressed-edible-oil-1-litre-cooking-oil-for-daily-use-ideal-for-roasting-frying-baking-all-types-of-cuisines-1l,Ghaziabad,245304,243,375,35.2,1
2026-06-01-1200,2026-06-01,amazon-now,jivo-canola-cold-pressed-edible-oil-1-litre-cooking-oil-for-daily-use-ideal-for-roasting-frying-baking-all-types-of-cuisines-1l,Jaipur,302011,243,375,35.2,1
2026-06-01-1200,2026-06-01,amazon-now,jivo-canola-cold-pressed-edible-oil-1-litre-cooking-oil-for-daily-use-ideal-for-roasting-frying-baking-all-types-of-cuisines-1l,Jaipur,302022,243,375,35.2,1
2026-06-01-1200,2026-06-01,amazon-now,jivo-canola-cold-pressed-edible-oil-1-litre-cooking-oil-for-daily-use-ideal-for-roasting-frying-baking-all-types-of-cuisines-1l,Jaipur,302025,243,375,35.2,1
2026-06-01-1200,2026-06-01,amazon-now,jivo-canola-cold-pressed-edible-oil-1-litre-cooking-oil-for-daily-use-ideal-for-roasting-frying-baking-all-types-of-cuisines-1l,Jaipur,302026,243,375,35.2,1
2026-06-01-1200,2026-06-01,amazon-now,jivo-canola-cold-pressed-edible-oil-1-litre-cooking-oil-for-daily-use-ideal-for-roasting-frying-baking-all-types-of-cuisines-1l,Jaipur,302028,243,375,35.2,1
2026-06-01-1200,2026-06-01,amazon-now,jivo-canola-cold-pressed-edible-oil-1-litre-cooking-oil-for-daily-use-ideal-for-roasting-frying-baking-all-types-of-cuisines-1l,Jaipur,302029,243,375,35.2,1
2026-06-01-1200,2026-06-01,amazon-now,jivo-canola-cold-pressed-edible-oil-1-litre-cooking-oil-for-daily-use-ideal-for-roasting-frying-baking-all-types-of-cuisines-1l,Jaipur,303001,243,375,35.2,1
2026-06-01-1200,2026-06-01,amazon-now,jivo-canola-cold-pressed-edible-oil-1-litre-cooking-oil-for-daily-use-ideal-for-roasting-frying-baking-all-types-of-cuisines-1l,Jaipur,303002,243,375,35.2,1
2026-06-01-1200,2026-06-01,amazon-now,jivo-canola-cold-pressed-edible-oil-1-litre-cooking-oil-for-daily-use-ideal-for-roasting-frying-baking-all-types-of-cuisines-1l,Jaipur,303003,243,375,35.2,1
2026-06-01-1200,2026-06-01,amazon-now,jivo-canola-cold-pressed-edible-oil-1-litre-cooking-oil-for-daily-use-ideal-for-roasting-frying-baking-all-types-of-cuisines-1l,Jaipur,303006,243,375,35.2,1
2026-06-01-1200,2026-06-01,amazon-now,jivo-canola-cold-pressed-edible-oil-1-litre-cooking-oil-for-daily-use-ideal-for-roasting-frying-baking-all-types-of-cuisines-1l,Jaipur,303009,243,375,35.2,1
2026-06-01-1200,2026-06-01,amazon-now,jivo-canola-cold-pressed-edible-oil-1-litre-cooking-oil-for-daily-use-ideal-for-roasting-frying-baking-all-types-of-cuisines-1l,Jaipur,303012,243,375,35.2,1
2026-06-01-1200,2026-06-01,amazon-now,jivo-canola-cold-pressed-edible-oil-1-litre-cooking-oil-for-daily-use-ideal-for-roasting-frying-baking-all-types-of-cuisines-1l,Jaipur,303103,243,375,35.2,1
2026-06-01-1200,2026-06-01,amazon-now,jivo-canola-cold-pressed-edible-oil-1-litre-cooking-oil-for-daily-use-ideal-for-roasting-frying-baking-all-types-of-cuisines-1l,Jaipur,303105,243,375,35.2,1
2026-06-01-1200,2026-06-01,amazon-now,jivo-canola-cold-pressed-edible-oil-1-litre-cooking-oil-for-daily-use-ideal-for-roasting-frying-baking-all-types-of-cuisines-1l,Jaipur,303107,243,375,35.2,1
2026-06-01-1200,2026-06-01,amazon-now,jivo-canola-cold-pressed-edible-oil-1-litre-cooking-oil-for-daily-use-ideal-for-roasting-frying-baking-all-types-of-cuisines-1l,Jaipur,303108,243,375,35.2,1
2026-06-01-1200,2026-06-01,amazon-now,jivo-canola-cold-pressed-edible-oil-1-litre-cooking-oil-for-daily-use-ideal-for-roasting-frying-baking-all-types-of-cuisines-1l,Jaipur,303109,243,375,35.2,1
2026-06-01-1200,2026-06-01,amazon-now,jivo-canola-cold-pressed-edible-oil-1-litre-cooking-oil-for-daily-use-ideal-for-roasting-frying-baking-all-types-of-cuisines-1l,Jaipur,303110,243,375,35.2,1
2026-06-01-1200,2026-06-01,amazon-now,jivo-canola-cold-pressed-edible-oil-1-litre-cooking-oil-for-daily-use-ideal-for-roasting-frying-baking-all-types-of-cuisines-1l,Jaipur,303120,243,375,35.2,1
2026-06-01-1200,2026-06-01,amazon-now,jivo-canola-cold-pressed-edible-oil-1-litre-cooking-oil-for-daily-use-ideal-for-roasting-frying-baking-all-types-of-cuisines-1l,Jaipur,303328,243,375,35.2,1
2026-06-01-1200,2026-06-01,amazon-now,jivo-canola-cold-pressed-edible-oil-1-litre-cooking-oil-for-daily-use-ideal-for-roasting-frying-baking-all-types-of-cuisines-1l,Jaipur,303329,243,375,35.2,1
2026-06-01-1200,2026-06-01,amazon-now,jivo-canola-cold-pressed-edible-oil-1-litre-cooking-oil-for-daily-use-ideal-for-roasting-frying-baking-all-types-of-cuisines-1l,Jaipur,303348,243,375,35.2,1
2026-06-01-1200,2026-06-01,amazon-now,jivo-canola-cold-pressed-edible-oil-1-litre-cooking-oil-for-daily-use-ideal-for-roasting-frying-baking-all-types-of-cuisines-1l,Jaipur,303602,243,375,35.2,1
2026-06-01-1200,2026-06-01,amazon-now,jivo-canola-cold-pressed-edible-oil-1-litre-cooking-oil-for-daily-use-ideal-for-roasting-frying-baking-all-types-of-cuisines-1l,Jaipur,303604,243,375,35.2,1
2026-06-01-1200,2026-06-01,amazon-now,jivo-canola-cold-pressed-edible-oil-1-litre-cooking-oil-for-daily-use-ideal-for-roasting-frying-baking-all-types-of-cuisines-1l,Jaipur,303701,243,375,35.2,1
2026-06-01-1200,2026-06-01,amazon-now,jivo-canola-cold-pressed-edible-oil-1-litre-cooking-oil-for-daily-use-ideal-for-roasting-frying-baking-all-types-of-cuisines-1l,Jaipur,303706,243,375,35.2,1
2026-06-01-1200,2026-06-01,amazon-now,jivo-canola-cold-pressed-edible-oil-1-litre-cooking-oil-for-daily-use-ideal-for-roasting-frying-baking-all-types-of-cuisines-1l,Jaipur,303712,243,375,35.2,1
2026-06-01-1200,2026-06-01,amazon-now,jivo-canola-cold-pressed-edible-oil-1-litre-cooking-oil-for-daily-use-ideal-for-roasting-frying-baking-all-types-of-cuisines-1l,Jaipur,303802,243,375,35.2,1
2026-06-01-1200,2026-06-01,amazon-now,jivo-canola-cold-pressed-edible-oil-1-litre-cooking-oil-for-daily-use-ideal-for-roasting-frying-baking-all-types-of-cuisines-1l,Jaipur,303803,243,375,35.2,1
2026-06-01-1200,2026-06-01,amazon-now,jivo-canola-cold-pressed-edible-oil-1-litre-cooking-oil-for-daily-use-ideal-for-roasting-frying-baking-all-types-of-cuisines-1l,Jaipur,303804,243,375,35.2,1
2026-06-01-1200,2026-06-01,amazon-now,jivo-canola-cold-pressed-edible-oil-1-litre-cooking-oil-for-daily-use-ideal-for-roasting-frying-baking-all-types-of-cuisines-1l,Jaipur,303806,243,375,35.2,1
2026-06-01-1200,2026-06-01,amazon-now,jivo-canola-cold-pressed-edible-oil-1-litre-cooking-oil-for-daily-use-ideal-for-roasting-frying-baking-all-types-of-cuisines-1l,Jaipur,303807,243,375,35.2,1
2026-06-01-1200,2026-06-01,amazon-now,jivo-canola-cold-pressed-edible-oil-1-litre-cooking-oil-for-daily-use-ideal-for-roasting-frying-baking-all-types-of-cuisines-1l,Jaipur,303901,243,375,35.2,1
2026-06-01-1200,2026-06-01,amazon-now,jivo-canola-cold-pressed-edible-oil-1-litre-cooking-oil-for-daily-use-ideal-for-roasting-frying-baking-all-types-of-cuisines-1l,Jaipur,303905,243,375,35.2,1
2026-06-01-1200,2026-06-01,amazon-now,jivo-canola-cold-pressed-edible-oil-1-litre-cooking-oil-for-daily-use-ideal-for-roasting-frying-baking-all-types-of-cuisines-1l,Jaipur,303908,243,375,35.2,1
2026-06-01-1200,2026-06-01,amazon-now,jivo-canola-cold-pressed-edible-oil-1-litre-cooking-oil-for-daily-use-ideal-for-roasting-frying-baking-all-types-of-cuisines-1l,Surat,394160,259,375,30.9,1
2026-06-01-1200,2026-06-01,amazon-now,jivo-canola-cold-pressed-edible-oil-1-litre-cooking-oil-for-daily-use-ideal-for-roasting-frying-baking-all-types-of-cuisines-1l,Surat,394185,259,375,30.9,1
2026-06-01-1200,2026-06-01,amazon-now,jivo-canola-cold-pressed-edible-oil-1-litre-cooking-oil-for-daily-use-ideal-for-roasting-frying-baking-all-types-of-cuisines-1l,Surat,394410,259,375,30.9,1
2026-06-01-1200,2026-06-01,amazon-now,jivo-canola-cold-pressed-edible-oil-1-litre-cooking-oil-for-daily-use-ideal-for-roasting-frying-baking-all-types-of-cuisines-1l,Surat,394510,259,375,30.9,1
2026-06-01-1200,2026-06-01,amazon-now,jivo-canola-cold-pressed-edible-oil-1-litre-cooking-oil-for-daily-use-ideal-for-roasting-frying-baking-all-types-of-cuisines-1l,Surat,394540,259,375,30.9,1
2026-06-01-1200,2026-06-01,amazon-now,jivo-canola-cold-pressed-edible-oil-1-litre-cooking-oil-for-daily-use-ideal-for-roasting-frying-baking-all-types-of-cuisines-1l,Mumbai,400001,248,375,33.9,1
2026-06-01-1200,2026-06-01,amazon-now,jivo-canola-cold-pressed-edible-oil-1-litre-cooking-oil-for-daily-use-ideal-for-roasting-frying-baking-all-types-of-cuisines-1l,Mumbai,400003,248,375,33.9,1
2026-06-01-1200,2026-06-01,amazon-now,jivo-canola-cold-pressed-edible-oil-1-litre-cooking-oil-for-daily-use-ideal-for-roasting-frying-baking-all-types-of-cuisines-1l,Mumbai,400004,248,375,33.9,1
2026-06-01-1200,2026-06-01,amazon-now,jivo-canola-cold-pressed-edible-oil-1-litre-cooking-oil-for-daily-use-ideal-for-roasting-frying-baking-all-types-of-cuisines-1l,Mumbai,400005,248,375,33.9,1
2026-06-01-1200,2026-06-01,amazon-now,jivo-canola-cold-pressed-edible-oil-1-litre-cooking-oil-for-daily-use-ideal-for-roasting-frying-baking-all-types-of-cuisines-1l,Mumbai,400006,248,375,33.9,1
2026-06-01-1200,2026-06-01,amazon-now,jivo-canola-cold-pressed-edible-oil-1-litre-cooking-oil-for-daily-use-ideal-for-roasting-frying-baking-all-types-of-cuisines-1l,Mumbai,400007,248,375,33.9,1
2026-06-01-1200,2026-06-01,amazon-now,jivo-canola-cold-pressed-edible-oil-1-litre-cooking-oil-for-daily-use-ideal-for-roasting-frying-baking-all-types-of-cuisines-1l,Mumbai,400010,248,375,33.9,1
2026-06-01-1200,2026-06-01,amazon-now,jivo-canola-cold-pressed-edible-oil-1-litre-cooking-oil-for-daily-use-ideal-for-roasting-frying-baking-all-types-of-cuisines-1l,Mumbai,400011,248,375,33.9,1
2026-06-01-1200,2026-06-01,amazon-now,jivo-canola-cold-pressed-edible-oil-1-litre-cooking-oil-for-daily-use-ideal-for-roasting-frying-baking-all-types-of-cuisines-1l,Mumbai,400012,248,375,33.9,1
2026-06-01-1200,2026-06-01,amazon-now,jivo-canola-cold-pressed-edible-oil-1-litre-cooking-oil-for-daily-use-ideal-for-roasting-frying-baking-all-types-of-cuisines-1l,Mumbai,400013,248,375,33.9,1
2026-06-01-1200,2026-06-01,amazon-now,jivo-canola-cold-pressed-edible-oil-1-litre-cooking-oil-for-daily-use-ideal-for-roasting-frying-baking-all-types-of-cuisines-1l,Mumbai,400015,248,375,33.9,1
2026-06-01-1200,2026-06-01,amazon-now,jivo-canola-cold-pressed-edible-oil-1-litre-cooking-oil-for-daily-use-ideal-for-roasting-frying-baking-all-types-of-cuisines-1l,Mumbai,400017,248,375,33.9,1
2026-06-01-1200,2026-06-01,amazon-now,jivo-canola-cold-pressed-edible-oil-1-litre-cooking-oil-for-daily-use-ideal-for-roasting-frying-baking-all-types-of-cuisines-1l,Mumbai,400018,248,375,33.9,1
2026-06-01-1200,2026-06-01,amazon-now,jivo-canola-cold-pressed-edible-oil-1-litre-cooking-oil-for-daily-use-ideal-for-roasting-frying-baking-all-types-of-cuisines-1l,Mumbai,400019,248,375,33.9,1
2026-06-01-1200,2026-06-01,amazon-now,jivo-canola-cold-pressed-edible-oil-1-litre-cooking-oil-for-daily-use-ideal-for-roasting-frying-baking-all-types-of-cuisines-1l,Mumbai,400020,248,375,33.9,1
2026-06-01-1200,2026-06-01,amazon-now,jivo-canola-cold-pressed-edible-oil-1-litre-cooking-oil-for-daily-use-ideal-for-roasting-frying-baking-all-types-of-cuisines-1l,Mumbai,400021,248,375,33.9,1
2026-06-01-1200,2026-06-01,amazon-now,jivo-canola-cold-pressed-edible-oil-1-litre-cooking-oil-for-daily-use-ideal-for-roasting-frying-baking-all-types-of-cuisines-1l,Mumbai,400023,248,375,33.9,1
2026-06-01-1200,2026-06-01,amazon-now,jivo-canola-cold-pressed-edible-oil-1-litre-cooking-oil-for-daily-use-ideal-for-roasting-frying-baking-all-types-of-cuisines-1l,Mumbai,400025,248,375,33.9,1
2026-06-01-1200,2026-06-01,amazon-now,jivo-canola-cold-pressed-edible-oil-1-litre-cooking-oil-for-daily-use-ideal-for-roasting-frying-baking-all-types-of-cuisines-1l,Mumbai,400026,248,375,33.9,1
2026-06-01-1200,2026-06-01,amazon-now,jivo-canola-cold-pressed-edible-oil-1-litre-cooking-oil-for-daily-use-ideal-for-roasting-frying-baking-all-types-of-cuisines-1l,Mumbai,400030,248,375,33.9,1
2026-06-01-1200,2026-06-01,amazon-now,jivo-canola-cold-pressed-edible-oil-1-litre-cooking-oil-for-daily-use-ideal-for-roasting-frying-baking-all-types-of-cuisines-1l,Mumbai,400033,248,375,33.9,1
2026-06-01-1200,2026-06-01,amazon-now,jivo-canola-cold-pressed-edible-oil-1-litre-cooking-oil-for-daily-use-ideal-for-roasting-frying-baking-all-types-of-cuisines-1l,Mumbai,400041,248,375,33.9,1
2026-06-01-1200,2026-06-01,amazon-now,jivo-canola-cold-pressed-edible-oil-1-litre-cooking-oil-for-daily-use-ideal-for-roasting-frying-baking-all-types-of-cuisines-1l,Mumbai,400073,248,375,33.9,1
2026-06-01-1200,2026-06-01,amazon-now,jivo-canola-cold-pressed-edible-oil-1-litre-cooking-oil-for-daily-use-ideal-for-roasting-frying-baking-all-types-of-cuisines-1l,Mumbai,400090,248,375,33.9,1
2026-06-01-1200,2026-06-01,amazon-now,jivo-canola-cold-pressed-edible-oil-1-litre-cooking-oil-for-daily-use-ideal-for-roasting-frying-baking-all-types-of-cuisines-1l,Mumbai,400601,248,375,33.9,1
2026-06-01-1200,2026-06-01,amazon-now,jivo-canola-cold-pressed-edible-oil-1-litre-cooking-oil-for-daily-use-ideal-for-roasting-frying-baking-all-types-of-cuisines-1l,Mumbai,400611,248,375,33.9,1
2026-06-01-1200,2026-06-01,amazon-now,jivo-canola-cold-pressed-edible-oil-1-litre-cooking-oil-for-daily-use-ideal-for-roasting-frying-baking-all-types-of-cuisines-1l,Mumbai,400701,248,375,33.9,1
2026-06-01-1200,2026-06-01,amazon-now,jivo-canola-cold-pressed-edible-oil-1-litre-cooking-oil-for-daily-use-ideal-for-roasting-frying-baking-all-types-of-cuisines-1l,Mumbai,400702,248,375,33.9,1
2026-06-01-1200,2026-06-01,amazon-now,jivo-canola-cold-pressed-edible-oil-1-litre-cooking-oil-for-daily-use-ideal-for-roasting-frying-baking-all-types-of-cuisines-1l,Mumbai,400703,248,375,33.9,1
2026-06-01-1200,2026-06-01,amazon-now,jivo-canola-cold-pressed-edible-oil-1-litre-cooking-oil-for-daily-use-ideal-for-roasting-frying-baking-all-types-of-cuisines-1l,Mumbai,400707,248,375,33.9,1
2026-06-01-1200,2026-06-01,amazon-now,jivo-canola-cold-pressed-edible-oil-1-litre-cooking-oil-for-daily-use-ideal-for-roasting-frying-baking-all-types-of-cuisines-1l,Pune,410301,259,375,30.9,1
2026-06-01-1200,2026-06-01,amazon-now,jivo-canola-cold-pressed-edible-oil-1-litre-cooking-oil-for-daily-use-ideal-for-roasting-frying-baking-all-types-of-cuisines-1l,Pune,410401,259,375,30.9,1
2026-06-01-1200,2026-06-01,amazon-now,jivo-canola-cold-pressed-edible-oil-1-litre-cooking-oil-for-daily-use-ideal-for-roasting-frying-baking-all-types-of-cuisines-1l,Pune,410402,259,375,30.9,1
2026-06-01-1200,2026-06-01,amazon-now,jivo-canola-cold-pressed-edible-oil-1-litre-cooking-oil-for-daily-use-ideal-for-roasting-frying-baking-all-types-of-cuisines-1l,Pune,410502,259,375,30.9,1
2026-06-01-1200,2026-06-01,amazon-now,jivo-canola-cold-pressed-edible-oil-1-litre-cooking-oil-for-daily-use-ideal-for-roasting-frying-baking-all-types-of-cuisines-1l,Pune,410503,259,375,30.9,1
2026-06-01-1200,2026-06-01,amazon-now,jivo-canola-cold-pressed-edible-oil-1-litre-cooking-oil-for-daily-use-ideal-for-roasting-frying-baking-all-types-of-cuisines-1l,Pune,410506,248,375,33.9,1
2026-06-01-1200,2026-06-01,amazon-now,jivo-canola-cold-pressed-edible-oil-1-litre-cooking-oil-for-daily-use-ideal-for-roasting-frying-baking-all-types-of-cuisines-1l,Pune,411001,259,375,30.9,1
2026-06-01-1200,2026-06-01,amazon-now,jivo-canola-cold-pressed-edible-oil-1-litre-cooking-oil-for-daily-use-ideal-for-roasting-frying-baking-all-types-of-cuisines-1l,Pune,411003,259,375,30.9,1
2026-06-01-1200,2026-06-01,amazon-now,jivo-canola-cold-pressed-edible-oil-1-litre-cooking-oil-for-daily-use-ideal-for-roasting-frying-baking-all-types-of-cuisines-1l,Pune,411004,259,375,30.9,1
2026-06-01-1200,2026-06-01,amazon-now,jivo-canola-cold-pressed-edible-oil-1-litre-cooking-oil-for-daily-use-ideal-for-roasting-frying-baking-all-types-of-cuisines-1l,Pune,411005,259,375,30.9,1
2026-06-01-1200,2026-06-01,amazon-now,jivo-canola-cold-pressed-edible-oil-1-litre-cooking-oil-for-daily-use-ideal-for-roasting-frying-baking-all-types-of-cuisines-1l,Pune,411006,259,375,30.9,1
2026-06-01-1200,2026-06-01,amazon-now,jivo-canola-cold-pressed-edible-oil-1-litre-cooking-oil-for-daily-use-ideal-for-roasting-frying-baking-all-types-of-cuisines-1l,Pune,411011,259,375,30.9,1
2026-06-01-1200,2026-06-01,amazon-now,jivo-canola-cold-pressed-edible-oil-1-litre-cooking-oil-for-daily-use-ideal-for-roasting-frying-baking-all-types-of-cuisines-1l,Pune,411012,259,375,30.9,1
2026-06-01-1200,2026-06-01,amazon-now,jivo-canola-cold-pressed-edible-oil-1-litre-cooking-oil-for-daily-use-ideal-for-roasting-frying-baking-all-types-of-cuisines-1l,Pune,411014,259,375,30.9,1
2026-06-01-1200,2026-06-01,amazon-now,jivo-canola-cold-pressed-edible-oil-1-litre-cooking-oil-for-daily-use-ideal-for-roasting-frying-baking-all-types-of-cuisines-1l,Pune,411015,259,375,30.9,1
2026-06-01-1200,2026-06-01,amazon-now,jivo-canola-cold-pressed-edible-oil-1-litre-cooking-oil-for-daily-use-ideal-for-roasting-frying-baking-all-types-of-cuisines-1l,Pune,411020,259,375,30.9,1
2026-06-01-1200,2026-06-01,amazon-now,jivo-canola-cold-pressed-edible-oil-1-litre-cooking-oil-for-daily-use-ideal-for-roasting-frying-baking-all-types-of-cuisines-1l,Pune,411021,259,375,30.9,1
2026-06-01-1200,2026-06-01,amazon-now,jivo-canola-cold-pressed-edible-oil-1-litre-cooking-oil-for-daily-use-ideal-for-roasting-frying-baking-all-types-of-cuisines-1l,Pune,411028,259,375,30.9,1
2026-06-01-1200,2026-06-01,amazon-now,jivo-canola-cold-pressed-edible-oil-1-litre-cooking-oil-for-daily-use-ideal-for-roasting-frying-baking-all-types-of-cuisines-1l,Pune,411030,259,375,30.9,1
2026-06-01-1200,2026-06-01,amazon-now,jivo-canola-cold-pressed-edible-oil-1-litre-cooking-oil-for-daily-use-ideal-for-roasting-frying-baking-all-types-of-cuisines-1l,Pune,411035,259,375,30.9,1
2026-06-01-1200,2026-06-01,amazon-now,jivo-canola-cold-pressed-edible-oil-1-litre-cooking-oil-for-daily-use-ideal-for-roasting-frying-baking-all-types-of-cuisines-1l,Pune,411036,259,375,30.9,1
2026-06-01-1200,2026-06-01,amazon-now,jivo-canola-cold-pressed-edible-oil-1-litre-cooking-oil-for-daily-use-ideal-for-roasting-frying-baking-all-types-of-cuisines-1l,Pune,411040,259,375,30.9,1
2026-06-01-1200,2026-06-01,amazon-now,jivo-canola-cold-pressed-edible-oil-1-litre-cooking-oil-for-daily-use-ideal-for-roasting-frying-baking-all-types-of-cuisines-1l,Pune,411045,259,375,30.9,1
2026-06-01-1200,2026-06-01,amazon-now,jivo-canola-cold-pressed-edible-oil-1-litre-cooking-oil-for-daily-use-ideal-for-roasting-frying-baking-all-types-of-cuisines-1l,Pune,411047,259,375,30.9,1
2026-06-01-1200,2026-06-01,amazon-now,jivo-canola-cold-pressed-edible-oil-1-litre-cooking-oil-for-daily-use-ideal-for-roasting-frying-baking-all-types-of-cuisines-1l,Pune,411051,259,375,30.9,1
2026-06-01-1200,2026-06-01,amazon-now,jivo-canola-cold-pressed-edible-oil-1-litre-cooking-oil-for-daily-use-ideal-for-roasting-frying-baking-all-types-of-cuisines-1l,Pune,412101,248,375,33.9,1
2026-06-01-1200,2026-06-01,amazon-now,jivo-canola-cold-pressed-edible-oil-1-litre-cooking-oil-for-daily-use-ideal-for-roasting-frying-baking-all-types-of-cuisines-1l,Pune,412103,248,375,33.9,1
2026-06-01-1200,2026-06-01,amazon-now,jivo-canola-cold-pressed-edible-oil-1-litre-cooking-oil-for-daily-use-ideal-for-roasting-frying-baking-all-types-of-cuisines-1l,Pune,412104,259,375,30.9,1
2026-06-01-1200,2026-06-01,amazon-now,jivo-canola-cold-pressed-edible-oil-1-litre-cooking-oil-for-daily-use-ideal-for-roasting-frying-baking-all-types-of-cuisines-1l,Pune,412109,259,375,30.9,1
2026-06-01-1200,2026-06-01,amazon-now,jivo-canola-cold-pressed-edible-oil-1-litre-cooking-oil-for-daily-use-ideal-for-roasting-frying-baking-all-types-of-cuisines-1l,Pune,412114,259,375,30.9,1
2026-06-01-1200,2026-06-01,amazon-now,jivo-canola-cold-pressed-edible-oil-1-litre-cooking-oil-for-daily-use-ideal-for-roasting-frying-baking-all-types-of-cuisines-1l,Pune,412201,259,375,30.9,1
2026-06-01-1200,2026-06-01,amazon-now,jivo-canola-cold-pressed-edible-oil-1-litre-cooking-oil-for-daily-use-ideal-for-roasting-frying-baking-all-types-of-cuisines-1l,Pune,412204,248,375,33.9,1
2026-06-01-1200,2026-06-01,amazon-now,jivo-canola-cold-pressed-edible-oil-1-litre-cooking-oil-for-daily-use-ideal-for-roasting-frying-baking-all-types-of-cuisines-1l,Pune,412208,259,375,30.9,1
2026-06-01-1200,2026-06-01,amazon-now,jivo-canola-cold-pressed-edible-oil-1-litre-cooking-oil-for-daily-use-ideal-for-roasting-frying-baking-all-types-of-cuisines-1l,Pune,412209,259,375,30.9,1
2026-06-01-1200,2026-06-01,amazon-now,jivo-canola-cold-pressed-edible-oil-1-litre-cooking-oil-for-daily-use-ideal-for-roasting-frying-baking-all-types-of-cuisines-1l,Pune,412210,259,375,30.9,1
2026-06-01-1200,2026-06-01,amazon-now,jivo-canola-cold-pressed-edible-oil-1-litre-cooking-oil-for-daily-use-ideal-for-roasting-frying-baking-all-types-of-cuisines-1l,Pune,412211,259,375,30.9,1
2026-06-01-1200,2026-06-01,amazon-now,jivo-canola-cold-pressed-edible-oil-1-litre-cooking-oil-for-daily-use-ideal-for-roasting-frying-baking-all-types-of-cuisines-1l,Pune,412213,259,375,30.9,1
2026-06-01-1200,2026-06-01,amazon-now,jivo-canola-cold-pressed-edible-oil-1-litre-cooking-oil-for-daily-use-ideal-for-roasting-frying-baking-all-types-of-cuisines-1l,Pune,412216,248,375,33.9,1
2026-06-01-1200,2026-06-01,amazon-now,jivo-canola-cold-pressed-edible-oil-1-litre-cooking-oil-for-daily-use-ideal-for-roasting-frying-baking-all-types-of-cuisines-1l,Pune,412220,259,375,30.9,1
2026-06-01-1200,2026-06-01,amazon-now,jivo-canola-cold-pressed-edible-oil-1-litre-cooking-oil-for-daily-use-ideal-for-roasting-frying-baking-all-types-of-cuisines-1l,Pune,412301,259,375,30.9,1
2026-06-01-1200,2026-06-01,amazon-now,jivo-canola-cold-pressed-edible-oil-1-litre-cooking-oil-for-daily-use-ideal-for-roasting-frying-baking-all-types-of-cuisines-1l,Pune,412303,259,375,30.9,1
2026-06-01-1200,2026-06-01,amazon-now,jivo-canola-cold-pressed-edible-oil-1-litre-cooking-oil-for-daily-use-ideal-for-roasting-frying-baking-all-types-of-cuisines-1l,Pune,412304,248,375,33.9,1
2026-06-01-1200,2026-06-01,amazon-now,jivo-canola-cold-pressed-edible-oil-1-litre-cooking-oil-for-daily-use-ideal-for-roasting-frying-baking-all-types-of-cuisines-1l,Pune,412306,248,375,33.9,1
2026-06-01-1200,2026-06-01,amazon-now,jivo-canola-cold-pressed-edible-oil-1-litre-cooking-oil-for-daily-use-ideal-for-roasting-frying-baking-all-types-of-cuisines-1l,Pune,412308,259,375,30.9,1
2026-06-01-1200,2026-06-01,amazon-now,jivo-canola-cold-pressed-edible-oil-1-litre-cooking-oil-for-daily-use-ideal-for-roasting-frying-baking-all-types-of-cuisines-1l,Pune,412401,259,375,30.9,1
2026-06-01-1200,2026-06-01,amazon-now,jivo-canola-cold-pressed-edible-oil-1-litre-cooking-oil-for-daily-use-ideal-for-roasting-frying-baking-all-types-of-cuisines-1l,Pune,412403,248,375,33.9,1
2026-06-01-1200,2026-06-01,amazon-now,jivo-canola-cold-pressed-edible-oil-1-litre-cooking-oil-for-daily-use-ideal-for-roasting-frying-baking-all-types-of-cuisines-1l,Pune,412404,248,375,33.9,1
2026-06-01-1200,2026-06-01,amazon-now,jivo-canola-cold-pressed-edible-oil-1-litre-cooking-oil-for-daily-use-ideal-for-roasting-frying-baking-all-types-of-cuisines-1l,Pune,412405,259,375,30.9,1
2026-06-01-1200,2026-06-01,amazon-now,jivo-canola-cold-pressed-edible-oil-1-litre-cooking-oil-for-daily-use-ideal-for-roasting-frying-baking-all-types-of-cuisines-1l,Pune,412409,259,375,30.9,1
2026-06-01-1200,2026-06-01,amazon-now,jivo-canola-cold-pressed-edible-oil-1-litre-cooking-oil-for-daily-use-ideal-for-roasting-frying-baking-all-types-of-cuisines-1l,Pune,412410,259,375,30.9,1
2026-06-01-1200,2026-06-01,amazon-now,jivo-canola-cold-pressed-edible-oil-1-litre-cooking-oil-for-daily-use-ideal-for-roasting-frying-baking-all-types-of-cuisines-1l,Pune,413105,259,375,30.9,1
2026-06-01-1200,2026-06-01,amazon-now,jivo-canola-cold-pressed-edible-oil-1-litre-cooking-oil-for-daily-use-ideal-for-roasting-frying-baking-all-types-of-cuisines-1l,Pune,413132,259,375,30.9,1
2026-06-01-1200,2026-06-01,amazon-now,jivo-canola-cold-pressed-edible-oil-1-litre-cooking-oil-for-daily-use-ideal-for-roasting-frying-baking-all-types-of-cuisines-1l,Pune,413801,248,375,33.9,1
2026-06-01-1200,2026-06-01,amazon-now,jivo-canola-cold-pressed-edible-oil-5-litres-5l,Delhi,110003,1193,1650,27.7,1
2026-06-01-1200,2026-06-01,amazon-now,jivo-canola-cold-pressed-edible-oil-5-litres-5l,Delhi,110007,1193,1650,27.7,1
2026-06-01-1200,2026-06-01,amazon-now,jivo-canola-cold-pressed-edible-oil-5-litres-5l,Delhi,110008,1414,1650,14.3,1
2026-06-01-1200,2026-06-01,amazon-now,jivo-canola-cold-pressed-edible-oil-5-litres-5l,Delhi,110009,1193,1650,27.7,1
2026-06-01-1200,2026-06-01,amazon-now,jivo-canola-cold-pressed-edible-oil-5-litres-5l,Delhi,110010,1414,1650,14.3,1
2026-06-01-1200,2026-06-01,amazon-now,jivo-canola-cold-pressed-edible-oil-5-litres-5l,Delhi,110013,1193,1650,27.7,1
2026-06-01-1200,2026-06-01,amazon-now,jivo-canola-cold-pressed-edible-oil-5-litres-5l,Delhi,110014,1193,1650,27.7,1
2026-06-01-1200,2026-06-01,amazon-now,jivo-canola-cold-pressed-edible-oil-5-litres-5l,Delhi,110015,1414,1650,14.3,1
2026-06-01-1200,2026-06-01,amazon-now,jivo-canola-cold-pressed-edible-oil-5-litres-5l,Delhi,110016,1193,1650,27.7,1
2026-06-01-1200,2026-06-01,amazon-now,jivo-canola-cold-pressed-edible-oil-5-litres-5l,Delhi,110017,1193,1650,27.7,1
2026-06-01-1200,2026-06-01,amazon-now,jivo-canola-cold-pressed-edible-oil-5-litres-5l,Delhi,110018,1193,1650,27.7,1
2026-06-01-1200,2026-06-01,amazon-now,jivo-canola-cold-pressed-edible-oil-5-litres-5l,Delhi,110024,1193,1650,27.7,1
2026-06-01-1200,2026-06-01,amazon-now,jivo-canola-cold-pressed-edible-oil-5-litres-5l,Delhi,110025,1193,1650,27.7,1
2026-06-01-1200,2026-06-01,amazon-now,jivo-canola-cold-pressed-edible-oil-5-litres-5l,Delhi,110026,1414,1650,14.3,1
2026-06-01-1200,2026-06-01,amazon-now,jivo-canola-cold-pressed-edible-oil-5-litres-5l,Delhi,110032,1414,1650,14.3,1
2026-06-01-1200,2026-06-01,amazon-now,jivo-canola-cold-pressed-edible-oil-5-litres-5l,Delhi,110033,1193,1650,27.7,1
2026-06-01-1200,2026-06-01,amazon-now,jivo-canola-cold-pressed-edible-oil-5-litres-5l,Delhi,110035,1193,1650,27.7,1
2026-06-01-1200,2026-06-01,amazon-now,jivo-canola-cold-pressed-edible-oil-5-litres-5l,Delhi,110036,1193,1650,27.7,1
2026-06-01-1200,2026-06-01,amazon-now,jivo-canola-cold-pressed-edible-oil-5-litres-5l,Delhi,110039,1193,1650,27.7,1
2026-06-01-1200,2026-06-01,amazon-now,jivo-canola-cold-pressed-edible-oil-5-litres-5l,Delhi,110040,1193,1650,27.7,1
2026-06-01-1200,2026-06-01,amazon-now,jivo-canola-cold-pressed-edible-oil-5-litres-5l,Delhi,110041,1193,1650,27.7,1
2026-06-01-1200,2026-06-01,amazon-now,jivo-canola-cold-pressed-edible-oil-5-litres-5l,Delhi,110042,1414,1650,14.3,1
2026-06-01-1200,2026-06-01,amazon-now,jivo-canola-cold-pressed-edible-oil-5-litres-5l,Delhi,110044,1193,1650,27.7,1
2026-06-01-1200,2026-06-01,amazon-now,jivo-canola-cold-pressed-edible-oil-5-litres-5l,Delhi,110046,1414,1650,14.3,1
2026-06-01-1200,2026-06-01,amazon-now,jivo-canola-cold-pressed-edible-oil-5-litres-5l,Delhi,110048,1193,1650,27.7,1
2026-06-01-1200,2026-06-01,amazon-now,jivo-canola-cold-pressed-edible-oil-5-litres-5l,Delhi,110051,1414,1650,14.3,1
2026-06-01-1200,2026-06-01,amazon-now,jivo-canola-cold-pressed-edible-oil-5-litres-5l,Delhi,110052,1193,1650,27.7,1
2026-06-01-1200,2026-06-01,amazon-now,jivo-canola-cold-pressed-edible-oil-5-litres-5l,Delhi,110062,1193,1650,27.7,1
2026-06-01-1200,2026-06-01,amazon-now,jivo-canola-cold-pressed-edible-oil-5-litres-5l,Delhi,110065,1193,1650,27.7,1
2026-06-01-1200,2026-06-01,amazon-now,jivo-canola-cold-pressed-edible-oil-5-litres-5l,Delhi,110075,1414,1650,14.3,1
2026-06-01-1200,2026-06-01,amazon-now,jivo-canola-cold-pressed-edible-oil-5-litres-5l,Delhi,110076,1193,1650,27.7,1
2026-06-01-1200,2026-06-01,amazon-now,jivo-canola-cold-pressed-edible-oil-5-litres-5l,Delhi,110081,1193,1650,27.7,1
2026-06-01-1200,2026-06-01,amazon-now,jivo-canola-cold-pressed-edible-oil-5-litres-5l,Delhi,110082,1414,1650,14.3,1
2026-06-01-1200,2026-06-01,amazon-now,jivo-canola-cold-pressed-edible-oil-5-litres-5l,Delhi,110083,1414,1650,14.3,1
2026-06-01-1200,2026-06-01,amazon-now,jivo-canola-cold-pressed-edible-oil-5-litres-5l,Delhi,110084,1193,1650,27.7,1
2026-06-01-1200,2026-06-01,amazon-now,jivo-canola-cold-pressed-edible-oil-5-litres-5l,Delhi,110085,1414,1650,14.3,1
2026-06-01-1200,2026-06-01,amazon-now,jivo-canola-cold-pressed-edible-oil-5-litres-5l,Delhi,110088,1193,1650,27.7,1
2026-06-01-1200,2026-06-01,amazon-now,jivo-canola-cold-pressed-edible-oil-5-litres-5l,Delhi,110092,1414,1650,14.3,1
2026-06-01-1200,2026-06-01,amazon-now,jivo-canola-cold-pressed-edible-oil-5-litres-5l,Delhi,110095,1414,1650,14.3,1
2026-06-01-1200,2026-06-01,amazon-now,jivo-canola-cold-pressed-edible-oil-5-litres-5l,Faridabad,121001,1414,1650,14.3,1
2026-06-01-1200,2026-06-01,amazon-now,jivo-canola-cold-pressed-edible-oil-5-litres-5l,Faridabad,121002,1414,1650,14.3,1
2026-06-01-1200,2026-06-01,amazon-now,jivo-canola-cold-pressed-edible-oil-5-litres-5l,Faridabad,121003,1414,1650,14.3,1
2026-06-01-1200,2026-06-01,amazon-now,jivo-canola-cold-pressed-edible-oil-5-litres-5l,Faridabad,121004,1193,1650,27.7,1
2026-06-01-1200,2026-06-01,amazon-now,jivo-canola-cold-pressed-edible-oil-5-litres-5l,Faridabad,121011,1193,1650,27.7,1
2026-06-01-1200,2026-06-01,amazon-now,jivo-canola-cold-pressed-edible-oil-5-litres-5l,Faridabad,121101,1193,1650,27.7,1
2026-06-01-1200,2026-06-01,amazon-now,jivo-canola-cold-pressed-edible-oil-5-litres-5l,Gurgaon,121104,1193,1650,27.7,1
2026-06-01-1200,2026-06-01,amazon-now,jivo-canola-cold-pressed-edible-oil-5-litres-5l,Gurgaon,122004,1414,1650,14.3,1
2026-06-01-1200,2026-06-01,amazon-now,jivo-canola-cold-pressed-edible-oil-5-litres-5l,Gurgaon,122051,1193,1650,27.7,1
2026-06-01-1200,2026-06-01,amazon-now,jivo-canola-cold-pressed-edible-oil-5-litres-5l,Gurgaon,122101,1414,1650,14.3,1
2026-06-01-1200,2026-06-01,amazon-now,jivo-canola-cold-pressed-edible-oil-5-litres-5l,Gurgaon,122105,1193,1650,27.7,1
2026-06-01-1200,2026-06-01,amazon-now,jivo-canola-cold-pressed-edible-oil-5-litres-5l,Gurgaon,122106,1193,1650,27.7,1
2026-06-01-1200,2026-06-01,amazon-now,jivo-canola-cold-pressed-edible-oil-5-litres-5l,Gurgaon,123003,1193,1650,27.7,1
2026-06-01-1200,2026-06-01,amazon-now,jivo-canola-cold-pressed-edible-oil-5-litres-5l,Gurgaon,123413,1193,1650,27.7,1
2026-06-01-1200,2026-06-01,amazon-now,jivo-canola-cold-pressed-edible-oil-5-litres-5l,Gurgaon,123502,1193,1650,27.7,1
2026-06-01-1200,2026-06-01,amazon-now,jivo-canola-cold-pressed-edible-oil-5-litres-5l,Gurgaon,123505,1193,1650,27.7,1
2026-06-01-1200,2026-06-01,amazon-now,jivo-canola-cold-pressed-edible-oil-5-litres-5l,Ludhiana,141007,1193,1650,27.7,1
2026-06-01-1200,2026-06-01,amazon-now,jivo-canola-cold-pressed-edible-oil-5-litres-5l,Ludhiana,141106,1193,1650,27.7,1
2026-06-01-1200,2026-06-01,amazon-now,jivo-canola-cold-pressed-edible-oil-5-litres-5l,Ludhiana,141107,1193,1650,27.7,1
2026-06-01-1200,2026-06-01,amazon-now,jivo-canola-cold-pressed-edible-oil-5-litres-5l,Ludhiana,141108,1193,1650,27.7,1
2026-06-01-1200,2026-06-01,amazon-now,jivo-canola-cold-pressed-edible-oil-5-litres-5l,Ludhiana,141125,1193,1650,27.7,1
2026-06-01-1200,2026-06-01,amazon-now,jivo-canola-cold-pressed-edible-oil-5-litres-5l,Ludhiana,141126,1193,1650,27.7,1
2026-06-01-1200,2026-06-01,amazon-now,jivo-canola-cold-pressed-edible-oil-5-litres-5l,Ludhiana,141202,1193,1650,27.7,1
2026-06-01-1200,2026-06-01,amazon-now,jivo-canola-cold-pressed-edible-oil-5-litres-5l,Ludhiana,141204,1193,1650,27.7,1
2026-06-01-1200,2026-06-01,amazon-now,jivo-canola-cold-pressed-edible-oil-5-litres-5l,Ludhiana,141206,1193,1650,27.7,1
2026-06-01-1200,2026-06-01,amazon-now,jivo-canola-cold-pressed-edible-oil-5-litres-5l,Ludhiana,141412,1193,1650,27.7,1
2026-06-01-1200,2026-06-01,amazon-now,jivo-canola-cold-pressed-edible-oil-5-litres-5l,Ludhiana,141413,1193,1650,27.7,1
2026-06-01-1200,2026-06-01,amazon-now,jivo-canola-cold-pressed-edible-oil-5-litres-5l,Ludhiana,141414,1193,1650,27.7,1
2026-06-01-1200,2026-06-01,amazon-now,jivo-canola-cold-pressed-edible-oil-5-litres-5l,Ludhiana,141415,1193,1650,27.7,1
2026-06-01-1200,2026-06-01,amazon-now,jivo-canola-cold-pressed-edible-oil-5-litres-5l,Ludhiana,141417,1193,1650,27.7,1
2026-06-01-1200,2026-06-01,amazon-now,jivo-canola-cold-pressed-edible-oil-5-litres-5l,Ludhiana,141419,1193,1650,27.7,1
2026-06-01-1200,2026-06-01,amazon-now,jivo-canola-cold-pressed-edible-oil-5-litres-5l,Ludhiana,142023,1193,1650,27.7,1
2026-06-01-1200,2026-06-01,amazon-now,jivo-canola-cold-pressed-edible-oil-5-litres-5l,Ludhiana,142024,1193,1650,27.7,1
2026-06-01-1200,2026-06-01,amazon-now,jivo-canola-cold-pressed-edible-oil-5-litres-5l,Ludhiana,142026,1193,1650,27.7,1
2026-06-01-1200,2026-06-01,amazon-now,jivo-canola-cold-pressed-edible-oil-5-litres-5l,Ludhiana,142029,1193,1650,27.7,1
2026-06-01-1200,2026-06-01,amazon-now,jivo-canola-cold-pressed-edible-oil-5-litres-5l,Ludhiana,142030,1193,1650,27.7,1
2026-06-01-1200,2026-06-01,amazon-now,jivo-canola-cold-pressed-edible-oil-5-litres-5l,Ludhiana,142031,1193,1650,27.7,1
2026-06-01-1200,2026-06-01,amazon-now,jivo-canola-cold-pressed-edible-oil-5-litres-5l,Ludhiana,142032,1193,1650,27.7,1
2026-06-01-1200,2026-06-01,amazon-now,jivo-canola-cold-pressed-edible-oil-5-litres-5l,Ludhiana,142035,1193,1650,27.7,1
2026-06-01-1200,2026-06-01,amazon-now,jivo-canola-cold-pressed-edible-oil-5-litres-5l,Ludhiana,142036,1193,1650,27.7,1
2026-06-01-1200,2026-06-01,amazon-now,jivo-canola-cold-pressed-edible-oil-5-litres-5l,Chandigarh,160021,1193,1650,27.7,1
2026-06-01-1200,2026-06-01,amazon-now,jivo-canola-cold-pressed-edible-oil-5-litres-5l,Ghaziabad,201001,1414,1650,14.3,1
2026-06-01-1200,2026-06-01,amazon-now,jivo-canola-cold-pressed-edible-oil-5-litres-5l,Ghaziabad,201002,1414,1650,14.3,1
2026-06-01-1200,2026-06-01,amazon-now,jivo-canola-cold-pressed-edible-oil-5-litres-5l,Ghaziabad,201003,1193,1650,27.7,1
2026-06-01-1200,2026-06-01,amazon-now,jivo-canola-cold-pressed-edible-oil-5-litres-5l,Ghaziabad,201005,1414,1650,14.3,1
2026-06-01-1200,2026-06-01,amazon-now,jivo-canola-cold-pressed-edible-oil-5-litres-5l,Noida,201008,1193,1650,27.7,1
2026-06-01-1200,2026-06-01,amazon-now,jivo-canola-cold-pressed-edible-oil-5-litres-5l,Ghaziabad,201009,1414,1650,14.3,1
2026-06-01-1200,2026-06-01,amazon-now,jivo-canola-cold-pressed-edible-oil-5-litres-5l,Ghaziabad,201201,1193,1650,27.7,1
2026-06-01-1200,2026-06-01,amazon-now,jivo-canola-cold-pressed-edible-oil-5-litres-5l,Ghaziabad,201204,1193,1650,27.7,1
2026-06-01-1200,2026-06-01,amazon-now,jivo-canola-cold-pressed-edible-oil-5-litres-5l,Ghaziabad,201302,1193,1650,27.7,1
2026-06-01-1200,2026-06-01,amazon-now,jivo-canola-cold-pressed-edible-oil-5-litres-5l,Noida,201304,1414,1650,14.3,1
2026-06-01-1200,2026-06-01,amazon-now,jivo-canola-cold-pressed-edible-oil-5-litres-5l,Noida,201305,1414,1650,14.3,1
2026-06-01-1200,2026-06-01,amazon-now,jivo-canola-cold-pressed-edible-oil-5-litres-5l,Noida,201306,1414,1650,14.3,1
2026-06-01-1200,2026-06-01,amazon-now,jivo-canola-cold-pressed-edible-oil-5-litres-5l,Noida,201307,1414,1650,14.3,1
2026-06-01-1200,2026-06-01,amazon-now,jivo-canola-cold-pressed-edible-oil-5-litres-5l,Noida,201309,1414,1650,14.3,1
2026-06-01-1200,2026-06-01,amazon-now,jivo-canola-cold-pressed-edible-oil-5-litres-5l,Noida,201310,1414,1650,14.3,1
2026-06-01-1200,2026-06-01,amazon-now,jivo-canola-cold-pressed-edible-oil-5-litres-5l,Noida,203207,1193,1650,27.7,1
2026-06-01-1200,2026-06-01,amazon-now,jivo-canola-cold-pressed-edible-oil-5-litres-5l,Ghaziabad,245304,1193,1650,27.7,1
2026-06-01-1200,2026-06-01,amazon-now,jivo-canola-cold-pressed-edible-oil-5-litres-5l,Jaipur,302001,1414,1650,14.3,1
2026-06-01-1200,2026-06-01,amazon-now,jivo-canola-cold-pressed-edible-oil-5-litres-5l,Jaipur,302011,1193,1650,27.7,1
2026-06-01-1200,2026-06-01,amazon-now,jivo-canola-cold-pressed-edible-oil-5-litres-5l,Jaipur,302012,1414,1650,14.3,1
2026-06-01-1200,2026-06-01,amazon-now,jivo-canola-cold-pressed-edible-oil-5-litres-5l,Jaipur,302013,1414,1650,14.3,1
2026-06-01-1200,2026-06-01,amazon-now,jivo-canola-cold-pressed-edible-oil-5-litres-5l,Jaipur,302015,1414,1650,14.3,1
2026-06-01-1200,2026-06-01,amazon-now,jivo-canola-cold-pressed-edible-oil-5-litres-5l,Jaipur,302016,1414,1650,14.3,1
2026-06-01-1200,2026-06-01,amazon-now,jivo-canola-cold-pressed-edible-oil-5-litres-5l,Jaipur,302017,1414,1650,14.3,1
2026-06-01-1200,2026-06-01,amazon-now,jivo-canola-cold-pressed-edible-oil-5-litres-5l,Jaipur,302018,1414,1650,14.3,1
2026-06-01-1200,2026-06-01,amazon-now,jivo-canola-cold-pressed-edible-oil-5-litres-5l,Jaipur,302020,1414,1650,14.3,1
2026-06-01-1200,2026-06-01,amazon-now,jivo-canola-cold-pressed-edible-oil-5-litres-5l,Jaipur,302021,1414,1650,14.3,1
2026-06-01-1200,2026-06-01,amazon-now,jivo-canola-cold-pressed-edible-oil-5-litres-5l,Jaipur,302022,1193,1650,27.7,1
2026-06-01-1200,2026-06-01,amazon-now,jivo-canola-cold-pressed-edible-oil-5-litres-5l,Jaipur,302023,1414,1650,14.3,1
2026-06-01-1200,2026-06-01,amazon-now,jivo-canola-cold-pressed-edible-oil-5-litres-5l,Jaipur,302024,1414,1650,14.3,1
2026-06-01-1200,2026-06-01,amazon-now,jivo-canola-cold-pressed-edible-oil-5-litres-5l,Jaipur,302025,1193,1650,27.7,1
2026-06-01-1200,2026-06-01,amazon-now,jivo-canola-cold-pressed-edible-oil-5-litres-5l,Jaipur,302026,1193,1650,27.7,1
2026-06-01-1200,2026-06-01,amazon-now,jivo-canola-cold-pressed-edible-oil-5-litres-5l,Jaipur,302028,1193,1650,27.7,1
2026-06-01-1200,2026-06-01,amazon-now,jivo-canola-cold-pressed-edible-oil-5-litres-5l,Jaipur,302029,1193,1650,27.7,1
2026-06-01-1200,2026-06-01,amazon-now,jivo-canola-cold-pressed-edible-oil-5-litres-5l,Jaipur,302032,1414,1650,14.3,1
2026-06-01-1200,2026-06-01,amazon-now,jivo-canola-cold-pressed-edible-oil-5-litres-5l,Jaipur,302033,1414,1650,14.3,1
2026-06-01-1200,2026-06-01,amazon-now,jivo-canola-cold-pressed-edible-oil-5-litres-5l,Jaipur,303001,1193,1650,27.7,1
2026-06-01-1200,2026-06-01,amazon-now,jivo-canola-cold-pressed-edible-oil-5-litres-5l,Jaipur,303002,1193,1650,27.7,1
2026-06-01-1200,2026-06-01,amazon-now,jivo-canola-cold-pressed-edible-oil-5-litres-5l,Jaipur,303003,1193,1650,27.7,1
2026-06-01-1200,2026-06-01,amazon-now,jivo-canola-cold-pressed-edible-oil-5-litres-5l,Jaipur,303006,1193,1650,27.7,1
2026-06-01-1200,2026-06-01,amazon-now,jivo-canola-cold-pressed-edible-oil-5-litres-5l,Jaipur,303009,1193,1650,27.7,1
2026-06-01-1200,2026-06-01,amazon-now,jivo-canola-cold-pressed-edible-oil-5-litres-5l,Jaipur,303012,1193,1650,27.7,1
2026-06-01-1200,2026-06-01,amazon-now,jivo-canola-cold-pressed-edible-oil-5-litres-5l,Jaipur,303103,1193,1650,27.7,1
2026-06-01-1200,2026-06-01,amazon-now,jivo-canola-cold-pressed-edible-oil-5-litres-5l,Jaipur,303105,1193,1650,27.7,1
2026-06-01-1200,2026-06-01,amazon-now,jivo-canola-cold-pressed-edible-oil-5-litres-5l,Jaipur,303107,1193,1650,27.7,1
2026-06-01-1200,2026-06-01,amazon-now,jivo-canola-cold-pressed-edible-oil-5-litres-5l,Jaipur,303108,1193,1650,27.7,1
2026-06-01-1200,2026-06-01,amazon-now,jivo-canola-cold-pressed-edible-oil-5-litres-5l,Jaipur,303109,1193,1650,27.7,1
2026-06-01-1200,2026-06-01,amazon-now,jivo-canola-cold-pressed-edible-oil-5-litres-5l,Jaipur,303110,1193,1650,27.7,1
2026-06-01-1200,2026-06-01,amazon-now,jivo-canola-cold-pressed-edible-oil-5-litres-5l,Jaipur,303120,1193,1650,27.7,1
2026-06-01-1200,2026-06-01,amazon-now,jivo-canola-cold-pressed-edible-oil-5-litres-5l,Jaipur,303328,1193,1650,27.7,1
2026-06-01-1200,2026-06-01,amazon-now,jivo-canola-cold-pressed-edible-oil-5-litres-5l,Jaipur,303329,1193,1650,27.7,1
2026-06-01-1200,2026-06-01,amazon-now,jivo-canola-cold-pressed-edible-oil-5-litres-5l,Jaipur,303348,1193,1650,27.7,1
2026-06-01-1200,2026-06-01,amazon-now,jivo-canola-cold-pressed-edible-oil-5-litres-5l,Jaipur,303602,1193,1650,27.7,1
2026-06-01-1200,2026-06-01,amazon-now,jivo-canola-cold-pressed-edible-oil-5-litres-5l,Jaipur,303604,1193,1650,27.7,1
2026-06-01-1200,2026-06-01,amazon-now,jivo-canola-cold-pressed-edible-oil-5-litres-5l,Jaipur,303701,1193,1650,27.7,1
2026-06-01-1200,2026-06-01,amazon-now,jivo-canola-cold-pressed-edible-oil-5-litres-5l,Jaipur,303706,1193,1650,27.7,1
2026-06-01-1200,2026-06-01,amazon-now,jivo-canola-cold-pressed-edible-oil-5-litres-5l,Jaipur,303712,1193,1650,27.7,1
2026-06-01-1200,2026-06-01,amazon-now,jivo-canola-cold-pressed-edible-oil-5-litres-5l,Jaipur,303802,1193,1650,27.7,1
2026-06-01-1200,2026-06-01,amazon-now,jivo-canola-cold-pressed-edible-oil-5-litres-5l,Jaipur,303803,1193,1650,27.7,1
2026-06-01-1200,2026-06-01,amazon-now,jivo-canola-cold-pressed-edible-oil-5-litres-5l,Jaipur,303804,1193,1650,27.7,1
2026-06-01-1200,2026-06-01,amazon-now,jivo-canola-cold-pressed-edible-oil-5-litres-5l,Jaipur,303806,1193,1650,27.7,1
2026-06-01-1200,2026-06-01,amazon-now,jivo-canola-cold-pressed-edible-oil-5-litres-5l,Jaipur,303807,1193,1650,27.7,1
2026-06-01-1200,2026-06-01,amazon-now,jivo-canola-cold-pressed-edible-oil-5-litres-5l,Jaipur,303901,1193,1650,27.7,1
2026-06-01-1200,2026-06-01,amazon-now,jivo-canola-cold-pressed-edible-oil-5-litres-5l,Jaipur,303905,1193,1650,27.7,1
2026-06-01-1200,2026-06-01,amazon-now,jivo-canola-cold-pressed-edible-oil-5-litres-5l,Jaipur,303908,1193,1650,27.7,1
2026-06-01-1200,2026-06-01,amazon-now,jivo-canola-cold-pressed-edible-oil-5-litres-5l,Mumbai,400601,1249,1650,24.3,1
2026-06-01-1200,2026-06-01,amazon-now,jivo-canola-cold-pressed-edible-oil-5-litres-5l,Mumbai,400701,1249,1650,24.3,1
2026-06-01-1200,2026-06-01,amazon-now,jivo-canola-cold-pressed-edible-oil-5-litres-5l,Mumbai,400703,1249,1650,24.3,1
2026-06-01-1200,2026-06-01,amazon-now,jivo-canola-cold-pressed-edible-oil-5-litres-5l,Pune,410301,1249,1650,24.3,1
2026-06-01-1200,2026-06-01,amazon-now,jivo-canola-cold-pressed-edible-oil-5-litres-5l,Pune,410401,1249,1650,24.3,1
2026-06-01-1200,2026-06-01,amazon-now,jivo-canola-cold-pressed-edible-oil-5-litres-5l,Pune,410402,1249,1650,24.3,1
2026-06-01-1200,2026-06-01,amazon-now,jivo-canola-cold-pressed-edible-oil-5-litres-5l,Pune,410502,1249,1650,24.3,1
2026-06-01-1200,2026-06-01,amazon-now,jivo-canola-cold-pressed-edible-oil-5-litres-5l,Pune,410503,1249,1650,24.3,1
2026-06-01-1200,2026-06-01,amazon-now,jivo-canola-cold-pressed-edible-oil-5-litres-5l,Pune,411021,1249,1650,24.3,1
2026-06-01-1200,2026-06-01,amazon-now,jivo-canola-cold-pressed-edible-oil-5-litres-5l,Pune,412104,1249,1650,24.3,1
2026-06-01-1200,2026-06-01,amazon-now,jivo-canola-cold-pressed-edible-oil-5-litres-5l,Pune,412109,1249,1650,24.3,1
2026-06-01-1200,2026-06-01,amazon-now,jivo-canola-cold-pressed-edible-oil-5-litres-5l,Pune,412114,1249,1650,24.3,1
2026-06-01-1200,2026-06-01,amazon-now,jivo-canola-cold-pressed-edible-oil-5-litres-5l,Pune,412201,1249,1650,24.3,1
2026-06-01-1200,2026-06-01,amazon-now,jivo-canola-cold-pressed-edible-oil-5-litres-5l,Pune,412208,1249,1650,24.3,1
2026-06-01-1200,2026-06-01,amazon-now,jivo-canola-cold-pressed-edible-oil-5-litres-5l,Pune,412209,1249,1650,24.3,1
2026-06-01-1200,2026-06-01,amazon-now,jivo-canola-cold-pressed-edible-oil-5-litres-5l,Pune,412210,1249,1650,24.3,1
2026-06-01-1200,2026-06-01,amazon-now,jivo-canola-cold-pressed-edible-oil-5-litres-5l,Pune,412211,1249,1650,24.3,1
2026-06-01-1200,2026-06-01,amazon-now,jivo-canola-cold-pressed-edible-oil-5-litres-5l,Pune,412213,1249,1650,24.3,1
2026-06-01-1200,2026-06-01,amazon-now,jivo-canola-cold-pressed-edible-oil-5-litres-5l,Pune,412220,1249,1650,24.3,1
2026-06-01-1200,2026-06-01,amazon-now,jivo-canola-cold-pressed-edible-oil-5-litres-5l,Pune,412301,1249,1650,24.3,1
2026-06-01-1200,2026-06-01,amazon-now,jivo-canola-cold-pressed-edible-oil-5-litres-5l,Pune,412303,1249,1650,24.3,1
2026-06-01-1200,2026-06-01,amazon-now,jivo-canola-cold-pressed-edible-oil-5-litres-5l,Pune,412401,1249,1650,24.3,1
2026-06-01-1200,2026-06-01,amazon-now,jivo-canola-cold-pressed-edible-oil-5-litres-5l,Pune,412405,1249,1650,24.3,1
2026-06-01-1200,2026-06-01,amazon-now,jivo-canola-cold-pressed-edible-oil-5-litres-5l,Pune,412409,1249,1650,24.3,1
2026-06-01-1200,2026-06-01,amazon-now,jivo-canola-cold-pressed-edible-oil-5-litres-5l,Pune,412410,1249,1650,24.3,1
2026-06-01-1200,2026-06-01,amazon-now,jivo-canola-cold-pressed-edible-oil-5-litres-5l,Pune,413105,1249,1650,24.3,1
2026-06-01-1200,2026-06-01,amazon-now,jivo-canola-cold-pressed-edible-oil-5-litres-5l,Pune,413132,1249,1650,24.3,1
2026-06-01-1200,2026-06-01,amazon-now,jivo-canola-cold-pressed-edible-oil-5-litres-5l,Kolkata,700022,1249,1650,24.3,1
2026-06-01-1200,2026-06-01,amazon-now,jivo-canola-cold-pressed-edible-oil-5-litres-5l,Kolkata,700024,1249,1650,24.3,1
2026-06-01-1200,2026-06-01,amazon-now,jivo-canola-cold-pressed-edible-oil-5-litres-5l,Kolkata,700040,1249,1650,24.3,1
2026-06-01-1200,2026-06-01,amazon-now,jivo-canola-cold-pressed-edible-oil-5-litres-5l,Kolkata,700053,1249,1650,24.3,1
2026-06-01-1200,2026-06-01,amazon-now,jivo-canola-cold-pressed-edible-oil-5-litres-5l,Kolkata,700089,1410,1650,14.5,1
2026-06-01-1200,2026-06-01,amazon-now,jivo-canola-cold-pressed-edible-oil-5-litres-5l,Kolkata,700141,1249,1650,24.3,1
2026-06-01-1200,2026-06-01,amazon-now,jivo-cold-pressed-kachi-ghani-chemical-free-mustard-d-na,Mumbai,400023,209,255,18,1
2026-06-01-1200,2026-06-01,amazon-now,jivo-cold-pressed-kachi-ghani-chemical-free-mustard-daily-cooking-oil-1-litre-1l,Delhi,110003,209,255,18,1
2026-06-01-1200,2026-06-01,amazon-now,jivo-cold-pressed-kachi-ghani-chemical-free-mustard-daily-cooking-oil-1-litre-1l,Delhi,110013,209,255,18,1
2026-06-01-1200,2026-06-01,amazon-now,jivo-cold-pressed-kachi-ghani-chemical-free-mustard-daily-cooking-oil-1-litre-1l,Delhi,110014,209,255,18,1
2026-06-01-1200,2026-06-01,amazon-now,jivo-cold-pressed-kachi-ghani-chemical-free-mustard-daily-cooking-oil-1-litre-1l,Delhi,110016,209,255,18,1
2026-06-01-1200,2026-06-01,amazon-now,jivo-cold-pressed-kachi-ghani-chemical-free-mustard-daily-cooking-oil-1-litre-1l,Delhi,110017,209,255,18,1
2026-06-01-1200,2026-06-01,amazon-now,jivo-cold-pressed-kachi-ghani-chemical-free-mustard-daily-cooking-oil-1-litre-1l,Delhi,110021,176,255,31,1
2026-06-01-1200,2026-06-01,amazon-now,jivo-cold-pressed-kachi-ghani-chemical-free-mustard-daily-cooking-oil-1-litre-1l,Delhi,110024,209,255,18,1
2026-06-01-1200,2026-06-01,amazon-now,jivo-cold-pressed-kachi-ghani-chemical-free-mustard-daily-cooking-oil-1-litre-1l,Delhi,110025,209,255,18,1
2026-06-01-1200,2026-06-01,amazon-now,jivo-cold-pressed-kachi-ghani-chemical-free-mustard-daily-cooking-oil-1-litre-1l,Delhi,110037,176,255,31,1
2026-06-01-1200,2026-06-01,amazon-now,jivo-cold-pressed-kachi-ghani-chemical-free-mustard-daily-cooking-oil-1-litre-1l,Delhi,110044,209,255,18,1
2026-06-01-1200,2026-06-01,amazon-now,jivo-cold-pressed-kachi-ghani-chemical-free-mustard-daily-cooking-oil-1-litre-1l,Delhi,110048,209,255,18,1
2026-06-01-1200,2026-06-01,amazon-now,jivo-cold-pressed-kachi-ghani-chemical-free-mustard-daily-cooking-oil-1-litre-1l,Delhi,110061,176,255,31,1
2026-06-01-1200,2026-06-01,amazon-now,jivo-cold-pressed-kachi-ghani-chemical-free-mustard-daily-cooking-oil-1-litre-1l,Delhi,110062,209,255,18,1
2026-06-01-1200,2026-06-01,amazon-now,jivo-cold-pressed-kachi-ghani-chemical-free-mustard-daily-cooking-oil-1-litre-1l,Delhi,110065,209,255,18,1
2026-06-01-1200,2026-06-01,amazon-now,jivo-cold-pressed-kachi-ghani-chemical-free-mustard-daily-cooking-oil-1-litre-1l,Delhi,110067,176,255,31,1
2026-06-01-1200,2026-06-01,amazon-now,jivo-cold-pressed-kachi-ghani-chemical-free-mustard-daily-cooking-oil-1-litre-1l,Delhi,110070,176,255,31,1
2026-06-01-1200,2026-06-01,amazon-now,jivo-cold-pressed-kachi-ghani-chemical-free-mustard-daily-cooking-oil-1-litre-1l,Delhi,110076,209,255,18,1
2026-06-01-1200,2026-06-01,amazon-now,jivo-cold-pressed-kachi-ghani-chemical-free-mustard-daily-cooking-oil-1-litre-1l,Gurgaon,122001,176,255,31,1
2026-06-01-1200,2026-06-01,amazon-now,jivo-cold-pressed-kachi-ghani-chemical-free-mustard-daily-cooking-oil-1-litre-1l,Gurgaon,122010,176,255,31,1
2026-06-01-1200,2026-06-01,amazon-now,jivo-cold-pressed-kachi-ghani-chemical-free-mustard-daily-cooking-oil-1-litre-1l,Surat,394160,181,255,29,1
2026-06-01-1200,2026-06-01,amazon-now,jivo-cold-pressed-kachi-ghani-chemical-free-mustard-daily-cooking-oil-1-litre-1l,Surat,394185,181,255,29,1
2026-06-01-1200,2026-06-01,amazon-now,jivo-cold-pressed-kachi-ghani-chemical-free-mustard-daily-cooking-oil-1-litre-1l,Surat,394410,181,255,29,1
2026-06-01-1200,2026-06-01,amazon-now,jivo-cold-pressed-kachi-ghani-chemical-free-mustard-daily-cooking-oil-1-litre-1l,Surat,394510,181,255,29,1
2026-06-01-1200,2026-06-01,amazon-now,jivo-cold-pressed-kachi-ghani-chemical-free-mustard-daily-cooking-oil-1-litre-1l,Surat,394540,181,255,29,1
2026-06-01-1200,2026-06-01,amazon-now,jivo-cold-pressed-kachi-ghani-chemical-free-mustard-daily-cooking-oil-1-litre-1l,Mumbai,400001,145,255,43.1,1
2026-06-01-1200,2026-06-01,amazon-now,jivo-cold-pressed-kachi-ghani-chemical-free-mustard-daily-cooking-oil-1-litre-1l,Mumbai,400003,145,255,43.1,1
2026-06-01-1200,2026-06-01,amazon-now,jivo-cold-pressed-kachi-ghani-chemical-free-mustard-daily-cooking-oil-1-litre-1l,Mumbai,400004,145,255,43.1,1
2026-06-01-1200,2026-06-01,amazon-now,jivo-cold-pressed-kachi-ghani-chemical-free-mustard-daily-cooking-oil-1-litre-1l,Mumbai,400005,145,255,43.1,1
2026-06-01-1200,2026-06-01,amazon-now,jivo-cold-pressed-kachi-ghani-chemical-free-mustard-daily-cooking-oil-1-litre-1l,Mumbai,400006,145,255,43.1,1
2026-06-01-1200,2026-06-01,amazon-now,jivo-cold-pressed-kachi-ghani-chemical-free-mustard-daily-cooking-oil-1-litre-1l,Mumbai,400007,145,255,43.1,1
2026-06-01-1200,2026-06-01,amazon-now,jivo-cold-pressed-kachi-ghani-chemical-free-mustard-daily-cooking-oil-1-litre-1l,Mumbai,400010,145,255,43.1,1
2026-06-01-1200,2026-06-01,amazon-now,jivo-cold-pressed-kachi-ghani-chemical-free-mustard-daily-cooking-oil-1-litre-1l,Mumbai,400011,145,255,43.1,1
2026-06-01-1200,2026-06-01,amazon-now,jivo-cold-pressed-kachi-ghani-chemical-free-mustard-daily-cooking-oil-1-litre-1l,Mumbai,400012,145,255,43.1,1
2026-06-01-1200,2026-06-01,amazon-now,jivo-cold-pressed-kachi-ghani-chemical-free-mustard-daily-cooking-oil-1-litre-1l,Mumbai,400013,145,255,43.1,1
2026-06-01-1200,2026-06-01,amazon-now,jivo-cold-pressed-kachi-ghani-chemical-free-mustard-daily-cooking-oil-1-litre-1l,Mumbai,400015,145,255,43.1,1
2026-06-01-1200,2026-06-01,amazon-now,jivo-cold-pressed-kachi-ghani-chemical-free-mustard-daily-cooking-oil-1-litre-1l,Mumbai,400017,145,255,43.1,1
2026-06-01-1200,2026-06-01,amazon-now,jivo-cold-pressed-kachi-ghani-chemical-free-mustard-daily-cooking-oil-1-litre-1l,Mumbai,400018,145,255,43.1,1
2026-06-01-1200,2026-06-01,amazon-now,jivo-cold-pressed-kachi-ghani-chemical-free-mustard-daily-cooking-oil-1-litre-1l,Mumbai,400019,145,255,43.1,1
2026-06-01-1200,2026-06-01,amazon-now,jivo-cold-pressed-kachi-ghani-chemical-free-mustard-daily-cooking-oil-1-litre-1l,Mumbai,400020,145,255,43.1,1
2026-06-01-1200,2026-06-01,amazon-now,jivo-cold-pressed-kachi-ghani-chemical-free-mustard-daily-cooking-oil-1-litre-1l,Mumbai,400021,145,255,43.1,1
2026-06-01-1200,2026-06-01,amazon-now,jivo-cold-pressed-kachi-ghani-chemical-free-mustard-daily-cooking-oil-1-litre-1l,Mumbai,400023,209,255,18,1
2026-06-01-1200,2026-06-01,amazon-now,jivo-cold-pressed-kachi-ghani-chemical-free-mustard-daily-cooking-oil-1-litre-1l,Mumbai,400025,145,255,43.1,1
2026-06-01-1200,2026-06-01,amazon-now,jivo-cold-pressed-kachi-ghani-chemical-free-mustard-daily-cooking-oil-1-litre-1l,Mumbai,400026,145,255,43.1,1
2026-06-01-1200,2026-06-01,amazon-now,jivo-cold-pressed-kachi-ghani-chemical-free-mustard-daily-cooking-oil-1-litre-1l,Mumbai,400030,145,255,43.1,1
2026-06-01-1200,2026-06-01,amazon-now,jivo-cold-pressed-kachi-ghani-chemical-free-mustard-daily-cooking-oil-1-litre-1l,Mumbai,400033,145,255,43.1,1
2026-06-01-1200,2026-06-01,amazon-now,jivo-cold-pressed-kachi-ghani-chemical-free-mustard-daily-cooking-oil-1-litre-1l,Mumbai,400041,145,255,43.1,1
2026-06-01-1200,2026-06-01,amazon-now,jivo-cold-pressed-kachi-ghani-chemical-free-mustard-daily-cooking-oil-1-litre-1l,Mumbai,400073,209,255,18,1
2026-06-01-1200,2026-06-01,amazon-now,jivo-cold-pressed-kachi-ghani-chemical-free-mustard-daily-cooking-oil-1-litre-1l,Mumbai,400090,255,,,1
2026-06-01-1200,2026-06-01,amazon-now,jivo-cold-pressed-kachi-ghani-chemical-free-mustard-daily-cooking-oil-1-litre-1l,Mumbai,400611,209,255,18,1
2026-06-01-1200,2026-06-01,amazon-now,jivo-cold-pressed-kachi-ghani-chemical-free-mustard-daily-cooking-oil-1-litre-1l,Mumbai,400701,209,255,18,1
2026-06-01-1200,2026-06-01,amazon-now,jivo-cold-pressed-kachi-ghani-chemical-free-mustard-daily-cooking-oil-1-litre-1l,Mumbai,400702,209,255,18,1
2026-06-01-1200,2026-06-01,amazon-now,jivo-cold-pressed-kachi-ghani-chemical-free-mustard-daily-cooking-oil-1-litre-1l,Mumbai,400703,209,255,18,1
2026-06-01-1200,2026-06-01,amazon-now,jivo-cold-pressed-kachi-ghani-chemical-free-mustard-daily-cooking-oil-1-litre-1l,Mumbai,400707,209,255,18,1
2026-06-01-1200,2026-06-01,amazon-now,jivo-cold-pressed-kachi-ghani-chemical-free-mustard-daily-cooking-oil-1-litre-1l,Pune,410506,209,255,18,1
2026-06-01-1200,2026-06-01,amazon-now,jivo-cold-pressed-kachi-ghani-chemical-free-mustard-daily-cooking-oil-1-litre-1l,Pune,412101,209,255,18,1
2026-06-01-1200,2026-06-01,amazon-now,jivo-cold-pressed-kachi-ghani-chemical-free-mustard-daily-cooking-oil-1-litre-1l,Pune,412103,209,255,18,1
2026-06-01-1200,2026-06-01,amazon-now,jivo-cold-pressed-kachi-ghani-chemical-free-mustard-daily-cooking-oil-1-litre-1l,Pune,412204,209,255,18,1
2026-06-01-1200,2026-06-01,amazon-now,jivo-cold-pressed-kachi-ghani-chemical-free-mustard-daily-cooking-oil-1-litre-1l,Pune,412216,209,255,18,1
2026-06-01-1200,2026-06-01,amazon-now,jivo-cold-pressed-kachi-ghani-chemical-free-mustard-daily-cooking-oil-1-litre-1l,Pune,412304,209,255,18,1
2026-06-01-1200,2026-06-01,amazon-now,jivo-cold-pressed-kachi-ghani-chemical-free-mustard-daily-cooking-oil-1-litre-1l,Pune,412306,209,255,18,1
2026-06-01-1200,2026-06-01,amazon-now,jivo-cold-pressed-kachi-ghani-chemical-free-mustard-daily-cooking-oil-1-litre-1l,Pune,412403,209,255,18,1
2026-06-01-1200,2026-06-01,amazon-now,jivo-cold-pressed-kachi-ghani-chemical-free-mustard-daily-cooking-oil-1-litre-1l,Pune,412404,209,255,18,1
2026-06-01-1200,2026-06-01,amazon-now,jivo-cold-pressed-kachi-ghani-chemical-free-mustard-daily-cooking-oil-1-litre-1l,Pune,413801,209,255,18,1
2026-06-01-1200,2026-06-01,amazon-now,jivo-cold-pressed-kachi-ghani-chemical-free-mustard-daily-cooking-oil-1-litre-1l,Bengaluru,560001,145,255,43.1,1
2026-06-01-1200,2026-06-01,amazon-now,jivo-cold-pressed-kachi-ghani-chemical-free-mustard-daily-cooking-oil-1-litre-1l,Bengaluru,560014,145,255,43.1,1
2026-06-01-1200,2026-06-01,amazon-now,jivo-cold-pressed-kachi-ghani-chemical-free-mustard-daily-cooking-oil-1-litre-1l,Bengaluru,560039,145,255,43.1,1
2026-06-01-1200,2026-06-01,amazon-now,jivo-cold-pressed-kachi-ghani-chemical-free-mustard-daily-cooking-oil-1-litre-1l,Bengaluru,560040,145,255,43.1,1
2026-06-01-1200,2026-06-01,amazon-now,jivo-cold-pressed-kachi-ghani-chemical-free-mustard-daily-cooking-oil-1-litre-1l,Kolkata,700001,181,255,29,1
2026-06-01-1200,2026-06-01,amazon-now,jivo-cold-pressed-kachi-ghani-chemical-free-mustard-daily-cooking-oil-1-litre-1l,Kolkata,700015,181,255,29,1
2026-06-01-1200,2026-06-01,amazon-now,jivo-cold-pressed-kachi-ghani-chemical-free-mustard-daily-cooking-oil-1-litre-1l,Kolkata,700019,181,255,29,1
2026-06-01-1200,2026-06-01,amazon-now,jivo-cold-pressed-kachi-ghani-chemical-free-mustard-daily-cooking-oil-1-litre-1l,Kolkata,700069,181,255,29,1
2026-06-01-1200,2026-06-01,amazon-now,jivo-cold-pressed-kachi-ghani-chemical-free-mustard-daily-cooking-oil-1-litre-1l,Kolkata,700107,181,255,29,1
2026-06-01-1200,2026-06-01,amazon-now,jivo-cold-pressed-kachi-ghani-chemical-free-mustard-daily-cooking-oil-1-litre-pouch-1l,Mumbai,400601,199,,,1
2026-06-01-1200,2026-06-01,amazon-now,jivo-cold-pressed-kachi-ghani-chemical-free-mustard-daily-cooking-oil-1-litre-pouch-1l,Pune,411001,209,,,1
2026-06-01-1200,2026-06-01,amazon-now,jivo-cold-pressed-kachi-ghani-chemical-free-mustard-daily-cooking-oil-1-litre-pouch-1l,Pune,411004,209,,,1
2026-06-01-1200,2026-06-01,amazon-now,jivo-cold-pressed-kachi-ghani-chemical-free-mustard-daily-cooking-oil-1-litre-pouch-1l,Pune,411005,209,,,1
2026-06-01-1200,2026-06-01,amazon-now,jivo-cold-pressed-kachi-ghani-chemical-free-mustard-daily-cooking-oil-1-litre-pouch-1l,Pune,411006,209,,,1
2026-06-01-1200,2026-06-01,amazon-now,jivo-cold-pressed-kachi-ghani-chemical-free-mustard-daily-cooking-oil-1-litre-pouch-1l,Pune,411011,209,,,1
2026-06-01-1200,2026-06-01,amazon-now,jivo-cold-pressed-kachi-ghani-chemical-free-mustard-daily-cooking-oil-1-litre-pouch-1l,Pune,411014,209,,,1
2026-06-01-1200,2026-06-01,amazon-now,jivo-cold-pressed-kachi-ghani-chemical-free-mustard-daily-cooking-oil-1-litre-pouch-1l,Pune,411015,209,,,1
2026-06-01-1200,2026-06-01,amazon-now,jivo-cold-pressed-kachi-ghani-chemical-free-mustard-daily-cooking-oil-1-litre-pouch-1l,Pune,411028,209,,,1
2026-06-01-1200,2026-06-01,amazon-now,jivo-cold-pressed-kachi-ghani-chemical-free-mustard-daily-cooking-oil-1-litre-pouch-1l,Pune,411030,209,,,1
2026-06-01-1200,2026-06-01,amazon-now,jivo-cold-pressed-kachi-ghani-chemical-free-mustard-daily-cooking-oil-1-litre-pouch-1l,Pune,411036,209,,,1
2026-06-01-1200,2026-06-01,amazon-now,jivo-cold-pressed-kachi-ghani-chemical-free-mustard-daily-cooking-oil-1-litre-pouch-1l,Pune,411040,209,,,1
2026-06-01-1200,2026-06-01,amazon-now,jivo-cold-pressed-kachi-ghani-chemical-free-mustard-daily-cooking-oil-1-litre-pouch-1l,Pune,411047,209,,,1
2026-06-01-1200,2026-06-01,amazon-now,jivo-cold-pressed-kachi-ghani-chemical-free-mustard-daily-cooking-oil-1-litre-pouch-1l,Pune,411051,209,,,1
2026-06-01-1200,2026-06-01,amazon-now,jivo-cold-pressed-kachi-ghani-chemical-free-mustard-daily-cooking-oil-1-litre-pouch-1l,Pune,412308,209,,,1
2026-06-01-1200,2026-06-01,amazon-now,jivo-cold-pressed-unrefined-sunflower-oil-1-litre-1l,Pune,411001,188,275,31.6,1
2026-06-01-1200,2026-06-01,amazon-now,jivo-cold-pressed-unrefined-sunflower-oil-1-litre-1l,Pune,411004,188,275,31.6,1
2026-06-01-1200,2026-06-01,amazon-now,jivo-cold-pressed-unrefined-sunflower-oil-1-litre-1l,Pune,411005,188,275,31.6,1
2026-06-01-1200,2026-06-01,amazon-now,jivo-cold-pressed-unrefined-sunflower-oil-1-litre-1l,Pune,411006,188,275,31.6,1
2026-06-01-1200,2026-06-01,amazon-now,jivo-cold-pressed-unrefined-sunflower-oil-1-litre-1l,Pune,411011,188,275,31.6,1
2026-06-01-1200,2026-06-01,amazon-now,jivo-cold-pressed-unrefined-sunflower-oil-1-litre-1l,Pune,411014,188,275,31.6,1
2026-06-01-1200,2026-06-01,amazon-now,jivo-cold-pressed-unrefined-sunflower-oil-1-litre-1l,Pune,411015,188,275,31.6,1
2026-06-01-1200,2026-06-01,amazon-now,jivo-cold-pressed-unrefined-sunflower-oil-1-litre-1l,Pune,411028,188,275,31.6,1
2026-06-01-1200,2026-06-01,amazon-now,jivo-cold-pressed-unrefined-sunflower-oil-1-litre-1l,Pune,411030,188,275,31.6,1
2026-06-01-1200,2026-06-01,amazon-now,jivo-cold-pressed-unrefined-sunflower-oil-1-litre-1l,Pune,411036,188,275,31.6,1
2026-06-01-1200,2026-06-01,amazon-now,jivo-cold-pressed-unrefined-sunflower-oil-1-litre-1l,Pune,411040,188,275,31.6,1
2026-06-01-1200,2026-06-01,amazon-now,jivo-cold-pressed-unrefined-sunflower-oil-1-litre-1l,Pune,411047,188,275,31.6,1
2026-06-01-1200,2026-06-01,amazon-now,jivo-cold-pressed-unrefined-sunflower-oil-1-litre-1l,Pune,411051,188,275,31.6,1
2026-06-01-1200,2026-06-01,amazon-now,jivo-cold-pressed-unrefined-sunflower-oil-1-litre-1l,Pune,412308,188,275,31.6,1
2026-06-01-1200,2026-06-01,amazon-now,jivo-cold-pressed-unrefined-sunflower-oil-5-litres-5l,Delhi,110001,1049,1350,22.3,1
2026-06-01-1200,2026-06-01,amazon-now,jivo-cold-pressed-unrefined-sunflower-oil-5-litres-5l,Delhi,110002,1049,1350,22.3,1
2026-06-01-1200,2026-06-01,amazon-now,jivo-cold-pressed-unrefined-sunflower-oil-5-litres-5l,Delhi,110003,899,1350,33.4,1
2026-06-01-1200,2026-06-01,amazon-now,jivo-cold-pressed-unrefined-sunflower-oil-5-litres-5l,Delhi,110004,1049,1350,22.3,1
2026-06-01-1200,2026-06-01,amazon-now,jivo-cold-pressed-unrefined-sunflower-oil-5-litres-5l,Delhi,110006,1049,1350,22.3,1
2026-06-01-1200,2026-06-01,amazon-now,jivo-cold-pressed-unrefined-sunflower-oil-5-litres-5l,Delhi,110007,1049,1350,22.3,1
2026-06-01-1200,2026-06-01,amazon-now,jivo-cold-pressed-unrefined-sunflower-oil-5-litres-5l,Delhi,110009,1049,1350,22.3,1
2026-06-01-1200,2026-06-01,amazon-now,jivo-cold-pressed-unrefined-sunflower-oil-5-litres-5l,Delhi,110013,899,1350,33.4,1
2026-06-01-1200,2026-06-01,amazon-now,jivo-cold-pressed-unrefined-sunflower-oil-5-litres-5l,Delhi,110014,899,1350,33.4,1
2026-06-01-1200,2026-06-01,amazon-now,jivo-cold-pressed-unrefined-sunflower-oil-5-litres-5l,Delhi,110016,899,1350,33.4,1
2026-06-01-1200,2026-06-01,amazon-now,jivo-cold-pressed-unrefined-sunflower-oil-5-litres-5l,Delhi,110017,899,1350,33.4,1
2026-06-01-1200,2026-06-01,amazon-now,jivo-cold-pressed-unrefined-sunflower-oil-5-litres-5l,Delhi,110018,1049,1350,22.3,1
2026-06-01-1200,2026-06-01,amazon-now,jivo-cold-pressed-unrefined-sunflower-oil-5-litres-5l,Delhi,110021,1049,1350,22.3,1
2026-06-01-1200,2026-06-01,amazon-now,jivo-cold-pressed-unrefined-sunflower-oil-5-litres-5l,Delhi,110024,899,1350,33.4,1
2026-06-01-1200,2026-06-01,amazon-now,jivo-cold-pressed-unrefined-sunflower-oil-5-litres-5l,Delhi,110025,899,1350,33.4,1
2026-06-01-1200,2026-06-01,amazon-now,jivo-cold-pressed-unrefined-sunflower-oil-5-litres-5l,Delhi,110031,1049,1350,22.3,1
2026-06-01-1200,2026-06-01,amazon-now,jivo-cold-pressed-unrefined-sunflower-oil-5-litres-5l,Delhi,110033,1049,1350,22.3,1
2026-06-01-1200,2026-06-01,amazon-now,jivo-cold-pressed-unrefined-sunflower-oil-5-litres-5l,Delhi,110035,1049,1350,22.3,1
2026-06-01-1200,2026-06-01,amazon-now,jivo-cold-pressed-unrefined-sunflower-oil-5-litres-5l,Delhi,110037,1049,1350,22.3,1
2026-06-01-1200,2026-06-01,amazon-now,jivo-cold-pressed-unrefined-sunflower-oil-5-litres-5l,Delhi,110044,899,1350,33.4,1
2026-06-01-1200,2026-06-01,amazon-now,jivo-cold-pressed-unrefined-sunflower-oil-5-litres-5l,Delhi,110048,899,1350,33.4,1
2026-06-01-1200,2026-06-01,amazon-now,jivo-cold-pressed-unrefined-sunflower-oil-5-litres-5l,Delhi,110052,1049,1350,22.3,1
2026-06-01-1200,2026-06-01,amazon-now,jivo-cold-pressed-unrefined-sunflower-oil-5-litres-5l,Delhi,110053,1049,1350,22.3,1
2026-06-01-1200,2026-06-01,amazon-now,jivo-cold-pressed-unrefined-sunflower-oil-5-litres-5l,Delhi,110054,1049,1350,22.3,1
2026-06-01-1200,2026-06-01,amazon-now,jivo-cold-pressed-unrefined-sunflower-oil-5-litres-5l,Delhi,110055,1049,1350,22.3,1
2026-06-01-1200,2026-06-01,amazon-now,jivo-cold-pressed-unrefined-sunflower-oil-5-litres-5l,Delhi,110061,1049,1350,22.3,1
2026-06-01-1200,2026-06-01,amazon-now,jivo-cold-pressed-unrefined-sunflower-oil-5-litres-5l,Delhi,110062,899,1350,33.4,1
2026-06-01-1200,2026-06-01,amazon-now,jivo-cold-pressed-unrefined-sunflower-oil-5-litres-5l,Delhi,110065,899,1350,33.4,1
2026-06-01-1200,2026-06-01,amazon-now,jivo-cold-pressed-unrefined-sunflower-oil-5-litres-5l,Delhi,110067,1049,1350,22.3,1
2026-06-01-1200,2026-06-01,amazon-now,jivo-cold-pressed-unrefined-sunflower-oil-5-litres-5l,Delhi,110070,1049,1350,22.3,1
2026-06-01-1200,2026-06-01,amazon-now,jivo-cold-pressed-unrefined-sunflower-oil-5-litres-5l,Delhi,110076,899,1350,33.4,1
2026-06-01-1200,2026-06-01,amazon-now,jivo-cold-pressed-unrefined-sunflower-oil-5-litres-5l,Delhi,110088,1049,1350,22.3,1
2026-06-01-1200,2026-06-01,amazon-now,jivo-cold-pressed-unrefined-sunflower-oil-5-litres-5l,Delhi,110091,1049,1350,22.3,1
2026-06-01-1200,2026-06-01,amazon-now,jivo-cold-pressed-unrefined-sunflower-oil-5-litres-5l,Gurgaon,122001,1049,1350,22.3,1
2026-06-01-1200,2026-06-01,amazon-now,jivo-cold-pressed-unrefined-sunflower-oil-5-litres-5l,Gurgaon,122010,1049,1350,22.3,1
2026-06-01-1200,2026-06-01,amazon-now,jivo-cold-pressed-unrefined-sunflower-oil-5-litres-5l,Surat,394160,1011,1350,25.1,1
2026-06-01-1200,2026-06-01,amazon-now,jivo-cold-pressed-unrefined-sunflower-oil-5-litres-5l,Surat,394185,1011,1350,25.1,1
2026-06-01-1200,2026-06-01,amazon-now,jivo-cold-pressed-unrefined-sunflower-oil-5-litres-5l,Surat,394410,1011,1350,25.1,1
2026-06-01-1200,2026-06-01,amazon-now,jivo-cold-pressed-unrefined-sunflower-oil-5-litres-5l,Surat,394510,1011,1350,25.1,1
2026-06-01-1200,2026-06-01,amazon-now,jivo-cold-pressed-unrefined-sunflower-oil-5-litres-5l,Surat,394540,1011,1350,25.1,1
2026-06-01-1200,2026-06-01,amazon-now,jivo-cold-pressed-unrefined-sunflower-oil-5-litres-5l,Mumbai,400001,987,1350,26.9,1
2026-06-01-1200,2026-06-01,amazon-now,jivo-cold-pressed-unrefined-sunflower-oil-5-litres-5l,Mumbai,400003,987,1350,26.9,1
2026-06-01-1200,2026-06-01,amazon-now,jivo-cold-pressed-unrefined-sunflower-oil-5-litres-5l,Mumbai,400004,987,1350,26.9,1
2026-06-01-1200,2026-06-01,amazon-now,jivo-cold-pressed-unrefined-sunflower-oil-5-litres-5l,Mumbai,400005,987,1350,26.9,1
2026-06-01-1200,2026-06-01,amazon-now,jivo-cold-pressed-unrefined-sunflower-oil-5-litres-5l,Mumbai,400006,987,1350,26.9,1
2026-06-01-1200,2026-06-01,amazon-now,jivo-cold-pressed-unrefined-sunflower-oil-5-litres-5l,Mumbai,400007,987,1350,26.9,1
2026-06-01-1200,2026-06-01,amazon-now,jivo-cold-pressed-unrefined-sunflower-oil-5-litres-5l,Mumbai,400010,987,1350,26.9,1
2026-06-01-1200,2026-06-01,amazon-now,jivo-cold-pressed-unrefined-sunflower-oil-5-litres-5l,Mumbai,400011,987,1350,26.9,1
2026-06-01-1200,2026-06-01,amazon-now,jivo-cold-pressed-unrefined-sunflower-oil-5-litres-5l,Mumbai,400012,987,1350,26.9,1
2026-06-01-1200,2026-06-01,amazon-now,jivo-cold-pressed-unrefined-sunflower-oil-5-litres-5l,Mumbai,400013,987,1350,26.9,1
2026-06-01-1200,2026-06-01,amazon-now,jivo-cold-pressed-unrefined-sunflower-oil-5-litres-5l,Mumbai,400015,987,1350,26.9,1
2026-06-01-1200,2026-06-01,amazon-now,jivo-cold-pressed-unrefined-sunflower-oil-5-litres-5l,Mumbai,400017,987,1350,26.9,1
2026-06-01-1200,2026-06-01,amazon-now,jivo-cold-pressed-unrefined-sunflower-oil-5-litres-5l,Mumbai,400018,987,1350,26.9,1
2026-06-01-1200,2026-06-01,amazon-now,jivo-cold-pressed-unrefined-sunflower-oil-5-litres-5l,Mumbai,400019,987,1350,26.9,1
2026-06-01-1200,2026-06-01,amazon-now,jivo-cold-pressed-unrefined-sunflower-oil-5-litres-5l,Mumbai,400020,987,1350,26.9,1
2026-06-01-1200,2026-06-01,amazon-now,jivo-cold-pressed-unrefined-sunflower-oil-5-litres-5l,Mumbai,400021,987,1350,26.9,1
2026-06-01-1200,2026-06-01,amazon-now,jivo-cold-pressed-unrefined-sunflower-oil-5-litres-5l,Mumbai,400025,987,1350,26.9,1
2026-06-01-1200,2026-06-01,amazon-now,jivo-cold-pressed-unrefined-sunflower-oil-5-litres-5l,Mumbai,400026,987,1350,26.9,1
2026-06-01-1200,2026-06-01,amazon-now,jivo-cold-pressed-unrefined-sunflower-oil-5-litres-5l,Mumbai,400030,987,1350,26.9,1
2026-06-01-1200,2026-06-01,amazon-now,jivo-cold-pressed-unrefined-sunflower-oil-5-litres-5l,Mumbai,400033,987,1350,26.9,1
2026-06-01-1200,2026-06-01,amazon-now,jivo-cold-pressed-unrefined-sunflower-oil-5-litres-5l,Mumbai,400041,987,1350,26.9,1
2026-06-01-1200,2026-06-01,amazon-now,jivo-cold-pressed-unrefined-sunflower-oil-5-litres-5l,Mumbai,400090,899,1350,33.4,1
2026-06-01-1200,2026-06-01,amazon-now,jivo-cold-pressed-unrefined-sunflower-oil-5-litres-5l,Mumbai,400601,987,1350,26.9,1
2026-06-01-1200,2026-06-01,amazon-now,jivo-cold-pressed-unrefined-sunflower-oil-5-litres-5l,Mumbai,400701,987,1350,26.9,1
2026-06-01-1200,2026-06-01,amazon-now,jivo-cold-pressed-unrefined-sunflower-oil-5-litres-5l,Mumbai,400703,987,1350,26.9,1
2026-06-01-1200,2026-06-01,amazon-now,jivo-cold-pressed-unrefined-sunflower-oil-5-litres-5l,Bengaluru,560001,976,1350,27.7,1
2026-06-01-1200,2026-06-01,amazon-now,jivo-cold-pressed-unrefined-sunflower-oil-5-litres-5l,Bengaluru,560014,976,1350,27.7,1
2026-06-01-1200,2026-06-01,amazon-now,jivo-cold-pressed-unrefined-sunflower-oil-5-litres-5l,Bengaluru,560039,976,1350,27.7,1
2026-06-01-1200,2026-06-01,amazon-now,jivo-cold-pressed-unrefined-sunflower-oil-5-litres-5l,Bengaluru,560040,976,1350,27.7,1
2026-06-01-1200,2026-06-01,amazon-now,jivo-cold-pressed-unrefined-sunflower-oil-5-litres-5l,Kolkata,700001,899,1350,33.4,1
2026-06-01-1200,2026-06-01,amazon-now,jivo-cold-pressed-unrefined-sunflower-oil-5-litres-5l,Kolkata,700015,899,1350,33.4,1
2026-06-01-1200,2026-06-01,amazon-now,jivo-cold-pressed-unrefined-sunflower-oil-5-litres-5l,Kolkata,700019,899,1350,33.4,1
2026-06-01-1200,2026-06-01,amazon-now,jivo-cold-pressed-unrefined-sunflower-oil-5-litres-5l,Kolkata,700069,899,1350,33.4,1
2026-06-01-1200,2026-06-01,amazon-now,jivo-cold-pressed-unrefined-sunflower-oil-5-litres-5l,Kolkata,700107,899,1350,33.4,1
2026-06-01-1200,2026-06-01,amazon-now,jivo-cooking-edible-soyabean-oil-1-litre-1l,Delhi,110003,199,225,11.6,1
2026-06-01-1200,2026-06-01,amazon-now,jivo-cooking-edible-soyabean-oil-1-litre-1l,Delhi,110013,199,225,11.6,1
2026-06-01-1200,2026-06-01,amazon-now,jivo-cooking-edible-soyabean-oil-1-litre-1l,Delhi,110014,199,225,11.6,1
2026-06-01-1200,2026-06-01,amazon-now,jivo-cooking-edible-soyabean-oil-1-litre-1l,Delhi,110016,199,225,11.6,1
2026-06-01-1200,2026-06-01,amazon-now,jivo-cooking-edible-soyabean-oil-1-litre-1l,Delhi,110017,199,225,11.6,1
2026-06-01-1200,2026-06-01,amazon-now,jivo-cooking-edible-soyabean-oil-1-litre-1l,Delhi,110021,199,225,11.6,1
2026-06-01-1200,2026-06-01,amazon-now,jivo-cooking-edible-soyabean-oil-1-litre-1l,Delhi,110024,199,225,11.6,1
2026-06-01-1200,2026-06-01,amazon-now,jivo-cooking-edible-soyabean-oil-1-litre-1l,Delhi,110025,199,225,11.6,1
2026-06-01-1200,2026-06-01,amazon-now,jivo-cooking-edible-soyabean-oil-1-litre-1l,Delhi,110037,199,225,11.6,1
2026-06-01-1200,2026-06-01,amazon-now,jivo-cooking-edible-soyabean-oil-1-litre-1l,Delhi,110044,199,225,11.6,1
2026-06-01-1200,2026-06-01,amazon-now,jivo-cooking-edible-soyabean-oil-1-litre-1l,Delhi,110048,199,225,11.6,1
2026-06-01-1200,2026-06-01,amazon-now,jivo-cooking-edible-soyabean-oil-1-litre-1l,Delhi,110061,199,225,11.6,1
2026-06-01-1200,2026-06-01,amazon-now,jivo-cooking-edible-soyabean-oil-1-litre-1l,Delhi,110062,199,225,11.6,1
2026-06-01-1200,2026-06-01,amazon-now,jivo-cooking-edible-soyabean-oil-1-litre-1l,Delhi,110065,199,225,11.6,1
2026-06-01-1200,2026-06-01,amazon-now,jivo-cooking-edible-soyabean-oil-1-litre-1l,Delhi,110067,199,225,11.6,1
2026-06-01-1200,2026-06-01,amazon-now,jivo-cooking-edible-soyabean-oil-1-litre-1l,Delhi,110070,199,225,11.6,1
2026-06-01-1200,2026-06-01,amazon-now,jivo-cooking-edible-soyabean-oil-1-litre-1l,Delhi,110076,199,225,11.6,1
2026-06-01-1200,2026-06-01,amazon-now,jivo-cooking-edible-soyabean-oil-1-litre-1l,Gurgaon,122001,199,225,11.6,1
2026-06-01-1200,2026-06-01,amazon-now,jivo-cooking-edible-soyabean-oil-1-litre-1l,Gurgaon,122010,199,225,11.6,1
2026-06-01-1200,2026-06-01,amazon-now,jivo-cooking-edible-soyabean-oil-1-litre-1l,Kolkata,700001,199,225,11.6,1
2026-06-01-1200,2026-06-01,amazon-now,jivo-cooking-edible-soyabean-oil-1-litre-1l,Kolkata,700015,199,225,11.6,1
2026-06-01-1200,2026-06-01,amazon-now,jivo-cooking-edible-soyabean-oil-1-litre-1l,Kolkata,700019,199,225,11.6,1
2026-06-01-1200,2026-06-01,amazon-now,jivo-cooking-edible-soyabean-oil-1-litre-1l,Kolkata,700069,199,225,11.6,1
2026-06-01-1200,2026-06-01,amazon-now,jivo-cooking-edible-soyabean-oil-1-litre-1l,Kolkata,700107,199,225,11.6,1
2026-06-01-1200,2026-06-01,amazon-now,jivo-cooking-oil-canola-oil-1l-bottle-1l,Delhi,110008,260,375,30.7,1
2026-06-01-1200,2026-06-01,amazon-now,jivo-cooking-oil-canola-oil-1l-bottle-1l,Delhi,110010,260,375,30.7,1
2026-06-01-1200,2026-06-01,amazon-now,jivo-cooking-oil-canola-oil-1l-bottle-1l,Delhi,110015,260,375,30.7,1
2026-06-01-1200,2026-06-01,amazon-now,jivo-cooking-oil-canola-oil-1l-bottle-1l,Delhi,110026,260,375,30.7,1
2026-06-01-1200,2026-06-01,amazon-now,jivo-cooking-oil-canola-oil-1l-bottle-1l,Delhi,110032,260,375,30.7,1
2026-06-01-1200,2026-06-01,amazon-now,jivo-cooking-oil-canola-oil-1l-bottle-1l,Delhi,110042,260,375,30.7,1
2026-06-01-1200,2026-06-01,amazon-now,jivo-cooking-oil-canola-oil-1l-bottle-1l,Delhi,110046,260,375,30.7,1
2026-06-01-1200,2026-06-01,amazon-now,jivo-cooking-oil-canola-oil-1l-bottle-1l,Delhi,110051,260,375,30.7,1
2026-06-01-1200,2026-06-01,amazon-now,jivo-cooking-oil-canola-oil-1l-bottle-1l,Delhi,110075,260,375,30.7,1
2026-06-01-1200,2026-06-01,amazon-now,jivo-cooking-oil-canola-oil-1l-bottle-1l,Delhi,110082,260,375,30.7,1
2026-06-01-1200,2026-06-01,amazon-now,jivo-cooking-oil-canola-oil-1l-bottle-1l,Delhi,110083,260,375,30.7,1
2026-06-01-1200,2026-06-01,amazon-now,jivo-cooking-oil-canola-oil-1l-bottle-1l,Delhi,110085,260,375,30.7,1
2026-06-01-1200,2026-06-01,amazon-now,jivo-cooking-oil-canola-oil-1l-bottle-1l,Delhi,110092,260,375,30.7,1
2026-06-01-1200,2026-06-01,amazon-now,jivo-cooking-oil-canola-oil-1l-bottle-1l,Delhi,110095,260,375,30.7,1
2026-06-01-1200,2026-06-01,amazon-now,jivo-cooking-oil-canola-oil-1l-bottle-1l,Faridabad,121001,260,375,30.7,1
2026-06-01-1200,2026-06-01,amazon-now,jivo-cooking-oil-canola-oil-1l-bottle-1l,Faridabad,121002,260,375,30.7,1
2026-06-01-1200,2026-06-01,amazon-now,jivo-cooking-oil-canola-oil-1l-bottle-1l,Faridabad,121003,260,375,30.7,1
2026-06-01-1200,2026-06-01,amazon-now,jivo-cooking-oil-canola-oil-1l-bottle-1l,Gurgaon,122004,260,375,30.7,1
2026-06-01-1200,2026-06-01,amazon-now,jivo-cooking-oil-canola-oil-1l-bottle-1l,Gurgaon,122101,260,375,30.7,1
2026-06-01-1200,2026-06-01,amazon-now,jivo-cooking-oil-canola-oil-1l-bottle-1l,Ghaziabad,201001,260,375,30.7,1
2026-06-01-1200,2026-06-01,amazon-now,jivo-cooking-oil-canola-oil-1l-bottle-1l,Ghaziabad,201002,260,375,30.7,1
2026-06-01-1200,2026-06-01,amazon-now,jivo-cooking-oil-canola-oil-1l-bottle-1l,Ghaziabad,201005,260,375,30.7,1
2026-06-01-1200,2026-06-01,amazon-now,jivo-cooking-oil-canola-oil-1l-bottle-1l,Ghaziabad,201009,260,375,30.7,1
2026-06-01-1200,2026-06-01,amazon-now,jivo-cooking-oil-canola-oil-1l-bottle-1l,Noida,201304,260,375,30.7,1
2026-06-01-1200,2026-06-01,amazon-now,jivo-cooking-oil-canola-oil-1l-bottle-1l,Noida,201305,260,375,30.7,1
2026-06-01-1200,2026-06-01,amazon-now,jivo-cooking-oil-canola-oil-1l-bottle-1l,Noida,201306,260,375,30.7,1
2026-06-01-1200,2026-06-01,amazon-now,jivo-cooking-oil-canola-oil-1l-bottle-1l,Noida,201307,260,375,30.7,1
2026-06-01-1200,2026-06-01,amazon-now,jivo-cooking-oil-canola-oil-1l-bottle-1l,Noida,201309,260,375,30.7,1
2026-06-01-1200,2026-06-01,amazon-now,jivo-cooking-oil-canola-oil-1l-bottle-1l,Noida,201310,260,375,30.7,1
2026-06-01-1200,2026-06-01,amazon-now,jivo-cooking-oil-canola-oil-1l-bottle-1l,Jaipur,302015,290,375,22.7,1
2026-06-01-1200,2026-06-01,amazon-now,jivo-cooking-oil-canola-oil-1l-bottle-1l,Jaipur,302017,290,375,22.7,1
2026-06-01-1200,2026-06-01,amazon-now,jivo-cooking-oil-canola-oil-1l-bottle-1l,Jaipur,302018,290,375,22.7,1
2026-06-01-1200,2026-06-01,amazon-now,jivo-cooking-oil-canola-oil-1l-bottle-1l,Jaipur,302020,290,375,22.7,1
2026-06-01-1200,2026-06-01,amazon-now,jivo-cooking-oil-canola-oil-1l-bottle-1l,Jaipur,302033,290,375,22.7,1
2026-06-01-1200,2026-06-01,amazon-now,jivo-cooking-oil-canola-oil-1l-bottle-1l,Kolkata,700089,290,375,22.7,1
2026-06-01-1200,2026-06-01,amazon-now,jivo-daily-cooking-pomace-olive-oil-1-litre-1l,Delhi,110001,405,1049,61.4,1
2026-06-01-1200,2026-06-01,amazon-now,jivo-daily-cooking-pomace-olive-oil-1-litre-1l,Delhi,110002,405,1049,61.4,1
2026-06-01-1200,2026-06-01,amazon-now,jivo-daily-cooking-pomace-olive-oil-1-litre-1l,Delhi,110003,405,1049,61.4,1
2026-06-01-1200,2026-06-01,amazon-now,jivo-daily-cooking-pomace-olive-oil-1-litre-1l,Delhi,110004,405,1049,61.4,1
2026-06-01-1200,2026-06-01,amazon-now,jivo-daily-cooking-pomace-olive-oil-1-litre-1l,Delhi,110006,405,1049,61.4,1
2026-06-01-1200,2026-06-01,amazon-now,jivo-daily-cooking-pomace-olive-oil-1-litre-1l,Delhi,110007,405,1049,61.4,1
2026-06-01-1200,2026-06-01,amazon-now,jivo-daily-cooking-pomace-olive-oil-1-litre-1l,Delhi,110009,405,1049,61.4,1
2026-06-01-1200,2026-06-01,amazon-now,jivo-daily-cooking-pomace-olive-oil-1-litre-1l,Delhi,110013,405,1049,61.4,1
2026-06-01-1200,2026-06-01,amazon-now,jivo-daily-cooking-pomace-olive-oil-1-litre-1l,Delhi,110014,405,1049,61.4,1
2026-06-01-1200,2026-06-01,amazon-now,jivo-daily-cooking-pomace-olive-oil-1-litre-1l,Delhi,110016,405,1049,61.4,1
2026-06-01-1200,2026-06-01,amazon-now,jivo-daily-cooking-pomace-olive-oil-1-litre-1l,Delhi,110017,405,1049,61.4,1
2026-06-01-1200,2026-06-01,amazon-now,jivo-daily-cooking-pomace-olive-oil-1-litre-1l,Delhi,110018,405,1049,61.4,1
2026-06-01-1200,2026-06-01,amazon-now,jivo-daily-cooking-pomace-olive-oil-1-litre-1l,Delhi,110021,405,1049,61.4,1
2026-06-01-1200,2026-06-01,amazon-now,jivo-daily-cooking-pomace-olive-oil-1-litre-1l,Delhi,110024,405,1049,61.4,1
2026-06-01-1200,2026-06-01,amazon-now,jivo-daily-cooking-pomace-olive-oil-1-litre-1l,Delhi,110025,405,1049,61.4,1
2026-06-01-1200,2026-06-01,amazon-now,jivo-daily-cooking-pomace-olive-oil-1-litre-1l,Delhi,110031,405,1049,61.4,1
2026-06-01-1200,2026-06-01,amazon-now,jivo-daily-cooking-pomace-olive-oil-1-litre-1l,Delhi,110033,405,1049,61.4,1
2026-06-01-1200,2026-06-01,amazon-now,jivo-daily-cooking-pomace-olive-oil-1-litre-1l,Delhi,110035,405,1049,61.4,1
2026-06-01-1200,2026-06-01,amazon-now,jivo-daily-cooking-pomace-olive-oil-1-litre-1l,Delhi,110036,405,1049,61.4,1
2026-06-01-1200,2026-06-01,amazon-now,jivo-daily-cooking-pomace-olive-oil-1-litre-1l,Delhi,110037,405,1049,61.4,1
2026-06-01-1200,2026-06-01,amazon-now,jivo-daily-cooking-pomace-olive-oil-1-litre-1l,Delhi,110039,405,1049,61.4,1
2026-06-01-1200,2026-06-01,amazon-now,jivo-daily-cooking-pomace-olive-oil-1-litre-1l,Delhi,110040,405,1049,61.4,1
2026-06-01-1200,2026-06-01,amazon-now,jivo-daily-cooking-pomace-olive-oil-1-litre-1l,Delhi,110041,405,1049,61.4,1
2026-06-01-1200,2026-06-01,amazon-now,jivo-daily-cooking-pomace-olive-oil-1-litre-1l,Delhi,110044,405,1049,61.4,1
2026-06-01-1200,2026-06-01,amazon-now,jivo-daily-cooking-pomace-olive-oil-1-litre-1l,Delhi,110048,405,1049,61.4,1
2026-06-01-1200,2026-06-01,amazon-now,jivo-daily-cooking-pomace-olive-oil-1-litre-1l,Delhi,110052,405,1049,61.4,1
2026-06-01-1200,2026-06-01,amazon-now,jivo-daily-cooking-pomace-olive-oil-1-litre-1l,Delhi,110053,405,1049,61.4,1
2026-06-01-1200,2026-06-01,amazon-now,jivo-daily-cooking-pomace-olive-oil-1-litre-1l,Delhi,110054,405,1049,61.4,1
2026-06-01-1200,2026-06-01,amazon-now,jivo-daily-cooking-pomace-olive-oil-1-litre-1l,Delhi,110055,405,1049,61.4,1
2026-06-01-1200,2026-06-01,amazon-now,jivo-daily-cooking-pomace-olive-oil-1-litre-1l,Delhi,110061,405,1049,61.4,1
2026-06-01-1200,2026-06-01,amazon-now,jivo-daily-cooking-pomace-olive-oil-1-litre-1l,Delhi,110062,405,1049,61.4,1
2026-06-01-1200,2026-06-01,amazon-now,jivo-daily-cooking-pomace-olive-oil-1-litre-1l,Delhi,110065,405,1049,61.4,1
2026-06-01-1200,2026-06-01,amazon-now,jivo-daily-cooking-pomace-olive-oil-1-litre-1l,Delhi,110067,405,1049,61.4,1
2026-06-01-1200,2026-06-01,amazon-now,jivo-daily-cooking-pomace-olive-oil-1-litre-1l,Delhi,110070,405,1049,61.4,1
2026-06-01-1200,2026-06-01,amazon-now,jivo-daily-cooking-pomace-olive-oil-1-litre-1l,Delhi,110076,405,1049,61.4,1
2026-06-01-1200,2026-06-01,amazon-now,jivo-daily-cooking-pomace-olive-oil-1-litre-1l,Delhi,110081,405,1049,61.4,1
2026-06-01-1200,2026-06-01,amazon-now,jivo-daily-cooking-pomace-olive-oil-1-litre-1l,Delhi,110084,405,1049,61.4,1
2026-06-01-1200,2026-06-01,amazon-now,jivo-daily-cooking-pomace-olive-oil-1-litre-1l,Delhi,110088,405,1049,61.4,1
2026-06-01-1200,2026-06-01,amazon-now,jivo-daily-cooking-pomace-olive-oil-1-litre-1l,Delhi,110091,405,1049,61.4,1
2026-06-01-1200,2026-06-01,amazon-now,jivo-daily-cooking-pomace-olive-oil-1-litre-1l,Faridabad,121004,405,1049,61.4,1
2026-06-01-1200,2026-06-01,amazon-now,jivo-daily-cooking-pomace-olive-oil-1-litre-1l,Faridabad,121011,405,1049,61.4,1
2026-06-01-1200,2026-06-01,amazon-now,jivo-daily-cooking-pomace-olive-oil-1-litre-1l,Faridabad,121101,405,1049,61.4,1
2026-06-01-1200,2026-06-01,amazon-now,jivo-daily-cooking-pomace-olive-oil-1-litre-1l,Gurgaon,121104,405,1049,61.4,1
2026-06-01-1200,2026-06-01,amazon-now,jivo-daily-cooking-pomace-olive-oil-1-litre-1l,Gurgaon,122001,405,1049,61.4,1
2026-06-01-1200,2026-06-01,amazon-now,jivo-daily-cooking-pomace-olive-oil-1-litre-1l,Gurgaon,122010,405,1049,61.4,1
2026-06-01-1200,2026-06-01,amazon-now,jivo-daily-cooking-pomace-olive-oil-1-litre-1l,Gurgaon,122051,405,1049,61.4,1
2026-06-01-1200,2026-06-01,amazon-now,jivo-daily-cooking-pomace-olive-oil-1-litre-1l,Gurgaon,122105,405,1049,61.4,1
2026-06-01-1200,2026-06-01,amazon-now,jivo-daily-cooking-pomace-olive-oil-1-litre-1l,Gurgaon,122106,405,1049,61.4,1
2026-06-01-1200,2026-06-01,amazon-now,jivo-daily-cooking-pomace-olive-oil-1-litre-1l,Gurgaon,123003,405,1049,61.4,1
2026-06-01-1200,2026-06-01,amazon-now,jivo-daily-cooking-pomace-olive-oil-1-litre-1l,Gurgaon,123413,405,1049,61.4,1
2026-06-01-1200,2026-06-01,amazon-now,jivo-daily-cooking-pomace-olive-oil-1-litre-1l,Gurgaon,123502,405,1049,61.4,1
2026-06-01-1200,2026-06-01,amazon-now,jivo-daily-cooking-pomace-olive-oil-1-litre-1l,Gurgaon,123505,405,1049,61.4,1
2026-06-01-1200,2026-06-01,amazon-now,jivo-daily-cooking-pomace-olive-oil-1-litre-1l,Ludhiana,141007,405,1049,61.4,1
2026-06-01-1200,2026-06-01,amazon-now,jivo-daily-cooking-pomace-olive-oil-1-litre-1l,Ludhiana,141106,405,1049,61.4,1
2026-06-01-1200,2026-06-01,amazon-now,jivo-daily-cooking-pomace-olive-oil-1-litre-1l,Ludhiana,141107,405,1049,61.4,1
2026-06-01-1200,2026-06-01,amazon-now,jivo-daily-cooking-pomace-olive-oil-1-litre-1l,Ludhiana,141108,405,1049,61.4,1
2026-06-01-1200,2026-06-01,amazon-now,jivo-daily-cooking-pomace-olive-oil-1-litre-1l,Ludhiana,141125,405,1049,61.4,1
2026-06-01-1200,2026-06-01,amazon-now,jivo-daily-cooking-pomace-olive-oil-1-litre-1l,Ludhiana,141126,405,1049,61.4,1
2026-06-01-1200,2026-06-01,amazon-now,jivo-daily-cooking-pomace-olive-oil-1-litre-1l,Ludhiana,141202,405,1049,61.4,1
2026-06-01-1200,2026-06-01,amazon-now,jivo-daily-cooking-pomace-olive-oil-1-litre-1l,Ludhiana,141204,405,1049,61.4,1
2026-06-01-1200,2026-06-01,amazon-now,jivo-daily-cooking-pomace-olive-oil-1-litre-1l,Ludhiana,141206,405,1049,61.4,1
2026-06-01-1200,2026-06-01,amazon-now,jivo-daily-cooking-pomace-olive-oil-1-litre-1l,Ludhiana,141412,405,1049,61.4,1
2026-06-01-1200,2026-06-01,amazon-now,jivo-daily-cooking-pomace-olive-oil-1-litre-1l,Ludhiana,141413,405,1049,61.4,1
2026-06-01-1200,2026-06-01,amazon-now,jivo-daily-cooking-pomace-olive-oil-1-litre-1l,Ludhiana,141414,405,1049,61.4,1
2026-06-01-1200,2026-06-01,amazon-now,jivo-daily-cooking-pomace-olive-oil-1-litre-1l,Ludhiana,141415,405,1049,61.4,1
2026-06-01-1200,2026-06-01,amazon-now,jivo-daily-cooking-pomace-olive-oil-1-litre-1l,Ludhiana,141417,405,1049,61.4,1
2026-06-01-1200,2026-06-01,amazon-now,jivo-daily-cooking-pomace-olive-oil-1-litre-1l,Ludhiana,141419,405,1049,61.4,1
2026-06-01-1200,2026-06-01,amazon-now,jivo-daily-cooking-pomace-olive-oil-1-litre-1l,Ludhiana,142023,405,1049,61.4,1
2026-06-01-1200,2026-06-01,amazon-now,jivo-daily-cooking-pomace-olive-oil-1-litre-1l,Ludhiana,142024,405,1049,61.4,1
2026-06-01-1200,2026-06-01,amazon-now,jivo-daily-cooking-pomace-olive-oil-1-litre-1l,Ludhiana,142026,405,1049,61.4,1
2026-06-01-1200,2026-06-01,amazon-now,jivo-daily-cooking-pomace-olive-oil-1-litre-1l,Ludhiana,142029,405,1049,61.4,1
2026-06-01-1200,2026-06-01,amazon-now,jivo-daily-cooking-pomace-olive-oil-1-litre-1l,Ludhiana,142030,405,1049,61.4,1
2026-06-01-1200,2026-06-01,amazon-now,jivo-daily-cooking-pomace-olive-oil-1-litre-1l,Ludhiana,142031,405,1049,61.4,1
2026-06-01-1200,2026-06-01,amazon-now,jivo-daily-cooking-pomace-olive-oil-1-litre-1l,Ludhiana,142032,405,1049,61.4,1
2026-06-01-1200,2026-06-01,amazon-now,jivo-daily-cooking-pomace-olive-oil-1-litre-1l,Ludhiana,142035,405,1049,61.4,1
2026-06-01-1200,2026-06-01,amazon-now,jivo-daily-cooking-pomace-olive-oil-1-litre-1l,Ludhiana,142036,405,1049,61.4,1
2026-06-01-1200,2026-06-01,amazon-now,jivo-daily-cooking-pomace-olive-oil-1-litre-1l,Chandigarh,160021,405,1049,61.4,1
2026-06-01-1200,2026-06-01,amazon-now,jivo-daily-cooking-pomace-olive-oil-1-litre-1l,Ghaziabad,201003,405,1049,61.4,1
2026-06-01-1200,2026-06-01,amazon-now,jivo-daily-cooking-pomace-olive-oil-1-litre-1l,Noida,201008,405,1049,61.4,1
2026-06-01-1200,2026-06-01,amazon-now,jivo-daily-cooking-pomace-olive-oil-1-litre-1l,Ghaziabad,201201,405,1049,61.4,1
2026-06-01-1200,2026-06-01,amazon-now,jivo-daily-cooking-pomace-olive-oil-1-litre-1l,Ghaziabad,201204,405,1049,61.4,1
2026-06-01-1200,2026-06-01,amazon-now,jivo-daily-cooking-pomace-olive-oil-1-litre-1l,Ghaziabad,201302,405,1049,61.4,1
2026-06-01-1200,2026-06-01,amazon-now,jivo-daily-cooking-pomace-olive-oil-1-litre-1l,Noida,203207,405,1049,61.4,1
2026-06-01-1200,2026-06-01,amazon-now,jivo-daily-cooking-pomace-olive-oil-1-litre-1l,Ghaziabad,245304,405,1049,61.4,1
2026-06-01-1200,2026-06-01,amazon-now,jivo-daily-cooking-pomace-olive-oil-1-litre-1l,Jaipur,302011,405,1049,61.4,1
2026-06-01-1200,2026-06-01,amazon-now,jivo-daily-cooking-pomace-olive-oil-1-litre-1l,Jaipur,302022,405,1049,61.4,1
2026-06-01-1200,2026-06-01,amazon-now,jivo-daily-cooking-pomace-olive-oil-1-litre-1l,Jaipur,302025,405,1049,61.4,1
2026-06-01-1200,2026-06-01,amazon-now,jivo-daily-cooking-pomace-olive-oil-1-litre-1l,Jaipur,302026,405,1049,61.4,1
2026-06-01-1200,2026-06-01,amazon-now,jivo-daily-cooking-pomace-olive-oil-1-litre-1l,Jaipur,302028,405,1049,61.4,1
2026-06-01-1200,2026-06-01,amazon-now,jivo-daily-cooking-pomace-olive-oil-1-litre-1l,Jaipur,302029,405,1049,61.4,1
2026-06-01-1200,2026-06-01,amazon-now,jivo-daily-cooking-pomace-olive-oil-1-litre-1l,Jaipur,303001,405,1049,61.4,1
2026-06-01-1200,2026-06-01,amazon-now,jivo-daily-cooking-pomace-olive-oil-1-litre-1l,Jaipur,303002,405,1049,61.4,1
2026-06-01-1200,2026-06-01,amazon-now,jivo-daily-cooking-pomace-olive-oil-1-litre-1l,Jaipur,303003,405,1049,61.4,1
2026-06-01-1200,2026-06-01,amazon-now,jivo-daily-cooking-pomace-olive-oil-1-litre-1l,Jaipur,303006,405,1049,61.4,1
2026-06-01-1200,2026-06-01,amazon-now,jivo-daily-cooking-pomace-olive-oil-1-litre-1l,Jaipur,303009,405,1049,61.4,1
2026-06-01-1200,2026-06-01,amazon-now,jivo-daily-cooking-pomace-olive-oil-1-litre-1l,Jaipur,303012,405,1049,61.4,1
2026-06-01-1200,2026-06-01,amazon-now,jivo-daily-cooking-pomace-olive-oil-1-litre-1l,Jaipur,303103,405,1049,61.4,1
2026-06-01-1200,2026-06-01,amazon-now,jivo-daily-cooking-pomace-olive-oil-1-litre-1l,Jaipur,303105,405,1049,61.4,1
2026-06-01-1200,2026-06-01,amazon-now,jivo-daily-cooking-pomace-olive-oil-1-litre-1l,Jaipur,303107,405,1049,61.4,1
2026-06-01-1200,2026-06-01,amazon-now,jivo-daily-cooking-pomace-olive-oil-1-litre-1l,Jaipur,303108,405,1049,61.4,1
2026-06-01-1200,2026-06-01,amazon-now,jivo-daily-cooking-pomace-olive-oil-1-litre-1l,Jaipur,303109,405,1049,61.4,1
2026-06-01-1200,2026-06-01,amazon-now,jivo-daily-cooking-pomace-olive-oil-1-litre-1l,Jaipur,303110,405,1049,61.4,1
2026-06-01-1200,2026-06-01,amazon-now,jivo-daily-cooking-pomace-olive-oil-1-litre-1l,Jaipur,303120,405,1049,61.4,1
2026-06-01-1200,2026-06-01,amazon-now,jivo-daily-cooking-pomace-olive-oil-1-litre-1l,Jaipur,303328,405,1049,61.4,1
2026-06-01-1200,2026-06-01,amazon-now,jivo-daily-cooking-pomace-olive-oil-1-litre-1l,Jaipur,303329,405,1049,61.4,1
2026-06-01-1200,2026-06-01,amazon-now,jivo-daily-cooking-pomace-olive-oil-1-litre-1l,Jaipur,303348,405,1049,61.4,1
2026-06-01-1200,2026-06-01,amazon-now,jivo-daily-cooking-pomace-olive-oil-1-litre-1l,Jaipur,303602,405,1049,61.4,1
2026-06-01-1200,2026-06-01,amazon-now,jivo-daily-cooking-pomace-olive-oil-1-litre-1l,Jaipur,303604,405,1049,61.4,1
2026-06-01-1200,2026-06-01,amazon-now,jivo-daily-cooking-pomace-olive-oil-1-litre-1l,Jaipur,303701,405,1049,61.4,1
2026-06-01-1200,2026-06-01,amazon-now,jivo-daily-cooking-pomace-olive-oil-1-litre-1l,Jaipur,303706,405,1049,61.4,1
2026-06-01-1200,2026-06-01,amazon-now,jivo-daily-cooking-pomace-olive-oil-1-litre-1l,Jaipur,303712,405,1049,61.4,1
2026-06-01-1200,2026-06-01,amazon-now,jivo-daily-cooking-pomace-olive-oil-1-litre-1l,Jaipur,303802,405,1049,61.4,1
2026-06-01-1200,2026-06-01,amazon-now,jivo-daily-cooking-pomace-olive-oil-1-litre-1l,Jaipur,303803,405,1049,61.4,1
2026-06-01-1200,2026-06-01,amazon-now,jivo-daily-cooking-pomace-olive-oil-1-litre-1l,Jaipur,303804,405,1049,61.4,1
2026-06-01-1200,2026-06-01,amazon-now,jivo-daily-cooking-pomace-olive-oil-1-litre-1l,Jaipur,303806,405,1049,61.4,1
2026-06-01-1200,2026-06-01,amazon-now,jivo-daily-cooking-pomace-olive-oil-1-litre-1l,Jaipur,303807,405,1049,61.4,1
2026-06-01-1200,2026-06-01,amazon-now,jivo-daily-cooking-pomace-olive-oil-1-litre-1l,Jaipur,303901,405,1049,61.4,1
2026-06-01-1200,2026-06-01,amazon-now,jivo-daily-cooking-pomace-olive-oil-1-litre-1l,Jaipur,303905,405,1049,61.4,1
2026-06-01-1200,2026-06-01,amazon-now,jivo-daily-cooking-pomace-olive-oil-1-litre-1l,Jaipur,303908,405,1049,61.4,1
2026-06-01-1200,2026-06-01,amazon-now,jivo-daily-cooking-pomace-olive-oil-1-litre-1l,Surat,394160,405,1049,61.4,1
2026-06-01-1200,2026-06-01,amazon-now,jivo-daily-cooking-pomace-olive-oil-1-litre-1l,Surat,394185,405,1049,61.4,1
2026-06-01-1200,2026-06-01,amazon-now,jivo-daily-cooking-pomace-olive-oil-1-litre-1l,Surat,394410,405,1049,61.4,1
2026-06-01-1200,2026-06-01,amazon-now,jivo-daily-cooking-pomace-olive-oil-1-litre-1l,Surat,394510,405,1049,61.4,1
2026-06-01-1200,2026-06-01,amazon-now,jivo-daily-cooking-pomace-olive-oil-1-litre-1l,Surat,394540,405,1049,61.4,1
2026-06-01-1200,2026-06-01,amazon-now,jivo-daily-cooking-pomace-olive-oil-1-litre-1l,Mumbai,400001,429,1049,59.1,1
2026-06-01-1200,2026-06-01,amazon-now,jivo-daily-cooking-pomace-olive-oil-1-litre-1l,Mumbai,400003,429,1049,59.1,1
2026-06-01-1200,2026-06-01,amazon-now,jivo-daily-cooking-pomace-olive-oil-1-litre-1l,Mumbai,400004,429,1049,59.1,1
2026-06-01-1200,2026-06-01,amazon-now,jivo-daily-cooking-pomace-olive-oil-1-litre-1l,Mumbai,400005,429,1049,59.1,1
2026-06-01-1200,2026-06-01,amazon-now,jivo-daily-cooking-pomace-olive-oil-1-litre-1l,Mumbai,400006,429,1049,59.1,1
2026-06-01-1200,2026-06-01,amazon-now,jivo-daily-cooking-pomace-olive-oil-1-litre-1l,Mumbai,400007,429,1049,59.1,1
2026-06-01-1200,2026-06-01,amazon-now,jivo-daily-cooking-pomace-olive-oil-1-litre-1l,Mumbai,400010,429,1049,59.1,1
2026-06-01-1200,2026-06-01,amazon-now,jivo-daily-cooking-pomace-olive-oil-1-litre-1l,Mumbai,400011,429,1049,59.1,1
2026-06-01-1200,2026-06-01,amazon-now,jivo-daily-cooking-pomace-olive-oil-1-litre-1l,Mumbai,400012,429,1049,59.1,1
2026-06-01-1200,2026-06-01,amazon-now,jivo-daily-cooking-pomace-olive-oil-1-litre-1l,Mumbai,400013,429,1049,59.1,1
2026-06-01-1200,2026-06-01,amazon-now,jivo-daily-cooking-pomace-olive-oil-1-litre-1l,Mumbai,400015,429,1049,59.1,1
2026-06-01-1200,2026-06-01,amazon-now,jivo-daily-cooking-pomace-olive-oil-1-litre-1l,Mumbai,400017,429,1049,59.1,1
2026-06-01-1200,2026-06-01,amazon-now,jivo-daily-cooking-pomace-olive-oil-1-litre-1l,Mumbai,400018,429,1049,59.1,1
2026-06-01-1200,2026-06-01,amazon-now,jivo-daily-cooking-pomace-olive-oil-1-litre-1l,Mumbai,400019,429,1049,59.1,1
2026-06-01-1200,2026-06-01,amazon-now,jivo-daily-cooking-pomace-olive-oil-1-litre-1l,Mumbai,400020,429,1049,59.1,1
2026-06-01-1200,2026-06-01,amazon-now,jivo-daily-cooking-pomace-olive-oil-1-litre-1l,Mumbai,400021,429,1049,59.1,1
2026-06-01-1200,2026-06-01,amazon-now,jivo-daily-cooking-pomace-olive-oil-1-litre-1l,Mumbai,400023,379,1049,63.9,1
2026-06-01-1200,2026-06-01,amazon-now,jivo-daily-cooking-pomace-olive-oil-1-litre-1l,Mumbai,400025,429,1049,59.1,1
2026-06-01-1200,2026-06-01,amazon-now,jivo-daily-cooking-pomace-olive-oil-1-litre-1l,Mumbai,400026,429,1049,59.1,1
2026-06-01-1200,2026-06-01,amazon-now,jivo-daily-cooking-pomace-olive-oil-1-litre-1l,Mumbai,400030,429,1049,59.1,1
2026-06-01-1200,2026-06-01,amazon-now,jivo-daily-cooking-pomace-olive-oil-1-litre-1l,Mumbai,400033,429,1049,59.1,1
2026-06-01-1200,2026-06-01,amazon-now,jivo-daily-cooking-pomace-olive-oil-1-litre-1l,Mumbai,400041,429,1049,59.1,1
2026-06-01-1200,2026-06-01,amazon-now,jivo-daily-cooking-pomace-olive-oil-1-litre-1l,Mumbai,400073,379,1049,63.9,1
2026-06-01-1200,2026-06-01,amazon-now,jivo-daily-cooking-pomace-olive-oil-1-litre-1l,Mumbai,400090,1049,,,1
2026-06-01-1200,2026-06-01,amazon-now,jivo-daily-cooking-pomace-olive-oil-1-litre-1l,Mumbai,400601,379,1049,63.9,1
2026-06-01-1200,2026-06-01,amazon-now,jivo-daily-cooking-pomace-olive-oil-1-litre-1l,Mumbai,400611,379,1049,63.9,1
2026-06-01-1200,2026-06-01,amazon-now,jivo-daily-cooking-pomace-olive-oil-1-litre-1l,Mumbai,400701,379,1049,63.9,1
2026-06-01-1200,2026-06-01,amazon-now,jivo-daily-cooking-pomace-olive-oil-1-litre-1l,Mumbai,400702,379,1049,63.9,1
2026-06-01-1200,2026-06-01,amazon-now,jivo-daily-cooking-pomace-olive-oil-1-litre-1l,Mumbai,400703,379,1049,63.9,1
2026-06-01-1200,2026-06-01,amazon-now,jivo-daily-cooking-pomace-olive-oil-1-litre-1l,Mumbai,400707,379,1049,63.9,1
2026-06-01-1200,2026-06-01,amazon-now,jivo-daily-cooking-pomace-olive-oil-1-litre-1l,Pune,410506,379,1049,63.9,1
2026-06-01-1200,2026-06-01,amazon-now,jivo-daily-cooking-pomace-olive-oil-1-litre-1l,Pune,411001,405,1049,61.4,1
2026-06-01-1200,2026-06-01,amazon-now,jivo-daily-cooking-pomace-olive-oil-1-litre-1l,Pune,411004,405,1049,61.4,1
2026-06-01-1200,2026-06-01,amazon-now,jivo-daily-cooking-pomace-olive-oil-1-litre-1l,Pune,411005,405,1049,61.4,1
2026-06-01-1200,2026-06-01,amazon-now,jivo-daily-cooking-pomace-olive-oil-1-litre-1l,Pune,411006,405,1049,61.4,1
2026-06-01-1200,2026-06-01,amazon-now,jivo-daily-cooking-pomace-olive-oil-1-litre-1l,Pune,411011,405,1049,61.4,1
2026-06-01-1200,2026-06-01,amazon-now,jivo-daily-cooking-pomace-olive-oil-1-litre-1l,Pune,411014,405,1049,61.4,1
2026-06-01-1200,2026-06-01,amazon-now,jivo-daily-cooking-pomace-olive-oil-1-litre-1l,Pune,411015,405,1049,61.4,1
2026-06-01-1200,2026-06-01,amazon-now,jivo-daily-cooking-pomace-olive-oil-1-litre-1l,Pune,411028,405,1049,61.4,1
2026-06-01-1200,2026-06-01,amazon-now,jivo-daily-cooking-pomace-olive-oil-1-litre-1l,Pune,411030,405,1049,61.4,1
2026-06-01-1200,2026-06-01,amazon-now,jivo-daily-cooking-pomace-olive-oil-1-litre-1l,Pune,411036,405,1049,61.4,1
2026-06-01-1200,2026-06-01,amazon-now,jivo-daily-cooking-pomace-olive-oil-1-litre-1l,Pune,411040,405,1049,61.4,1
2026-06-01-1200,2026-06-01,amazon-now,jivo-daily-cooking-pomace-olive-oil-1-litre-1l,Pune,411047,405,1049,61.4,1
2026-06-01-1200,2026-06-01,amazon-now,jivo-daily-cooking-pomace-olive-oil-1-litre-1l,Pune,411051,405,1049,61.4,1
2026-06-01-1200,2026-06-01,amazon-now,jivo-daily-cooking-pomace-olive-oil-1-litre-1l,Pune,412101,379,1049,63.9,1
2026-06-01-1200,2026-06-01,amazon-now,jivo-daily-cooking-pomace-olive-oil-1-litre-1l,Pune,412103,379,1049,63.9,1
2026-06-01-1200,2026-06-01,amazon-now,jivo-daily-cooking-pomace-olive-oil-1-litre-1l,Pune,412204,379,1049,63.9,1
2026-06-01-1200,2026-06-01,amazon-now,jivo-daily-cooking-pomace-olive-oil-1-litre-1l,Pune,412216,379,1049,63.9,1
2026-06-01-1200,2026-06-01,amazon-now,jivo-daily-cooking-pomace-olive-oil-1-litre-1l,Pune,412304,379,1049,63.9,1
2026-06-01-1200,2026-06-01,amazon-now,jivo-daily-cooking-pomace-olive-oil-1-litre-1l,Pune,412306,379,1049,63.9,1
2026-06-01-1200,2026-06-01,amazon-now,jivo-daily-cooking-pomace-olive-oil-1-litre-1l,Pune,412308,405,1049,61.4,1
2026-06-01-1200,2026-06-01,amazon-now,jivo-daily-cooking-pomace-olive-oil-1-litre-1l,Pune,412403,379,1049,63.9,1
2026-06-01-1200,2026-06-01,amazon-now,jivo-daily-cooking-pomace-olive-oil-1-litre-1l,Pune,412404,379,1049,63.9,1
2026-06-01-1200,2026-06-01,amazon-now,jivo-daily-cooking-pomace-olive-oil-1-litre-1l,Pune,413801,379,1049,63.9,1
2026-06-01-1200,2026-06-01,amazon-now,jivo-daily-cooking-pomace-olive-oil-1-litre-1l,Kolkata,700001,405,1049,61.4,1
2026-06-01-1200,2026-06-01,amazon-now,jivo-daily-cooking-pomace-olive-oil-1-litre-1l,Kolkata,700015,405,1049,61.4,1
2026-06-01-1200,2026-06-01,amazon-now,jivo-daily-cooking-pomace-olive-oil-1-litre-1l,Kolkata,700019,405,1049,61.4,1
2026-06-01-1200,2026-06-01,amazon-now,jivo-daily-cooking-pomace-olive-oil-1-litre-1l,Kolkata,700069,405,1049,61.4,1
2026-06-01-1200,2026-06-01,amazon-now,jivo-daily-cooking-pomace-olive-oil-1-litre-1l,Kolkata,700089,694,1049,33.8,1
2026-06-01-1200,2026-06-01,amazon-now,jivo-daily-cooking-pomace-olive-oil-1-litre-1l,Kolkata,700107,405,1049,61.4,1
2026-06-01-1200,2026-06-01,amazon-now,jivo-everyday-cooking-pomace-olive-oil-2-litre-2l,Delhi,110008,849,1449,41.4,1
2026-06-01-1200,2026-06-01,amazon-now,jivo-everyday-cooking-pomace-olive-oil-2-litre-2l,Delhi,110010,849,1449,41.4,1
2026-06-01-1200,2026-06-01,amazon-now,jivo-everyday-cooking-pomace-olive-oil-2-litre-2l,Delhi,110015,849,1449,41.4,1
2026-06-01-1200,2026-06-01,amazon-now,jivo-everyday-cooking-pomace-olive-oil-2-litre-2l,Delhi,110026,849,1449,41.4,1
2026-06-01-1200,2026-06-01,amazon-now,jivo-everyday-cooking-pomace-olive-oil-2-litre-2l,Delhi,110032,849,1449,41.4,1
2026-06-01-1200,2026-06-01,amazon-now,jivo-everyday-cooking-pomace-olive-oil-2-litre-2l,Delhi,110042,849,1449,41.4,1
2026-06-01-1200,2026-06-01,amazon-now,jivo-everyday-cooking-pomace-olive-oil-2-litre-2l,Delhi,110046,849,1449,41.4,1
2026-06-01-1200,2026-06-01,amazon-now,jivo-everyday-cooking-pomace-olive-oil-2-litre-2l,Delhi,110051,849,1449,41.4,1
2026-06-01-1200,2026-06-01,amazon-now,jivo-everyday-cooking-pomace-olive-oil-2-litre-2l,Delhi,110075,849,1449,41.4,1
2026-06-01-1200,2026-06-01,amazon-now,jivo-everyday-cooking-pomace-olive-oil-2-litre-2l,Delhi,110082,849,1449,41.4,1
2026-06-01-1200,2026-06-01,amazon-now,jivo-everyday-cooking-pomace-olive-oil-2-litre-2l,Delhi,110083,849,1449,41.4,1
2026-06-01-1200,2026-06-01,amazon-now,jivo-everyday-cooking-pomace-olive-oil-2-litre-2l,Delhi,110085,849,1449,41.4,1
2026-06-01-1200,2026-06-01,amazon-now,jivo-everyday-cooking-pomace-olive-oil-2-litre-2l,Delhi,110090,849,1449,41.4,1
2026-06-01-1200,2026-06-01,amazon-now,jivo-everyday-cooking-pomace-olive-oil-2-litre-2l,Delhi,110092,849,1449,41.4,1
2026-06-01-1200,2026-06-01,amazon-now,jivo-everyday-cooking-pomace-olive-oil-2-litre-2l,Delhi,110095,849,1449,41.4,1
2026-06-01-1200,2026-06-01,amazon-now,jivo-everyday-cooking-pomace-olive-oil-2-litre-2l,Faridabad,121001,849,1449,41.4,1
2026-06-01-1200,2026-06-01,amazon-now,jivo-everyday-cooking-pomace-olive-oil-2-litre-2l,Faridabad,121002,849,1449,41.4,1
2026-06-01-1200,2026-06-01,amazon-now,jivo-everyday-cooking-pomace-olive-oil-2-litre-2l,Gurgaon,122004,849,1449,41.4,1
2026-06-01-1200,2026-06-01,amazon-now,jivo-everyday-cooking-pomace-olive-oil-2-litre-2l,Ludhiana,141001,849,1449,41.4,1
2026-06-01-1200,2026-06-01,amazon-now,jivo-everyday-cooking-pomace-olive-oil-2-litre-2l,Ludhiana,141010,849,1449,41.4,1
2026-06-01-1200,2026-06-01,amazon-now,jivo-everyday-cooking-pomace-olive-oil-2-litre-2l,Ludhiana,141014,849,1449,41.4,1
2026-06-01-1200,2026-06-01,amazon-now,jivo-everyday-cooking-pomace-olive-oil-2-litre-2l,Ludhiana,141015,849,1449,41.4,1
2026-06-01-1200,2026-06-01,amazon-now,jivo-everyday-cooking-pomace-olive-oil-2-litre-2l,Ludhiana,141017,849,1449,41.4,1
2026-06-01-1200,2026-06-01,amazon-now,jivo-everyday-cooking-pomace-olive-oil-2-litre-2l,Ludhiana,141101,849,1449,41.4,1
2026-06-01-1200,2026-06-01,amazon-now,jivo-everyday-cooking-pomace-olive-oil-2-litre-2l,Ludhiana,141102,849,1449,41.4,1
2026-06-01-1200,2026-06-01,amazon-now,jivo-everyday-cooking-pomace-olive-oil-2-litre-2l,Ludhiana,141103,849,1449,41.4,1
2026-06-01-1200,2026-06-01,amazon-now,jivo-everyday-cooking-pomace-olive-oil-2-litre-2l,Ludhiana,141109,849,1449,41.4,1
2026-06-01-1200,2026-06-01,amazon-now,jivo-everyday-cooking-pomace-olive-oil-2-litre-2l,Ludhiana,141113,849,1449,41.4,1
2026-06-01-1200,2026-06-01,amazon-now,jivo-everyday-cooking-pomace-olive-oil-2-litre-2l,Ludhiana,141116,849,1449,41.4,1
2026-06-01-1200,2026-06-01,amazon-now,jivo-everyday-cooking-pomace-olive-oil-2-litre-2l,Ludhiana,141122,849,1449,41.4,1
2026-06-01-1200,2026-06-01,amazon-now,jivo-everyday-cooking-pomace-olive-oil-2-litre-2l,Ludhiana,141416,849,1449,41.4,1
2026-06-01-1200,2026-06-01,amazon-now,jivo-everyday-cooking-pomace-olive-oil-2-litre-2l,Ludhiana,141418,849,1449,41.4,1
2026-06-01-1200,2026-06-01,amazon-now,jivo-everyday-cooking-pomace-olive-oil-2-litre-2l,Ludhiana,141421,849,1449,41.4,1
2026-06-01-1200,2026-06-01,amazon-now,jivo-everyday-cooking-pomace-olive-oil-2-litre-2l,Ludhiana,141422,849,1449,41.4,1
2026-06-01-1200,2026-06-01,amazon-now,jivo-everyday-cooking-pomace-olive-oil-2-litre-2l,Ludhiana,142021,849,1449,41.4,1
2026-06-01-1200,2026-06-01,amazon-now,jivo-everyday-cooking-pomace-olive-oil-2-litre-2l,Ludhiana,142022,849,1449,41.4,1
2026-06-01-1200,2026-06-01,amazon-now,jivo-everyday-cooking-pomace-olive-oil-2-litre-2l,Ludhiana,142027,849,1449,41.4,1
2026-06-01-1200,2026-06-01,amazon-now,jivo-everyday-cooking-pomace-olive-oil-2-litre-2l,Ludhiana,142033,849,1449,41.4,1
2026-06-01-1200,2026-06-01,amazon-now,jivo-everyday-cooking-pomace-olive-oil-2-litre-2l,Chandigarh,160001,849,1449,41.4,1
2026-06-01-1200,2026-06-01,amazon-now,jivo-everyday-cooking-pomace-olive-oil-2-litre-2l,Chandigarh,160011,849,1449,41.4,1
2026-06-01-1200,2026-06-01,amazon-now,jivo-everyday-cooking-pomace-olive-oil-2-litre-2l,Chandigarh,160014,849,1449,41.4,1
2026-06-01-1200,2026-06-01,amazon-now,jivo-everyday-cooking-pomace-olive-oil-2-litre-2l,Chandigarh,160030,849,1449,41.4,1
2026-06-01-1200,2026-06-01,amazon-now,jivo-everyday-cooking-pomace-olive-oil-2-litre-2l,Chandigarh,160035,849,1449,41.4,1
2026-06-01-1200,2026-06-01,amazon-now,jivo-everyday-cooking-pomace-olive-oil-2-litre-2l,Chandigarh,160043,849,1449,41.4,1
2026-06-01-1200,2026-06-01,amazon-now,jivo-everyday-cooking-pomace-olive-oil-2-litre-2l,Chandigarh,160055,849,1449,41.4,1
2026-06-01-1200,2026-06-01,amazon-now,jivo-everyday-cooking-pomace-olive-oil-2-litre-2l,Ghaziabad,201002,849,1449,41.4,1
2026-06-01-1200,2026-06-01,amazon-now,jivo-everyday-cooking-pomace-olive-oil-2-litre-2l,Ghaziabad,201005,849,1449,41.4,1
2026-06-01-1200,2026-06-01,amazon-now,jivo-everyday-cooking-pomace-olive-oil-2-litre-2l,Noida,201304,849,1449,41.4,1
2026-06-01-1200,2026-06-01,amazon-now,jivo-everyday-cooking-pomace-olive-oil-2-litre-2l,Noida,201305,849,1449,41.4,1
2026-06-01-1200,2026-06-01,amazon-now,jivo-everyday-cooking-pomace-olive-oil-2-litre-2l,Noida,201309,849,1449,41.4,1
2026-06-01-1200,2026-06-01,amazon-now,jivo-everyday-cooking-pomace-olive-oil-2-litre-2l,Noida,201310,849,1449,41.4,1
2026-06-01-1200,2026-06-01,amazon-now,jivo-everyday-cooking-pomace-olive-oil-2-litre-2l,Jaipur,302001,849,1449,41.4,1
2026-06-01-1200,2026-06-01,amazon-now,jivo-everyday-cooking-pomace-olive-oil-2-litre-2l,Jaipur,302012,849,1449,41.4,1
2026-06-01-1200,2026-06-01,amazon-now,jivo-everyday-cooking-pomace-olive-oil-2-litre-2l,Jaipur,302013,849,1449,41.4,1
2026-06-01-1200,2026-06-01,amazon-now,jivo-everyday-cooking-pomace-olive-oil-2-litre-2l,Jaipur,302015,849,1449,41.4,1
2026-06-01-1200,2026-06-01,amazon-now,jivo-everyday-cooking-pomace-olive-oil-2-litre-2l,Jaipur,302016,849,1449,41.4,1
2026-06-01-1200,2026-06-01,amazon-now,jivo-everyday-cooking-pomace-olive-oil-2-litre-2l,Jaipur,302018,849,1449,41.4,1
2026-06-01-1200,2026-06-01,amazon-now,jivo-everyday-cooking-pomace-olive-oil-2-litre-2l,Jaipur,302020,849,1449,41.4,1
2026-06-01-1200,2026-06-01,amazon-now,jivo-everyday-cooking-pomace-olive-oil-2-litre-2l,Jaipur,302021,849,1449,41.4,1
2026-06-01-1200,2026-06-01,amazon-now,jivo-everyday-cooking-pomace-olive-oil-2-litre-2l,Jaipur,302023,849,1449,41.4,1
2026-06-01-1200,2026-06-01,amazon-now,jivo-everyday-cooking-pomace-olive-oil-2-litre-2l,Jaipur,302024,849,1449,41.4,1
2026-06-01-1200,2026-06-01,amazon-now,jivo-everyday-cooking-pomace-olive-oil-2-litre-2l,Jaipur,302032,849,1449,41.4,1
2026-06-01-1200,2026-06-01,amazon-now,jivo-extra-light-olive-oil-1-litre-1l,Delhi,110001,499,1499,66.7,1
2026-06-01-1200,2026-06-01,amazon-now,jivo-extra-light-olive-oil-1-litre-1l,Delhi,110002,499,1499,66.7,1
2026-06-01-1200,2026-06-01,amazon-now,jivo-extra-light-olive-oil-1-litre-1l,Delhi,110003,599,1499,60,1
2026-06-01-1200,2026-06-01,amazon-now,jivo-extra-light-olive-oil-1-litre-1l,Delhi,110004,499,1499,66.7,1
2026-06-01-1200,2026-06-01,amazon-now,jivo-extra-light-olive-oil-1-litre-1l,Delhi,110006,499,1499,66.7,1
2026-06-01-1200,2026-06-01,amazon-now,jivo-extra-light-olive-oil-1-litre-1l,Delhi,110007,599,1499,60,1
2026-06-01-1200,2026-06-01,amazon-now,jivo-extra-light-olive-oil-1-litre-1l,Delhi,110009,599,1499,60,1
2026-06-01-1200,2026-06-01,amazon-now,jivo-extra-light-olive-oil-1-litre-1l,Delhi,110013,599,1499,60,1
2026-06-01-1200,2026-06-01,amazon-now,jivo-extra-light-olive-oil-1-litre-1l,Delhi,110014,599,1499,60,1
2026-06-01-1200,2026-06-01,amazon-now,jivo-extra-light-olive-oil-1-litre-1l,Delhi,110016,599,1499,60,1
2026-06-01-1200,2026-06-01,amazon-now,jivo-extra-light-olive-oil-1-litre-1l,Delhi,110017,599,1499,60,1
2026-06-01-1200,2026-06-01,amazon-now,jivo-extra-light-olive-oil-1-litre-1l,Delhi,110018,599,1499,60,1
2026-06-01-1200,2026-06-01,amazon-now,jivo-extra-light-olive-oil-1-litre-1l,Delhi,110021,499,1499,66.7,1
2026-06-01-1200,2026-06-01,amazon-now,jivo-extra-light-olive-oil-1-litre-1l,Delhi,110024,599,1499,60,1
2026-06-01-1200,2026-06-01,amazon-now,jivo-extra-light-olive-oil-1-litre-1l,Delhi,110025,599,1499,60,1
2026-06-01-1200,2026-06-01,amazon-now,jivo-extra-light-olive-oil-1-litre-1l,Delhi,110031,499,1499,66.7,1
2026-06-01-1200,2026-06-01,amazon-now,jivo-extra-light-olive-oil-1-litre-1l,Delhi,110033,599,1499,60,1
2026-06-01-1200,2026-06-01,amazon-now,jivo-extra-light-olive-oil-1-litre-1l,Delhi,110035,599,1499,60,1
2026-06-01-1200,2026-06-01,amazon-now,jivo-extra-light-olive-oil-1-litre-1l,Delhi,110037,499,1499,66.7,1
2026-06-01-1200,2026-06-01,amazon-now,jivo-extra-light-olive-oil-1-litre-1l,Delhi,110044,599,1499,60,1
2026-06-01-1200,2026-06-01,amazon-now,jivo-extra-light-olive-oil-1-litre-1l,Delhi,110048,599,1499,60,1
2026-06-01-1200,2026-06-01,amazon-now,jivo-extra-light-olive-oil-1-litre-1l,Delhi,110052,599,1499,60,1
2026-06-01-1200,2026-06-01,amazon-now,jivo-extra-light-olive-oil-1-litre-1l,Delhi,110053,499,1499,66.7,1
2026-06-01-1200,2026-06-01,amazon-now,jivo-extra-light-olive-oil-1-litre-1l,Delhi,110054,499,1499,66.7,1
2026-06-01-1200,2026-06-01,amazon-now,jivo-extra-light-olive-oil-1-litre-1l,Delhi,110055,499,1499,66.7,1
2026-06-01-1200,2026-06-01,amazon-now,jivo-extra-light-olive-oil-1-litre-1l,Delhi,110061,499,1499,66.7,1
2026-06-01-1200,2026-06-01,amazon-now,jivo-extra-light-olive-oil-1-litre-1l,Delhi,110062,599,1499,60,1
2026-06-01-1200,2026-06-01,amazon-now,jivo-extra-light-olive-oil-1-litre-1l,Delhi,110065,599,1499,60,1
2026-06-01-1200,2026-06-01,amazon-now,jivo-extra-light-olive-oil-1-litre-1l,Delhi,110067,499,1499,66.7,1
2026-06-01-1200,2026-06-01,amazon-now,jivo-extra-light-olive-oil-1-litre-1l,Delhi,110070,499,1499,66.7,1
2026-06-01-1200,2026-06-01,amazon-now,jivo-extra-light-olive-oil-1-litre-1l,Delhi,110076,599,1499,60,1
2026-06-01-1200,2026-06-01,amazon-now,jivo-extra-light-olive-oil-1-litre-1l,Delhi,110088,599,1499,60,1
2026-06-01-1200,2026-06-01,amazon-now,jivo-extra-light-olive-oil-1-litre-1l,Gurgaon,122001,499,1499,66.7,1
2026-06-01-1200,2026-06-01,amazon-now,jivo-extra-light-olive-oil-1-litre-1l,Gurgaon,122010,499,1499,66.7,1
2026-06-01-1200,2026-06-01,amazon-now,jivo-extra-light-olive-oil-1-litre-1l,Jaipur,303110,,,,1
2026-06-01-1200,2026-06-01,amazon-now,jivo-extra-light-olive-oil-1-litre-1l,Surat,394160,499,1499,66.7,1
2026-06-01-1200,2026-06-01,amazon-now,jivo-extra-light-olive-oil-1-litre-1l,Surat,394185,499,1499,66.7,1
2026-06-01-1200,2026-06-01,amazon-now,jivo-extra-light-olive-oil-1-litre-1l,Surat,394410,499,1499,66.7,1
2026-06-01-1200,2026-06-01,amazon-now,jivo-extra-light-olive-oil-1-litre-1l,Surat,394510,499,1499,66.7,1
2026-06-01-1200,2026-06-01,amazon-now,jivo-extra-light-olive-oil-1-litre-1l,Surat,394540,499,1499,66.7,1
2026-06-01-1200,2026-06-01,amazon-now,jivo-extra-light-olive-oil-1-litre-1l,Mumbai,400001,599,1499,60,1
2026-06-01-1200,2026-06-01,amazon-now,jivo-extra-light-olive-oil-1-litre-1l,Mumbai,400003,599,1499,60,1
2026-06-01-1200,2026-06-01,amazon-now,jivo-extra-light-olive-oil-1-litre-1l,Mumbai,400004,599,1499,60,1
2026-06-01-1200,2026-06-01,amazon-now,jivo-extra-light-olive-oil-1-litre-1l,Mumbai,400005,599,1499,60,1
2026-06-01-1200,2026-06-01,amazon-now,jivo-extra-light-olive-oil-1-litre-1l,Mumbai,400006,599,1499,60,1
2026-06-01-1200,2026-06-01,amazon-now,jivo-extra-light-olive-oil-1-litre-1l,Mumbai,400007,599,1499,60,1
2026-06-01-1200,2026-06-01,amazon-now,jivo-extra-light-olive-oil-1-litre-1l,Mumbai,400010,599,1499,60,1
2026-06-01-1200,2026-06-01,amazon-now,jivo-extra-light-olive-oil-1-litre-1l,Mumbai,400011,599,1499,60,1
2026-06-01-1200,2026-06-01,amazon-now,jivo-extra-light-olive-oil-1-litre-1l,Mumbai,400012,599,1499,60,1
2026-06-01-1200,2026-06-01,amazon-now,jivo-extra-light-olive-oil-1-litre-1l,Mumbai,400013,599,1499,60,1
2026-06-01-1200,2026-06-01,amazon-now,jivo-extra-light-olive-oil-1-litre-1l,Mumbai,400015,599,1499,60,1
2026-06-01-1200,2026-06-01,amazon-now,jivo-extra-light-olive-oil-1-litre-1l,Mumbai,400017,599,1499,60,1
2026-06-01-1200,2026-06-01,amazon-now,jivo-extra-light-olive-oil-1-litre-1l,Mumbai,400018,599,1499,60,1
2026-06-01-1200,2026-06-01,amazon-now,jivo-extra-light-olive-oil-1-litre-1l,Mumbai,400019,599,1499,60,1
2026-06-01-1200,2026-06-01,amazon-now,jivo-extra-light-olive-oil-1-litre-1l,Mumbai,400020,599,1499,60,1
2026-06-01-1200,2026-06-01,amazon-now,jivo-extra-light-olive-oil-1-litre-1l,Mumbai,400021,599,1499,60,1
2026-06-01-1200,2026-06-01,amazon-now,jivo-extra-light-olive-oil-1-litre-1l,Mumbai,400023,499,1499,66.7,1
2026-06-01-1200,2026-06-01,amazon-now,jivo-extra-light-olive-oil-1-litre-1l,Mumbai,400025,599,1499,60,1
2026-06-01-1200,2026-06-01,amazon-now,jivo-extra-light-olive-oil-1-litre-1l,Mumbai,400026,599,1499,60,1
2026-06-01-1200,2026-06-01,amazon-now,jivo-extra-light-olive-oil-1-litre-1l,Mumbai,400030,599,1499,60,1
2026-06-01-1200,2026-06-01,amazon-now,jivo-extra-light-olive-oil-1-litre-1l,Mumbai,400033,599,1499,60,1
2026-06-01-1200,2026-06-01,amazon-now,jivo-extra-light-olive-oil-1-litre-1l,Mumbai,400041,599,1499,60,1
2026-06-01-1200,2026-06-01,amazon-now,jivo-extra-light-olive-oil-1-litre-1l,Mumbai,400073,499,1499,66.7,1
2026-06-01-1200,2026-06-01,amazon-now,jivo-extra-light-olive-oil-1-litre-1l,Mumbai,400611,499,1499,66.7,1
2026-06-01-1200,2026-06-01,amazon-now,jivo-extra-light-olive-oil-1-litre-1l,Mumbai,400702,499,1499,66.7,1
2026-06-01-1200,2026-06-01,amazon-now,jivo-extra-light-olive-oil-1-litre-1l,Mumbai,400707,499,1499,66.7,1
2026-06-01-1200,2026-06-01,amazon-now,jivo-extra-light-olive-oil-1-litre-1l,Pune,410301,499,1499,66.7,1
2026-06-01-1200,2026-06-01,amazon-now,jivo-extra-light-olive-oil-1-litre-1l,Pune,410401,499,1499,66.7,1
2026-06-01-1200,2026-06-01,amazon-now,jivo-extra-light-olive-oil-1-litre-1l,Pune,410402,499,1499,66.7,1
2026-06-01-1200,2026-06-01,amazon-now,jivo-extra-light-olive-oil-1-litre-1l,Pune,410502,499,1499,66.7,1
2026-06-01-1200,2026-06-01,amazon-now,jivo-extra-light-olive-oil-1-litre-1l,Pune,410503,499,1499,66.7,1
2026-06-01-1200,2026-06-01,amazon-now,jivo-extra-light-olive-oil-1-litre-1l,Pune,410506,499,1499,66.7,1
2026-06-01-1200,2026-06-01,amazon-now,jivo-extra-light-olive-oil-1-litre-1l,Pune,411021,499,1499,66.7,1
2026-06-01-1200,2026-06-01,amazon-now,jivo-extra-light-olive-oil-1-litre-1l,Pune,412101,499,1499,66.7,1
2026-06-01-1200,2026-06-01,amazon-now,jivo-extra-light-olive-oil-1-litre-1l,Pune,412103,499,1499,66.7,1
2026-06-01-1200,2026-06-01,amazon-now,jivo-extra-light-olive-oil-1-litre-1l,Pune,412104,499,1499,66.7,1
2026-06-01-1200,2026-06-01,amazon-now,jivo-extra-light-olive-oil-1-litre-1l,Pune,412109,499,1499,66.7,1
2026-06-01-1200,2026-06-01,amazon-now,jivo-extra-light-olive-oil-1-litre-1l,Pune,412114,499,1499,66.7,1
2026-06-01-1200,2026-06-01,amazon-now,jivo-extra-light-olive-oil-1-litre-1l,Pune,412201,499,1499,66.7,1
2026-06-01-1200,2026-06-01,amazon-now,jivo-extra-light-olive-oil-1-litre-1l,Pune,412204,499,1499,66.7,1
2026-06-01-1200,2026-06-01,amazon-now,jivo-extra-light-olive-oil-1-litre-1l,Pune,412208,499,1499,66.7,1
2026-06-01-1200,2026-06-01,amazon-now,jivo-extra-light-olive-oil-1-litre-1l,Pune,412209,499,1499,66.7,1
2026-06-01-1200,2026-06-01,amazon-now,jivo-extra-light-olive-oil-1-litre-1l,Pune,412210,499,1499,66.7,1
2026-06-01-1200,2026-06-01,amazon-now,jivo-extra-light-olive-oil-1-litre-1l,Pune,412211,499,1499,66.7,1
2026-06-01-1200,2026-06-01,amazon-now,jivo-extra-light-olive-oil-1-litre-1l,Pune,412213,499,1499,66.7,1
2026-06-01-1200,2026-06-01,amazon-now,jivo-extra-light-olive-oil-1-litre-1l,Pune,412216,499,1499,66.7,1
2026-06-01-1200,2026-06-01,amazon-now,jivo-extra-light-olive-oil-1-litre-1l,Pune,412220,499,1499,66.7,1
2026-06-01-1200,2026-06-01,amazon-now,jivo-extra-light-olive-oil-1-litre-1l,Pune,412301,499,1499,66.7,1
2026-06-01-1200,2026-06-01,amazon-now,jivo-extra-light-olive-oil-1-litre-1l,Pune,412303,499,1499,66.7,1
2026-06-01-1200,2026-06-01,amazon-now,jivo-extra-light-olive-oil-1-litre-1l,Pune,412304,499,1499,66.7,1
2026-06-01-1200,2026-06-01,amazon-now,jivo-extra-light-olive-oil-1-litre-1l,Pune,412306,499,1499,66.7,1
2026-06-01-1200,2026-06-01,amazon-now,jivo-extra-light-olive-oil-1-litre-1l,Pune,412401,499,1499,66.7,1
2026-06-01-1200,2026-06-01,amazon-now,jivo-extra-light-olive-oil-1-litre-1l,Pune,412403,499,1499,66.7,1
2026-06-01-1200,2026-06-01,amazon-now,jivo-extra-light-olive-oil-1-litre-1l,Pune,412404,499,1499,66.7,1
2026-06-01-1200,2026-06-01,amazon-now,jivo-extra-light-olive-oil-1-litre-1l,Pune,412405,499,1499,66.7,1
2026-06-01-1200,2026-06-01,amazon-now,jivo-extra-light-olive-oil-1-litre-1l,Pune,412409,499,1499,66.7,1
2026-06-01-1200,2026-06-01,amazon-now,jivo-extra-light-olive-oil-1-litre-1l,Pune,412410,499,1499,66.7,1
2026-06-01-1200,2026-06-01,amazon-now,jivo-extra-light-olive-oil-1-litre-1l,Pune,413105,499,1499,66.7,1
2026-06-01-1200,2026-06-01,amazon-now,jivo-extra-light-olive-oil-1-litre-1l,Pune,413132,499,1499,66.7,1
2026-06-01-1200,2026-06-01,amazon-now,jivo-extra-light-olive-oil-1-litre-1l,Pune,413801,499,1499,66.7,1
2026-06-01-1200,2026-06-01,amazon-now,jivo-extra-light-olive-oil-1-litre-1l,Kolkata,700001,499,1499,66.7,1
2026-06-01-1200,2026-06-01,amazon-now,jivo-extra-light-olive-oil-2-litre-2l,Delhi,110006,1072,2799,61.7,1
2026-06-01-1200,2026-06-01,amazon-now,jivo-extra-light-olive-oil-2-litre-2l,Delhi,110091,1072,2799,61.7,1
2026-06-01-1200,2026-06-01,amazon-now,jivo-extra-light-olive-oil-2-litre-2l,Mumbai,400023,1010,2799,63.9,1
2026-06-01-1200,2026-06-01,amazon-now,jivo-extra-light-olive-oil-2-litre-2l,Mumbai,400090,1010,2799,63.9,1
2026-06-01-1200,2026-06-01,amazon-now,jivo-extra-light-olive-oil-2-litre-2l,Pune,410506,1010,2799,63.9,1
2026-06-01-1200,2026-06-01,amazon-now,jivo-extra-light-olive-oil-2-litre-2l,Pune,411003,1072,2799,61.7,1
2026-06-01-1200,2026-06-01,amazon-now,jivo-extra-light-olive-oil-2-litre-2l,Pune,411012,1072,2799,61.7,1
2026-06-01-1200,2026-06-01,amazon-now,jivo-extra-light-olive-oil-2-litre-2l,Pune,411020,1072,2799,61.7,1
2026-06-01-1200,2026-06-01,amazon-now,jivo-extra-light-olive-oil-2-litre-2l,Pune,411035,1072,2799,61.7,1
2026-06-01-1200,2026-06-01,amazon-now,jivo-extra-light-olive-oil-2-litre-2l,Pune,411045,1072,2799,61.7,1
2026-06-01-1200,2026-06-01,amazon-now,jivo-extra-light-olive-oil-2-litre-2l,Pune,411047,1072,2799,61.7,1
2026-06-01-1200,2026-06-01,amazon-now,jivo-extra-light-olive-oil-2-litre-2l,Pune,412401,1072,2799,61.7,1
2026-06-01-1200,2026-06-01,amazon-now,jivo-extra-light-olive-oil-2-litre-2l,Kolkata,700015,1072,2799,61.7,1
2026-06-01-1200,2026-06-01,amazon-now,jivo-extra-light-olive-oil-2-litre-2l,Kolkata,700019,1072,2799,61.7,1
2026-06-01-1200,2026-06-01,amazon-now,jivo-extra-light-olive-oil-2-litre-2l,Kolkata,700069,1072,2799,61.7,1
2026-06-01-1200,2026-06-01,amazon-now,jivo-extra-light-olive-oil-2-litre-2l,Kolkata,700107,1072,2799,61.7,1
2026-06-01-1200,2026-06-01,amazon-now,jivo-extra-light-olive-oil-5-litre-tin-5l,Delhi,110036,2586,6499,60.2,1
2026-06-01-1200,2026-06-01,amazon-now,jivo-extra-light-olive-oil-5-litre-tin-5l,Delhi,110039,2586,6499,60.2,1
2026-06-01-1200,2026-06-01,amazon-now,jivo-extra-light-olive-oil-5-litre-tin-5l,Delhi,110040,2586,6499,60.2,1
2026-06-01-1200,2026-06-01,amazon-now,jivo-extra-light-olive-oil-5-litre-tin-5l,Delhi,110041,2586,6499,60.2,1
2026-06-01-1200,2026-06-01,amazon-now,jivo-extra-light-olive-oil-5-litre-tin-5l,Delhi,110081,2586,6499,60.2,1
2026-06-01-1200,2026-06-01,amazon-now,jivo-extra-light-olive-oil-5-litre-tin-5l,Delhi,110084,2586,6499,60.2,1
2026-06-01-1200,2026-06-01,amazon-now,jivo-extra-light-olive-oil-5-litre-tin-5l,Faridabad,121004,2586,6499,60.2,1
2026-06-01-1200,2026-06-01,amazon-now,jivo-extra-light-olive-oil-5-litre-tin-5l,Faridabad,121011,2586,6499,60.2,1
2026-06-01-1200,2026-06-01,amazon-now,jivo-extra-light-olive-oil-5-litre-tin-5l,Faridabad,121101,2586,6499,60.2,1
2026-06-01-1200,2026-06-01,amazon-now,jivo-extra-light-olive-oil-5-litre-tin-5l,Gurgaon,121104,2586,6499,60.2,1
2026-06-01-1200,2026-06-01,amazon-now,jivo-extra-light-olive-oil-5-litre-tin-5l,Gurgaon,122051,2586,6499,60.2,1
2026-06-01-1200,2026-06-01,amazon-now,jivo-extra-light-olive-oil-5-litre-tin-5l,Gurgaon,122105,2586,6499,60.2,1
2026-06-01-1200,2026-06-01,amazon-now,jivo-extra-light-olive-oil-5-litre-tin-5l,Gurgaon,122106,2586,6499,60.2,1
2026-06-01-1200,2026-06-01,amazon-now,jivo-extra-light-olive-oil-5-litre-tin-5l,Gurgaon,123003,2586,6499,60.2,1
2026-06-01-1200,2026-06-01,amazon-now,jivo-extra-light-olive-oil-5-litre-tin-5l,Gurgaon,123413,2586,6499,60.2,1
2026-06-01-1200,2026-06-01,amazon-now,jivo-extra-light-olive-oil-5-litre-tin-5l,Gurgaon,123502,2586,6499,60.2,1
2026-06-01-1200,2026-06-01,amazon-now,jivo-extra-light-olive-oil-5-litre-tin-5l,Gurgaon,123505,2586,6499,60.2,1
2026-06-01-1200,2026-06-01,amazon-now,jivo-extra-light-olive-oil-5-litre-tin-5l,Ludhiana,141007,2586,6499,60.2,1
2026-06-01-1200,2026-06-01,amazon-now,jivo-extra-light-olive-oil-5-litre-tin-5l,Ludhiana,141106,2586,6499,60.2,1
2026-06-01-1200,2026-06-01,amazon-now,jivo-extra-light-olive-oil-5-litre-tin-5l,Ludhiana,141107,2586,6499,60.2,1
2026-06-01-1200,2026-06-01,amazon-now,jivo-extra-light-olive-oil-5-litre-tin-5l,Ludhiana,141108,2586,6499,60.2,1
2026-06-01-1200,2026-06-01,amazon-now,jivo-extra-light-olive-oil-5-litre-tin-5l,Ludhiana,141125,2586,6499,60.2,1
2026-06-01-1200,2026-06-01,amazon-now,jivo-extra-light-olive-oil-5-litre-tin-5l,Ludhiana,141126,2586,6499,60.2,1
2026-06-01-1200,2026-06-01,amazon-now,jivo-extra-light-olive-oil-5-litre-tin-5l,Ludhiana,141202,2586,6499,60.2,1
2026-06-01-1200,2026-06-01,amazon-now,jivo-extra-light-olive-oil-5-litre-tin-5l,Ludhiana,141204,2586,6499,60.2,1
2026-06-01-1200,2026-06-01,amazon-now,jivo-extra-light-olive-oil-5-litre-tin-5l,Ludhiana,141206,2586,6499,60.2,1
2026-06-01-1200,2026-06-01,amazon-now,jivo-extra-light-olive-oil-5-litre-tin-5l,Ludhiana,141412,2586,6499,60.2,1
2026-06-01-1200,2026-06-01,amazon-now,jivo-extra-light-olive-oil-5-litre-tin-5l,Ludhiana,141413,2586,6499,60.2,1
2026-06-01-1200,2026-06-01,amazon-now,jivo-extra-light-olive-oil-5-litre-tin-5l,Ludhiana,141414,2586,6499,60.2,1
2026-06-01-1200,2026-06-01,amazon-now,jivo-extra-light-olive-oil-5-litre-tin-5l,Ludhiana,141415,2586,6499,60.2,1
2026-06-01-1200,2026-06-01,amazon-now,jivo-extra-light-olive-oil-5-litre-tin-5l,Ludhiana,141417,2586,6499,60.2,1
2026-06-01-1200,2026-06-01,amazon-now,jivo-extra-light-olive-oil-5-litre-tin-5l,Ludhiana,141419,2586,6499,60.2,1
2026-06-01-1200,2026-06-01,amazon-now,jivo-extra-light-olive-oil-5-litre-tin-5l,Ludhiana,142023,2586,6499,60.2,1
2026-06-01-1200,2026-06-01,amazon-now,jivo-extra-light-olive-oil-5-litre-tin-5l,Ludhiana,142024,2586,6499,60.2,1
2026-06-01-1200,2026-06-01,amazon-now,jivo-extra-light-olive-oil-5-litre-tin-5l,Ludhiana,142026,2586,6499,60.2,1
2026-06-01-1200,2026-06-01,amazon-now,jivo-extra-light-olive-oil-5-litre-tin-5l,Ludhiana,142029,2586,6499,60.2,1
2026-06-01-1200,2026-06-01,amazon-now,jivo-extra-light-olive-oil-5-litre-tin-5l,Ludhiana,142030,2586,6499,60.2,1
2026-06-01-1200,2026-06-01,amazon-now,jivo-extra-light-olive-oil-5-litre-tin-5l,Ludhiana,142031,2586,6499,60.2,1
2026-06-01-1200,2026-06-01,amazon-now,jivo-extra-light-olive-oil-5-litre-tin-5l,Ludhiana,142032,2586,6499,60.2,1
2026-06-01-1200,2026-06-01,amazon-now,jivo-extra-light-olive-oil-5-litre-tin-5l,Ludhiana,142035,2586,6499,60.2,1
2026-06-01-1200,2026-06-01,amazon-now,jivo-extra-light-olive-oil-5-litre-tin-5l,Ludhiana,142036,2586,6499,60.2,1
2026-06-01-1200,2026-06-01,amazon-now,jivo-extra-light-olive-oil-5-litre-tin-5l,Chandigarh,160021,2586,6499,60.2,1
2026-06-01-1200,2026-06-01,amazon-now,jivo-extra-light-olive-oil-5-litre-tin-5l,Ghaziabad,201003,2586,6499,60.2,1
2026-06-01-1200,2026-06-01,amazon-now,jivo-extra-light-olive-oil-5-litre-tin-5l,Noida,201008,2586,6499,60.2,1
2026-06-01-1200,2026-06-01,amazon-now,jivo-extra-light-olive-oil-5-litre-tin-5l,Ghaziabad,201201,2586,6499,60.2,1
2026-06-01-1200,2026-06-01,amazon-now,jivo-extra-light-olive-oil-5-litre-tin-5l,Ghaziabad,201204,2586,6499,60.2,1
2026-06-01-1200,2026-06-01,amazon-now,jivo-extra-light-olive-oil-5-litre-tin-5l,Ghaziabad,201302,2586,6499,60.2,1
2026-06-01-1200,2026-06-01,amazon-now,jivo-extra-light-olive-oil-5-litre-tin-5l,Noida,203207,2586,6499,60.2,1
2026-06-01-1200,2026-06-01,amazon-now,jivo-extra-light-olive-oil-5-litre-tin-5l,Ghaziabad,245304,2586,6499,60.2,1
2026-06-01-1200,2026-06-01,amazon-now,jivo-extra-light-olive-oil-5-litre-tin-5l,Jaipur,302011,2586,6499,60.2,1
2026-06-01-1200,2026-06-01,amazon-now,jivo-extra-light-olive-oil-5-litre-tin-5l,Jaipur,302022,2586,6499,60.2,1
2026-06-01-1200,2026-06-01,amazon-now,jivo-extra-light-olive-oil-5-litre-tin-5l,Jaipur,302025,2586,6499,60.2,1
2026-06-01-1200,2026-06-01,amazon-now,jivo-extra-light-olive-oil-5-litre-tin-5l,Jaipur,302026,2586,6499,60.2,1
2026-06-01-1200,2026-06-01,amazon-now,jivo-extra-light-olive-oil-5-litre-tin-5l,Jaipur,302028,2586,6499,60.2,1
2026-06-01-1200,2026-06-01,amazon-now,jivo-extra-light-olive-oil-5-litre-tin-5l,Jaipur,302029,2586,6499,60.2,1
2026-06-01-1200,2026-06-01,amazon-now,jivo-extra-light-olive-oil-5-litre-tin-5l,Jaipur,303001,2586,6499,60.2,1
2026-06-01-1200,2026-06-01,amazon-now,jivo-extra-light-olive-oil-5-litre-tin-5l,Jaipur,303002,2586,6499,60.2,1
2026-06-01-1200,2026-06-01,amazon-now,jivo-extra-light-olive-oil-5-litre-tin-5l,Jaipur,303003,2586,6499,60.2,1
2026-06-01-1200,2026-06-01,amazon-now,jivo-extra-light-olive-oil-5-litre-tin-5l,Jaipur,303006,2586,6499,60.2,1
2026-06-01-1200,2026-06-01,amazon-now,jivo-extra-light-olive-oil-5-litre-tin-5l,Jaipur,303009,2586,6499,60.2,1
2026-06-01-1200,2026-06-01,amazon-now,jivo-extra-light-olive-oil-5-litre-tin-5l,Jaipur,303012,2586,6499,60.2,1
2026-06-01-1200,2026-06-01,amazon-now,jivo-extra-light-olive-oil-5-litre-tin-5l,Jaipur,303103,2586,6499,60.2,1
2026-06-01-1200,2026-06-01,amazon-now,jivo-extra-light-olive-oil-5-litre-tin-5l,Jaipur,303105,2586,6499,60.2,1
2026-06-01-1200,2026-06-01,amazon-now,jivo-extra-light-olive-oil-5-litre-tin-5l,Jaipur,303107,2586,6499,60.2,1
2026-06-01-1200,2026-06-01,amazon-now,jivo-extra-light-olive-oil-5-litre-tin-5l,Jaipur,303108,2586,6499,60.2,1
2026-06-01-1200,2026-06-01,amazon-now,jivo-extra-light-olive-oil-5-litre-tin-5l,Jaipur,303109,2586,6499,60.2,1
2026-06-01-1200,2026-06-01,amazon-now,jivo-extra-light-olive-oil-5-litre-tin-5l,Jaipur,303120,2586,6499,60.2,1
2026-06-01-1200,2026-06-01,amazon-now,jivo-extra-light-olive-oil-5-litre-tin-5l,Jaipur,303328,2586,6499,60.2,1
2026-06-01-1200,2026-06-01,amazon-now,jivo-extra-light-olive-oil-5-litre-tin-5l,Jaipur,303329,2586,6499,60.2,1
2026-06-01-1200,2026-06-01,amazon-now,jivo-extra-light-olive-oil-5-litre-tin-5l,Jaipur,303348,2586,6499,60.2,1
2026-06-01-1200,2026-06-01,amazon-now,jivo-extra-light-olive-oil-5-litre-tin-5l,Jaipur,303602,2586,6499,60.2,1
2026-06-01-1200,2026-06-01,amazon-now,jivo-extra-light-olive-oil-5-litre-tin-5l,Jaipur,303604,2586,6499,60.2,1
2026-06-01-1200,2026-06-01,amazon-now,jivo-extra-light-olive-oil-5-litre-tin-5l,Jaipur,303701,2586,6499,60.2,1
2026-06-01-1200,2026-06-01,amazon-now,jivo-extra-light-olive-oil-5-litre-tin-5l,Jaipur,303706,2586,6499,60.2,1
2026-06-01-1200,2026-06-01,amazon-now,jivo-extra-light-olive-oil-5-litre-tin-5l,Jaipur,303712,2586,6499,60.2,1
2026-06-01-1200,2026-06-01,amazon-now,jivo-extra-light-olive-oil-5-litre-tin-5l,Jaipur,303802,2586,6499,60.2,1
2026-06-01-1200,2026-06-01,amazon-now,jivo-extra-light-olive-oil-5-litre-tin-5l,Jaipur,303803,2586,6499,60.2,1
2026-06-01-1200,2026-06-01,amazon-now,jivo-extra-light-olive-oil-5-litre-tin-5l,Jaipur,303804,2586,6499,60.2,1
2026-06-01-1200,2026-06-01,amazon-now,jivo-extra-light-olive-oil-5-litre-tin-5l,Jaipur,303806,2586,6499,60.2,1
2026-06-01-1200,2026-06-01,amazon-now,jivo-extra-light-olive-oil-5-litre-tin-5l,Jaipur,303807,2586,6499,60.2,1
2026-06-01-1200,2026-06-01,amazon-now,jivo-extra-light-olive-oil-5-litre-tin-5l,Jaipur,303901,2586,6499,60.2,1
2026-06-01-1200,2026-06-01,amazon-now,jivo-extra-light-olive-oil-5-litre-tin-5l,Jaipur,303905,2586,6499,60.2,1
2026-06-01-1200,2026-06-01,amazon-now,jivo-extra-light-olive-oil-5-litre-tin-5l,Jaipur,303908,2586,6499,60.2,1
2026-06-01-1200,2026-06-01,amazon-now,jivo-extra-light-olive-oil-5-litre-tin-5l,Mumbai,400601,2771,6499,57.4,1
2026-06-01-1200,2026-06-01,amazon-now,jivo-extra-light-olive-oil-5-litre-tin-5l,Mumbai,400701,2771,6499,57.4,1
2026-06-01-1200,2026-06-01,amazon-now,jivo-extra-light-olive-oil-5-litre-tin-5l,Mumbai,400703,2771,6499,57.4,1
2026-06-01-1200,2026-06-01,amazon-now,jivo-extra-light-olive-oil-5-litre-tin-5l,Pune,411001,2586,6499,60.2,1
2026-06-01-1200,2026-06-01,amazon-now,jivo-extra-light-olive-oil-5-litre-tin-5l,Pune,411004,2586,6499,60.2,1
2026-06-01-1200,2026-06-01,amazon-now,jivo-extra-light-olive-oil-5-litre-tin-5l,Pune,411005,2586,6499,60.2,1
2026-06-01-1200,2026-06-01,amazon-now,jivo-extra-light-olive-oil-5-litre-tin-5l,Pune,411006,2586,6499,60.2,1
2026-06-01-1200,2026-06-01,amazon-now,jivo-extra-light-olive-oil-5-litre-tin-5l,Pune,411011,2586,6499,60.2,1
2026-06-01-1200,2026-06-01,amazon-now,jivo-extra-light-olive-oil-5-litre-tin-5l,Pune,411014,2586,6499,60.2,1
2026-06-01-1200,2026-06-01,amazon-now,jivo-extra-light-olive-oil-5-litre-tin-5l,Pune,411015,2586,6499,60.2,1
2026-06-01-1200,2026-06-01,amazon-now,jivo-extra-light-olive-oil-5-litre-tin-5l,Pune,411028,2586,6499,60.2,1
2026-06-01-1200,2026-06-01,amazon-now,jivo-extra-light-olive-oil-5-litre-tin-5l,Pune,411030,2586,6499,60.2,1
2026-06-01-1200,2026-06-01,amazon-now,jivo-extra-light-olive-oil-5-litre-tin-5l,Pune,411036,2586,6499,60.2,1
2026-06-01-1200,2026-06-01,amazon-now,jivo-extra-light-olive-oil-5-litre-tin-5l,Pune,411040,2586,6499,60.2,1
2026-06-01-1200,2026-06-01,amazon-now,jivo-extra-light-olive-oil-5-litre-tin-5l,Pune,411047,2586,6499,60.2,1
2026-06-01-1200,2026-06-01,amazon-now,jivo-extra-light-olive-oil-5-litre-tin-5l,Pune,411051,2586,6499,60.2,1
2026-06-01-1200,2026-06-01,amazon-now,jivo-extra-light-olive-oil-5-litre-tin-5l,Pune,412308,2586,6499,60.2,1
2026-06-01-1200,2026-06-01,amazon-now,jivo-extra-virgin-olive-oil-1-litre-1l,Delhi,110001,759,1799,57.8,1
2026-06-01-1200,2026-06-01,amazon-now,jivo-extra-virgin-olive-oil-1-litre-1l,Delhi,110002,759,1799,57.8,1
2026-06-01-1200,2026-06-01,amazon-now,jivo-extra-virgin-olive-oil-1-litre-1l,Delhi,110003,789,1799,56.1,1
2026-06-01-1200,2026-06-01,amazon-now,jivo-extra-virgin-olive-oil-1-litre-1l,Delhi,110004,759,1799,57.8,1
2026-06-01-1200,2026-06-01,amazon-now,jivo-extra-virgin-olive-oil-1-litre-1l,Delhi,110006,759,1799,57.8,1
2026-06-01-1200,2026-06-01,amazon-now,jivo-extra-virgin-olive-oil-1-litre-1l,Delhi,110007,789,1799,56.1,1
2026-06-01-1200,2026-06-01,amazon-now,jivo-extra-virgin-olive-oil-1-litre-1l,Delhi,110009,789,1799,56.1,1
2026-06-01-1200,2026-06-01,amazon-now,jivo-extra-virgin-olive-oil-1-litre-1l,Delhi,110013,789,1799,56.1,1
2026-06-01-1200,2026-06-01,amazon-now,jivo-extra-virgin-olive-oil-1-litre-1l,Delhi,110014,789,1799,56.1,1
2026-06-01-1200,2026-06-01,amazon-now,jivo-extra-virgin-olive-oil-1-litre-1l,Delhi,110016,789,1799,56.1,1
2026-06-01-1200,2026-06-01,amazon-now,jivo-extra-virgin-olive-oil-1-litre-1l,Delhi,110017,789,1799,56.1,1
2026-06-01-1200,2026-06-01,amazon-now,jivo-extra-virgin-olive-oil-1-litre-1l,Delhi,110018,789,1799,56.1,1
2026-06-01-1200,2026-06-01,amazon-now,jivo-extra-virgin-olive-oil-1-litre-1l,Delhi,110021,759,1799,57.8,1
2026-06-01-1200,2026-06-01,amazon-now,jivo-extra-virgin-olive-oil-1-litre-1l,Delhi,110024,789,1799,56.1,1
2026-06-01-1200,2026-06-01,amazon-now,jivo-extra-virgin-olive-oil-1-litre-1l,Delhi,110025,789,1799,56.1,1
2026-06-01-1200,2026-06-01,amazon-now,jivo-extra-virgin-olive-oil-1-litre-1l,Delhi,110031,759,1799,57.8,1
2026-06-01-1200,2026-06-01,amazon-now,jivo-extra-virgin-olive-oil-1-litre-1l,Delhi,110033,789,1799,56.1,1
2026-06-01-1200,2026-06-01,amazon-now,jivo-extra-virgin-olive-oil-1-litre-1l,Delhi,110035,789,1799,56.1,1
2026-06-01-1200,2026-06-01,amazon-now,jivo-extra-virgin-olive-oil-1-litre-1l,Delhi,110036,759,1799,57.8,1
2026-06-01-1200,2026-06-01,amazon-now,jivo-extra-virgin-olive-oil-1-litre-1l,Delhi,110037,759,1799,57.8,1
2026-06-01-1200,2026-06-01,amazon-now,jivo-extra-virgin-olive-oil-1-litre-1l,Delhi,110039,759,1799,57.8,1
2026-06-01-1200,2026-06-01,amazon-now,jivo-extra-virgin-olive-oil-1-litre-1l,Delhi,110040,759,1799,57.8,1
2026-06-01-1200,2026-06-01,amazon-now,jivo-extra-virgin-olive-oil-1-litre-1l,Delhi,110041,759,1799,57.8,1
2026-06-01-1200,2026-06-01,amazon-now,jivo-extra-virgin-olive-oil-1-litre-1l,Delhi,110044,789,1799,56.1,1
2026-06-01-1200,2026-06-01,amazon-now,jivo-extra-virgin-olive-oil-1-litre-1l,Delhi,110048,789,1799,56.1,1
2026-06-01-1200,2026-06-01,amazon-now,jivo-extra-virgin-olive-oil-1-litre-1l,Delhi,110052,789,1799,56.1,1
2026-06-01-1200,2026-06-01,amazon-now,jivo-extra-virgin-olive-oil-1-litre-1l,Delhi,110053,759,1799,57.8,1
2026-06-01-1200,2026-06-01,amazon-now,jivo-extra-virgin-olive-oil-1-litre-1l,Delhi,110054,759,1799,57.8,1
2026-06-01-1200,2026-06-01,amazon-now,jivo-extra-virgin-olive-oil-1-litre-1l,Delhi,110055,759,1799,57.8,1
2026-06-01-1200,2026-06-01,amazon-now,jivo-extra-virgin-olive-oil-1-litre-1l,Delhi,110061,759,1799,57.8,1
2026-06-01-1200,2026-06-01,amazon-now,jivo-extra-virgin-olive-oil-1-litre-1l,Delhi,110062,789,1799,56.1,1
2026-06-01-1200,2026-06-01,amazon-now,jivo-extra-virgin-olive-oil-1-litre-1l,Delhi,110065,789,1799,56.1,1
2026-06-01-1200,2026-06-01,amazon-now,jivo-extra-virgin-olive-oil-1-litre-1l,Delhi,110067,759,1799,57.8,1
2026-06-01-1200,2026-06-01,amazon-now,jivo-extra-virgin-olive-oil-1-litre-1l,Delhi,110070,759,1799,57.8,1
2026-06-01-1200,2026-06-01,amazon-now,jivo-extra-virgin-olive-oil-1-litre-1l,Delhi,110076,789,1799,56.1,1
2026-06-01-1200,2026-06-01,amazon-now,jivo-extra-virgin-olive-oil-1-litre-1l,Delhi,110081,759,1799,57.8,1
2026-06-01-1200,2026-06-01,amazon-now,jivo-extra-virgin-olive-oil-1-litre-1l,Delhi,110084,759,1799,57.8,1
2026-06-01-1200,2026-06-01,amazon-now,jivo-extra-virgin-olive-oil-1-litre-1l,Delhi,110088,789,1799,56.1,1
2026-06-01-1200,2026-06-01,amazon-now,jivo-extra-virgin-olive-oil-1-litre-1l,Delhi,110091,759,1799,57.8,1
2026-06-01-1200,2026-06-01,amazon-now,jivo-extra-virgin-olive-oil-1-litre-1l,Faridabad,121004,759,1799,57.8,1
2026-06-01-1200,2026-06-01,amazon-now,jivo-extra-virgin-olive-oil-1-litre-1l,Faridabad,121011,759,1799,57.8,1
2026-06-01-1200,2026-06-01,amazon-now,jivo-extra-virgin-olive-oil-1-litre-1l,Faridabad,121101,759,1799,57.8,1
2026-06-01-1200,2026-06-01,amazon-now,jivo-extra-virgin-olive-oil-1-litre-1l,Gurgaon,121104,759,1799,57.8,1
2026-06-01-1200,2026-06-01,amazon-now,jivo-extra-virgin-olive-oil-1-litre-1l,Gurgaon,122001,759,1799,57.8,1
2026-06-01-1200,2026-06-01,amazon-now,jivo-extra-virgin-olive-oil-1-litre-1l,Gurgaon,122010,759,1799,57.8,1
2026-06-01-1200,2026-06-01,amazon-now,jivo-extra-virgin-olive-oil-1-litre-1l,Gurgaon,122051,759,1799,57.8,1
2026-06-01-1200,2026-06-01,amazon-now,jivo-extra-virgin-olive-oil-1-litre-1l,Gurgaon,122105,759,1799,57.8,1
2026-06-01-1200,2026-06-01,amazon-now,jivo-extra-virgin-olive-oil-1-litre-1l,Gurgaon,122106,759,1799,57.8,1
2026-06-01-1200,2026-06-01,amazon-now,jivo-extra-virgin-olive-oil-1-litre-1l,Gurgaon,123003,759,1799,57.8,1
2026-06-01-1200,2026-06-01,amazon-now,jivo-extra-virgin-olive-oil-1-litre-1l,Gurgaon,123413,759,1799,57.8,1
2026-06-01-1200,2026-06-01,amazon-now,jivo-extra-virgin-olive-oil-1-litre-1l,Gurgaon,123502,759,1799,57.8,1
2026-06-01-1200,2026-06-01,amazon-now,jivo-extra-virgin-olive-oil-1-litre-1l,Gurgaon,123505,759,1799,57.8,1
2026-06-01-1200,2026-06-01,amazon-now,jivo-extra-virgin-olive-oil-1-litre-1l,Ludhiana,141007,759,1799,57.8,1
2026-06-01-1200,2026-06-01,amazon-now,jivo-extra-virgin-olive-oil-1-litre-1l,Ludhiana,141106,759,1799,57.8,1
2026-06-01-1200,2026-06-01,amazon-now,jivo-extra-virgin-olive-oil-1-litre-1l,Ludhiana,141107,759,1799,57.8,1
2026-06-01-1200,2026-06-01,amazon-now,jivo-extra-virgin-olive-oil-1-litre-1l,Ludhiana,141108,759,1799,57.8,1
2026-06-01-1200,2026-06-01,amazon-now,jivo-extra-virgin-olive-oil-1-litre-1l,Ludhiana,141125,759,1799,57.8,1
2026-06-01-1200,2026-06-01,amazon-now,jivo-extra-virgin-olive-oil-1-litre-1l,Ludhiana,141126,759,1799,57.8,1
2026-06-01-1200,2026-06-01,amazon-now,jivo-extra-virgin-olive-oil-1-litre-1l,Ludhiana,141202,759,1799,57.8,1
2026-06-01-1200,2026-06-01,amazon-now,jivo-extra-virgin-olive-oil-1-litre-1l,Ludhiana,141204,759,1799,57.8,1
2026-06-01-1200,2026-06-01,amazon-now,jivo-extra-virgin-olive-oil-1-litre-1l,Ludhiana,141206,759,1799,57.8,1
2026-06-01-1200,2026-06-01,amazon-now,jivo-extra-virgin-olive-oil-1-litre-1l,Ludhiana,141412,759,1799,57.8,1
2026-06-01-1200,2026-06-01,amazon-now,jivo-extra-virgin-olive-oil-1-litre-1l,Ludhiana,141413,759,1799,57.8,1
2026-06-01-1200,2026-06-01,amazon-now,jivo-extra-virgin-olive-oil-1-litre-1l,Ludhiana,141414,759,1799,57.8,1
2026-06-01-1200,2026-06-01,amazon-now,jivo-extra-virgin-olive-oil-1-litre-1l,Ludhiana,141415,759,1799,57.8,1
2026-06-01-1200,2026-06-01,amazon-now,jivo-extra-virgin-olive-oil-1-litre-1l,Ludhiana,141417,759,1799,57.8,1
2026-06-01-1200,2026-06-01,amazon-now,jivo-extra-virgin-olive-oil-1-litre-1l,Ludhiana,141419,759,1799,57.8,1
2026-06-01-1200,2026-06-01,amazon-now,jivo-extra-virgin-olive-oil-1-litre-1l,Ludhiana,142023,759,1799,57.8,1
2026-06-01-1200,2026-06-01,amazon-now,jivo-extra-virgin-olive-oil-1-litre-1l,Ludhiana,142024,759,1799,57.8,1
2026-06-01-1200,2026-06-01,amazon-now,jivo-extra-virgin-olive-oil-1-litre-1l,Ludhiana,142026,759,1799,57.8,1
2026-06-01-1200,2026-06-01,amazon-now,jivo-extra-virgin-olive-oil-1-litre-1l,Ludhiana,142029,759,1799,57.8,1
2026-06-01-1200,2026-06-01,amazon-now,jivo-extra-virgin-olive-oil-1-litre-1l,Ludhiana,142030,759,1799,57.8,1
2026-06-01-1200,2026-06-01,amazon-now,jivo-extra-virgin-olive-oil-1-litre-1l,Ludhiana,142031,759,1799,57.8,1
2026-06-01-1200,2026-06-01,amazon-now,jivo-extra-virgin-olive-oil-1-litre-1l,Ludhiana,142032,759,1799,57.8,1
2026-06-01-1200,2026-06-01,amazon-now,jivo-extra-virgin-olive-oil-1-litre-1l,Ludhiana,142035,759,1799,57.8,1
2026-06-01-1200,2026-06-01,amazon-now,jivo-extra-virgin-olive-oil-1-litre-1l,Ludhiana,142036,759,1799,57.8,1
2026-06-01-1200,2026-06-01,amazon-now,jivo-extra-virgin-olive-oil-1-litre-1l,Chandigarh,160021,759,1799,57.8,1
2026-06-01-1200,2026-06-01,amazon-now,jivo-extra-virgin-olive-oil-1-litre-1l,Ghaziabad,201003,759,1799,57.8,1
2026-06-01-1200,2026-06-01,amazon-now,jivo-extra-virgin-olive-oil-1-litre-1l,Noida,201008,759,1799,57.8,1
2026-06-01-1200,2026-06-01,amazon-now,jivo-extra-virgin-olive-oil-1-litre-1l,Ghaziabad,201201,759,1799,57.8,1
2026-06-01-1200,2026-06-01,amazon-now,jivo-extra-virgin-olive-oil-1-litre-1l,Ghaziabad,201204,759,1799,57.8,1
2026-06-01-1200,2026-06-01,amazon-now,jivo-extra-virgin-olive-oil-1-litre-1l,Ghaziabad,201302,759,1799,57.8,1
2026-06-01-1200,2026-06-01,amazon-now,jivo-extra-virgin-olive-oil-1-litre-1l,Noida,203207,759,1799,57.8,1
2026-06-01-1200,2026-06-01,amazon-now,jivo-extra-virgin-olive-oil-1-litre-1l,Ghaziabad,245304,759,1799,57.8,1
2026-06-01-1200,2026-06-01,amazon-now,jivo-extra-virgin-olive-oil-1-litre-1l,Jaipur,302011,759,1799,57.8,1
2026-06-01-1200,2026-06-01,amazon-now,jivo-extra-virgin-olive-oil-1-litre-1l,Jaipur,302022,759,1799,57.8,1
2026-06-01-1200,2026-06-01,amazon-now,jivo-extra-virgin-olive-oil-1-litre-1l,Jaipur,302025,759,1799,57.8,1
2026-06-01-1200,2026-06-01,amazon-now,jivo-extra-virgin-olive-oil-1-litre-1l,Jaipur,302026,759,1799,57.8,1
2026-06-01-1200,2026-06-01,amazon-now,jivo-extra-virgin-olive-oil-1-litre-1l,Jaipur,302028,759,1799,57.8,1
2026-06-01-1200,2026-06-01,amazon-now,jivo-extra-virgin-olive-oil-1-litre-1l,Jaipur,302029,759,1799,57.8,1
2026-06-01-1200,2026-06-01,amazon-now,jivo-extra-virgin-olive-oil-1-litre-1l,Jaipur,303001,759,1799,57.8,1
2026-06-01-1200,2026-06-01,amazon-now,jivo-extra-virgin-olive-oil-1-litre-1l,Jaipur,303002,759,1799,57.8,1
2026-06-01-1200,2026-06-01,amazon-now,jivo-extra-virgin-olive-oil-1-litre-1l,Jaipur,303003,759,1799,57.8,1
2026-06-01-1200,2026-06-01,amazon-now,jivo-extra-virgin-olive-oil-1-litre-1l,Jaipur,303006,759,1799,57.8,1
2026-06-01-1200,2026-06-01,amazon-now,jivo-extra-virgin-olive-oil-1-litre-1l,Jaipur,303009,759,1799,57.8,1
2026-06-01-1200,2026-06-01,amazon-now,jivo-extra-virgin-olive-oil-1-litre-1l,Jaipur,303012,759,1799,57.8,1
2026-06-01-1200,2026-06-01,amazon-now,jivo-extra-virgin-olive-oil-1-litre-1l,Jaipur,303103,759,1799,57.8,1
2026-06-01-1200,2026-06-01,amazon-now,jivo-extra-virgin-olive-oil-1-litre-1l,Jaipur,303105,759,1799,57.8,1
2026-06-01-1200,2026-06-01,amazon-now,jivo-extra-virgin-olive-oil-1-litre-1l,Jaipur,303107,759,1799,57.8,1
2026-06-01-1200,2026-06-01,amazon-now,jivo-extra-virgin-olive-oil-1-litre-1l,Jaipur,303108,759,1799,57.8,1
2026-06-01-1200,2026-06-01,amazon-now,jivo-extra-virgin-olive-oil-1-litre-1l,Jaipur,303109,759,1799,57.8,1
2026-06-01-1200,2026-06-01,amazon-now,jivo-extra-virgin-olive-oil-1-litre-1l,Jaipur,303110,759,1799,57.8,1
2026-06-01-1200,2026-06-01,amazon-now,jivo-extra-virgin-olive-oil-1-litre-1l,Jaipur,303120,759,1799,57.8,1
2026-06-01-1200,2026-06-01,amazon-now,jivo-extra-virgin-olive-oil-1-litre-1l,Jaipur,303328,759,1799,57.8,1
2026-06-01-1200,2026-06-01,amazon-now,jivo-extra-virgin-olive-oil-1-litre-1l,Jaipur,303329,759,1799,57.8,1
2026-06-01-1200,2026-06-01,amazon-now,jivo-extra-virgin-olive-oil-1-litre-1l,Jaipur,303348,759,1799,57.8,1
2026-06-01-1200,2026-06-01,amazon-now,jivo-extra-virgin-olive-oil-1-litre-1l,Jaipur,303602,759,1799,57.8,1
2026-06-01-1200,2026-06-01,amazon-now,jivo-extra-virgin-olive-oil-1-litre-1l,Jaipur,303604,759,1799,57.8,1
2026-06-01-1200,2026-06-01,amazon-now,jivo-extra-virgin-olive-oil-1-litre-1l,Jaipur,303701,759,1799,57.8,1
2026-06-01-1200,2026-06-01,amazon-now,jivo-extra-virgin-olive-oil-1-litre-1l,Jaipur,303706,759,1799,57.8,1
2026-06-01-1200,2026-06-01,amazon-now,jivo-extra-virgin-olive-oil-1-litre-1l,Jaipur,303712,759,1799,57.8,1
2026-06-01-1200,2026-06-01,amazon-now,jivo-extra-virgin-olive-oil-1-litre-1l,Jaipur,303802,759,1799,57.8,1
2026-06-01-1200,2026-06-01,amazon-now,jivo-extra-virgin-olive-oil-1-litre-1l,Jaipur,303803,759,1799,57.8,1
2026-06-01-1200,2026-06-01,amazon-now,jivo-extra-virgin-olive-oil-1-litre-1l,Jaipur,303804,759,1799,57.8,1
2026-06-01-1200,2026-06-01,amazon-now,jivo-extra-virgin-olive-oil-1-litre-1l,Jaipur,303806,759,1799,57.8,1
2026-06-01-1200,2026-06-01,amazon-now,jivo-extra-virgin-olive-oil-1-litre-1l,Jaipur,303807,759,1799,57.8,1
2026-06-01-1200,2026-06-01,amazon-now,jivo-extra-virgin-olive-oil-1-litre-1l,Jaipur,303901,759,1799,57.8,1
2026-06-01-1200,2026-06-01,amazon-now,jivo-extra-virgin-olive-oil-1-litre-1l,Jaipur,303905,759,1799,57.8,1
2026-06-01-1200,2026-06-01,amazon-now,jivo-extra-virgin-olive-oil-1-litre-1l,Jaipur,303908,759,1799,57.8,1
2026-06-01-1200,2026-06-01,amazon-now,jivo-extra-virgin-olive-oil-1-litre-1l,Surat,394160,759,1799,57.8,1
2026-06-01-1200,2026-06-01,amazon-now,jivo-extra-virgin-olive-oil-1-litre-1l,Surat,394185,759,1799,57.8,1
2026-06-01-1200,2026-06-01,amazon-now,jivo-extra-virgin-olive-oil-1-litre-1l,Surat,394410,759,1799,57.8,1
2026-06-01-1200,2026-06-01,amazon-now,jivo-extra-virgin-olive-oil-1-litre-1l,Surat,394510,759,1799,57.8,1
2026-06-01-1200,2026-06-01,amazon-now,jivo-extra-virgin-olive-oil-1-litre-1l,Surat,394540,759,1799,57.8,1
2026-06-01-1200,2026-06-01,amazon-now,jivo-extra-virgin-olive-oil-1-litre-1l,Mumbai,400001,789,1799,56.1,1
2026-06-01-1200,2026-06-01,amazon-now,jivo-extra-virgin-olive-oil-1-litre-1l,Mumbai,400003,789,1799,56.1,1
2026-06-01-1200,2026-06-01,amazon-now,jivo-extra-virgin-olive-oil-1-litre-1l,Mumbai,400004,789,1799,56.1,1
2026-06-01-1200,2026-06-01,amazon-now,jivo-extra-virgin-olive-oil-1-litre-1l,Mumbai,400005,789,1799,56.1,1
2026-06-01-1200,2026-06-01,amazon-now,jivo-extra-virgin-olive-oil-1-litre-1l,Mumbai,400006,789,1799,56.1,1
2026-06-01-1200,2026-06-01,amazon-now,jivo-extra-virgin-olive-oil-1-litre-1l,Mumbai,400007,789,1799,56.1,1
2026-06-01-1200,2026-06-01,amazon-now,jivo-extra-virgin-olive-oil-1-litre-1l,Mumbai,400010,789,1799,56.1,1
2026-06-01-1200,2026-06-01,amazon-now,jivo-extra-virgin-olive-oil-1-litre-1l,Mumbai,400011,789,1799,56.1,1
2026-06-01-1200,2026-06-01,amazon-now,jivo-extra-virgin-olive-oil-1-litre-1l,Mumbai,400012,789,1799,56.1,1
2026-06-01-1200,2026-06-01,amazon-now,jivo-extra-virgin-olive-oil-1-litre-1l,Mumbai,400013,789,1799,56.1,1
2026-06-01-1200,2026-06-01,amazon-now,jivo-extra-virgin-olive-oil-1-litre-1l,Mumbai,400015,789,1799,56.1,1
2026-06-01-1200,2026-06-01,amazon-now,jivo-extra-virgin-olive-oil-1-litre-1l,Mumbai,400017,789,1799,56.1,1
2026-06-01-1200,2026-06-01,amazon-now,jivo-extra-virgin-olive-oil-1-litre-1l,Mumbai,400018,789,1799,56.1,1
2026-06-01-1200,2026-06-01,amazon-now,jivo-extra-virgin-olive-oil-1-litre-1l,Mumbai,400019,789,1799,56.1,1
2026-06-01-1200,2026-06-01,amazon-now,jivo-extra-virgin-olive-oil-1-litre-1l,Mumbai,400020,789,1799,56.1,1
2026-06-01-1200,2026-06-01,amazon-now,jivo-extra-virgin-olive-oil-1-litre-1l,Mumbai,400021,789,1799,56.1,1
2026-06-01-1200,2026-06-01,amazon-now,jivo-extra-virgin-olive-oil-1-litre-1l,Mumbai,400023,764,1799,57.5,1
2026-06-01-1200,2026-06-01,amazon-now,jivo-extra-virgin-olive-oil-1-litre-1l,Mumbai,400025,789,1799,56.1,1
2026-06-01-1200,2026-06-01,amazon-now,jivo-extra-virgin-olive-oil-1-litre-1l,Mumbai,400026,789,1799,56.1,1
2026-06-01-1200,2026-06-01,amazon-now,jivo-extra-virgin-olive-oil-1-litre-1l,Mumbai,400030,789,1799,56.1,1
2026-06-01-1200,2026-06-01,amazon-now,jivo-extra-virgin-olive-oil-1-litre-1l,Mumbai,400033,789,1799,56.1,1
2026-06-01-1200,2026-06-01,amazon-now,jivo-extra-virgin-olive-oil-1-litre-1l,Mumbai,400041,789,1799,56.1,1
2026-06-01-1200,2026-06-01,amazon-now,jivo-extra-virgin-olive-oil-1-litre-1l,Mumbai,400073,764,1799,57.5,1
2026-06-01-1200,2026-06-01,amazon-now,jivo-extra-virgin-olive-oil-1-litre-1l,Mumbai,400090,1799,,,1
2026-06-01-1200,2026-06-01,amazon-now,jivo-extra-virgin-olive-oil-1-litre-1l,Mumbai,400601,789,1799,56.1,1
2026-06-01-1200,2026-06-01,amazon-now,jivo-extra-virgin-olive-oil-1-litre-1l,Mumbai,400611,764,1799,57.5,1
2026-06-01-1200,2026-06-01,amazon-now,jivo-extra-virgin-olive-oil-1-litre-1l,Mumbai,400701,789,1799,56.1,1
2026-06-01-1200,2026-06-01,amazon-now,jivo-extra-virgin-olive-oil-1-litre-1l,Mumbai,400702,764,1799,57.5,1
2026-06-01-1200,2026-06-01,amazon-now,jivo-extra-virgin-olive-oil-1-litre-1l,Mumbai,400703,789,1799,56.1,1
2026-06-01-1200,2026-06-01,amazon-now,jivo-extra-virgin-olive-oil-1-litre-1l,Mumbai,400707,764,1799,57.5,1
2026-06-01-1200,2026-06-01,amazon-now,jivo-extra-virgin-olive-oil-1-litre-1l,Pune,410301,759,1799,57.8,1
2026-06-01-1200,2026-06-01,amazon-now,jivo-extra-virgin-olive-oil-1-litre-1l,Pune,410401,759,1799,57.8,1
2026-06-01-1200,2026-06-01,amazon-now,jivo-extra-virgin-olive-oil-1-litre-1l,Pune,410402,759,1799,57.8,1
2026-06-01-1200,2026-06-01,amazon-now,jivo-extra-virgin-olive-oil-1-litre-1l,Pune,410502,759,1799,57.8,1
2026-06-01-1200,2026-06-01,amazon-now,jivo-extra-virgin-olive-oil-1-litre-1l,Pune,410503,759,1799,57.8,1
2026-06-01-1200,2026-06-01,amazon-now,jivo-extra-virgin-olive-oil-1-litre-1l,Pune,410506,764,1799,57.5,1
2026-06-01-1200,2026-06-01,amazon-now,jivo-extra-virgin-olive-oil-1-litre-1l,Pune,411001,759,1799,57.8,1
2026-06-01-1200,2026-06-01,amazon-now,jivo-extra-virgin-olive-oil-1-litre-1l,Pune,411003,759,1799,57.8,1
2026-06-01-1200,2026-06-01,amazon-now,jivo-extra-virgin-olive-oil-1-litre-1l,Pune,411004,759,1799,57.8,1
2026-06-01-1200,2026-06-01,amazon-now,jivo-extra-virgin-olive-oil-1-litre-1l,Pune,411005,759,1799,57.8,1
2026-06-01-1200,2026-06-01,amazon-now,jivo-extra-virgin-olive-oil-1-litre-1l,Pune,411006,759,1799,57.8,1
2026-06-01-1200,2026-06-01,amazon-now,jivo-extra-virgin-olive-oil-1-litre-1l,Pune,411011,759,1799,57.8,1
2026-06-01-1200,2026-06-01,amazon-now,jivo-extra-virgin-olive-oil-1-litre-1l,Pune,411012,759,1799,57.8,1
2026-06-01-1200,2026-06-01,amazon-now,jivo-extra-virgin-olive-oil-1-litre-1l,Pune,411014,759,1799,57.8,1
2026-06-01-1200,2026-06-01,amazon-now,jivo-extra-virgin-olive-oil-1-litre-1l,Pune,411015,759,1799,57.8,1
2026-06-01-1200,2026-06-01,amazon-now,jivo-extra-virgin-olive-oil-1-litre-1l,Pune,411020,759,1799,57.8,1
2026-06-01-1200,2026-06-01,amazon-now,jivo-extra-virgin-olive-oil-1-litre-1l,Pune,411021,759,1799,57.8,1
2026-06-01-1200,2026-06-01,amazon-now,jivo-extra-virgin-olive-oil-1-litre-1l,Pune,411028,759,1799,57.8,1
2026-06-01-1200,2026-06-01,amazon-now,jivo-extra-virgin-olive-oil-1-litre-1l,Pune,411030,759,1799,57.8,1
2026-06-01-1200,2026-06-01,amazon-now,jivo-extra-virgin-olive-oil-1-litre-1l,Pune,411035,759,1799,57.8,1
2026-06-01-1200,2026-06-01,amazon-now,jivo-extra-virgin-olive-oil-1-litre-1l,Pune,411036,759,1799,57.8,1
2026-06-01-1200,2026-06-01,amazon-now,jivo-extra-virgin-olive-oil-1-litre-1l,Pune,411040,759,1799,57.8,1
2026-06-01-1200,2026-06-01,amazon-now,jivo-extra-virgin-olive-oil-1-litre-1l,Pune,411045,759,1799,57.8,1
2026-06-01-1200,2026-06-01,amazon-now,jivo-extra-virgin-olive-oil-1-litre-1l,Pune,411047,759,1799,57.8,1
2026-06-01-1200,2026-06-01,amazon-now,jivo-extra-virgin-olive-oil-1-litre-1l,Pune,411051,759,1799,57.8,1
2026-06-01-1200,2026-06-01,amazon-now,jivo-extra-virgin-olive-oil-1-litre-1l,Pune,412101,764,1799,57.5,1
2026-06-01-1200,2026-06-01,amazon-now,jivo-extra-virgin-olive-oil-1-litre-1l,Pune,412103,764,1799,57.5,1
2026-06-01-1200,2026-06-01,amazon-now,jivo-extra-virgin-olive-oil-1-litre-1l,Pune,412104,759,1799,57.8,1
2026-06-01-1200,2026-06-01,amazon-now,jivo-extra-virgin-olive-oil-1-litre-1l,Pune,412109,759,1799,57.8,1
2026-06-01-1200,2026-06-01,amazon-now,jivo-extra-virgin-olive-oil-1-litre-1l,Pune,412114,759,1799,57.8,1
2026-06-01-1200,2026-06-01,amazon-now,jivo-extra-virgin-olive-oil-1-litre-1l,Pune,412201,759,1799,57.8,1
2026-06-01-1200,2026-06-01,amazon-now,jivo-extra-virgin-olive-oil-1-litre-1l,Pune,412204,764,1799,57.5,1
2026-06-01-1200,2026-06-01,amazon-now,jivo-extra-virgin-olive-oil-1-litre-1l,Pune,412208,759,1799,57.8,1
2026-06-01-1200,2026-06-01,amazon-now,jivo-extra-virgin-olive-oil-1-litre-1l,Pune,412209,759,1799,57.8,1
2026-06-01-1200,2026-06-01,amazon-now,jivo-extra-virgin-olive-oil-1-litre-1l,Pune,412210,759,1799,57.8,1
2026-06-01-1200,2026-06-01,amazon-now,jivo-extra-virgin-olive-oil-1-litre-1l,Pune,412211,759,1799,57.8,1
2026-06-01-1200,2026-06-01,amazon-now,jivo-extra-virgin-olive-oil-1-litre-1l,Pune,412213,759,1799,57.8,1
2026-06-01-1200,2026-06-01,amazon-now,jivo-extra-virgin-olive-oil-1-litre-1l,Pune,412216,764,1799,57.5,1
2026-06-01-1200,2026-06-01,amazon-now,jivo-extra-virgin-olive-oil-1-litre-1l,Pune,412220,759,1799,57.8,1
2026-06-01-1200,2026-06-01,amazon-now,jivo-extra-virgin-olive-oil-1-litre-1l,Pune,412301,759,1799,57.8,1
2026-06-01-1200,2026-06-01,amazon-now,jivo-extra-virgin-olive-oil-1-litre-1l,Pune,412303,759,1799,57.8,1
2026-06-01-1200,2026-06-01,amazon-now,jivo-extra-virgin-olive-oil-1-litre-1l,Pune,412304,764,1799,57.5,1
2026-06-01-1200,2026-06-01,amazon-now,jivo-extra-virgin-olive-oil-1-litre-1l,Pune,412306,764,1799,57.5,1
2026-06-01-1200,2026-06-01,amazon-now,jivo-extra-virgin-olive-oil-1-litre-1l,Pune,412308,759,1799,57.8,1
2026-06-01-1200,2026-06-01,amazon-now,jivo-extra-virgin-olive-oil-1-litre-1l,Pune,412401,759,1799,57.8,1
2026-06-01-1200,2026-06-01,amazon-now,jivo-extra-virgin-olive-oil-1-litre-1l,Pune,412403,764,1799,57.5,1
2026-06-01-1200,2026-06-01,amazon-now,jivo-extra-virgin-olive-oil-1-litre-1l,Pune,412404,764,1799,57.5,1
2026-06-01-1200,2026-06-01,amazon-now,jivo-extra-virgin-olive-oil-1-litre-1l,Pune,412405,759,1799,57.8,1
2026-06-01-1200,2026-06-01,amazon-now,jivo-extra-virgin-olive-oil-1-litre-1l,Pune,412409,759,1799,57.8,1
2026-06-01-1200,2026-06-01,amazon-now,jivo-extra-virgin-olive-oil-1-litre-1l,Pune,412410,759,1799,57.8,1
2026-06-01-1200,2026-06-01,amazon-now,jivo-extra-virgin-olive-oil-1-litre-1l,Pune,413105,759,1799,57.8,1
2026-06-01-1200,2026-06-01,amazon-now,jivo-extra-virgin-olive-oil-1-litre-1l,Pune,413132,759,1799,57.8,1
2026-06-01-1200,2026-06-01,amazon-now,jivo-extra-virgin-olive-oil-1-litre-1l,Pune,413801,764,1799,57.5,1
2026-06-01-1200,2026-06-01,amazon-now,jivo-extra-virgin-olive-oil-5-litre-tin-5l,Bengaluru,560019,,,,1
2026-06-01-1200,2026-06-01,amazon-now,jivo-gold-premium-refined-cooking-oil-perfect-blend-o-na,Delhi,110013,189,225,16,1
2026-06-01-1200,2026-06-01,amazon-now,jivo-gold-premium-refined-cooking-oil-perfect-blend-o-na,Delhi,110070,189,225,16,1
2026-06-01-1200,2026-06-01,amazon-now,jivo-gold-premium-refined-cooking-oil-perfect-blend-of-rice-bran-sunflower-oil-1l,Delhi,110003,189,225,16,1
2026-06-01-1200,2026-06-01,amazon-now,jivo-gold-premium-refined-cooking-oil-perfect-blend-of-rice-bran-sunflower-oil-1l,Delhi,110013,189,225,16,1
2026-06-01-1200,2026-06-01,amazon-now,jivo-gold-premium-refined-cooking-oil-perfect-blend-of-rice-bran-sunflower-oil-1l,Delhi,110014,189,225,16,1
2026-06-01-1200,2026-06-01,amazon-now,jivo-gold-premium-refined-cooking-oil-perfect-blend-of-rice-bran-sunflower-oil-1l,Delhi,110016,189,225,16,1
2026-06-01-1200,2026-06-01,amazon-now,jivo-gold-premium-refined-cooking-oil-perfect-blend-of-rice-bran-sunflower-oil-1l,Delhi,110017,189,225,16,1
2026-06-01-1200,2026-06-01,amazon-now,jivo-gold-premium-refined-cooking-oil-perfect-blend-of-rice-bran-sunflower-oil-1l,Delhi,110021,189,225,16,1
2026-06-01-1200,2026-06-01,amazon-now,jivo-gold-premium-refined-cooking-oil-perfect-blend-of-rice-bran-sunflower-oil-1l,Delhi,110024,189,225,16,1
2026-06-01-1200,2026-06-01,amazon-now,jivo-gold-premium-refined-cooking-oil-perfect-blend-of-rice-bran-sunflower-oil-1l,Delhi,110025,189,225,16,1
2026-06-01-1200,2026-06-01,amazon-now,jivo-gold-premium-refined-cooking-oil-perfect-blend-of-rice-bran-sunflower-oil-1l,Delhi,110037,189,225,16,1
2026-06-01-1200,2026-06-01,amazon-now,jivo-gold-premium-refined-cooking-oil-perfect-blend-of-rice-bran-sunflower-oil-1l,Delhi,110044,189,225,16,1
2026-06-01-1200,2026-06-01,amazon-now,jivo-gold-premium-refined-cooking-oil-perfect-blend-of-rice-bran-sunflower-oil-1l,Delhi,110048,189,225,16,1
2026-06-01-1200,2026-06-01,amazon-now,jivo-gold-premium-refined-cooking-oil-perfect-blend-of-rice-bran-sunflower-oil-1l,Delhi,110061,189,225,16,1
2026-06-01-1200,2026-06-01,amazon-now,jivo-gold-premium-refined-cooking-oil-perfect-blend-of-rice-bran-sunflower-oil-1l,Delhi,110062,189,225,16,1
2026-06-01-1200,2026-06-01,amazon-now,jivo-gold-premium-refined-cooking-oil-perfect-blend-of-rice-bran-sunflower-oil-1l,Delhi,110065,189,225,16,1
2026-06-01-1200,2026-06-01,amazon-now,jivo-gold-premium-refined-cooking-oil-perfect-blend-of-rice-bran-sunflower-oil-1l,Delhi,110067,189,225,16,1
2026-06-01-1200,2026-06-01,amazon-now,jivo-gold-premium-refined-cooking-oil-perfect-blend-of-rice-bran-sunflower-oil-1l,Delhi,110070,189,225,16,1
2026-06-01-1200,2026-06-01,amazon-now,jivo-gold-premium-refined-cooking-oil-perfect-blend-of-rice-bran-sunflower-oil-1l,Delhi,110076,189,225,16,1
2026-06-01-1200,2026-06-01,amazon-now,jivo-gold-premium-refined-cooking-oil-perfect-blend-of-rice-bran-sunflower-oil-1l,Gurgaon,122001,189,225,16,1
2026-06-01-1200,2026-06-01,amazon-now,jivo-gold-premium-refined-cooking-oil-perfect-blend-of-rice-bran-sunflower-oil-1l,Gurgaon,122010,189,225,16,1
2026-06-01-1200,2026-06-01,amazon-now,jivo-gold-refined-oil-perfect-blend-of-rice-bran-sunflower-oil-5l,Delhi,110036,909,1060,14.2,1
2026-06-01-1200,2026-06-01,amazon-now,jivo-gold-refined-oil-perfect-blend-of-rice-bran-sunflower-oil-5l,Delhi,110039,909,1060,14.2,1
2026-06-01-1200,2026-06-01,amazon-now,jivo-gold-refined-oil-perfect-blend-of-rice-bran-sunflower-oil-5l,Delhi,110040,909,1060,14.2,1
2026-06-01-1200,2026-06-01,amazon-now,jivo-gold-refined-oil-perfect-blend-of-rice-bran-sunflower-oil-5l,Delhi,110041,909,1060,14.2,1
2026-06-01-1200,2026-06-01,amazon-now,jivo-gold-refined-oil-perfect-blend-of-rice-bran-sunflower-oil-5l,Delhi,110081,909,1060,14.2,1
2026-06-01-1200,2026-06-01,amazon-now,jivo-gold-refined-oil-perfect-blend-of-rice-bran-sunflower-oil-5l,Delhi,110084,909,1060,14.2,1
2026-06-01-1200,2026-06-01,amazon-now,jivo-gold-refined-oil-perfect-blend-of-rice-bran-sunflower-oil-5l,Faridabad,121004,909,1060,14.2,1
2026-06-01-1200,2026-06-01,amazon-now,jivo-gold-refined-oil-perfect-blend-of-rice-bran-sunflower-oil-5l,Faridabad,121011,909,1060,14.2,1
2026-06-01-1200,2026-06-01,amazon-now,jivo-gold-refined-oil-perfect-blend-of-rice-bran-sunflower-oil-5l,Faridabad,121101,909,1060,14.2,1
2026-06-01-1200,2026-06-01,amazon-now,jivo-gold-refined-oil-perfect-blend-of-rice-bran-sunflower-oil-5l,Gurgaon,121104,909,1060,14.2,1
2026-06-01-1200,2026-06-01,amazon-now,jivo-gold-refined-oil-perfect-blend-of-rice-bran-sunflower-oil-5l,Gurgaon,122051,909,1060,14.2,1
2026-06-01-1200,2026-06-01,amazon-now,jivo-gold-refined-oil-perfect-blend-of-rice-bran-sunflower-oil-5l,Gurgaon,122105,909,1060,14.2,1
2026-06-01-1200,2026-06-01,amazon-now,jivo-gold-refined-oil-perfect-blend-of-rice-bran-sunflower-oil-5l,Gurgaon,122106,909,1060,14.2,1
2026-06-01-1200,2026-06-01,amazon-now,jivo-gold-refined-oil-perfect-blend-of-rice-bran-sunflower-oil-5l,Gurgaon,123003,909,1060,14.2,1
2026-06-01-1200,2026-06-01,amazon-now,jivo-gold-refined-oil-perfect-blend-of-rice-bran-sunflower-oil-5l,Gurgaon,123413,909,1060,14.2,1
2026-06-01-1200,2026-06-01,amazon-now,jivo-gold-refined-oil-perfect-blend-of-rice-bran-sunflower-oil-5l,Gurgaon,123502,909,1060,14.2,1
2026-06-01-1200,2026-06-01,amazon-now,jivo-gold-refined-oil-perfect-blend-of-rice-bran-sunflower-oil-5l,Gurgaon,123505,909,1060,14.2,1
2026-06-01-1200,2026-06-01,amazon-now,jivo-gold-refined-oil-perfect-blend-of-rice-bran-sunflower-oil-5l,Ludhiana,141007,909,1060,14.2,1
2026-06-01-1200,2026-06-01,amazon-now,jivo-gold-refined-oil-perfect-blend-of-rice-bran-sunflower-oil-5l,Ludhiana,141106,909,1060,14.2,1
2026-06-01-1200,2026-06-01,amazon-now,jivo-gold-refined-oil-perfect-blend-of-rice-bran-sunflower-oil-5l,Ludhiana,141107,909,1060,14.2,1
2026-06-01-1200,2026-06-01,amazon-now,jivo-gold-refined-oil-perfect-blend-of-rice-bran-sunflower-oil-5l,Ludhiana,141108,909,1060,14.2,1
2026-06-01-1200,2026-06-01,amazon-now,jivo-gold-refined-oil-perfect-blend-of-rice-bran-sunflower-oil-5l,Ludhiana,141125,909,1060,14.2,1
2026-06-01-1200,2026-06-01,amazon-now,jivo-gold-refined-oil-perfect-blend-of-rice-bran-sunflower-oil-5l,Ludhiana,141126,909,1060,14.2,1
2026-06-01-1200,2026-06-01,amazon-now,jivo-gold-refined-oil-perfect-blend-of-rice-bran-sunflower-oil-5l,Ludhiana,141202,909,1060,14.2,1
2026-06-01-1200,2026-06-01,amazon-now,jivo-gold-refined-oil-perfect-blend-of-rice-bran-sunflower-oil-5l,Ludhiana,141204,909,1060,14.2,1
2026-06-01-1200,2026-06-01,amazon-now,jivo-gold-refined-oil-perfect-blend-of-rice-bran-sunflower-oil-5l,Ludhiana,141206,909,1060,14.2,1
2026-06-01-1200,2026-06-01,amazon-now,jivo-gold-refined-oil-perfect-blend-of-rice-bran-sunflower-oil-5l,Ludhiana,141412,909,1060,14.2,1
2026-06-01-1200,2026-06-01,amazon-now,jivo-gold-refined-oil-perfect-blend-of-rice-bran-sunflower-oil-5l,Ludhiana,141413,909,1060,14.2,1
2026-06-01-1200,2026-06-01,amazon-now,jivo-gold-refined-oil-perfect-blend-of-rice-bran-sunflower-oil-5l,Ludhiana,141414,909,1060,14.2,1
2026-06-01-1200,2026-06-01,amazon-now,jivo-gold-refined-oil-perfect-blend-of-rice-bran-sunflower-oil-5l,Ludhiana,141415,909,1060,14.2,1
2026-06-01-1200,2026-06-01,amazon-now,jivo-gold-refined-oil-perfect-blend-of-rice-bran-sunflower-oil-5l,Ludhiana,141417,909,1060,14.2,1
2026-06-01-1200,2026-06-01,amazon-now,jivo-gold-refined-oil-perfect-blend-of-rice-bran-sunflower-oil-5l,Ludhiana,141419,909,1060,14.2,1
2026-06-01-1200,2026-06-01,amazon-now,jivo-gold-refined-oil-perfect-blend-of-rice-bran-sunflower-oil-5l,Ludhiana,142023,909,1060,14.2,1
2026-06-01-1200,2026-06-01,amazon-now,jivo-gold-refined-oil-perfect-blend-of-rice-bran-sunflower-oil-5l,Ludhiana,142024,909,1060,14.2,1
2026-06-01-1200,2026-06-01,amazon-now,jivo-gold-refined-oil-perfect-blend-of-rice-bran-sunflower-oil-5l,Ludhiana,142026,909,1060,14.2,1
2026-06-01-1200,2026-06-01,amazon-now,jivo-gold-refined-oil-perfect-blend-of-rice-bran-sunflower-oil-5l,Ludhiana,142029,909,1060,14.2,1
2026-06-01-1200,2026-06-01,amazon-now,jivo-gold-refined-oil-perfect-blend-of-rice-bran-sunflower-oil-5l,Ludhiana,142030,909,1060,14.2,1
2026-06-01-1200,2026-06-01,amazon-now,jivo-gold-refined-oil-perfect-blend-of-rice-bran-sunflower-oil-5l,Ludhiana,142031,909,1060,14.2,1
2026-06-01-1200,2026-06-01,amazon-now,jivo-gold-refined-oil-perfect-blend-of-rice-bran-sunflower-oil-5l,Ludhiana,142032,909,1060,14.2,1
2026-06-01-1200,2026-06-01,amazon-now,jivo-gold-refined-oil-perfect-blend-of-rice-bran-sunflower-oil-5l,Ludhiana,142035,909,1060,14.2,1
2026-06-01-1200,2026-06-01,amazon-now,jivo-gold-refined-oil-perfect-blend-of-rice-bran-sunflower-oil-5l,Ludhiana,142036,909,1060,14.2,1
2026-06-01-1200,2026-06-01,amazon-now,jivo-gold-refined-oil-perfect-blend-of-rice-bran-sunflower-oil-5l,Chandigarh,160021,909,1060,14.2,1
2026-06-01-1200,2026-06-01,amazon-now,jivo-gold-refined-oil-perfect-blend-of-rice-bran-sunflower-oil-5l,Ghaziabad,201003,909,1060,14.2,1
2026-06-01-1200,2026-06-01,amazon-now,jivo-gold-refined-oil-perfect-blend-of-rice-bran-sunflower-oil-5l,Noida,201008,909,1060,14.2,1
2026-06-01-1200,2026-06-01,amazon-now,jivo-gold-refined-oil-perfect-blend-of-rice-bran-sunflower-oil-5l,Ghaziabad,201201,909,1060,14.2,1
2026-06-01-1200,2026-06-01,amazon-now,jivo-gold-refined-oil-perfect-blend-of-rice-bran-sunflower-oil-5l,Ghaziabad,201204,909,1060,14.2,1
2026-06-01-1200,2026-06-01,amazon-now,jivo-gold-refined-oil-perfect-blend-of-rice-bran-sunflower-oil-5l,Ghaziabad,201302,909,1060,14.2,1
2026-06-01-1200,2026-06-01,amazon-now,jivo-gold-refined-oil-perfect-blend-of-rice-bran-sunflower-oil-5l,Noida,203207,909,1060,14.2,1
2026-06-01-1200,2026-06-01,amazon-now,jivo-gold-refined-oil-perfect-blend-of-rice-bran-sunflower-oil-5l,Ghaziabad,245304,909,1060,14.2,1
2026-06-01-1200,2026-06-01,amazon-now,jivo-gold-refined-oil-perfect-blend-of-rice-bran-sunflower-oil-5l,Jaipur,302011,909,1060,14.2,1
2026-06-01-1200,2026-06-01,amazon-now,jivo-gold-refined-oil-perfect-blend-of-rice-bran-sunflower-oil-5l,Jaipur,302022,909,1060,14.2,1
2026-06-01-1200,2026-06-01,amazon-now,jivo-gold-refined-oil-perfect-blend-of-rice-bran-sunflower-oil-5l,Jaipur,302025,909,1060,14.2,1
2026-06-01-1200,2026-06-01,amazon-now,jivo-gold-refined-oil-perfect-blend-of-rice-bran-sunflower-oil-5l,Jaipur,302026,909,1060,14.2,1
2026-06-01-1200,2026-06-01,amazon-now,jivo-gold-refined-oil-perfect-blend-of-rice-bran-sunflower-oil-5l,Jaipur,302028,909,1060,14.2,1
2026-06-01-1200,2026-06-01,amazon-now,jivo-gold-refined-oil-perfect-blend-of-rice-bran-sunflower-oil-5l,Jaipur,302029,909,1060,14.2,1
2026-06-01-1200,2026-06-01,amazon-now,jivo-gold-refined-oil-perfect-blend-of-rice-bran-sunflower-oil-5l,Jaipur,303001,909,1060,14.2,1
2026-06-01-1200,2026-06-01,amazon-now,jivo-gold-refined-oil-perfect-blend-of-rice-bran-sunflower-oil-5l,Jaipur,303002,909,1060,14.2,1
2026-06-01-1200,2026-06-01,amazon-now,jivo-gold-refined-oil-perfect-blend-of-rice-bran-sunflower-oil-5l,Jaipur,303003,909,1060,14.2,1
2026-06-01-1200,2026-06-01,amazon-now,jivo-gold-refined-oil-perfect-blend-of-rice-bran-sunflower-oil-5l,Jaipur,303006,909,1060,14.2,1
2026-06-01-1200,2026-06-01,amazon-now,jivo-gold-refined-oil-perfect-blend-of-rice-bran-sunflower-oil-5l,Jaipur,303009,909,1060,14.2,1
2026-06-01-1200,2026-06-01,amazon-now,jivo-gold-refined-oil-perfect-blend-of-rice-bran-sunflower-oil-5l,Jaipur,303012,909,1060,14.2,1
2026-06-01-1200,2026-06-01,amazon-now,jivo-gold-refined-oil-perfect-blend-of-rice-bran-sunflower-oil-5l,Jaipur,303103,909,1060,14.2,1
2026-06-01-1200,2026-06-01,amazon-now,jivo-gold-refined-oil-perfect-blend-of-rice-bran-sunflower-oil-5l,Jaipur,303105,909,1060,14.2,1
2026-06-01-1200,2026-06-01,amazon-now,jivo-gold-refined-oil-perfect-blend-of-rice-bran-sunflower-oil-5l,Jaipur,303107,909,1060,14.2,1
2026-06-01-1200,2026-06-01,amazon-now,jivo-gold-refined-oil-perfect-blend-of-rice-bran-sunflower-oil-5l,Jaipur,303108,909,1060,14.2,1
2026-06-01-1200,2026-06-01,amazon-now,jivo-gold-refined-oil-perfect-blend-of-rice-bran-sunflower-oil-5l,Jaipur,303109,909,1060,14.2,1
2026-06-01-1200,2026-06-01,amazon-now,jivo-gold-refined-oil-perfect-blend-of-rice-bran-sunflower-oil-5l,Jaipur,303110,909,1060,14.2,1
2026-06-01-1200,2026-06-01,amazon-now,jivo-gold-refined-oil-perfect-blend-of-rice-bran-sunflower-oil-5l,Jaipur,303120,909,1060,14.2,1
2026-06-01-1200,2026-06-01,amazon-now,jivo-gold-refined-oil-perfect-blend-of-rice-bran-sunflower-oil-5l,Jaipur,303328,909,1060,14.2,1
2026-06-01-1200,2026-06-01,amazon-now,jivo-gold-refined-oil-perfect-blend-of-rice-bran-sunflower-oil-5l,Jaipur,303329,909,1060,14.2,1
2026-06-01-1200,2026-06-01,amazon-now,jivo-gold-refined-oil-perfect-blend-of-rice-bran-sunflower-oil-5l,Jaipur,303348,909,1060,14.2,1
2026-06-01-1200,2026-06-01,amazon-now,jivo-gold-refined-oil-perfect-blend-of-rice-bran-sunflower-oil-5l,Jaipur,303602,909,1060,14.2,1
2026-06-01-1200,2026-06-01,amazon-now,jivo-gold-refined-oil-perfect-blend-of-rice-bran-sunflower-oil-5l,Jaipur,303604,909,1060,14.2,1
2026-06-01-1200,2026-06-01,amazon-now,jivo-gold-refined-oil-perfect-blend-of-rice-bran-sunflower-oil-5l,Jaipur,303701,909,1060,14.2,1
2026-06-01-1200,2026-06-01,amazon-now,jivo-gold-refined-oil-perfect-blend-of-rice-bran-sunflower-oil-5l,Jaipur,303706,909,1060,14.2,1
2026-06-01-1200,2026-06-01,amazon-now,jivo-gold-refined-oil-perfect-blend-of-rice-bran-sunflower-oil-5l,Jaipur,303712,909,1060,14.2,1
2026-06-01-1200,2026-06-01,amazon-now,jivo-gold-refined-oil-perfect-blend-of-rice-bran-sunflower-oil-5l,Jaipur,303802,909,1060,14.2,1
2026-06-01-1200,2026-06-01,amazon-now,jivo-gold-refined-oil-perfect-blend-of-rice-bran-sunflower-oil-5l,Jaipur,303803,909,1060,14.2,1
2026-06-01-1200,2026-06-01,amazon-now,jivo-gold-refined-oil-perfect-blend-of-rice-bran-sunflower-oil-5l,Jaipur,303804,909,1060,14.2,1
2026-06-01-1200,2026-06-01,amazon-now,jivo-gold-refined-oil-perfect-blend-of-rice-bran-sunflower-oil-5l,Jaipur,303806,909,1060,14.2,1
2026-06-01-1200,2026-06-01,amazon-now,jivo-gold-refined-oil-perfect-blend-of-rice-bran-sunflower-oil-5l,Jaipur,303807,909,1060,14.2,1
2026-06-01-1200,2026-06-01,amazon-now,jivo-gold-refined-oil-perfect-blend-of-rice-bran-sunflower-oil-5l,Jaipur,303901,909,1060,14.2,1
2026-06-01-1200,2026-06-01,amazon-now,jivo-gold-refined-oil-perfect-blend-of-rice-bran-sunflower-oil-5l,Jaipur,303905,909,1060,14.2,1
2026-06-01-1200,2026-06-01,amazon-now,jivo-gold-refined-oil-perfect-blend-of-rice-bran-sunflower-oil-5l,Jaipur,303908,909,1060,14.2,1
2026-06-01-1200,2026-06-01,amazon-now,jivo-groundnut-oil-1-litre-1l,Delhi,110003,239,560,57.3,1
2026-06-01-1200,2026-06-01,amazon-now,jivo-groundnut-oil-1-litre-1l,Delhi,110013,239,560,57.3,1
2026-06-01-1200,2026-06-01,amazon-now,jivo-groundnut-oil-1-litre-1l,Delhi,110014,239,560,57.3,1
2026-06-01-1200,2026-06-01,amazon-now,jivo-groundnut-oil-1-litre-1l,Delhi,110016,239,560,57.3,1
2026-06-01-1200,2026-06-01,amazon-now,jivo-groundnut-oil-1-litre-1l,Delhi,110017,239,560,57.3,1
2026-06-01-1200,2026-06-01,amazon-now,jivo-groundnut-oil-1-litre-1l,Delhi,110024,239,560,57.3,1
2026-06-01-1200,2026-06-01,amazon-now,jivo-groundnut-oil-1-litre-1l,Delhi,110025,239,560,57.3,1
2026-06-01-1200,2026-06-01,amazon-now,jivo-groundnut-oil-1-litre-1l,Delhi,110044,239,560,57.3,1
2026-06-01-1200,2026-06-01,amazon-now,jivo-groundnut-oil-1-litre-1l,Delhi,110048,239,560,57.3,1
2026-06-01-1200,2026-06-01,amazon-now,jivo-groundnut-oil-1-litre-1l,Delhi,110062,239,560,57.3,1
2026-06-01-1200,2026-06-01,amazon-now,jivo-groundnut-oil-1-litre-1l,Delhi,110065,239,560,57.3,1
2026-06-01-1200,2026-06-01,amazon-now,jivo-groundnut-oil-1-litre-1l,Delhi,110076,239,560,57.3,1
2026-06-01-1200,2026-06-01,amazon-now,jivo-groundnut-oil-1-litre-1l,Mumbai,400090,560,,,1
2026-06-01-1200,2026-06-01,amazon-now,jivo-groundnut-oil-1-litre-1l,Kolkata,700001,193,560,65.5,1
2026-06-01-1200,2026-06-01,amazon-now,jivo-groundnut-oil-1-litre-1l,Kolkata,700015,193,560,65.5,1
2026-06-01-1200,2026-06-01,amazon-now,jivo-groundnut-oil-1-litre-1l,Kolkata,700019,193,560,65.5,1
2026-06-01-1200,2026-06-01,amazon-now,jivo-groundnut-oil-1-litre-1l,Kolkata,700069,193,560,65.5,1
2026-06-01-1200,2026-06-01,amazon-now,jivo-groundnut-oil-1-litre-1l,Kolkata,700107,193,560,65.5,1
2026-06-01-1200,2026-06-01,amazon-now,jivo-pomace-olive-oil-5-litre-tin-for-everyday-cookin-5l,Pune,411047,2017,4999,59.7,1
2026-06-01-1200,2026-06-01,amazon-now,jivo-pomace-olive-oil-5-litre-tin-for-everyday-cookin-5l,Pune,412401,2017,4999,59.7,1
2026-06-01-1200,2026-06-01,amazon-now,jivo-pomace-olive-oil-5-litre-tin-for-everyday-cooking-5l,Delhi,110007,1971,4999,60.6,1
2026-06-01-1200,2026-06-01,amazon-now,jivo-pomace-olive-oil-5-litre-tin-for-everyday-cooking-5l,Delhi,110009,1971,4999,60.6,1
2026-06-01-1200,2026-06-01,amazon-now,jivo-pomace-olive-oil-5-litre-tin-for-everyday-cooking-5l,Delhi,110018,1971,4999,60.6,1
2026-06-01-1200,2026-06-01,amazon-now,jivo-pomace-olive-oil-5-litre-tin-for-everyday-cooking-5l,Delhi,110033,1971,4999,60.6,1
2026-06-01-1200,2026-06-01,amazon-now,jivo-pomace-olive-oil-5-litre-tin-for-everyday-cooking-5l,Delhi,110035,1971,4999,60.6,1
2026-06-01-1200,2026-06-01,amazon-now,jivo-pomace-olive-oil-5-litre-tin-for-everyday-cooking-5l,Delhi,110052,1971,4999,60.6,1
2026-06-01-1200,2026-06-01,amazon-now,jivo-pomace-olive-oil-5-litre-tin-for-everyday-cooking-5l,Delhi,110088,1971,4999,60.6,1
2026-06-01-1200,2026-06-01,amazon-now,jivo-pomace-olive-oil-5-litre-tin-for-everyday-cooking-5l,Surat,394160,2119,4999,57.6,1
2026-06-01-1200,2026-06-01,amazon-now,jivo-pomace-olive-oil-5-litre-tin-for-everyday-cooking-5l,Surat,394185,2119,4999,57.6,1
2026-06-01-1200,2026-06-01,amazon-now,jivo-pomace-olive-oil-5-litre-tin-for-everyday-cooking-5l,Surat,394410,2119,4999,57.6,1
2026-06-01-1200,2026-06-01,amazon-now,jivo-pomace-olive-oil-5-litre-tin-for-everyday-cooking-5l,Surat,394510,2119,4999,57.6,1
2026-06-01-1200,2026-06-01,amazon-now,jivo-pomace-olive-oil-5-litre-tin-for-everyday-cooking-5l,Surat,394540,2119,4999,57.6,1
2026-06-01-1200,2026-06-01,amazon-now,jivo-pomace-olive-oil-5-litre-tin-for-everyday-cooking-5l,Mumbai,400601,2001,4999,60,1
2026-06-01-1200,2026-06-01,amazon-now,jivo-pomace-olive-oil-5-litre-tin-for-everyday-cooking-5l,Pune,410301,2017,4999,59.7,1
2026-06-01-1200,2026-06-01,amazon-now,jivo-pomace-olive-oil-5-litre-tin-for-everyday-cooking-5l,Pune,410401,2017,4999,59.7,1
2026-06-01-1200,2026-06-01,amazon-now,jivo-pomace-olive-oil-5-litre-tin-for-everyday-cooking-5l,Pune,410402,2017,4999,59.7,1
2026-06-01-1200,2026-06-01,amazon-now,jivo-pomace-olive-oil-5-litre-tin-for-everyday-cooking-5l,Pune,410502,2017,4999,59.7,1
2026-06-01-1200,2026-06-01,amazon-now,jivo-pomace-olive-oil-5-litre-tin-for-everyday-cooking-5l,Pune,410503,2017,4999,59.7,1
2026-06-01-1200,2026-06-01,amazon-now,jivo-pomace-olive-oil-5-litre-tin-for-everyday-cooking-5l,Pune,411001,2017,4999,59.7,1
2026-06-01-1200,2026-06-01,amazon-now,jivo-pomace-olive-oil-5-litre-tin-for-everyday-cooking-5l,Pune,411004,2017,4999,59.7,1
2026-06-01-1200,2026-06-01,amazon-now,jivo-pomace-olive-oil-5-litre-tin-for-everyday-cooking-5l,Pune,411005,2017,4999,59.7,1
2026-06-01-1200,2026-06-01,amazon-now,jivo-pomace-olive-oil-5-litre-tin-for-everyday-cooking-5l,Pune,411006,2017,4999,59.7,1
2026-06-01-1200,2026-06-01,amazon-now,jivo-pomace-olive-oil-5-litre-tin-for-everyday-cooking-5l,Pune,411011,2017,4999,59.7,1
2026-06-01-1200,2026-06-01,amazon-now,jivo-pomace-olive-oil-5-litre-tin-for-everyday-cooking-5l,Pune,411014,2017,4999,59.7,1
2026-06-01-1200,2026-06-01,amazon-now,jivo-pomace-olive-oil-5-litre-tin-for-everyday-cooking-5l,Pune,411015,2017,4999,59.7,1
2026-06-01-1200,2026-06-01,amazon-now,jivo-pomace-olive-oil-5-litre-tin-for-everyday-cooking-5l,Pune,411021,2017,4999,59.7,1
2026-06-01-1200,2026-06-01,amazon-now,jivo-pomace-olive-oil-5-litre-tin-for-everyday-cooking-5l,Pune,411028,2017,4999,59.7,1
2026-06-01-1200,2026-06-01,amazon-now,jivo-pomace-olive-oil-5-litre-tin-for-everyday-cooking-5l,Pune,411030,2017,4999,59.7,1
2026-06-01-1200,2026-06-01,amazon-now,jivo-pomace-olive-oil-5-litre-tin-for-everyday-cooking-5l,Pune,411036,2017,4999,59.7,1
2026-06-01-1200,2026-06-01,amazon-now,jivo-pomace-olive-oil-5-litre-tin-for-everyday-cooking-5l,Pune,411040,2017,4999,59.7,1
2026-06-01-1200,2026-06-01,amazon-now,jivo-pomace-olive-oil-5-litre-tin-for-everyday-cooking-5l,Pune,411047,2017,4999,59.7,1
2026-06-01-1200,2026-06-01,amazon-now,jivo-pomace-olive-oil-5-litre-tin-for-everyday-cooking-5l,Pune,411051,2017,4999,59.7,1
2026-06-01-1200,2026-06-01,amazon-now,jivo-pomace-olive-oil-5-litre-tin-for-everyday-cooking-5l,Pune,412104,2017,4999,59.7,1
2026-06-01-1200,2026-06-01,amazon-now,jivo-pomace-olive-oil-5-litre-tin-for-everyday-cooking-5l,Pune,412109,2017,4999,59.7,1
2026-06-01-1200,2026-06-01,amazon-now,jivo-pomace-olive-oil-5-litre-tin-for-everyday-cooking-5l,Pune,412114,2017,4999,59.7,1
2026-06-01-1200,2026-06-01,amazon-now,jivo-pomace-olive-oil-5-litre-tin-for-everyday-cooking-5l,Pune,412201,2017,4999,59.7,1
2026-06-01-1200,2026-06-01,amazon-now,jivo-pomace-olive-oil-5-litre-tin-for-everyday-cooking-5l,Pune,412208,2017,4999,59.7,1
2026-06-01-1200,2026-06-01,amazon-now,jivo-pomace-olive-oil-5-litre-tin-for-everyday-cooking-5l,Pune,412209,2017,4999,59.7,1
2026-06-01-1200,2026-06-01,amazon-now,jivo-pomace-olive-oil-5-litre-tin-for-everyday-cooking-5l,Pune,412210,2017,4999,59.7,1
2026-06-01-1200,2026-06-01,amazon-now,jivo-pomace-olive-oil-5-litre-tin-for-everyday-cooking-5l,Pune,412211,2017,4999,59.7,1
2026-06-01-1200,2026-06-01,amazon-now,jivo-pomace-olive-oil-5-litre-tin-for-everyday-cooking-5l,Pune,412213,2017,4999,59.7,1
2026-06-01-1200,2026-06-01,amazon-now,jivo-pomace-olive-oil-5-litre-tin-for-everyday-cooking-5l,Pune,412220,2017,4999,59.7,1
2026-06-01-1200,2026-06-01,amazon-now,jivo-pomace-olive-oil-5-litre-tin-for-everyday-cooking-5l,Pune,412301,2017,4999,59.7,1
2026-06-01-1200,2026-06-01,amazon-now,jivo-pomace-olive-oil-5-litre-tin-for-everyday-cooking-5l,Pune,412303,2017,4999,59.7,1
2026-06-01-1200,2026-06-01,amazon-now,jivo-pomace-olive-oil-5-litre-tin-for-everyday-cooking-5l,Pune,412308,2017,4999,59.7,1
2026-06-01-1200,2026-06-01,amazon-now,jivo-pomace-olive-oil-5-litre-tin-for-everyday-cooking-5l,Pune,412401,2017,4999,59.7,1
2026-06-01-1200,2026-06-01,amazon-now,jivo-pomace-olive-oil-5-litre-tin-for-everyday-cooking-5l,Pune,412405,2017,4999,59.7,1
2026-06-01-1200,2026-06-01,amazon-now,jivo-pomace-olive-oil-5-litre-tin-for-everyday-cooking-5l,Pune,412409,2017,4999,59.7,1
2026-06-01-1200,2026-06-01,amazon-now,jivo-pomace-olive-oil-5-litre-tin-for-everyday-cooking-5l,Pune,412410,2017,4999,59.7,1
2026-06-01-1200,2026-06-01,amazon-now,jivo-pomace-olive-oil-5-litre-tin-for-everyday-cooking-5l,Pune,413105,2017,4999,59.7,1
2026-06-01-1200,2026-06-01,amazon-now,jivo-pomace-olive-oil-5-litre-tin-for-everyday-cooking-5l,Pune,413132,2017,4999,59.7,1
2026-06-01-1200,2026-06-01,amazon-now,jivo-pomace-olive-oil-5-litre-tin-for-everyday-cooking-5l,Kolkata,700022,2119,4999,57.6,1
2026-06-01-1200,2026-06-01,amazon-now,jivo-pomace-olive-oil-5-litre-tin-for-everyday-cooking-5l,Kolkata,700024,2119,4999,57.6,1
2026-06-01-1200,2026-06-01,amazon-now,jivo-pomace-olive-oil-5-litre-tin-for-everyday-cooking-5l,Kolkata,700040,2119,4999,57.6,1
2026-06-01-1200,2026-06-01,amazon-now,jivo-pomace-olive-oil-5-litre-tin-for-everyday-cooking-5l,Kolkata,700053,2119,4999,57.6,1
2026-06-01-1200,2026-06-01,amazon-now,jivo-pomace-olive-oil-5-litre-tin-for-everyday-cooking-5l,Kolkata,700141,2119,4999,57.6,1
2026-06-01-1200,2026-06-01,amazon-now,jivo-premium-cold-pressed-kachi-ghani-mustard-oil-5-litre-5l,Delhi,110007,961,1250,23.1,1
2026-06-01-1200,2026-06-01,amazon-now,jivo-premium-cold-pressed-kachi-ghani-mustard-oil-5-litre-5l,Delhi,110008,961,1250,23.1,1
2026-06-01-1200,2026-06-01,amazon-now,jivo-premium-cold-pressed-kachi-ghani-mustard-oil-5-litre-5l,Delhi,110009,961,1250,23.1,1
2026-06-01-1200,2026-06-01,amazon-now,jivo-premium-cold-pressed-kachi-ghani-mustard-oil-5-litre-5l,Delhi,110010,961,1250,23.1,1
2026-06-01-1200,2026-06-01,amazon-now,jivo-premium-cold-pressed-kachi-ghani-mustard-oil-5-litre-5l,Delhi,110015,961,1250,23.1,1
2026-06-01-1200,2026-06-01,amazon-now,jivo-premium-cold-pressed-kachi-ghani-mustard-oil-5-litre-5l,Delhi,110018,961,1250,23.1,1
2026-06-01-1200,2026-06-01,amazon-now,jivo-premium-cold-pressed-kachi-ghani-mustard-oil-5-litre-5l,Delhi,110026,961,1250,23.1,1
2026-06-01-1200,2026-06-01,amazon-now,jivo-premium-cold-pressed-kachi-ghani-mustard-oil-5-litre-5l,Delhi,110033,961,1250,23.1,1
2026-06-01-1200,2026-06-01,amazon-now,jivo-premium-cold-pressed-kachi-ghani-mustard-oil-5-litre-5l,Delhi,110035,961,1250,23.1,1
2026-06-01-1200,2026-06-01,amazon-now,jivo-premium-cold-pressed-kachi-ghani-mustard-oil-5-litre-5l,Delhi,110036,961,1250,23.1,1
2026-06-01-1200,2026-06-01,amazon-now,jivo-premium-cold-pressed-kachi-ghani-mustard-oil-5-litre-5l,Delhi,110039,961,1250,23.1,1
2026-06-01-1200,2026-06-01,amazon-now,jivo-premium-cold-pressed-kachi-ghani-mustard-oil-5-litre-5l,Delhi,110040,961,1250,23.1,1
2026-06-01-1200,2026-06-01,amazon-now,jivo-premium-cold-pressed-kachi-ghani-mustard-oil-5-litre-5l,Delhi,110041,961,1250,23.1,1
2026-06-01-1200,2026-06-01,amazon-now,jivo-premium-cold-pressed-kachi-ghani-mustard-oil-5-litre-5l,Delhi,110042,961,1250,23.1,1
2026-06-01-1200,2026-06-01,amazon-now,jivo-premium-cold-pressed-kachi-ghani-mustard-oil-5-litre-5l,Delhi,110046,961,1250,23.1,1
2026-06-01-1200,2026-06-01,amazon-now,jivo-premium-cold-pressed-kachi-ghani-mustard-oil-5-litre-5l,Delhi,110052,961,1250,23.1,1
2026-06-01-1200,2026-06-01,amazon-now,jivo-premium-cold-pressed-kachi-ghani-mustard-oil-5-litre-5l,Delhi,110075,961,1250,23.1,1
2026-06-01-1200,2026-06-01,amazon-now,jivo-premium-cold-pressed-kachi-ghani-mustard-oil-5-litre-5l,Delhi,110081,961,1250,23.1,1
2026-06-01-1200,2026-06-01,amazon-now,jivo-premium-cold-pressed-kachi-ghani-mustard-oil-5-litre-5l,Delhi,110082,961,1250,23.1,1
2026-06-01-1200,2026-06-01,amazon-now,jivo-premium-cold-pressed-kachi-ghani-mustard-oil-5-litre-5l,Delhi,110083,961,1250,23.1,1
2026-06-01-1200,2026-06-01,amazon-now,jivo-premium-cold-pressed-kachi-ghani-mustard-oil-5-litre-5l,Delhi,110084,961,1250,23.1,1
2026-06-01-1200,2026-06-01,amazon-now,jivo-premium-cold-pressed-kachi-ghani-mustard-oil-5-litre-5l,Delhi,110085,961,1250,23.1,1
2026-06-01-1200,2026-06-01,amazon-now,jivo-premium-cold-pressed-kachi-ghani-mustard-oil-5-litre-5l,Delhi,110088,961,1250,23.1,1
2026-06-01-1200,2026-06-01,amazon-now,jivo-premium-cold-pressed-kachi-ghani-mustard-oil-5-litre-5l,Faridabad,121001,961,1250,23.1,1
2026-06-01-1200,2026-06-01,amazon-now,jivo-premium-cold-pressed-kachi-ghani-mustard-oil-5-litre-5l,Faridabad,121002,961,1250,23.1,1
2026-06-01-1200,2026-06-01,amazon-now,jivo-premium-cold-pressed-kachi-ghani-mustard-oil-5-litre-5l,Faridabad,121003,961,1250,23.1,1
2026-06-01-1200,2026-06-01,amazon-now,jivo-premium-cold-pressed-kachi-ghani-mustard-oil-5-litre-5l,Faridabad,121004,961,1250,23.1,1
2026-06-01-1200,2026-06-01,amazon-now,jivo-premium-cold-pressed-kachi-ghani-mustard-oil-5-litre-5l,Faridabad,121011,961,1250,23.1,1
2026-06-01-1200,2026-06-01,amazon-now,jivo-premium-cold-pressed-kachi-ghani-mustard-oil-5-litre-5l,Faridabad,121101,961,1250,23.1,1
2026-06-01-1200,2026-06-01,amazon-now,jivo-premium-cold-pressed-kachi-ghani-mustard-oil-5-litre-5l,Gurgaon,121104,961,1250,23.1,1
2026-06-01-1200,2026-06-01,amazon-now,jivo-premium-cold-pressed-kachi-ghani-mustard-oil-5-litre-5l,Gurgaon,122051,961,1250,23.1,1
2026-06-01-1200,2026-06-01,amazon-now,jivo-premium-cold-pressed-kachi-ghani-mustard-oil-5-litre-5l,Gurgaon,122105,961,1250,23.1,1
2026-06-01-1200,2026-06-01,amazon-now,jivo-premium-cold-pressed-kachi-ghani-mustard-oil-5-litre-5l,Gurgaon,122106,961,1250,23.1,1
2026-06-01-1200,2026-06-01,amazon-now,jivo-premium-cold-pressed-kachi-ghani-mustard-oil-5-litre-5l,Gurgaon,123003,961,1250,23.1,1
2026-06-01-1200,2026-06-01,amazon-now,jivo-premium-cold-pressed-kachi-ghani-mustard-oil-5-litre-5l,Gurgaon,123413,961,1250,23.1,1
2026-06-01-1200,2026-06-01,amazon-now,jivo-premium-cold-pressed-kachi-ghani-mustard-oil-5-litre-5l,Gurgaon,123502,961,1250,23.1,1
2026-06-01-1200,2026-06-01,amazon-now,jivo-premium-cold-pressed-kachi-ghani-mustard-oil-5-litre-5l,Gurgaon,123505,961,1250,23.1,1
2026-06-01-1200,2026-06-01,amazon-now,jivo-premium-cold-pressed-kachi-ghani-mustard-oil-5-litre-5l,Ludhiana,141007,961,1250,23.1,1
2026-06-01-1200,2026-06-01,amazon-now,jivo-premium-cold-pressed-kachi-ghani-mustard-oil-5-litre-5l,Ludhiana,141106,961,1250,23.1,1
2026-06-01-1200,2026-06-01,amazon-now,jivo-premium-cold-pressed-kachi-ghani-mustard-oil-5-litre-5l,Ludhiana,141107,961,1250,23.1,1
2026-06-01-1200,2026-06-01,amazon-now,jivo-premium-cold-pressed-kachi-ghani-mustard-oil-5-litre-5l,Ludhiana,141108,961,1250,23.1,1
2026-06-01-1200,2026-06-01,amazon-now,jivo-premium-cold-pressed-kachi-ghani-mustard-oil-5-litre-5l,Ludhiana,141125,961,1250,23.1,1
2026-06-01-1200,2026-06-01,amazon-now,jivo-premium-cold-pressed-kachi-ghani-mustard-oil-5-litre-5l,Ludhiana,141126,961,1250,23.1,1
2026-06-01-1200,2026-06-01,amazon-now,jivo-premium-cold-pressed-kachi-ghani-mustard-oil-5-litre-5l,Ludhiana,141202,961,1250,23.1,1
2026-06-01-1200,2026-06-01,amazon-now,jivo-premium-cold-pressed-kachi-ghani-mustard-oil-5-litre-5l,Ludhiana,141204,961,1250,23.1,1
2026-06-01-1200,2026-06-01,amazon-now,jivo-premium-cold-pressed-kachi-ghani-mustard-oil-5-litre-5l,Ludhiana,141206,961,1250,23.1,1
2026-06-01-1200,2026-06-01,amazon-now,jivo-premium-cold-pressed-kachi-ghani-mustard-oil-5-litre-5l,Ludhiana,141412,961,1250,23.1,1
2026-06-01-1200,2026-06-01,amazon-now,jivo-premium-cold-pressed-kachi-ghani-mustard-oil-5-litre-5l,Ludhiana,141413,961,1250,23.1,1
2026-06-01-1200,2026-06-01,amazon-now,jivo-premium-cold-pressed-kachi-ghani-mustard-oil-5-litre-5l,Ludhiana,141414,961,1250,23.1,1
2026-06-01-1200,2026-06-01,amazon-now,jivo-premium-cold-pressed-kachi-ghani-mustard-oil-5-litre-5l,Ludhiana,141415,961,1250,23.1,1
2026-06-01-1200,2026-06-01,amazon-now,jivo-premium-cold-pressed-kachi-ghani-mustard-oil-5-litre-5l,Ludhiana,141417,961,1250,23.1,1
2026-06-01-1200,2026-06-01,amazon-now,jivo-premium-cold-pressed-kachi-ghani-mustard-oil-5-litre-5l,Ludhiana,141419,961,1250,23.1,1
2026-06-01-1200,2026-06-01,amazon-now,jivo-premium-cold-pressed-kachi-ghani-mustard-oil-5-litre-5l,Ludhiana,142023,961,1250,23.1,1
2026-06-01-1200,2026-06-01,amazon-now,jivo-premium-cold-pressed-kachi-ghani-mustard-oil-5-litre-5l,Ludhiana,142024,961,1250,23.1,1
2026-06-01-1200,2026-06-01,amazon-now,jivo-premium-cold-pressed-kachi-ghani-mustard-oil-5-litre-5l,Ludhiana,142026,961,1250,23.1,1
2026-06-01-1200,2026-06-01,amazon-now,jivo-premium-cold-pressed-kachi-ghani-mustard-oil-5-litre-5l,Ludhiana,142029,961,1250,23.1,1
2026-06-01-1200,2026-06-01,amazon-now,jivo-premium-cold-pressed-kachi-ghani-mustard-oil-5-litre-5l,Ludhiana,142030,961,1250,23.1,1
2026-06-01-1200,2026-06-01,amazon-now,jivo-premium-cold-pressed-kachi-ghani-mustard-oil-5-litre-5l,Ludhiana,142031,961,1250,23.1,1
2026-06-01-1200,2026-06-01,amazon-now,jivo-premium-cold-pressed-kachi-ghani-mustard-oil-5-litre-5l,Ludhiana,142032,961,1250,23.1,1
2026-06-01-1200,2026-06-01,amazon-now,jivo-premium-cold-pressed-kachi-ghani-mustard-oil-5-litre-5l,Ludhiana,142035,961,1250,23.1,1
2026-06-01-1200,2026-06-01,amazon-now,jivo-premium-cold-pressed-kachi-ghani-mustard-oil-5-litre-5l,Ludhiana,142036,961,1250,23.1,1
2026-06-01-1200,2026-06-01,amazon-now,jivo-premium-cold-pressed-kachi-ghani-mustard-oil-5-litre-5l,Chandigarh,160021,961,1250,23.1,1
2026-06-01-1200,2026-06-01,amazon-now,jivo-premium-cold-pressed-kachi-ghani-mustard-oil-5-litre-5l,Ghaziabad,201001,961,1250,23.1,1
2026-06-01-1200,2026-06-01,amazon-now,jivo-premium-cold-pressed-kachi-ghani-mustard-oil-5-litre-5l,Ghaziabad,201002,961,1250,23.1,1
2026-06-01-1200,2026-06-01,amazon-now,jivo-premium-cold-pressed-kachi-ghani-mustard-oil-5-litre-5l,Ghaziabad,201003,961,1250,23.1,1
2026-06-01-1200,2026-06-01,amazon-now,jivo-premium-cold-pressed-kachi-ghani-mustard-oil-5-litre-5l,Ghaziabad,201005,961,1250,23.1,1
2026-06-01-1200,2026-06-01,amazon-now,jivo-premium-cold-pressed-kachi-ghani-mustard-oil-5-litre-5l,Noida,201008,961,1250,23.1,1
2026-06-01-1200,2026-06-01,amazon-now,jivo-premium-cold-pressed-kachi-ghani-mustard-oil-5-litre-5l,Ghaziabad,201201,961,1250,23.1,1
2026-06-01-1200,2026-06-01,amazon-now,jivo-premium-cold-pressed-kachi-ghani-mustard-oil-5-litre-5l,Ghaziabad,201204,961,1250,23.1,1
2026-06-01-1200,2026-06-01,amazon-now,jivo-premium-cold-pressed-kachi-ghani-mustard-oil-5-litre-5l,Ghaziabad,201302,961,1250,23.1,1
2026-06-01-1200,2026-06-01,amazon-now,jivo-premium-cold-pressed-kachi-ghani-mustard-oil-5-litre-5l,Noida,201304,961,1250,23.1,1
2026-06-01-1200,2026-06-01,amazon-now,jivo-premium-cold-pressed-kachi-ghani-mustard-oil-5-litre-5l,Noida,201305,961,1250,23.1,1
2026-06-01-1200,2026-06-01,amazon-now,jivo-premium-cold-pressed-kachi-ghani-mustard-oil-5-litre-5l,Noida,201306,961,1250,23.1,1
2026-06-01-1200,2026-06-01,amazon-now,jivo-premium-cold-pressed-kachi-ghani-mustard-oil-5-litre-5l,Noida,201310,961,1250,23.1,1
2026-06-01-1200,2026-06-01,amazon-now,jivo-premium-cold-pressed-kachi-ghani-mustard-oil-5-litre-5l,Noida,203207,961,1250,23.1,1
2026-06-01-1200,2026-06-01,amazon-now,jivo-premium-cold-pressed-kachi-ghani-mustard-oil-5-litre-5l,Ghaziabad,245304,961,1250,23.1,1
2026-06-01-1200,2026-06-01,amazon-now,jivo-premium-cold-pressed-kachi-ghani-mustard-oil-5-litre-5l,Jaipur,302001,999,1250,20.1,1
2026-06-01-1200,2026-06-01,amazon-now,jivo-premium-cold-pressed-kachi-ghani-mustard-oil-5-litre-5l,Jaipur,302011,961,1250,23.1,1
2026-06-01-1200,2026-06-01,amazon-now,jivo-premium-cold-pressed-kachi-ghani-mustard-oil-5-litre-5l,Jaipur,302012,999,1250,20.1,1
2026-06-01-1200,2026-06-01,amazon-now,jivo-premium-cold-pressed-kachi-ghani-mustard-oil-5-litre-5l,Jaipur,302013,999,1250,20.1,1
2026-06-01-1200,2026-06-01,amazon-now,jivo-premium-cold-pressed-kachi-ghani-mustard-oil-5-litre-5l,Jaipur,302016,999,1250,20.1,1
2026-06-01-1200,2026-06-01,amazon-now,jivo-premium-cold-pressed-kachi-ghani-mustard-oil-5-litre-5l,Jaipur,302021,999,1250,20.1,1
2026-06-01-1200,2026-06-01,amazon-now,jivo-premium-cold-pressed-kachi-ghani-mustard-oil-5-litre-5l,Jaipur,302022,961,1250,23.1,1
2026-06-01-1200,2026-06-01,amazon-now,jivo-premium-cold-pressed-kachi-ghani-mustard-oil-5-litre-5l,Jaipur,302023,999,1250,20.1,1
2026-06-01-1200,2026-06-01,amazon-now,jivo-premium-cold-pressed-kachi-ghani-mustard-oil-5-litre-5l,Jaipur,302024,999,1250,20.1,1
2026-06-01-1200,2026-06-01,amazon-now,jivo-premium-cold-pressed-kachi-ghani-mustard-oil-5-litre-5l,Jaipur,302025,961,1250,23.1,1
2026-06-01-1200,2026-06-01,amazon-now,jivo-premium-cold-pressed-kachi-ghani-mustard-oil-5-litre-5l,Jaipur,302026,961,1250,23.1,1
2026-06-01-1200,2026-06-01,amazon-now,jivo-premium-cold-pressed-kachi-ghani-mustard-oil-5-litre-5l,Jaipur,302028,961,1250,23.1,1
2026-06-01-1200,2026-06-01,amazon-now,jivo-premium-cold-pressed-kachi-ghani-mustard-oil-5-litre-5l,Jaipur,302029,961,1250,23.1,1
2026-06-01-1200,2026-06-01,amazon-now,jivo-premium-cold-pressed-kachi-ghani-mustard-oil-5-litre-5l,Jaipur,302032,999,1250,20.1,1
2026-06-01-1200,2026-06-01,amazon-now,jivo-premium-cold-pressed-kachi-ghani-mustard-oil-5-litre-5l,Jaipur,303001,961,1250,23.1,1
2026-06-01-1200,2026-06-01,amazon-now,jivo-premium-cold-pressed-kachi-ghani-mustard-oil-5-litre-5l,Jaipur,303002,961,1250,23.1,1
2026-06-01-1200,2026-06-01,amazon-now,jivo-premium-cold-pressed-kachi-ghani-mustard-oil-5-litre-5l,Jaipur,303003,961,1250,23.1,1
2026-06-01-1200,2026-06-01,amazon-now,jivo-premium-cold-pressed-kachi-ghani-mustard-oil-5-litre-5l,Jaipur,303006,961,1250,23.1,1
2026-06-01-1200,2026-06-01,amazon-now,jivo-premium-cold-pressed-kachi-ghani-mustard-oil-5-litre-5l,Jaipur,303009,961,1250,23.1,1
2026-06-01-1200,2026-06-01,amazon-now,jivo-premium-cold-pressed-kachi-ghani-mustard-oil-5-litre-5l,Jaipur,303012,961,1250,23.1,1
2026-06-01-1200,2026-06-01,amazon-now,jivo-premium-cold-pressed-kachi-ghani-mustard-oil-5-litre-5l,Jaipur,303103,961,1250,23.1,1
2026-06-01-1200,2026-06-01,amazon-now,jivo-premium-cold-pressed-kachi-ghani-mustard-oil-5-litre-5l,Jaipur,303105,961,1250,23.1,1
2026-06-01-1200,2026-06-01,amazon-now,jivo-premium-cold-pressed-kachi-ghani-mustard-oil-5-litre-5l,Jaipur,303107,961,1250,23.1,1
2026-06-01-1200,2026-06-01,amazon-now,jivo-premium-cold-pressed-kachi-ghani-mustard-oil-5-litre-5l,Jaipur,303108,961,1250,23.1,1
2026-06-01-1200,2026-06-01,amazon-now,jivo-premium-cold-pressed-kachi-ghani-mustard-oil-5-litre-5l,Jaipur,303109,961,1250,23.1,1
2026-06-01-1200,2026-06-01,amazon-now,jivo-premium-cold-pressed-kachi-ghani-mustard-oil-5-litre-5l,Jaipur,303110,961,1250,23.1,1
2026-06-01-1200,2026-06-01,amazon-now,jivo-premium-cold-pressed-kachi-ghani-mustard-oil-5-litre-5l,Jaipur,303120,961,1250,23.1,1
2026-06-01-1200,2026-06-01,amazon-now,jivo-premium-cold-pressed-kachi-ghani-mustard-oil-5-litre-5l,Jaipur,303328,961,1250,23.1,1
2026-06-01-1200,2026-06-01,amazon-now,jivo-premium-cold-pressed-kachi-ghani-mustard-oil-5-litre-5l,Jaipur,303329,961,1250,23.1,1
2026-06-01-1200,2026-06-01,amazon-now,jivo-premium-cold-pressed-kachi-ghani-mustard-oil-5-litre-5l,Jaipur,303348,961,1250,23.1,1
2026-06-01-1200,2026-06-01,amazon-now,jivo-premium-cold-pressed-kachi-ghani-mustard-oil-5-litre-5l,Jaipur,303602,961,1250,23.1,1
2026-06-01-1200,2026-06-01,amazon-now,jivo-premium-cold-pressed-kachi-ghani-mustard-oil-5-litre-5l,Jaipur,303604,961,1250,23.1,1
2026-06-01-1200,2026-06-01,amazon-now,jivo-premium-cold-pressed-kachi-ghani-mustard-oil-5-litre-5l,Jaipur,303701,961,1250,23.1,1
2026-06-01-1200,2026-06-01,amazon-now,jivo-premium-cold-pressed-kachi-ghani-mustard-oil-5-litre-5l,Jaipur,303706,961,1250,23.1,1
2026-06-01-1200,2026-06-01,amazon-now,jivo-premium-cold-pressed-kachi-ghani-mustard-oil-5-litre-5l,Jaipur,303712,961,1250,23.1,1
2026-06-01-1200,2026-06-01,amazon-now,jivo-premium-cold-pressed-kachi-ghani-mustard-oil-5-litre-5l,Jaipur,303802,961,1250,23.1,1
2026-06-01-1200,2026-06-01,amazon-now,jivo-premium-cold-pressed-kachi-ghani-mustard-oil-5-litre-5l,Jaipur,303803,961,1250,23.1,1
2026-06-01-1200,2026-06-01,amazon-now,jivo-premium-cold-pressed-kachi-ghani-mustard-oil-5-litre-5l,Jaipur,303804,961,1250,23.1,1
2026-06-01-1200,2026-06-01,amazon-now,jivo-premium-cold-pressed-kachi-ghani-mustard-oil-5-litre-5l,Jaipur,303806,961,1250,23.1,1
2026-06-01-1200,2026-06-01,amazon-now,jivo-premium-cold-pressed-kachi-ghani-mustard-oil-5-litre-5l,Jaipur,303807,961,1250,23.1,1
2026-06-01-1200,2026-06-01,amazon-now,jivo-premium-cold-pressed-kachi-ghani-mustard-oil-5-litre-5l,Jaipur,303901,961,1250,23.1,1
2026-06-01-1200,2026-06-01,amazon-now,jivo-premium-cold-pressed-kachi-ghani-mustard-oil-5-litre-5l,Jaipur,303905,961,1250,23.1,1
2026-06-01-1200,2026-06-01,amazon-now,jivo-premium-cold-pressed-kachi-ghani-mustard-oil-5-litre-5l,Jaipur,303908,961,1250,23.1,1
2026-06-01-1200,2026-06-01,amazon-now,jivo-premium-cold-pressed-kachi-ghani-mustard-oil-5-litre-5l,Mumbai,400601,961,1250,23.1,1
2026-06-01-1200,2026-06-01,amazon-now,jivo-premium-cold-pressed-kachi-ghani-mustard-oil-5-litre-5l,Pune,410301,999,1250,20.1,1
2026-06-01-1200,2026-06-01,amazon-now,jivo-premium-cold-pressed-kachi-ghani-mustard-oil-5-litre-5l,Pune,410401,999,1250,20.1,1
2026-06-01-1200,2026-06-01,amazon-now,jivo-premium-cold-pressed-kachi-ghani-mustard-oil-5-litre-5l,Pune,410402,999,1250,20.1,1
2026-06-01-1200,2026-06-01,amazon-now,jivo-premium-cold-pressed-kachi-ghani-mustard-oil-5-litre-5l,Pune,410502,999,1250,20.1,1
2026-06-01-1200,2026-06-01,amazon-now,jivo-premium-cold-pressed-kachi-ghani-mustard-oil-5-litre-5l,Pune,410503,999,1250,20.1,1
2026-06-01-1200,2026-06-01,amazon-now,jivo-premium-cold-pressed-kachi-ghani-mustard-oil-5-litre-5l,Pune,411021,999,1250,20.1,1
2026-06-01-1200,2026-06-01,amazon-now,jivo-premium-cold-pressed-kachi-ghani-mustard-oil-5-litre-5l,Pune,412104,999,1250,20.1,1
2026-06-01-1200,2026-06-01,amazon-now,jivo-premium-cold-pressed-kachi-ghani-mustard-oil-5-litre-5l,Pune,412109,999,1250,20.1,1
2026-06-01-1200,2026-06-01,amazon-now,jivo-premium-cold-pressed-kachi-ghani-mustard-oil-5-litre-5l,Pune,412114,999,1250,20.1,1
2026-06-01-1200,2026-06-01,amazon-now,jivo-premium-cold-pressed-kachi-ghani-mustard-oil-5-litre-5l,Pune,412201,999,1250,20.1,1
2026-06-01-1200,2026-06-01,amazon-now,jivo-premium-cold-pressed-kachi-ghani-mustard-oil-5-litre-5l,Pune,412208,999,1250,20.1,1
2026-06-01-1200,2026-06-01,amazon-now,jivo-premium-cold-pressed-kachi-ghani-mustard-oil-5-litre-5l,Pune,412209,999,1250,20.1,1
2026-06-01-1200,2026-06-01,amazon-now,jivo-premium-cold-pressed-kachi-ghani-mustard-oil-5-litre-5l,Pune,412210,999,1250,20.1,1
2026-06-01-1200,2026-06-01,amazon-now,jivo-premium-cold-pressed-kachi-ghani-mustard-oil-5-litre-5l,Pune,412211,999,1250,20.1,1
2026-06-01-1200,2026-06-01,amazon-now,jivo-premium-cold-pressed-kachi-ghani-mustard-oil-5-litre-5l,Pune,412213,999,1250,20.1,1
2026-06-01-1200,2026-06-01,amazon-now,jivo-premium-cold-pressed-kachi-ghani-mustard-oil-5-litre-5l,Pune,412220,999,1250,20.1,1
2026-06-01-1200,2026-06-01,amazon-now,jivo-premium-cold-pressed-kachi-ghani-mustard-oil-5-litre-5l,Pune,412301,999,1250,20.1,1
2026-06-01-1200,2026-06-01,amazon-now,jivo-premium-cold-pressed-kachi-ghani-mustard-oil-5-litre-5l,Pune,412303,999,1250,20.1,1
2026-06-01-1200,2026-06-01,amazon-now,jivo-premium-cold-pressed-kachi-ghani-mustard-oil-5-litre-5l,Pune,412401,999,1250,20.1,1
2026-06-01-1200,2026-06-01,amazon-now,jivo-premium-cold-pressed-kachi-ghani-mustard-oil-5-litre-5l,Pune,412405,999,1250,20.1,1
2026-06-01-1200,2026-06-01,amazon-now,jivo-premium-cold-pressed-kachi-ghani-mustard-oil-5-litre-5l,Pune,412409,999,1250,20.1,1
2026-06-01-1200,2026-06-01,amazon-now,jivo-premium-cold-pressed-kachi-ghani-mustard-oil-5-litre-5l,Pune,412410,999,1250,20.1,1
2026-06-01-1200,2026-06-01,amazon-now,jivo-premium-cold-pressed-kachi-ghani-mustard-oil-5-litre-5l,Pune,413105,999,1250,20.1,1
2026-06-01-1200,2026-06-01,amazon-now,jivo-premium-cold-pressed-kachi-ghani-mustard-oil-5-litre-5l,Pune,413132,999,1250,20.1,1
2026-06-01-1200,2026-06-01,amazon-now,jivo-premium-cold-pressed-kachi-ghani-mustard-oil-5-litre-5l,Kolkata,700022,999,1250,20.1,1
2026-06-01-1200,2026-06-01,amazon-now,jivo-premium-cold-pressed-kachi-ghani-mustard-oil-5-litre-5l,Kolkata,700024,999,1250,20.1,1
2026-06-01-1200,2026-06-01,amazon-now,jivo-premium-cold-pressed-kachi-ghani-mustard-oil-5-litre-5l,Kolkata,700040,999,1250,20.1,1
2026-06-01-1200,2026-06-01,amazon-now,jivo-premium-cold-pressed-kachi-ghani-mustard-oil-5-litre-5l,Kolkata,700053,999,1250,20.1,1
2026-06-01-1200,2026-06-01,amazon-now,jivo-premium-cold-pressed-kachi-ghani-mustard-oil-5-litre-5l,Kolkata,700141,999,1250,20.1,1
2026-06-01-1200,2026-06-01,amazon-now,jivo-pure-extra-virgin-coconut-oil-1-litre-1l,Kolkata,700001,539,700,23,1
2026-06-01-1200,2026-06-01,amazon-now,jivo-pure-extra-virgin-coconut-oil-1-litre-1l,Kolkata,700015,539,700,23,1
2026-06-01-1200,2026-06-01,amazon-now,jivo-pure-extra-virgin-coconut-oil-1-litre-1l,Kolkata,700019,539,700,23,1
2026-06-01-1200,2026-06-01,amazon-now,jivo-pure-extra-virgin-coconut-oil-1-litre-1l,Kolkata,700022,539,700,23,1
2026-06-01-1200,2026-06-01,amazon-now,jivo-pure-extra-virgin-coconut-oil-1-litre-1l,Kolkata,700024,539,700,23,1
2026-06-01-1200,2026-06-01,amazon-now,jivo-pure-extra-virgin-coconut-oil-1-litre-1l,Kolkata,700053,539,700,23,1
2026-06-01-1200,2026-06-01,amazon-now,jivo-pure-extra-virgin-coconut-oil-1-litre-1l,Kolkata,700069,539,700,23,1
2026-06-01-1200,2026-06-01,amazon-now,jivo-pure-extra-virgin-coconut-oil-1-litre-1l,Kolkata,700089,539,700,23,1
2026-06-01-1200,2026-06-01,amazon-now,jivo-pure-extra-virgin-coconut-oil-1-litre-1l,Kolkata,700107,539,700,23,1
2026-06-01-1200,2026-06-01,amazon-now,jivo-pure-extra-virgin-coconut-oil-1-litre-1l,Kolkata,700141,539,700,23,1
2026-06-01-1200,2026-06-01,amazon-now,jivo-pure-extra-virgin-coconut-oil-500-ml-500ml,Mumbai,400001,265,399,33.6,1
2026-06-01-1200,2026-06-01,amazon-now,jivo-pure-extra-virgin-coconut-oil-500-ml-500ml,Mumbai,400003,265,399,33.6,1
2026-06-01-1200,2026-06-01,amazon-now,jivo-pure-extra-virgin-coconut-oil-500-ml-500ml,Mumbai,400004,265,399,33.6,1
2026-06-01-1200,2026-06-01,amazon-now,jivo-pure-extra-virgin-coconut-oil-500-ml-500ml,Mumbai,400005,265,399,33.6,1
2026-06-01-1200,2026-06-01,amazon-now,jivo-pure-extra-virgin-coconut-oil-500-ml-500ml,Mumbai,400006,265,399,33.6,1
2026-06-01-1200,2026-06-01,amazon-now,jivo-pure-extra-virgin-coconut-oil-500-ml-500ml,Mumbai,400007,265,399,33.6,1
2026-06-01-1200,2026-06-01,amazon-now,jivo-pure-extra-virgin-coconut-oil-500-ml-500ml,Mumbai,400010,265,399,33.6,1
2026-06-01-1200,2026-06-01,amazon-now,jivo-pure-extra-virgin-coconut-oil-500-ml-500ml,Mumbai,400011,265,399,33.6,1
2026-06-01-1200,2026-06-01,amazon-now,jivo-pure-extra-virgin-coconut-oil-500-ml-500ml,Mumbai,400012,265,399,33.6,1
2026-06-01-1200,2026-06-01,amazon-now,jivo-pure-extra-virgin-coconut-oil-500-ml-500ml,Mumbai,400013,265,399,33.6,1
2026-06-01-1200,2026-06-01,amazon-now,jivo-pure-extra-virgin-coconut-oil-500-ml-500ml,Mumbai,400015,265,399,33.6,1
2026-06-01-1200,2026-06-01,amazon-now,jivo-pure-extra-virgin-coconut-oil-500-ml-500ml,Mumbai,400017,265,399,33.6,1
2026-06-01-1200,2026-06-01,amazon-now,jivo-pure-extra-virgin-coconut-oil-500-ml-500ml,Mumbai,400018,265,399,33.6,1
2026-06-01-1200,2026-06-01,amazon-now,jivo-pure-extra-virgin-coconut-oil-500-ml-500ml,Mumbai,400019,265,399,33.6,1
2026-06-01-1200,2026-06-01,amazon-now,jivo-pure-extra-virgin-coconut-oil-500-ml-500ml,Mumbai,400020,265,399,33.6,1
2026-06-01-1200,2026-06-01,amazon-now,jivo-pure-extra-virgin-coconut-oil-500-ml-500ml,Mumbai,400021,265,399,33.6,1
2026-06-01-1200,2026-06-01,amazon-now,jivo-pure-extra-virgin-coconut-oil-500-ml-500ml,Mumbai,400025,265,399,33.6,1
2026-06-01-1200,2026-06-01,amazon-now,jivo-pure-extra-virgin-coconut-oil-500-ml-500ml,Mumbai,400026,265,399,33.6,1
2026-06-01-1200,2026-06-01,amazon-now,jivo-pure-extra-virgin-coconut-oil-500-ml-500ml,Mumbai,400030,265,399,33.6,1
2026-06-01-1200,2026-06-01,amazon-now,jivo-pure-extra-virgin-coconut-oil-500-ml-500ml,Mumbai,400033,265,399,33.6,1
2026-06-01-1200,2026-06-01,amazon-now,jivo-pure-extra-virgin-coconut-oil-500-ml-500ml,Mumbai,400041,265,399,33.6,1
2026-06-01-1200,2026-06-01,amazon-now,jivo-pure-extra-virgin-coconut-oil-500-ml-500ml,Mumbai,400090,265,399,33.6,1
2026-06-01-1200,2026-06-01,amazon-now,jivo-pure-extra-virgin-coconut-oil-500-ml-500ml,Mumbai,400601,265,399,33.6,1
2026-06-01-1200,2026-06-01,amazon-now,jivo-pure-extra-virgin-coconut-oil-500-ml-500ml,Mumbai,400701,265,399,33.6,1
2026-06-01-1200,2026-06-01,amazon-now,jivo-pure-extra-virgin-coconut-oil-500-ml-500ml,Mumbai,400703,265,399,33.6,1
2026-06-01-1200,2026-06-01,amazon-now,jivo-pure-extra-virgin-coconut-oil-500-ml-500ml,Pune,411001,265,399,33.6,1
2026-06-01-1200,2026-06-01,amazon-now,jivo-pure-extra-virgin-coconut-oil-500-ml-500ml,Pune,411003,265,399,33.6,1
2026-06-01-1200,2026-06-01,amazon-now,jivo-pure-extra-virgin-coconut-oil-500-ml-500ml,Pune,411004,265,399,33.6,1
2026-06-01-1200,2026-06-01,amazon-now,jivo-pure-extra-virgin-coconut-oil-500-ml-500ml,Pune,411005,265,399,33.6,1
2026-06-01-1200,2026-06-01,amazon-now,jivo-pure-extra-virgin-coconut-oil-500-ml-500ml,Pune,411006,265,399,33.6,1
2026-06-01-1200,2026-06-01,amazon-now,jivo-pure-extra-virgin-coconut-oil-500-ml-500ml,Pune,411011,265,399,33.6,1
2026-06-01-1200,2026-06-01,amazon-now,jivo-pure-extra-virgin-coconut-oil-500-ml-500ml,Pune,411012,265,399,33.6,1
2026-06-01-1200,2026-06-01,amazon-now,jivo-pure-extra-virgin-coconut-oil-500-ml-500ml,Pune,411014,265,399,33.6,1
2026-06-01-1200,2026-06-01,amazon-now,jivo-pure-extra-virgin-coconut-oil-500-ml-500ml,Pune,411015,265,399,33.6,1
2026-06-01-1200,2026-06-01,amazon-now,jivo-pure-extra-virgin-coconut-oil-500-ml-500ml,Pune,411020,265,399,33.6,1
2026-06-01-1200,2026-06-01,amazon-now,jivo-pure-extra-virgin-coconut-oil-500-ml-500ml,Pune,411028,265,399,33.6,1
2026-06-01-1200,2026-06-01,amazon-now,jivo-pure-extra-virgin-coconut-oil-500-ml-500ml,Pune,411030,265,399,33.6,1
2026-06-01-1200,2026-06-01,amazon-now,jivo-pure-extra-virgin-coconut-oil-500-ml-500ml,Pune,411035,265,399,33.6,1
2026-06-01-1200,2026-06-01,amazon-now,jivo-pure-extra-virgin-coconut-oil-500-ml-500ml,Pune,411036,265,399,33.6,1
2026-06-01-1200,2026-06-01,amazon-now,jivo-pure-extra-virgin-coconut-oil-500-ml-500ml,Pune,411040,265,399,33.6,1
2026-06-01-1200,2026-06-01,amazon-now,jivo-pure-extra-virgin-coconut-oil-500-ml-500ml,Pune,411045,265,399,33.6,1
2026-06-01-1200,2026-06-01,amazon-now,jivo-pure-extra-virgin-coconut-oil-500-ml-500ml,Pune,411047,265,399,33.6,1
2026-06-01-1200,2026-06-01,amazon-now,jivo-pure-extra-virgin-coconut-oil-500-ml-500ml,Pune,411051,265,399,33.6,1
2026-06-01-1200,2026-06-01,amazon-now,jivo-pure-extra-virgin-coconut-oil-500-ml-500ml,Pune,412308,265,399,33.6,1
2026-06-01-1200,2026-06-01,amazon-now,jivo-rice-bran-oil-1-litre-cooking-oil-1l,Delhi,110001,189,285,33.7,1
2026-06-01-1200,2026-06-01,amazon-now,jivo-rice-bran-oil-1-litre-cooking-oil-1l,Delhi,110002,189,285,33.7,1
2026-06-01-1200,2026-06-01,amazon-now,jivo-rice-bran-oil-1-litre-cooking-oil-1l,Delhi,110004,189,285,33.7,1
2026-06-01-1200,2026-06-01,amazon-now,jivo-rice-bran-oil-1-litre-cooking-oil-1l,Delhi,110006,189,285,33.7,1
2026-06-01-1200,2026-06-01,amazon-now,jivo-rice-bran-oil-1-litre-cooking-oil-1l,Delhi,110021,189,285,33.7,1
2026-06-01-1200,2026-06-01,amazon-now,jivo-rice-bran-oil-1-litre-cooking-oil-1l,Delhi,110031,189,285,33.7,1
2026-06-01-1200,2026-06-01,amazon-now,jivo-rice-bran-oil-1-litre-cooking-oil-1l,Delhi,110037,189,285,33.7,1
2026-06-01-1200,2026-06-01,amazon-now,jivo-rice-bran-oil-1-litre-cooking-oil-1l,Delhi,110053,189,285,33.7,1
2026-06-01-1200,2026-06-01,amazon-now,jivo-rice-bran-oil-1-litre-cooking-oil-1l,Delhi,110054,189,285,33.7,1
2026-06-01-1200,2026-06-01,amazon-now,jivo-rice-bran-oil-1-litre-cooking-oil-1l,Delhi,110055,189,285,33.7,1
2026-06-01-1200,2026-06-01,amazon-now,jivo-rice-bran-oil-1-litre-cooking-oil-1l,Delhi,110061,189,285,33.7,1
2026-06-01-1200,2026-06-01,amazon-now,jivo-rice-bran-oil-1-litre-cooking-oil-1l,Delhi,110067,189,285,33.7,1
2026-06-01-1200,2026-06-01,amazon-now,jivo-rice-bran-oil-1-litre-cooking-oil-1l,Delhi,110070,189,285,33.7,1
2026-06-01-1200,2026-06-01,amazon-now,jivo-rice-bran-oil-1-litre-cooking-oil-1l,Delhi,110091,189,285,33.7,1
2026-06-01-1200,2026-06-01,amazon-now,jivo-rice-bran-oil-1-litre-cooking-oil-1l,Gurgaon,122001,189,285,33.7,1
2026-06-01-1200,2026-06-01,amazon-now,jivo-rice-bran-oil-1-litre-cooking-oil-1l,Gurgaon,122010,189,285,33.7,1
2026-06-01-1200,2026-06-01,amazon-now,jivo-rice-bran-oil-1-litre-cooking-oil-1l,Mumbai,400001,189,285,33.7,1
2026-06-01-1200,2026-06-01,amazon-now,jivo-rice-bran-oil-1-litre-cooking-oil-1l,Mumbai,400003,189,285,33.7,1
2026-06-01-1200,2026-06-01,amazon-now,jivo-rice-bran-oil-1-litre-cooking-oil-1l,Mumbai,400004,189,285,33.7,1
2026-06-01-1200,2026-06-01,amazon-now,jivo-rice-bran-oil-1-litre-cooking-oil-1l,Mumbai,400005,189,285,33.7,1
2026-06-01-1200,2026-06-01,amazon-now,jivo-rice-bran-oil-1-litre-cooking-oil-1l,Mumbai,400006,189,285,33.7,1
2026-06-01-1200,2026-06-01,amazon-now,jivo-rice-bran-oil-1-litre-cooking-oil-1l,Mumbai,400007,189,285,33.7,1
2026-06-01-1200,2026-06-01,amazon-now,jivo-rice-bran-oil-1-litre-cooking-oil-1l,Mumbai,400010,189,285,33.7,1
2026-06-01-1200,2026-06-01,amazon-now,jivo-rice-bran-oil-1-litre-cooking-oil-1l,Mumbai,400011,189,285,33.7,1
2026-06-01-1200,2026-06-01,amazon-now,jivo-rice-bran-oil-1-litre-cooking-oil-1l,Mumbai,400012,189,285,33.7,1
2026-06-01-1200,2026-06-01,amazon-now,jivo-rice-bran-oil-1-litre-cooking-oil-1l,Mumbai,400013,189,285,33.7,1
2026-06-01-1200,2026-06-01,amazon-now,jivo-rice-bran-oil-1-litre-cooking-oil-1l,Mumbai,400015,189,285,33.7,1
2026-06-01-1200,2026-06-01,amazon-now,jivo-rice-bran-oil-1-litre-cooking-oil-1l,Mumbai,400017,189,285,33.7,1
2026-06-01-1200,2026-06-01,amazon-now,jivo-rice-bran-oil-1-litre-cooking-oil-1l,Mumbai,400018,189,285,33.7,1
2026-06-01-1200,2026-06-01,amazon-now,jivo-rice-bran-oil-1-litre-cooking-oil-1l,Mumbai,400019,189,285,33.7,1
2026-06-01-1200,2026-06-01,amazon-now,jivo-rice-bran-oil-1-litre-cooking-oil-1l,Mumbai,400020,189,285,33.7,1
2026-06-01-1200,2026-06-01,amazon-now,jivo-rice-bran-oil-1-litre-cooking-oil-1l,Mumbai,400021,189,285,33.7,1
2026-06-01-1200,2026-06-01,amazon-now,jivo-rice-bran-oil-1-litre-cooking-oil-1l,Mumbai,400025,189,285,33.7,1
2026-06-01-1200,2026-06-01,amazon-now,jivo-rice-bran-oil-1-litre-cooking-oil-1l,Mumbai,400026,189,285,33.7,1
2026-06-01-1200,2026-06-01,amazon-now,jivo-rice-bran-oil-1-litre-cooking-oil-1l,Mumbai,400030,189,285,33.7,1
2026-06-01-1200,2026-06-01,amazon-now,jivo-rice-bran-oil-1-litre-cooking-oil-1l,Mumbai,400033,189,285,33.7,1
2026-06-01-1200,2026-06-01,amazon-now,jivo-rice-bran-oil-1-litre-cooking-oil-1l,Mumbai,400041,189,285,33.7,1
2026-06-01-1200,2026-06-01,amazon-now,jivo-rice-bran-oil-1-litre-cooking-oil-1l,Mumbai,400090,169,285,40.7,1
2026-06-01-1200,2026-06-01,amazon-now,jivo-rice-bran-oil-1-litre-cooking-oil-1l,Pune,411001,189,285,33.7,1
2026-06-01-1200,2026-06-01,amazon-now,jivo-rice-bran-oil-1-litre-cooking-oil-1l,Pune,411004,189,285,33.7,1
2026-06-01-1200,2026-06-01,amazon-now,jivo-rice-bran-oil-1-litre-cooking-oil-1l,Pune,411005,189,285,33.7,1
2026-06-01-1200,2026-06-01,amazon-now,jivo-rice-bran-oil-1-litre-cooking-oil-1l,Pune,411006,189,285,33.7,1
2026-06-01-1200,2026-06-01,amazon-now,jivo-rice-bran-oil-1-litre-cooking-oil-1l,Pune,411011,189,285,33.7,1
2026-06-01-1200,2026-06-01,amazon-now,jivo-rice-bran-oil-1-litre-cooking-oil-1l,Pune,411014,189,285,33.7,1
2026-06-01-1200,2026-06-01,amazon-now,jivo-rice-bran-oil-1-litre-cooking-oil-1l,Pune,411015,189,285,33.7,1
2026-06-01-1200,2026-06-01,amazon-now,jivo-rice-bran-oil-1-litre-cooking-oil-1l,Pune,411028,189,285,33.7,1
2026-06-01-1200,2026-06-01,amazon-now,jivo-rice-bran-oil-1-litre-cooking-oil-1l,Pune,411030,189,285,33.7,1
2026-06-01-1200,2026-06-01,amazon-now,jivo-rice-bran-oil-1-litre-cooking-oil-1l,Pune,411036,189,285,33.7,1
2026-06-01-1200,2026-06-01,amazon-now,jivo-rice-bran-oil-1-litre-cooking-oil-1l,Pune,411040,189,285,33.7,1
2026-06-01-1200,2026-06-01,amazon-now,jivo-rice-bran-oil-1-litre-cooking-oil-1l,Pune,411047,189,285,33.7,1
2026-06-01-1200,2026-06-01,amazon-now,jivo-rice-bran-oil-1-litre-cooking-oil-1l,Pune,411051,189,285,33.7,1
2026-06-01-1200,2026-06-01,amazon-now,jivo-rice-bran-oil-1-litre-cooking-oil-1l,Pune,412308,189,285,33.7,1
2026-06-01-1200,2026-06-01,amazon-now,jivo-rice-bran-oil-1-litre-cooking-oil-1l,Kolkata,700001,189,285,33.7,1
2026-06-01-1200,2026-06-01,amazon-now,jivo-rice-bran-oil-1-litre-cooking-oil-1l,Kolkata,700015,189,285,33.7,1
2026-06-01-1200,2026-06-01,amazon-now,jivo-rice-bran-oil-1-litre-cooking-oil-1l,Kolkata,700019,189,285,33.7,1
2026-06-01-1200,2026-06-01,amazon-now,jivo-rice-bran-oil-1-litre-cooking-oil-1l,Kolkata,700069,189,285,33.7,1
2026-06-01-1200,2026-06-01,amazon-now,jivo-rice-bran-oil-1-litre-cooking-oil-1l,Kolkata,700107,189,285,33.7,1
2026-06-01-1200,2026-06-01,amazon-now,jivo-rice-bran-oil-5-litre-5l,Delhi,110003,909,1425,36.2,1
2026-06-01-1200,2026-06-01,amazon-now,jivo-rice-bran-oil-5-litre-5l,Delhi,110013,909,1425,36.2,1
2026-06-01-1200,2026-06-01,amazon-now,jivo-rice-bran-oil-5-litre-5l,Delhi,110014,909,1425,36.2,1
2026-06-01-1200,2026-06-01,amazon-now,jivo-rice-bran-oil-5-litre-5l,Delhi,110016,909,1425,36.2,1
2026-06-01-1200,2026-06-01,amazon-now,jivo-rice-bran-oil-5-litre-5l,Delhi,110017,909,1425,36.2,1
2026-06-01-1200,2026-06-01,amazon-now,jivo-rice-bran-oil-5-litre-5l,Delhi,110024,909,1425,36.2,1
2026-06-01-1200,2026-06-01,amazon-now,jivo-rice-bran-oil-5-litre-5l,Delhi,110025,909,1425,36.2,1
2026-06-01-1200,2026-06-01,amazon-now,jivo-rice-bran-oil-5-litre-5l,Delhi,110036,909,1425,36.2,1
2026-06-01-1200,2026-06-01,amazon-now,jivo-rice-bran-oil-5-litre-5l,Delhi,110039,909,1425,36.2,1
2026-06-01-1200,2026-06-01,amazon-now,jivo-rice-bran-oil-5-litre-5l,Delhi,110040,909,1425,36.2,1
2026-06-01-1200,2026-06-01,amazon-now,jivo-rice-bran-oil-5-litre-5l,Delhi,110041,909,1425,36.2,1
2026-06-01-1200,2026-06-01,amazon-now,jivo-rice-bran-oil-5-litre-5l,Delhi,110044,909,1425,36.2,1
2026-06-01-1200,2026-06-01,amazon-now,jivo-rice-bran-oil-5-litre-5l,Delhi,110048,909,1425,36.2,1
2026-06-01-1200,2026-06-01,amazon-now,jivo-rice-bran-oil-5-litre-5l,Delhi,110062,909,1425,36.2,1
2026-06-01-1200,2026-06-01,amazon-now,jivo-rice-bran-oil-5-litre-5l,Delhi,110065,909,1425,36.2,1
2026-06-01-1200,2026-06-01,amazon-now,jivo-rice-bran-oil-5-litre-5l,Delhi,110076,909,1425,36.2,1
2026-06-01-1200,2026-06-01,amazon-now,jivo-rice-bran-oil-5-litre-5l,Delhi,110081,909,1425,36.2,1
2026-06-01-1200,2026-06-01,amazon-now,jivo-rice-bran-oil-5-litre-5l,Delhi,110084,909,1425,36.2,1
2026-06-01-1200,2026-06-01,amazon-now,jivo-rice-bran-oil-5-litre-5l,Faridabad,121004,909,1425,36.2,1
2026-06-01-1200,2026-06-01,amazon-now,jivo-rice-bran-oil-5-litre-5l,Faridabad,121011,909,1425,36.2,1
2026-06-01-1200,2026-06-01,amazon-now,jivo-rice-bran-oil-5-litre-5l,Faridabad,121101,909,1425,36.2,1
2026-06-01-1200,2026-06-01,amazon-now,jivo-rice-bran-oil-5-litre-5l,Gurgaon,121104,909,1425,36.2,1
2026-06-01-1200,2026-06-01,amazon-now,jivo-rice-bran-oil-5-litre-5l,Gurgaon,122051,909,1425,36.2,1
2026-06-01-1200,2026-06-01,amazon-now,jivo-rice-bran-oil-5-litre-5l,Gurgaon,122105,909,1425,36.2,1
2026-06-01-1200,2026-06-01,amazon-now,jivo-rice-bran-oil-5-litre-5l,Gurgaon,122106,909,1425,36.2,1
2026-06-01-1200,2026-06-01,amazon-now,jivo-rice-bran-oil-5-litre-5l,Gurgaon,123003,909,1425,36.2,1
2026-06-01-1200,2026-06-01,amazon-now,jivo-rice-bran-oil-5-litre-5l,Gurgaon,123413,909,1425,36.2,1
2026-06-01-1200,2026-06-01,amazon-now,jivo-rice-bran-oil-5-litre-5l,Gurgaon,123502,909,1425,36.2,1
2026-06-01-1200,2026-06-01,amazon-now,jivo-rice-bran-oil-5-litre-5l,Gurgaon,123505,909,1425,36.2,1
2026-06-01-1200,2026-06-01,amazon-now,jivo-rice-bran-oil-5-litre-5l,Ludhiana,141007,909,1425,36.2,1
2026-06-01-1200,2026-06-01,amazon-now,jivo-rice-bran-oil-5-litre-5l,Ludhiana,141106,909,1425,36.2,1
2026-06-01-1200,2026-06-01,amazon-now,jivo-rice-bran-oil-5-litre-5l,Ludhiana,141107,909,1425,36.2,1
2026-06-01-1200,2026-06-01,amazon-now,jivo-rice-bran-oil-5-litre-5l,Ludhiana,141108,909,1425,36.2,1
2026-06-01-1200,2026-06-01,amazon-now,jivo-rice-bran-oil-5-litre-5l,Ludhiana,141125,909,1425,36.2,1
2026-06-01-1200,2026-06-01,amazon-now,jivo-rice-bran-oil-5-litre-5l,Ludhiana,141126,909,1425,36.2,1
2026-06-01-1200,2026-06-01,amazon-now,jivo-rice-bran-oil-5-litre-5l,Ludhiana,141202,909,1425,36.2,1
2026-06-01-1200,2026-06-01,amazon-now,jivo-rice-bran-oil-5-litre-5l,Ludhiana,141204,909,1425,36.2,1
2026-06-01-1200,2026-06-01,amazon-now,jivo-rice-bran-oil-5-litre-5l,Ludhiana,141206,909,1425,36.2,1
2026-06-01-1200,2026-06-01,amazon-now,jivo-rice-bran-oil-5-litre-5l,Ludhiana,141412,909,1425,36.2,1
2026-06-01-1200,2026-06-01,amazon-now,jivo-rice-bran-oil-5-litre-5l,Ludhiana,141413,909,1425,36.2,1
2026-06-01-1200,2026-06-01,amazon-now,jivo-rice-bran-oil-5-litre-5l,Ludhiana,141414,909,1425,36.2,1
2026-06-01-1200,2026-06-01,amazon-now,jivo-rice-bran-oil-5-litre-5l,Ludhiana,141415,909,1425,36.2,1
2026-06-01-1200,2026-06-01,amazon-now,jivo-rice-bran-oil-5-litre-5l,Ludhiana,141417,909,1425,36.2,1
2026-06-01-1200,2026-06-01,amazon-now,jivo-rice-bran-oil-5-litre-5l,Ludhiana,141419,909,1425,36.2,1
2026-06-01-1200,2026-06-01,amazon-now,jivo-rice-bran-oil-5-litre-5l,Ludhiana,142023,909,1425,36.2,1
2026-06-01-1200,2026-06-01,amazon-now,jivo-rice-bran-oil-5-litre-5l,Ludhiana,142024,909,1425,36.2,1
2026-06-01-1200,2026-06-01,amazon-now,jivo-rice-bran-oil-5-litre-5l,Ludhiana,142026,909,1425,36.2,1
2026-06-01-1200,2026-06-01,amazon-now,jivo-rice-bran-oil-5-litre-5l,Ludhiana,142029,909,1425,36.2,1
2026-06-01-1200,2026-06-01,amazon-now,jivo-rice-bran-oil-5-litre-5l,Ludhiana,142030,909,1425,36.2,1
2026-06-01-1200,2026-06-01,amazon-now,jivo-rice-bran-oil-5-litre-5l,Ludhiana,142031,909,1425,36.2,1
2026-06-01-1200,2026-06-01,amazon-now,jivo-rice-bran-oil-5-litre-5l,Ludhiana,142032,909,1425,36.2,1
2026-06-01-1200,2026-06-01,amazon-now,jivo-rice-bran-oil-5-litre-5l,Ludhiana,142035,909,1425,36.2,1
2026-06-01-1200,2026-06-01,amazon-now,jivo-rice-bran-oil-5-litre-5l,Ludhiana,142036,909,1425,36.2,1
2026-06-01-1200,2026-06-01,amazon-now,jivo-rice-bran-oil-5-litre-5l,Chandigarh,160021,909,1425,36.2,1
2026-06-01-1200,2026-06-01,amazon-now,jivo-rice-bran-oil-5-litre-5l,Ghaziabad,201003,909,1425,36.2,1
2026-06-01-1200,2026-06-01,amazon-now,jivo-rice-bran-oil-5-litre-5l,Noida,201008,909,1425,36.2,1
2026-06-01-1200,2026-06-01,amazon-now,jivo-rice-bran-oil-5-litre-5l,Ghaziabad,201201,909,1425,36.2,1
2026-06-01-1200,2026-06-01,amazon-now,jivo-rice-bran-oil-5-litre-5l,Ghaziabad,201204,909,1425,36.2,1
2026-06-01-1200,2026-06-01,amazon-now,jivo-rice-bran-oil-5-litre-5l,Ghaziabad,201302,909,1425,36.2,1
2026-06-01-1200,2026-06-01,amazon-now,jivo-rice-bran-oil-5-litre-5l,Noida,203207,909,1425,36.2,1
2026-06-01-1200,2026-06-01,amazon-now,jivo-rice-bran-oil-5-litre-5l,Ghaziabad,245304,909,1425,36.2,1
2026-06-01-1200,2026-06-01,amazon-now,jivo-rice-bran-oil-5-litre-5l,Jaipur,302011,909,1425,36.2,1
2026-06-01-1200,2026-06-01,amazon-now,jivo-rice-bran-oil-5-litre-5l,Jaipur,302022,909,1425,36.2,1
2026-06-01-1200,2026-06-01,amazon-now,jivo-rice-bran-oil-5-litre-5l,Jaipur,302025,909,1425,36.2,1
2026-06-01-1200,2026-06-01,amazon-now,jivo-rice-bran-oil-5-litre-5l,Jaipur,302026,909,1425,36.2,1
2026-06-01-1200,2026-06-01,amazon-now,jivo-rice-bran-oil-5-litre-5l,Jaipur,302028,909,1425,36.2,1
2026-06-01-1200,2026-06-01,amazon-now,jivo-rice-bran-oil-5-litre-5l,Jaipur,302029,909,1425,36.2,1
2026-06-01-1200,2026-06-01,amazon-now,jivo-rice-bran-oil-5-litre-5l,Jaipur,303001,909,1425,36.2,1
2026-06-01-1200,2026-06-01,amazon-now,jivo-rice-bran-oil-5-litre-5l,Jaipur,303002,909,1425,36.2,1
2026-06-01-1200,2026-06-01,amazon-now,jivo-rice-bran-oil-5-litre-5l,Jaipur,303003,909,1425,36.2,1
2026-06-01-1200,2026-06-01,amazon-now,jivo-rice-bran-oil-5-litre-5l,Jaipur,303006,909,1425,36.2,1
2026-06-01-1200,2026-06-01,amazon-now,jivo-rice-bran-oil-5-litre-5l,Jaipur,303009,909,1425,36.2,1
2026-06-01-1200,2026-06-01,amazon-now,jivo-rice-bran-oil-5-litre-5l,Jaipur,303012,909,1425,36.2,1
2026-06-01-1200,2026-06-01,amazon-now,jivo-rice-bran-oil-5-litre-5l,Jaipur,303103,909,1425,36.2,1
2026-06-01-1200,2026-06-01,amazon-now,jivo-rice-bran-oil-5-litre-5l,Jaipur,303105,909,1425,36.2,1
2026-06-01-1200,2026-06-01,amazon-now,jivo-rice-bran-oil-5-litre-5l,Jaipur,303107,909,1425,36.2,1
2026-06-01-1200,2026-06-01,amazon-now,jivo-rice-bran-oil-5-litre-5l,Jaipur,303108,909,1425,36.2,1
2026-06-01-1200,2026-06-01,amazon-now,jivo-rice-bran-oil-5-litre-5l,Jaipur,303109,909,1425,36.2,1
2026-06-01-1200,2026-06-01,amazon-now,jivo-rice-bran-oil-5-litre-5l,Jaipur,303110,909,1425,36.2,1
2026-06-01-1200,2026-06-01,amazon-now,jivo-rice-bran-oil-5-litre-5l,Jaipur,303120,909,1425,36.2,1
2026-06-01-1200,2026-06-01,amazon-now,jivo-rice-bran-oil-5-litre-5l,Jaipur,303328,909,1425,36.2,1
2026-06-01-1200,2026-06-01,amazon-now,jivo-rice-bran-oil-5-litre-5l,Jaipur,303329,909,1425,36.2,1
2026-06-01-1200,2026-06-01,amazon-now,jivo-rice-bran-oil-5-litre-5l,Jaipur,303348,909,1425,36.2,1
2026-06-01-1200,2026-06-01,amazon-now,jivo-rice-bran-oil-5-litre-5l,Jaipur,303602,909,1425,36.2,1
2026-06-01-1200,2026-06-01,amazon-now,jivo-rice-bran-oil-5-litre-5l,Jaipur,303604,909,1425,36.2,1
2026-06-01-1200,2026-06-01,amazon-now,jivo-rice-bran-oil-5-litre-5l,Jaipur,303701,909,1425,36.2,1
2026-06-01-1200,2026-06-01,amazon-now,jivo-rice-bran-oil-5-litre-5l,Jaipur,303706,909,1425,36.2,1
2026-06-01-1200,2026-06-01,amazon-now,jivo-rice-bran-oil-5-litre-5l,Jaipur,303712,909,1425,36.2,1
2026-06-01-1200,2026-06-01,amazon-now,jivo-rice-bran-oil-5-litre-5l,Jaipur,303802,909,1425,36.2,1
2026-06-01-1200,2026-06-01,amazon-now,jivo-rice-bran-oil-5-litre-5l,Jaipur,303803,909,1425,36.2,1
2026-06-01-1200,2026-06-01,amazon-now,jivo-rice-bran-oil-5-litre-5l,Jaipur,303804,909,1425,36.2,1
2026-06-01-1200,2026-06-01,amazon-now,jivo-rice-bran-oil-5-litre-5l,Jaipur,303806,909,1425,36.2,1
2026-06-01-1200,2026-06-01,amazon-now,jivo-rice-bran-oil-5-litre-5l,Jaipur,303807,909,1425,36.2,1
2026-06-01-1200,2026-06-01,amazon-now,jivo-rice-bran-oil-5-litre-5l,Jaipur,303901,909,1425,36.2,1
2026-06-01-1200,2026-06-01,amazon-now,jivo-rice-bran-oil-5-litre-5l,Jaipur,303905,909,1425,36.2,1
2026-06-01-1200,2026-06-01,amazon-now,jivo-rice-bran-oil-5-litre-5l,Jaipur,303908,909,1425,36.2,1
2026-06-01-1200,2026-06-01,amazon-now,jivo-rice-bran-oil-5-litre-5l,Mumbai,400601,909,1425,36.2,1
2026-06-01-1200,2026-06-01,amazon-now,jivo-rice-bran-oil-5-litre-5l,Mumbai,400701,909,1425,36.2,1
2026-06-01-1200,2026-06-01,amazon-now,jivo-rice-bran-oil-5-litre-5l,Mumbai,400703,909,1425,36.2,1
2026-06-01-1200,2026-06-01,amazon-now,jivo-rice-bran-oil-5-litre-5l,Kolkata,700022,909,1425,36.2,1
2026-06-01-1200,2026-06-01,amazon-now,jivo-rice-bran-oil-5-litre-5l,Kolkata,700024,909,1425,36.2,1
2026-06-01-1200,2026-06-01,amazon-now,jivo-rice-bran-oil-5-litre-5l,Kolkata,700040,909,1425,36.2,1
2026-06-01-1200,2026-06-01,amazon-now,jivo-rice-bran-oil-5-litre-5l,Kolkata,700053,909,1425,36.2,1
2026-06-01-1200,2026-06-01,amazon-now,jivo-rice-bran-oil-5-litre-5l,Kolkata,700141,909,1425,36.2,1
2026-06-01-1200,2026-06-01,amazon-now,jivo-so-olive-oil-1-litre-1l,Delhi,110006,,,,1
2026-06-01-1200,2026-06-01,amazon-now,jivo-so-olive-oil-1-litre-1l,Jaipur,303110,,,,1
2026-06-01-1200,2026-06-01,amazon-now,jivo-so-olive-oil-1-litre-1l,Surat,394160,237,325,27.1,1
2026-06-01-1200,2026-06-01,amazon-now,jivo-so-olive-oil-1-litre-1l,Surat,394185,237,325,27.1,1
2026-06-01-1200,2026-06-01,amazon-now,jivo-so-olive-oil-1-litre-1l,Surat,394410,237,325,27.1,1
2026-06-01-1200,2026-06-01,amazon-now,jivo-so-olive-oil-1-litre-1l,Surat,394510,237,325,27.1,1
2026-06-01-1200,2026-06-01,amazon-now,jivo-so-olive-oil-1-litre-1l,Surat,394540,237,325,27.1,1
2026-06-01-1200,2026-06-01,amazon-now,jivo-so-olive-oil-1-litre-1l,Mumbai,400001,249,325,23.4,1
2026-06-01-1200,2026-06-01,amazon-now,jivo-so-olive-oil-1-litre-1l,Mumbai,400003,249,325,23.4,1
2026-06-01-1200,2026-06-01,amazon-now,jivo-so-olive-oil-1-litre-1l,Mumbai,400004,249,325,23.4,1
2026-06-01-1200,2026-06-01,amazon-now,jivo-so-olive-oil-1-litre-1l,Mumbai,400005,249,325,23.4,1
2026-06-01-1200,2026-06-01,amazon-now,jivo-so-olive-oil-1-litre-1l,Mumbai,400006,249,325,23.4,1
2026-06-01-1200,2026-06-01,amazon-now,jivo-so-olive-oil-1-litre-1l,Mumbai,400007,249,325,23.4,1
2026-06-01-1200,2026-06-01,amazon-now,jivo-so-olive-oil-1-litre-1l,Mumbai,400010,249,325,23.4,1
2026-06-01-1200,2026-06-01,amazon-now,jivo-so-olive-oil-1-litre-1l,Mumbai,400011,249,325,23.4,1
2026-06-01-1200,2026-06-01,amazon-now,jivo-so-olive-oil-1-litre-1l,Mumbai,400012,249,325,23.4,1
2026-06-01-1200,2026-06-01,amazon-now,jivo-so-olive-oil-1-litre-1l,Mumbai,400013,249,325,23.4,1
2026-06-01-1200,2026-06-01,amazon-now,jivo-so-olive-oil-1-litre-1l,Mumbai,400015,249,325,23.4,1
2026-06-01-1200,2026-06-01,amazon-now,jivo-so-olive-oil-1-litre-1l,Mumbai,400017,249,325,23.4,1
2026-06-01-1200,2026-06-01,amazon-now,jivo-so-olive-oil-1-litre-1l,Mumbai,400018,249,325,23.4,1
2026-06-01-1200,2026-06-01,amazon-now,jivo-so-olive-oil-1-litre-1l,Mumbai,400019,249,325,23.4,1
2026-06-01-1200,2026-06-01,amazon-now,jivo-so-olive-oil-1-litre-1l,Mumbai,400020,249,325,23.4,1
2026-06-01-1200,2026-06-01,amazon-now,jivo-so-olive-oil-1-litre-1l,Mumbai,400021,249,325,23.4,1
2026-06-01-1200,2026-06-01,amazon-now,jivo-so-olive-oil-1-litre-1l,Mumbai,400023,249,325,23.4,1
2026-06-01-1200,2026-06-01,amazon-now,jivo-so-olive-oil-1-litre-1l,Mumbai,400025,249,325,23.4,1
2026-06-01-1200,2026-06-01,amazon-now,jivo-so-olive-oil-1-litre-1l,Mumbai,400026,249,325,23.4,1
2026-06-01-1200,2026-06-01,amazon-now,jivo-so-olive-oil-1-litre-1l,Mumbai,400030,249,325,23.4,1
2026-06-01-1200,2026-06-01,amazon-now,jivo-so-olive-oil-1-litre-1l,Mumbai,400033,249,325,23.4,1
2026-06-01-1200,2026-06-01,amazon-now,jivo-so-olive-oil-1-litre-1l,Mumbai,400041,249,325,23.4,1
2026-06-01-1200,2026-06-01,amazon-now,jivo-so-olive-oil-1-litre-1l,Mumbai,400073,249,325,23.4,1
2026-06-01-1200,2026-06-01,amazon-now,jivo-so-olive-oil-1-litre-1l,Mumbai,400090,249,325,23.4,1
2026-06-01-1200,2026-06-01,amazon-now,jivo-so-olive-oil-1-litre-1l,Mumbai,400601,249,325,23.4,1
2026-06-01-1200,2026-06-01,amazon-now,jivo-so-olive-oil-1-litre-1l,Mumbai,400611,249,325,23.4,1
2026-06-01-1200,2026-06-01,amazon-now,jivo-so-olive-oil-1-litre-1l,Mumbai,400701,249,325,23.4,1
2026-06-01-1200,2026-06-01,amazon-now,jivo-so-olive-oil-1-litre-1l,Mumbai,400702,249,325,23.4,1
2026-06-01-1200,2026-06-01,amazon-now,jivo-so-olive-oil-1-litre-1l,Mumbai,400703,249,325,23.4,1
2026-06-01-1200,2026-06-01,amazon-now,jivo-so-olive-oil-1-litre-1l,Mumbai,400707,249,325,23.4,1
2026-06-01-1200,2026-06-01,amazon-now,jivo-so-olive-oil-1-litre-1l,Pune,410506,249,325,23.4,1
2026-06-01-1200,2026-06-01,amazon-now,jivo-so-olive-oil-1-litre-1l,Pune,412101,249,325,23.4,1
2026-06-01-1200,2026-06-01,amazon-now,jivo-so-olive-oil-1-litre-1l,Pune,412103,249,325,23.4,1
2026-06-01-1200,2026-06-01,amazon-now,jivo-so-olive-oil-1-litre-1l,Pune,412204,249,325,23.4,1
2026-06-01-1200,2026-06-01,amazon-now,jivo-so-olive-oil-1-litre-1l,Pune,412216,249,325,23.4,1
2026-06-01-1200,2026-06-01,amazon-now,jivo-so-olive-oil-1-litre-1l,Pune,412304,249,325,23.4,1
2026-06-01-1200,2026-06-01,amazon-now,jivo-so-olive-oil-1-litre-1l,Pune,412306,249,325,23.4,1
2026-06-01-1200,2026-06-01,amazon-now,jivo-so-olive-oil-1-litre-1l,Pune,412403,249,325,23.4,1
2026-06-01-1200,2026-06-01,amazon-now,jivo-so-olive-oil-1-litre-1l,Pune,412404,249,325,23.4,1
2026-06-01-1200,2026-06-01,amazon-now,jivo-so-olive-oil-1-litre-1l,Pune,413801,249,325,23.4,1
2026-06-01-1200,2026-06-01,amazon-now,jivo-so-olive-oil-1-litre-1l,Kolkata,700001,237,325,27.1,1
2026-06-01-1200,2026-06-01,amazon-now,jivo-so-olive-oil-1-litre-1l,Kolkata,700015,237,325,27.1,1
2026-06-01-1200,2026-06-01,amazon-now,jivo-so-olive-oil-1-litre-1l,Kolkata,700019,237,325,27.1,1
2026-06-01-1200,2026-06-01,amazon-now,jivo-so-olive-oil-1-litre-1l,Kolkata,700069,237,325,27.1,1
2026-06-01-1200,2026-06-01,amazon-now,jivo-so-olive-oil-1-litre-1l,Kolkata,700107,237,325,27.1,1
