run_id,date_ist,platform,canonical_sku,city,pincode,price,mrp,discount_pct,in_stock
2026-05-30-0017,2026-05-30,zepto,jivo-cold-press-canola-oil-combo-bottle-2l,Delhi,110004,485,750,35.3,1
2026-05-30-0017,2026-05-30,zepto,jivo-cold-press-canola-oil-combo-bottle-2l,Delhi,110006,485,750,35.3,1
2026-05-30-0017,2026-05-30,zepto,jivo-cold-press-canola-oil-combo-bottle-2l,Delhi,110008,485,750,35.3,1
2026-05-30-0017,2026-05-30,zepto,jivo-cold-press-canola-oil-combo-bottle-2l,Delhi,110009,485,750,35.3,1
2026-05-30-0017,2026-05-30,zepto,jivo-cold-press-canola-oil-combo-bottle-2l,Delhi,110010,485,750,35.3,1
2026-05-30-0017,2026-05-30,zepto,jivo-cold-press-canola-oil-combo-bottle-2l,Delhi,110013,485,750,35.3,1
2026-05-30-0017,2026-05-30,zepto,jivo-cold-press-canola-oil-combo-bottle-2l,Delhi,110014,485,750,35.3,1
2026-05-30-0017,2026-05-30,zepto,jivo-cold-press-canola-oil-combo-bottle-2l,Delhi,110015,485,750,35.3,1
2026-05-30-0017,2026-05-30,zepto,jivo-cold-press-canola-oil-combo-bottle-2l,Delhi,110017,519,750,30.8,1
2026-05-30-0017,2026-05-30,zepto,jivo-cold-press-canola-oil-combo-bottle-2l,Delhi,110025,485,750,35.3,1
2026-05-30-0017,2026-05-30,zepto,jivo-cold-press-canola-oil-combo-bottle-2l,Delhi,110026,485,750,35.3,1
2026-05-30-0017,2026-05-30,zepto,jivo-cold-press-canola-oil-combo-bottle-2l,Delhi,110032,485,750,35.3,1
2026-05-30-0017,2026-05-30,zepto,jivo-cold-press-canola-oil-combo-bottle-2l,Delhi,110035,519,750,30.8,1
2026-05-30-0017,2026-05-30,zepto,jivo-cold-press-canola-oil-combo-bottle-2l,Delhi,110040,485,750,35.3,1
2026-05-30-0017,2026-05-30,zepto,jivo-cold-press-canola-oil-combo-bottle-2l,Delhi,110042,485,750,35.3,1
2026-05-30-0017,2026-05-30,zepto,jivo-cold-press-canola-oil-combo-bottle-2l,Delhi,110053,485,750,35.3,1
2026-05-30-0017,2026-05-30,zepto,jivo-cold-press-canola-oil-combo-bottle-2l,Delhi,110062,485,750,35.3,1
2026-05-30-0017,2026-05-30,zepto,jivo-cold-press-canola-oil-combo-bottle-2l,Delhi,110076,485,750,35.3,1
2026-05-30-0017,2026-05-30,zepto,jivo-cold-press-canola-oil-combo-bottle-2l,Delhi,110085,485,750,35.3,1
2026-05-30-0017,2026-05-30,zepto,jivo-cold-press-canola-oil-combo-bottle-2l,Delhi,110091,485,750,35.3,1
2026-05-30-0017,2026-05-30,zepto,jivo-cold-press-canola-oil-combo-bottle-2l,Delhi,110092,519,750,30.8,1
2026-05-30-0017,2026-05-30,zepto,jivo-cold-press-canola-oil-combo-bottle-2l,Delhi,110095,485,750,35.3,1
2026-05-30-0017,2026-05-30,zepto,jivo-cold-press-canola-oil-combo-bottle-2l,Ludhiana,141015,485,750,35.3,1
2026-05-30-0017,2026-05-30,zepto,jivo-cold-press-canola-oil-combo-bottle-2l,Ludhiana,142036,485,750,35.3,1
2026-05-30-0017,2026-05-30,zepto,jivo-cold-press-canola-oil-combo-bottle-2l,Bengaluru,560069,485,750,35.3,1
2026-05-30-0017,2026-05-30,zepto,jivo-extra-light-olive-oil-1l,Delhi,110004,499,1499,66.7,1
2026-05-30-0017,2026-05-30,zepto,jivo-extra-light-olive-oil-1l,Delhi,110006,499,1499,66.7,1
2026-05-30-0017,2026-05-30,zepto,jivo-extra-light-olive-oil-1l,Delhi,110007,499,1499,66.7,1
2026-05-30-0017,2026-05-30,zepto,jivo-extra-light-olive-oil-1l,Delhi,110008,499,1499,66.7,1
2026-05-30-0017,2026-05-30,zepto,jivo-extra-light-olive-oil-1l,Delhi,110009,499,1499,66.7,1
2026-05-30-0017,2026-05-30,zepto,jivo-extra-light-olive-oil-1l,Delhi,110010,499,1499,66.7,1
2026-05-30-0017,2026-05-30,zepto,jivo-extra-light-olive-oil-1l,Delhi,110015,499,1499,66.7,1
2026-05-30-0017,2026-05-30,zepto,jivo-extra-light-olive-oil-1l,Delhi,110017,499,1499,66.7,1
2026-05-30-0017,2026-05-30,zepto,jivo-extra-light-olive-oil-1l,Delhi,110024,499,1499,66.7,1
2026-05-30-0017,2026-05-30,zepto,jivo-extra-light-olive-oil-1l,Delhi,110025,499,1499,66.7,1
2026-05-30-0017,2026-05-30,zepto,jivo-extra-light-olive-oil-1l,Delhi,110026,499,1499,66.7,1
2026-05-30-0017,2026-05-30,zepto,jivo-extra-light-olive-oil-1l,Delhi,110031,499,1499,66.7,1
2026-05-30-0017,2026-05-30,zepto,jivo-extra-light-olive-oil-1l,Delhi,110032,499,1499,66.7,1
2026-05-30-0017,2026-05-30,zepto,jivo-extra-light-olive-oil-1l,Delhi,110035,499,1499,66.7,1
2026-05-30-0017,2026-05-30,zepto,jivo-extra-light-olive-oil-1l,Delhi,110040,499,1499,66.7,1
2026-05-30-0017,2026-05-30,zepto,jivo-extra-light-olive-oil-1l,Delhi,110042,499,1499,66.7,1
2026-05-30-0017,2026-05-30,zepto,jivo-extra-light-olive-oil-1l,Delhi,110046,499,1499,66.7,1
2026-05-30-0017,2026-05-30,zepto,jivo-extra-light-olive-oil-1l,Delhi,110048,499,1499,66.7,1
2026-05-30-0017,2026-05-30,zepto,jivo-extra-light-olive-oil-1l,Delhi,110051,499,1499,66.7,1
2026-05-30-0017,2026-05-30,zepto,jivo-extra-light-olive-oil-1l,Delhi,110053,499,1499,66.7,1
2026-05-30-0017,2026-05-30,zepto,jivo-extra-light-olive-oil-1l,Delhi,110065,499,1499,66.7,1
2026-05-30-0017,2026-05-30,zepto,jivo-extra-light-olive-oil-1l,Delhi,110067,499,1499,66.7,1
2026-05-30-0017,2026-05-30,zepto,jivo-extra-light-olive-oil-1l,Delhi,110076,499,1499,66.7,1
2026-05-30-0017,2026-05-30,zepto,jivo-extra-light-olive-oil-1l,Delhi,110084,499,1499,66.7,1
2026-05-30-0017,2026-05-30,zepto,jivo-extra-light-olive-oil-1l,Delhi,110085,499,1499,66.7,1
2026-05-30-0017,2026-05-30,zepto,jivo-extra-light-olive-oil-1l,Delhi,110088,499,1499,66.7,1
2026-05-30-0017,2026-05-30,zepto,jivo-extra-light-olive-oil-1l,Delhi,110090,499,1499,66.7,1
2026-05-30-0017,2026-05-30,zepto,jivo-extra-light-olive-oil-1l,Delhi,110092,499,1499,66.7,1
2026-05-30-0017,2026-05-30,zepto,jivo-extra-light-olive-oil-1l,Faridabad,121001,499,1499,66.7,1
2026-05-30-0017,2026-05-30,zepto,jivo-extra-light-olive-oil-1l,Faridabad,121011,499,1499,66.7,1
2026-05-30-0017,2026-05-30,zepto,jivo-extra-light-olive-oil-1l,Gurgaon,122004,499,1499,66.7,1
2026-05-30-0017,2026-05-30,zepto,jivo-extra-light-olive-oil-1l,Gurgaon,122006,499,1499,66.7,1
2026-05-30-0017,2026-05-30,zepto,jivo-extra-light-olive-oil-1l,Gurgaon,122010,499,1499,66.7,1
2026-05-30-0017,2026-05-30,zepto,jivo-extra-light-olive-oil-1l,Gurgaon,122051,499,1499,66.7,1
2026-05-30-0017,2026-05-30,zepto,jivo-extra-light-olive-oil-1l,Gurgaon,122101,499,1499,66.7,1
2026-05-30-0017,2026-05-30,zepto,jivo-extra-light-olive-oil-1l,Ludhiana,141015,499,1499,66.7,1
2026-05-30-0017,2026-05-30,zepto,jivo-extra-light-olive-oil-1l,Ludhiana,142022,499,1499,66.7,1
2026-05-30-0017,2026-05-30,zepto,jivo-extra-light-olive-oil-1l,Ludhiana,142036,499,1499,66.7,1
2026-05-30-0017,2026-05-30,zepto,jivo-extra-light-olive-oil-1l,Chandigarh,160011,499,1499,66.7,1
2026-05-30-0017,2026-05-30,zepto,jivo-extra-light-olive-oil-1l,Chandigarh,160021,499,1499,66.7,1
2026-05-30-0017,2026-05-30,zepto,jivo-extra-light-olive-oil-1l,Chandigarh,160035,499,1499,66.7,1
2026-05-30-0017,2026-05-30,zepto,jivo-extra-light-olive-oil-1l,Chandigarh,160043,499,1499,66.7,1
2026-05-30-0017,2026-05-30,zepto,jivo-extra-light-olive-oil-1l,Ghaziabad,201003,499,1499,66.7,1
2026-05-30-0017,2026-05-30,zepto,jivo-extra-light-olive-oil-1l,Ghaziabad,201009,499,1499,66.7,1
2026-05-30-0017,2026-05-30,zepto,jivo-extra-light-olive-oil-1l,Mumbai,400003,499,1499,66.7,1
2026-05-30-0017,2026-05-30,zepto,jivo-extra-light-olive-oil-1l,Mumbai,400005,499,1499,66.7,1
2026-05-30-0017,2026-05-30,zepto,jivo-extra-light-olive-oil-1l,Mumbai,400006,499,1499,66.7,1
2026-05-30-0017,2026-05-30,zepto,jivo-extra-light-olive-oil-1l,Mumbai,400007,499,1499,66.7,1
2026-05-30-0017,2026-05-30,zepto,jivo-extra-light-olive-oil-1l,Mumbai,400010,499,1499,66.7,1
2026-05-30-0017,2026-05-30,zepto,jivo-extra-light-olive-oil-1l,Mumbai,400011,499,1499,66.7,1
2026-05-30-0017,2026-05-30,zepto,jivo-extra-light-olive-oil-1l,Mumbai,400012,499,1499,66.7,1
2026-05-30-0017,2026-05-30,zepto,jivo-extra-light-olive-oil-1l,Mumbai,400013,499,1499,66.7,1
2026-05-30-0017,2026-05-30,zepto,jivo-extra-light-olive-oil-1l,Mumbai,400015,499,1499,66.7,1
2026-05-30-0017,2026-05-30,zepto,jivo-extra-light-olive-oil-1l,Mumbai,400017,499,1499,66.7,1
2026-05-30-0017,2026-05-30,zepto,jivo-extra-light-olive-oil-1l,Mumbai,400018,499,1499,66.7,1
2026-05-30-0017,2026-05-30,zepto,jivo-extra-light-olive-oil-1l,Mumbai,400019,499,1499,66.7,1
2026-05-30-0017,2026-05-30,zepto,jivo-extra-light-olive-oil-1l,Mumbai,400020,499,1499,66.7,1
2026-05-30-0017,2026-05-30,zepto,jivo-extra-light-olive-oil-1l,Mumbai,400021,499,1499,66.7,1
2026-05-30-0017,2026-05-30,zepto,jivo-extra-light-olive-oil-1l,Mumbai,400023,499,1499,66.7,1
2026-05-30-0017,2026-05-30,zepto,jivo-extra-light-olive-oil-1l,Mumbai,400025,499,1499,66.7,1
2026-05-30-0017,2026-05-30,zepto,jivo-extra-light-olive-oil-1l,Mumbai,400030,499,1499,66.7,1
2026-05-30-0017,2026-05-30,zepto,jivo-extra-light-olive-oil-1l,Mumbai,400033,499,1499,66.7,1
2026-05-30-0017,2026-05-30,zepto,jivo-extra-light-olive-oil-1l,Mumbai,400041,499,1499,66.7,1
2026-05-30-0017,2026-05-30,zepto,jivo-extra-light-olive-oil-1l,Mumbai,400601,499,1499,66.7,1
2026-05-30-0017,2026-05-30,zepto,jivo-extra-light-olive-oil-1l,Mumbai,400611,499,1499,66.7,1
2026-05-30-0017,2026-05-30,zepto,jivo-extra-light-olive-oil-1l,Mumbai,400703,499,1499,66.7,1
2026-05-30-0017,2026-05-30,zepto,jivo-extra-light-olive-oil-1l,Bengaluru,560014,499,1499,66.7,1
2026-05-30-0017,2026-05-30,zepto,jivo-extra-light-olive-oil-1l,Bengaluru,560019,499,1499,66.7,1
2026-05-30-0017,2026-05-30,zepto,jivo-extra-light-olive-oil-1l,Bengaluru,560028,499,1499,66.7,1
2026-05-30-0017,2026-05-30,zepto,jivo-extra-light-olive-oil-1l,Bengaluru,560069,499,1499,66.7,1
2026-05-30-0017,2026-05-30,zepto,jivo-extra-light-olive-oil-2l,Delhi,110010,1504,2799,46.3,1
2026-05-30-0017,2026-05-30,zepto,jivo-extra-light-olive-oil-2l,Delhi,110014,1504,2799,46.3,1
2026-05-30-0017,2026-05-30,zepto,jivo-extra-light-olive-oil-2l,Delhi,110040,1504,2799,46.3,1
2026-05-30-0017,2026-05-30,zepto,jivo-extra-light-olive-oil-2l,Delhi,110042,1504,2799,46.3,1
2026-05-30-0017,2026-05-30,zepto,jivo-extra-light-olive-oil-2l,Delhi,110062,1504,2799,46.3,1
2026-05-30-0017,2026-05-30,zepto,jivo-extra-light-olive-oil-2l,Delhi,110067,1504,2799,46.3,1
2026-05-30-0017,2026-05-30,zepto,jivo-extra-light-olive-oil-2l,Delhi,110084,1504,2799,46.3,1
2026-05-30-0017,2026-05-30,zepto,jivo-extra-light-olive-oil-2l,Delhi,110088,1139,2799,59.3,1
2026-05-30-0017,2026-05-30,zepto,jivo-extra-light-olive-oil-2l,Delhi,110090,1504,2799,46.3,1
2026-05-30-0017,2026-05-30,zepto,jivo-extra-light-olive-oil-2l,Gurgaon,122051,1504,2799,46.3,1
2026-05-30-0017,2026-05-30,zepto,jivo-extra-light-olive-oil-2l,Gurgaon,122101,1504,2799,46.3,1
2026-05-30-0017,2026-05-30,zepto,jivo-extra-light-olive-oil-2l,Ghaziabad,201003,1504,2799,46.3,1
2026-05-30-0017,2026-05-30,zepto,jivo-extra-light-olive-oil-2l,Ghaziabad,201009,1213,2799,56.7,1
2026-05-30-0017,2026-05-30,zepto,jivo-extra-light-olive-oil-2l,Mumbai,400005,1505,2799,46.2,1
2026-05-30-0017,2026-05-30,zepto,jivo-extra-light-olive-oil-2l,Mumbai,400006,1505,2799,46.2,1
2026-05-30-0017,2026-05-30,zepto,jivo-extra-light-olive-oil-2l,Mumbai,400007,1505,2799,46.2,1
2026-05-30-0017,2026-05-30,zepto,jivo-extra-light-olive-oil-2l,Mumbai,400010,1505,2799,46.2,1
2026-05-30-0017,2026-05-30,zepto,jivo-extra-light-olive-oil-2l,Mumbai,400011,1505,2799,46.2,1
2026-05-30-0017,2026-05-30,zepto,jivo-extra-light-olive-oil-2l,Mumbai,400012,1505,2799,46.2,1
2026-05-30-0017,2026-05-30,zepto,jivo-extra-light-olive-oil-2l,Mumbai,400013,1505,2799,46.2,1
2026-05-30-0017,2026-05-30,zepto,jivo-extra-light-olive-oil-2l,Mumbai,400015,1505,2799,46.2,1
2026-05-30-0017,2026-05-30,zepto,jivo-extra-light-olive-oil-2l,Mumbai,400017,1505,2799,46.2,1
2026-05-30-0017,2026-05-30,zepto,jivo-extra-light-olive-oil-2l,Mumbai,400018,1505,2799,46.2,1
2026-05-30-0017,2026-05-30,zepto,jivo-extra-light-olive-oil-2l,Mumbai,400019,1505,2799,46.2,1
2026-05-30-0017,2026-05-30,zepto,jivo-extra-light-olive-oil-2l,Mumbai,400020,1505,2799,46.2,1
2026-05-30-0017,2026-05-30,zepto,jivo-extra-light-olive-oil-2l,Mumbai,400023,1505,2799,46.2,1
2026-05-30-0017,2026-05-30,zepto,jivo-extra-light-olive-oil-2l,Mumbai,400025,1505,2799,46.2,1
2026-05-30-0017,2026-05-30,zepto,jivo-extra-light-olive-oil-2l,Mumbai,400030,1505,2799,46.2,1
2026-05-30-0017,2026-05-30,zepto,jivo-extra-light-olive-oil-2l,Mumbai,400033,1505,2799,46.2,1
2026-05-30-0017,2026-05-30,zepto,jivo-extra-light-olive-oil-2l,Mumbai,400041,1505,2799,46.2,1
2026-05-30-0017,2026-05-30,zepto,jivo-extra-light-olive-oil-2l,Mumbai,400090,1505,2799,46.2,1
2026-05-30-0017,2026-05-30,zepto,jivo-extra-light-olive-oil-2l,Mumbai,400601,1505,2799,46.2,1
2026-05-30-0017,2026-05-30,zepto,jivo-extra-light-olive-oil-2l,Mumbai,400611,1505,2799,46.2,1
2026-05-30-0017,2026-05-30,zepto,jivo-extra-light-olive-oil-2l,Mumbai,400703,1505,2799,46.2,1
2026-05-30-0017,2026-05-30,zepto,jivo-extra-light-olive-oil-combo-1l,Delhi,110004,998,2998,66.7,1
2026-05-30-0017,2026-05-30,zepto,jivo-extra-light-olive-oil-combo-1l,Delhi,110007,998,2998,66.7,1
2026-05-30-0017,2026-05-30,zepto,jivo-extra-light-olive-oil-combo-1l,Delhi,110015,998,2998,66.7,1
2026-05-30-0017,2026-05-30,zepto,jivo-extra-light-olive-oil-combo-1l,Delhi,110024,998,2998,66.7,1
2026-05-30-0017,2026-05-30,zepto,jivo-extra-light-olive-oil-combo-1l,Delhi,110025,998,2998,66.7,1
2026-05-30-0017,2026-05-30,zepto,jivo-extra-light-olive-oil-combo-1l,Delhi,110026,998,2998,66.7,1
2026-05-30-0017,2026-05-30,zepto,jivo-extra-light-olive-oil-combo-1l,Delhi,110031,998,2998,66.7,1
2026-05-30-0017,2026-05-30,zepto,jivo-extra-light-olive-oil-combo-1l,Delhi,110032,998,2998,66.7,1
2026-05-30-0017,2026-05-30,zepto,jivo-extra-light-olive-oil-combo-1l,Delhi,110040,998,2998,66.7,1
2026-05-30-0017,2026-05-30,zepto,jivo-extra-light-olive-oil-combo-1l,Delhi,110048,998,2998,66.7,1
2026-05-30-0017,2026-05-30,zepto,jivo-extra-light-olive-oil-combo-1l,Delhi,110053,998,2998,66.7,1
2026-05-30-0017,2026-05-30,zepto,jivo-extra-light-olive-oil-combo-1l,Delhi,110065,998,2998,66.7,1
2026-05-30-0017,2026-05-30,zepto,jivo-extra-light-olive-oil-combo-1l,Delhi,110076,998,2998,66.7,1
2026-05-30-0017,2026-05-30,zepto,jivo-extra-light-olive-oil-combo-1l,Delhi,110084,998,2998,66.7,1
2026-05-30-0017,2026-05-30,zepto,jivo-extra-light-olive-oil-combo-1l,Delhi,110085,998,2998,66.7,1
2026-05-30-0017,2026-05-30,zepto,jivo-extra-light-olive-oil-combo-1l,Gurgaon,122004,998,2998,66.7,1
2026-05-30-0017,2026-05-30,zepto,jivo-extra-light-olive-oil-combo-1l,Gurgaon,122006,998,2998,66.7,1
2026-05-30-0017,2026-05-30,zepto,jivo-extra-light-olive-oil-combo-1l,Gurgaon,122010,998,2998,66.7,1
2026-05-30-0017,2026-05-30,zepto,jivo-extra-light-olive-oil-combo-1l,Gurgaon,122051,998,2998,66.7,1
2026-05-30-0017,2026-05-30,zepto,jivo-extra-light-olive-oil-combo-1l,Gurgaon,122101,998,2998,66.7,1
2026-05-30-0017,2026-05-30,zepto,jivo-extra-light-olive-oil-combo-1l,Mumbai,400006,998,2998,66.7,1
2026-05-30-0017,2026-05-30,zepto,jivo-extra-light-olive-oil-combo-1l,Mumbai,400007,998,2998,66.7,1
2026-05-30-0017,2026-05-30,zepto,jivo-extra-light-olive-oil-combo-1l,Mumbai,400010,998,2998,66.7,1
2026-05-30-0017,2026-05-30,zepto,jivo-extra-light-olive-oil-combo-1l,Mumbai,400011,998,2998,66.7,1
2026-05-30-0017,2026-05-30,zepto,jivo-extra-light-olive-oil-combo-1l,Mumbai,400012,998,2998,66.7,1
2026-05-30-0017,2026-05-30,zepto,jivo-extra-light-olive-oil-combo-1l,Mumbai,400013,998,2998,66.7,1
2026-05-30-0017,2026-05-30,zepto,jivo-extra-light-olive-oil-combo-1l,Mumbai,400015,998,2998,66.7,1
2026-05-30-0017,2026-05-30,zepto,jivo-extra-light-olive-oil-combo-1l,Mumbai,400018,998,2998,66.7,1
2026-05-30-0017,2026-05-30,zepto,jivo-extra-light-olive-oil-combo-1l,Mumbai,400020,998,2998,66.7,1
2026-05-30-0017,2026-05-30,zepto,jivo-extra-light-olive-oil-combo-1l,Mumbai,400023,998,2998,66.7,1
2026-05-30-0017,2026-05-30,zepto,jivo-extra-light-olive-oil-combo-1l,Mumbai,400030,998,2998,66.7,1
2026-05-30-0017,2026-05-30,zepto,jivo-extra-light-olive-oil-combo-1l,Mumbai,400033,998,2998,66.7,1
2026-05-30-0017,2026-05-30,zepto,jivo-extra-light-olive-oil-combo-1l,Mumbai,400601,998,2998,66.7,1
2026-05-30-0017,2026-05-30,zepto,jivo-extra-light-olive-oil-combo-1l,Mumbai,400611,998,2998,66.7,1
2026-05-30-0017,2026-05-30,zepto,jivo-extra-light-olive-oil-combo-1l,Bengaluru,560014,998,2998,66.7,1
2026-05-30-0017,2026-05-30,zepto,jivo-extra-light-olive-oil-combo-1l,Bengaluru,560069,998,2998,66.7,1
2026-05-30-0017,2026-05-30,zepto,jivo-extra-light-olive-oil-combo-2l,Delhi,110014,3008,5598,46.3,1
2026-05-30-0017,2026-05-30,zepto,jivo-extra-light-olive-oil-combo-2l,Delhi,110040,3008,5598,46.3,1
2026-05-30-0017,2026-05-30,zepto,jivo-extra-light-olive-oil-combo-2l,Delhi,110062,3008,5598,46.3,1
2026-05-30-0017,2026-05-30,zepto,jivo-extra-light-olive-oil-combo-2l,Delhi,110084,3008,5598,46.3,1
2026-05-30-0017,2026-05-30,zepto,jivo-extra-light-olive-oil-combo-2l,Gurgaon,122051,3008,5598,46.3,1
2026-05-30-0017,2026-05-30,zepto,jivo-extra-light-olive-oil-combo-2l,Gurgaon,122101,3008,5598,46.3,1
2026-05-30-0017,2026-05-30,zepto,jivo-extra-light-olive-oil-combo-2l,Ghaziabad,201003,3008,5598,46.3,1
2026-05-30-0017,2026-05-30,zepto,jivo-extra-light-olive-oil-combo-2l,Mumbai,400005,3010,5598,46.2,1
2026-05-30-0017,2026-05-30,zepto,jivo-extra-light-olive-oil-combo-2l,Mumbai,400006,3010,5598,46.2,1
2026-05-30-0017,2026-05-30,zepto,jivo-extra-light-olive-oil-combo-2l,Mumbai,400007,3010,5598,46.2,1
2026-05-30-0017,2026-05-30,zepto,jivo-extra-light-olive-oil-combo-2l,Mumbai,400010,3010,5598,46.2,1
2026-05-30-0017,2026-05-30,zepto,jivo-extra-light-olive-oil-combo-2l,Mumbai,400012,3010,5598,46.2,1
2026-05-30-0017,2026-05-30,zepto,jivo-extra-light-olive-oil-combo-2l,Mumbai,400013,3010,5598,46.2,1
2026-05-30-0017,2026-05-30,zepto,jivo-extra-light-olive-oil-combo-2l,Mumbai,400015,3010,5598,46.2,1
2026-05-30-0017,2026-05-30,zepto,jivo-extra-light-olive-oil-combo-2l,Mumbai,400019,3010,5598,46.2,1
2026-05-30-0017,2026-05-30,zepto,jivo-extra-light-olive-oil-combo-2l,Mumbai,400023,3010,5598,46.2,1
2026-05-30-0017,2026-05-30,zepto,jivo-extra-light-olive-oil-combo-2l,Mumbai,400025,3010,5598,46.2,1
2026-05-30-0017,2026-05-30,zepto,jivo-extra-light-olive-oil-combo-2l,Mumbai,400030,3010,5598,46.2,1
2026-05-30-0017,2026-05-30,zepto,jivo-extra-light-olive-oil-combo-2l,Mumbai,400033,3010,5598,46.2,1
2026-05-30-0017,2026-05-30,zepto,jivo-extra-light-olive-oil-combo-2l,Mumbai,400090,3010,5598,46.2,1
2026-05-30-0017,2026-05-30,zepto,jivo-extra-light-olive-oil-combo-2l,Mumbai,400601,3010,5598,46.2,1
2026-05-30-0017,2026-05-30,zepto,jivo-extra-light-olive-oil-combo-2l,Mumbai,400611,3010,5598,46.2,1
2026-05-30-0017,2026-05-30,zepto,jivo-groundnut-cold-pressed-oil-healthy-cooking-oil-1l,Delhi,110004,199,560,64.5,1
2026-05-30-0017,2026-05-30,zepto,jivo-groundnut-cold-pressed-oil-healthy-cooking-oil-1l,Delhi,110006,199,560,64.5,1
2026-05-30-0017,2026-05-30,zepto,jivo-groundnut-cold-pressed-oil-healthy-cooking-oil-1l,Delhi,110007,199,560,64.5,1
2026-05-30-0017,2026-05-30,zepto,jivo-groundnut-cold-pressed-oil-healthy-cooking-oil-1l,Delhi,110008,199,560,64.5,1
2026-05-30-0017,2026-05-30,zepto,jivo-groundnut-cold-pressed-oil-healthy-cooking-oil-1l,Delhi,110009,199,560,64.5,1
2026-05-30-0017,2026-05-30,zepto,jivo-groundnut-cold-pressed-oil-healthy-cooking-oil-1l,Delhi,110010,199,560,64.5,1
2026-05-30-0017,2026-05-30,zepto,jivo-groundnut-cold-pressed-oil-healthy-cooking-oil-1l,Delhi,110013,199,560,64.5,1
2026-05-30-0017,2026-05-30,zepto,jivo-groundnut-cold-pressed-oil-healthy-cooking-oil-1l,Delhi,110014,199,560,64.5,1
2026-05-30-0017,2026-05-30,zepto,jivo-groundnut-cold-pressed-oil-healthy-cooking-oil-1l,Delhi,110015,199,560,64.5,1
2026-05-30-0017,2026-05-30,zepto,jivo-groundnut-cold-pressed-oil-healthy-cooking-oil-1l,Delhi,110017,199,560,64.5,1
2026-05-30-0017,2026-05-30,zepto,jivo-groundnut-cold-pressed-oil-healthy-cooking-oil-1l,Delhi,110021,199,560,64.5,1
2026-05-30-0017,2026-05-30,zepto,jivo-groundnut-cold-pressed-oil-healthy-cooking-oil-1l,Delhi,110024,199,560,64.5,1
2026-05-30-0017,2026-05-30,zepto,jivo-groundnut-cold-pressed-oil-healthy-cooking-oil-1l,Delhi,110025,199,560,64.5,1
2026-05-30-0017,2026-05-30,zepto,jivo-groundnut-cold-pressed-oil-healthy-cooking-oil-1l,Delhi,110026,199,560,64.5,1
2026-05-30-0017,2026-05-30,zepto,jivo-groundnut-cold-pressed-oil-healthy-cooking-oil-1l,Delhi,110031,199,560,64.5,1
2026-05-30-0017,2026-05-30,zepto,jivo-groundnut-cold-pressed-oil-healthy-cooking-oil-1l,Delhi,110032,199,560,64.5,1
2026-05-30-0017,2026-05-30,zepto,jivo-groundnut-cold-pressed-oil-healthy-cooking-oil-1l,Delhi,110033,199,560,64.5,1
2026-05-30-0017,2026-05-30,zepto,jivo-groundnut-cold-pressed-oil-healthy-cooking-oil-1l,Delhi,110035,199,560,64.5,1
2026-05-30-0017,2026-05-30,zepto,jivo-groundnut-cold-pressed-oil-healthy-cooking-oil-1l,Delhi,110040,199,560,64.5,1
2026-05-30-0017,2026-05-30,zepto,jivo-groundnut-cold-pressed-oil-healthy-cooking-oil-1l,Delhi,110042,199,560,64.5,1
2026-05-30-0017,2026-05-30,zepto,jivo-groundnut-cold-pressed-oil-healthy-cooking-oil-1l,Delhi,110046,199,560,64.5,1
2026-05-30-0017,2026-05-30,zepto,jivo-groundnut-cold-pressed-oil-healthy-cooking-oil-1l,Delhi,110048,199,560,64.5,1
2026-05-30-0017,2026-05-30,zepto,jivo-groundnut-cold-pressed-oil-healthy-cooking-oil-1l,Delhi,110051,199,560,64.5,1
2026-05-30-0017,2026-05-30,zepto,jivo-groundnut-cold-pressed-oil-healthy-cooking-oil-1l,Delhi,110053,199,560,64.5,1
2026-05-30-0017,2026-05-30,zepto,jivo-groundnut-cold-pressed-oil-healthy-cooking-oil-1l,Delhi,110062,199,560,64.5,1
2026-05-30-0017,2026-05-30,zepto,jivo-groundnut-cold-pressed-oil-healthy-cooking-oil-1l,Delhi,110065,199,560,64.5,1
2026-05-30-0017,2026-05-30,zepto,jivo-groundnut-cold-pressed-oil-healthy-cooking-oil-1l,Delhi,110067,199,560,64.5,1
2026-05-30-0017,2026-05-30,zepto,jivo-groundnut-cold-pressed-oil-healthy-cooking-oil-1l,Delhi,110076,199,560,64.5,1
2026-05-30-0017,2026-05-30,zepto,jivo-groundnut-cold-pressed-oil-healthy-cooking-oil-1l,Delhi,110084,199,560,64.5,1
2026-05-30-0017,2026-05-30,zepto,jivo-groundnut-cold-pressed-oil-healthy-cooking-oil-1l,Delhi,110085,199,560,64.5,1
2026-05-30-0017,2026-05-30,zepto,jivo-groundnut-cold-pressed-oil-healthy-cooking-oil-1l,Delhi,110088,199,560,64.5,1
2026-05-30-0017,2026-05-30,zepto,jivo-groundnut-cold-pressed-oil-healthy-cooking-oil-1l,Delhi,110091,199,560,64.5,1
2026-05-30-0017,2026-05-30,zepto,jivo-groundnut-cold-pressed-oil-healthy-cooking-oil-1l,Delhi,110092,199,560,64.5,1
2026-05-30-0017,2026-05-30,zepto,jivo-groundnut-cold-pressed-oil-healthy-cooking-oil-1l,Delhi,110095,199,560,64.5,1
2026-05-30-0017,2026-05-30,zepto,jivo-groundnut-cold-pressed-oil-healthy-cooking-oil-1l,Faridabad,121001,199,560,64.5,1
2026-05-30-0017,2026-05-30,zepto,jivo-groundnut-cold-pressed-oil-healthy-cooking-oil-1l,Faridabad,121011,199,560,64.5,1
2026-05-30-0017,2026-05-30,zepto,jivo-groundnut-cold-pressed-oil-healthy-cooking-oil-1l,Gurgaon,122004,199,560,64.5,1
2026-05-30-0017,2026-05-30,zepto,jivo-groundnut-cold-pressed-oil-healthy-cooking-oil-1l,Gurgaon,122006,199,560,64.5,1
2026-05-30-0017,2026-05-30,zepto,jivo-groundnut-cold-pressed-oil-healthy-cooking-oil-1l,Gurgaon,122010,199,560,64.5,1
2026-05-30-0017,2026-05-30,zepto,jivo-groundnut-cold-pressed-oil-healthy-cooking-oil-1l,Gurgaon,122051,199,560,64.5,1
2026-05-30-0017,2026-05-30,zepto,jivo-groundnut-cold-pressed-oil-healthy-cooking-oil-1l,Gurgaon,122101,199,560,64.5,1
2026-05-30-0017,2026-05-30,zepto,jivo-groundnut-cold-pressed-oil-healthy-cooking-oil-1l,Ghaziabad,201003,199,560,64.5,1
2026-05-30-0017,2026-05-30,zepto,jivo-groundnut-cold-pressed-oil-healthy-cooking-oil-1l,Ghaziabad,201005,199,560,64.5,1
2026-05-30-0017,2026-05-30,zepto,jivo-groundnut-cold-pressed-oil-healthy-cooking-oil-1l,Ghaziabad,201009,199,560,64.5,1
2026-05-30-0017,2026-05-30,zepto,jivo-groundnut-cold-pressed-oil-healthy-cooking-oil-1l,Mumbai,400003,199,560,64.5,1
2026-05-30-0017,2026-05-30,zepto,jivo-groundnut-cold-pressed-oil-healthy-cooking-oil-1l,Mumbai,400005,199,560,64.5,1
2026-05-30-0017,2026-05-30,zepto,jivo-groundnut-cold-pressed-oil-healthy-cooking-oil-1l,Mumbai,400006,199,560,64.5,1
2026-05-30-0017,2026-05-30,zepto,jivo-groundnut-cold-pressed-oil-healthy-cooking-oil-1l,Mumbai,400011,199,560,64.5,1
2026-05-30-0017,2026-05-30,zepto,jivo-groundnut-cold-pressed-oil-healthy-cooking-oil-1l,Mumbai,400012,199,560,64.5,1
2026-05-30-0017,2026-05-30,zepto,jivo-groundnut-cold-pressed-oil-healthy-cooking-oil-1l,Mumbai,400018,199,560,64.5,1
2026-05-30-0017,2026-05-30,zepto,jivo-groundnut-cold-pressed-oil-healthy-cooking-oil-1l,Mumbai,400020,199,560,64.5,1
2026-05-30-0017,2026-05-30,zepto,jivo-groundnut-cold-pressed-oil-healthy-cooking-oil-1l,Mumbai,400021,199,560,64.5,1
2026-05-30-0017,2026-05-30,zepto,jivo-groundnut-cold-pressed-oil-healthy-cooking-oil-1l,Mumbai,400033,199,560,64.5,1
2026-05-30-0017,2026-05-30,zepto,jivo-groundnut-cold-pressed-oil-healthy-cooking-oil-1l,Mumbai,400703,199,560,64.5,1
2026-05-30-0017,2026-05-30,zepto,jivo-groundnut-cold-pressed-oil-healthy-cooking-oil-1l,Bengaluru,560014,199,560,64.5,1
2026-05-30-0017,2026-05-30,zepto,jivo-groundnut-cold-pressed-oil-healthy-cooking-oil-1l,Bengaluru,560019,199,560,64.5,1
2026-05-30-0017,2026-05-30,zepto,jivo-groundnut-cold-pressed-oil-healthy-cooking-oil-1l,Bengaluru,560028,199,560,64.5,1
2026-05-30-0017,2026-05-30,zepto,jivo-groundnut-cold-pressed-oil-healthy-cooking-oil-1l,Bengaluru,560069,199,560,64.5,1
2026-05-30-0017,2026-05-30,zepto,jivo-groundnut-peanut-cold-pressed-heathy-cooking-oil-na,Delhi,110004,49,150,67.3,1
2026-05-30-0017,2026-05-30,zepto,jivo-groundnut-peanut-cold-pressed-heathy-cooking-oil-na,Delhi,110006,49,150,67.3,1
2026-05-30-0017,2026-05-30,zepto,jivo-groundnut-peanut-cold-pressed-heathy-cooking-oil-na,Delhi,110007,49,150,67.3,1
2026-05-30-0017,2026-05-30,zepto,jivo-groundnut-peanut-cold-pressed-heathy-cooking-oil-na,Delhi,110008,49,150,67.3,1
2026-05-30-0017,2026-05-30,zepto,jivo-groundnut-peanut-cold-pressed-heathy-cooking-oil-na,Delhi,110009,49,150,67.3,1
2026-05-30-0017,2026-05-30,zepto,jivo-groundnut-peanut-cold-pressed-heathy-cooking-oil-na,Delhi,110010,49,150,67.3,1
2026-05-30-0017,2026-05-30,zepto,jivo-groundnut-peanut-cold-pressed-heathy-cooking-oil-na,Delhi,110013,49,150,67.3,1
2026-05-30-0017,2026-05-30,zepto,jivo-groundnut-peanut-cold-pressed-heathy-cooking-oil-na,Delhi,110014,49,150,67.3,1
2026-05-30-0017,2026-05-30,zepto,jivo-groundnut-peanut-cold-pressed-heathy-cooking-oil-na,Delhi,110015,49,150,67.3,1
2026-05-30-0017,2026-05-30,zepto,jivo-groundnut-peanut-cold-pressed-heathy-cooking-oil-na,Delhi,110017,49,150,67.3,1
2026-05-30-0017,2026-05-30,zepto,jivo-groundnut-peanut-cold-pressed-heathy-cooking-oil-na,Delhi,110018,49,150,67.3,1
2026-05-30-0017,2026-05-30,zepto,jivo-groundnut-peanut-cold-pressed-heathy-cooking-oil-na,Delhi,110021,49,150,67.3,1
2026-05-30-0017,2026-05-30,zepto,jivo-groundnut-peanut-cold-pressed-heathy-cooking-oil-na,Delhi,110024,49,150,67.3,1
2026-05-30-0017,2026-05-30,zepto,jivo-groundnut-peanut-cold-pressed-heathy-cooking-oil-na,Delhi,110025,49,150,67.3,1
2026-05-30-0017,2026-05-30,zepto,jivo-groundnut-peanut-cold-pressed-heathy-cooking-oil-na,Delhi,110026,49,150,67.3,1
2026-05-30-0017,2026-05-30,zepto,jivo-groundnut-peanut-cold-pressed-heathy-cooking-oil-na,Delhi,110031,49,150,67.3,1
2026-05-30-0017,2026-05-30,zepto,jivo-groundnut-peanut-cold-pressed-heathy-cooking-oil-na,Delhi,110032,49,150,67.3,1
2026-05-30-0017,2026-05-30,zepto,jivo-groundnut-peanut-cold-pressed-heathy-cooking-oil-na,Delhi,110033,49,150,67.3,1
2026-05-30-0017,2026-05-30,zepto,jivo-groundnut-peanut-cold-pressed-heathy-cooking-oil-na,Delhi,110035,49,150,67.3,1
2026-05-30-0017,2026-05-30,zepto,jivo-groundnut-peanut-cold-pressed-heathy-cooking-oil-na,Delhi,110040,49,150,67.3,1
2026-05-30-0017,2026-05-30,zepto,jivo-groundnut-peanut-cold-pressed-heathy-cooking-oil-na,Delhi,110042,49,150,67.3,1
2026-05-30-0017,2026-05-30,zepto,jivo-groundnut-peanut-cold-pressed-heathy-cooking-oil-na,Delhi,110046,49,150,67.3,1
2026-05-30-0017,2026-05-30,zepto,jivo-groundnut-peanut-cold-pressed-heathy-cooking-oil-na,Delhi,110048,49,150,67.3,1
2026-05-30-0017,2026-05-30,zepto,jivo-groundnut-peanut-cold-pressed-heathy-cooking-oil-na,Delhi,110051,49,150,67.3,1
2026-05-30-0017,2026-05-30,zepto,jivo-groundnut-peanut-cold-pressed-heathy-cooking-oil-na,Delhi,110053,49,150,67.3,1
2026-05-30-0017,2026-05-30,zepto,jivo-groundnut-peanut-cold-pressed-heathy-cooking-oil-na,Delhi,110062,49,150,67.3,1
2026-05-30-0017,2026-05-30,zepto,jivo-groundnut-peanut-cold-pressed-heathy-cooking-oil-na,Delhi,110065,49,150,67.3,1
2026-05-30-0017,2026-05-30,zepto,jivo-groundnut-peanut-cold-pressed-heathy-cooking-oil-na,Delhi,110067,49,150,67.3,1
2026-05-30-0017,2026-05-30,zepto,jivo-groundnut-peanut-cold-pressed-heathy-cooking-oil-na,Delhi,110076,49,150,67.3,1
2026-05-30-0017,2026-05-30,zepto,jivo-groundnut-peanut-cold-pressed-heathy-cooking-oil-na,Delhi,110084,49,150,67.3,1
2026-05-30-0017,2026-05-30,zepto,jivo-groundnut-peanut-cold-pressed-heathy-cooking-oil-na,Delhi,110085,49,150,67.3,1
2026-05-30-0017,2026-05-30,zepto,jivo-groundnut-peanut-cold-pressed-heathy-cooking-oil-na,Delhi,110088,49,150,67.3,1
2026-05-30-0017,2026-05-30,zepto,jivo-groundnut-peanut-cold-pressed-heathy-cooking-oil-na,Delhi,110090,49,150,67.3,1
2026-05-30-0017,2026-05-30,zepto,jivo-groundnut-peanut-cold-pressed-heathy-cooking-oil-na,Delhi,110091,49,150,67.3,1
2026-05-30-0017,2026-05-30,zepto,jivo-groundnut-peanut-cold-pressed-heathy-cooking-oil-na,Delhi,110092,49,150,67.3,1
2026-05-30-0017,2026-05-30,zepto,jivo-groundnut-peanut-cold-pressed-heathy-cooking-oil-na,Delhi,110095,49,150,67.3,1
2026-05-30-0017,2026-05-30,zepto,jivo-groundnut-peanut-cold-pressed-heathy-cooking-oil-na,Gurgaon,122004,49,150,67.3,1
2026-05-30-0017,2026-05-30,zepto,jivo-groundnut-peanut-cold-pressed-heathy-cooking-oil-na,Gurgaon,122006,49,150,67.3,1
2026-05-30-0017,2026-05-30,zepto,jivo-groundnut-peanut-cold-pressed-heathy-cooking-oil-na,Gurgaon,122010,49,150,67.3,1
2026-05-30-0017,2026-05-30,zepto,jivo-groundnut-peanut-cold-pressed-heathy-cooking-oil-na,Gurgaon,122051,49,150,67.3,1
2026-05-30-0017,2026-05-30,zepto,jivo-groundnut-peanut-cold-pressed-heathy-cooking-oil-na,Gurgaon,122101,49,150,67.3,1
2026-05-30-0017,2026-05-30,zepto,jivo-groundnut-peanut-cold-pressed-heathy-cooking-oil-na,Jaipur,302016,76,150,49.3,1
2026-05-30-0017,2026-05-30,zepto,jivo-groundnut-peanut-cold-pressed-heathy-cooking-oil-na,Jaipur,302017,76,150,49.3,1
2026-05-30-0017,2026-05-30,zepto,jivo-groundnut-peanut-cold-pressed-heathy-cooking-oil-na,Jaipur,302018,76,150,49.3,1
2026-05-30-0017,2026-05-30,zepto,jivo-groundnut-peanut-cold-pressed-heathy-cooking-oil-na,Jaipur,302020,76,150,49.3,1
2026-05-30-0017,2026-05-30,zepto,jivo-groundnut-peanut-cold-pressed-heathy-cooking-oil-na,Jaipur,302021,76,150,49.3,1
2026-05-30-0017,2026-05-30,zepto,jivo-groundnut-peanut-cold-pressed-heathy-cooking-oil-na,Jaipur,302022,76,150,49.3,1
2026-05-30-0017,2026-05-30,zepto,jivo-groundnut-peanut-cold-pressed-heathy-cooking-oil-na,Jaipur,302023,76,150,49.3,1
2026-05-30-0017,2026-05-30,zepto,jivo-groundnut-peanut-cold-pressed-heathy-cooking-oil-na,Jaipur,302024,76,150,49.3,1
2026-05-30-0017,2026-05-30,zepto,jivo-groundnut-peanut-cold-pressed-heathy-cooking-oil-na,Jaipur,302025,76,150,49.3,1
2026-05-30-0017,2026-05-30,zepto,jivo-groundnut-peanut-cold-pressed-heathy-cooking-oil-na,Jaipur,302032,76,150,49.3,1
2026-05-30-0017,2026-05-30,zepto,jivo-groundnut-peanut-cold-pressed-heathy-cooking-oil-na,Jaipur,303602,76,150,49.3,1
2026-05-30-0017,2026-05-30,zepto,jivo-groundnut-peanut-cold-pressed-heathy-cooking-oil-na,Mumbai,400003,49,150,67.3,1
2026-05-30-0017,2026-05-30,zepto,jivo-groundnut-peanut-cold-pressed-heathy-cooking-oil-na,Mumbai,400005,49,150,67.3,1
2026-05-30-0017,2026-05-30,zepto,jivo-groundnut-peanut-cold-pressed-heathy-cooking-oil-na,Mumbai,400006,49,150,67.3,1
2026-05-30-0017,2026-05-30,zepto,jivo-groundnut-peanut-cold-pressed-heathy-cooking-oil-na,Mumbai,400010,49,150,67.3,1
2026-05-30-0017,2026-05-30,zepto,jivo-groundnut-peanut-cold-pressed-heathy-cooking-oil-na,Mumbai,400012,49,150,67.3,1
2026-05-30-0017,2026-05-30,zepto,jivo-groundnut-peanut-cold-pressed-heathy-cooking-oil-na,Mumbai,400013,49,150,67.3,1
2026-05-30-0017,2026-05-30,zepto,jivo-groundnut-peanut-cold-pressed-heathy-cooking-oil-na,Mumbai,400015,49,150,67.3,1
2026-05-30-0017,2026-05-30,zepto,jivo-groundnut-peanut-cold-pressed-heathy-cooking-oil-na,Mumbai,400017,49,150,67.3,1
2026-05-30-0017,2026-05-30,zepto,jivo-groundnut-peanut-cold-pressed-heathy-cooking-oil-na,Mumbai,400019,49,150,67.3,1
2026-05-30-0017,2026-05-30,zepto,jivo-groundnut-peanut-cold-pressed-heathy-cooking-oil-na,Mumbai,400021,49,150,67.3,1
2026-05-30-0017,2026-05-30,zepto,jivo-groundnut-peanut-cold-pressed-heathy-cooking-oil-na,Mumbai,400023,49,150,67.3,1
2026-05-30-0017,2026-05-30,zepto,jivo-groundnut-peanut-cold-pressed-heathy-cooking-oil-na,Mumbai,400025,49,150,67.3,1
2026-05-30-0017,2026-05-30,zepto,jivo-groundnut-peanut-cold-pressed-heathy-cooking-oil-na,Mumbai,400030,49,150,67.3,1
2026-05-30-0017,2026-05-30,zepto,jivo-groundnut-peanut-cold-pressed-heathy-cooking-oil-na,Mumbai,400033,49,150,67.3,1
2026-05-30-0017,2026-05-30,zepto,jivo-groundnut-peanut-cold-pressed-heathy-cooking-oil-na,Mumbai,400041,49,150,67.3,1
2026-05-30-0017,2026-05-30,zepto,jivo-groundnut-peanut-cold-pressed-heathy-cooking-oil-na,Mumbai,400090,49,150,67.3,1
2026-05-30-0017,2026-05-30,zepto,jivo-groundnut-peanut-cold-pressed-heathy-cooking-oil-na,Mumbai,400601,49,150,67.3,1
2026-05-30-0017,2026-05-30,zepto,jivo-groundnut-peanut-cold-pressed-heathy-cooking-oil-na,Mumbai,400611,49,150,67.3,1
2026-05-30-0017,2026-05-30,zepto,jivo-groundnut-peanut-cold-pressed-heathy-cooking-oil-na,Indore,452001,76,150,49.3,1
2026-05-30-0017,2026-05-30,zepto,jivo-kachi-ghani-mustard-cold-pressed-oil-healthy-cooking-oil-1l,Delhi,110004,149,255,41.6,1
2026-05-30-0017,2026-05-30,zepto,jivo-kachi-ghani-mustard-cold-pressed-oil-healthy-cooking-oil-1l,Delhi,110006,149,255,41.6,1
2026-05-30-0017,2026-05-30,zepto,jivo-kachi-ghani-mustard-cold-pressed-oil-healthy-cooking-oil-1l,Delhi,110007,149,255,41.6,1
2026-05-30-0017,2026-05-30,zepto,jivo-kachi-ghani-mustard-cold-pressed-oil-healthy-cooking-oil-1l,Delhi,110008,149,255,41.6,1
2026-05-30-0017,2026-05-30,zepto,jivo-kachi-ghani-mustard-cold-pressed-oil-healthy-cooking-oil-1l,Delhi,110009,149,255,41.6,1
2026-05-30-0017,2026-05-30,zepto,jivo-kachi-ghani-mustard-cold-pressed-oil-healthy-cooking-oil-1l,Delhi,110010,149,255,41.6,1
2026-05-30-0017,2026-05-30,zepto,jivo-kachi-ghani-mustard-cold-pressed-oil-healthy-cooking-oil-1l,Delhi,110013,149,255,41.6,1
2026-05-30-0017,2026-05-30,zepto,jivo-kachi-ghani-mustard-cold-pressed-oil-healthy-cooking-oil-1l,Delhi,110014,149,255,41.6,1
2026-05-30-0017,2026-05-30,zepto,jivo-kachi-ghani-mustard-cold-pressed-oil-healthy-cooking-oil-1l,Delhi,110015,149,255,41.6,1
2026-05-30-0017,2026-05-30,zepto,jivo-kachi-ghani-mustard-cold-pressed-oil-healthy-cooking-oil-1l,Delhi,110017,149,255,41.6,1
2026-05-30-0017,2026-05-30,zepto,jivo-kachi-ghani-mustard-cold-pressed-oil-healthy-cooking-oil-1l,Delhi,110021,149,255,41.6,1
2026-05-30-0017,2026-05-30,zepto,jivo-kachi-ghani-mustard-cold-pressed-oil-healthy-cooking-oil-1l,Delhi,110024,149,255,41.6,1
2026-05-30-0017,2026-05-30,zepto,jivo-kachi-ghani-mustard-cold-pressed-oil-healthy-cooking-oil-1l,Delhi,110025,149,255,41.6,1
2026-05-30-0017,2026-05-30,zepto,jivo-kachi-ghani-mustard-cold-pressed-oil-healthy-cooking-oil-1l,Delhi,110026,149,255,41.6,1
2026-05-30-0017,2026-05-30,zepto,jivo-kachi-ghani-mustard-cold-pressed-oil-healthy-cooking-oil-1l,Delhi,110031,149,255,41.6,1
2026-05-30-0017,2026-05-30,zepto,jivo-kachi-ghani-mustard-cold-pressed-oil-healthy-cooking-oil-1l,Delhi,110032,149,255,41.6,1
2026-05-30-0017,2026-05-30,zepto,jivo-kachi-ghani-mustard-cold-pressed-oil-healthy-cooking-oil-1l,Delhi,110035,149,255,41.6,1
2026-05-30-0017,2026-05-30,zepto,jivo-kachi-ghani-mustard-cold-pressed-oil-healthy-cooking-oil-1l,Delhi,110040,149,255,41.6,1
2026-05-30-0017,2026-05-30,zepto,jivo-kachi-ghani-mustard-cold-pressed-oil-healthy-cooking-oil-1l,Delhi,110042,149,255,41.6,1
2026-05-30-0017,2026-05-30,zepto,jivo-kachi-ghani-mustard-cold-pressed-oil-healthy-cooking-oil-1l,Delhi,110046,149,255,41.6,1
2026-05-30-0017,2026-05-30,zepto,jivo-kachi-ghani-mustard-cold-pressed-oil-healthy-cooking-oil-1l,Delhi,110048,149,255,41.6,1
2026-05-30-0017,2026-05-30,zepto,jivo-kachi-ghani-mustard-cold-pressed-oil-healthy-cooking-oil-1l,Delhi,110051,149,255,41.6,1
2026-05-30-0017,2026-05-30,zepto,jivo-kachi-ghani-mustard-cold-pressed-oil-healthy-cooking-oil-1l,Delhi,110053,149,255,41.6,1
2026-05-30-0017,2026-05-30,zepto,jivo-kachi-ghani-mustard-cold-pressed-oil-healthy-cooking-oil-1l,Delhi,110062,149,255,41.6,1
2026-05-30-0017,2026-05-30,zepto,jivo-kachi-ghani-mustard-cold-pressed-oil-healthy-cooking-oil-1l,Delhi,110065,149,255,41.6,1
2026-05-30-0017,2026-05-30,zepto,jivo-kachi-ghani-mustard-cold-pressed-oil-healthy-cooking-oil-1l,Delhi,110067,149,255,41.6,1
2026-05-30-0017,2026-05-30,zepto,jivo-kachi-ghani-mustard-cold-pressed-oil-healthy-cooking-oil-1l,Delhi,110076,149,255,41.6,1
2026-05-30-0017,2026-05-30,zepto,jivo-kachi-ghani-mustard-cold-pressed-oil-healthy-cooking-oil-1l,Delhi,110084,149,255,41.6,1
2026-05-30-0017,2026-05-30,zepto,jivo-kachi-ghani-mustard-cold-pressed-oil-healthy-cooking-oil-1l,Delhi,110085,149,255,41.6,1
2026-05-30-0017,2026-05-30,zepto,jivo-kachi-ghani-mustard-cold-pressed-oil-healthy-cooking-oil-1l,Delhi,110090,149,255,41.6,1
2026-05-30-0017,2026-05-30,zepto,jivo-kachi-ghani-mustard-cold-pressed-oil-healthy-cooking-oil-1l,Delhi,110091,149,255,41.6,1
2026-05-30-0017,2026-05-30,zepto,jivo-kachi-ghani-mustard-cold-pressed-oil-healthy-cooking-oil-1l,Delhi,110092,149,255,41.6,1
2026-05-30-0017,2026-05-30,zepto,jivo-kachi-ghani-mustard-cold-pressed-oil-healthy-cooking-oil-1l,Delhi,110095,149,255,41.6,1
2026-05-30-0017,2026-05-30,zepto,jivo-kachi-ghani-mustard-cold-pressed-oil-healthy-cooking-oil-1l,Faridabad,121001,149,255,41.6,1
2026-05-30-0017,2026-05-30,zepto,jivo-kachi-ghani-mustard-cold-pressed-oil-healthy-cooking-oil-1l,Faridabad,121011,149,255,41.6,1
2026-05-30-0017,2026-05-30,zepto,jivo-kachi-ghani-mustard-cold-pressed-oil-healthy-cooking-oil-1l,Gurgaon,122004,149,255,41.6,1
2026-05-30-0017,2026-05-30,zepto,jivo-kachi-ghani-mustard-cold-pressed-oil-healthy-cooking-oil-1l,Gurgaon,122006,149,255,41.6,1
2026-05-30-0017,2026-05-30,zepto,jivo-kachi-ghani-mustard-cold-pressed-oil-healthy-cooking-oil-1l,Gurgaon,122010,149,255,41.6,1
2026-05-30-0017,2026-05-30,zepto,jivo-kachi-ghani-mustard-cold-pressed-oil-healthy-cooking-oil-1l,Gurgaon,122051,149,255,41.6,1
2026-05-30-0017,2026-05-30,zepto,jivo-kachi-ghani-mustard-cold-pressed-oil-healthy-cooking-oil-1l,Gurgaon,122101,149,255,41.6,1
2026-05-30-0017,2026-05-30,zepto,jivo-kachi-ghani-mustard-cold-pressed-oil-healthy-cooking-oil-1l,Chandigarh,160011,149,255,41.6,1
2026-05-30-0017,2026-05-30,zepto,jivo-kachi-ghani-mustard-cold-pressed-oil-healthy-cooking-oil-1l,Chandigarh,160021,149,255,41.6,1
2026-05-30-0017,2026-05-30,zepto,jivo-kachi-ghani-mustard-cold-pressed-oil-healthy-cooking-oil-1l,Chandigarh,160035,149,255,41.6,1
2026-05-30-0017,2026-05-30,zepto,jivo-kachi-ghani-mustard-cold-pressed-oil-healthy-cooking-oil-1l,Chandigarh,160043,149,255,41.6,1
2026-05-30-0017,2026-05-30,zepto,jivo-kachi-ghani-mustard-cold-pressed-oil-healthy-cooking-oil-1l,Ghaziabad,201003,149,255,41.6,1
2026-05-30-0017,2026-05-30,zepto,jivo-kachi-ghani-mustard-cold-pressed-oil-healthy-cooking-oil-1l,Ghaziabad,201005,149,255,41.6,1
2026-05-30-0017,2026-05-30,zepto,jivo-kachi-ghani-mustard-cold-pressed-oil-healthy-cooking-oil-1l,Mumbai,400090,149,255,41.6,1
2026-05-30-0017,2026-05-30,zepto,jivo-kachi-ghani-mustard-cold-pressed-oil-healthy-cooking-oil-1l,Bengaluru,560014,149,255,41.6,1
2026-05-30-0017,2026-05-30,zepto,jivo-kachi-ghani-mustard-cold-pressed-oil-healthy-cooking-oil-1l,Bengaluru,560019,149,255,41.6,1
2026-05-30-0017,2026-05-30,zepto,jivo-kachi-ghani-mustard-cold-pressed-oil-healthy-cooking-oil-1l,Bengaluru,560028,149,255,41.6,1
2026-05-30-0017,2026-05-30,zepto,jivo-kachi-ghani-mustard-cold-pressed-oil-healthy-cooking-oil-1l,Bengaluru,560039,149,255,41.6,1
2026-05-30-0017,2026-05-30,zepto,jivo-kachi-ghani-mustard-cold-pressed-oil-healthy-cooking-oil-1l,Bengaluru,560069,149,255,41.6,1
2026-05-30-0017,2026-05-30,zepto,jivo-pomace-olive-oil-1l,Delhi,110006,379,1049,63.9,1
2026-05-30-0017,2026-05-30,zepto,jivo-pomace-olive-oil-1l,Delhi,110007,379,1049,63.9,1
2026-05-30-0017,2026-05-30,zepto,jivo-pomace-olive-oil-1l,Delhi,110008,379,1049,63.9,1
2026-05-30-0017,2026-05-30,zepto,jivo-pomace-olive-oil-1l,Delhi,110009,379,1049,63.9,1
2026-05-30-0017,2026-05-30,zepto,jivo-pomace-olive-oil-1l,Delhi,110010,379,1049,63.9,1
2026-05-30-0017,2026-05-30,zepto,jivo-pomace-olive-oil-1l,Delhi,110013,379,1049,63.9,1
2026-05-30-0017,2026-05-30,zepto,jivo-pomace-olive-oil-1l,Delhi,110014,379,1049,63.9,1
2026-05-30-0017,2026-05-30,zepto,jivo-pomace-olive-oil-1l,Delhi,110015,379,1049,63.9,1
2026-05-30-0017,2026-05-30,zepto,jivo-pomace-olive-oil-1l,Delhi,110017,379,1049,63.9,1
2026-05-30-0017,2026-05-30,zepto,jivo-pomace-olive-oil-1l,Delhi,110024,379,1049,63.9,1
2026-05-30-0017,2026-05-30,zepto,jivo-pomace-olive-oil-1l,Delhi,110025,379,1049,63.9,1
2026-05-30-0017,2026-05-30,zepto,jivo-pomace-olive-oil-1l,Delhi,110031,379,1049,63.9,1
2026-05-30-0017,2026-05-30,zepto,jivo-pomace-olive-oil-1l,Delhi,110032,379,1049,63.9,1
2026-05-30-0017,2026-05-30,zepto,jivo-pomace-olive-oil-1l,Delhi,110035,379,1049,63.9,1
2026-05-30-0017,2026-05-30,zepto,jivo-pomace-olive-oil-1l,Delhi,110040,379,1049,63.9,1
2026-05-30-0017,2026-05-30,zepto,jivo-pomace-olive-oil-1l,Delhi,110042,379,1049,63.9,1
2026-05-30-0017,2026-05-30,zepto,jivo-pomace-olive-oil-1l,Delhi,110046,379,1049,63.9,1
2026-05-30-0017,2026-05-30,zepto,jivo-pomace-olive-oil-1l,Delhi,110048,379,1049,63.9,1
2026-05-30-0017,2026-05-30,zepto,jivo-pomace-olive-oil-1l,Delhi,110051,379,1049,63.9,1
2026-05-30-0017,2026-05-30,zepto,jivo-pomace-olive-oil-1l,Delhi,110053,379,1049,63.9,1
2026-05-30-0017,2026-05-30,zepto,jivo-pomace-olive-oil-1l,Delhi,110062,379,1049,63.9,1
2026-05-30-0017,2026-05-30,zepto,jivo-pomace-olive-oil-1l,Delhi,110065,379,1049,63.9,1
2026-05-30-0017,2026-05-30,zepto,jivo-pomace-olive-oil-1l,Delhi,110067,379,1049,63.9,1
2026-05-30-0017,2026-05-30,zepto,jivo-pomace-olive-oil-1l,Delhi,110076,379,1049,63.9,1
2026-05-30-0017,2026-05-30,zepto,jivo-pomace-olive-oil-1l,Delhi,110084,379,1049,63.9,1
2026-05-30-0017,2026-05-30,zepto,jivo-pomace-olive-oil-1l,Delhi,110085,379,1049,63.9,1
2026-05-30-0017,2026-05-30,zepto,jivo-pomace-olive-oil-1l,Delhi,110090,379,1049,63.9,1
2026-05-30-0017,2026-05-30,zepto,jivo-pomace-olive-oil-1l,Delhi,110091,379,1049,63.9,1
2026-05-30-0017,2026-05-30,zepto,jivo-pomace-olive-oil-1l,Delhi,110092,379,1049,63.9,1
2026-05-30-0017,2026-05-30,zepto,jivo-pomace-olive-oil-1l,Delhi,110095,379,1049,63.9,1
2026-05-30-0017,2026-05-30,zepto,jivo-pomace-olive-oil-1l,Faridabad,121001,379,1049,63.9,1
2026-05-30-0017,2026-05-30,zepto,jivo-pomace-olive-oil-1l,Faridabad,121011,379,1049,63.9,1
2026-05-30-0017,2026-05-30,zepto,jivo-pomace-olive-oil-1l,Gurgaon,122004,379,1049,63.9,1
2026-05-30-0017,2026-05-30,zepto,jivo-pomace-olive-oil-1l,Gurgaon,122006,379,1049,63.9,1
2026-05-30-0017,2026-05-30,zepto,jivo-pomace-olive-oil-1l,Gurgaon,122010,379,1049,63.9,1
2026-05-30-0017,2026-05-30,zepto,jivo-pomace-olive-oil-1l,Gurgaon,122051,379,1049,63.9,1
2026-05-30-0017,2026-05-30,zepto,jivo-pomace-olive-oil-1l,Gurgaon,122101,379,1049,63.9,1
2026-05-30-0017,2026-05-30,zepto,jivo-pomace-olive-oil-1l,Ludhiana,142022,379,1049,63.9,1
2026-05-30-0017,2026-05-30,zepto,jivo-pomace-olive-oil-1l,Ghaziabad,201003,379,1049,63.9,1
2026-05-30-0017,2026-05-30,zepto,jivo-pomace-olive-oil-1l,Ghaziabad,201009,379,1049,63.9,1
2026-05-30-0017,2026-05-30,zepto,jivo-pomace-olive-oil-1l,Mumbai,400003,379,1049,63.9,1
2026-05-30-0017,2026-05-30,zepto,jivo-pomace-olive-oil-1l,Mumbai,400005,379,1049,63.9,1
2026-05-30-0017,2026-05-30,zepto,jivo-pomace-olive-oil-1l,Mumbai,400006,379,1049,63.9,1
2026-05-30-0017,2026-05-30,zepto,jivo-pomace-olive-oil-1l,Mumbai,400007,379,1049,63.9,1
2026-05-30-0017,2026-05-30,zepto,jivo-pomace-olive-oil-1l,Mumbai,400010,379,1049,63.9,1
2026-05-30-0017,2026-05-30,zepto,jivo-pomace-olive-oil-1l,Mumbai,400011,379,1049,63.9,1
2026-05-30-0017,2026-05-30,zepto,jivo-pomace-olive-oil-1l,Mumbai,400012,379,1049,63.9,1
2026-05-30-0017,2026-05-30,zepto,jivo-pomace-olive-oil-1l,Mumbai,400013,379,1049,63.9,1
2026-05-30-0017,2026-05-30,zepto,jivo-pomace-olive-oil-1l,Mumbai,400015,379,1049,63.9,1
2026-05-30-0017,2026-05-30,zepto,jivo-pomace-olive-oil-1l,Mumbai,400018,379,1049,63.9,1
2026-05-30-0017,2026-05-30,zepto,jivo-pomace-olive-oil-1l,Mumbai,400019,379,1049,63.9,1
2026-05-30-0017,2026-05-30,zepto,jivo-pomace-olive-oil-1l,Mumbai,400020,379,1049,63.9,1
2026-05-30-0017,2026-05-30,zepto,jivo-pomace-olive-oil-1l,Mumbai,400021,379,1049,63.9,1
2026-05-30-0017,2026-05-30,zepto,jivo-pomace-olive-oil-1l,Mumbai,400023,379,1049,63.9,1
2026-05-30-0017,2026-05-30,zepto,jivo-pomace-olive-oil-1l,Mumbai,400025,379,1049,63.9,1
2026-05-30-0017,2026-05-30,zepto,jivo-pomace-olive-oil-1l,Mumbai,400030,379,1049,63.9,1
2026-05-30-0017,2026-05-30,zepto,jivo-pomace-olive-oil-1l,Mumbai,400033,379,1049,63.9,1
2026-05-30-0017,2026-05-30,zepto,jivo-pomace-olive-oil-1l,Mumbai,400041,379,1049,63.9,1
2026-05-30-0017,2026-05-30,zepto,jivo-pomace-olive-oil-1l,Mumbai,400601,379,1049,63.9,1
2026-05-30-0017,2026-05-30,zepto,jivo-pomace-olive-oil-1l,Bengaluru,560014,379,1049,63.9,1
2026-05-30-0017,2026-05-30,zepto,jivo-pomace-olive-oil-1l,Bengaluru,560019,379,1049,63.9,1
2026-05-30-0017,2026-05-30,zepto,jivo-pomace-olive-oil-1l,Bengaluru,560028,379,1049,63.9,1
2026-05-30-0017,2026-05-30,zepto,jivo-pomace-olive-oil-1l,Bengaluru,560069,379,1049,63.9,1
2026-05-30-0017,2026-05-30,zepto,jivo-pomace-olive-oil-combo-1l,Delhi,110007,758,2098,63.9,1
2026-05-30-0017,2026-05-30,zepto,jivo-pomace-olive-oil-combo-1l,Delhi,110013,758,2098,63.9,1
2026-05-30-0017,2026-05-30,zepto,jivo-pomace-olive-oil-combo-1l,Delhi,110015,758,2098,63.9,1
2026-05-30-0017,2026-05-30,zepto,jivo-pomace-olive-oil-combo-1l,Delhi,110024,758,2098,63.9,1
2026-05-30-0017,2026-05-30,zepto,jivo-pomace-olive-oil-combo-1l,Delhi,110025,758,2098,63.9,1
2026-05-30-0017,2026-05-30,zepto,jivo-pomace-olive-oil-combo-1l,Delhi,110031,758,2098,63.9,1
2026-05-30-0017,2026-05-30,zepto,jivo-pomace-olive-oil-combo-1l,Delhi,110032,758,2098,63.9,1
2026-05-30-0017,2026-05-30,zepto,jivo-pomace-olive-oil-combo-1l,Delhi,110040,758,2098,63.9,1
2026-05-30-0017,2026-05-30,zepto,jivo-pomace-olive-oil-combo-1l,Delhi,110048,758,2098,63.9,1
2026-05-30-0017,2026-05-30,zepto,jivo-pomace-olive-oil-combo-1l,Delhi,110051,758,2098,63.9,1
2026-05-30-0017,2026-05-30,zepto,jivo-pomace-olive-oil-combo-1l,Delhi,110053,758,2098,63.9,1
2026-05-30-0017,2026-05-30,zepto,jivo-pomace-olive-oil-combo-1l,Delhi,110065,758,2098,63.9,1
2026-05-30-0017,2026-05-30,zepto,jivo-pomace-olive-oil-combo-1l,Delhi,110067,758,2098,63.9,1
2026-05-30-0017,2026-05-30,zepto,jivo-pomace-olive-oil-combo-1l,Delhi,110076,758,2098,63.9,1
2026-05-30-0017,2026-05-30,zepto,jivo-pomace-olive-oil-combo-1l,Delhi,110084,758,2098,63.9,1
2026-05-30-0017,2026-05-30,zepto,jivo-pomace-olive-oil-combo-1l,Delhi,110091,758,2098,63.9,1
2026-05-30-0017,2026-05-30,zepto,jivo-pomace-olive-oil-combo-1l,Delhi,110095,758,2098,63.9,1
2026-05-30-0017,2026-05-30,zepto,jivo-pomace-olive-oil-combo-1l,Faridabad,121001,758,2098,63.9,1
2026-05-30-0017,2026-05-30,zepto,jivo-pomace-olive-oil-combo-1l,Gurgaon,122004,758,2098,63.9,1
2026-05-30-0017,2026-05-30,zepto,jivo-pomace-olive-oil-combo-1l,Gurgaon,122006,758,2098,63.9,1
2026-05-30-0017,2026-05-30,zepto,jivo-pomace-olive-oil-combo-1l,Gurgaon,122010,758,2098,63.9,1
2026-05-30-0017,2026-05-30,zepto,jivo-pomace-olive-oil-combo-1l,Ghaziabad,201003,758,2098,63.9,1
2026-05-30-0017,2026-05-30,zepto,jivo-pomace-olive-oil-combo-1l,Mumbai,400005,758,2098,63.9,1
2026-05-30-0017,2026-05-30,zepto,jivo-pomace-olive-oil-combo-1l,Mumbai,400006,758,2098,63.9,1
2026-05-30-0017,2026-05-30,zepto,jivo-pomace-olive-oil-combo-1l,Mumbai,400007,758,2098,63.9,1
2026-05-30-0017,2026-05-30,zepto,jivo-pomace-olive-oil-combo-1l,Mumbai,400010,758,2098,63.9,1
2026-05-30-0017,2026-05-30,zepto,jivo-pomace-olive-oil-combo-1l,Mumbai,400011,758,2098,63.9,1
2026-05-30-0017,2026-05-30,zepto,jivo-pomace-olive-oil-combo-1l,Mumbai,400012,758,2098,63.9,1
2026-05-30-0017,2026-05-30,zepto,jivo-pomace-olive-oil-combo-1l,Mumbai,400013,758,2098,63.9,1
2026-05-30-0017,2026-05-30,zepto,jivo-pomace-olive-oil-combo-1l,Mumbai,400015,758,2098,63.9,1
2026-05-30-0017,2026-05-30,zepto,jivo-pomace-olive-oil-combo-1l,Mumbai,400018,758,2098,63.9,1
2026-05-30-0017,2026-05-30,zepto,jivo-pomace-olive-oil-combo-1l,Mumbai,400019,758,2098,63.9,1
2026-05-30-0017,2026-05-30,zepto,jivo-pomace-olive-oil-combo-1l,Mumbai,400020,758,2098,63.9,1
2026-05-30-0017,2026-05-30,zepto,jivo-pomace-olive-oil-combo-1l,Mumbai,400023,758,2098,63.9,1
2026-05-30-0017,2026-05-30,zepto,jivo-pomace-olive-oil-combo-1l,Mumbai,400025,758,2098,63.9,1
2026-05-30-0017,2026-05-30,zepto,jivo-pomace-olive-oil-combo-1l,Mumbai,400030,758,2098,63.9,1
2026-05-30-0017,2026-05-30,zepto,jivo-pomace-olive-oil-combo-1l,Mumbai,400033,758,2098,63.9,1
2026-05-30-0017,2026-05-30,zepto,jivo-pomace-olive-oil-combo-1l,Bengaluru,560014,758,2098,63.9,1
2026-05-30-0017,2026-05-30,zepto,jivo-pomace-olive-oil-combo-1l,Bengaluru,560069,758,2098,63.9,1
2026-05-30-0017,2026-05-30,zepto,jivo-sunflower-cold-pressed-oil-healthy-cooking-oil-1l,Delhi,110004,230,275,16.4,1
2026-05-30-0017,2026-05-30,zepto,jivo-sunflower-cold-pressed-oil-healthy-cooking-oil-1l,Delhi,110006,230,275,16.4,1
2026-05-30-0017,2026-05-30,zepto,jivo-sunflower-cold-pressed-oil-healthy-cooking-oil-1l,Delhi,110007,230,275,16.4,1
2026-05-30-0017,2026-05-30,zepto,jivo-sunflower-cold-pressed-oil-healthy-cooking-oil-1l,Delhi,110008,230,275,16.4,1
2026-05-30-0017,2026-05-30,zepto,jivo-sunflower-cold-pressed-oil-healthy-cooking-oil-1l,Delhi,110009,230,275,16.4,1
2026-05-30-0017,2026-05-30,zepto,jivo-sunflower-cold-pressed-oil-healthy-cooking-oil-1l,Delhi,110010,230,275,16.4,1
2026-05-30-0017,2026-05-30,zepto,jivo-sunflower-cold-pressed-oil-healthy-cooking-oil-1l,Delhi,110013,230,275,16.4,1
2026-05-30-0017,2026-05-30,zepto,jivo-sunflower-cold-pressed-oil-healthy-cooking-oil-1l,Delhi,110014,230,275,16.4,1
2026-05-30-0017,2026-05-30,zepto,jivo-sunflower-cold-pressed-oil-healthy-cooking-oil-1l,Delhi,110015,230,275,16.4,1
2026-05-30-0017,2026-05-30,zepto,jivo-sunflower-cold-pressed-oil-healthy-cooking-oil-1l,Delhi,110017,230,275,16.4,1
2026-05-30-0017,2026-05-30,zepto,jivo-sunflower-cold-pressed-oil-healthy-cooking-oil-1l,Delhi,110018,230,275,16.4,1
2026-05-30-0017,2026-05-30,zepto,jivo-sunflower-cold-pressed-oil-healthy-cooking-oil-1l,Delhi,110021,230,275,16.4,1
2026-05-30-0017,2026-05-30,zepto,jivo-sunflower-cold-pressed-oil-healthy-cooking-oil-1l,Delhi,110024,230,275,16.4,1
2026-05-30-0017,2026-05-30,zepto,jivo-sunflower-cold-pressed-oil-healthy-cooking-oil-1l,Delhi,110025,230,275,16.4,1
2026-05-30-0017,2026-05-30,zepto,jivo-sunflower-cold-pressed-oil-healthy-cooking-oil-1l,Delhi,110031,230,275,16.4,1
2026-05-30-0017,2026-05-30,zepto,jivo-sunflower-cold-pressed-oil-healthy-cooking-oil-1l,Delhi,110032,230,275,16.4,1
2026-05-30-0017,2026-05-30,zepto,jivo-sunflower-cold-pressed-oil-healthy-cooking-oil-1l,Delhi,110033,230,275,16.4,1
2026-05-30-0017,2026-05-30,zepto,jivo-sunflower-cold-pressed-oil-healthy-cooking-oil-1l,Delhi,110035,230,275,16.4,1
2026-05-30-0017,2026-05-30,zepto,jivo-sunflower-cold-pressed-oil-healthy-cooking-oil-1l,Delhi,110040,230,275,16.4,1
2026-05-30-0017,2026-05-30,zepto,jivo-sunflower-cold-pressed-oil-healthy-cooking-oil-1l,Delhi,110042,230,275,16.4,1
2026-05-30-0017,2026-05-30,zepto,jivo-sunflower-cold-pressed-oil-healthy-cooking-oil-1l,Delhi,110046,230,275,16.4,1
2026-05-30-0017,2026-05-30,zepto,jivo-sunflower-cold-pressed-oil-healthy-cooking-oil-1l,Delhi,110048,230,275,16.4,1
2026-05-30-0017,2026-05-30,zepto,jivo-sunflower-cold-pressed-oil-healthy-cooking-oil-1l,Delhi,110051,230,275,16.4,1
2026-05-30-0017,2026-05-30,zepto,jivo-sunflower-cold-pressed-oil-healthy-cooking-oil-1l,Delhi,110053,230,275,16.4,1
2026-05-30-0017,2026-05-30,zepto,jivo-sunflower-cold-pressed-oil-healthy-cooking-oil-1l,Delhi,110062,230,275,16.4,1
2026-05-30-0017,2026-05-30,zepto,jivo-sunflower-cold-pressed-oil-healthy-cooking-oil-1l,Delhi,110065,230,275,16.4,1
2026-05-30-0017,2026-05-30,zepto,jivo-sunflower-cold-pressed-oil-healthy-cooking-oil-1l,Delhi,110067,230,275,16.4,1
2026-05-30-0017,2026-05-30,zepto,jivo-sunflower-cold-pressed-oil-healthy-cooking-oil-1l,Delhi,110076,230,275,16.4,1
2026-05-30-0017,2026-05-30,zepto,jivo-sunflower-cold-pressed-oil-healthy-cooking-oil-1l,Delhi,110084,230,275,16.4,1
2026-05-30-0017,2026-05-30,zepto,jivo-sunflower-cold-pressed-oil-healthy-cooking-oil-1l,Delhi,110085,230,275,16.4,1
2026-05-30-0017,2026-05-30,zepto,jivo-sunflower-cold-pressed-oil-healthy-cooking-oil-1l,Delhi,110090,230,275,16.4,1
2026-05-30-0017,2026-05-30,zepto,jivo-sunflower-cold-pressed-oil-healthy-cooking-oil-1l,Delhi,110091,230,275,16.4,1
2026-05-30-0017,2026-05-30,zepto,jivo-sunflower-cold-pressed-oil-healthy-cooking-oil-1l,Delhi,110092,230,275,16.4,1
2026-05-30-0017,2026-05-30,zepto,jivo-sunflower-cold-pressed-oil-healthy-cooking-oil-1l,Delhi,110095,230,275,16.4,1
2026-05-30-0017,2026-05-30,zepto,jivo-sunflower-cold-pressed-oil-healthy-cooking-oil-1l,Faridabad,121001,230,275,16.4,1
2026-05-30-0017,2026-05-30,zepto,jivo-sunflower-cold-pressed-oil-healthy-cooking-oil-1l,Faridabad,121011,230,275,16.4,1
2026-05-30-0017,2026-05-30,zepto,jivo-sunflower-cold-pressed-oil-healthy-cooking-oil-1l,Gurgaon,122004,230,275,16.4,1
2026-05-30-0017,2026-05-30,zepto,jivo-sunflower-cold-pressed-oil-healthy-cooking-oil-1l,Gurgaon,122006,230,275,16.4,1
2026-05-30-0017,2026-05-30,zepto,jivo-sunflower-cold-pressed-oil-healthy-cooking-oil-1l,Gurgaon,122010,230,275,16.4,1
2026-05-30-0017,2026-05-30,zepto,jivo-sunflower-cold-pressed-oil-healthy-cooking-oil-1l,Gurgaon,122051,230,275,16.4,1
2026-05-30-0017,2026-05-30,zepto,jivo-sunflower-cold-pressed-oil-healthy-cooking-oil-1l,Gurgaon,122101,230,275,16.4,1
2026-05-30-0017,2026-05-30,zepto,jivo-sunflower-cold-pressed-oil-healthy-cooking-oil-1l,Ghaziabad,201003,230,275,16.4,1
2026-05-30-0017,2026-05-30,zepto,jivo-sunflower-cold-pressed-oil-healthy-cooking-oil-1l,Ghaziabad,201005,230,275,16.4,1
2026-05-30-0017,2026-05-30,zepto,jivo-sunflower-cold-pressed-oil-healthy-cooking-oil-1l,Ghaziabad,201009,217,275,21.1,1
2026-05-30-0017,2026-05-30,zepto,jivo-sunflower-cold-pressed-oil-healthy-cooking-oil-1l,Mumbai,400005,230,275,16.4,1
2026-05-30-0017,2026-05-30,zepto,jivo-sunflower-cold-pressed-oil-healthy-cooking-oil-1l,Bengaluru,560014,230,275,16.4,1
2026-05-30-0900,2026-05-30,zepto,jivo-cold-press-canola-oil-combo-bottle-2l,Delhi,110004,485,750,35.3,1
2026-05-30-0900,2026-05-30,zepto,jivo-cold-press-canola-oil-combo-bottle-2l,Delhi,110006,485,750,35.3,1
2026-05-30-0900,2026-05-30,zepto,jivo-cold-press-canola-oil-combo-bottle-2l,Delhi,110008,485,750,35.3,1
2026-05-30-0900,2026-05-30,zepto,jivo-cold-press-canola-oil-combo-bottle-2l,Delhi,110009,485,750,35.3,1
2026-05-30-0900,2026-05-30,zepto,jivo-cold-press-canola-oil-combo-bottle-2l,Delhi,110010,485,750,35.3,1
2026-05-30-0900,2026-05-30,zepto,jivo-cold-press-canola-oil-combo-bottle-2l,Delhi,110013,485,750,35.3,1
2026-05-30-0900,2026-05-30,zepto,jivo-cold-press-canola-oil-combo-bottle-2l,Delhi,110014,485,750,35.3,1
2026-05-30-0900,2026-05-30,zepto,jivo-cold-press-canola-oil-combo-bottle-2l,Delhi,110015,485,750,35.3,1
2026-05-30-0900,2026-05-30,zepto,jivo-cold-press-canola-oil-combo-bottle-2l,Delhi,110017,519,750,30.8,1
2026-05-30-0900,2026-05-30,zepto,jivo-cold-press-canola-oil-combo-bottle-2l,Delhi,110025,485,750,35.3,1
2026-05-30-0900,2026-05-30,zepto,jivo-cold-press-canola-oil-combo-bottle-2l,Delhi,110026,485,750,35.3,1
2026-05-30-0900,2026-05-30,zepto,jivo-cold-press-canola-oil-combo-bottle-2l,Delhi,110032,485,750,35.3,1
2026-05-30-0900,2026-05-30,zepto,jivo-cold-press-canola-oil-combo-bottle-2l,Delhi,110035,519,750,30.8,1
2026-05-30-0900,2026-05-30,zepto,jivo-cold-press-canola-oil-combo-bottle-2l,Delhi,110040,485,750,35.3,1
2026-05-30-0900,2026-05-30,zepto,jivo-cold-press-canola-oil-combo-bottle-2l,Delhi,110042,485,750,35.3,1
2026-05-30-0900,2026-05-30,zepto,jivo-cold-press-canola-oil-combo-bottle-2l,Delhi,110048,485,750,35.3,1
2026-05-30-0900,2026-05-30,zepto,jivo-cold-press-canola-oil-combo-bottle-2l,Delhi,110053,485,750,35.3,1
2026-05-30-0900,2026-05-30,zepto,jivo-cold-press-canola-oil-combo-bottle-2l,Delhi,110062,485,750,35.3,1
2026-05-30-0900,2026-05-30,zepto,jivo-cold-press-canola-oil-combo-bottle-2l,Delhi,110065,485,750,35.3,1
2026-05-30-0900,2026-05-30,zepto,jivo-cold-press-canola-oil-combo-bottle-2l,Delhi,110076,485,750,35.3,1
2026-05-30-0900,2026-05-30,zepto,jivo-cold-press-canola-oil-combo-bottle-2l,Delhi,110085,485,750,35.3,1
2026-05-30-0900,2026-05-30,zepto,jivo-cold-press-canola-oil-combo-bottle-2l,Delhi,110091,485,750,35.3,1
2026-05-30-0900,2026-05-30,zepto,jivo-cold-press-canola-oil-combo-bottle-2l,Delhi,110092,519,750,30.8,1
2026-05-30-0900,2026-05-30,zepto,jivo-cold-press-canola-oil-combo-bottle-2l,Delhi,110095,485,750,35.3,1
2026-05-30-0900,2026-05-30,zepto,jivo-cold-press-canola-oil-combo-bottle-2l,Bengaluru,560069,485,750,35.3,1
2026-05-30-0900,2026-05-30,zepto,jivo-daily-pomace-olive-oil-2l,Bengaluru,560014,941,1449,35.1,1
2026-05-30-0900,2026-05-30,zepto,jivo-extra-light-olive-oil-1l,Delhi,110004,499,1499,66.7,1
2026-05-30-0900,2026-05-30,zepto,jivo-extra-light-olive-oil-1l,Delhi,110006,499,1499,66.7,1
2026-05-30-0900,2026-05-30,zepto,jivo-extra-light-olive-oil-1l,Delhi,110007,499,1499,66.7,1
2026-05-30-0900,2026-05-30,zepto,jivo-extra-light-olive-oil-1l,Delhi,110008,499,1499,66.7,1
2026-05-30-0900,2026-05-30,zepto,jivo-extra-light-olive-oil-1l,Delhi,110009,499,1499,66.7,1
2026-05-30-0900,2026-05-30,zepto,jivo-extra-light-olive-oil-1l,Delhi,110010,499,1499,66.7,1
2026-05-30-0900,2026-05-30,zepto,jivo-extra-light-olive-oil-1l,Delhi,110013,499,1499,66.7,1
2026-05-30-0900,2026-05-30,zepto,jivo-extra-light-olive-oil-1l,Delhi,110015,499,1499,66.7,1
2026-05-30-0900,2026-05-30,zepto,jivo-extra-light-olive-oil-1l,Delhi,110017,499,1499,66.7,1
2026-05-30-0900,2026-05-30,zepto,jivo-extra-light-olive-oil-1l,Delhi,110024,499,1499,66.7,1
2026-05-30-0900,2026-05-30,zepto,jivo-extra-light-olive-oil-1l,Delhi,110025,499,1499,66.7,1
2026-05-30-0900,2026-05-30,zepto,jivo-extra-light-olive-oil-1l,Delhi,110026,499,1499,66.7,1
2026-05-30-0900,2026-05-30,zepto,jivo-extra-light-olive-oil-1l,Delhi,110031,499,1499,66.7,1
2026-05-30-0900,2026-05-30,zepto,jivo-extra-light-olive-oil-1l,Delhi,110032,499,1499,66.7,1
2026-05-30-0900,2026-05-30,zepto,jivo-extra-light-olive-oil-1l,Delhi,110033,499,1499,66.7,1
2026-05-30-0900,2026-05-30,zepto,jivo-extra-light-olive-oil-1l,Delhi,110035,499,1499,66.7,1
2026-05-30-0900,2026-05-30,zepto,jivo-extra-light-olive-oil-1l,Delhi,110040,499,1499,66.7,1
2026-05-30-0900,2026-05-30,zepto,jivo-extra-light-olive-oil-1l,Delhi,110042,499,1499,66.7,1
2026-05-30-0900,2026-05-30,zepto,jivo-extra-light-olive-oil-1l,Delhi,110046,499,1499,66.7,1
2026-05-30-0900,2026-05-30,zepto,jivo-extra-light-olive-oil-1l,Delhi,110048,499,1499,66.7,1
2026-05-30-0900,2026-05-30,zepto,jivo-extra-light-olive-oil-1l,Delhi,110051,499,1499,66.7,1
2026-05-30-0900,2026-05-30,zepto,jivo-extra-light-olive-oil-1l,Delhi,110053,499,1499,66.7,1
2026-05-30-0900,2026-05-30,zepto,jivo-extra-light-olive-oil-1l,Delhi,110065,499,1499,66.7,1
2026-05-30-0900,2026-05-30,zepto,jivo-extra-light-olive-oil-1l,Delhi,110067,499,1499,66.7,1
2026-05-30-0900,2026-05-30,zepto,jivo-extra-light-olive-oil-1l,Delhi,110076,499,1499,66.7,1
2026-05-30-0900,2026-05-30,zepto,jivo-extra-light-olive-oil-1l,Delhi,110084,499,1499,66.7,1
2026-05-30-0900,2026-05-30,zepto,jivo-extra-light-olive-oil-1l,Delhi,110085,499,1499,66.7,1
2026-05-30-0900,2026-05-30,zepto,jivo-extra-light-olive-oil-1l,Delhi,110088,499,1499,66.7,1
2026-05-30-0900,2026-05-30,zepto,jivo-extra-light-olive-oil-1l,Delhi,110090,499,1499,66.7,1
2026-05-30-0900,2026-05-30,zepto,jivo-extra-light-olive-oil-1l,Delhi,110092,499,1499,66.7,1
2026-05-30-0900,2026-05-30,zepto,jivo-extra-light-olive-oil-1l,Faridabad,121011,499,1499,66.7,1
2026-05-30-0900,2026-05-30,zepto,jivo-extra-light-olive-oil-1l,Gurgaon,122006,499,1499,66.7,1
2026-05-30-0900,2026-05-30,zepto,jivo-extra-light-olive-oil-1l,Gurgaon,122051,499,1499,66.7,1
2026-05-30-0900,2026-05-30,zepto,jivo-extra-light-olive-oil-1l,Gurgaon,122101,499,1499,66.7,1
2026-05-30-0900,2026-05-30,zepto,jivo-extra-light-olive-oil-1l,Ludhiana,141015,499,1499,66.7,1
2026-05-30-0900,2026-05-30,zepto,jivo-extra-light-olive-oil-1l,Ludhiana,142022,499,1499,66.7,1
2026-05-30-0900,2026-05-30,zepto,jivo-extra-light-olive-oil-1l,Ludhiana,142036,499,1499,66.7,1
2026-05-30-0900,2026-05-30,zepto,jivo-extra-light-olive-oil-1l,Chandigarh,160011,499,1499,66.7,1
2026-05-30-0900,2026-05-30,zepto,jivo-extra-light-olive-oil-1l,Chandigarh,160021,499,1499,66.7,1
2026-05-30-0900,2026-05-30,zepto,jivo-extra-light-olive-oil-1l,Chandigarh,160035,499,1499,66.7,1
2026-05-30-0900,2026-05-30,zepto,jivo-extra-light-olive-oil-1l,Chandigarh,160043,499,1499,66.7,1
2026-05-30-0900,2026-05-30,zepto,jivo-extra-light-olive-oil-1l,Ghaziabad,201003,499,1499,66.7,1
2026-05-30-0900,2026-05-30,zepto,jivo-extra-light-olive-oil-1l,Ghaziabad,201009,499,1499,66.7,1
2026-05-30-0900,2026-05-30,zepto,jivo-extra-light-olive-oil-1l,Noida,201307,499,1499,66.7,1
2026-05-30-0900,2026-05-30,zepto,jivo-extra-light-olive-oil-1l,Noida,201309,499,1499,66.7,1
2026-05-30-0900,2026-05-30,zepto,jivo-extra-light-olive-oil-1l,Noida,201310,499,1499,66.7,1
2026-05-30-0900,2026-05-30,zepto,jivo-extra-light-olive-oil-1l,Mumbai,400003,499,1499,66.7,1
2026-05-30-0900,2026-05-30,zepto,jivo-extra-light-olive-oil-1l,Mumbai,400005,499,1499,66.7,1
2026-05-30-0900,2026-05-30,zepto,jivo-extra-light-olive-oil-1l,Mumbai,400006,499,1499,66.7,1
2026-05-30-0900,2026-05-30,zepto,jivo-extra-light-olive-oil-1l,Mumbai,400007,499,1499,66.7,1
2026-05-30-0900,2026-05-30,zepto,jivo-extra-light-olive-oil-1l,Mumbai,400010,499,1499,66.7,1
2026-05-30-0900,2026-05-30,zepto,jivo-extra-light-olive-oil-1l,Mumbai,400011,499,1499,66.7,1
2026-05-30-0900,2026-05-30,zepto,jivo-extra-light-olive-oil-1l,Mumbai,400012,499,1499,66.7,1
2026-05-30-0900,2026-05-30,zepto,jivo-extra-light-olive-oil-1l,Mumbai,400013,499,1499,66.7,1
2026-05-30-0900,2026-05-30,zepto,jivo-extra-light-olive-oil-1l,Mumbai,400015,499,1499,66.7,1
2026-05-30-0900,2026-05-30,zepto,jivo-extra-light-olive-oil-1l,Mumbai,400017,499,1499,66.7,1
2026-05-30-0900,2026-05-30,zepto,jivo-extra-light-olive-oil-1l,Mumbai,400018,499,1499,66.7,1
2026-05-30-0900,2026-05-30,zepto,jivo-extra-light-olive-oil-1l,Mumbai,400019,499,1499,66.7,1
2026-05-30-0900,2026-05-30,zepto,jivo-extra-light-olive-oil-1l,Mumbai,400020,499,1499,66.7,1
2026-05-30-0900,2026-05-30,zepto,jivo-extra-light-olive-oil-1l,Mumbai,400021,499,1499,66.7,1
2026-05-30-0900,2026-05-30,zepto,jivo-extra-light-olive-oil-1l,Mumbai,400023,499,1499,66.7,1
2026-05-30-0900,2026-05-30,zepto,jivo-extra-light-olive-oil-1l,Mumbai,400025,499,1499,66.7,1
2026-05-30-0900,2026-05-30,zepto,jivo-extra-light-olive-oil-1l,Mumbai,400030,499,1499,66.7,1
2026-05-30-0900,2026-05-30,zepto,jivo-extra-light-olive-oil-1l,Mumbai,400033,499,1499,66.7,1
2026-05-30-0900,2026-05-30,zepto,jivo-extra-light-olive-oil-1l,Mumbai,400041,499,1499,66.7,1
2026-05-30-0900,2026-05-30,zepto,jivo-extra-light-olive-oil-1l,Mumbai,400601,499,1499,66.7,1
2026-05-30-0900,2026-05-30,zepto,jivo-extra-light-olive-oil-1l,Mumbai,400611,499,1499,66.7,1
2026-05-30-0900,2026-05-30,zepto,jivo-extra-light-olive-oil-1l,Mumbai,400703,499,1499,66.7,1
2026-05-30-0900,2026-05-30,zepto,jivo-extra-light-olive-oil-1l,Pune,411004,499,1499,66.7,1
2026-05-30-0900,2026-05-30,zepto,jivo-extra-light-olive-oil-1l,Pune,411006,499,1499,66.7,1
2026-05-30-0900,2026-05-30,zepto,jivo-extra-light-olive-oil-1l,Pune,411011,499,1499,66.7,1
2026-05-30-0900,2026-05-30,zepto,jivo-extra-light-olive-oil-1l,Pune,411012,499,1499,66.7,1
2026-05-30-0900,2026-05-30,zepto,jivo-extra-light-olive-oil-1l,Pune,411014,499,1499,66.7,1
2026-05-30-0900,2026-05-30,zepto,jivo-extra-light-olive-oil-1l,Pune,411015,499,1499,66.7,1
2026-05-30-0900,2026-05-30,zepto,jivo-extra-light-olive-oil-1l,Pune,411021,499,1499,66.7,1
2026-05-30-0900,2026-05-30,zepto,jivo-extra-light-olive-oil-1l,Pune,411028,499,1499,66.7,1
2026-05-30-0900,2026-05-30,zepto,jivo-extra-light-olive-oil-1l,Pune,411036,499,1499,66.7,1
2026-05-30-0900,2026-05-30,zepto,jivo-extra-light-olive-oil-1l,Pune,411045,499,1499,66.7,1
2026-05-30-0900,2026-05-30,zepto,jivo-extra-light-olive-oil-1l,Pune,411047,499,1499,66.7,1
2026-05-30-0900,2026-05-30,zepto,jivo-extra-light-olive-oil-1l,Pune,411051,499,1499,66.7,1
2026-05-30-0900,2026-05-30,zepto,jivo-extra-light-olive-oil-1l,Bengaluru,560014,499,1499,66.7,1
2026-05-30-0900,2026-05-30,zepto,jivo-extra-light-olive-oil-1l,Bengaluru,560069,499,1499,66.7,1
2026-05-30-0900,2026-05-30,zepto,jivo-extra-light-olive-oil-2l,Delhi,110010,1504,2799,46.3,1
2026-05-30-0900,2026-05-30,zepto,jivo-extra-light-olive-oil-2l,Delhi,110014,1504,2799,46.3,1
2026-05-30-0900,2026-05-30,zepto,jivo-extra-light-olive-oil-2l,Delhi,110040,1504,2799,46.3,1
2026-05-30-0900,2026-05-30,zepto,jivo-extra-light-olive-oil-2l,Delhi,110042,1504,2799,46.3,1
2026-05-30-0900,2026-05-30,zepto,jivo-extra-light-olive-oil-2l,Delhi,110062,1504,2799,46.3,1
2026-05-30-0900,2026-05-30,zepto,jivo-extra-light-olive-oil-2l,Delhi,110067,1504,2799,46.3,1
2026-05-30-0900,2026-05-30,zepto,jivo-extra-light-olive-oil-2l,Delhi,110084,1504,2799,46.3,1
2026-05-30-0900,2026-05-30,zepto,jivo-extra-light-olive-oil-2l,Delhi,110088,1139,2799,59.3,1
2026-05-30-0900,2026-05-30,zepto,jivo-extra-light-olive-oil-2l,Delhi,110090,1504,2799,46.3,1
2026-05-30-0900,2026-05-30,zepto,jivo-extra-light-olive-oil-2l,Gurgaon,122051,1504,2799,46.3,1
2026-05-30-0900,2026-05-30,zepto,jivo-extra-light-olive-oil-2l,Gurgaon,122101,1504,2799,46.3,1
2026-05-30-0900,2026-05-30,zepto,jivo-extra-light-olive-oil-2l,Ghaziabad,201003,1504,2799,46.3,1
2026-05-30-0900,2026-05-30,zepto,jivo-extra-light-olive-oil-2l,Ghaziabad,201009,1213,2799,56.7,1
2026-05-30-0900,2026-05-30,zepto,jivo-extra-light-olive-oil-2l,Noida,201309,1504,2799,46.3,1
2026-05-30-0900,2026-05-30,zepto,jivo-extra-light-olive-oil-2l,Noida,201310,1504,2799,46.3,1
2026-05-30-0900,2026-05-30,zepto,jivo-extra-light-olive-oil-2l,Mumbai,400005,1505,2799,46.2,1
2026-05-30-0900,2026-05-30,zepto,jivo-extra-light-olive-oil-2l,Mumbai,400006,1505,2799,46.2,1
2026-05-30-0900,2026-05-30,zepto,jivo-extra-light-olive-oil-2l,Mumbai,400007,1505,2799,46.2,1
2026-05-30-0900,2026-05-30,zepto,jivo-extra-light-olive-oil-2l,Mumbai,400010,1505,2799,46.2,1
2026-05-30-0900,2026-05-30,zepto,jivo-extra-light-olive-oil-2l,Mumbai,400011,1505,2799,46.2,1
2026-05-30-0900,2026-05-30,zepto,jivo-extra-light-olive-oil-2l,Mumbai,400012,1505,2799,46.2,1
2026-05-30-0900,2026-05-30,zepto,jivo-extra-light-olive-oil-2l,Mumbai,400013,1505,2799,46.2,1
2026-05-30-0900,2026-05-30,zepto,jivo-extra-light-olive-oil-2l,Mumbai,400015,1505,2799,46.2,1
2026-05-30-0900,2026-05-30,zepto,jivo-extra-light-olive-oil-2l,Mumbai,400017,1505,2799,46.2,1
2026-05-30-0900,2026-05-30,zepto,jivo-extra-light-olive-oil-2l,Mumbai,400018,1505,2799,46.2,1
2026-05-30-0900,2026-05-30,zepto,jivo-extra-light-olive-oil-2l,Mumbai,400019,1505,2799,46.2,1
2026-05-30-0900,2026-05-30,zepto,jivo-extra-light-olive-oil-2l,Mumbai,400020,1505,2799,46.2,1
2026-05-30-0900,2026-05-30,zepto,jivo-extra-light-olive-oil-2l,Mumbai,400023,1505,2799,46.2,1
2026-05-30-0900,2026-05-30,zepto,jivo-extra-light-olive-oil-2l,Mumbai,400025,1505,2799,46.2,1
2026-05-30-0900,2026-05-30,zepto,jivo-extra-light-olive-oil-2l,Mumbai,400030,1505,2799,46.2,1
2026-05-30-0900,2026-05-30,zepto,jivo-extra-light-olive-oil-2l,Mumbai,400033,1505,2799,46.2,1
2026-05-30-0900,2026-05-30,zepto,jivo-extra-light-olive-oil-2l,Mumbai,400041,1505,2799,46.2,1
2026-05-30-0900,2026-05-30,zepto,jivo-extra-light-olive-oil-2l,Mumbai,400090,1505,2799,46.2,1
2026-05-30-0900,2026-05-30,zepto,jivo-extra-light-olive-oil-2l,Mumbai,400601,1505,2799,46.2,1
2026-05-30-0900,2026-05-30,zepto,jivo-extra-light-olive-oil-2l,Mumbai,400611,1505,2799,46.2,1
2026-05-30-0900,2026-05-30,zepto,jivo-extra-light-olive-oil-2l,Mumbai,400703,1505,2799,46.2,1
2026-05-30-0900,2026-05-30,zepto,jivo-extra-light-olive-oil-combo-1l,Delhi,110004,998,2998,66.7,1
2026-05-30-0900,2026-05-30,zepto,jivo-extra-light-olive-oil-combo-1l,Delhi,110007,998,2998,66.7,1
2026-05-30-0900,2026-05-30,zepto,jivo-extra-light-olive-oil-combo-1l,Delhi,110013,998,2998,66.7,1
2026-05-30-0900,2026-05-30,zepto,jivo-extra-light-olive-oil-combo-1l,Delhi,110015,998,2998,66.7,1
2026-05-30-0900,2026-05-30,zepto,jivo-extra-light-olive-oil-combo-1l,Delhi,110024,998,2998,66.7,1
2026-05-30-0900,2026-05-30,zepto,jivo-extra-light-olive-oil-combo-1l,Delhi,110025,998,2998,66.7,1
2026-05-30-0900,2026-05-30,zepto,jivo-extra-light-olive-oil-combo-1l,Delhi,110026,998,2998,66.7,1
2026-05-30-0900,2026-05-30,zepto,jivo-extra-light-olive-oil-combo-1l,Delhi,110031,998,2998,66.7,1
2026-05-30-0900,2026-05-30,zepto,jivo-extra-light-olive-oil-combo-1l,Delhi,110032,998,2998,66.7,1
2026-05-30-0900,2026-05-30,zepto,jivo-extra-light-olive-oil-combo-1l,Delhi,110033,998,2998,66.7,1
2026-05-30-0900,2026-05-30,zepto,jivo-extra-light-olive-oil-combo-1l,Delhi,110040,998,2998,66.7,1
2026-05-30-0900,2026-05-30,zepto,jivo-extra-light-olive-oil-combo-1l,Delhi,110048,998,2998,66.7,1
2026-05-30-0900,2026-05-30,zepto,jivo-extra-light-olive-oil-combo-1l,Delhi,110053,998,2998,66.7,1
2026-05-30-0900,2026-05-30,zepto,jivo-extra-light-olive-oil-combo-1l,Delhi,110065,998,2998,66.7,1
2026-05-30-0900,2026-05-30,zepto,jivo-extra-light-olive-oil-combo-1l,Delhi,110067,998,2998,66.7,1
2026-05-30-0900,2026-05-30,zepto,jivo-extra-light-olive-oil-combo-1l,Delhi,110076,998,2998,66.7,1
2026-05-30-0900,2026-05-30,zepto,jivo-extra-light-olive-oil-combo-1l,Delhi,110084,998,2998,66.7,1
2026-05-30-0900,2026-05-30,zepto,jivo-extra-light-olive-oil-combo-1l,Delhi,110085,998,2998,66.7,1
2026-05-30-0900,2026-05-30,zepto,jivo-extra-light-olive-oil-combo-1l,Gurgaon,122006,998,2998,66.7,1
2026-05-30-0900,2026-05-30,zepto,jivo-extra-light-olive-oil-combo-1l,Gurgaon,122051,998,2998,66.7,1
2026-05-30-0900,2026-05-30,zepto,jivo-extra-light-olive-oil-combo-1l,Gurgaon,122101,998,2998,66.7,1
2026-05-30-0900,2026-05-30,zepto,jivo-extra-light-olive-oil-combo-1l,Noida,201309,998,2998,66.7,1
2026-05-30-0900,2026-05-30,zepto,jivo-extra-light-olive-oil-combo-1l,Noida,201310,998,2998,66.7,1
2026-05-30-0900,2026-05-30,zepto,jivo-extra-light-olive-oil-combo-1l,Mumbai,400003,998,2998,66.7,1
2026-05-30-0900,2026-05-30,zepto,jivo-extra-light-olive-oil-combo-1l,Mumbai,400005,998,2998,66.7,1
2026-05-30-0900,2026-05-30,zepto,jivo-extra-light-olive-oil-combo-1l,Mumbai,400006,998,2998,66.7,1
2026-05-30-0900,2026-05-30,zepto,jivo-extra-light-olive-oil-combo-1l,Mumbai,400007,998,2998,66.7,1
2026-05-30-0900,2026-05-30,zepto,jivo-extra-light-olive-oil-combo-1l,Mumbai,400010,998,2998,66.7,1
2026-05-30-0900,2026-05-30,zepto,jivo-extra-light-olive-oil-combo-1l,Mumbai,400011,998,2998,66.7,1
2026-05-30-0900,2026-05-30,zepto,jivo-extra-light-olive-oil-combo-1l,Mumbai,400012,998,2998,66.7,1
2026-05-30-0900,2026-05-30,zepto,jivo-extra-light-olive-oil-combo-1l,Mumbai,400013,998,2998,66.7,1
2026-05-30-0900,2026-05-30,zepto,jivo-extra-light-olive-oil-combo-1l,Mumbai,400015,998,2998,66.7,1
2026-05-30-0900,2026-05-30,zepto,jivo-extra-light-olive-oil-combo-1l,Mumbai,400019,998,2998,66.7,1
2026-05-30-0900,2026-05-30,zepto,jivo-extra-light-olive-oil-combo-1l,Mumbai,400020,998,2998,66.7,1
2026-05-30-0900,2026-05-30,zepto,jivo-extra-light-olive-oil-combo-1l,Mumbai,400021,998,2998,66.7,1
2026-05-30-0900,2026-05-30,zepto,jivo-extra-light-olive-oil-combo-1l,Mumbai,400023,998,2998,66.7,1
2026-05-30-0900,2026-05-30,zepto,jivo-extra-light-olive-oil-combo-1l,Mumbai,400030,998,2998,66.7,1
2026-05-30-0900,2026-05-30,zepto,jivo-extra-light-olive-oil-combo-1l,Mumbai,400033,998,2998,66.7,1
2026-05-30-0900,2026-05-30,zepto,jivo-extra-light-olive-oil-combo-1l,Mumbai,400601,998,2998,66.7,1
2026-05-30-0900,2026-05-30,zepto,jivo-extra-light-olive-oil-combo-1l,Mumbai,400611,998,2998,66.7,1
2026-05-30-0900,2026-05-30,zepto,jivo-extra-light-olive-oil-combo-1l,Pune,411011,998,2998,66.7,1
2026-05-30-0900,2026-05-30,zepto,jivo-extra-light-olive-oil-combo-1l,Pune,411012,998,2998,66.7,1
2026-05-30-0900,2026-05-30,zepto,jivo-extra-light-olive-oil-combo-1l,Pune,411015,998,2998,66.7,1
2026-05-30-0900,2026-05-30,zepto,jivo-extra-light-olive-oil-combo-1l,Pune,411021,998,2998,66.7,1
2026-05-30-0900,2026-05-30,zepto,jivo-extra-light-olive-oil-combo-1l,Pune,411036,998,2998,66.7,1
2026-05-30-0900,2026-05-30,zepto,jivo-extra-light-olive-oil-combo-1l,Pune,411045,998,2998,66.7,1
2026-05-30-0900,2026-05-30,zepto,jivo-extra-light-olive-oil-combo-1l,Pune,411047,998,2998,66.7,1
2026-05-30-0900,2026-05-30,zepto,jivo-extra-light-olive-oil-combo-1l,Pune,411051,998,2998,66.7,1
2026-05-30-0900,2026-05-30,zepto,jivo-extra-light-olive-oil-combo-1l,Bengaluru,560069,998,2998,66.7,1
2026-05-30-0900,2026-05-30,zepto,jivo-extra-light-olive-oil-combo-2l,Delhi,110014,3008,5598,46.3,1
2026-05-30-0900,2026-05-30,zepto,jivo-extra-light-olive-oil-combo-2l,Delhi,110040,3008,5598,46.3,1
2026-05-30-0900,2026-05-30,zepto,jivo-extra-light-olive-oil-combo-2l,Delhi,110062,3008,5598,46.3,1
2026-05-30-0900,2026-05-30,zepto,jivo-extra-light-olive-oil-combo-2l,Delhi,110084,3008,5598,46.3,1
2026-05-30-0900,2026-05-30,zepto,jivo-extra-light-olive-oil-combo-2l,Gurgaon,122051,3008,5598,46.3,1
2026-05-30-0900,2026-05-30,zepto,jivo-extra-light-olive-oil-combo-2l,Gurgaon,122101,3008,5598,46.3,1
2026-05-30-0900,2026-05-30,zepto,jivo-extra-light-olive-oil-combo-2l,Noida,201310,3008,5598,46.3,1
2026-05-30-0900,2026-05-30,zepto,jivo-extra-light-olive-oil-combo-2l,Mumbai,400005,3010,5598,46.2,1
2026-05-30-0900,2026-05-30,zepto,jivo-extra-light-olive-oil-combo-2l,Mumbai,400006,3010,5598,46.2,1
2026-05-30-0900,2026-05-30,zepto,jivo-extra-light-olive-oil-combo-2l,Mumbai,400007,3010,5598,46.2,1
2026-05-30-0900,2026-05-30,zepto,jivo-extra-light-olive-oil-combo-2l,Mumbai,400010,3010,5598,46.2,1
2026-05-30-0900,2026-05-30,zepto,jivo-extra-light-olive-oil-combo-2l,Mumbai,400012,3010,5598,46.2,1
2026-05-30-0900,2026-05-30,zepto,jivo-extra-light-olive-oil-combo-2l,Mumbai,400013,3010,5598,46.2,1
2026-05-30-0900,2026-05-30,zepto,jivo-extra-light-olive-oil-combo-2l,Mumbai,400015,3010,5598,46.2,1
2026-05-30-0900,2026-05-30,zepto,jivo-extra-light-olive-oil-combo-2l,Mumbai,400019,3010,5598,46.2,1
2026-05-30-0900,2026-05-30,zepto,jivo-extra-light-olive-oil-combo-2l,Mumbai,400023,3010,5598,46.2,1
2026-05-30-0900,2026-05-30,zepto,jivo-extra-light-olive-oil-combo-2l,Mumbai,400030,3010,5598,46.2,1
2026-05-30-0900,2026-05-30,zepto,jivo-extra-light-olive-oil-combo-2l,Mumbai,400033,3010,5598,46.2,1
2026-05-30-0900,2026-05-30,zepto,jivo-extra-light-olive-oil-combo-2l,Mumbai,400090,3010,5598,46.2,1
2026-05-30-0900,2026-05-30,zepto,jivo-extra-light-olive-oil-combo-2l,Mumbai,400601,3010,5598,46.2,1
2026-05-30-0900,2026-05-30,zepto,jivo-extra-light-olive-oil-combo-2l,Mumbai,400611,3010,5598,46.2,1
2026-05-30-0900,2026-05-30,zepto,jivo-groundnut-cold-pressed-oil-healthy-cooking-oil-1l,Delhi,110004,199,560,64.5,1
2026-05-30-0900,2026-05-30,zepto,jivo-groundnut-cold-pressed-oil-healthy-cooking-oil-1l,Delhi,110006,199,560,64.5,1
2026-05-30-0900,2026-05-30,zepto,jivo-groundnut-cold-pressed-oil-healthy-cooking-oil-1l,Delhi,110007,199,560,64.5,1
2026-05-30-0900,2026-05-30,zepto,jivo-groundnut-cold-pressed-oil-healthy-cooking-oil-1l,Delhi,110008,199,560,64.5,1
2026-05-30-0900,2026-05-30,zepto,jivo-groundnut-cold-pressed-oil-healthy-cooking-oil-1l,Delhi,110009,199,560,64.5,1
2026-05-30-0900,2026-05-30,zepto,jivo-groundnut-cold-pressed-oil-healthy-cooking-oil-1l,Delhi,110010,199,560,64.5,1
2026-05-30-0900,2026-05-30,zepto,jivo-groundnut-cold-pressed-oil-healthy-cooking-oil-1l,Delhi,110013,199,560,64.5,1
2026-05-30-0900,2026-05-30,zepto,jivo-groundnut-cold-pressed-oil-healthy-cooking-oil-1l,Delhi,110014,199,560,64.5,1
2026-05-30-0900,2026-05-30,zepto,jivo-groundnut-cold-pressed-oil-healthy-cooking-oil-1l,Delhi,110015,199,560,64.5,1
2026-05-30-0900,2026-05-30,zepto,jivo-groundnut-cold-pressed-oil-healthy-cooking-oil-1l,Delhi,110017,199,560,64.5,1
2026-05-30-0900,2026-05-30,zepto,jivo-groundnut-cold-pressed-oil-healthy-cooking-oil-1l,Delhi,110021,199,560,64.5,1
2026-05-30-0900,2026-05-30,zepto,jivo-groundnut-cold-pressed-oil-healthy-cooking-oil-1l,Delhi,110024,199,560,64.5,1
2026-05-30-0900,2026-05-30,zepto,jivo-groundnut-cold-pressed-oil-healthy-cooking-oil-1l,Delhi,110025,199,560,64.5,1
2026-05-30-0900,2026-05-30,zepto,jivo-groundnut-cold-pressed-oil-healthy-cooking-oil-1l,Delhi,110026,199,560,64.5,1
2026-05-30-0900,2026-05-30,zepto,jivo-groundnut-cold-pressed-oil-healthy-cooking-oil-1l,Delhi,110031,199,560,64.5,1
2026-05-30-0900,2026-05-30,zepto,jivo-groundnut-cold-pressed-oil-healthy-cooking-oil-1l,Delhi,110032,199,560,64.5,1
2026-05-30-0900,2026-05-30,zepto,jivo-groundnut-cold-pressed-oil-healthy-cooking-oil-1l,Delhi,110033,199,560,64.5,1
2026-05-30-0900,2026-05-30,zepto,jivo-groundnut-cold-pressed-oil-healthy-cooking-oil-1l,Delhi,110035,199,560,64.5,1
2026-05-30-0900,2026-05-30,zepto,jivo-groundnut-cold-pressed-oil-healthy-cooking-oil-1l,Delhi,110040,199,560,64.5,1
2026-05-30-0900,2026-05-30,zepto,jivo-groundnut-cold-pressed-oil-healthy-cooking-oil-1l,Delhi,110042,199,560,64.5,1
2026-05-30-0900,2026-05-30,zepto,jivo-groundnut-cold-pressed-oil-healthy-cooking-oil-1l,Delhi,110046,199,560,64.5,1
2026-05-30-0900,2026-05-30,zepto,jivo-groundnut-cold-pressed-oil-healthy-cooking-oil-1l,Delhi,110048,199,560,64.5,1
2026-05-30-0900,2026-05-30,zepto,jivo-groundnut-cold-pressed-oil-healthy-cooking-oil-1l,Delhi,110051,199,560,64.5,1
2026-05-30-0900,2026-05-30,zepto,jivo-groundnut-cold-pressed-oil-healthy-cooking-oil-1l,Delhi,110053,199,560,64.5,1
2026-05-30-0900,2026-05-30,zepto,jivo-groundnut-cold-pressed-oil-healthy-cooking-oil-1l,Delhi,110062,199,560,64.5,1
2026-05-30-0900,2026-05-30,zepto,jivo-groundnut-cold-pressed-oil-healthy-cooking-oil-1l,Delhi,110065,199,560,64.5,1
2026-05-30-0900,2026-05-30,zepto,jivo-groundnut-cold-pressed-oil-healthy-cooking-oil-1l,Delhi,110067,199,560,64.5,1
2026-05-30-0900,2026-05-30,zepto,jivo-groundnut-cold-pressed-oil-healthy-cooking-oil-1l,Delhi,110076,199,560,64.5,1
2026-05-30-0900,2026-05-30,zepto,jivo-groundnut-cold-pressed-oil-healthy-cooking-oil-1l,Delhi,110084,199,560,64.5,1
2026-05-30-0900,2026-05-30,zepto,jivo-groundnut-cold-pressed-oil-healthy-cooking-oil-1l,Delhi,110085,199,560,64.5,1
2026-05-30-0900,2026-05-30,zepto,jivo-groundnut-cold-pressed-oil-healthy-cooking-oil-1l,Delhi,110088,199,560,64.5,1
2026-05-30-0900,2026-05-30,zepto,jivo-groundnut-cold-pressed-oil-healthy-cooking-oil-1l,Delhi,110091,199,560,64.5,1
2026-05-30-0900,2026-05-30,zepto,jivo-groundnut-cold-pressed-oil-healthy-cooking-oil-1l,Delhi,110092,199,560,64.5,1
2026-05-30-0900,2026-05-30,zepto,jivo-groundnut-cold-pressed-oil-healthy-cooking-oil-1l,Delhi,110095,199,560,64.5,1
2026-05-30-0900,2026-05-30,zepto,jivo-groundnut-cold-pressed-oil-healthy-cooking-oil-1l,Faridabad,121001,199,560,64.5,1
2026-05-30-0900,2026-05-30,zepto,jivo-groundnut-cold-pressed-oil-healthy-cooking-oil-1l,Faridabad,121011,199,560,64.5,1
2026-05-30-0900,2026-05-30,zepto,jivo-groundnut-cold-pressed-oil-healthy-cooking-oil-1l,Gurgaon,122004,199,560,64.5,1
2026-05-30-0900,2026-05-30,zepto,jivo-groundnut-cold-pressed-oil-healthy-cooking-oil-1l,Gurgaon,122006,199,560,64.5,1
2026-05-30-0900,2026-05-30,zepto,jivo-groundnut-cold-pressed-oil-healthy-cooking-oil-1l,Gurgaon,122010,199,560,64.5,1
2026-05-30-0900,2026-05-30,zepto,jivo-groundnut-cold-pressed-oil-healthy-cooking-oil-1l,Gurgaon,122051,199,560,64.5,1
2026-05-30-0900,2026-05-30,zepto,jivo-groundnut-cold-pressed-oil-healthy-cooking-oil-1l,Gurgaon,122101,199,560,64.5,1
2026-05-30-0900,2026-05-30,zepto,jivo-groundnut-cold-pressed-oil-healthy-cooking-oil-1l,Ghaziabad,201003,199,560,64.5,1
2026-05-30-0900,2026-05-30,zepto,jivo-groundnut-cold-pressed-oil-healthy-cooking-oil-1l,Ghaziabad,201005,199,560,64.5,1
2026-05-30-0900,2026-05-30,zepto,jivo-groundnut-cold-pressed-oil-healthy-cooking-oil-1l,Ghaziabad,201009,199,560,64.5,1
2026-05-30-0900,2026-05-30,zepto,jivo-groundnut-cold-pressed-oil-healthy-cooking-oil-1l,Noida,201306,199,560,64.5,1
2026-05-30-0900,2026-05-30,zepto,jivo-groundnut-cold-pressed-oil-healthy-cooking-oil-1l,Noida,201307,199,560,64.5,1
2026-05-30-0900,2026-05-30,zepto,jivo-groundnut-cold-pressed-oil-healthy-cooking-oil-1l,Noida,201309,199,560,64.5,1
2026-05-30-0900,2026-05-30,zepto,jivo-groundnut-cold-pressed-oil-healthy-cooking-oil-1l,Noida,201310,199,560,64.5,1
2026-05-30-0900,2026-05-30,zepto,jivo-groundnut-cold-pressed-oil-healthy-cooking-oil-1l,Mumbai,400003,199,560,64.5,1
2026-05-30-0900,2026-05-30,zepto,jivo-groundnut-cold-pressed-oil-healthy-cooking-oil-1l,Mumbai,400005,199,560,64.5,1
2026-05-30-0900,2026-05-30,zepto,jivo-groundnut-cold-pressed-oil-healthy-cooking-oil-1l,Mumbai,400006,199,560,64.5,1
2026-05-30-0900,2026-05-30,zepto,jivo-groundnut-cold-pressed-oil-healthy-cooking-oil-1l,Mumbai,400011,199,560,64.5,1
2026-05-30-0900,2026-05-30,zepto,jivo-groundnut-cold-pressed-oil-healthy-cooking-oil-1l,Mumbai,400012,199,560,64.5,1
2026-05-30-0900,2026-05-30,zepto,jivo-groundnut-cold-pressed-oil-healthy-cooking-oil-1l,Mumbai,400018,199,560,64.5,1
2026-05-30-0900,2026-05-30,zepto,jivo-groundnut-cold-pressed-oil-healthy-cooking-oil-1l,Mumbai,400020,199,560,64.5,1
2026-05-30-0900,2026-05-30,zepto,jivo-groundnut-cold-pressed-oil-healthy-cooking-oil-1l,Mumbai,400021,199,560,64.5,1
2026-05-30-0900,2026-05-30,zepto,jivo-groundnut-cold-pressed-oil-healthy-cooking-oil-1l,Mumbai,400025,199,560,64.5,1
2026-05-30-0900,2026-05-30,zepto,jivo-groundnut-cold-pressed-oil-healthy-cooking-oil-1l,Mumbai,400033,199,560,64.5,1
2026-05-30-0900,2026-05-30,zepto,jivo-groundnut-cold-pressed-oil-healthy-cooking-oil-1l,Mumbai,400601,199,560,64.5,1
2026-05-30-0900,2026-05-30,zepto,jivo-groundnut-cold-pressed-oil-healthy-cooking-oil-1l,Mumbai,400703,199,560,64.5,1
2026-05-30-0900,2026-05-30,zepto,jivo-groundnut-cold-pressed-oil-healthy-cooking-oil-1l,Pune,411006,199,560,64.5,1
2026-05-30-0900,2026-05-30,zepto,jivo-groundnut-cold-pressed-oil-healthy-cooking-oil-1l,Pune,411047,199,560,64.5,1
2026-05-30-0900,2026-05-30,zepto,jivo-groundnut-cold-pressed-oil-healthy-cooking-oil-1l,Bengaluru,560014,199,560,64.5,1
2026-05-30-0900,2026-05-30,zepto,jivo-groundnut-cold-pressed-oil-healthy-cooking-oil-1l,Bengaluru,560019,199,560,64.5,1
2026-05-30-0900,2026-05-30,zepto,jivo-groundnut-cold-pressed-oil-healthy-cooking-oil-1l,Bengaluru,560028,199,560,64.5,1
2026-05-30-0900,2026-05-30,zepto,jivo-groundnut-cold-pressed-oil-healthy-cooking-oil-1l,Bengaluru,560069,199,560,64.5,1
2026-05-30-0900,2026-05-30,zepto,jivo-groundnut-peanut-cold-pressed-heathy-cooking-oil-na,Delhi,110004,49,150,67.3,1
2026-05-30-0900,2026-05-30,zepto,jivo-groundnut-peanut-cold-pressed-heathy-cooking-oil-na,Delhi,110006,49,150,67.3,1
2026-05-30-0900,2026-05-30,zepto,jivo-groundnut-peanut-cold-pressed-heathy-cooking-oil-na,Delhi,110007,49,150,67.3,1
2026-05-30-0900,2026-05-30,zepto,jivo-groundnut-peanut-cold-pressed-heathy-cooking-oil-na,Delhi,110008,49,150,67.3,1
2026-05-30-0900,2026-05-30,zepto,jivo-groundnut-peanut-cold-pressed-heathy-cooking-oil-na,Delhi,110009,49,150,67.3,1
2026-05-30-0900,2026-05-30,zepto,jivo-groundnut-peanut-cold-pressed-heathy-cooking-oil-na,Delhi,110010,49,150,67.3,1
2026-05-30-0900,2026-05-30,zepto,jivo-groundnut-peanut-cold-pressed-heathy-cooking-oil-na,Delhi,110013,49,150,67.3,1
2026-05-30-0900,2026-05-30,zepto,jivo-groundnut-peanut-cold-pressed-heathy-cooking-oil-na,Delhi,110014,49,150,67.3,1
2026-05-30-0900,2026-05-30,zepto,jivo-groundnut-peanut-cold-pressed-heathy-cooking-oil-na,Delhi,110015,49,150,67.3,1
2026-05-30-0900,2026-05-30,zepto,jivo-groundnut-peanut-cold-pressed-heathy-cooking-oil-na,Delhi,110017,49,150,67.3,1
2026-05-30-0900,2026-05-30,zepto,jivo-groundnut-peanut-cold-pressed-heathy-cooking-oil-na,Delhi,110018,49,150,67.3,1
2026-05-30-0900,2026-05-30,zepto,jivo-groundnut-peanut-cold-pressed-heathy-cooking-oil-na,Delhi,110021,49,150,67.3,1
2026-05-30-0900,2026-05-30,zepto,jivo-groundnut-peanut-cold-pressed-heathy-cooking-oil-na,Delhi,110024,49,150,67.3,1
2026-05-30-0900,2026-05-30,zepto,jivo-groundnut-peanut-cold-pressed-heathy-cooking-oil-na,Delhi,110025,49,150,67.3,1
2026-05-30-0900,2026-05-30,zepto,jivo-groundnut-peanut-cold-pressed-heathy-cooking-oil-na,Delhi,110026,49,150,67.3,1
2026-05-30-0900,2026-05-30,zepto,jivo-groundnut-peanut-cold-pressed-heathy-cooking-oil-na,Delhi,110031,49,150,67.3,1
2026-05-30-0900,2026-05-30,zepto,jivo-groundnut-peanut-cold-pressed-heathy-cooking-oil-na,Delhi,110032,49,150,67.3,1
2026-05-30-0900,2026-05-30,zepto,jivo-groundnut-peanut-cold-pressed-heathy-cooking-oil-na,Delhi,110033,49,150,67.3,1
2026-05-30-0900,2026-05-30,zepto,jivo-groundnut-peanut-cold-pressed-heathy-cooking-oil-na,Delhi,110035,49,150,67.3,1
2026-05-30-0900,2026-05-30,zepto,jivo-groundnut-peanut-cold-pressed-heathy-cooking-oil-na,Delhi,110040,49,150,67.3,1
2026-05-30-0900,2026-05-30,zepto,jivo-groundnut-peanut-cold-pressed-heathy-cooking-oil-na,Delhi,110042,49,150,67.3,1
2026-05-30-0900,2026-05-30,zepto,jivo-groundnut-peanut-cold-pressed-heathy-cooking-oil-na,Delhi,110046,49,150,67.3,1
2026-05-30-0900,2026-05-30,zepto,jivo-groundnut-peanut-cold-pressed-heathy-cooking-oil-na,Delhi,110048,49,150,67.3,1
2026-05-30-0900,2026-05-30,zepto,jivo-groundnut-peanut-cold-pressed-heathy-cooking-oil-na,Delhi,110051,49,150,67.3,1
2026-05-30-0900,2026-05-30,zepto,jivo-groundnut-peanut-cold-pressed-heathy-cooking-oil-na,Delhi,110053,49,150,67.3,1
2026-05-30-0900,2026-05-30,zepto,jivo-groundnut-peanut-cold-pressed-heathy-cooking-oil-na,Delhi,110062,49,150,67.3,1
2026-05-30-0900,2026-05-30,zepto,jivo-groundnut-peanut-cold-pressed-heathy-cooking-oil-na,Delhi,110065,49,150,67.3,1
2026-05-30-0900,2026-05-30,zepto,jivo-groundnut-peanut-cold-pressed-heathy-cooking-oil-na,Delhi,110067,49,150,67.3,1
2026-05-30-0900,2026-05-30,zepto,jivo-groundnut-peanut-cold-pressed-heathy-cooking-oil-na,Delhi,110076,49,150,67.3,1
2026-05-30-0900,2026-05-30,zepto,jivo-groundnut-peanut-cold-pressed-heathy-cooking-oil-na,Delhi,110084,49,150,67.3,1
2026-05-30-0900,2026-05-30,zepto,jivo-groundnut-peanut-cold-pressed-heathy-cooking-oil-na,Delhi,110085,49,150,67.3,1
2026-05-30-0900,2026-05-30,zepto,jivo-groundnut-peanut-cold-pressed-heathy-cooking-oil-na,Delhi,110088,49,150,67.3,1
2026-05-30-0900,2026-05-30,zepto,jivo-groundnut-peanut-cold-pressed-heathy-cooking-oil-na,Delhi,110090,49,150,67.3,1
2026-05-30-0900,2026-05-30,zepto,jivo-groundnut-peanut-cold-pressed-heathy-cooking-oil-na,Delhi,110091,49,150,67.3,1
2026-05-30-0900,2026-05-30,zepto,jivo-groundnut-peanut-cold-pressed-heathy-cooking-oil-na,Delhi,110092,49,150,67.3,1
2026-05-30-0900,2026-05-30,zepto,jivo-groundnut-peanut-cold-pressed-heathy-cooking-oil-na,Delhi,110095,49,150,67.3,1
2026-05-30-0900,2026-05-30,zepto,jivo-groundnut-peanut-cold-pressed-heathy-cooking-oil-na,Gurgaon,122004,49,150,67.3,1
2026-05-30-0900,2026-05-30,zepto,jivo-groundnut-peanut-cold-pressed-heathy-cooking-oil-na,Gurgaon,122006,49,150,67.3,1
2026-05-30-0900,2026-05-30,zepto,jivo-groundnut-peanut-cold-pressed-heathy-cooking-oil-na,Gurgaon,122010,49,150,67.3,1
2026-05-30-0900,2026-05-30,zepto,jivo-groundnut-peanut-cold-pressed-heathy-cooking-oil-na,Gurgaon,122051,49,150,67.3,1
2026-05-30-0900,2026-05-30,zepto,jivo-groundnut-peanut-cold-pressed-heathy-cooking-oil-na,Gurgaon,122101,49,150,67.3,1
2026-05-30-0900,2026-05-30,zepto,jivo-groundnut-peanut-cold-pressed-heathy-cooking-oil-na,Ludhiana,141015,49,150,67.3,1
2026-05-30-0900,2026-05-30,zepto,jivo-groundnut-peanut-cold-pressed-heathy-cooking-oil-na,Ludhiana,142036,49,150,67.3,1
2026-05-30-0900,2026-05-30,zepto,jivo-groundnut-peanut-cold-pressed-heathy-cooking-oil-na,Noida,201309,49,150,67.3,1
2026-05-30-0900,2026-05-30,zepto,jivo-groundnut-peanut-cold-pressed-heathy-cooking-oil-na,Jaipur,302016,76,150,49.3,1
2026-05-30-0900,2026-05-30,zepto,jivo-groundnut-peanut-cold-pressed-heathy-cooking-oil-na,Jaipur,302017,76,150,49.3,1
2026-05-30-0900,2026-05-30,zepto,jivo-groundnut-peanut-cold-pressed-heathy-cooking-oil-na,Jaipur,302018,76,150,49.3,1
2026-05-30-0900,2026-05-30,zepto,jivo-groundnut-peanut-cold-pressed-heathy-cooking-oil-na,Jaipur,302020,76,150,49.3,1
2026-05-30-0900,2026-05-30,zepto,jivo-groundnut-peanut-cold-pressed-heathy-cooking-oil-na,Jaipur,302021,76,150,49.3,1
2026-05-30-0900,2026-05-30,zepto,jivo-groundnut-peanut-cold-pressed-heathy-cooking-oil-na,Jaipur,302022,76,150,49.3,1
2026-05-30-0900,2026-05-30,zepto,jivo-groundnut-peanut-cold-pressed-heathy-cooking-oil-na,Jaipur,302023,76,150,49.3,1
2026-05-30-0900,2026-05-30,zepto,jivo-groundnut-peanut-cold-pressed-heathy-cooking-oil-na,Jaipur,302024,76,150,49.3,1
2026-05-30-0900,2026-05-30,zepto,jivo-groundnut-peanut-cold-pressed-heathy-cooking-oil-na,Jaipur,302025,76,150,49.3,1
2026-05-30-0900,2026-05-30,zepto,jivo-groundnut-peanut-cold-pressed-heathy-cooking-oil-na,Jaipur,302032,76,150,49.3,1
2026-05-30-0900,2026-05-30,zepto,jivo-groundnut-peanut-cold-pressed-heathy-cooking-oil-na,Jaipur,303602,76,150,49.3,1
2026-05-30-0900,2026-05-30,zepto,jivo-groundnut-peanut-cold-pressed-heathy-cooking-oil-na,Mumbai,400003,49,150,67.3,1
2026-05-30-0900,2026-05-30,zepto,jivo-groundnut-peanut-cold-pressed-heathy-cooking-oil-na,Mumbai,400005,49,150,67.3,1
2026-05-30-0900,2026-05-30,zepto,jivo-groundnut-peanut-cold-pressed-heathy-cooking-oil-na,Mumbai,400006,49,150,67.3,1
2026-05-30-0900,2026-05-30,zepto,jivo-groundnut-peanut-cold-pressed-heathy-cooking-oil-na,Mumbai,400010,49,150,67.3,1
2026-05-30-0900,2026-05-30,zepto,jivo-groundnut-peanut-cold-pressed-heathy-cooking-oil-na,Mumbai,400012,49,150,67.3,1
2026-05-30-0900,2026-05-30,zepto,jivo-groundnut-peanut-cold-pressed-heathy-cooking-oil-na,Mumbai,400013,49,150,67.3,1
2026-05-30-0900,2026-05-30,zepto,jivo-groundnut-peanut-cold-pressed-heathy-cooking-oil-na,Mumbai,400015,49,150,67.3,1
2026-05-30-0900,2026-05-30,zepto,jivo-groundnut-peanut-cold-pressed-heathy-cooking-oil-na,Mumbai,400017,49,150,67.3,1
2026-05-30-0900,2026-05-30,zepto,jivo-groundnut-peanut-cold-pressed-heathy-cooking-oil-na,Mumbai,400018,49,150,67.3,1
2026-05-30-0900,2026-05-30,zepto,jivo-groundnut-peanut-cold-pressed-heathy-cooking-oil-na,Mumbai,400019,49,150,67.3,1
2026-05-30-0900,2026-05-30,zepto,jivo-groundnut-peanut-cold-pressed-heathy-cooking-oil-na,Mumbai,400021,49,150,67.3,1
2026-05-30-0900,2026-05-30,zepto,jivo-groundnut-peanut-cold-pressed-heathy-cooking-oil-na,Mumbai,400023,49,150,67.3,1
2026-05-30-0900,2026-05-30,zepto,jivo-groundnut-peanut-cold-pressed-heathy-cooking-oil-na,Mumbai,400025,49,150,67.3,1
2026-05-30-0900,2026-05-30,zepto,jivo-groundnut-peanut-cold-pressed-heathy-cooking-oil-na,Mumbai,400030,49,150,67.3,1
2026-05-30-0900,2026-05-30,zepto,jivo-groundnut-peanut-cold-pressed-heathy-cooking-oil-na,Mumbai,400033,49,150,67.3,1
2026-05-30-0900,2026-05-30,zepto,jivo-groundnut-peanut-cold-pressed-heathy-cooking-oil-na,Mumbai,400041,49,150,67.3,1
2026-05-30-0900,2026-05-30,zepto,jivo-groundnut-peanut-cold-pressed-heathy-cooking-oil-na,Mumbai,400090,49,150,67.3,1
2026-05-30-0900,2026-05-30,zepto,jivo-groundnut-peanut-cold-pressed-heathy-cooking-oil-na,Mumbai,400601,49,150,67.3,1
2026-05-30-0900,2026-05-30,zepto,jivo-groundnut-peanut-cold-pressed-heathy-cooking-oil-na,Mumbai,400611,49,150,67.3,1
2026-05-30-0900,2026-05-30,zepto,jivo-groundnut-peanut-cold-pressed-heathy-cooking-oil-na,Pune,411004,49,150,67.3,1
2026-05-30-0900,2026-05-30,zepto,jivo-groundnut-peanut-cold-pressed-heathy-cooking-oil-na,Pune,411006,49,150,67.3,1
2026-05-30-0900,2026-05-30,zepto,jivo-groundnut-peanut-cold-pressed-heathy-cooking-oil-na,Pune,411011,49,150,67.3,1
2026-05-30-0900,2026-05-30,zepto,jivo-groundnut-peanut-cold-pressed-heathy-cooking-oil-na,Pune,411012,49,150,67.3,1
2026-05-30-0900,2026-05-30,zepto,jivo-groundnut-peanut-cold-pressed-heathy-cooking-oil-na,Pune,411014,49,150,67.3,1
2026-05-30-0900,2026-05-30,zepto,jivo-groundnut-peanut-cold-pressed-heathy-cooking-oil-na,Pune,411015,49,150,67.3,1
2026-05-30-0900,2026-05-30,zepto,jivo-groundnut-peanut-cold-pressed-heathy-cooking-oil-na,Pune,411021,49,150,67.3,1
2026-05-30-0900,2026-05-30,zepto,jivo-groundnut-peanut-cold-pressed-heathy-cooking-oil-na,Pune,411028,49,150,67.3,1
2026-05-30-0900,2026-05-30,zepto,jivo-groundnut-peanut-cold-pressed-heathy-cooking-oil-na,Pune,411036,49,150,67.3,1
2026-05-30-0900,2026-05-30,zepto,jivo-groundnut-peanut-cold-pressed-heathy-cooking-oil-na,Pune,411045,49,150,67.3,1
2026-05-30-0900,2026-05-30,zepto,jivo-groundnut-peanut-cold-pressed-heathy-cooking-oil-na,Pune,411047,49,150,67.3,1
2026-05-30-0900,2026-05-30,zepto,jivo-groundnut-peanut-cold-pressed-heathy-cooking-oil-na,Pune,411051,49,150,67.3,1
2026-05-30-0900,2026-05-30,zepto,jivo-groundnut-peanut-cold-pressed-heathy-cooking-oil-na,Indore,452001,76,150,49.3,1
2026-05-30-0900,2026-05-30,zepto,jivo-kachi-ghani-mustard-cold-pressed-oil-healthy-cooking-oil-1l,Delhi,110004,149,255,41.6,1
2026-05-30-0900,2026-05-30,zepto,jivo-kachi-ghani-mustard-cold-pressed-oil-healthy-cooking-oil-1l,Delhi,110006,149,255,41.6,1
2026-05-30-0900,2026-05-30,zepto,jivo-kachi-ghani-mustard-cold-pressed-oil-healthy-cooking-oil-1l,Delhi,110007,149,255,41.6,1
2026-05-30-0900,2026-05-30,zepto,jivo-kachi-ghani-mustard-cold-pressed-oil-healthy-cooking-oil-1l,Delhi,110008,149,255,41.6,1
2026-05-30-0900,2026-05-30,zepto,jivo-kachi-ghani-mustard-cold-pressed-oil-healthy-cooking-oil-1l,Delhi,110009,149,255,41.6,1
2026-05-30-0900,2026-05-30,zepto,jivo-kachi-ghani-mustard-cold-pressed-oil-healthy-cooking-oil-1l,Delhi,110010,149,255,41.6,1
2026-05-30-0900,2026-05-30,zepto,jivo-kachi-ghani-mustard-cold-pressed-oil-healthy-cooking-oil-1l,Delhi,110013,149,255,41.6,1
2026-05-30-0900,2026-05-30,zepto,jivo-kachi-ghani-mustard-cold-pressed-oil-healthy-cooking-oil-1l,Delhi,110014,149,255,41.6,1
2026-05-30-0900,2026-05-30,zepto,jivo-kachi-ghani-mustard-cold-pressed-oil-healthy-cooking-oil-1l,Delhi,110015,149,255,41.6,1
2026-05-30-0900,2026-05-30,zepto,jivo-kachi-ghani-mustard-cold-pressed-oil-healthy-cooking-oil-1l,Delhi,110017,149,255,41.6,1
2026-05-30-0900,2026-05-30,zepto,jivo-kachi-ghani-mustard-cold-pressed-oil-healthy-cooking-oil-1l,Delhi,110021,149,255,41.6,1
2026-05-30-0900,2026-05-30,zepto,jivo-kachi-ghani-mustard-cold-pressed-oil-healthy-cooking-oil-1l,Delhi,110025,149,255,41.6,1
2026-05-30-0900,2026-05-30,zepto,jivo-kachi-ghani-mustard-cold-pressed-oil-healthy-cooking-oil-1l,Delhi,110026,149,255,41.6,1
2026-05-30-0900,2026-05-30,zepto,jivo-kachi-ghani-mustard-cold-pressed-oil-healthy-cooking-oil-1l,Delhi,110031,149,255,41.6,1
2026-05-30-0900,2026-05-30,zepto,jivo-kachi-ghani-mustard-cold-pressed-oil-healthy-cooking-oil-1l,Delhi,110032,149,255,41.6,1
2026-05-30-0900,2026-05-30,zepto,jivo-kachi-ghani-mustard-cold-pressed-oil-healthy-cooking-oil-1l,Delhi,110033,149,255,41.6,1
2026-05-30-0900,2026-05-30,zepto,jivo-kachi-ghani-mustard-cold-pressed-oil-healthy-cooking-oil-1l,Delhi,110035,149,255,41.6,1
2026-05-30-0900,2026-05-30,zepto,jivo-kachi-ghani-mustard-cold-pressed-oil-healthy-cooking-oil-1l,Delhi,110040,149,255,41.6,1
2026-05-30-0900,2026-05-30,zepto,jivo-kachi-ghani-mustard-cold-pressed-oil-healthy-cooking-oil-1l,Delhi,110042,149,255,41.6,1
2026-05-30-0900,2026-05-30,zepto,jivo-kachi-ghani-mustard-cold-pressed-oil-healthy-cooking-oil-1l,Delhi,110046,149,255,41.6,1
2026-05-30-0900,2026-05-30,zepto,jivo-kachi-ghani-mustard-cold-pressed-oil-healthy-cooking-oil-1l,Delhi,110048,149,255,41.6,1
2026-05-30-0900,2026-05-30,zepto,jivo-kachi-ghani-mustard-cold-pressed-oil-healthy-cooking-oil-1l,Delhi,110051,149,255,41.6,1
2026-05-30-0900,2026-05-30,zepto,jivo-kachi-ghani-mustard-cold-pressed-oil-healthy-cooking-oil-1l,Delhi,110053,149,255,41.6,1
2026-05-30-0900,2026-05-30,zepto,jivo-kachi-ghani-mustard-cold-pressed-oil-healthy-cooking-oil-1l,Delhi,110062,149,255,41.6,1
2026-05-30-0900,2026-05-30,zepto,jivo-kachi-ghani-mustard-cold-pressed-oil-healthy-cooking-oil-1l,Delhi,110065,149,255,41.6,1
2026-05-30-0900,2026-05-30,zepto,jivo-kachi-ghani-mustard-cold-pressed-oil-healthy-cooking-oil-1l,Delhi,110067,149,255,41.6,1
2026-05-30-0900,2026-05-30,zepto,jivo-kachi-ghani-mustard-cold-pressed-oil-healthy-cooking-oil-1l,Delhi,110076,149,255,41.6,1
2026-05-30-0900,2026-05-30,zepto,jivo-kachi-ghani-mustard-cold-pressed-oil-healthy-cooking-oil-1l,Delhi,110084,149,255,41.6,1
2026-05-30-0900,2026-05-30,zepto,jivo-kachi-ghani-mustard-cold-pressed-oil-healthy-cooking-oil-1l,Delhi,110085,149,255,41.6,1
2026-05-30-0900,2026-05-30,zepto,jivo-kachi-ghani-mustard-cold-pressed-oil-healthy-cooking-oil-1l,Delhi,110088,149,255,41.6,1
2026-05-30-0900,2026-05-30,zepto,jivo-kachi-ghani-mustard-cold-pressed-oil-healthy-cooking-oil-1l,Delhi,110090,149,255,41.6,1
2026-05-30-0900,2026-05-30,zepto,jivo-kachi-ghani-mustard-cold-pressed-oil-healthy-cooking-oil-1l,Delhi,110091,149,255,41.6,1
2026-05-30-0900,2026-05-30,zepto,jivo-kachi-ghani-mustard-cold-pressed-oil-healthy-cooking-oil-1l,Delhi,110092,149,255,41.6,1
2026-05-30-0900,2026-05-30,zepto,jivo-kachi-ghani-mustard-cold-pressed-oil-healthy-cooking-oil-1l,Delhi,110095,149,255,41.6,1
2026-05-30-0900,2026-05-30,zepto,jivo-kachi-ghani-mustard-cold-pressed-oil-healthy-cooking-oil-1l,Faridabad,121001,149,255,41.6,1
2026-05-30-0900,2026-05-30,zepto,jivo-kachi-ghani-mustard-cold-pressed-oil-healthy-cooking-oil-1l,Faridabad,121011,149,255,41.6,1
2026-05-30-0900,2026-05-30,zepto,jivo-kachi-ghani-mustard-cold-pressed-oil-healthy-cooking-oil-1l,Gurgaon,122004,149,255,41.6,1
2026-05-30-0900,2026-05-30,zepto,jivo-kachi-ghani-mustard-cold-pressed-oil-healthy-cooking-oil-1l,Gurgaon,122006,149,255,41.6,1
2026-05-30-0900,2026-05-30,zepto,jivo-kachi-ghani-mustard-cold-pressed-oil-healthy-cooking-oil-1l,Gurgaon,122010,149,255,41.6,1
2026-05-30-0900,2026-05-30,zepto,jivo-kachi-ghani-mustard-cold-pressed-oil-healthy-cooking-oil-1l,Gurgaon,122051,149,255,41.6,1
2026-05-30-0900,2026-05-30,zepto,jivo-kachi-ghani-mustard-cold-pressed-oil-healthy-cooking-oil-1l,Gurgaon,122101,149,255,41.6,1
2026-05-30-0900,2026-05-30,zepto,jivo-kachi-ghani-mustard-cold-pressed-oil-healthy-cooking-oil-1l,Chandigarh,160011,149,255,41.6,1
2026-05-30-0900,2026-05-30,zepto,jivo-kachi-ghani-mustard-cold-pressed-oil-healthy-cooking-oil-1l,Chandigarh,160021,149,255,41.6,1
2026-05-30-0900,2026-05-30,zepto,jivo-kachi-ghani-mustard-cold-pressed-oil-healthy-cooking-oil-1l,Chandigarh,160035,149,255,41.6,1
2026-05-30-0900,2026-05-30,zepto,jivo-kachi-ghani-mustard-cold-pressed-oil-healthy-cooking-oil-1l,Chandigarh,160043,149,255,41.6,1
2026-05-30-0900,2026-05-30,zepto,jivo-kachi-ghani-mustard-cold-pressed-oil-healthy-cooking-oil-1l,Ghaziabad,201003,149,255,41.6,1
2026-05-30-0900,2026-05-30,zepto,jivo-kachi-ghani-mustard-cold-pressed-oil-healthy-cooking-oil-1l,Ghaziabad,201005,149,255,41.6,1
2026-05-30-0900,2026-05-30,zepto,jivo-kachi-ghani-mustard-cold-pressed-oil-healthy-cooking-oil-1l,Ghaziabad,201009,149,255,41.6,1
2026-05-30-0900,2026-05-30,zepto,jivo-kachi-ghani-mustard-cold-pressed-oil-healthy-cooking-oil-1l,Noida,201307,149,255,41.6,1
2026-05-30-0900,2026-05-30,zepto,jivo-kachi-ghani-mustard-cold-pressed-oil-healthy-cooking-oil-1l,Noida,201309,149,255,41.6,1
2026-05-30-0900,2026-05-30,zepto,jivo-kachi-ghani-mustard-cold-pressed-oil-healthy-cooking-oil-1l,Noida,201310,149,255,41.6,1
2026-05-30-0900,2026-05-30,zepto,jivo-kachi-ghani-mustard-cold-pressed-oil-healthy-cooking-oil-1l,Mumbai,400018,149,255,41.6,1
2026-05-30-0900,2026-05-30,zepto,jivo-kachi-ghani-mustard-cold-pressed-oil-healthy-cooking-oil-1l,Mumbai,400025,149,255,41.6,1
2026-05-30-0900,2026-05-30,zepto,jivo-kachi-ghani-mustard-cold-pressed-oil-healthy-cooking-oil-1l,Mumbai,400090,149,255,41.6,1
2026-05-30-0900,2026-05-30,zepto,jivo-kachi-ghani-mustard-cold-pressed-oil-healthy-cooking-oil-1l,Mumbai,400601,149,255,41.6,1
2026-05-30-0900,2026-05-30,zepto,jivo-kachi-ghani-mustard-cold-pressed-oil-healthy-cooking-oil-1l,Bengaluru,560014,149,255,41.6,1
2026-05-30-0900,2026-05-30,zepto,jivo-kachi-ghani-mustard-cold-pressed-oil-healthy-cooking-oil-1l,Bengaluru,560019,149,255,41.6,1
2026-05-30-0900,2026-05-30,zepto,jivo-kachi-ghani-mustard-cold-pressed-oil-healthy-cooking-oil-1l,Bengaluru,560028,149,255,41.6,1
2026-05-30-0900,2026-05-30,zepto,jivo-kachi-ghani-mustard-cold-pressed-oil-healthy-cooking-oil-1l,Bengaluru,560039,149,255,41.6,1
2026-05-30-0900,2026-05-30,zepto,jivo-kachi-ghani-mustard-cold-pressed-oil-healthy-cooking-oil-1l,Bengaluru,560069,149,255,41.6,1
2026-05-30-0900,2026-05-30,zepto,jivo-kachi-ghani-mustard-cold-pressed-oil-healthy-cooking-oil-1l,Mysuru,570026,149,255,41.6,1
2026-05-30-0900,2026-05-30,zepto,jivo-pomace-olive-oil-1l,Delhi,110006,379,1049,63.9,1
2026-05-30-0900,2026-05-30,zepto,jivo-pomace-olive-oil-1l,Delhi,110007,379,1049,63.9,1
2026-05-30-0900,2026-05-30,zepto,jivo-pomace-olive-oil-1l,Delhi,110008,379,1049,63.9,1
2026-05-30-0900,2026-05-30,zepto,jivo-pomace-olive-oil-1l,Delhi,110009,379,1049,63.9,1
2026-05-30-0900,2026-05-30,zepto,jivo-pomace-olive-oil-1l,Delhi,110010,379,1049,63.9,1
2026-05-30-0900,2026-05-30,zepto,jivo-pomace-olive-oil-1l,Delhi,110013,379,1049,63.9,1
2026-05-30-0900,2026-05-30,zepto,jivo-pomace-olive-oil-1l,Delhi,110014,379,1049,63.9,1
2026-05-30-0900,2026-05-30,zepto,jivo-pomace-olive-oil-1l,Delhi,110015,379,1049,63.9,1
2026-05-30-0900,2026-05-30,zepto,jivo-pomace-olive-oil-1l,Delhi,110017,379,1049,63.9,1
2026-05-30-0900,2026-05-30,zepto,jivo-pomace-olive-oil-1l,Delhi,110024,379,1049,63.9,1
2026-05-30-0900,2026-05-30,zepto,jivo-pomace-olive-oil-1l,Delhi,110025,379,1049,63.9,1
2026-05-30-0900,2026-05-30,zepto,jivo-pomace-olive-oil-1l,Delhi,110031,379,1049,63.9,1
2026-05-30-0900,2026-05-30,zepto,jivo-pomace-olive-oil-1l,Delhi,110032,379,1049,63.9,1
2026-05-30-0900,2026-05-30,zepto,jivo-pomace-olive-oil-1l,Delhi,110035,379,1049,63.9,1
2026-05-30-0900,2026-05-30,zepto,jivo-pomace-olive-oil-1l,Delhi,110040,379,1049,63.9,1
2026-05-30-0900,2026-05-30,zepto,jivo-pomace-olive-oil-1l,Delhi,110042,379,1049,63.9,1
2026-05-30-0900,2026-05-30,zepto,jivo-pomace-olive-oil-1l,Delhi,110046,379,1049,63.9,1
2026-05-30-0900,2026-05-30,zepto,jivo-pomace-olive-oil-1l,Delhi,110048,379,1049,63.9,1
2026-05-30-0900,2026-05-30,zepto,jivo-pomace-olive-oil-1l,Delhi,110051,379,1049,63.9,1
2026-05-30-0900,2026-05-30,zepto,jivo-pomace-olive-oil-1l,Delhi,110053,379,1049,63.9,1
2026-05-30-0900,2026-05-30,zepto,jivo-pomace-olive-oil-1l,Delhi,110062,379,1049,63.9,1
2026-05-30-0900,2026-05-30,zepto,jivo-pomace-olive-oil-1l,Delhi,110065,379,1049,63.9,1
2026-05-30-0900,2026-05-30,zepto,jivo-pomace-olive-oil-1l,Delhi,110067,379,1049,63.9,1
2026-05-30-0900,2026-05-30,zepto,jivo-pomace-olive-oil-1l,Delhi,110076,379,1049,63.9,1
2026-05-30-0900,2026-05-30,zepto,jivo-pomace-olive-oil-1l,Delhi,110084,379,1049,63.9,1
2026-05-30-0900,2026-05-30,zepto,jivo-pomace-olive-oil-1l,Delhi,110085,379,1049,63.9,1
2026-05-30-0900,2026-05-30,zepto,jivo-pomace-olive-oil-1l,Delhi,110088,379,1049,63.9,1
2026-05-30-0900,2026-05-30,zepto,jivo-pomace-olive-oil-1l,Delhi,110090,379,1049,63.9,1
2026-05-30-0900,2026-05-30,zepto,jivo-pomace-olive-oil-1l,Delhi,110091,379,1049,63.9,1
2026-05-30-0900,2026-05-30,zepto,jivo-pomace-olive-oil-1l,Delhi,110092,379,1049,63.9,1
2026-05-30-0900,2026-05-30,zepto,jivo-pomace-olive-oil-1l,Delhi,110095,379,1049,63.9,1
2026-05-30-0900,2026-05-30,zepto,jivo-pomace-olive-oil-1l,Faridabad,121001,379,1049,63.9,1
2026-05-30-0900,2026-05-30,zepto,jivo-pomace-olive-oil-1l,Faridabad,121011,379,1049,63.9,1
2026-05-30-0900,2026-05-30,zepto,jivo-pomace-olive-oil-1l,Gurgaon,122004,379,1049,63.9,1
2026-05-30-0900,2026-05-30,zepto,jivo-pomace-olive-oil-1l,Gurgaon,122006,379,1049,63.9,1
2026-05-30-0900,2026-05-30,zepto,jivo-pomace-olive-oil-1l,Gurgaon,122010,379,1049,63.9,1
2026-05-30-0900,2026-05-30,zepto,jivo-pomace-olive-oil-1l,Gurgaon,122051,379,1049,63.9,1
2026-05-30-0900,2026-05-30,zepto,jivo-pomace-olive-oil-1l,Gurgaon,122101,379,1049,63.9,1
2026-05-30-0900,2026-05-30,zepto,jivo-pomace-olive-oil-1l,Ludhiana,142022,379,1049,63.9,1
2026-05-30-0900,2026-05-30,zepto,jivo-pomace-olive-oil-1l,Ghaziabad,201003,379,1049,63.9,1
2026-05-30-0900,2026-05-30,zepto,jivo-pomace-olive-oil-1l,Ghaziabad,201009,379,1049,63.9,1
2026-05-30-0900,2026-05-30,zepto,jivo-pomace-olive-oil-1l,Noida,201307,379,1049,63.9,1
2026-05-30-0900,2026-05-30,zepto,jivo-pomace-olive-oil-1l,Noida,201309,379,1049,63.9,1
2026-05-30-0900,2026-05-30,zepto,jivo-pomace-olive-oil-1l,Mumbai,400003,379,1049,63.9,1
2026-05-30-0900,2026-05-30,zepto,jivo-pomace-olive-oil-1l,Mumbai,400005,379,1049,63.9,1
2026-05-30-0900,2026-05-30,zepto,jivo-pomace-olive-oil-1l,Mumbai,400006,379,1049,63.9,1
2026-05-30-0900,2026-05-30,zepto,jivo-pomace-olive-oil-1l,Mumbai,400007,379,1049,63.9,1
2026-05-30-0900,2026-05-30,zepto,jivo-pomace-olive-oil-1l,Mumbai,400010,379,1049,63.9,1
2026-05-30-0900,2026-05-30,zepto,jivo-pomace-olive-oil-1l,Mumbai,400011,379,1049,63.9,1
2026-05-30-0900,2026-05-30,zepto,jivo-pomace-olive-oil-1l,Mumbai,400012,379,1049,63.9,1
2026-05-30-0900,2026-05-30,zepto,jivo-pomace-olive-oil-1l,Mumbai,400013,379,1049,63.9,1
2026-05-30-0900,2026-05-30,zepto,jivo-pomace-olive-oil-1l,Mumbai,400015,379,1049,63.9,1
2026-05-30-0900,2026-05-30,zepto,jivo-pomace-olive-oil-1l,Mumbai,400018,379,1049,63.9,1
2026-05-30-0900,2026-05-30,zepto,jivo-pomace-olive-oil-1l,Mumbai,400019,379,1049,63.9,1
2026-05-30-0900,2026-05-30,zepto,jivo-pomace-olive-oil-1l,Mumbai,400020,379,1049,63.9,1
2026-05-30-0900,2026-05-30,zepto,jivo-pomace-olive-oil-1l,Mumbai,400021,379,1049,63.9,1
2026-05-30-0900,2026-05-30,zepto,jivo-pomace-olive-oil-1l,Mumbai,400023,379,1049,63.9,1
2026-05-30-0900,2026-05-30,zepto,jivo-pomace-olive-oil-1l,Mumbai,400025,379,1049,63.9,1
2026-05-30-0900,2026-05-30,zepto,jivo-pomace-olive-oil-1l,Mumbai,400030,379,1049,63.9,1
2026-05-30-0900,2026-05-30,zepto,jivo-pomace-olive-oil-1l,Mumbai,400033,379,1049,63.9,1
2026-05-30-0900,2026-05-30,zepto,jivo-pomace-olive-oil-1l,Mumbai,400041,379,1049,63.9,1
2026-05-30-0900,2026-05-30,zepto,jivo-pomace-olive-oil-1l,Mumbai,400601,379,1049,63.9,1
2026-05-30-0900,2026-05-30,zepto,jivo-pomace-olive-oil-1l,Pune,411004,379,1049,63.9,1
2026-05-30-0900,2026-05-30,zepto,jivo-pomace-olive-oil-1l,Pune,411011,379,1049,63.9,1
2026-05-30-0900,2026-05-30,zepto,jivo-pomace-olive-oil-1l,Pune,411012,379,1049,63.9,1
2026-05-30-0900,2026-05-30,zepto,jivo-pomace-olive-oil-1l,Pune,411015,379,1049,63.9,1
2026-05-30-0900,2026-05-30,zepto,jivo-pomace-olive-oil-1l,Pune,411021,379,1049,63.9,1
2026-05-30-0900,2026-05-30,zepto,jivo-pomace-olive-oil-1l,Pune,411028,379,1049,63.9,1
2026-05-30-0900,2026-05-30,zepto,jivo-pomace-olive-oil-1l,Pune,411036,379,1049,63.9,1
2026-05-30-0900,2026-05-30,zepto,jivo-pomace-olive-oil-1l,Pune,411045,379,1049,63.9,1
2026-05-30-0900,2026-05-30,zepto,jivo-pomace-olive-oil-1l,Pune,411047,379,1049,63.9,1
2026-05-30-0900,2026-05-30,zepto,jivo-pomace-olive-oil-1l,Pune,411051,379,1049,63.9,1
2026-05-30-0900,2026-05-30,zepto,jivo-pomace-olive-oil-1l,Bengaluru,560014,379,1049,63.9,1
2026-05-30-0900,2026-05-30,zepto,jivo-pomace-olive-oil-1l,Bengaluru,560019,379,1049,63.9,1
2026-05-30-0900,2026-05-30,zepto,jivo-pomace-olive-oil-1l,Bengaluru,560028,379,1049,63.9,1
2026-05-30-0900,2026-05-30,zepto,jivo-pomace-olive-oil-1l,Bengaluru,560069,379,1049,63.9,1
2026-05-30-0900,2026-05-30,zepto,jivo-pomace-olive-oil-combo-1l,Delhi,110007,758,2098,63.9,1
2026-05-30-0900,2026-05-30,zepto,jivo-pomace-olive-oil-combo-1l,Delhi,110013,758,2098,63.9,1
2026-05-30-0900,2026-05-30,zepto,jivo-pomace-olive-oil-combo-1l,Delhi,110015,758,2098,63.9,1
2026-05-30-0900,2026-05-30,zepto,jivo-pomace-olive-oil-combo-1l,Delhi,110024,758,2098,63.9,1
2026-05-30-0900,2026-05-30,zepto,jivo-pomace-olive-oil-combo-1l,Delhi,110025,758,2098,63.9,1
2026-05-30-0900,2026-05-30,zepto,jivo-pomace-olive-oil-combo-1l,Delhi,110031,758,2098,63.9,1
2026-05-30-0900,2026-05-30,zepto,jivo-pomace-olive-oil-combo-1l,Delhi,110032,758,2098,63.9,1
2026-05-30-0900,2026-05-30,zepto,jivo-pomace-olive-oil-combo-1l,Delhi,110040,758,2098,63.9,1
2026-05-30-0900,2026-05-30,zepto,jivo-pomace-olive-oil-combo-1l,Delhi,110048,758,2098,63.9,1
2026-05-30-0900,2026-05-30,zepto,jivo-pomace-olive-oil-combo-1l,Delhi,110051,758,2098,63.9,1
2026-05-30-0900,2026-05-30,zepto,jivo-pomace-olive-oil-combo-1l,Delhi,110053,758,2098,63.9,1
2026-05-30-0900,2026-05-30,zepto,jivo-pomace-olive-oil-combo-1l,Delhi,110065,758,2098,63.9,1
2026-05-30-0900,2026-05-30,zepto,jivo-pomace-olive-oil-combo-1l,Delhi,110067,758,2098,63.9,1
2026-05-30-0900,2026-05-30,zepto,jivo-pomace-olive-oil-combo-1l,Delhi,110076,758,2098,63.9,1
2026-05-30-0900,2026-05-30,zepto,jivo-pomace-olive-oil-combo-1l,Delhi,110084,758,2098,63.9,1
2026-05-30-0900,2026-05-30,zepto,jivo-pomace-olive-oil-combo-1l,Delhi,110091,758,2098,63.9,1
2026-05-30-0900,2026-05-30,zepto,jivo-pomace-olive-oil-combo-1l,Delhi,110095,758,2098,63.9,1
2026-05-30-0900,2026-05-30,zepto,jivo-pomace-olive-oil-combo-1l,Faridabad,121001,758,2098,63.9,1
2026-05-30-0900,2026-05-30,zepto,jivo-pomace-olive-oil-combo-1l,Gurgaon,122004,758,2098,63.9,1
2026-05-30-0900,2026-05-30,zepto,jivo-pomace-olive-oil-combo-1l,Gurgaon,122006,758,2098,63.9,1
2026-05-30-0900,2026-05-30,zepto,jivo-pomace-olive-oil-combo-1l,Gurgaon,122010,758,2098,63.9,1
2026-05-30-0900,2026-05-30,zepto,jivo-pomace-olive-oil-combo-1l,Ghaziabad,201003,758,2098,63.9,1
2026-05-30-0900,2026-05-30,zepto,jivo-pomace-olive-oil-combo-1l,Mumbai,400003,758,2098,63.9,1
2026-05-30-0900,2026-05-30,zepto,jivo-pomace-olive-oil-combo-1l,Mumbai,400005,758,2098,63.9,1
2026-05-30-0900,2026-05-30,zepto,jivo-pomace-olive-oil-combo-1l,Mumbai,400006,758,2098,63.9,1
2026-05-30-0900,2026-05-30,zepto,jivo-pomace-olive-oil-combo-1l,Mumbai,400007,758,2098,63.9,1
2026-05-30-0900,2026-05-30,zepto,jivo-pomace-olive-oil-combo-1l,Mumbai,400010,758,2098,63.9,1
2026-05-30-0900,2026-05-30,zepto,jivo-pomace-olive-oil-combo-1l,Mumbai,400011,758,2098,63.9,1
2026-05-30-0900,2026-05-30,zepto,jivo-pomace-olive-oil-combo-1l,Mumbai,400012,758,2098,63.9,1
2026-05-30-0900,2026-05-30,zepto,jivo-pomace-olive-oil-combo-1l,Mumbai,400013,758,2098,63.9,1
2026-05-30-0900,2026-05-30,zepto,jivo-pomace-olive-oil-combo-1l,Mumbai,400015,758,2098,63.9,1
2026-05-30-0900,2026-05-30,zepto,jivo-pomace-olive-oil-combo-1l,Mumbai,400019,758,2098,63.9,1
2026-05-30-0900,2026-05-30,zepto,jivo-pomace-olive-oil-combo-1l,Mumbai,400020,758,2098,63.9,1
2026-05-30-0900,2026-05-30,zepto,jivo-pomace-olive-oil-combo-1l,Mumbai,400021,758,2098,63.9,1
2026-05-30-0900,2026-05-30,zepto,jivo-pomace-olive-oil-combo-1l,Mumbai,400023,758,2098,63.9,1
2026-05-30-0900,2026-05-30,zepto,jivo-pomace-olive-oil-combo-1l,Mumbai,400030,758,2098,63.9,1
2026-05-30-0900,2026-05-30,zepto,jivo-pomace-olive-oil-combo-1l,Mumbai,400033,758,2098,63.9,1
2026-05-30-0900,2026-05-30,zepto,jivo-pomace-olive-oil-combo-1l,Bengaluru,560069,758,2098,63.9,1
2026-05-30-0900,2026-05-30,zepto,jivo-sunflower-cold-pressed-oil-healthy-cooking-oil-1l,Delhi,110004,230,275,16.4,1
2026-05-30-0900,2026-05-30,zepto,jivo-sunflower-cold-pressed-oil-healthy-cooking-oil-1l,Delhi,110006,230,275,16.4,1
2026-05-30-0900,2026-05-30,zepto,jivo-sunflower-cold-pressed-oil-healthy-cooking-oil-1l,Delhi,110007,230,275,16.4,1
2026-05-30-0900,2026-05-30,zepto,jivo-sunflower-cold-pressed-oil-healthy-cooking-oil-1l,Delhi,110008,230,275,16.4,1
2026-05-30-0900,2026-05-30,zepto,jivo-sunflower-cold-pressed-oil-healthy-cooking-oil-1l,Delhi,110009,230,275,16.4,1
2026-05-30-0900,2026-05-30,zepto,jivo-sunflower-cold-pressed-oil-healthy-cooking-oil-1l,Delhi,110010,230,275,16.4,1
2026-05-30-0900,2026-05-30,zepto,jivo-sunflower-cold-pressed-oil-healthy-cooking-oil-1l,Delhi,110013,230,275,16.4,1
2026-05-30-0900,2026-05-30,zepto,jivo-sunflower-cold-pressed-oil-healthy-cooking-oil-1l,Delhi,110014,230,275,16.4,1
2026-05-30-0900,2026-05-30,zepto,jivo-sunflower-cold-pressed-oil-healthy-cooking-oil-1l,Delhi,110015,230,275,16.4,1
2026-05-30-0900,2026-05-30,zepto,jivo-sunflower-cold-pressed-oil-healthy-cooking-oil-1l,Delhi,110017,230,275,16.4,1
2026-05-30-0900,2026-05-30,zepto,jivo-sunflower-cold-pressed-oil-healthy-cooking-oil-1l,Delhi,110018,230,275,16.4,1
2026-05-30-0900,2026-05-30,zepto,jivo-sunflower-cold-pressed-oil-healthy-cooking-oil-1l,Delhi,110021,230,275,16.4,1
2026-05-30-0900,2026-05-30,zepto,jivo-sunflower-cold-pressed-oil-healthy-cooking-oil-1l,Delhi,110024,230,275,16.4,1
2026-05-30-0900,2026-05-30,zepto,jivo-sunflower-cold-pressed-oil-healthy-cooking-oil-1l,Delhi,110025,230,275,16.4,1
2026-05-30-0900,2026-05-30,zepto,jivo-sunflower-cold-pressed-oil-healthy-cooking-oil-1l,Delhi,110026,230,275,16.4,1
2026-05-30-0900,2026-05-30,zepto,jivo-sunflower-cold-pressed-oil-healthy-cooking-oil-1l,Delhi,110031,230,275,16.4,1
2026-05-30-0900,2026-05-30,zepto,jivo-sunflower-cold-pressed-oil-healthy-cooking-oil-1l,Delhi,110032,230,275,16.4,1
2026-05-30-0900,2026-05-30,zepto,jivo-sunflower-cold-pressed-oil-healthy-cooking-oil-1l,Delhi,110033,230,275,16.4,1
2026-05-30-0900,2026-05-30,zepto,jivo-sunflower-cold-pressed-oil-healthy-cooking-oil-1l,Delhi,110035,230,275,16.4,1
2026-05-30-0900,2026-05-30,zepto,jivo-sunflower-cold-pressed-oil-healthy-cooking-oil-1l,Delhi,110040,230,275,16.4,1
2026-05-30-0900,2026-05-30,zepto,jivo-sunflower-cold-pressed-oil-healthy-cooking-oil-1l,Delhi,110042,230,275,16.4,1
2026-05-30-0900,2026-05-30,zepto,jivo-sunflower-cold-pressed-oil-healthy-cooking-oil-1l,Delhi,110046,230,275,16.4,1
2026-05-30-0900,2026-05-30,zepto,jivo-sunflower-cold-pressed-oil-healthy-cooking-oil-1l,Delhi,110048,230,275,16.4,1
2026-05-30-0900,2026-05-30,zepto,jivo-sunflower-cold-pressed-oil-healthy-cooking-oil-1l,Delhi,110051,230,275,16.4,1
2026-05-30-0900,2026-05-30,zepto,jivo-sunflower-cold-pressed-oil-healthy-cooking-oil-1l,Delhi,110053,230,275,16.4,1
2026-05-30-0900,2026-05-30,zepto,jivo-sunflower-cold-pressed-oil-healthy-cooking-oil-1l,Delhi,110062,230,275,16.4,1
2026-05-30-0900,2026-05-30,zepto,jivo-sunflower-cold-pressed-oil-healthy-cooking-oil-1l,Delhi,110065,230,275,16.4,1
2026-05-30-0900,2026-05-30,zepto,jivo-sunflower-cold-pressed-oil-healthy-cooking-oil-1l,Delhi,110067,230,275,16.4,1
2026-05-30-0900,2026-05-30,zepto,jivo-sunflower-cold-pressed-oil-healthy-cooking-oil-1l,Delhi,110076,230,275,16.4,1
2026-05-30-0900,2026-05-30,zepto,jivo-sunflower-cold-pressed-oil-healthy-cooking-oil-1l,Delhi,110084,230,275,16.4,1
2026-05-30-0900,2026-05-30,zepto,jivo-sunflower-cold-pressed-oil-healthy-cooking-oil-1l,Delhi,110085,230,275,16.4,1
2026-05-30-0900,2026-05-30,zepto,jivo-sunflower-cold-pressed-oil-healthy-cooking-oil-1l,Delhi,110090,230,275,16.4,1
2026-05-30-0900,2026-05-30,zepto,jivo-sunflower-cold-pressed-oil-healthy-cooking-oil-1l,Delhi,110091,230,275,16.4,1
2026-05-30-0900,2026-05-30,zepto,jivo-sunflower-cold-pressed-oil-healthy-cooking-oil-1l,Delhi,110092,230,275,16.4,1
2026-05-30-0900,2026-05-30,zepto,jivo-sunflower-cold-pressed-oil-healthy-cooking-oil-1l,Delhi,110095,230,275,16.4,1
2026-05-30-0900,2026-05-30,zepto,jivo-sunflower-cold-pressed-oil-healthy-cooking-oil-1l,Faridabad,121001,230,275,16.4,1
2026-05-30-0900,2026-05-30,zepto,jivo-sunflower-cold-pressed-oil-healthy-cooking-oil-1l,Faridabad,121011,230,275,16.4,1
2026-05-30-0900,2026-05-30,zepto,jivo-sunflower-cold-pressed-oil-healthy-cooking-oil-1l,Gurgaon,122004,230,275,16.4,1
2026-05-30-0900,2026-05-30,zepto,jivo-sunflower-cold-pressed-oil-healthy-cooking-oil-1l,Gurgaon,122006,230,275,16.4,1
2026-05-30-0900,2026-05-30,zepto,jivo-sunflower-cold-pressed-oil-healthy-cooking-oil-1l,Gurgaon,122010,230,275,16.4,1
2026-05-30-0900,2026-05-30,zepto,jivo-sunflower-cold-pressed-oil-healthy-cooking-oil-1l,Gurgaon,122051,230,275,16.4,1
2026-05-30-0900,2026-05-30,zepto,jivo-sunflower-cold-pressed-oil-healthy-cooking-oil-1l,Gurgaon,122101,230,275,16.4,1
2026-05-30-0900,2026-05-30,zepto,jivo-sunflower-cold-pressed-oil-healthy-cooking-oil-1l,Ghaziabad,201003,230,275,16.4,1
2026-05-30-0900,2026-05-30,zepto,jivo-sunflower-cold-pressed-oil-healthy-cooking-oil-1l,Ghaziabad,201005,230,275,16.4,1
2026-05-30-0900,2026-05-30,zepto,jivo-sunflower-cold-pressed-oil-healthy-cooking-oil-1l,Ghaziabad,201009,217,275,21.1,1
2026-05-30-0900,2026-05-30,zepto,jivo-sunflower-cold-pressed-oil-healthy-cooking-oil-1l,Noida,201306,230,275,16.4,1
2026-05-30-0900,2026-05-30,zepto,jivo-sunflower-cold-pressed-oil-healthy-cooking-oil-1l,Noida,201309,230,275,16.4,1
2026-05-30-0900,2026-05-30,zepto,jivo-sunflower-cold-pressed-oil-healthy-cooking-oil-1l,Noida,201310,230,275,16.4,1
2026-05-30-0900,2026-05-30,zepto,jivo-sunflower-cold-pressed-oil-healthy-cooking-oil-1l,Mumbai,400005,230,275,16.4,1
2026-05-30-0900,2026-05-30,zepto,jivo-sunflower-cold-pressed-oil-healthy-cooking-oil-1l,Mumbai,400018,230,275,16.4,1
2026-05-30-0900,2026-05-30,zepto,jivo-sunflower-cold-pressed-oil-healthy-cooking-oil-1l,Mumbai,400025,230,275,16.4,1
2026-05-30-0900,2026-05-30,zepto,jivo-sunflower-cold-pressed-oil-healthy-cooking-oil-1l,Mumbai,400611,230,275,16.4,1
2026-05-30-0900,2026-05-30,zepto,jivo-sunflower-cold-pressed-oil-healthy-cooking-oil-1l,Bengaluru,560014,230,275,16.4,1
2026-05-30-1200,2026-05-30,zepto,jivo-cold-press-canola-oil-combo-bottle-2l,Delhi,110004,485,750,35.3,1
2026-05-30-1200,2026-05-30,zepto,jivo-cold-press-canola-oil-combo-bottle-2l,Delhi,110006,485,750,35.3,1
2026-05-30-1200,2026-05-30,zepto,jivo-cold-press-canola-oil-combo-bottle-2l,Delhi,110008,485,750,35.3,1
2026-05-30-1200,2026-05-30,zepto,jivo-cold-press-canola-oil-combo-bottle-2l,Delhi,110009,485,750,35.3,1
2026-05-30-1200,2026-05-30,zepto,jivo-cold-press-canola-oil-combo-bottle-2l,Delhi,110010,485,750,35.3,1
2026-05-30-1200,2026-05-30,zepto,jivo-cold-press-canola-oil-combo-bottle-2l,Delhi,110013,485,750,35.3,1
2026-05-30-1200,2026-05-30,zepto,jivo-cold-press-canola-oil-combo-bottle-2l,Delhi,110014,485,750,35.3,1
2026-05-30-1200,2026-05-30,zepto,jivo-cold-press-canola-oil-combo-bottle-2l,Delhi,110015,485,750,35.3,1
2026-05-30-1200,2026-05-30,zepto,jivo-cold-press-canola-oil-combo-bottle-2l,Delhi,110017,519,750,30.8,1
2026-05-30-1200,2026-05-30,zepto,jivo-cold-press-canola-oil-combo-bottle-2l,Delhi,110025,485,750,35.3,1
2026-05-30-1200,2026-05-30,zepto,jivo-cold-press-canola-oil-combo-bottle-2l,Delhi,110026,485,750,35.3,1
2026-05-30-1200,2026-05-30,zepto,jivo-cold-press-canola-oil-combo-bottle-2l,Delhi,110032,485,750,35.3,1
2026-05-30-1200,2026-05-30,zepto,jivo-cold-press-canola-oil-combo-bottle-2l,Delhi,110035,519,750,30.8,1
2026-05-30-1200,2026-05-30,zepto,jivo-cold-press-canola-oil-combo-bottle-2l,Delhi,110040,485,750,35.3,1
2026-05-30-1200,2026-05-30,zepto,jivo-cold-press-canola-oil-combo-bottle-2l,Delhi,110042,485,750,35.3,1
2026-05-30-1200,2026-05-30,zepto,jivo-cold-press-canola-oil-combo-bottle-2l,Delhi,110048,485,750,35.3,1
2026-05-30-1200,2026-05-30,zepto,jivo-cold-press-canola-oil-combo-bottle-2l,Delhi,110053,485,750,35.3,1
2026-05-30-1200,2026-05-30,zepto,jivo-cold-press-canola-oil-combo-bottle-2l,Delhi,110062,485,750,35.3,1
2026-05-30-1200,2026-05-30,zepto,jivo-cold-press-canola-oil-combo-bottle-2l,Delhi,110065,485,750,35.3,1
2026-05-30-1200,2026-05-30,zepto,jivo-cold-press-canola-oil-combo-bottle-2l,Delhi,110076,485,750,35.3,1
2026-05-30-1200,2026-05-30,zepto,jivo-cold-press-canola-oil-combo-bottle-2l,Delhi,110085,485,750,35.3,1
2026-05-30-1200,2026-05-30,zepto,jivo-cold-press-canola-oil-combo-bottle-2l,Delhi,110091,485,750,35.3,1
2026-05-30-1200,2026-05-30,zepto,jivo-cold-press-canola-oil-combo-bottle-2l,Delhi,110092,519,750,30.8,1
2026-05-30-1200,2026-05-30,zepto,jivo-cold-press-canola-oil-combo-bottle-2l,Delhi,110095,485,750,35.3,1
2026-05-30-1200,2026-05-30,zepto,jivo-cold-press-canola-oil-combo-bottle-2l,Ludhiana,141015,485,750,35.3,1
2026-05-30-1200,2026-05-30,zepto,jivo-cold-press-canola-oil-combo-bottle-2l,Ludhiana,142036,485,750,35.3,1
2026-05-30-1200,2026-05-30,zepto,jivo-cold-press-canola-oil-combo-bottle-2l,Bengaluru,560069,485,750,35.3,1
2026-05-30-1200,2026-05-30,zepto,jivo-daily-pomace-olive-oil-2l,Bengaluru,560014,941,1449,35.1,1
2026-05-30-1200,2026-05-30,zepto,jivo-extra-light-olive-oil-1l,Delhi,110004,499,1499,66.7,1
2026-05-30-1200,2026-05-30,zepto,jivo-extra-light-olive-oil-1l,Delhi,110006,499,1499,66.7,1
2026-05-30-1200,2026-05-30,zepto,jivo-extra-light-olive-oil-1l,Delhi,110007,499,1499,66.7,1
2026-05-30-1200,2026-05-30,zepto,jivo-extra-light-olive-oil-1l,Delhi,110008,499,1499,66.7,1
2026-05-30-1200,2026-05-30,zepto,jivo-extra-light-olive-oil-1l,Delhi,110009,499,1499,66.7,1
2026-05-30-1200,2026-05-30,zepto,jivo-extra-light-olive-oil-1l,Delhi,110010,499,1499,66.7,1
2026-05-30-1200,2026-05-30,zepto,jivo-extra-light-olive-oil-1l,Delhi,110013,499,1499,66.7,1
2026-05-30-1200,2026-05-30,zepto,jivo-extra-light-olive-oil-1l,Delhi,110015,499,1499,66.7,1
2026-05-30-1200,2026-05-30,zepto,jivo-extra-light-olive-oil-1l,Delhi,110017,499,1499,66.7,1
2026-05-30-1200,2026-05-30,zepto,jivo-extra-light-olive-oil-1l,Delhi,110024,499,1499,66.7,1
2026-05-30-1200,2026-05-30,zepto,jivo-extra-light-olive-oil-1l,Delhi,110025,499,1499,66.7,1
2026-05-30-1200,2026-05-30,zepto,jivo-extra-light-olive-oil-1l,Delhi,110026,499,1499,66.7,1
2026-05-30-1200,2026-05-30,zepto,jivo-extra-light-olive-oil-1l,Delhi,110031,499,1499,66.7,1
2026-05-30-1200,2026-05-30,zepto,jivo-extra-light-olive-oil-1l,Delhi,110032,499,1499,66.7,1
2026-05-30-1200,2026-05-30,zepto,jivo-extra-light-olive-oil-1l,Delhi,110035,499,1499,66.7,1
2026-05-30-1200,2026-05-30,zepto,jivo-extra-light-olive-oil-1l,Delhi,110040,499,1499,66.7,1
2026-05-30-1200,2026-05-30,zepto,jivo-extra-light-olive-oil-1l,Delhi,110042,499,1499,66.7,1
2026-05-30-1200,2026-05-30,zepto,jivo-extra-light-olive-oil-1l,Delhi,110046,499,1499,66.7,1
2026-05-30-1200,2026-05-30,zepto,jivo-extra-light-olive-oil-1l,Delhi,110048,499,1499,66.7,1
2026-05-30-1200,2026-05-30,zepto,jivo-extra-light-olive-oil-1l,Delhi,110051,499,1499,66.7,1
2026-05-30-1200,2026-05-30,zepto,jivo-extra-light-olive-oil-1l,Delhi,110053,499,1499,66.7,1
2026-05-30-1200,2026-05-30,zepto,jivo-extra-light-olive-oil-1l,Delhi,110065,499,1499,66.7,1
2026-05-30-1200,2026-05-30,zepto,jivo-extra-light-olive-oil-1l,Delhi,110067,499,1499,66.7,1
2026-05-30-1200,2026-05-30,zepto,jivo-extra-light-olive-oil-1l,Delhi,110076,499,1499,66.7,1
2026-05-30-1200,2026-05-30,zepto,jivo-extra-light-olive-oil-1l,Delhi,110084,499,1499,66.7,1
2026-05-30-1200,2026-05-30,zepto,jivo-extra-light-olive-oil-1l,Delhi,110085,499,1499,66.7,1
2026-05-30-1200,2026-05-30,zepto,jivo-extra-light-olive-oil-1l,Delhi,110088,499,1499,66.7,1
2026-05-30-1200,2026-05-30,zepto,jivo-extra-light-olive-oil-1l,Delhi,110090,499,1499,66.7,1
2026-05-30-1200,2026-05-30,zepto,jivo-extra-light-olive-oil-1l,Delhi,110092,499,1499,66.7,1
2026-05-30-1200,2026-05-30,zepto,jivo-extra-light-olive-oil-1l,Faridabad,121011,499,1499,66.7,1
2026-05-30-1200,2026-05-30,zepto,jivo-extra-light-olive-oil-1l,Gurgaon,122006,499,1499,66.7,1
2026-05-30-1200,2026-05-30,zepto,jivo-extra-light-olive-oil-1l,Gurgaon,122051,499,1499,66.7,1
2026-05-30-1200,2026-05-30,zepto,jivo-extra-light-olive-oil-1l,Gurgaon,122101,499,1499,66.7,1
2026-05-30-1200,2026-05-30,zepto,jivo-extra-light-olive-oil-1l,Ludhiana,141015,499,1499,66.7,1
2026-05-30-1200,2026-05-30,zepto,jivo-extra-light-olive-oil-1l,Ludhiana,142022,499,1499,66.7,1
2026-05-30-1200,2026-05-30,zepto,jivo-extra-light-olive-oil-1l,Ludhiana,142036,499,1499,66.7,1
2026-05-30-1200,2026-05-30,zepto,jivo-extra-light-olive-oil-1l,Chandigarh,160011,499,1499,66.7,1
2026-05-30-1200,2026-05-30,zepto,jivo-extra-light-olive-oil-1l,Chandigarh,160021,499,1499,66.7,1
2026-05-30-1200,2026-05-30,zepto,jivo-extra-light-olive-oil-1l,Chandigarh,160035,499,1499,66.7,1
2026-05-30-1200,2026-05-30,zepto,jivo-extra-light-olive-oil-1l,Chandigarh,160043,499,1499,66.7,1
2026-05-30-1200,2026-05-30,zepto,jivo-extra-light-olive-oil-1l,Ghaziabad,201003,499,1499,66.7,1
2026-05-30-1200,2026-05-30,zepto,jivo-extra-light-olive-oil-1l,Ghaziabad,201009,499,1499,66.7,1
2026-05-30-1200,2026-05-30,zepto,jivo-extra-light-olive-oil-1l,Noida,201307,499,1499,66.7,1
2026-05-30-1200,2026-05-30,zepto,jivo-extra-light-olive-oil-1l,Noida,201309,499,1499,66.7,1
2026-05-30-1200,2026-05-30,zepto,jivo-extra-light-olive-oil-1l,Noida,201310,499,1499,66.7,1
2026-05-30-1200,2026-05-30,zepto,jivo-extra-light-olive-oil-1l,Mumbai,400003,499,1499,66.7,1
2026-05-30-1200,2026-05-30,zepto,jivo-extra-light-olive-oil-1l,Mumbai,400005,499,1499,66.7,1
2026-05-30-1200,2026-05-30,zepto,jivo-extra-light-olive-oil-1l,Mumbai,400006,499,1499,66.7,1
2026-05-30-1200,2026-05-30,zepto,jivo-extra-light-olive-oil-1l,Mumbai,400007,499,1499,66.7,1
2026-05-30-1200,2026-05-30,zepto,jivo-extra-light-olive-oil-1l,Mumbai,400010,499,1499,66.7,1
2026-05-30-1200,2026-05-30,zepto,jivo-extra-light-olive-oil-1l,Mumbai,400011,499,1499,66.7,1
2026-05-30-1200,2026-05-30,zepto,jivo-extra-light-olive-oil-1l,Mumbai,400012,499,1499,66.7,1
2026-05-30-1200,2026-05-30,zepto,jivo-extra-light-olive-oil-1l,Mumbai,400013,499,1499,66.7,1
2026-05-30-1200,2026-05-30,zepto,jivo-extra-light-olive-oil-1l,Mumbai,400015,499,1499,66.7,1
2026-05-30-1200,2026-05-30,zepto,jivo-extra-light-olive-oil-1l,Mumbai,400017,499,1499,66.7,1
2026-05-30-1200,2026-05-30,zepto,jivo-extra-light-olive-oil-1l,Mumbai,400018,499,1499,66.7,1
2026-05-30-1200,2026-05-30,zepto,jivo-extra-light-olive-oil-1l,Mumbai,400019,499,1499,66.7,1
2026-05-30-1200,2026-05-30,zepto,jivo-extra-light-olive-oil-1l,Mumbai,400020,499,1499,66.7,1
2026-05-30-1200,2026-05-30,zepto,jivo-extra-light-olive-oil-1l,Mumbai,400021,499,1499,66.7,1
2026-05-30-1200,2026-05-30,zepto,jivo-extra-light-olive-oil-1l,Mumbai,400023,499,1499,66.7,1
2026-05-30-1200,2026-05-30,zepto,jivo-extra-light-olive-oil-1l,Mumbai,400025,499,1499,66.7,1
2026-05-30-1200,2026-05-30,zepto,jivo-extra-light-olive-oil-1l,Mumbai,400030,499,1499,66.7,1
2026-05-30-1200,2026-05-30,zepto,jivo-extra-light-olive-oil-1l,Mumbai,400033,499,1499,66.7,1
2026-05-30-1200,2026-05-30,zepto,jivo-extra-light-olive-oil-1l,Mumbai,400041,499,1499,66.7,1
2026-05-30-1200,2026-05-30,zepto,jivo-extra-light-olive-oil-1l,Mumbai,400601,499,1499,66.7,1
2026-05-30-1200,2026-05-30,zepto,jivo-extra-light-olive-oil-1l,Mumbai,400611,499,1499,66.7,1
2026-05-30-1200,2026-05-30,zepto,jivo-extra-light-olive-oil-1l,Mumbai,400703,499,1499,66.7,1
2026-05-30-1200,2026-05-30,zepto,jivo-extra-light-olive-oil-1l,Pune,411004,499,1499,66.7,1
2026-05-30-1200,2026-05-30,zepto,jivo-extra-light-olive-oil-1l,Pune,411006,499,1499,66.7,1
2026-05-30-1200,2026-05-30,zepto,jivo-extra-light-olive-oil-1l,Pune,411011,499,1499,66.7,1
2026-05-30-1200,2026-05-30,zepto,jivo-extra-light-olive-oil-1l,Pune,411012,499,1499,66.7,1
2026-05-30-1200,2026-05-30,zepto,jivo-extra-light-olive-oil-1l,Pune,411014,499,1499,66.7,1
2026-05-30-1200,2026-05-30,zepto,jivo-extra-light-olive-oil-1l,Pune,411015,499,1499,66.7,1
2026-05-30-1200,2026-05-30,zepto,jivo-extra-light-olive-oil-1l,Pune,411021,499,1499,66.7,1
2026-05-30-1200,2026-05-30,zepto,jivo-extra-light-olive-oil-1l,Pune,411028,499,1499,66.7,1
2026-05-30-1200,2026-05-30,zepto,jivo-extra-light-olive-oil-1l,Pune,411036,499,1499,66.7,1
2026-05-30-1200,2026-05-30,zepto,jivo-extra-light-olive-oil-1l,Pune,411045,499,1499,66.7,1
2026-05-30-1200,2026-05-30,zepto,jivo-extra-light-olive-oil-1l,Pune,411047,499,1499,66.7,1
2026-05-30-1200,2026-05-30,zepto,jivo-extra-light-olive-oil-1l,Pune,411051,499,1499,66.7,1
2026-05-30-1200,2026-05-30,zepto,jivo-extra-light-olive-oil-1l,Bengaluru,560014,499,1499,66.7,1
2026-05-30-1200,2026-05-30,zepto,jivo-extra-light-olive-oil-1l,Bengaluru,560069,499,1499,66.7,1
2026-05-30-1200,2026-05-30,zepto,jivo-extra-light-olive-oil-2l,Delhi,110010,1504,2799,46.3,1
2026-05-30-1200,2026-05-30,zepto,jivo-extra-light-olive-oil-2l,Delhi,110014,1504,2799,46.3,1
2026-05-30-1200,2026-05-30,zepto,jivo-extra-light-olive-oil-2l,Delhi,110040,1504,2799,46.3,1
2026-05-30-1200,2026-05-30,zepto,jivo-extra-light-olive-oil-2l,Delhi,110042,1504,2799,46.3,1
2026-05-30-1200,2026-05-30,zepto,jivo-extra-light-olive-oil-2l,Delhi,110062,1504,2799,46.3,1
2026-05-30-1200,2026-05-30,zepto,jivo-extra-light-olive-oil-2l,Delhi,110067,1504,2799,46.3,1
2026-05-30-1200,2026-05-30,zepto,jivo-extra-light-olive-oil-2l,Delhi,110084,1504,2799,46.3,1
2026-05-30-1200,2026-05-30,zepto,jivo-extra-light-olive-oil-2l,Delhi,110088,1139,2799,59.3,1
2026-05-30-1200,2026-05-30,zepto,jivo-extra-light-olive-oil-2l,Delhi,110090,1504,2799,46.3,1
2026-05-30-1200,2026-05-30,zepto,jivo-extra-light-olive-oil-2l,Gurgaon,122051,1504,2799,46.3,1
2026-05-30-1200,2026-05-30,zepto,jivo-extra-light-olive-oil-2l,Gurgaon,122101,1504,2799,46.3,1
2026-05-30-1200,2026-05-30,zepto,jivo-extra-light-olive-oil-2l,Ghaziabad,201003,1504,2799,46.3,1
2026-05-30-1200,2026-05-30,zepto,jivo-extra-light-olive-oil-2l,Ghaziabad,201009,1213,2799,56.7,1
2026-05-30-1200,2026-05-30,zepto,jivo-extra-light-olive-oil-2l,Noida,201309,1504,2799,46.3,1
2026-05-30-1200,2026-05-30,zepto,jivo-extra-light-olive-oil-2l,Noida,201310,1504,2799,46.3,1
2026-05-30-1200,2026-05-30,zepto,jivo-extra-light-olive-oil-2l,Mumbai,400005,1505,2799,46.2,1
2026-05-30-1200,2026-05-30,zepto,jivo-extra-light-olive-oil-2l,Mumbai,400006,1505,2799,46.2,1
2026-05-30-1200,2026-05-30,zepto,jivo-extra-light-olive-oil-2l,Mumbai,400007,1505,2799,46.2,1
2026-05-30-1200,2026-05-30,zepto,jivo-extra-light-olive-oil-2l,Mumbai,400010,1505,2799,46.2,1
2026-05-30-1200,2026-05-30,zepto,jivo-extra-light-olive-oil-2l,Mumbai,400011,1505,2799,46.2,1
2026-05-30-1200,2026-05-30,zepto,jivo-extra-light-olive-oil-2l,Mumbai,400012,1505,2799,46.2,1
2026-05-30-1200,2026-05-30,zepto,jivo-extra-light-olive-oil-2l,Mumbai,400013,1505,2799,46.2,1
2026-05-30-1200,2026-05-30,zepto,jivo-extra-light-olive-oil-2l,Mumbai,400015,1505,2799,46.2,1
2026-05-30-1200,2026-05-30,zepto,jivo-extra-light-olive-oil-2l,Mumbai,400017,1505,2799,46.2,1
2026-05-30-1200,2026-05-30,zepto,jivo-extra-light-olive-oil-2l,Mumbai,400018,1505,2799,46.2,1
2026-05-30-1200,2026-05-30,zepto,jivo-extra-light-olive-oil-2l,Mumbai,400019,1505,2799,46.2,1
2026-05-30-1200,2026-05-30,zepto,jivo-extra-light-olive-oil-2l,Mumbai,400020,1505,2799,46.2,1
2026-05-30-1200,2026-05-30,zepto,jivo-extra-light-olive-oil-2l,Mumbai,400023,1505,2799,46.2,1
2026-05-30-1200,2026-05-30,zepto,jivo-extra-light-olive-oil-2l,Mumbai,400025,1505,2799,46.2,1
2026-05-30-1200,2026-05-30,zepto,jivo-extra-light-olive-oil-2l,Mumbai,400030,1505,2799,46.2,1
2026-05-30-1200,2026-05-30,zepto,jivo-extra-light-olive-oil-2l,Mumbai,400033,1505,2799,46.2,1
2026-05-30-1200,2026-05-30,zepto,jivo-extra-light-olive-oil-2l,Mumbai,400041,1505,2799,46.2,1
2026-05-30-1200,2026-05-30,zepto,jivo-extra-light-olive-oil-2l,Mumbai,400090,1505,2799,46.2,1
2026-05-30-1200,2026-05-30,zepto,jivo-extra-light-olive-oil-2l,Mumbai,400601,1505,2799,46.2,1
2026-05-30-1200,2026-05-30,zepto,jivo-extra-light-olive-oil-2l,Mumbai,400611,1505,2799,46.2,1
2026-05-30-1200,2026-05-30,zepto,jivo-extra-light-olive-oil-2l,Mumbai,400703,1505,2799,46.2,1
2026-05-30-1200,2026-05-30,zepto,jivo-extra-light-olive-oil-combo-1l,Delhi,110004,998,2998,66.7,1
2026-05-30-1200,2026-05-30,zepto,jivo-extra-light-olive-oil-combo-1l,Delhi,110007,998,2998,66.7,1
2026-05-30-1200,2026-05-30,zepto,jivo-extra-light-olive-oil-combo-1l,Delhi,110013,998,2998,66.7,1
2026-05-30-1200,2026-05-30,zepto,jivo-extra-light-olive-oil-combo-1l,Delhi,110015,998,2998,66.7,1
2026-05-30-1200,2026-05-30,zepto,jivo-extra-light-olive-oil-combo-1l,Delhi,110024,998,2998,66.7,1
2026-05-30-1200,2026-05-30,zepto,jivo-extra-light-olive-oil-combo-1l,Delhi,110025,998,2998,66.7,1
2026-05-30-1200,2026-05-30,zepto,jivo-extra-light-olive-oil-combo-1l,Delhi,110026,998,2998,66.7,1
2026-05-30-1200,2026-05-30,zepto,jivo-extra-light-olive-oil-combo-1l,Delhi,110031,998,2998,66.7,1
2026-05-30-1200,2026-05-30,zepto,jivo-extra-light-olive-oil-combo-1l,Delhi,110032,998,2998,66.7,1
2026-05-30-1200,2026-05-30,zepto,jivo-extra-light-olive-oil-combo-1l,Delhi,110040,998,2998,66.7,1
2026-05-30-1200,2026-05-30,zepto,jivo-extra-light-olive-oil-combo-1l,Delhi,110048,998,2998,66.7,1
2026-05-30-1200,2026-05-30,zepto,jivo-extra-light-olive-oil-combo-1l,Delhi,110053,998,2998,66.7,1
2026-05-30-1200,2026-05-30,zepto,jivo-extra-light-olive-oil-combo-1l,Delhi,110065,998,2998,66.7,1
2026-05-30-1200,2026-05-30,zepto,jivo-extra-light-olive-oil-combo-1l,Delhi,110067,998,2998,66.7,1
2026-05-30-1200,2026-05-30,zepto,jivo-extra-light-olive-oil-combo-1l,Delhi,110084,998,2998,66.7,1
2026-05-30-1200,2026-05-30,zepto,jivo-extra-light-olive-oil-combo-1l,Delhi,110085,998,2998,66.7,1
2026-05-30-1200,2026-05-30,zepto,jivo-extra-light-olive-oil-combo-1l,Gurgaon,122006,998,2998,66.7,1
2026-05-30-1200,2026-05-30,zepto,jivo-extra-light-olive-oil-combo-1l,Gurgaon,122051,998,2998,66.7,1
2026-05-30-1200,2026-05-30,zepto,jivo-extra-light-olive-oil-combo-1l,Gurgaon,122101,998,2998,66.7,1
2026-05-30-1200,2026-05-30,zepto,jivo-extra-light-olive-oil-combo-1l,Noida,201309,998,2998,66.7,1
2026-05-30-1200,2026-05-30,zepto,jivo-extra-light-olive-oil-combo-1l,Noida,201310,998,2998,66.7,1
2026-05-30-1200,2026-05-30,zepto,jivo-extra-light-olive-oil-combo-1l,Mumbai,400003,998,2998,66.7,1
2026-05-30-1200,2026-05-30,zepto,jivo-extra-light-olive-oil-combo-1l,Mumbai,400005,998,2998,66.7,1
2026-05-30-1200,2026-05-30,zepto,jivo-extra-light-olive-oil-combo-1l,Mumbai,400006,998,2998,66.7,1
2026-05-30-1200,2026-05-30,zepto,jivo-extra-light-olive-oil-combo-1l,Mumbai,400007,998,2998,66.7,1
2026-05-30-1200,2026-05-30,zepto,jivo-extra-light-olive-oil-combo-1l,Mumbai,400010,998,2998,66.7,1
2026-05-30-1200,2026-05-30,zepto,jivo-extra-light-olive-oil-combo-1l,Mumbai,400011,998,2998,66.7,1
2026-05-30-1200,2026-05-30,zepto,jivo-extra-light-olive-oil-combo-1l,Mumbai,400012,998,2998,66.7,1
2026-05-30-1200,2026-05-30,zepto,jivo-extra-light-olive-oil-combo-1l,Mumbai,400013,998,2998,66.7,1
2026-05-30-1200,2026-05-30,zepto,jivo-extra-light-olive-oil-combo-1l,Mumbai,400015,998,2998,66.7,1
2026-05-30-1200,2026-05-30,zepto,jivo-extra-light-olive-oil-combo-1l,Mumbai,400019,998,2998,66.7,1
2026-05-30-1200,2026-05-30,zepto,jivo-extra-light-olive-oil-combo-1l,Mumbai,400020,998,2998,66.7,1
2026-05-30-1200,2026-05-30,zepto,jivo-extra-light-olive-oil-combo-1l,Mumbai,400021,998,2998,66.7,1
2026-05-30-1200,2026-05-30,zepto,jivo-extra-light-olive-oil-combo-1l,Mumbai,400023,998,2998,66.7,1
2026-05-30-1200,2026-05-30,zepto,jivo-extra-light-olive-oil-combo-1l,Mumbai,400030,998,2998,66.7,1
2026-05-30-1200,2026-05-30,zepto,jivo-extra-light-olive-oil-combo-1l,Mumbai,400033,998,2998,66.7,1
2026-05-30-1200,2026-05-30,zepto,jivo-extra-light-olive-oil-combo-1l,Mumbai,400601,998,2998,66.7,1
2026-05-30-1200,2026-05-30,zepto,jivo-extra-light-olive-oil-combo-1l,Mumbai,400611,998,2998,66.7,1
2026-05-30-1200,2026-05-30,zepto,jivo-extra-light-olive-oil-combo-1l,Pune,411011,998,2998,66.7,1
2026-05-30-1200,2026-05-30,zepto,jivo-extra-light-olive-oil-combo-1l,Pune,411012,998,2998,66.7,1
2026-05-30-1200,2026-05-30,zepto,jivo-extra-light-olive-oil-combo-1l,Pune,411015,998,2998,66.7,1
2026-05-30-1200,2026-05-30,zepto,jivo-extra-light-olive-oil-combo-1l,Pune,411021,998,2998,66.7,1
2026-05-30-1200,2026-05-30,zepto,jivo-extra-light-olive-oil-combo-1l,Pune,411045,998,2998,66.7,1
2026-05-30-1200,2026-05-30,zepto,jivo-extra-light-olive-oil-combo-1l,Pune,411047,998,2998,66.7,1
2026-05-30-1200,2026-05-30,zepto,jivo-extra-light-olive-oil-combo-1l,Pune,411051,998,2998,66.7,1
2026-05-30-1200,2026-05-30,zepto,jivo-extra-light-olive-oil-combo-1l,Bengaluru,560069,998,2998,66.7,1
2026-05-30-1200,2026-05-30,zepto,jivo-extra-light-olive-oil-combo-2l,Delhi,110014,3008,5598,46.3,1
2026-05-30-1200,2026-05-30,zepto,jivo-extra-light-olive-oil-combo-2l,Delhi,110040,3008,5598,46.3,1
2026-05-30-1200,2026-05-30,zepto,jivo-extra-light-olive-oil-combo-2l,Delhi,110062,3008,5598,46.3,1
2026-05-30-1200,2026-05-30,zepto,jivo-extra-light-olive-oil-combo-2l,Delhi,110084,3008,5598,46.3,1
2026-05-30-1200,2026-05-30,zepto,jivo-extra-light-olive-oil-combo-2l,Gurgaon,122051,3008,5598,46.3,1
2026-05-30-1200,2026-05-30,zepto,jivo-extra-light-olive-oil-combo-2l,Gurgaon,122101,3008,5598,46.3,1
2026-05-30-1200,2026-05-30,zepto,jivo-extra-light-olive-oil-combo-2l,Noida,201310,3008,5598,46.3,1
2026-05-30-1200,2026-05-30,zepto,jivo-extra-light-olive-oil-combo-2l,Mumbai,400005,3010,5598,46.2,1
2026-05-30-1200,2026-05-30,zepto,jivo-extra-light-olive-oil-combo-2l,Mumbai,400006,3010,5598,46.2,1
2026-05-30-1200,2026-05-30,zepto,jivo-extra-light-olive-oil-combo-2l,Mumbai,400007,3010,5598,46.2,1
2026-05-30-1200,2026-05-30,zepto,jivo-extra-light-olive-oil-combo-2l,Mumbai,400010,3010,5598,46.2,1
2026-05-30-1200,2026-05-30,zepto,jivo-extra-light-olive-oil-combo-2l,Mumbai,400012,3010,5598,46.2,1
2026-05-30-1200,2026-05-30,zepto,jivo-extra-light-olive-oil-combo-2l,Mumbai,400013,3010,5598,46.2,1
2026-05-30-1200,2026-05-30,zepto,jivo-extra-light-olive-oil-combo-2l,Mumbai,400015,3010,5598,46.2,1
2026-05-30-1200,2026-05-30,zepto,jivo-extra-light-olive-oil-combo-2l,Mumbai,400019,3010,5598,46.2,1
2026-05-30-1200,2026-05-30,zepto,jivo-extra-light-olive-oil-combo-2l,Mumbai,400023,3010,5598,46.2,1
2026-05-30-1200,2026-05-30,zepto,jivo-extra-light-olive-oil-combo-2l,Mumbai,400030,3010,5598,46.2,1
2026-05-30-1200,2026-05-30,zepto,jivo-extra-light-olive-oil-combo-2l,Mumbai,400033,3010,5598,46.2,1
2026-05-30-1200,2026-05-30,zepto,jivo-extra-light-olive-oil-combo-2l,Mumbai,400601,3010,5598,46.2,1
2026-05-30-1200,2026-05-30,zepto,jivo-extra-light-olive-oil-combo-2l,Mumbai,400611,3010,5598,46.2,1
2026-05-30-1200,2026-05-30,zepto,jivo-groundnut-cold-pressed-oil-healthy-cooking-oil-1l,Delhi,110004,199,560,64.5,1
2026-05-30-1200,2026-05-30,zepto,jivo-groundnut-cold-pressed-oil-healthy-cooking-oil-1l,Delhi,110006,199,560,64.5,1
2026-05-30-1200,2026-05-30,zepto,jivo-groundnut-cold-pressed-oil-healthy-cooking-oil-1l,Delhi,110007,199,560,64.5,1
2026-05-30-1200,2026-05-30,zepto,jivo-groundnut-cold-pressed-oil-healthy-cooking-oil-1l,Delhi,110008,199,560,64.5,1
2026-05-30-1200,2026-05-30,zepto,jivo-groundnut-cold-pressed-oil-healthy-cooking-oil-1l,Delhi,110009,199,560,64.5,1
2026-05-30-1200,2026-05-30,zepto,jivo-groundnut-cold-pressed-oil-healthy-cooking-oil-1l,Delhi,110010,199,560,64.5,1
2026-05-30-1200,2026-05-30,zepto,jivo-groundnut-cold-pressed-oil-healthy-cooking-oil-1l,Delhi,110013,199,560,64.5,1
2026-05-30-1200,2026-05-30,zepto,jivo-groundnut-cold-pressed-oil-healthy-cooking-oil-1l,Delhi,110014,199,560,64.5,1
2026-05-30-1200,2026-05-30,zepto,jivo-groundnut-cold-pressed-oil-healthy-cooking-oil-1l,Delhi,110015,199,560,64.5,1
2026-05-30-1200,2026-05-30,zepto,jivo-groundnut-cold-pressed-oil-healthy-cooking-oil-1l,Delhi,110017,199,560,64.5,1
2026-05-30-1200,2026-05-30,zepto,jivo-groundnut-cold-pressed-oil-healthy-cooking-oil-1l,Delhi,110021,199,560,64.5,1
2026-05-30-1200,2026-05-30,zepto,jivo-groundnut-cold-pressed-oil-healthy-cooking-oil-1l,Delhi,110024,199,560,64.5,1
2026-05-30-1200,2026-05-30,zepto,jivo-groundnut-cold-pressed-oil-healthy-cooking-oil-1l,Delhi,110025,199,560,64.5,1
2026-05-30-1200,2026-05-30,zepto,jivo-groundnut-cold-pressed-oil-healthy-cooking-oil-1l,Delhi,110026,199,560,64.5,1
2026-05-30-1200,2026-05-30,zepto,jivo-groundnut-cold-pressed-oil-healthy-cooking-oil-1l,Delhi,110031,199,560,64.5,1
2026-05-30-1200,2026-05-30,zepto,jivo-groundnut-cold-pressed-oil-healthy-cooking-oil-1l,Delhi,110032,199,560,64.5,1
2026-05-30-1200,2026-05-30,zepto,jivo-groundnut-cold-pressed-oil-healthy-cooking-oil-1l,Delhi,110033,199,560,64.5,1
2026-05-30-1200,2026-05-30,zepto,jivo-groundnut-cold-pressed-oil-healthy-cooking-oil-1l,Delhi,110035,199,560,64.5,1
2026-05-30-1200,2026-05-30,zepto,jivo-groundnut-cold-pressed-oil-healthy-cooking-oil-1l,Delhi,110040,199,560,64.5,1
2026-05-30-1200,2026-05-30,zepto,jivo-groundnut-cold-pressed-oil-healthy-cooking-oil-1l,Delhi,110042,199,560,64.5,1
2026-05-30-1200,2026-05-30,zepto,jivo-groundnut-cold-pressed-oil-healthy-cooking-oil-1l,Delhi,110046,199,560,64.5,1
2026-05-30-1200,2026-05-30,zepto,jivo-groundnut-cold-pressed-oil-healthy-cooking-oil-1l,Delhi,110048,199,560,64.5,1
2026-05-30-1200,2026-05-30,zepto,jivo-groundnut-cold-pressed-oil-healthy-cooking-oil-1l,Delhi,110051,199,560,64.5,1
2026-05-30-1200,2026-05-30,zepto,jivo-groundnut-cold-pressed-oil-healthy-cooking-oil-1l,Delhi,110053,199,560,64.5,1
2026-05-30-1200,2026-05-30,zepto,jivo-groundnut-cold-pressed-oil-healthy-cooking-oil-1l,Delhi,110062,199,560,64.5,1
2026-05-30-1200,2026-05-30,zepto,jivo-groundnut-cold-pressed-oil-healthy-cooking-oil-1l,Delhi,110065,199,560,64.5,1
2026-05-30-1200,2026-05-30,zepto,jivo-groundnut-cold-pressed-oil-healthy-cooking-oil-1l,Delhi,110067,199,560,64.5,1
2026-05-30-1200,2026-05-30,zepto,jivo-groundnut-cold-pressed-oil-healthy-cooking-oil-1l,Delhi,110076,199,560,64.5,1
2026-05-30-1200,2026-05-30,zepto,jivo-groundnut-cold-pressed-oil-healthy-cooking-oil-1l,Delhi,110084,199,560,64.5,1
2026-05-30-1200,2026-05-30,zepto,jivo-groundnut-cold-pressed-oil-healthy-cooking-oil-1l,Delhi,110085,199,560,64.5,1
2026-05-30-1200,2026-05-30,zepto,jivo-groundnut-cold-pressed-oil-healthy-cooking-oil-1l,Delhi,110088,199,560,64.5,1
2026-05-30-1200,2026-05-30,zepto,jivo-groundnut-cold-pressed-oil-healthy-cooking-oil-1l,Delhi,110091,199,560,64.5,1
2026-05-30-1200,2026-05-30,zepto,jivo-groundnut-cold-pressed-oil-healthy-cooking-oil-1l,Delhi,110092,199,560,64.5,1
2026-05-30-1200,2026-05-30,zepto,jivo-groundnut-cold-pressed-oil-healthy-cooking-oil-1l,Delhi,110095,199,560,64.5,1
2026-05-30-1200,2026-05-30,zepto,jivo-groundnut-cold-pressed-oil-healthy-cooking-oil-1l,Faridabad,121001,199,560,64.5,1
2026-05-30-1200,2026-05-30,zepto,jivo-groundnut-cold-pressed-oil-healthy-cooking-oil-1l,Gurgaon,122004,199,560,64.5,1
2026-05-30-1200,2026-05-30,zepto,jivo-groundnut-cold-pressed-oil-healthy-cooking-oil-1l,Gurgaon,122006,199,560,64.5,1
2026-05-30-1200,2026-05-30,zepto,jivo-groundnut-cold-pressed-oil-healthy-cooking-oil-1l,Gurgaon,122010,199,560,64.5,1
2026-05-30-1200,2026-05-30,zepto,jivo-groundnut-cold-pressed-oil-healthy-cooking-oil-1l,Gurgaon,122051,199,560,64.5,1
2026-05-30-1200,2026-05-30,zepto,jivo-groundnut-cold-pressed-oil-healthy-cooking-oil-1l,Gurgaon,122101,199,560,64.5,1
2026-05-30-1200,2026-05-30,zepto,jivo-groundnut-cold-pressed-oil-healthy-cooking-oil-1l,Ghaziabad,201003,199,560,64.5,1
2026-05-30-1200,2026-05-30,zepto,jivo-groundnut-cold-pressed-oil-healthy-cooking-oil-1l,Ghaziabad,201005,199,560,64.5,1
2026-05-30-1200,2026-05-30,zepto,jivo-groundnut-cold-pressed-oil-healthy-cooking-oil-1l,Ghaziabad,201009,199,560,64.5,1
2026-05-30-1200,2026-05-30,zepto,jivo-groundnut-cold-pressed-oil-healthy-cooking-oil-1l,Noida,201306,199,560,64.5,1
2026-05-30-1200,2026-05-30,zepto,jivo-groundnut-cold-pressed-oil-healthy-cooking-oil-1l,Noida,201307,199,560,64.5,1
2026-05-30-1200,2026-05-30,zepto,jivo-groundnut-cold-pressed-oil-healthy-cooking-oil-1l,Noida,201309,199,560,64.5,1
2026-05-30-1200,2026-05-30,zepto,jivo-groundnut-cold-pressed-oil-healthy-cooking-oil-1l,Noida,201310,199,560,64.5,1
2026-05-30-1200,2026-05-30,zepto,jivo-groundnut-cold-pressed-oil-healthy-cooking-oil-1l,Mumbai,400003,199,560,64.5,1
2026-05-30-1200,2026-05-30,zepto,jivo-groundnut-cold-pressed-oil-healthy-cooking-oil-1l,Mumbai,400005,199,560,64.5,1
2026-05-30-1200,2026-05-30,zepto,jivo-groundnut-cold-pressed-oil-healthy-cooking-oil-1l,Mumbai,400006,199,560,64.5,1
2026-05-30-1200,2026-05-30,zepto,jivo-groundnut-cold-pressed-oil-healthy-cooking-oil-1l,Mumbai,400011,199,560,64.5,1
2026-05-30-1200,2026-05-30,zepto,jivo-groundnut-cold-pressed-oil-healthy-cooking-oil-1l,Mumbai,400012,199,560,64.5,1
2026-05-30-1200,2026-05-30,zepto,jivo-groundnut-cold-pressed-oil-healthy-cooking-oil-1l,Mumbai,400018,199,560,64.5,1
2026-05-30-1200,2026-05-30,zepto,jivo-groundnut-cold-pressed-oil-healthy-cooking-oil-1l,Mumbai,400020,199,560,64.5,1
2026-05-30-1200,2026-05-30,zepto,jivo-groundnut-cold-pressed-oil-healthy-cooking-oil-1l,Mumbai,400021,199,560,64.5,1
2026-05-30-1200,2026-05-30,zepto,jivo-groundnut-cold-pressed-oil-healthy-cooking-oil-1l,Mumbai,400025,199,560,64.5,1
2026-05-30-1200,2026-05-30,zepto,jivo-groundnut-cold-pressed-oil-healthy-cooking-oil-1l,Mumbai,400033,199,560,64.5,1
2026-05-30-1200,2026-05-30,zepto,jivo-groundnut-cold-pressed-oil-healthy-cooking-oil-1l,Mumbai,400601,199,560,64.5,1
2026-05-30-1200,2026-05-30,zepto,jivo-groundnut-cold-pressed-oil-healthy-cooking-oil-1l,Mumbai,400703,199,560,64.5,1
2026-05-30-1200,2026-05-30,zepto,jivo-groundnut-cold-pressed-oil-healthy-cooking-oil-1l,Pune,411006,199,560,64.5,1
2026-05-30-1200,2026-05-30,zepto,jivo-groundnut-cold-pressed-oil-healthy-cooking-oil-1l,Pune,411047,199,560,64.5,1
2026-05-30-1200,2026-05-30,zepto,jivo-groundnut-cold-pressed-oil-healthy-cooking-oil-1l,Bengaluru,560014,199,560,64.5,1
2026-05-30-1200,2026-05-30,zepto,jivo-groundnut-cold-pressed-oil-healthy-cooking-oil-1l,Bengaluru,560019,199,560,64.5,1
2026-05-30-1200,2026-05-30,zepto,jivo-groundnut-cold-pressed-oil-healthy-cooking-oil-1l,Bengaluru,560028,199,560,64.5,1
2026-05-30-1200,2026-05-30,zepto,jivo-groundnut-cold-pressed-oil-healthy-cooking-oil-1l,Bengaluru,560069,199,560,64.5,1
2026-05-30-1200,2026-05-30,zepto,jivo-groundnut-peanut-cold-pressed-heathy-cooking-oil-na,Delhi,110004,49,150,67.3,1
2026-05-30-1200,2026-05-30,zepto,jivo-groundnut-peanut-cold-pressed-heathy-cooking-oil-na,Delhi,110006,49,150,67.3,1
2026-05-30-1200,2026-05-30,zepto,jivo-groundnut-peanut-cold-pressed-heathy-cooking-oil-na,Delhi,110007,49,150,67.3,1
2026-05-30-1200,2026-05-30,zepto,jivo-groundnut-peanut-cold-pressed-heathy-cooking-oil-na,Delhi,110008,49,150,67.3,1
2026-05-30-1200,2026-05-30,zepto,jivo-groundnut-peanut-cold-pressed-heathy-cooking-oil-na,Delhi,110009,49,150,67.3,1
2026-05-30-1200,2026-05-30,zepto,jivo-groundnut-peanut-cold-pressed-heathy-cooking-oil-na,Delhi,110010,49,150,67.3,1
2026-05-30-1200,2026-05-30,zepto,jivo-groundnut-peanut-cold-pressed-heathy-cooking-oil-na,Delhi,110013,49,150,67.3,1
2026-05-30-1200,2026-05-30,zepto,jivo-groundnut-peanut-cold-pressed-heathy-cooking-oil-na,Delhi,110014,49,150,67.3,1
2026-05-30-1200,2026-05-30,zepto,jivo-groundnut-peanut-cold-pressed-heathy-cooking-oil-na,Delhi,110015,49,150,67.3,1
2026-05-30-1200,2026-05-30,zepto,jivo-groundnut-peanut-cold-pressed-heathy-cooking-oil-na,Delhi,110017,49,150,67.3,1
2026-05-30-1200,2026-05-30,zepto,jivo-groundnut-peanut-cold-pressed-heathy-cooking-oil-na,Delhi,110018,49,150,67.3,1
2026-05-30-1200,2026-05-30,zepto,jivo-groundnut-peanut-cold-pressed-heathy-cooking-oil-na,Delhi,110021,49,150,67.3,1
2026-05-30-1200,2026-05-30,zepto,jivo-groundnut-peanut-cold-pressed-heathy-cooking-oil-na,Delhi,110024,49,150,67.3,1
2026-05-30-1200,2026-05-30,zepto,jivo-groundnut-peanut-cold-pressed-heathy-cooking-oil-na,Delhi,110025,49,150,67.3,1
2026-05-30-1200,2026-05-30,zepto,jivo-groundnut-peanut-cold-pressed-heathy-cooking-oil-na,Delhi,110026,49,150,67.3,1
2026-05-30-1200,2026-05-30,zepto,jivo-groundnut-peanut-cold-pressed-heathy-cooking-oil-na,Delhi,110031,49,150,67.3,1
2026-05-30-1200,2026-05-30,zepto,jivo-groundnut-peanut-cold-pressed-heathy-cooking-oil-na,Delhi,110032,49,150,67.3,1
2026-05-30-1200,2026-05-30,zepto,jivo-groundnut-peanut-cold-pressed-heathy-cooking-oil-na,Delhi,110033,49,150,67.3,1
2026-05-30-1200,2026-05-30,zepto,jivo-groundnut-peanut-cold-pressed-heathy-cooking-oil-na,Delhi,110035,49,150,67.3,1
2026-05-30-1200,2026-05-30,zepto,jivo-groundnut-peanut-cold-pressed-heathy-cooking-oil-na,Delhi,110040,49,150,67.3,1
2026-05-30-1200,2026-05-30,zepto,jivo-groundnut-peanut-cold-pressed-heathy-cooking-oil-na,Delhi,110042,49,150,67.3,1
2026-05-30-1200,2026-05-30,zepto,jivo-groundnut-peanut-cold-pressed-heathy-cooking-oil-na,Delhi,110046,49,150,67.3,1
2026-05-30-1200,2026-05-30,zepto,jivo-groundnut-peanut-cold-pressed-heathy-cooking-oil-na,Delhi,110048,49,150,67.3,1
2026-05-30-1200,2026-05-30,zepto,jivo-groundnut-peanut-cold-pressed-heathy-cooking-oil-na,Delhi,110051,49,150,67.3,1
2026-05-30-1200,2026-05-30,zepto,jivo-groundnut-peanut-cold-pressed-heathy-cooking-oil-na,Delhi,110053,49,150,67.3,1
2026-05-30-1200,2026-05-30,zepto,jivo-groundnut-peanut-cold-pressed-heathy-cooking-oil-na,Delhi,110062,49,150,67.3,1
2026-05-30-1200,2026-05-30,zepto,jivo-groundnut-peanut-cold-pressed-heathy-cooking-oil-na,Delhi,110065,49,150,67.3,1
2026-05-30-1200,2026-05-30,zepto,jivo-groundnut-peanut-cold-pressed-heathy-cooking-oil-na,Delhi,110067,49,150,67.3,1
2026-05-30-1200,2026-05-30,zepto,jivo-groundnut-peanut-cold-pressed-heathy-cooking-oil-na,Delhi,110076,49,150,67.3,1
2026-05-30-1200,2026-05-30,zepto,jivo-groundnut-peanut-cold-pressed-heathy-cooking-oil-na,Delhi,110084,49,150,67.3,1
2026-05-30-1200,2026-05-30,zepto,jivo-groundnut-peanut-cold-pressed-heathy-cooking-oil-na,Delhi,110085,49,150,67.3,1
2026-05-30-1200,2026-05-30,zepto,jivo-groundnut-peanut-cold-pressed-heathy-cooking-oil-na,Delhi,110090,49,150,67.3,1
2026-05-30-1200,2026-05-30,zepto,jivo-groundnut-peanut-cold-pressed-heathy-cooking-oil-na,Delhi,110091,49,150,67.3,1
2026-05-30-1200,2026-05-30,zepto,jivo-groundnut-peanut-cold-pressed-heathy-cooking-oil-na,Delhi,110092,49,150,67.3,1
2026-05-30-1200,2026-05-30,zepto,jivo-groundnut-peanut-cold-pressed-heathy-cooking-oil-na,Delhi,110095,49,150,67.3,1
2026-05-30-1200,2026-05-30,zepto,jivo-groundnut-peanut-cold-pressed-heathy-cooking-oil-na,Gurgaon,122004,49,150,67.3,1
2026-05-30-1200,2026-05-30,zepto,jivo-groundnut-peanut-cold-pressed-heathy-cooking-oil-na,Gurgaon,122006,49,150,67.3,1
2026-05-30-1200,2026-05-30,zepto,jivo-groundnut-peanut-cold-pressed-heathy-cooking-oil-na,Gurgaon,122010,49,150,67.3,1
2026-05-30-1200,2026-05-30,zepto,jivo-groundnut-peanut-cold-pressed-heathy-cooking-oil-na,Gurgaon,122051,49,150,67.3,1
2026-05-30-1200,2026-05-30,zepto,jivo-groundnut-peanut-cold-pressed-heathy-cooking-oil-na,Gurgaon,122101,49,150,67.3,1
2026-05-30-1200,2026-05-30,zepto,jivo-groundnut-peanut-cold-pressed-heathy-cooking-oil-na,Noida,201309,49,150,67.3,1
2026-05-30-1200,2026-05-30,zepto,jivo-groundnut-peanut-cold-pressed-heathy-cooking-oil-na,Jaipur,302016,76,150,49.3,1
2026-05-30-1200,2026-05-30,zepto,jivo-groundnut-peanut-cold-pressed-heathy-cooking-oil-na,Jaipur,302017,76,150,49.3,1
2026-05-30-1200,2026-05-30,zepto,jivo-groundnut-peanut-cold-pressed-heathy-cooking-oil-na,Jaipur,302018,76,150,49.3,1
2026-05-30-1200,2026-05-30,zepto,jivo-groundnut-peanut-cold-pressed-heathy-cooking-oil-na,Jaipur,302020,76,150,49.3,1
2026-05-30-1200,2026-05-30,zepto,jivo-groundnut-peanut-cold-pressed-heathy-cooking-oil-na,Jaipur,302021,76,150,49.3,1
2026-05-30-1200,2026-05-30,zepto,jivo-groundnut-peanut-cold-pressed-heathy-cooking-oil-na,Jaipur,302022,76,150,49.3,1
2026-05-30-1200,2026-05-30,zepto,jivo-groundnut-peanut-cold-pressed-heathy-cooking-oil-na,Jaipur,302023,76,150,49.3,1
2026-05-30-1200,2026-05-30,zepto,jivo-groundnut-peanut-cold-pressed-heathy-cooking-oil-na,Jaipur,302024,76,150,49.3,1
2026-05-30-1200,2026-05-30,zepto,jivo-groundnut-peanut-cold-pressed-heathy-cooking-oil-na,Jaipur,302025,76,150,49.3,1
2026-05-30-1200,2026-05-30,zepto,jivo-groundnut-peanut-cold-pressed-heathy-cooking-oil-na,Jaipur,302032,76,150,49.3,1
2026-05-30-1200,2026-05-30,zepto,jivo-groundnut-peanut-cold-pressed-heathy-cooking-oil-na,Jaipur,303602,76,150,49.3,1
2026-05-30-1200,2026-05-30,zepto,jivo-groundnut-peanut-cold-pressed-heathy-cooking-oil-na,Mumbai,400003,49,150,67.3,1
2026-05-30-1200,2026-05-30,zepto,jivo-groundnut-peanut-cold-pressed-heathy-cooking-oil-na,Mumbai,400005,49,150,67.3,1
2026-05-30-1200,2026-05-30,zepto,jivo-groundnut-peanut-cold-pressed-heathy-cooking-oil-na,Mumbai,400006,49,150,67.3,1
2026-05-30-1200,2026-05-30,zepto,jivo-groundnut-peanut-cold-pressed-heathy-cooking-oil-na,Mumbai,400010,49,150,67.3,1
2026-05-30-1200,2026-05-30,zepto,jivo-groundnut-peanut-cold-pressed-heathy-cooking-oil-na,Mumbai,400012,49,150,67.3,1
2026-05-30-1200,2026-05-30,zepto,jivo-groundnut-peanut-cold-pressed-heathy-cooking-oil-na,Mumbai,400013,49,150,67.3,1
2026-05-30-1200,2026-05-30,zepto,jivo-groundnut-peanut-cold-pressed-heathy-cooking-oil-na,Mumbai,400015,49,150,67.3,1
2026-05-30-1200,2026-05-30,zepto,jivo-groundnut-peanut-cold-pressed-heathy-cooking-oil-na,Mumbai,400017,49,150,67.3,1
2026-05-30-1200,2026-05-30,zepto,jivo-groundnut-peanut-cold-pressed-heathy-cooking-oil-na,Mumbai,400018,49,150,67.3,1
2026-05-30-1200,2026-05-30,zepto,jivo-groundnut-peanut-cold-pressed-heathy-cooking-oil-na,Mumbai,400019,49,150,67.3,1
2026-05-30-1200,2026-05-30,zepto,jivo-groundnut-peanut-cold-pressed-heathy-cooking-oil-na,Mumbai,400021,49,150,67.3,1
2026-05-30-1200,2026-05-30,zepto,jivo-groundnut-peanut-cold-pressed-heathy-cooking-oil-na,Mumbai,400023,49,150,67.3,1
2026-05-30-1200,2026-05-30,zepto,jivo-groundnut-peanut-cold-pressed-heathy-cooking-oil-na,Mumbai,400025,49,150,67.3,1
2026-05-30-1200,2026-05-30,zepto,jivo-groundnut-peanut-cold-pressed-heathy-cooking-oil-na,Mumbai,400030,49,150,67.3,1
2026-05-30-1200,2026-05-30,zepto,jivo-groundnut-peanut-cold-pressed-heathy-cooking-oil-na,Mumbai,400033,49,150,67.3,1
2026-05-30-1200,2026-05-30,zepto,jivo-groundnut-peanut-cold-pressed-heathy-cooking-oil-na,Mumbai,400041,49,150,67.3,1
2026-05-30-1200,2026-05-30,zepto,jivo-groundnut-peanut-cold-pressed-heathy-cooking-oil-na,Mumbai,400090,49,150,67.3,1
2026-05-30-1200,2026-05-30,zepto,jivo-groundnut-peanut-cold-pressed-heathy-cooking-oil-na,Mumbai,400601,49,150,67.3,1
2026-05-30-1200,2026-05-30,zepto,jivo-groundnut-peanut-cold-pressed-heathy-cooking-oil-na,Mumbai,400611,49,150,67.3,1
2026-05-30-1200,2026-05-30,zepto,jivo-groundnut-peanut-cold-pressed-heathy-cooking-oil-na,Pune,411004,49,150,67.3,1
2026-05-30-1200,2026-05-30,zepto,jivo-groundnut-peanut-cold-pressed-heathy-cooking-oil-na,Pune,411006,49,150,67.3,1
2026-05-30-1200,2026-05-30,zepto,jivo-groundnut-peanut-cold-pressed-heathy-cooking-oil-na,Pune,411011,49,150,67.3,1
2026-05-30-1200,2026-05-30,zepto,jivo-groundnut-peanut-cold-pressed-heathy-cooking-oil-na,Pune,411012,49,150,67.3,1
2026-05-30-1200,2026-05-30,zepto,jivo-groundnut-peanut-cold-pressed-heathy-cooking-oil-na,Pune,411014,49,150,67.3,1
2026-05-30-1200,2026-05-30,zepto,jivo-groundnut-peanut-cold-pressed-heathy-cooking-oil-na,Pune,411015,49,150,67.3,1
2026-05-30-1200,2026-05-30,zepto,jivo-groundnut-peanut-cold-pressed-heathy-cooking-oil-na,Pune,411021,49,150,67.3,1
2026-05-30-1200,2026-05-30,zepto,jivo-groundnut-peanut-cold-pressed-heathy-cooking-oil-na,Pune,411028,49,150,67.3,1
2026-05-30-1200,2026-05-30,zepto,jivo-groundnut-peanut-cold-pressed-heathy-cooking-oil-na,Pune,411036,49,150,67.3,1
2026-05-30-1200,2026-05-30,zepto,jivo-groundnut-peanut-cold-pressed-heathy-cooking-oil-na,Pune,411045,49,150,67.3,1
2026-05-30-1200,2026-05-30,zepto,jivo-groundnut-peanut-cold-pressed-heathy-cooking-oil-na,Pune,411047,49,150,67.3,1
2026-05-30-1200,2026-05-30,zepto,jivo-groundnut-peanut-cold-pressed-heathy-cooking-oil-na,Pune,411051,49,150,67.3,1
2026-05-30-1200,2026-05-30,zepto,jivo-groundnut-peanut-cold-pressed-heathy-cooking-oil-na,Indore,452001,76,150,49.3,1
2026-05-30-1200,2026-05-30,zepto,jivo-kachi-ghani-mustard-cold-pressed-oil-healthy-cooking-oil-1l,Delhi,110004,149,255,41.6,1
2026-05-30-1200,2026-05-30,zepto,jivo-kachi-ghani-mustard-cold-pressed-oil-healthy-cooking-oil-1l,Delhi,110006,149,255,41.6,1
2026-05-30-1200,2026-05-30,zepto,jivo-kachi-ghani-mustard-cold-pressed-oil-healthy-cooking-oil-1l,Delhi,110007,149,255,41.6,1
2026-05-30-1200,2026-05-30,zepto,jivo-kachi-ghani-mustard-cold-pressed-oil-healthy-cooking-oil-1l,Delhi,110008,149,255,41.6,1
2026-05-30-1200,2026-05-30,zepto,jivo-kachi-ghani-mustard-cold-pressed-oil-healthy-cooking-oil-1l,Delhi,110009,149,255,41.6,1
2026-05-30-1200,2026-05-30,zepto,jivo-kachi-ghani-mustard-cold-pressed-oil-healthy-cooking-oil-1l,Delhi,110010,149,255,41.6,1
2026-05-30-1200,2026-05-30,zepto,jivo-kachi-ghani-mustard-cold-pressed-oil-healthy-cooking-oil-1l,Delhi,110013,149,255,41.6,1
2026-05-30-1200,2026-05-30,zepto,jivo-kachi-ghani-mustard-cold-pressed-oil-healthy-cooking-oil-1l,Delhi,110014,149,255,41.6,1
2026-05-30-1200,2026-05-30,zepto,jivo-kachi-ghani-mustard-cold-pressed-oil-healthy-cooking-oil-1l,Delhi,110015,149,255,41.6,1
2026-05-30-1200,2026-05-30,zepto,jivo-kachi-ghani-mustard-cold-pressed-oil-healthy-cooking-oil-1l,Delhi,110017,149,255,41.6,1
2026-05-30-1200,2026-05-30,zepto,jivo-kachi-ghani-mustard-cold-pressed-oil-healthy-cooking-oil-1l,Delhi,110021,149,255,41.6,1
2026-05-30-1200,2026-05-30,zepto,jivo-kachi-ghani-mustard-cold-pressed-oil-healthy-cooking-oil-1l,Delhi,110025,149,255,41.6,1
2026-05-30-1200,2026-05-30,zepto,jivo-kachi-ghani-mustard-cold-pressed-oil-healthy-cooking-oil-1l,Delhi,110026,149,255,41.6,1
2026-05-30-1200,2026-05-30,zepto,jivo-kachi-ghani-mustard-cold-pressed-oil-healthy-cooking-oil-1l,Delhi,110031,149,255,41.6,1
2026-05-30-1200,2026-05-30,zepto,jivo-kachi-ghani-mustard-cold-pressed-oil-healthy-cooking-oil-1l,Delhi,110032,149,255,41.6,1
2026-05-30-1200,2026-05-30,zepto,jivo-kachi-ghani-mustard-cold-pressed-oil-healthy-cooking-oil-1l,Delhi,110033,149,255,41.6,1
2026-05-30-1200,2026-05-30,zepto,jivo-kachi-ghani-mustard-cold-pressed-oil-healthy-cooking-oil-1l,Delhi,110035,149,255,41.6,1
2026-05-30-1200,2026-05-30,zepto,jivo-kachi-ghani-mustard-cold-pressed-oil-healthy-cooking-oil-1l,Delhi,110040,149,255,41.6,1
2026-05-30-1200,2026-05-30,zepto,jivo-kachi-ghani-mustard-cold-pressed-oil-healthy-cooking-oil-1l,Delhi,110042,149,255,41.6,1
2026-05-30-1200,2026-05-30,zepto,jivo-kachi-ghani-mustard-cold-pressed-oil-healthy-cooking-oil-1l,Delhi,110046,149,255,41.6,1
2026-05-30-1200,2026-05-30,zepto,jivo-kachi-ghani-mustard-cold-pressed-oil-healthy-cooking-oil-1l,Delhi,110048,149,255,41.6,1
2026-05-30-1200,2026-05-30,zepto,jivo-kachi-ghani-mustard-cold-pressed-oil-healthy-cooking-oil-1l,Delhi,110051,149,255,41.6,1
2026-05-30-1200,2026-05-30,zepto,jivo-kachi-ghani-mustard-cold-pressed-oil-healthy-cooking-oil-1l,Delhi,110053,149,255,41.6,1
2026-05-30-1200,2026-05-30,zepto,jivo-kachi-ghani-mustard-cold-pressed-oil-healthy-cooking-oil-1l,Delhi,110062,149,255,41.6,1
2026-05-30-1200,2026-05-30,zepto,jivo-kachi-ghani-mustard-cold-pressed-oil-healthy-cooking-oil-1l,Delhi,110065,149,255,41.6,1
2026-05-30-1200,2026-05-30,zepto,jivo-kachi-ghani-mustard-cold-pressed-oil-healthy-cooking-oil-1l,Delhi,110067,149,255,41.6,1
2026-05-30-1200,2026-05-30,zepto,jivo-kachi-ghani-mustard-cold-pressed-oil-healthy-cooking-oil-1l,Delhi,110076,149,255,41.6,1
2026-05-30-1200,2026-05-30,zepto,jivo-kachi-ghani-mustard-cold-pressed-oil-healthy-cooking-oil-1l,Delhi,110084,149,255,41.6,1
2026-05-30-1200,2026-05-30,zepto,jivo-kachi-ghani-mustard-cold-pressed-oil-healthy-cooking-oil-1l,Delhi,110085,149,255,41.6,1
2026-05-30-1200,2026-05-30,zepto,jivo-kachi-ghani-mustard-cold-pressed-oil-healthy-cooking-oil-1l,Delhi,110088,149,255,41.6,1
2026-05-30-1200,2026-05-30,zepto,jivo-kachi-ghani-mustard-cold-pressed-oil-healthy-cooking-oil-1l,Delhi,110090,149,255,41.6,1
2026-05-30-1200,2026-05-30,zepto,jivo-kachi-ghani-mustard-cold-pressed-oil-healthy-cooking-oil-1l,Delhi,110091,149,255,41.6,1
2026-05-30-1200,2026-05-30,zepto,jivo-kachi-ghani-mustard-cold-pressed-oil-healthy-cooking-oil-1l,Delhi,110092,149,255,41.6,1
2026-05-30-1200,2026-05-30,zepto,jivo-kachi-ghani-mustard-cold-pressed-oil-healthy-cooking-oil-1l,Delhi,110095,149,255,41.6,1
2026-05-30-1200,2026-05-30,zepto,jivo-kachi-ghani-mustard-cold-pressed-oil-healthy-cooking-oil-1l,Faridabad,121001,149,255,41.6,1
2026-05-30-1200,2026-05-30,zepto,jivo-kachi-ghani-mustard-cold-pressed-oil-healthy-cooking-oil-1l,Faridabad,121011,149,255,41.6,1
2026-05-30-1200,2026-05-30,zepto,jivo-kachi-ghani-mustard-cold-pressed-oil-healthy-cooking-oil-1l,Gurgaon,122004,149,255,41.6,1
2026-05-30-1200,2026-05-30,zepto,jivo-kachi-ghani-mustard-cold-pressed-oil-healthy-cooking-oil-1l,Gurgaon,122006,149,255,41.6,1
2026-05-30-1200,2026-05-30,zepto,jivo-kachi-ghani-mustard-cold-pressed-oil-healthy-cooking-oil-1l,Gurgaon,122010,149,255,41.6,1
2026-05-30-1200,2026-05-30,zepto,jivo-kachi-ghani-mustard-cold-pressed-oil-healthy-cooking-oil-1l,Gurgaon,122051,149,255,41.6,1
2026-05-30-1200,2026-05-30,zepto,jivo-kachi-ghani-mustard-cold-pressed-oil-healthy-cooking-oil-1l,Gurgaon,122101,149,255,41.6,1
2026-05-30-1200,2026-05-30,zepto,jivo-kachi-ghani-mustard-cold-pressed-oil-healthy-cooking-oil-1l,Chandigarh,160011,149,255,41.6,1
2026-05-30-1200,2026-05-30,zepto,jivo-kachi-ghani-mustard-cold-pressed-oil-healthy-cooking-oil-1l,Chandigarh,160021,149,255,41.6,1
2026-05-30-1200,2026-05-30,zepto,jivo-kachi-ghani-mustard-cold-pressed-oil-healthy-cooking-oil-1l,Chandigarh,160035,149,255,41.6,1
2026-05-30-1200,2026-05-30,zepto,jivo-kachi-ghani-mustard-cold-pressed-oil-healthy-cooking-oil-1l,Chandigarh,160043,149,255,41.6,1
2026-05-30-1200,2026-05-30,zepto,jivo-kachi-ghani-mustard-cold-pressed-oil-healthy-cooking-oil-1l,Ghaziabad,201003,149,255,41.6,1
2026-05-30-1200,2026-05-30,zepto,jivo-kachi-ghani-mustard-cold-pressed-oil-healthy-cooking-oil-1l,Ghaziabad,201005,149,255,41.6,1
2026-05-30-1200,2026-05-30,zepto,jivo-kachi-ghani-mustard-cold-pressed-oil-healthy-cooking-oil-1l,Ghaziabad,201009,149,255,41.6,1
2026-05-30-1200,2026-05-30,zepto,jivo-kachi-ghani-mustard-cold-pressed-oil-healthy-cooking-oil-1l,Noida,201307,149,255,41.6,1
2026-05-30-1200,2026-05-30,zepto,jivo-kachi-ghani-mustard-cold-pressed-oil-healthy-cooking-oil-1l,Noida,201309,149,255,41.6,1
2026-05-30-1200,2026-05-30,zepto,jivo-kachi-ghani-mustard-cold-pressed-oil-healthy-cooking-oil-1l,Noida,201310,149,255,41.6,1
2026-05-30-1200,2026-05-30,zepto,jivo-kachi-ghani-mustard-cold-pressed-oil-healthy-cooking-oil-1l,Mumbai,400018,149,255,41.6,1
2026-05-30-1200,2026-05-30,zepto,jivo-kachi-ghani-mustard-cold-pressed-oil-healthy-cooking-oil-1l,Mumbai,400025,149,255,41.6,1
2026-05-30-1200,2026-05-30,zepto,jivo-kachi-ghani-mustard-cold-pressed-oil-healthy-cooking-oil-1l,Mumbai,400090,149,255,41.6,1
2026-05-30-1200,2026-05-30,zepto,jivo-kachi-ghani-mustard-cold-pressed-oil-healthy-cooking-oil-1l,Mumbai,400601,149,255,41.6,1
2026-05-30-1200,2026-05-30,zepto,jivo-kachi-ghani-mustard-cold-pressed-oil-healthy-cooking-oil-1l,Bengaluru,560014,149,255,41.6,1
2026-05-30-1200,2026-05-30,zepto,jivo-kachi-ghani-mustard-cold-pressed-oil-healthy-cooking-oil-1l,Bengaluru,560019,149,255,41.6,1
2026-05-30-1200,2026-05-30,zepto,jivo-kachi-ghani-mustard-cold-pressed-oil-healthy-cooking-oil-1l,Bengaluru,560028,149,255,41.6,1
2026-05-30-1200,2026-05-30,zepto,jivo-kachi-ghani-mustard-cold-pressed-oil-healthy-cooking-oil-1l,Bengaluru,560039,149,255,41.6,1
2026-05-30-1200,2026-05-30,zepto,jivo-kachi-ghani-mustard-cold-pressed-oil-healthy-cooking-oil-1l,Bengaluru,560069,149,255,41.6,1
2026-05-30-1200,2026-05-30,zepto,jivo-kachi-ghani-mustard-cold-pressed-oil-healthy-cooking-oil-1l,Mysuru,570016,149,255,41.6,0
2026-05-30-1200,2026-05-30,zepto,jivo-kachi-ghani-mustard-cold-pressed-oil-healthy-cooking-oil-1l,Mysuru,570026,149,255,41.6,1
2026-05-30-1200,2026-05-30,zepto,jivo-pomace-olive-oil-1l,Delhi,110006,379,1049,63.9,1
2026-05-30-1200,2026-05-30,zepto,jivo-pomace-olive-oil-1l,Delhi,110007,379,1049,63.9,1
2026-05-30-1200,2026-05-30,zepto,jivo-pomace-olive-oil-1l,Delhi,110008,379,1049,63.9,1
2026-05-30-1200,2026-05-30,zepto,jivo-pomace-olive-oil-1l,Delhi,110009,379,1049,63.9,1
2026-05-30-1200,2026-05-30,zepto,jivo-pomace-olive-oil-1l,Delhi,110010,379,1049,63.9,1
2026-05-30-1200,2026-05-30,zepto,jivo-pomace-olive-oil-1l,Delhi,110013,379,1049,63.9,1
2026-05-30-1200,2026-05-30,zepto,jivo-pomace-olive-oil-1l,Delhi,110014,379,1049,63.9,1
2026-05-30-1200,2026-05-30,zepto,jivo-pomace-olive-oil-1l,Delhi,110015,379,1049,63.9,1
2026-05-30-1200,2026-05-30,zepto,jivo-pomace-olive-oil-1l,Delhi,110017,379,1049,63.9,1
2026-05-30-1200,2026-05-30,zepto,jivo-pomace-olive-oil-1l,Delhi,110024,379,1049,63.9,1
2026-05-30-1200,2026-05-30,zepto,jivo-pomace-olive-oil-1l,Delhi,110025,379,1049,63.9,1
2026-05-30-1200,2026-05-30,zepto,jivo-pomace-olive-oil-1l,Delhi,110031,379,1049,63.9,1
2026-05-30-1200,2026-05-30,zepto,jivo-pomace-olive-oil-1l,Delhi,110032,379,1049,63.9,1
2026-05-30-1200,2026-05-30,zepto,jivo-pomace-olive-oil-1l,Delhi,110035,379,1049,63.9,1
2026-05-30-1200,2026-05-30,zepto,jivo-pomace-olive-oil-1l,Delhi,110040,379,1049,63.9,1
2026-05-30-1200,2026-05-30,zepto,jivo-pomace-olive-oil-1l,Delhi,110042,379,1049,63.9,1
2026-05-30-1200,2026-05-30,zepto,jivo-pomace-olive-oil-1l,Delhi,110046,379,1049,63.9,1
2026-05-30-1200,2026-05-30,zepto,jivo-pomace-olive-oil-1l,Delhi,110048,379,1049,63.9,1
2026-05-30-1200,2026-05-30,zepto,jivo-pomace-olive-oil-1l,Delhi,110051,379,1049,63.9,1
2026-05-30-1200,2026-05-30,zepto,jivo-pomace-olive-oil-1l,Delhi,110053,379,1049,63.9,1
2026-05-30-1200,2026-05-30,zepto,jivo-pomace-olive-oil-1l,Delhi,110062,379,1049,63.9,1
2026-05-30-1200,2026-05-30,zepto,jivo-pomace-olive-oil-1l,Delhi,110065,379,1049,63.9,1
2026-05-30-1200,2026-05-30,zepto,jivo-pomace-olive-oil-1l,Delhi,110067,379,1049,63.9,1
2026-05-30-1200,2026-05-30,zepto,jivo-pomace-olive-oil-1l,Delhi,110076,379,1049,63.9,1
2026-05-30-1200,2026-05-30,zepto,jivo-pomace-olive-oil-1l,Delhi,110084,379,1049,63.9,1
2026-05-30-1200,2026-05-30,zepto,jivo-pomace-olive-oil-1l,Delhi,110085,379,1049,63.9,1
2026-05-30-1200,2026-05-30,zepto,jivo-pomace-olive-oil-1l,Delhi,110090,379,1049,63.9,1
2026-05-30-1200,2026-05-30,zepto,jivo-pomace-olive-oil-1l,Delhi,110091,379,1049,63.9,1
2026-05-30-1200,2026-05-30,zepto,jivo-pomace-olive-oil-1l,Delhi,110092,379,1049,63.9,1
2026-05-30-1200,2026-05-30,zepto,jivo-pomace-olive-oil-1l,Delhi,110095,379,1049,63.9,1
2026-05-30-1200,2026-05-30,zepto,jivo-pomace-olive-oil-1l,Faridabad,121001,379,1049,63.9,1
2026-05-30-1200,2026-05-30,zepto,jivo-pomace-olive-oil-1l,Faridabad,121011,379,1049,63.9,1
2026-05-30-1200,2026-05-30,zepto,jivo-pomace-olive-oil-1l,Gurgaon,122004,379,1049,63.9,1
2026-05-30-1200,2026-05-30,zepto,jivo-pomace-olive-oil-1l,Gurgaon,122006,379,1049,63.9,1
2026-05-30-1200,2026-05-30,zepto,jivo-pomace-olive-oil-1l,Gurgaon,122010,379,1049,63.9,1
2026-05-30-1200,2026-05-30,zepto,jivo-pomace-olive-oil-1l,Gurgaon,122051,379,1049,63.9,1
2026-05-30-1200,2026-05-30,zepto,jivo-pomace-olive-oil-1l,Gurgaon,122101,379,1049,63.9,1
2026-05-30-1200,2026-05-30,zepto,jivo-pomace-olive-oil-1l,Ludhiana,142022,379,1049,63.9,1
2026-05-30-1200,2026-05-30,zepto,jivo-pomace-olive-oil-1l,Ghaziabad,201003,379,1049,63.9,1
2026-05-30-1200,2026-05-30,zepto,jivo-pomace-olive-oil-1l,Ghaziabad,201009,379,1049,63.9,1
2026-05-30-1200,2026-05-30,zepto,jivo-pomace-olive-oil-1l,Noida,201307,379,1049,63.9,1
2026-05-30-1200,2026-05-30,zepto,jivo-pomace-olive-oil-1l,Noida,201309,379,1049,63.9,1
2026-05-30-1200,2026-05-30,zepto,jivo-pomace-olive-oil-1l,Mumbai,400003,379,1049,63.9,1
2026-05-30-1200,2026-05-30,zepto,jivo-pomace-olive-oil-1l,Mumbai,400005,379,1049,63.9,1
2026-05-30-1200,2026-05-30,zepto,jivo-pomace-olive-oil-1l,Mumbai,400006,379,1049,63.9,1
2026-05-30-1200,2026-05-30,zepto,jivo-pomace-olive-oil-1l,Mumbai,400007,379,1049,63.9,1
2026-05-30-1200,2026-05-30,zepto,jivo-pomace-olive-oil-1l,Mumbai,400010,379,1049,63.9,1
2026-05-30-1200,2026-05-30,zepto,jivo-pomace-olive-oil-1l,Mumbai,400011,379,1049,63.9,1
2026-05-30-1200,2026-05-30,zepto,jivo-pomace-olive-oil-1l,Mumbai,400012,379,1049,63.9,1
2026-05-30-1200,2026-05-30,zepto,jivo-pomace-olive-oil-1l,Mumbai,400013,379,1049,63.9,1
2026-05-30-1200,2026-05-30,zepto,jivo-pomace-olive-oil-1l,Mumbai,400015,379,1049,63.9,1
2026-05-30-1200,2026-05-30,zepto,jivo-pomace-olive-oil-1l,Mumbai,400018,379,1049,63.9,1
2026-05-30-1200,2026-05-30,zepto,jivo-pomace-olive-oil-1l,Mumbai,400019,379,1049,63.9,1
2026-05-30-1200,2026-05-30,zepto,jivo-pomace-olive-oil-1l,Mumbai,400020,379,1049,63.9,1
2026-05-30-1200,2026-05-30,zepto,jivo-pomace-olive-oil-1l,Mumbai,400021,379,1049,63.9,1
2026-05-30-1200,2026-05-30,zepto,jivo-pomace-olive-oil-1l,Mumbai,400023,379,1049,63.9,1
2026-05-30-1200,2026-05-30,zepto,jivo-pomace-olive-oil-1l,Mumbai,400025,379,1049,63.9,1
2026-05-30-1200,2026-05-30,zepto,jivo-pomace-olive-oil-1l,Mumbai,400030,379,1049,63.9,1
2026-05-30-1200,2026-05-30,zepto,jivo-pomace-olive-oil-1l,Mumbai,400033,379,1049,63.9,1
2026-05-30-1200,2026-05-30,zepto,jivo-pomace-olive-oil-1l,Mumbai,400041,379,1049,63.9,1
2026-05-30-1200,2026-05-30,zepto,jivo-pomace-olive-oil-1l,Mumbai,400601,379,1049,63.9,1
2026-05-30-1200,2026-05-30,zepto,jivo-pomace-olive-oil-1l,Pune,411004,379,1049,63.9,1
2026-05-30-1200,2026-05-30,zepto,jivo-pomace-olive-oil-1l,Pune,411011,379,1049,63.9,1
2026-05-30-1200,2026-05-30,zepto,jivo-pomace-olive-oil-1l,Pune,411012,379,1049,63.9,1
2026-05-30-1200,2026-05-30,zepto,jivo-pomace-olive-oil-1l,Pune,411015,379,1049,63.9,1
2026-05-30-1200,2026-05-30,zepto,jivo-pomace-olive-oil-1l,Pune,411021,379,1049,63.9,1
2026-05-30-1200,2026-05-30,zepto,jivo-pomace-olive-oil-1l,Pune,411028,379,1049,63.9,1
2026-05-30-1200,2026-05-30,zepto,jivo-pomace-olive-oil-1l,Pune,411036,379,1049,63.9,1
2026-05-30-1200,2026-05-30,zepto,jivo-pomace-olive-oil-1l,Pune,411045,379,1049,63.9,1
2026-05-30-1200,2026-05-30,zepto,jivo-pomace-olive-oil-1l,Pune,411047,379,1049,63.9,1
2026-05-30-1200,2026-05-30,zepto,jivo-pomace-olive-oil-1l,Pune,411051,379,1049,63.9,1
2026-05-30-1200,2026-05-30,zepto,jivo-pomace-olive-oil-1l,Bengaluru,560014,379,1049,63.9,1
2026-05-30-1200,2026-05-30,zepto,jivo-pomace-olive-oil-1l,Bengaluru,560019,379,1049,63.9,1
2026-05-30-1200,2026-05-30,zepto,jivo-pomace-olive-oil-1l,Bengaluru,560028,379,1049,63.9,1
2026-05-30-1200,2026-05-30,zepto,jivo-pomace-olive-oil-1l,Bengaluru,560069,379,1049,63.9,1
2026-05-30-1200,2026-05-30,zepto,jivo-pomace-olive-oil-combo-1l,Delhi,110007,758,2098,63.9,1
2026-05-30-1200,2026-05-30,zepto,jivo-pomace-olive-oil-combo-1l,Delhi,110013,758,2098,63.9,1
2026-05-30-1200,2026-05-30,zepto,jivo-pomace-olive-oil-combo-1l,Delhi,110015,758,2098,63.9,1
2026-05-30-1200,2026-05-30,zepto,jivo-pomace-olive-oil-combo-1l,Delhi,110024,758,2098,63.9,1
2026-05-30-1200,2026-05-30,zepto,jivo-pomace-olive-oil-combo-1l,Delhi,110025,758,2098,63.9,1
2026-05-30-1200,2026-05-30,zepto,jivo-pomace-olive-oil-combo-1l,Delhi,110031,758,2098,63.9,1
2026-05-30-1200,2026-05-30,zepto,jivo-pomace-olive-oil-combo-1l,Delhi,110032,758,2098,63.9,1
2026-05-30-1200,2026-05-30,zepto,jivo-pomace-olive-oil-combo-1l,Delhi,110048,758,2098,63.9,1
2026-05-30-1200,2026-05-30,zepto,jivo-pomace-olive-oil-combo-1l,Delhi,110051,758,2098,63.9,1
2026-05-30-1200,2026-05-30,zepto,jivo-pomace-olive-oil-combo-1l,Delhi,110053,758,2098,63.9,1
2026-05-30-1200,2026-05-30,zepto,jivo-pomace-olive-oil-combo-1l,Delhi,110065,758,2098,63.9,1
2026-05-30-1200,2026-05-30,zepto,jivo-pomace-olive-oil-combo-1l,Delhi,110067,758,2098,63.9,1
2026-05-30-1200,2026-05-30,zepto,jivo-pomace-olive-oil-combo-1l,Delhi,110076,758,2098,63.9,1
2026-05-30-1200,2026-05-30,zepto,jivo-pomace-olive-oil-combo-1l,Delhi,110084,758,2098,63.9,1
2026-05-30-1200,2026-05-30,zepto,jivo-pomace-olive-oil-combo-1l,Delhi,110091,758,2098,63.9,1
2026-05-30-1200,2026-05-30,zepto,jivo-pomace-olive-oil-combo-1l,Delhi,110095,758,2098,63.9,1
2026-05-30-1200,2026-05-30,zepto,jivo-pomace-olive-oil-combo-1l,Faridabad,121001,758,2098,63.9,1
2026-05-30-1200,2026-05-30,zepto,jivo-pomace-olive-oil-combo-1l,Gurgaon,122006,758,2098,63.9,1
2026-05-30-1200,2026-05-30,zepto,jivo-pomace-olive-oil-combo-1l,Ghaziabad,201003,758,2098,63.9,1
2026-05-30-1200,2026-05-30,zepto,jivo-pomace-olive-oil-combo-1l,Mumbai,400003,758,2098,63.9,1
2026-05-30-1200,2026-05-30,zepto,jivo-pomace-olive-oil-combo-1l,Mumbai,400005,758,2098,63.9,1
2026-05-30-1200,2026-05-30,zepto,jivo-pomace-olive-oil-combo-1l,Mumbai,400006,758,2098,63.9,1
2026-05-30-1200,2026-05-30,zepto,jivo-pomace-olive-oil-combo-1l,Mumbai,400007,758,2098,63.9,1
2026-05-30-1200,2026-05-30,zepto,jivo-pomace-olive-oil-combo-1l,Mumbai,400010,758,2098,63.9,1
2026-05-30-1200,2026-05-30,zepto,jivo-pomace-olive-oil-combo-1l,Mumbai,400011,758,2098,63.9,1
2026-05-30-1200,2026-05-30,zepto,jivo-pomace-olive-oil-combo-1l,Mumbai,400012,758,2098,63.9,1
2026-05-30-1200,2026-05-30,zepto,jivo-pomace-olive-oil-combo-1l,Mumbai,400013,758,2098,63.9,1
2026-05-30-1200,2026-05-30,zepto,jivo-pomace-olive-oil-combo-1l,Mumbai,400015,758,2098,63.9,1
2026-05-30-1200,2026-05-30,zepto,jivo-pomace-olive-oil-combo-1l,Mumbai,400019,758,2098,63.9,1
2026-05-30-1200,2026-05-30,zepto,jivo-pomace-olive-oil-combo-1l,Mumbai,400020,758,2098,63.9,1
2026-05-30-1200,2026-05-30,zepto,jivo-pomace-olive-oil-combo-1l,Mumbai,400021,758,2098,63.9,1
2026-05-30-1200,2026-05-30,zepto,jivo-pomace-olive-oil-combo-1l,Mumbai,400023,758,2098,63.9,1
2026-05-30-1200,2026-05-30,zepto,jivo-pomace-olive-oil-combo-1l,Mumbai,400030,758,2098,63.9,1
2026-05-30-1200,2026-05-30,zepto,jivo-pomace-olive-oil-combo-1l,Mumbai,400033,758,2098,63.9,1
2026-05-30-1200,2026-05-30,zepto,jivo-pomace-olive-oil-combo-1l,Bengaluru,560069,758,2098,63.9,1
2026-05-30-1200,2026-05-30,zepto,jivo-sunflower-cold-pressed-oil-healthy-cooking-oil-1l,Delhi,110004,230,275,16.4,1
2026-05-30-1200,2026-05-30,zepto,jivo-sunflower-cold-pressed-oil-healthy-cooking-oil-1l,Delhi,110006,230,275,16.4,1
2026-05-30-1200,2026-05-30,zepto,jivo-sunflower-cold-pressed-oil-healthy-cooking-oil-1l,Delhi,110007,230,275,16.4,1
2026-05-30-1200,2026-05-30,zepto,jivo-sunflower-cold-pressed-oil-healthy-cooking-oil-1l,Delhi,110008,230,275,16.4,1
2026-05-30-1200,2026-05-30,zepto,jivo-sunflower-cold-pressed-oil-healthy-cooking-oil-1l,Delhi,110009,230,275,16.4,1
2026-05-30-1200,2026-05-30,zepto,jivo-sunflower-cold-pressed-oil-healthy-cooking-oil-1l,Delhi,110010,230,275,16.4,1
2026-05-30-1200,2026-05-30,zepto,jivo-sunflower-cold-pressed-oil-healthy-cooking-oil-1l,Delhi,110013,230,275,16.4,1
2026-05-30-1200,2026-05-30,zepto,jivo-sunflower-cold-pressed-oil-healthy-cooking-oil-1l,Delhi,110014,230,275,16.4,1
2026-05-30-1200,2026-05-30,zepto,jivo-sunflower-cold-pressed-oil-healthy-cooking-oil-1l,Delhi,110015,230,275,16.4,1
2026-05-30-1200,2026-05-30,zepto,jivo-sunflower-cold-pressed-oil-healthy-cooking-oil-1l,Delhi,110017,230,275,16.4,1
2026-05-30-1200,2026-05-30,zepto,jivo-sunflower-cold-pressed-oil-healthy-cooking-oil-1l,Delhi,110018,230,275,16.4,1
2026-05-30-1200,2026-05-30,zepto,jivo-sunflower-cold-pressed-oil-healthy-cooking-oil-1l,Delhi,110021,230,275,16.4,1
2026-05-30-1200,2026-05-30,zepto,jivo-sunflower-cold-pressed-oil-healthy-cooking-oil-1l,Delhi,110024,230,275,16.4,1
2026-05-30-1200,2026-05-30,zepto,jivo-sunflower-cold-pressed-oil-healthy-cooking-oil-1l,Delhi,110025,230,275,16.4,1
2026-05-30-1200,2026-05-30,zepto,jivo-sunflower-cold-pressed-oil-healthy-cooking-oil-1l,Delhi,110026,230,275,16.4,1
2026-05-30-1200,2026-05-30,zepto,jivo-sunflower-cold-pressed-oil-healthy-cooking-oil-1l,Delhi,110031,230,275,16.4,1
2026-05-30-1200,2026-05-30,zepto,jivo-sunflower-cold-pressed-oil-healthy-cooking-oil-1l,Delhi,110032,230,275,16.4,1
2026-05-30-1200,2026-05-30,zepto,jivo-sunflower-cold-pressed-oil-healthy-cooking-oil-1l,Delhi,110033,230,275,16.4,1
2026-05-30-1200,2026-05-30,zepto,jivo-sunflower-cold-pressed-oil-healthy-cooking-oil-1l,Delhi,110035,230,275,16.4,1
2026-05-30-1200,2026-05-30,zepto,jivo-sunflower-cold-pressed-oil-healthy-cooking-oil-1l,Delhi,110040,230,275,16.4,1
2026-05-30-1200,2026-05-30,zepto,jivo-sunflower-cold-pressed-oil-healthy-cooking-oil-1l,Delhi,110042,230,275,16.4,1
2026-05-30-1200,2026-05-30,zepto,jivo-sunflower-cold-pressed-oil-healthy-cooking-oil-1l,Delhi,110046,230,275,16.4,1
2026-05-30-1200,2026-05-30,zepto,jivo-sunflower-cold-pressed-oil-healthy-cooking-oil-1l,Delhi,110048,230,275,16.4,1
2026-05-30-1200,2026-05-30,zepto,jivo-sunflower-cold-pressed-oil-healthy-cooking-oil-1l,Delhi,110051,230,275,16.4,1
2026-05-30-1200,2026-05-30,zepto,jivo-sunflower-cold-pressed-oil-healthy-cooking-oil-1l,Delhi,110053,230,275,16.4,1
2026-05-30-1200,2026-05-30,zepto,jivo-sunflower-cold-pressed-oil-healthy-cooking-oil-1l,Delhi,110062,230,275,16.4,1
2026-05-30-1200,2026-05-30,zepto,jivo-sunflower-cold-pressed-oil-healthy-cooking-oil-1l,Delhi,110065,230,275,16.4,1
2026-05-30-1200,2026-05-30,zepto,jivo-sunflower-cold-pressed-oil-healthy-cooking-oil-1l,Delhi,110067,230,275,16.4,1
2026-05-30-1200,2026-05-30,zepto,jivo-sunflower-cold-pressed-oil-healthy-cooking-oil-1l,Delhi,110076,230,275,16.4,1
2026-05-30-1200,2026-05-30,zepto,jivo-sunflower-cold-pressed-oil-healthy-cooking-oil-1l,Delhi,110084,230,275,16.4,1
2026-05-30-1200,2026-05-30,zepto,jivo-sunflower-cold-pressed-oil-healthy-cooking-oil-1l,Delhi,110085,230,275,16.4,1
2026-05-30-1200,2026-05-30,zepto,jivo-sunflower-cold-pressed-oil-healthy-cooking-oil-1l,Delhi,110090,230,275,16.4,1
2026-05-30-1200,2026-05-30,zepto,jivo-sunflower-cold-pressed-oil-healthy-cooking-oil-1l,Delhi,110091,230,275,16.4,1
2026-05-30-1200,2026-05-30,zepto,jivo-sunflower-cold-pressed-oil-healthy-cooking-oil-1l,Delhi,110092,230,275,16.4,1
2026-05-30-1200,2026-05-30,zepto,jivo-sunflower-cold-pressed-oil-healthy-cooking-oil-1l,Delhi,110095,230,275,16.4,1
2026-05-30-1200,2026-05-30,zepto,jivo-sunflower-cold-pressed-oil-healthy-cooking-oil-1l,Faridabad,121001,230,275,16.4,1
2026-05-30-1200,2026-05-30,zepto,jivo-sunflower-cold-pressed-oil-healthy-cooking-oil-1l,Faridabad,121011,230,275,16.4,1
2026-05-30-1200,2026-05-30,zepto,jivo-sunflower-cold-pressed-oil-healthy-cooking-oil-1l,Gurgaon,122004,230,275,16.4,1
2026-05-30-1200,2026-05-30,zepto,jivo-sunflower-cold-pressed-oil-healthy-cooking-oil-1l,Gurgaon,122006,230,275,16.4,1
2026-05-30-1200,2026-05-30,zepto,jivo-sunflower-cold-pressed-oil-healthy-cooking-oil-1l,Gurgaon,122010,230,275,16.4,1
2026-05-30-1200,2026-05-30,zepto,jivo-sunflower-cold-pressed-oil-healthy-cooking-oil-1l,Gurgaon,122051,230,275,16.4,1
2026-05-30-1200,2026-05-30,zepto,jivo-sunflower-cold-pressed-oil-healthy-cooking-oil-1l,Gurgaon,122101,230,275,16.4,1
2026-05-30-1200,2026-05-30,zepto,jivo-sunflower-cold-pressed-oil-healthy-cooking-oil-1l,Ghaziabad,201003,230,275,16.4,1
2026-05-30-1200,2026-05-30,zepto,jivo-sunflower-cold-pressed-oil-healthy-cooking-oil-1l,Ghaziabad,201005,230,275,16.4,1
2026-05-30-1200,2026-05-30,zepto,jivo-sunflower-cold-pressed-oil-healthy-cooking-oil-1l,Ghaziabad,201009,217,275,21.1,1
2026-05-30-1200,2026-05-30,zepto,jivo-sunflower-cold-pressed-oil-healthy-cooking-oil-1l,Noida,201306,230,275,16.4,1
2026-05-30-1200,2026-05-30,zepto,jivo-sunflower-cold-pressed-oil-healthy-cooking-oil-1l,Noida,201309,230,275,16.4,1
2026-05-30-1200,2026-05-30,zepto,jivo-sunflower-cold-pressed-oil-healthy-cooking-oil-1l,Noida,201310,230,275,16.4,1
2026-05-30-1200,2026-05-30,zepto,jivo-sunflower-cold-pressed-oil-healthy-cooking-oil-1l,Mumbai,400005,230,275,16.4,1
2026-05-30-1200,2026-05-30,zepto,jivo-sunflower-cold-pressed-oil-healthy-cooking-oil-1l,Mumbai,400018,230,275,16.4,1
2026-05-30-1200,2026-05-30,zepto,jivo-sunflower-cold-pressed-oil-healthy-cooking-oil-1l,Mumbai,400025,230,275,16.4,1
2026-05-30-1200,2026-05-30,zepto,jivo-sunflower-cold-pressed-oil-healthy-cooking-oil-1l,Mumbai,400611,230,275,16.4,1
2026-05-30-1200,2026-05-30,zepto,jivo-sunflower-cold-pressed-oil-healthy-cooking-oil-1l,Bengaluru,560014,230,275,16.4,1
2026-05-30-1600,2026-05-30,zepto,jivo-cold-press-canola-oil-combo-bottle-2l,Delhi,110004,485,750,35.3,1
2026-05-30-1600,2026-05-30,zepto,jivo-cold-press-canola-oil-combo-bottle-2l,Delhi,110006,485,750,35.3,1
2026-05-30-1600,2026-05-30,zepto,jivo-cold-press-canola-oil-combo-bottle-2l,Delhi,110008,485,750,35.3,1
2026-05-30-1600,2026-05-30,zepto,jivo-cold-press-canola-oil-combo-bottle-2l,Delhi,110009,485,750,35.3,1
2026-05-30-1600,2026-05-30,zepto,jivo-cold-press-canola-oil-combo-bottle-2l,Delhi,110010,485,750,35.3,1
2026-05-30-1600,2026-05-30,zepto,jivo-cold-press-canola-oil-combo-bottle-2l,Delhi,110013,485,750,35.3,1
2026-05-30-1600,2026-05-30,zepto,jivo-cold-press-canola-oil-combo-bottle-2l,Delhi,110014,485,750,35.3,1
2026-05-30-1600,2026-05-30,zepto,jivo-cold-press-canola-oil-combo-bottle-2l,Delhi,110015,485,750,35.3,1
2026-05-30-1600,2026-05-30,zepto,jivo-cold-press-canola-oil-combo-bottle-2l,Delhi,110017,519,750,30.8,1
2026-05-30-1600,2026-05-30,zepto,jivo-cold-press-canola-oil-combo-bottle-2l,Delhi,110025,485,750,35.3,1
2026-05-30-1600,2026-05-30,zepto,jivo-cold-press-canola-oil-combo-bottle-2l,Delhi,110026,485,750,35.3,1
2026-05-30-1600,2026-05-30,zepto,jivo-cold-press-canola-oil-combo-bottle-2l,Delhi,110031,485,750,35.3,1
2026-05-30-1600,2026-05-30,zepto,jivo-cold-press-canola-oil-combo-bottle-2l,Delhi,110032,485,750,35.3,1
2026-05-30-1600,2026-05-30,zepto,jivo-cold-press-canola-oil-combo-bottle-2l,Delhi,110035,519,750,30.8,1
2026-05-30-1600,2026-05-30,zepto,jivo-cold-press-canola-oil-combo-bottle-2l,Delhi,110040,485,750,35.3,1
2026-05-30-1600,2026-05-30,zepto,jivo-cold-press-canola-oil-combo-bottle-2l,Delhi,110042,485,750,35.3,1
2026-05-30-1600,2026-05-30,zepto,jivo-cold-press-canola-oil-combo-bottle-2l,Delhi,110048,485,750,35.3,1
2026-05-30-1600,2026-05-30,zepto,jivo-cold-press-canola-oil-combo-bottle-2l,Delhi,110053,485,750,35.3,1
2026-05-30-1600,2026-05-30,zepto,jivo-cold-press-canola-oil-combo-bottle-2l,Delhi,110062,485,750,35.3,1
2026-05-30-1600,2026-05-30,zepto,jivo-cold-press-canola-oil-combo-bottle-2l,Delhi,110065,485,750,35.3,1
2026-05-30-1600,2026-05-30,zepto,jivo-cold-press-canola-oil-combo-bottle-2l,Delhi,110076,485,750,35.3,1
2026-05-30-1600,2026-05-30,zepto,jivo-cold-press-canola-oil-combo-bottle-2l,Delhi,110085,485,750,35.3,1
2026-05-30-1600,2026-05-30,zepto,jivo-cold-press-canola-oil-combo-bottle-2l,Delhi,110091,485,750,35.3,1
2026-05-30-1600,2026-05-30,zepto,jivo-cold-press-canola-oil-combo-bottle-2l,Delhi,110092,519,750,30.8,1
2026-05-30-1600,2026-05-30,zepto,jivo-cold-press-canola-oil-combo-bottle-2l,Delhi,110095,485,750,35.3,1
2026-05-30-1600,2026-05-30,zepto,jivo-cold-press-canola-oil-combo-bottle-2l,Ludhiana,141015,485,750,35.3,1
2026-05-30-1600,2026-05-30,zepto,jivo-cold-press-canola-oil-combo-bottle-2l,Ludhiana,142036,485,750,35.3,1
2026-05-30-1600,2026-05-30,zepto,jivo-cold-press-canola-oil-combo-bottle-2l,Bengaluru,560069,485,750,35.3,1
2026-05-30-1600,2026-05-30,zepto,jivo-daily-pomace-olive-oil-2l,Bengaluru,560014,941,1449,35.1,1
2026-05-30-1600,2026-05-30,zepto,jivo-extra-light-olive-oil-1l,Delhi,110004,499,1499,66.7,1
2026-05-30-1600,2026-05-30,zepto,jivo-extra-light-olive-oil-1l,Delhi,110006,499,1499,66.7,1
2026-05-30-1600,2026-05-30,zepto,jivo-extra-light-olive-oil-1l,Delhi,110007,499,1499,66.7,1
2026-05-30-1600,2026-05-30,zepto,jivo-extra-light-olive-oil-1l,Delhi,110008,499,1499,66.7,1
2026-05-30-1600,2026-05-30,zepto,jivo-extra-light-olive-oil-1l,Delhi,110009,499,1499,66.7,1
2026-05-30-1600,2026-05-30,zepto,jivo-extra-light-olive-oil-1l,Delhi,110010,499,1499,66.7,1
2026-05-30-1600,2026-05-30,zepto,jivo-extra-light-olive-oil-1l,Delhi,110013,499,1499,66.7,1
2026-05-30-1600,2026-05-30,zepto,jivo-extra-light-olive-oil-1l,Delhi,110014,499,1499,66.7,1
2026-05-30-1600,2026-05-30,zepto,jivo-extra-light-olive-oil-1l,Delhi,110015,499,1499,66.7,1
2026-05-30-1600,2026-05-30,zepto,jivo-extra-light-olive-oil-1l,Delhi,110017,499,1499,66.7,1
2026-05-30-1600,2026-05-30,zepto,jivo-extra-light-olive-oil-1l,Delhi,110024,499,1499,66.7,1
2026-05-30-1600,2026-05-30,zepto,jivo-extra-light-olive-oil-1l,Delhi,110025,499,1499,66.7,1
2026-05-30-1600,2026-05-30,zepto,jivo-extra-light-olive-oil-1l,Delhi,110026,499,1499,66.7,1
2026-05-30-1600,2026-05-30,zepto,jivo-extra-light-olive-oil-1l,Delhi,110031,499,1499,66.7,1
2026-05-30-1600,2026-05-30,zepto,jivo-extra-light-olive-oil-1l,Delhi,110032,499,1499,66.7,1
2026-05-30-1600,2026-05-30,zepto,jivo-extra-light-olive-oil-1l,Delhi,110035,499,1499,66.7,1
2026-05-30-1600,2026-05-30,zepto,jivo-extra-light-olive-oil-1l,Delhi,110040,499,1499,66.7,1
2026-05-30-1600,2026-05-30,zepto,jivo-extra-light-olive-oil-1l,Delhi,110042,499,1499,66.7,1
2026-05-30-1600,2026-05-30,zepto,jivo-extra-light-olive-oil-1l,Delhi,110046,499,1499,66.7,1
2026-05-30-1600,2026-05-30,zepto,jivo-extra-light-olive-oil-1l,Delhi,110048,499,1499,66.7,1
2026-05-30-1600,2026-05-30,zepto,jivo-extra-light-olive-oil-1l,Delhi,110051,499,1499,66.7,1
2026-05-30-1600,2026-05-30,zepto,jivo-extra-light-olive-oil-1l,Delhi,110053,499,1499,66.7,1
2026-05-30-1600,2026-05-30,zepto,jivo-extra-light-olive-oil-1l,Delhi,110062,499,1499,66.7,1
2026-05-30-1600,2026-05-30,zepto,jivo-extra-light-olive-oil-1l,Delhi,110065,499,1499,66.7,1
2026-05-30-1600,2026-05-30,zepto,jivo-extra-light-olive-oil-1l,Delhi,110067,499,1499,66.7,1
2026-05-30-1600,2026-05-30,zepto,jivo-extra-light-olive-oil-1l,Delhi,110076,499,1499,66.7,1
2026-05-30-1600,2026-05-30,zepto,jivo-extra-light-olive-oil-1l,Delhi,110084,499,1499,66.7,1
2026-05-30-1600,2026-05-30,zepto,jivo-extra-light-olive-oil-1l,Delhi,110085,499,1499,66.7,1
2026-05-30-1600,2026-05-30,zepto,jivo-extra-light-olive-oil-1l,Delhi,110088,499,1499,66.7,1
2026-05-30-1600,2026-05-30,zepto,jivo-extra-light-olive-oil-1l,Delhi,110090,499,1499,66.7,1
2026-05-30-1600,2026-05-30,zepto,jivo-extra-light-olive-oil-1l,Delhi,110092,499,1499,66.7,1
2026-05-30-1600,2026-05-30,zepto,jivo-extra-light-olive-oil-1l,Faridabad,121011,499,1499,66.7,1
2026-05-30-1600,2026-05-30,zepto,jivo-extra-light-olive-oil-1l,Gurgaon,122006,499,1499,66.7,1
2026-05-30-1600,2026-05-30,zepto,jivo-extra-light-olive-oil-1l,Gurgaon,122051,499,1499,66.7,1
2026-05-30-1600,2026-05-30,zepto,jivo-extra-light-olive-oil-1l,Gurgaon,122101,499,1499,66.7,1
2026-05-30-1600,2026-05-30,zepto,jivo-extra-light-olive-oil-1l,Ludhiana,141015,499,1499,66.7,1
2026-05-30-1600,2026-05-30,zepto,jivo-extra-light-olive-oil-1l,Ludhiana,142022,499,1499,66.7,1
2026-05-30-1600,2026-05-30,zepto,jivo-extra-light-olive-oil-1l,Ludhiana,142036,499,1499,66.7,1
2026-05-30-1600,2026-05-30,zepto,jivo-extra-light-olive-oil-1l,Chandigarh,160011,499,1499,66.7,1
2026-05-30-1600,2026-05-30,zepto,jivo-extra-light-olive-oil-1l,Chandigarh,160021,499,1499,66.7,1
2026-05-30-1600,2026-05-30,zepto,jivo-extra-light-olive-oil-1l,Chandigarh,160035,499,1499,66.7,1
2026-05-30-1600,2026-05-30,zepto,jivo-extra-light-olive-oil-1l,Chandigarh,160043,499,1499,66.7,1
2026-05-30-1600,2026-05-30,zepto,jivo-extra-light-olive-oil-1l,Ghaziabad,201003,499,1499,66.7,1
2026-05-30-1600,2026-05-30,zepto,jivo-extra-light-olive-oil-1l,Ghaziabad,201005,499,1499,66.7,1
2026-05-30-1600,2026-05-30,zepto,jivo-extra-light-olive-oil-1l,Ghaziabad,201009,499,1499,66.7,1
2026-05-30-1600,2026-05-30,zepto,jivo-extra-light-olive-oil-1l,Noida,201307,499,1499,66.7,1
2026-05-30-1600,2026-05-30,zepto,jivo-extra-light-olive-oil-1l,Noida,201309,499,1499,66.7,1
2026-05-30-1600,2026-05-30,zepto,jivo-extra-light-olive-oil-1l,Noida,201310,499,1499,66.7,1
2026-05-30-1600,2026-05-30,zepto,jivo-extra-light-olive-oil-1l,Mumbai,400003,499,1499,66.7,1
2026-05-30-1600,2026-05-30,zepto,jivo-extra-light-olive-oil-1l,Mumbai,400005,499,1499,66.7,1
2026-05-30-1600,2026-05-30,zepto,jivo-extra-light-olive-oil-1l,Mumbai,400006,499,1499,66.7,1
2026-05-30-1600,2026-05-30,zepto,jivo-extra-light-olive-oil-1l,Mumbai,400007,499,1499,66.7,1
2026-05-30-1600,2026-05-30,zepto,jivo-extra-light-olive-oil-1l,Mumbai,400010,499,1499,66.7,1
2026-05-30-1600,2026-05-30,zepto,jivo-extra-light-olive-oil-1l,Mumbai,400011,499,1499,66.7,1
2026-05-30-1600,2026-05-30,zepto,jivo-extra-light-olive-oil-1l,Mumbai,400012,499,1499,66.7,1
2026-05-30-1600,2026-05-30,zepto,jivo-extra-light-olive-oil-1l,Mumbai,400013,499,1499,66.7,1
2026-05-30-1600,2026-05-30,zepto,jivo-extra-light-olive-oil-1l,Mumbai,400015,499,1499,66.7,1
2026-05-30-1600,2026-05-30,zepto,jivo-extra-light-olive-oil-1l,Mumbai,400017,499,1499,66.7,1
2026-05-30-1600,2026-05-30,zepto,jivo-extra-light-olive-oil-1l,Mumbai,400018,499,1499,66.7,1
2026-05-30-1600,2026-05-30,zepto,jivo-extra-light-olive-oil-1l,Mumbai,400019,499,1499,66.7,1
2026-05-30-1600,2026-05-30,zepto,jivo-extra-light-olive-oil-1l,Mumbai,400020,499,1499,66.7,1
2026-05-30-1600,2026-05-30,zepto,jivo-extra-light-olive-oil-1l,Mumbai,400021,499,1499,66.7,1
2026-05-30-1600,2026-05-30,zepto,jivo-extra-light-olive-oil-1l,Mumbai,400023,499,1499,66.7,1
2026-05-30-1600,2026-05-30,zepto,jivo-extra-light-olive-oil-1l,Mumbai,400025,499,1499,66.7,1
2026-05-30-1600,2026-05-30,zepto,jivo-extra-light-olive-oil-1l,Mumbai,400030,499,1499,66.7,1
2026-05-30-1600,2026-05-30,zepto,jivo-extra-light-olive-oil-1l,Mumbai,400033,499,1499,66.7,1
2026-05-30-1600,2026-05-30,zepto,jivo-extra-light-olive-oil-1l,Mumbai,400041,499,1499,66.7,1
2026-05-30-1600,2026-05-30,zepto,jivo-extra-light-olive-oil-1l,Mumbai,400601,499,1499,66.7,1
2026-05-30-1600,2026-05-30,zepto,jivo-extra-light-olive-oil-1l,Mumbai,400611,499,1499,66.7,1
2026-05-30-1600,2026-05-30,zepto,jivo-extra-light-olive-oil-1l,Mumbai,400703,499,1499,66.7,1
2026-05-30-1600,2026-05-30,zepto,jivo-extra-light-olive-oil-1l,Pune,411004,499,1499,66.7,1
2026-05-30-1600,2026-05-30,zepto,jivo-extra-light-olive-oil-1l,Pune,411006,499,1499,66.7,1
2026-05-30-1600,2026-05-30,zepto,jivo-extra-light-olive-oil-1l,Pune,411011,499,1499,66.7,1
2026-05-30-1600,2026-05-30,zepto,jivo-extra-light-olive-oil-1l,Pune,411012,499,1499,66.7,1
2026-05-30-1600,2026-05-30,zepto,jivo-extra-light-olive-oil-1l,Pune,411014,499,1499,66.7,1
2026-05-30-1600,2026-05-30,zepto,jivo-extra-light-olive-oil-1l,Pune,411015,499,1499,66.7,1
2026-05-30-1600,2026-05-30,zepto,jivo-extra-light-olive-oil-1l,Pune,411021,499,1499,66.7,1
2026-05-30-1600,2026-05-30,zepto,jivo-extra-light-olive-oil-1l,Pune,411028,499,1499,66.7,1
2026-05-30-1600,2026-05-30,zepto,jivo-extra-light-olive-oil-1l,Pune,411036,499,1499,66.7,1
2026-05-30-1600,2026-05-30,zepto,jivo-extra-light-olive-oil-1l,Pune,411045,499,1499,66.7,1
2026-05-30-1600,2026-05-30,zepto,jivo-extra-light-olive-oil-1l,Pune,411047,499,1499,66.7,1
2026-05-30-1600,2026-05-30,zepto,jivo-extra-light-olive-oil-1l,Pune,411051,499,1499,66.7,1
2026-05-30-1600,2026-05-30,zepto,jivo-extra-light-olive-oil-1l,Bengaluru,560014,499,1499,66.7,1
2026-05-30-1600,2026-05-30,zepto,jivo-extra-light-olive-oil-1l,Bengaluru,560069,499,1499,66.7,1
2026-05-30-1600,2026-05-30,zepto,jivo-extra-light-olive-oil-2l,Delhi,110010,1504,2799,46.3,1
2026-05-30-1600,2026-05-30,zepto,jivo-extra-light-olive-oil-2l,Delhi,110014,1504,2799,46.3,1
2026-05-30-1600,2026-05-30,zepto,jivo-extra-light-olive-oil-2l,Delhi,110040,1504,2799,46.3,1
2026-05-30-1600,2026-05-30,zepto,jivo-extra-light-olive-oil-2l,Delhi,110042,1504,2799,46.3,1
2026-05-30-1600,2026-05-30,zepto,jivo-extra-light-olive-oil-2l,Delhi,110062,1504,2799,46.3,1
2026-05-30-1600,2026-05-30,zepto,jivo-extra-light-olive-oil-2l,Delhi,110067,1504,2799,46.3,1
2026-05-30-1600,2026-05-30,zepto,jivo-extra-light-olive-oil-2l,Delhi,110084,1504,2799,46.3,1
2026-05-30-1600,2026-05-30,zepto,jivo-extra-light-olive-oil-2l,Delhi,110088,1140,2799,59.3,1
2026-05-30-1600,2026-05-30,zepto,jivo-extra-light-olive-oil-2l,Delhi,110090,1504,2799,46.3,1
2026-05-30-1600,2026-05-30,zepto,jivo-extra-light-olive-oil-2l,Gurgaon,122051,1504,2799,46.3,1
2026-05-30-1600,2026-05-30,zepto,jivo-extra-light-olive-oil-2l,Gurgaon,122101,1504,2799,46.3,1
2026-05-30-1600,2026-05-30,zepto,jivo-extra-light-olive-oil-2l,Ghaziabad,201003,1504,2799,46.3,1
2026-05-30-1600,2026-05-30,zepto,jivo-extra-light-olive-oil-2l,Ghaziabad,201009,1144,2799,59.1,1
2026-05-30-1600,2026-05-30,zepto,jivo-extra-light-olive-oil-2l,Noida,201309,1504,2799,46.3,1
2026-05-30-1600,2026-05-30,zepto,jivo-extra-light-olive-oil-2l,Noida,201310,1504,2799,46.3,1
2026-05-30-1600,2026-05-30,zepto,jivo-extra-light-olive-oil-2l,Mumbai,400005,1505,2799,46.2,1
2026-05-30-1600,2026-05-30,zepto,jivo-extra-light-olive-oil-2l,Mumbai,400006,1505,2799,46.2,1
2026-05-30-1600,2026-05-30,zepto,jivo-extra-light-olive-oil-2l,Mumbai,400007,1505,2799,46.2,1
2026-05-30-1600,2026-05-30,zepto,jivo-extra-light-olive-oil-2l,Mumbai,400010,1505,2799,46.2,1
2026-05-30-1600,2026-05-30,zepto,jivo-extra-light-olive-oil-2l,Mumbai,400011,1505,2799,46.2,1
2026-05-30-1600,2026-05-30,zepto,jivo-extra-light-olive-oil-2l,Mumbai,400012,1505,2799,46.2,1
2026-05-30-1600,2026-05-30,zepto,jivo-extra-light-olive-oil-2l,Mumbai,400013,1505,2799,46.2,1
2026-05-30-1600,2026-05-30,zepto,jivo-extra-light-olive-oil-2l,Mumbai,400015,1505,2799,46.2,1
2026-05-30-1600,2026-05-30,zepto,jivo-extra-light-olive-oil-2l,Mumbai,400017,1505,2799,46.2,1
2026-05-30-1600,2026-05-30,zepto,jivo-extra-light-olive-oil-2l,Mumbai,400018,1505,2799,46.2,1
2026-05-30-1600,2026-05-30,zepto,jivo-extra-light-olive-oil-2l,Mumbai,400019,1505,2799,46.2,1
2026-05-30-1600,2026-05-30,zepto,jivo-extra-light-olive-oil-2l,Mumbai,400020,1505,2799,46.2,1
2026-05-30-1600,2026-05-30,zepto,jivo-extra-light-olive-oil-2l,Mumbai,400023,1505,2799,46.2,1
2026-05-30-1600,2026-05-30,zepto,jivo-extra-light-olive-oil-2l,Mumbai,400025,1505,2799,46.2,1
2026-05-30-1600,2026-05-30,zepto,jivo-extra-light-olive-oil-2l,Mumbai,400030,1505,2799,46.2,1
2026-05-30-1600,2026-05-30,zepto,jivo-extra-light-olive-oil-2l,Mumbai,400033,1505,2799,46.2,1
2026-05-30-1600,2026-05-30,zepto,jivo-extra-light-olive-oil-2l,Mumbai,400041,1505,2799,46.2,1
2026-05-30-1600,2026-05-30,zepto,jivo-extra-light-olive-oil-2l,Mumbai,400090,1505,2799,46.2,1
2026-05-30-1600,2026-05-30,zepto,jivo-extra-light-olive-oil-2l,Mumbai,400601,1505,2799,46.2,1
2026-05-30-1600,2026-05-30,zepto,jivo-extra-light-olive-oil-2l,Mumbai,400611,1505,2799,46.2,1
2026-05-30-1600,2026-05-30,zepto,jivo-extra-light-olive-oil-2l,Mumbai,400703,1505,2799,46.2,1
2026-05-30-1600,2026-05-30,zepto,jivo-extra-light-olive-oil-combo-1l,Delhi,110004,998,2998,66.7,1
2026-05-30-1600,2026-05-30,zepto,jivo-extra-light-olive-oil-combo-1l,Delhi,110007,998,2998,66.7,1
2026-05-30-1600,2026-05-30,zepto,jivo-extra-light-olive-oil-combo-1l,Delhi,110013,998,2998,66.7,1
2026-05-30-1600,2026-05-30,zepto,jivo-extra-light-olive-oil-combo-1l,Delhi,110015,998,2998,66.7,1
2026-05-30-1600,2026-05-30,zepto,jivo-extra-light-olive-oil-combo-1l,Delhi,110024,998,2998,66.7,1
2026-05-30-1600,2026-05-30,zepto,jivo-extra-light-olive-oil-combo-1l,Delhi,110025,998,2998,66.7,1
2026-05-30-1600,2026-05-30,zepto,jivo-extra-light-olive-oil-combo-1l,Delhi,110026,998,2998,66.7,1
2026-05-30-1600,2026-05-30,zepto,jivo-extra-light-olive-oil-combo-1l,Delhi,110031,998,2998,66.7,1
2026-05-30-1600,2026-05-30,zepto,jivo-extra-light-olive-oil-combo-1l,Delhi,110032,998,2998,66.7,1
2026-05-30-1600,2026-05-30,zepto,jivo-extra-light-olive-oil-combo-1l,Delhi,110040,998,2998,66.7,1
2026-05-30-1600,2026-05-30,zepto,jivo-extra-light-olive-oil-combo-1l,Delhi,110048,998,2998,66.7,1
2026-05-30-1600,2026-05-30,zepto,jivo-extra-light-olive-oil-combo-1l,Delhi,110053,998,2998,66.7,1
2026-05-30-1600,2026-05-30,zepto,jivo-extra-light-olive-oil-combo-1l,Delhi,110065,998,2998,66.7,1
2026-05-30-1600,2026-05-30,zepto,jivo-extra-light-olive-oil-combo-1l,Delhi,110067,998,2998,66.7,1
2026-05-30-1600,2026-05-30,zepto,jivo-extra-light-olive-oil-combo-1l,Delhi,110084,998,2998,66.7,1
2026-05-30-1600,2026-05-30,zepto,jivo-extra-light-olive-oil-combo-1l,Delhi,110085,998,2998,66.7,1
2026-05-30-1600,2026-05-30,zepto,jivo-extra-light-olive-oil-combo-1l,Gurgaon,122006,998,2998,66.7,1
2026-05-30-1600,2026-05-30,zepto,jivo-extra-light-olive-oil-combo-1l,Gurgaon,122051,998,2998,66.7,1
2026-05-30-1600,2026-05-30,zepto,jivo-extra-light-olive-oil-combo-1l,Gurgaon,122101,998,2998,66.7,1
2026-05-30-1600,2026-05-30,zepto,jivo-extra-light-olive-oil-combo-1l,Noida,201307,998,2998,66.7,1
2026-05-30-1600,2026-05-30,zepto,jivo-extra-light-olive-oil-combo-1l,Noida,201309,998,2998,66.7,1
2026-05-30-1600,2026-05-30,zepto,jivo-extra-light-olive-oil-combo-1l,Noida,201310,998,2998,66.7,1
2026-05-30-1600,2026-05-30,zepto,jivo-extra-light-olive-oil-combo-1l,Mumbai,400003,998,2998,66.7,1
2026-05-30-1600,2026-05-30,zepto,jivo-extra-light-olive-oil-combo-1l,Mumbai,400005,998,2998,66.7,1
2026-05-30-1600,2026-05-30,zepto,jivo-extra-light-olive-oil-combo-1l,Mumbai,400006,998,2998,66.7,1
2026-05-30-1600,2026-05-30,zepto,jivo-extra-light-olive-oil-combo-1l,Mumbai,400007,998,2998,66.7,1
2026-05-30-1600,2026-05-30,zepto,jivo-extra-light-olive-oil-combo-1l,Mumbai,400010,998,2998,66.7,1
2026-05-30-1600,2026-05-30,zepto,jivo-extra-light-olive-oil-combo-1l,Mumbai,400011,998,2998,66.7,1
2026-05-30-1600,2026-05-30,zepto,jivo-extra-light-olive-oil-combo-1l,Mumbai,400012,998,2998,66.7,1
2026-05-30-1600,2026-05-30,zepto,jivo-extra-light-olive-oil-combo-1l,Mumbai,400013,998,2998,66.7,1
2026-05-30-1600,2026-05-30,zepto,jivo-extra-light-olive-oil-combo-1l,Mumbai,400015,998,2998,66.7,1
2026-05-30-1600,2026-05-30,zepto,jivo-extra-light-olive-oil-combo-1l,Mumbai,400019,998,2998,66.7,1
2026-05-30-1600,2026-05-30,zepto,jivo-extra-light-olive-oil-combo-1l,Mumbai,400020,998,2998,66.7,1
2026-05-30-1600,2026-05-30,zepto,jivo-extra-light-olive-oil-combo-1l,Mumbai,400021,998,2998,66.7,1
2026-05-30-1600,2026-05-30,zepto,jivo-extra-light-olive-oil-combo-1l,Mumbai,400023,998,2998,66.7,1
2026-05-30-1600,2026-05-30,zepto,jivo-extra-light-olive-oil-combo-1l,Mumbai,400030,998,2998,66.7,1
2026-05-30-1600,2026-05-30,zepto,jivo-extra-light-olive-oil-combo-1l,Mumbai,400033,998,2998,66.7,1
2026-05-30-1600,2026-05-30,zepto,jivo-extra-light-olive-oil-combo-1l,Mumbai,400601,998,2998,66.7,1
2026-05-30-1600,2026-05-30,zepto,jivo-extra-light-olive-oil-combo-1l,Mumbai,400611,998,2998,66.7,1
2026-05-30-1600,2026-05-30,zepto,jivo-extra-light-olive-oil-combo-1l,Pune,411011,998,2998,66.7,1
2026-05-30-1600,2026-05-30,zepto,jivo-extra-light-olive-oil-combo-1l,Pune,411015,998,2998,66.7,1
2026-05-30-1600,2026-05-30,zepto,jivo-extra-light-olive-oil-combo-1l,Pune,411021,998,2998,66.7,1
2026-05-30-1600,2026-05-30,zepto,jivo-extra-light-olive-oil-combo-1l,Pune,411045,998,2998,66.7,1
2026-05-30-1600,2026-05-30,zepto,jivo-extra-light-olive-oil-combo-1l,Pune,411047,998,2998,66.7,1
2026-05-30-1600,2026-05-30,zepto,jivo-extra-light-olive-oil-combo-1l,Pune,411051,998,2998,66.7,1
2026-05-30-1600,2026-05-30,zepto,jivo-extra-light-olive-oil-combo-1l,Bengaluru,560069,998,2998,66.7,1
2026-05-30-1600,2026-05-30,zepto,jivo-extra-light-olive-oil-combo-2l,Delhi,110014,3008,5598,46.3,1
2026-05-30-1600,2026-05-30,zepto,jivo-extra-light-olive-oil-combo-2l,Delhi,110040,3008,5598,46.3,1
2026-05-30-1600,2026-05-30,zepto,jivo-extra-light-olive-oil-combo-2l,Delhi,110062,3008,5598,46.3,1
2026-05-30-1600,2026-05-30,zepto,jivo-extra-light-olive-oil-combo-2l,Delhi,110084,3008,5598,46.3,1
2026-05-30-1600,2026-05-30,zepto,jivo-extra-light-olive-oil-combo-2l,Gurgaon,122051,3008,5598,46.3,1
2026-05-30-1600,2026-05-30,zepto,jivo-extra-light-olive-oil-combo-2l,Gurgaon,122101,3008,5598,46.3,1
2026-05-30-1600,2026-05-30,zepto,jivo-extra-light-olive-oil-combo-2l,Noida,201310,3008,5598,46.3,1
2026-05-30-1600,2026-05-30,zepto,jivo-extra-light-olive-oil-combo-2l,Mumbai,400005,3010,5598,46.2,1
2026-05-30-1600,2026-05-30,zepto,jivo-extra-light-olive-oil-combo-2l,Mumbai,400006,3010,5598,46.2,1
2026-05-30-1600,2026-05-30,zepto,jivo-extra-light-olive-oil-combo-2l,Mumbai,400007,3010,5598,46.2,1
2026-05-30-1600,2026-05-30,zepto,jivo-extra-light-olive-oil-combo-2l,Mumbai,400010,3010,5598,46.2,1
2026-05-30-1600,2026-05-30,zepto,jivo-extra-light-olive-oil-combo-2l,Mumbai,400012,3010,5598,46.2,1
2026-05-30-1600,2026-05-30,zepto,jivo-extra-light-olive-oil-combo-2l,Mumbai,400013,3010,5598,46.2,1
2026-05-30-1600,2026-05-30,zepto,jivo-extra-light-olive-oil-combo-2l,Mumbai,400015,3010,5598,46.2,1
2026-05-30-1600,2026-05-30,zepto,jivo-extra-light-olive-oil-combo-2l,Mumbai,400019,3010,5598,46.2,1
2026-05-30-1600,2026-05-30,zepto,jivo-extra-light-olive-oil-combo-2l,Mumbai,400023,3010,5598,46.2,1
2026-05-30-1600,2026-05-30,zepto,jivo-extra-light-olive-oil-combo-2l,Mumbai,400030,3010,5598,46.2,1
2026-05-30-1600,2026-05-30,zepto,jivo-extra-light-olive-oil-combo-2l,Mumbai,400033,3010,5598,46.2,1
2026-05-30-1600,2026-05-30,zepto,jivo-extra-light-olive-oil-combo-2l,Mumbai,400090,3010,5598,46.2,1
2026-05-30-1600,2026-05-30,zepto,jivo-extra-light-olive-oil-combo-2l,Mumbai,400601,3010,5598,46.2,1
2026-05-30-1600,2026-05-30,zepto,jivo-extra-light-olive-oil-combo-2l,Mumbai,400611,3010,5598,46.2,1
2026-05-30-1600,2026-05-30,zepto,jivo-groundnut-cold-pressed-oil-healthy-cooking-oil-1l,Delhi,110004,199,560,64.5,1
2026-05-30-1600,2026-05-30,zepto,jivo-groundnut-cold-pressed-oil-healthy-cooking-oil-1l,Delhi,110006,199,560,64.5,1
2026-05-30-1600,2026-05-30,zepto,jivo-groundnut-cold-pressed-oil-healthy-cooking-oil-1l,Delhi,110007,199,560,64.5,1
2026-05-30-1600,2026-05-30,zepto,jivo-groundnut-cold-pressed-oil-healthy-cooking-oil-1l,Delhi,110008,199,560,64.5,1
2026-05-30-1600,2026-05-30,zepto,jivo-groundnut-cold-pressed-oil-healthy-cooking-oil-1l,Delhi,110009,199,560,64.5,1
2026-05-30-1600,2026-05-30,zepto,jivo-groundnut-cold-pressed-oil-healthy-cooking-oil-1l,Delhi,110010,199,560,64.5,1
2026-05-30-1600,2026-05-30,zepto,jivo-groundnut-cold-pressed-oil-healthy-cooking-oil-1l,Delhi,110013,199,560,64.5,1
2026-05-30-1600,2026-05-30,zepto,jivo-groundnut-cold-pressed-oil-healthy-cooking-oil-1l,Delhi,110014,199,560,64.5,1
2026-05-30-1600,2026-05-30,zepto,jivo-groundnut-cold-pressed-oil-healthy-cooking-oil-1l,Delhi,110015,199,560,64.5,1
2026-05-30-1600,2026-05-30,zepto,jivo-groundnut-cold-pressed-oil-healthy-cooking-oil-1l,Delhi,110017,199,560,64.5,1
2026-05-30-1600,2026-05-30,zepto,jivo-groundnut-cold-pressed-oil-healthy-cooking-oil-1l,Delhi,110021,199,560,64.5,1
2026-05-30-1600,2026-05-30,zepto,jivo-groundnut-cold-pressed-oil-healthy-cooking-oil-1l,Delhi,110024,199,560,64.5,1
2026-05-30-1600,2026-05-30,zepto,jivo-groundnut-cold-pressed-oil-healthy-cooking-oil-1l,Delhi,110025,199,560,64.5,1
2026-05-30-1600,2026-05-30,zepto,jivo-groundnut-cold-pressed-oil-healthy-cooking-oil-1l,Delhi,110026,199,560,64.5,1
2026-05-30-1600,2026-05-30,zepto,jivo-groundnut-cold-pressed-oil-healthy-cooking-oil-1l,Delhi,110031,199,560,64.5,1
2026-05-30-1600,2026-05-30,zepto,jivo-groundnut-cold-pressed-oil-healthy-cooking-oil-1l,Delhi,110032,199,560,64.5,1
2026-05-30-1600,2026-05-30,zepto,jivo-groundnut-cold-pressed-oil-healthy-cooking-oil-1l,Delhi,110033,199,560,64.5,1
2026-05-30-1600,2026-05-30,zepto,jivo-groundnut-cold-pressed-oil-healthy-cooking-oil-1l,Delhi,110035,199,560,64.5,1
2026-05-30-1600,2026-05-30,zepto,jivo-groundnut-cold-pressed-oil-healthy-cooking-oil-1l,Delhi,110040,199,560,64.5,1
2026-05-30-1600,2026-05-30,zepto,jivo-groundnut-cold-pressed-oil-healthy-cooking-oil-1l,Delhi,110042,199,560,64.5,1
2026-05-30-1600,2026-05-30,zepto,jivo-groundnut-cold-pressed-oil-healthy-cooking-oil-1l,Delhi,110046,199,560,64.5,1
2026-05-30-1600,2026-05-30,zepto,jivo-groundnut-cold-pressed-oil-healthy-cooking-oil-1l,Delhi,110048,199,560,64.5,1
2026-05-30-1600,2026-05-30,zepto,jivo-groundnut-cold-pressed-oil-healthy-cooking-oil-1l,Delhi,110051,199,560,64.5,1
2026-05-30-1600,2026-05-30,zepto,jivo-groundnut-cold-pressed-oil-healthy-cooking-oil-1l,Delhi,110053,199,560,64.5,1
2026-05-30-1600,2026-05-30,zepto,jivo-groundnut-cold-pressed-oil-healthy-cooking-oil-1l,Delhi,110062,199,560,64.5,1
2026-05-30-1600,2026-05-30,zepto,jivo-groundnut-cold-pressed-oil-healthy-cooking-oil-1l,Delhi,110065,199,560,64.5,1
2026-05-30-1600,2026-05-30,zepto,jivo-groundnut-cold-pressed-oil-healthy-cooking-oil-1l,Delhi,110067,199,560,64.5,1
2026-05-30-1600,2026-05-30,zepto,jivo-groundnut-cold-pressed-oil-healthy-cooking-oil-1l,Delhi,110076,199,560,64.5,1
2026-05-30-1600,2026-05-30,zepto,jivo-groundnut-cold-pressed-oil-healthy-cooking-oil-1l,Delhi,110084,199,560,64.5,1
2026-05-30-1600,2026-05-30,zepto,jivo-groundnut-cold-pressed-oil-healthy-cooking-oil-1l,Delhi,110085,199,560,64.5,1
2026-05-30-1600,2026-05-30,zepto,jivo-groundnut-cold-pressed-oil-healthy-cooking-oil-1l,Delhi,110088,199,560,64.5,1
2026-05-30-1600,2026-05-30,zepto,jivo-groundnut-cold-pressed-oil-healthy-cooking-oil-1l,Delhi,110091,199,560,64.5,1
2026-05-30-1600,2026-05-30,zepto,jivo-groundnut-cold-pressed-oil-healthy-cooking-oil-1l,Delhi,110092,199,560,64.5,1
2026-05-30-1600,2026-05-30,zepto,jivo-groundnut-cold-pressed-oil-healthy-cooking-oil-1l,Delhi,110095,199,560,64.5,1
2026-05-30-1600,2026-05-30,zepto,jivo-groundnut-cold-pressed-oil-healthy-cooking-oil-1l,Faridabad,121001,199,560,64.5,1
2026-05-30-1600,2026-05-30,zepto,jivo-groundnut-cold-pressed-oil-healthy-cooking-oil-1l,Faridabad,121011,199,560,64.5,1
2026-05-30-1600,2026-05-30,zepto,jivo-groundnut-cold-pressed-oil-healthy-cooking-oil-1l,Gurgaon,122004,199,560,64.5,1
2026-05-30-1600,2026-05-30,zepto,jivo-groundnut-cold-pressed-oil-healthy-cooking-oil-1l,Gurgaon,122006,199,560,64.5,1
2026-05-30-1600,2026-05-30,zepto,jivo-groundnut-cold-pressed-oil-healthy-cooking-oil-1l,Gurgaon,122010,199,560,64.5,1
2026-05-30-1600,2026-05-30,zepto,jivo-groundnut-cold-pressed-oil-healthy-cooking-oil-1l,Gurgaon,122051,199,560,64.5,1
2026-05-30-1600,2026-05-30,zepto,jivo-groundnut-cold-pressed-oil-healthy-cooking-oil-1l,Gurgaon,122101,199,560,64.5,1
2026-05-30-1600,2026-05-30,zepto,jivo-groundnut-cold-pressed-oil-healthy-cooking-oil-1l,Ghaziabad,201003,199,560,64.5,1
2026-05-30-1600,2026-05-30,zepto,jivo-groundnut-cold-pressed-oil-healthy-cooking-oil-1l,Ghaziabad,201005,199,560,64.5,1
2026-05-30-1600,2026-05-30,zepto,jivo-groundnut-cold-pressed-oil-healthy-cooking-oil-1l,Ghaziabad,201009,199,560,64.5,1
2026-05-30-1600,2026-05-30,zepto,jivo-groundnut-cold-pressed-oil-healthy-cooking-oil-1l,Noida,201306,199,560,64.5,1
2026-05-30-1600,2026-05-30,zepto,jivo-groundnut-cold-pressed-oil-healthy-cooking-oil-1l,Noida,201307,199,560,64.5,1
2026-05-30-1600,2026-05-30,zepto,jivo-groundnut-cold-pressed-oil-healthy-cooking-oil-1l,Noida,201309,199,560,64.5,1
2026-05-30-1600,2026-05-30,zepto,jivo-groundnut-cold-pressed-oil-healthy-cooking-oil-1l,Noida,201310,199,560,64.5,1
2026-05-30-1600,2026-05-30,zepto,jivo-groundnut-cold-pressed-oil-healthy-cooking-oil-1l,Mumbai,400003,199,560,64.5,1
2026-05-30-1600,2026-05-30,zepto,jivo-groundnut-cold-pressed-oil-healthy-cooking-oil-1l,Mumbai,400005,199,560,64.5,1
2026-05-30-1600,2026-05-30,zepto,jivo-groundnut-cold-pressed-oil-healthy-cooking-oil-1l,Mumbai,400006,199,560,64.5,1
2026-05-30-1600,2026-05-30,zepto,jivo-groundnut-cold-pressed-oil-healthy-cooking-oil-1l,Mumbai,400011,199,560,64.5,1
2026-05-30-1600,2026-05-30,zepto,jivo-groundnut-cold-pressed-oil-healthy-cooking-oil-1l,Mumbai,400012,199,560,64.5,1
2026-05-30-1600,2026-05-30,zepto,jivo-groundnut-cold-pressed-oil-healthy-cooking-oil-1l,Mumbai,400018,199,560,64.5,1
2026-05-30-1600,2026-05-30,zepto,jivo-groundnut-cold-pressed-oil-healthy-cooking-oil-1l,Mumbai,400020,199,560,64.5,1
2026-05-30-1600,2026-05-30,zepto,jivo-groundnut-cold-pressed-oil-healthy-cooking-oil-1l,Mumbai,400021,199,560,64.5,1
2026-05-30-1600,2026-05-30,zepto,jivo-groundnut-cold-pressed-oil-healthy-cooking-oil-1l,Mumbai,400025,199,560,64.5,1
2026-05-30-1600,2026-05-30,zepto,jivo-groundnut-cold-pressed-oil-healthy-cooking-oil-1l,Mumbai,400033,199,560,64.5,1
2026-05-30-1600,2026-05-30,zepto,jivo-groundnut-cold-pressed-oil-healthy-cooking-oil-1l,Mumbai,400090,199,560,64.5,1
2026-05-30-1600,2026-05-30,zepto,jivo-groundnut-cold-pressed-oil-healthy-cooking-oil-1l,Mumbai,400601,199,560,64.5,1
2026-05-30-1600,2026-05-30,zepto,jivo-groundnut-cold-pressed-oil-healthy-cooking-oil-1l,Mumbai,400703,199,560,64.5,1
2026-05-30-1600,2026-05-30,zepto,jivo-groundnut-cold-pressed-oil-healthy-cooking-oil-1l,Pune,411006,199,560,64.5,1
2026-05-30-1600,2026-05-30,zepto,jivo-groundnut-cold-pressed-oil-healthy-cooking-oil-1l,Pune,411047,199,560,64.5,1
2026-05-30-1600,2026-05-30,zepto,jivo-groundnut-cold-pressed-oil-healthy-cooking-oil-1l,Bengaluru,560014,199,560,64.5,1
2026-05-30-1600,2026-05-30,zepto,jivo-groundnut-cold-pressed-oil-healthy-cooking-oil-1l,Bengaluru,560019,199,560,64.5,1
2026-05-30-1600,2026-05-30,zepto,jivo-groundnut-cold-pressed-oil-healthy-cooking-oil-1l,Bengaluru,560028,199,560,64.5,1
2026-05-30-1600,2026-05-30,zepto,jivo-groundnut-cold-pressed-oil-healthy-cooking-oil-1l,Bengaluru,560069,199,560,64.5,1
2026-05-30-1600,2026-05-30,zepto,jivo-groundnut-peanut-cold-pressed-heathy-cooking-oil-na,Delhi,110004,49,150,67.3,1
2026-05-30-1600,2026-05-30,zepto,jivo-groundnut-peanut-cold-pressed-heathy-cooking-oil-na,Delhi,110006,49,150,67.3,1
2026-05-30-1600,2026-05-30,zepto,jivo-groundnut-peanut-cold-pressed-heathy-cooking-oil-na,Delhi,110007,49,150,67.3,1
2026-05-30-1600,2026-05-30,zepto,jivo-groundnut-peanut-cold-pressed-heathy-cooking-oil-na,Delhi,110008,49,150,67.3,1
2026-05-30-1600,2026-05-30,zepto,jivo-groundnut-peanut-cold-pressed-heathy-cooking-oil-na,Delhi,110009,49,150,67.3,1
2026-05-30-1600,2026-05-30,zepto,jivo-groundnut-peanut-cold-pressed-heathy-cooking-oil-na,Delhi,110010,49,150,67.3,1
2026-05-30-1600,2026-05-30,zepto,jivo-groundnut-peanut-cold-pressed-heathy-cooking-oil-na,Delhi,110013,49,150,67.3,1
2026-05-30-1600,2026-05-30,zepto,jivo-groundnut-peanut-cold-pressed-heathy-cooking-oil-na,Delhi,110014,49,150,67.3,1
2026-05-30-1600,2026-05-30,zepto,jivo-groundnut-peanut-cold-pressed-heathy-cooking-oil-na,Delhi,110015,49,150,67.3,1
2026-05-30-1600,2026-05-30,zepto,jivo-groundnut-peanut-cold-pressed-heathy-cooking-oil-na,Delhi,110017,49,150,67.3,1
2026-05-30-1600,2026-05-30,zepto,jivo-groundnut-peanut-cold-pressed-heathy-cooking-oil-na,Delhi,110018,49,150,67.3,1
2026-05-30-1600,2026-05-30,zepto,jivo-groundnut-peanut-cold-pressed-heathy-cooking-oil-na,Delhi,110024,49,150,67.3,1
2026-05-30-1600,2026-05-30,zepto,jivo-groundnut-peanut-cold-pressed-heathy-cooking-oil-na,Delhi,110025,49,150,67.3,1
2026-05-30-1600,2026-05-30,zepto,jivo-groundnut-peanut-cold-pressed-heathy-cooking-oil-na,Delhi,110026,49,150,67.3,1
2026-05-30-1600,2026-05-30,zepto,jivo-groundnut-peanut-cold-pressed-heathy-cooking-oil-na,Delhi,110031,49,150,67.3,1
2026-05-30-1600,2026-05-30,zepto,jivo-groundnut-peanut-cold-pressed-heathy-cooking-oil-na,Delhi,110032,49,150,67.3,1
2026-05-30-1600,2026-05-30,zepto,jivo-groundnut-peanut-cold-pressed-heathy-cooking-oil-na,Delhi,110033,49,150,67.3,1
2026-05-30-1600,2026-05-30,zepto,jivo-groundnut-peanut-cold-pressed-heathy-cooking-oil-na,Delhi,110035,49,150,67.3,1
2026-05-30-1600,2026-05-30,zepto,jivo-groundnut-peanut-cold-pressed-heathy-cooking-oil-na,Delhi,110040,49,150,67.3,1
2026-05-30-1600,2026-05-30,zepto,jivo-groundnut-peanut-cold-pressed-heathy-cooking-oil-na,Delhi,110042,49,150,67.3,1
2026-05-30-1600,2026-05-30,zepto,jivo-groundnut-peanut-cold-pressed-heathy-cooking-oil-na,Delhi,110046,49,150,67.3,1
2026-05-30-1600,2026-05-30,zepto,jivo-groundnut-peanut-cold-pressed-heathy-cooking-oil-na,Delhi,110048,49,150,67.3,1
2026-05-30-1600,2026-05-30,zepto,jivo-groundnut-peanut-cold-pressed-heathy-cooking-oil-na,Delhi,110051,49,150,67.3,1
2026-05-30-1600,2026-05-30,zepto,jivo-groundnut-peanut-cold-pressed-heathy-cooking-oil-na,Delhi,110053,49,150,67.3,1
2026-05-30-1600,2026-05-30,zepto,jivo-groundnut-peanut-cold-pressed-heathy-cooking-oil-na,Delhi,110062,49,150,67.3,1
2026-05-30-1600,2026-05-30,zepto,jivo-groundnut-peanut-cold-pressed-heathy-cooking-oil-na,Delhi,110065,49,150,67.3,1
2026-05-30-1600,2026-05-30,zepto,jivo-groundnut-peanut-cold-pressed-heathy-cooking-oil-na,Delhi,110067,49,150,67.3,1
2026-05-30-1600,2026-05-30,zepto,jivo-groundnut-peanut-cold-pressed-heathy-cooking-oil-na,Delhi,110076,49,150,67.3,1
2026-05-30-1600,2026-05-30,zepto,jivo-groundnut-peanut-cold-pressed-heathy-cooking-oil-na,Delhi,110084,49,150,67.3,1
2026-05-30-1600,2026-05-30,zepto,jivo-groundnut-peanut-cold-pressed-heathy-cooking-oil-na,Delhi,110085,49,150,67.3,1
2026-05-30-1600,2026-05-30,zepto,jivo-groundnut-peanut-cold-pressed-heathy-cooking-oil-na,Delhi,110090,49,150,67.3,1
2026-05-30-1600,2026-05-30,zepto,jivo-groundnut-peanut-cold-pressed-heathy-cooking-oil-na,Delhi,110091,49,150,67.3,1
2026-05-30-1600,2026-05-30,zepto,jivo-groundnut-peanut-cold-pressed-heathy-cooking-oil-na,Delhi,110092,49,150,67.3,1
2026-05-30-1600,2026-05-30,zepto,jivo-groundnut-peanut-cold-pressed-heathy-cooking-oil-na,Delhi,110095,49,150,67.3,1
2026-05-30-1600,2026-05-30,zepto,jivo-groundnut-peanut-cold-pressed-heathy-cooking-oil-na,Gurgaon,122004,49,150,67.3,1
2026-05-30-1600,2026-05-30,zepto,jivo-groundnut-peanut-cold-pressed-heathy-cooking-oil-na,Gurgaon,122006,49,150,67.3,1
2026-05-30-1600,2026-05-30,zepto,jivo-groundnut-peanut-cold-pressed-heathy-cooking-oil-na,Gurgaon,122010,49,150,67.3,1
2026-05-30-1600,2026-05-30,zepto,jivo-groundnut-peanut-cold-pressed-heathy-cooking-oil-na,Gurgaon,122051,49,150,67.3,1
2026-05-30-1600,2026-05-30,zepto,jivo-groundnut-peanut-cold-pressed-heathy-cooking-oil-na,Gurgaon,122101,49,150,67.3,1
2026-05-30-1600,2026-05-30,zepto,jivo-groundnut-peanut-cold-pressed-heathy-cooking-oil-na,Ghaziabad,201005,49,150,67.3,1
2026-05-30-1600,2026-05-30,zepto,jivo-groundnut-peanut-cold-pressed-heathy-cooking-oil-na,Noida,201309,49,150,67.3,1
2026-05-30-1600,2026-05-30,zepto,jivo-groundnut-peanut-cold-pressed-heathy-cooking-oil-na,Jaipur,302016,76,150,49.3,1
2026-05-30-1600,2026-05-30,zepto,jivo-groundnut-peanut-cold-pressed-heathy-cooking-oil-na,Jaipur,302017,76,150,49.3,1
2026-05-30-1600,2026-05-30,zepto,jivo-groundnut-peanut-cold-pressed-heathy-cooking-oil-na,Jaipur,302018,76,150,49.3,1
2026-05-30-1600,2026-05-30,zepto,jivo-groundnut-peanut-cold-pressed-heathy-cooking-oil-na,Jaipur,302020,76,150,49.3,1
2026-05-30-1600,2026-05-30,zepto,jivo-groundnut-peanut-cold-pressed-heathy-cooking-oil-na,Jaipur,302021,76,150,49.3,1
2026-05-30-1600,2026-05-30,zepto,jivo-groundnut-peanut-cold-pressed-heathy-cooking-oil-na,Jaipur,302022,76,150,49.3,1
2026-05-30-1600,2026-05-30,zepto,jivo-groundnut-peanut-cold-pressed-heathy-cooking-oil-na,Jaipur,302023,76,150,49.3,1
2026-05-30-1600,2026-05-30,zepto,jivo-groundnut-peanut-cold-pressed-heathy-cooking-oil-na,Jaipur,302024,76,150,49.3,1
2026-05-30-1600,2026-05-30,zepto,jivo-groundnut-peanut-cold-pressed-heathy-cooking-oil-na,Jaipur,302025,76,150,49.3,1
2026-05-30-1600,2026-05-30,zepto,jivo-groundnut-peanut-cold-pressed-heathy-cooking-oil-na,Jaipur,302032,76,150,49.3,1
2026-05-30-1600,2026-05-30,zepto,jivo-groundnut-peanut-cold-pressed-heathy-cooking-oil-na,Jaipur,303602,76,150,49.3,1
2026-05-30-1600,2026-05-30,zepto,jivo-groundnut-peanut-cold-pressed-heathy-cooking-oil-na,Mumbai,400003,49,150,67.3,1
2026-05-30-1600,2026-05-30,zepto,jivo-groundnut-peanut-cold-pressed-heathy-cooking-oil-na,Mumbai,400005,49,150,67.3,1
2026-05-30-1600,2026-05-30,zepto,jivo-groundnut-peanut-cold-pressed-heathy-cooking-oil-na,Mumbai,400006,49,150,67.3,1
2026-05-30-1600,2026-05-30,zepto,jivo-groundnut-peanut-cold-pressed-heathy-cooking-oil-na,Mumbai,400010,49,150,67.3,1
2026-05-30-1600,2026-05-30,zepto,jivo-groundnut-peanut-cold-pressed-heathy-cooking-oil-na,Mumbai,400012,49,150,67.3,1
2026-05-30-1600,2026-05-30,zepto,jivo-groundnut-peanut-cold-pressed-heathy-cooking-oil-na,Mumbai,400013,49,150,67.3,1
2026-05-30-1600,2026-05-30,zepto,jivo-groundnut-peanut-cold-pressed-heathy-cooking-oil-na,Mumbai,400015,49,150,67.3,1
2026-05-30-1600,2026-05-30,zepto,jivo-groundnut-peanut-cold-pressed-heathy-cooking-oil-na,Mumbai,400017,49,150,67.3,1
2026-05-30-1600,2026-05-30,zepto,jivo-groundnut-peanut-cold-pressed-heathy-cooking-oil-na,Mumbai,400018,49,150,67.3,1
2026-05-30-1600,2026-05-30,zepto,jivo-groundnut-peanut-cold-pressed-heathy-cooking-oil-na,Mumbai,400019,49,150,67.3,1
2026-05-30-1600,2026-05-30,zepto,jivo-groundnut-peanut-cold-pressed-heathy-cooking-oil-na,Mumbai,400021,49,150,67.3,1
2026-05-30-1600,2026-05-30,zepto,jivo-groundnut-peanut-cold-pressed-heathy-cooking-oil-na,Mumbai,400023,49,150,67.3,1
2026-05-30-1600,2026-05-30,zepto,jivo-groundnut-peanut-cold-pressed-heathy-cooking-oil-na,Mumbai,400025,49,150,67.3,1
2026-05-30-1600,2026-05-30,zepto,jivo-groundnut-peanut-cold-pressed-heathy-cooking-oil-na,Mumbai,400030,49,150,67.3,1
2026-05-30-1600,2026-05-30,zepto,jivo-groundnut-peanut-cold-pressed-heathy-cooking-oil-na,Mumbai,400033,49,150,67.3,1
2026-05-30-1600,2026-05-30,zepto,jivo-groundnut-peanut-cold-pressed-heathy-cooking-oil-na,Mumbai,400041,49,150,67.3,1
2026-05-30-1600,2026-05-30,zepto,jivo-groundnut-peanut-cold-pressed-heathy-cooking-oil-na,Mumbai,400090,49,150,67.3,1
2026-05-30-1600,2026-05-30,zepto,jivo-groundnut-peanut-cold-pressed-heathy-cooking-oil-na,Mumbai,400601,49,150,67.3,1
2026-05-30-1600,2026-05-30,zepto,jivo-groundnut-peanut-cold-pressed-heathy-cooking-oil-na,Mumbai,400611,49,150,67.3,1
2026-05-30-1600,2026-05-30,zepto,jivo-groundnut-peanut-cold-pressed-heathy-cooking-oil-na,Pune,411004,49,150,67.3,1
2026-05-30-1600,2026-05-30,zepto,jivo-groundnut-peanut-cold-pressed-heathy-cooking-oil-na,Pune,411006,49,150,67.3,1
2026-05-30-1600,2026-05-30,zepto,jivo-groundnut-peanut-cold-pressed-heathy-cooking-oil-na,Pune,411011,49,150,67.3,1
2026-05-30-1600,2026-05-30,zepto,jivo-groundnut-peanut-cold-pressed-heathy-cooking-oil-na,Pune,411012,49,150,67.3,1
2026-05-30-1600,2026-05-30,zepto,jivo-groundnut-peanut-cold-pressed-heathy-cooking-oil-na,Pune,411014,49,150,67.3,1
2026-05-30-1600,2026-05-30,zepto,jivo-groundnut-peanut-cold-pressed-heathy-cooking-oil-na,Pune,411015,49,150,67.3,1
2026-05-30-1600,2026-05-30,zepto,jivo-groundnut-peanut-cold-pressed-heathy-cooking-oil-na,Pune,411021,49,150,67.3,1
2026-05-30-1600,2026-05-30,zepto,jivo-groundnut-peanut-cold-pressed-heathy-cooking-oil-na,Pune,411028,49,150,67.3,1
2026-05-30-1600,2026-05-30,zepto,jivo-groundnut-peanut-cold-pressed-heathy-cooking-oil-na,Pune,411036,49,150,67.3,1
2026-05-30-1600,2026-05-30,zepto,jivo-groundnut-peanut-cold-pressed-heathy-cooking-oil-na,Pune,411045,49,150,67.3,1
2026-05-30-1600,2026-05-30,zepto,jivo-groundnut-peanut-cold-pressed-heathy-cooking-oil-na,Pune,411047,49,150,67.3,1
2026-05-30-1600,2026-05-30,zepto,jivo-groundnut-peanut-cold-pressed-heathy-cooking-oil-na,Pune,411051,49,150,67.3,1
2026-05-30-1600,2026-05-30,zepto,jivo-groundnut-peanut-cold-pressed-heathy-cooking-oil-na,Indore,452001,76,150,49.3,1
2026-05-30-1600,2026-05-30,zepto,jivo-kachi-ghani-mustard-cold-pressed-oil-healthy-cooking-oil-1l,Delhi,110004,149,255,41.6,1
2026-05-30-1600,2026-05-30,zepto,jivo-kachi-ghani-mustard-cold-pressed-oil-healthy-cooking-oil-1l,Delhi,110006,149,255,41.6,1
2026-05-30-1600,2026-05-30,zepto,jivo-kachi-ghani-mustard-cold-pressed-oil-healthy-cooking-oil-1l,Delhi,110007,149,255,41.6,1
2026-05-30-1600,2026-05-30,zepto,jivo-kachi-ghani-mustard-cold-pressed-oil-healthy-cooking-oil-1l,Delhi,110008,149,255,41.6,1
2026-05-30-1600,2026-05-30,zepto,jivo-kachi-ghani-mustard-cold-pressed-oil-healthy-cooking-oil-1l,Delhi,110009,149,255,41.6,1
2026-05-30-1600,2026-05-30,zepto,jivo-kachi-ghani-mustard-cold-pressed-oil-healthy-cooking-oil-1l,Delhi,110010,149,255,41.6,1
2026-05-30-1600,2026-05-30,zepto,jivo-kachi-ghani-mustard-cold-pressed-oil-healthy-cooking-oil-1l,Delhi,110013,149,255,41.6,1
2026-05-30-1600,2026-05-30,zepto,jivo-kachi-ghani-mustard-cold-pressed-oil-healthy-cooking-oil-1l,Delhi,110014,149,255,41.6,1
2026-05-30-1600,2026-05-30,zepto,jivo-kachi-ghani-mustard-cold-pressed-oil-healthy-cooking-oil-1l,Delhi,110015,149,255,41.6,1
2026-05-30-1600,2026-05-30,zepto,jivo-kachi-ghani-mustard-cold-pressed-oil-healthy-cooking-oil-1l,Delhi,110017,149,255,41.6,1
2026-05-30-1600,2026-05-30,zepto,jivo-kachi-ghani-mustard-cold-pressed-oil-healthy-cooking-oil-1l,Delhi,110021,149,255,41.6,1
2026-05-30-1600,2026-05-30,zepto,jivo-kachi-ghani-mustard-cold-pressed-oil-healthy-cooking-oil-1l,Delhi,110025,149,255,41.6,1
2026-05-30-1600,2026-05-30,zepto,jivo-kachi-ghani-mustard-cold-pressed-oil-healthy-cooking-oil-1l,Delhi,110026,149,255,41.6,1
2026-05-30-1600,2026-05-30,zepto,jivo-kachi-ghani-mustard-cold-pressed-oil-healthy-cooking-oil-1l,Delhi,110031,149,255,41.6,1
2026-05-30-1600,2026-05-30,zepto,jivo-kachi-ghani-mustard-cold-pressed-oil-healthy-cooking-oil-1l,Delhi,110032,149,255,41.6,1
2026-05-30-1600,2026-05-30,zepto,jivo-kachi-ghani-mustard-cold-pressed-oil-healthy-cooking-oil-1l,Delhi,110033,149,255,41.6,1
2026-05-30-1600,2026-05-30,zepto,jivo-kachi-ghani-mustard-cold-pressed-oil-healthy-cooking-oil-1l,Delhi,110035,149,255,41.6,1
2026-05-30-1600,2026-05-30,zepto,jivo-kachi-ghani-mustard-cold-pressed-oil-healthy-cooking-oil-1l,Delhi,110040,149,255,41.6,1
2026-05-30-1600,2026-05-30,zepto,jivo-kachi-ghani-mustard-cold-pressed-oil-healthy-cooking-oil-1l,Delhi,110042,149,255,41.6,1
2026-05-30-1600,2026-05-30,zepto,jivo-kachi-ghani-mustard-cold-pressed-oil-healthy-cooking-oil-1l,Delhi,110046,149,255,41.6,1
2026-05-30-1600,2026-05-30,zepto,jivo-kachi-ghani-mustard-cold-pressed-oil-healthy-cooking-oil-1l,Delhi,110048,149,255,41.6,1
2026-05-30-1600,2026-05-30,zepto,jivo-kachi-ghani-mustard-cold-pressed-oil-healthy-cooking-oil-1l,Delhi,110051,149,255,41.6,1
2026-05-30-1600,2026-05-30,zepto,jivo-kachi-ghani-mustard-cold-pressed-oil-healthy-cooking-oil-1l,Delhi,110053,149,255,41.6,1
2026-05-30-1600,2026-05-30,zepto,jivo-kachi-ghani-mustard-cold-pressed-oil-healthy-cooking-oil-1l,Delhi,110062,149,255,41.6,1
2026-05-30-1600,2026-05-30,zepto,jivo-kachi-ghani-mustard-cold-pressed-oil-healthy-cooking-oil-1l,Delhi,110065,149,255,41.6,1
2026-05-30-1600,2026-05-30,zepto,jivo-kachi-ghani-mustard-cold-pressed-oil-healthy-cooking-oil-1l,Delhi,110067,149,255,41.6,1
2026-05-30-1600,2026-05-30,zepto,jivo-kachi-ghani-mustard-cold-pressed-oil-healthy-cooking-oil-1l,Delhi,110076,149,255,41.6,1
2026-05-30-1600,2026-05-30,zepto,jivo-kachi-ghani-mustard-cold-pressed-oil-healthy-cooking-oil-1l,Delhi,110084,149,255,41.6,1
2026-05-30-1600,2026-05-30,zepto,jivo-kachi-ghani-mustard-cold-pressed-oil-healthy-cooking-oil-1l,Delhi,110085,149,255,41.6,1
2026-05-30-1600,2026-05-30,zepto,jivo-kachi-ghani-mustard-cold-pressed-oil-healthy-cooking-oil-1l,Delhi,110088,149,255,41.6,1
2026-05-30-1600,2026-05-30,zepto,jivo-kachi-ghani-mustard-cold-pressed-oil-healthy-cooking-oil-1l,Delhi,110090,149,255,41.6,1
2026-05-30-1600,2026-05-30,zepto,jivo-kachi-ghani-mustard-cold-pressed-oil-healthy-cooking-oil-1l,Delhi,110091,149,255,41.6,1
2026-05-30-1600,2026-05-30,zepto,jivo-kachi-ghani-mustard-cold-pressed-oil-healthy-cooking-oil-1l,Delhi,110092,149,255,41.6,1
2026-05-30-1600,2026-05-30,zepto,jivo-kachi-ghani-mustard-cold-pressed-oil-healthy-cooking-oil-1l,Delhi,110095,149,255,41.6,1
2026-05-30-1600,2026-05-30,zepto,jivo-kachi-ghani-mustard-cold-pressed-oil-healthy-cooking-oil-1l,Faridabad,121001,149,255,41.6,1
2026-05-30-1600,2026-05-30,zepto,jivo-kachi-ghani-mustard-cold-pressed-oil-healthy-cooking-oil-1l,Faridabad,121011,149,255,41.6,1
2026-05-30-1600,2026-05-30,zepto,jivo-kachi-ghani-mustard-cold-pressed-oil-healthy-cooking-oil-1l,Gurgaon,122004,149,255,41.6,1
2026-05-30-1600,2026-05-30,zepto,jivo-kachi-ghani-mustard-cold-pressed-oil-healthy-cooking-oil-1l,Gurgaon,122006,149,255,41.6,1
2026-05-30-1600,2026-05-30,zepto,jivo-kachi-ghani-mustard-cold-pressed-oil-healthy-cooking-oil-1l,Gurgaon,122010,149,255,41.6,1
2026-05-30-1600,2026-05-30,zepto,jivo-kachi-ghani-mustard-cold-pressed-oil-healthy-cooking-oil-1l,Gurgaon,122051,149,255,41.6,1
2026-05-30-1600,2026-05-30,zepto,jivo-kachi-ghani-mustard-cold-pressed-oil-healthy-cooking-oil-1l,Gurgaon,122101,149,255,41.6,1
2026-05-30-1600,2026-05-30,zepto,jivo-kachi-ghani-mustard-cold-pressed-oil-healthy-cooking-oil-1l,Chandigarh,160011,149,255,41.6,1
2026-05-30-1600,2026-05-30,zepto,jivo-kachi-ghani-mustard-cold-pressed-oil-healthy-cooking-oil-1l,Chandigarh,160021,149,255,41.6,1
2026-05-30-1600,2026-05-30,zepto,jivo-kachi-ghani-mustard-cold-pressed-oil-healthy-cooking-oil-1l,Chandigarh,160035,149,255,41.6,1
2026-05-30-1600,2026-05-30,zepto,jivo-kachi-ghani-mustard-cold-pressed-oil-healthy-cooking-oil-1l,Chandigarh,160043,149,255,41.6,1
2026-05-30-1600,2026-05-30,zepto,jivo-kachi-ghani-mustard-cold-pressed-oil-healthy-cooking-oil-1l,Ghaziabad,201003,149,255,41.6,1
2026-05-30-1600,2026-05-30,zepto,jivo-kachi-ghani-mustard-cold-pressed-oil-healthy-cooking-oil-1l,Ghaziabad,201005,149,255,41.6,1
2026-05-30-1600,2026-05-30,zepto,jivo-kachi-ghani-mustard-cold-pressed-oil-healthy-cooking-oil-1l,Ghaziabad,201009,149,255,41.6,1
2026-05-30-1600,2026-05-30,zepto,jivo-kachi-ghani-mustard-cold-pressed-oil-healthy-cooking-oil-1l,Noida,201307,149,255,41.6,1
2026-05-30-1600,2026-05-30,zepto,jivo-kachi-ghani-mustard-cold-pressed-oil-healthy-cooking-oil-1l,Noida,201309,149,255,41.6,1
2026-05-30-1600,2026-05-30,zepto,jivo-kachi-ghani-mustard-cold-pressed-oil-healthy-cooking-oil-1l,Noida,201310,149,255,41.6,1
2026-05-30-1600,2026-05-30,zepto,jivo-kachi-ghani-mustard-cold-pressed-oil-healthy-cooking-oil-1l,Mumbai,400018,149,255,41.6,1
2026-05-30-1600,2026-05-30,zepto,jivo-kachi-ghani-mustard-cold-pressed-oil-healthy-cooking-oil-1l,Mumbai,400025,149,255,41.6,1
2026-05-30-1600,2026-05-30,zepto,jivo-kachi-ghani-mustard-cold-pressed-oil-healthy-cooking-oil-1l,Mumbai,400090,149,255,41.6,1
2026-05-30-1600,2026-05-30,zepto,jivo-kachi-ghani-mustard-cold-pressed-oil-healthy-cooking-oil-1l,Mumbai,400601,149,255,41.6,1
2026-05-30-1600,2026-05-30,zepto,jivo-kachi-ghani-mustard-cold-pressed-oil-healthy-cooking-oil-1l,Bengaluru,560014,149,255,41.6,1
2026-05-30-1600,2026-05-30,zepto,jivo-kachi-ghani-mustard-cold-pressed-oil-healthy-cooking-oil-1l,Bengaluru,560019,149,255,41.6,1
2026-05-30-1600,2026-05-30,zepto,jivo-kachi-ghani-mustard-cold-pressed-oil-healthy-cooking-oil-1l,Bengaluru,560028,149,255,41.6,1
2026-05-30-1600,2026-05-30,zepto,jivo-kachi-ghani-mustard-cold-pressed-oil-healthy-cooking-oil-1l,Bengaluru,560039,149,255,41.6,1
2026-05-30-1600,2026-05-30,zepto,jivo-kachi-ghani-mustard-cold-pressed-oil-healthy-cooking-oil-1l,Bengaluru,560069,149,255,41.6,1
2026-05-30-1600,2026-05-30,zepto,jivo-kachi-ghani-mustard-cold-pressed-oil-healthy-cooking-oil-1l,Mysuru,570016,149,255,41.6,0
2026-05-30-1600,2026-05-30,zepto,jivo-kachi-ghani-mustard-cold-pressed-oil-healthy-cooking-oil-1l,Mysuru,570026,149,255,41.6,1
2026-05-30-1600,2026-05-30,zepto,jivo-pomace-olive-oil-1l,Delhi,110006,379,1049,63.9,1
2026-05-30-1600,2026-05-30,zepto,jivo-pomace-olive-oil-1l,Delhi,110007,379,1049,63.9,1
2026-05-30-1600,2026-05-30,zepto,jivo-pomace-olive-oil-1l,Delhi,110008,379,1049,63.9,1
2026-05-30-1600,2026-05-30,zepto,jivo-pomace-olive-oil-1l,Delhi,110009,379,1049,63.9,1
2026-05-30-1600,2026-05-30,zepto,jivo-pomace-olive-oil-1l,Delhi,110010,379,1049,63.9,1
2026-05-30-1600,2026-05-30,zepto,jivo-pomace-olive-oil-1l,Delhi,110013,379,1049,63.9,1
2026-05-30-1600,2026-05-30,zepto,jivo-pomace-olive-oil-1l,Delhi,110014,379,1049,63.9,1
2026-05-30-1600,2026-05-30,zepto,jivo-pomace-olive-oil-1l,Delhi,110015,379,1049,63.9,1
2026-05-30-1600,2026-05-30,zepto,jivo-pomace-olive-oil-1l,Delhi,110017,379,1049,63.9,1
2026-05-30-1600,2026-05-30,zepto,jivo-pomace-olive-oil-1l,Delhi,110024,379,1049,63.9,1
2026-05-30-1600,2026-05-30,zepto,jivo-pomace-olive-oil-1l,Delhi,110025,379,1049,63.9,1
2026-05-30-1600,2026-05-30,zepto,jivo-pomace-olive-oil-1l,Delhi,110031,379,1049,63.9,1
2026-05-30-1600,2026-05-30,zepto,jivo-pomace-olive-oil-1l,Delhi,110032,379,1049,63.9,1
2026-05-30-1600,2026-05-30,zepto,jivo-pomace-olive-oil-1l,Delhi,110035,379,1049,63.9,1
2026-05-30-1600,2026-05-30,zepto,jivo-pomace-olive-oil-1l,Delhi,110042,379,1049,63.9,1
2026-05-30-1600,2026-05-30,zepto,jivo-pomace-olive-oil-1l,Delhi,110046,379,1049,63.9,1
2026-05-30-1600,2026-05-30,zepto,jivo-pomace-olive-oil-1l,Delhi,110048,379,1049,63.9,1
2026-05-30-1600,2026-05-30,zepto,jivo-pomace-olive-oil-1l,Delhi,110051,379,1049,63.9,1
2026-05-30-1600,2026-05-30,zepto,jivo-pomace-olive-oil-1l,Delhi,110053,379,1049,63.9,1
2026-05-30-1600,2026-05-30,zepto,jivo-pomace-olive-oil-1l,Delhi,110062,379,1049,63.9,1
2026-05-30-1600,2026-05-30,zepto,jivo-pomace-olive-oil-1l,Delhi,110065,379,1049,63.9,1
2026-05-30-1600,2026-05-30,zepto,jivo-pomace-olive-oil-1l,Delhi,110067,379,1049,63.9,1
2026-05-30-1600,2026-05-30,zepto,jivo-pomace-olive-oil-1l,Delhi,110076,379,1049,63.9,1
2026-05-30-1600,2026-05-30,zepto,jivo-pomace-olive-oil-1l,Delhi,110084,379,1049,63.9,1
2026-05-30-1600,2026-05-30,zepto,jivo-pomace-olive-oil-1l,Delhi,110085,379,1049,63.9,1
2026-05-30-1600,2026-05-30,zepto,jivo-pomace-olive-oil-1l,Delhi,110090,379,1049,63.9,1
2026-05-30-1600,2026-05-30,zepto,jivo-pomace-olive-oil-1l,Delhi,110091,379,1049,63.9,1
2026-05-30-1600,2026-05-30,zepto,jivo-pomace-olive-oil-1l,Delhi,110092,379,1049,63.9,1
2026-05-30-1600,2026-05-30,zepto,jivo-pomace-olive-oil-1l,Delhi,110095,379,1049,63.9,1
2026-05-30-1600,2026-05-30,zepto,jivo-pomace-olive-oil-1l,Faridabad,121001,379,1049,63.9,1
2026-05-30-1600,2026-05-30,zepto,jivo-pomace-olive-oil-1l,Faridabad,121011,379,1049,63.9,1
2026-05-30-1600,2026-05-30,zepto,jivo-pomace-olive-oil-1l,Gurgaon,122004,379,1049,63.9,1
2026-05-30-1600,2026-05-30,zepto,jivo-pomace-olive-oil-1l,Gurgaon,122006,379,1049,63.9,1
2026-05-30-1600,2026-05-30,zepto,jivo-pomace-olive-oil-1l,Gurgaon,122010,379,1049,63.9,1
2026-05-30-1600,2026-05-30,zepto,jivo-pomace-olive-oil-1l,Gurgaon,122051,379,1049,63.9,1
2026-05-30-1600,2026-05-30,zepto,jivo-pomace-olive-oil-1l,Gurgaon,122101,379,1049,63.9,1
2026-05-30-1600,2026-05-30,zepto,jivo-pomace-olive-oil-1l,Ludhiana,142022,379,1049,63.9,1
2026-05-30-1600,2026-05-30,zepto,jivo-pomace-olive-oil-1l,Ghaziabad,201003,379,1049,63.9,1
2026-05-30-1600,2026-05-30,zepto,jivo-pomace-olive-oil-1l,Ghaziabad,201009,379,1049,63.9,1
2026-05-30-1600,2026-05-30,zepto,jivo-pomace-olive-oil-1l,Noida,201307,379,1049,63.9,1
2026-05-30-1600,2026-05-30,zepto,jivo-pomace-olive-oil-1l,Noida,201309,379,1049,63.9,1
2026-05-30-1600,2026-05-30,zepto,jivo-pomace-olive-oil-1l,Mumbai,400003,379,1049,63.9,1
2026-05-30-1600,2026-05-30,zepto,jivo-pomace-olive-oil-1l,Mumbai,400005,379,1049,63.9,1
2026-05-30-1600,2026-05-30,zepto,jivo-pomace-olive-oil-1l,Mumbai,400006,379,1049,63.9,1
2026-05-30-1600,2026-05-30,zepto,jivo-pomace-olive-oil-1l,Mumbai,400007,379,1049,63.9,1
2026-05-30-1600,2026-05-30,zepto,jivo-pomace-olive-oil-1l,Mumbai,400010,379,1049,63.9,1
2026-05-30-1600,2026-05-30,zepto,jivo-pomace-olive-oil-1l,Mumbai,400011,379,1049,63.9,1
2026-05-30-1600,2026-05-30,zepto,jivo-pomace-olive-oil-1l,Mumbai,400012,379,1049,63.9,1
2026-05-30-1600,2026-05-30,zepto,jivo-pomace-olive-oil-1l,Mumbai,400013,379,1049,63.9,1
2026-05-30-1600,2026-05-30,zepto,jivo-pomace-olive-oil-1l,Mumbai,400015,379,1049,63.9,1
2026-05-30-1600,2026-05-30,zepto,jivo-pomace-olive-oil-1l,Mumbai,400018,379,1049,63.9,1
2026-05-30-1600,2026-05-30,zepto,jivo-pomace-olive-oil-1l,Mumbai,400019,379,1049,63.9,1
2026-05-30-1600,2026-05-30,zepto,jivo-pomace-olive-oil-1l,Mumbai,400020,379,1049,63.9,1
2026-05-30-1600,2026-05-30,zepto,jivo-pomace-olive-oil-1l,Mumbai,400021,379,1049,63.9,1
2026-05-30-1600,2026-05-30,zepto,jivo-pomace-olive-oil-1l,Mumbai,400023,379,1049,63.9,1
2026-05-30-1600,2026-05-30,zepto,jivo-pomace-olive-oil-1l,Mumbai,400025,379,1049,63.9,1
2026-05-30-1600,2026-05-30,zepto,jivo-pomace-olive-oil-1l,Mumbai,400030,379,1049,63.9,1
2026-05-30-1600,2026-05-30,zepto,jivo-pomace-olive-oil-1l,Mumbai,400033,379,1049,63.9,1
2026-05-30-1600,2026-05-30,zepto,jivo-pomace-olive-oil-1l,Mumbai,400041,379,1049,63.9,1
2026-05-30-1600,2026-05-30,zepto,jivo-pomace-olive-oil-1l,Mumbai,400601,379,1049,63.9,1
2026-05-30-1600,2026-05-30,zepto,jivo-pomace-olive-oil-1l,Pune,411004,379,1049,63.9,1
2026-05-30-1600,2026-05-30,zepto,jivo-pomace-olive-oil-1l,Pune,411011,379,1049,63.9,1
2026-05-30-1600,2026-05-30,zepto,jivo-pomace-olive-oil-1l,Pune,411012,379,1049,63.9,1
2026-05-30-1600,2026-05-30,zepto,jivo-pomace-olive-oil-1l,Pune,411015,379,1049,63.9,1
2026-05-30-1600,2026-05-30,zepto,jivo-pomace-olive-oil-1l,Pune,411021,379,1049,63.9,1
2026-05-30-1600,2026-05-30,zepto,jivo-pomace-olive-oil-1l,Pune,411028,379,1049,63.9,1
2026-05-30-1600,2026-05-30,zepto,jivo-pomace-olive-oil-1l,Pune,411036,379,1049,63.9,1
2026-05-30-1600,2026-05-30,zepto,jivo-pomace-olive-oil-1l,Pune,411045,379,1049,63.9,1
2026-05-30-1600,2026-05-30,zepto,jivo-pomace-olive-oil-1l,Pune,411047,379,1049,63.9,1
2026-05-30-1600,2026-05-30,zepto,jivo-pomace-olive-oil-1l,Pune,411051,379,1049,63.9,1
2026-05-30-1600,2026-05-30,zepto,jivo-pomace-olive-oil-1l,Bengaluru,560014,379,1049,63.9,1
2026-05-30-1600,2026-05-30,zepto,jivo-pomace-olive-oil-1l,Bengaluru,560019,379,1049,63.9,1
2026-05-30-1600,2026-05-30,zepto,jivo-pomace-olive-oil-1l,Bengaluru,560028,379,1049,63.9,1
2026-05-30-1600,2026-05-30,zepto,jivo-pomace-olive-oil-1l,Bengaluru,560069,379,1049,63.9,1
2026-05-30-1600,2026-05-30,zepto,jivo-pomace-olive-oil-combo-1l,Delhi,110007,758,2098,63.9,1
2026-05-30-1600,2026-05-30,zepto,jivo-pomace-olive-oil-combo-1l,Delhi,110013,758,2098,63.9,1
2026-05-30-1600,2026-05-30,zepto,jivo-pomace-olive-oil-combo-1l,Delhi,110015,758,2098,63.9,1
2026-05-30-1600,2026-05-30,zepto,jivo-pomace-olive-oil-combo-1l,Delhi,110024,758,2098,63.9,1
2026-05-30-1600,2026-05-30,zepto,jivo-pomace-olive-oil-combo-1l,Delhi,110025,758,2098,63.9,1
2026-05-30-1600,2026-05-30,zepto,jivo-pomace-olive-oil-combo-1l,Delhi,110031,758,2098,63.9,1
2026-05-30-1600,2026-05-30,zepto,jivo-pomace-olive-oil-combo-1l,Delhi,110032,758,2098,63.9,1
2026-05-30-1600,2026-05-30,zepto,jivo-pomace-olive-oil-combo-1l,Delhi,110048,758,2098,63.9,1
2026-05-30-1600,2026-05-30,zepto,jivo-pomace-olive-oil-combo-1l,Delhi,110051,758,2098,63.9,1
2026-05-30-1600,2026-05-30,zepto,jivo-pomace-olive-oil-combo-1l,Delhi,110053,758,2098,63.9,1
2026-05-30-1600,2026-05-30,zepto,jivo-pomace-olive-oil-combo-1l,Delhi,110065,758,2098,63.9,1
2026-05-30-1600,2026-05-30,zepto,jivo-pomace-olive-oil-combo-1l,Delhi,110067,758,2098,63.9,1
2026-05-30-1600,2026-05-30,zepto,jivo-pomace-olive-oil-combo-1l,Delhi,110076,758,2098,63.9,1
2026-05-30-1600,2026-05-30,zepto,jivo-pomace-olive-oil-combo-1l,Delhi,110084,758,2098,63.9,1
2026-05-30-1600,2026-05-30,zepto,jivo-pomace-olive-oil-combo-1l,Delhi,110091,758,2098,63.9,1
2026-05-30-1600,2026-05-30,zepto,jivo-pomace-olive-oil-combo-1l,Delhi,110095,758,2098,63.9,1
2026-05-30-1600,2026-05-30,zepto,jivo-pomace-olive-oil-combo-1l,Faridabad,121001,758,2098,63.9,1
2026-05-30-1600,2026-05-30,zepto,jivo-pomace-olive-oil-combo-1l,Gurgaon,122006,758,2098,63.9,1
2026-05-30-1600,2026-05-30,zepto,jivo-pomace-olive-oil-combo-1l,Ghaziabad,201003,758,2098,63.9,1
2026-05-30-1600,2026-05-30,zepto,jivo-pomace-olive-oil-combo-1l,Mumbai,400003,758,2098,63.9,1
2026-05-30-1600,2026-05-30,zepto,jivo-pomace-olive-oil-combo-1l,Mumbai,400005,758,2098,63.9,1
2026-05-30-1600,2026-05-30,zepto,jivo-pomace-olive-oil-combo-1l,Mumbai,400006,758,2098,63.9,1
2026-05-30-1600,2026-05-30,zepto,jivo-pomace-olive-oil-combo-1l,Mumbai,400007,758,2098,63.9,1
2026-05-30-1600,2026-05-30,zepto,jivo-pomace-olive-oil-combo-1l,Mumbai,400010,758,2098,63.9,1
2026-05-30-1600,2026-05-30,zepto,jivo-pomace-olive-oil-combo-1l,Mumbai,400011,758,2098,63.9,1
2026-05-30-1600,2026-05-30,zepto,jivo-pomace-olive-oil-combo-1l,Mumbai,400012,758,2098,63.9,1
2026-05-30-1600,2026-05-30,zepto,jivo-pomace-olive-oil-combo-1l,Mumbai,400013,758,2098,63.9,1
2026-05-30-1600,2026-05-30,zepto,jivo-pomace-olive-oil-combo-1l,Mumbai,400015,758,2098,63.9,1
2026-05-30-1600,2026-05-30,zepto,jivo-pomace-olive-oil-combo-1l,Mumbai,400019,758,2098,63.9,1
2026-05-30-1600,2026-05-30,zepto,jivo-pomace-olive-oil-combo-1l,Mumbai,400020,758,2098,63.9,1
2026-05-30-1600,2026-05-30,zepto,jivo-pomace-olive-oil-combo-1l,Mumbai,400021,758,2098,63.9,1
2026-05-30-1600,2026-05-30,zepto,jivo-pomace-olive-oil-combo-1l,Mumbai,400023,758,2098,63.9,1
2026-05-30-1600,2026-05-30,zepto,jivo-pomace-olive-oil-combo-1l,Mumbai,400030,758,2098,63.9,1
2026-05-30-1600,2026-05-30,zepto,jivo-pomace-olive-oil-combo-1l,Mumbai,400033,758,2098,63.9,1
2026-05-30-1600,2026-05-30,zepto,jivo-pomace-olive-oil-combo-1l,Bengaluru,560069,758,2098,63.9,1
2026-05-30-1600,2026-05-30,zepto,jivo-sunflower-cold-pressed-oil-healthy-cooking-oil-1l,Delhi,110004,230,275,16.4,1
2026-05-30-1600,2026-05-30,zepto,jivo-sunflower-cold-pressed-oil-healthy-cooking-oil-1l,Delhi,110006,230,275,16.4,1
2026-05-30-1600,2026-05-30,zepto,jivo-sunflower-cold-pressed-oil-healthy-cooking-oil-1l,Delhi,110007,230,275,16.4,1
2026-05-30-1600,2026-05-30,zepto,jivo-sunflower-cold-pressed-oil-healthy-cooking-oil-1l,Delhi,110008,230,275,16.4,1
2026-05-30-1600,2026-05-30,zepto,jivo-sunflower-cold-pressed-oil-healthy-cooking-oil-1l,Delhi,110009,230,275,16.4,1
2026-05-30-1600,2026-05-30,zepto,jivo-sunflower-cold-pressed-oil-healthy-cooking-oil-1l,Delhi,110010,230,275,16.4,1
2026-05-30-1600,2026-05-30,zepto,jivo-sunflower-cold-pressed-oil-healthy-cooking-oil-1l,Delhi,110013,230,275,16.4,1
2026-05-30-1600,2026-05-30,zepto,jivo-sunflower-cold-pressed-oil-healthy-cooking-oil-1l,Delhi,110014,230,275,16.4,1
2026-05-30-1600,2026-05-30,zepto,jivo-sunflower-cold-pressed-oil-healthy-cooking-oil-1l,Delhi,110015,230,275,16.4,1
2026-05-30-1600,2026-05-30,zepto,jivo-sunflower-cold-pressed-oil-healthy-cooking-oil-1l,Delhi,110017,230,275,16.4,1
2026-05-30-1600,2026-05-30,zepto,jivo-sunflower-cold-pressed-oil-healthy-cooking-oil-1l,Delhi,110018,230,275,16.4,1
2026-05-30-1600,2026-05-30,zepto,jivo-sunflower-cold-pressed-oil-healthy-cooking-oil-1l,Delhi,110021,230,275,16.4,1
2026-05-30-1600,2026-05-30,zepto,jivo-sunflower-cold-pressed-oil-healthy-cooking-oil-1l,Delhi,110024,230,275,16.4,1
2026-05-30-1600,2026-05-30,zepto,jivo-sunflower-cold-pressed-oil-healthy-cooking-oil-1l,Delhi,110025,230,275,16.4,1
2026-05-30-1600,2026-05-30,zepto,jivo-sunflower-cold-pressed-oil-healthy-cooking-oil-1l,Delhi,110026,230,275,16.4,1
2026-05-30-1600,2026-05-30,zepto,jivo-sunflower-cold-pressed-oil-healthy-cooking-oil-1l,Delhi,110031,230,275,16.4,1
2026-05-30-1600,2026-05-30,zepto,jivo-sunflower-cold-pressed-oil-healthy-cooking-oil-1l,Delhi,110032,230,275,16.4,1
2026-05-30-1600,2026-05-30,zepto,jivo-sunflower-cold-pressed-oil-healthy-cooking-oil-1l,Delhi,110033,230,275,16.4,1
2026-05-30-1600,2026-05-30,zepto,jivo-sunflower-cold-pressed-oil-healthy-cooking-oil-1l,Delhi,110035,230,275,16.4,1
2026-05-30-1600,2026-05-30,zepto,jivo-sunflower-cold-pressed-oil-healthy-cooking-oil-1l,Delhi,110040,230,275,16.4,1
2026-05-30-1600,2026-05-30,zepto,jivo-sunflower-cold-pressed-oil-healthy-cooking-oil-1l,Delhi,110042,230,275,16.4,1
2026-05-30-1600,2026-05-30,zepto,jivo-sunflower-cold-pressed-oil-healthy-cooking-oil-1l,Delhi,110046,230,275,16.4,1
2026-05-30-1600,2026-05-30,zepto,jivo-sunflower-cold-pressed-oil-healthy-cooking-oil-1l,Delhi,110048,230,275,16.4,1
2026-05-30-1600,2026-05-30,zepto,jivo-sunflower-cold-pressed-oil-healthy-cooking-oil-1l,Delhi,110051,230,275,16.4,1
2026-05-30-1600,2026-05-30,zepto,jivo-sunflower-cold-pressed-oil-healthy-cooking-oil-1l,Delhi,110053,230,275,16.4,1
2026-05-30-1600,2026-05-30,zepto,jivo-sunflower-cold-pressed-oil-healthy-cooking-oil-1l,Delhi,110062,230,275,16.4,1
2026-05-30-1600,2026-05-30,zepto,jivo-sunflower-cold-pressed-oil-healthy-cooking-oil-1l,Delhi,110065,230,275,16.4,1
2026-05-30-1600,2026-05-30,zepto,jivo-sunflower-cold-pressed-oil-healthy-cooking-oil-1l,Delhi,110067,230,275,16.4,1
2026-05-30-1600,2026-05-30,zepto,jivo-sunflower-cold-pressed-oil-healthy-cooking-oil-1l,Delhi,110076,230,275,16.4,1
2026-05-30-1600,2026-05-30,zepto,jivo-sunflower-cold-pressed-oil-healthy-cooking-oil-1l,Delhi,110084,230,275,16.4,1
2026-05-30-1600,2026-05-30,zepto,jivo-sunflower-cold-pressed-oil-healthy-cooking-oil-1l,Delhi,110085,230,275,16.4,1
2026-05-30-1600,2026-05-30,zepto,jivo-sunflower-cold-pressed-oil-healthy-cooking-oil-1l,Delhi,110090,230,275,16.4,1
2026-05-30-1600,2026-05-30,zepto,jivo-sunflower-cold-pressed-oil-healthy-cooking-oil-1l,Delhi,110091,230,275,16.4,1
2026-05-30-1600,2026-05-30,zepto,jivo-sunflower-cold-pressed-oil-healthy-cooking-oil-1l,Delhi,110092,230,275,16.4,1
2026-05-30-1600,2026-05-30,zepto,jivo-sunflower-cold-pressed-oil-healthy-cooking-oil-1l,Delhi,110095,230,275,16.4,1
2026-05-30-1600,2026-05-30,zepto,jivo-sunflower-cold-pressed-oil-healthy-cooking-oil-1l,Faridabad,121001,230,275,16.4,1
2026-05-30-1600,2026-05-30,zepto,jivo-sunflower-cold-pressed-oil-healthy-cooking-oil-1l,Gurgaon,122004,230,275,16.4,1
2026-05-30-1600,2026-05-30,zepto,jivo-sunflower-cold-pressed-oil-healthy-cooking-oil-1l,Gurgaon,122006,230,275,16.4,1
2026-05-30-1600,2026-05-30,zepto,jivo-sunflower-cold-pressed-oil-healthy-cooking-oil-1l,Gurgaon,122010,230,275,16.4,1
2026-05-30-1600,2026-05-30,zepto,jivo-sunflower-cold-pressed-oil-healthy-cooking-oil-1l,Gurgaon,122051,230,275,16.4,1
2026-05-30-1600,2026-05-30,zepto,jivo-sunflower-cold-pressed-oil-healthy-cooking-oil-1l,Gurgaon,122101,230,275,16.4,1
2026-05-30-1600,2026-05-30,zepto,jivo-sunflower-cold-pressed-oil-healthy-cooking-oil-1l,Ghaziabad,201003,230,275,16.4,1
2026-05-30-1600,2026-05-30,zepto,jivo-sunflower-cold-pressed-oil-healthy-cooking-oil-1l,Ghaziabad,201005,230,275,16.4,1
2026-05-30-1600,2026-05-30,zepto,jivo-sunflower-cold-pressed-oil-healthy-cooking-oil-1l,Ghaziabad,201009,217,275,21.1,1
2026-05-30-1600,2026-05-30,zepto,jivo-sunflower-cold-pressed-oil-healthy-cooking-oil-1l,Noida,201307,230,275,16.4,1
2026-05-30-1600,2026-05-30,zepto,jivo-sunflower-cold-pressed-oil-healthy-cooking-oil-1l,Noida,201309,230,275,16.4,1
2026-05-30-1600,2026-05-30,zepto,jivo-sunflower-cold-pressed-oil-healthy-cooking-oil-1l,Noida,201310,230,275,16.4,1
2026-05-30-1600,2026-05-30,zepto,jivo-sunflower-cold-pressed-oil-healthy-cooking-oil-1l,Mumbai,400005,230,275,16.4,1
2026-05-30-1600,2026-05-30,zepto,jivo-sunflower-cold-pressed-oil-healthy-cooking-oil-1l,Mumbai,400018,230,275,16.4,1
2026-05-30-1600,2026-05-30,zepto,jivo-sunflower-cold-pressed-oil-healthy-cooking-oil-1l,Mumbai,400025,230,275,16.4,1
2026-05-30-1600,2026-05-30,zepto,jivo-sunflower-cold-pressed-oil-healthy-cooking-oil-1l,Mumbai,400601,230,275,16.4,1
2026-05-30-1600,2026-05-30,zepto,jivo-sunflower-cold-pressed-oil-healthy-cooking-oil-1l,Mumbai,400611,230,275,16.4,1
2026-05-30-1600,2026-05-30,zepto,jivo-sunflower-cold-pressed-oil-healthy-cooking-oil-1l,Mumbai,400703,230,275,16.4,1
2026-05-30-1600,2026-05-30,zepto,jivo-sunflower-cold-pressed-oil-healthy-cooking-oil-1l,Bengaluru,560014,230,275,16.4,1
2026-05-31-0900,2026-05-31,zepto,jivo-cold-press-canola-oil-combo-bottle-2l,Delhi,110004,485,750,35.3,1
2026-05-31-0900,2026-05-31,zepto,jivo-cold-press-canola-oil-combo-bottle-2l,Delhi,110006,485,750,35.3,1
2026-05-31-0900,2026-05-31,zepto,jivo-cold-press-canola-oil-combo-bottle-2l,Delhi,110008,485,750,35.3,1
2026-05-31-0900,2026-05-31,zepto,jivo-cold-press-canola-oil-combo-bottle-2l,Delhi,110009,485,750,35.3,1
2026-05-31-0900,2026-05-31,zepto,jivo-cold-press-canola-oil-combo-bottle-2l,Delhi,110010,485,750,35.3,1
2026-05-31-0900,2026-05-31,zepto,jivo-cold-press-canola-oil-combo-bottle-2l,Delhi,110013,485,750,35.3,1
2026-05-31-0900,2026-05-31,zepto,jivo-cold-press-canola-oil-combo-bottle-2l,Delhi,110014,485,750,35.3,1
2026-05-31-0900,2026-05-31,zepto,jivo-cold-press-canola-oil-combo-bottle-2l,Delhi,110015,485,750,35.3,1
2026-05-31-0900,2026-05-31,zepto,jivo-cold-press-canola-oil-combo-bottle-2l,Delhi,110017,519,750,30.8,1
2026-05-31-0900,2026-05-31,zepto,jivo-cold-press-canola-oil-combo-bottle-2l,Delhi,110025,485,750,35.3,1
2026-05-31-0900,2026-05-31,zepto,jivo-cold-press-canola-oil-combo-bottle-2l,Delhi,110031,485,750,35.3,1
2026-05-31-0900,2026-05-31,zepto,jivo-cold-press-canola-oil-combo-bottle-2l,Delhi,110032,485,750,35.3,1
2026-05-31-0900,2026-05-31,zepto,jivo-cold-press-canola-oil-combo-bottle-2l,Delhi,110035,519,750,30.8,1
2026-05-31-0900,2026-05-31,zepto,jivo-cold-press-canola-oil-combo-bottle-2l,Delhi,110040,485,750,35.3,1
2026-05-31-0900,2026-05-31,zepto,jivo-cold-press-canola-oil-combo-bottle-2l,Delhi,110042,485,750,35.3,1
2026-05-31-0900,2026-05-31,zepto,jivo-cold-press-canola-oil-combo-bottle-2l,Delhi,110048,485,750,35.3,1
2026-05-31-0900,2026-05-31,zepto,jivo-cold-press-canola-oil-combo-bottle-2l,Delhi,110053,485,750,35.3,1
2026-05-31-0900,2026-05-31,zepto,jivo-cold-press-canola-oil-combo-bottle-2l,Delhi,110062,485,750,35.3,1
2026-05-31-0900,2026-05-31,zepto,jivo-cold-press-canola-oil-combo-bottle-2l,Delhi,110065,485,750,35.3,1
2026-05-31-0900,2026-05-31,zepto,jivo-cold-press-canola-oil-combo-bottle-2l,Delhi,110076,485,750,35.3,1
2026-05-31-0900,2026-05-31,zepto,jivo-cold-press-canola-oil-combo-bottle-2l,Delhi,110085,485,750,35.3,1
2026-05-31-0900,2026-05-31,zepto,jivo-cold-press-canola-oil-combo-bottle-2l,Delhi,110091,485,750,35.3,1
2026-05-31-0900,2026-05-31,zepto,jivo-cold-press-canola-oil-combo-bottle-2l,Delhi,110092,519,750,30.8,1
2026-05-31-0900,2026-05-31,zepto,jivo-cold-press-canola-oil-combo-bottle-2l,Delhi,110095,485,750,35.3,1
2026-05-31-0900,2026-05-31,zepto,jivo-cold-press-canola-oil-combo-bottle-2l,Ludhiana,141015,485,750,35.3,1
2026-05-31-0900,2026-05-31,zepto,jivo-cold-press-canola-oil-combo-bottle-2l,Ludhiana,142036,485,750,35.3,1
2026-05-31-0900,2026-05-31,zepto,jivo-cold-press-canola-oil-combo-bottle-2l,Bengaluru,560069,485,750,35.3,1
2026-05-31-0900,2026-05-31,zepto,jivo-daily-pomace-olive-oil-2l,Bengaluru,560014,941,1449,35.1,1
2026-05-31-0900,2026-05-31,zepto,jivo-extra-light-olive-oil-1l,Delhi,110004,499,1499,66.7,1
2026-05-31-0900,2026-05-31,zepto,jivo-extra-light-olive-oil-1l,Delhi,110006,499,1499,66.7,1
2026-05-31-0900,2026-05-31,zepto,jivo-extra-light-olive-oil-1l,Delhi,110007,499,1499,66.7,1
2026-05-31-0900,2026-05-31,zepto,jivo-extra-light-olive-oil-1l,Delhi,110008,499,1499,66.7,1
2026-05-31-0900,2026-05-31,zepto,jivo-extra-light-olive-oil-1l,Delhi,110009,499,1499,66.7,1
2026-05-31-0900,2026-05-31,zepto,jivo-extra-light-olive-oil-1l,Delhi,110010,499,1499,66.7,1
2026-05-31-0900,2026-05-31,zepto,jivo-extra-light-olive-oil-1l,Delhi,110013,499,1499,66.7,1
2026-05-31-0900,2026-05-31,zepto,jivo-extra-light-olive-oil-1l,Delhi,110014,499,1499,66.7,1
2026-05-31-0900,2026-05-31,zepto,jivo-extra-light-olive-oil-1l,Delhi,110015,499,1499,66.7,1
2026-05-31-0900,2026-05-31,zepto,jivo-extra-light-olive-oil-1l,Delhi,110017,499,1499,66.7,1
2026-05-31-0900,2026-05-31,zepto,jivo-extra-light-olive-oil-1l,Delhi,110018,499,1499,66.7,1
2026-05-31-0900,2026-05-31,zepto,jivo-extra-light-olive-oil-1l,Delhi,110024,499,1499,66.7,1
2026-05-31-0900,2026-05-31,zepto,jivo-extra-light-olive-oil-1l,Delhi,110025,499,1499,66.7,1
2026-05-31-0900,2026-05-31,zepto,jivo-extra-light-olive-oil-1l,Delhi,110026,499,1499,66.7,1
2026-05-31-0900,2026-05-31,zepto,jivo-extra-light-olive-oil-1l,Delhi,110031,499,1499,66.7,1
2026-05-31-0900,2026-05-31,zepto,jivo-extra-light-olive-oil-1l,Delhi,110032,499,1499,66.7,1
2026-05-31-0900,2026-05-31,zepto,jivo-extra-light-olive-oil-1l,Delhi,110035,499,1499,66.7,1
2026-05-31-0900,2026-05-31,zepto,jivo-extra-light-olive-oil-1l,Delhi,110040,499,1499,66.7,1
2026-05-31-0900,2026-05-31,zepto,jivo-extra-light-olive-oil-1l,Delhi,110042,499,1499,66.7,1
2026-05-31-0900,2026-05-31,zepto,jivo-extra-light-olive-oil-1l,Delhi,110046,499,1499,66.7,1
2026-05-31-0900,2026-05-31,zepto,jivo-extra-light-olive-oil-1l,Delhi,110048,499,1499,66.7,1
2026-05-31-0900,2026-05-31,zepto,jivo-extra-light-olive-oil-1l,Delhi,110051,499,1499,66.7,1
2026-05-31-0900,2026-05-31,zepto,jivo-extra-light-olive-oil-1l,Delhi,110053,499,1499,66.7,1
2026-05-31-0900,2026-05-31,zepto,jivo-extra-light-olive-oil-1l,Delhi,110062,499,1499,66.7,1
2026-05-31-0900,2026-05-31,zepto,jivo-extra-light-olive-oil-1l,Delhi,110065,499,1499,66.7,1
2026-05-31-0900,2026-05-31,zepto,jivo-extra-light-olive-oil-1l,Delhi,110067,499,1499,66.7,1
2026-05-31-0900,2026-05-31,zepto,jivo-extra-light-olive-oil-1l,Delhi,110076,499,1499,66.7,1
2026-05-31-0900,2026-05-31,zepto,jivo-extra-light-olive-oil-1l,Delhi,110084,499,1499,66.7,1
2026-05-31-0900,2026-05-31,zepto,jivo-extra-light-olive-oil-1l,Delhi,110085,499,1499,66.7,1
2026-05-31-0900,2026-05-31,zepto,jivo-extra-light-olive-oil-1l,Delhi,110088,499,1499,66.7,1
2026-05-31-0900,2026-05-31,zepto,jivo-extra-light-olive-oil-1l,Delhi,110090,499,1499,66.7,1
2026-05-31-0900,2026-05-31,zepto,jivo-extra-light-olive-oil-1l,Delhi,110091,499,1499,66.7,1
2026-05-31-0900,2026-05-31,zepto,jivo-extra-light-olive-oil-1l,Delhi,110092,499,1499,66.7,1
2026-05-31-0900,2026-05-31,zepto,jivo-extra-light-olive-oil-1l,Delhi,110095,499,1499,66.7,1
2026-05-31-0900,2026-05-31,zepto,jivo-extra-light-olive-oil-1l,Faridabad,121011,499,1499,66.7,1
2026-05-31-0900,2026-05-31,zepto,jivo-extra-light-olive-oil-1l,Gurgaon,122004,499,1499,66.7,1
2026-05-31-0900,2026-05-31,zepto,jivo-extra-light-olive-oil-1l,Gurgaon,122006,499,1499,66.7,1
2026-05-31-0900,2026-05-31,zepto,jivo-extra-light-olive-oil-1l,Gurgaon,122010,499,1499,66.7,1
2026-05-31-0900,2026-05-31,zepto,jivo-extra-light-olive-oil-1l,Gurgaon,122051,499,1499,66.7,1
2026-05-31-0900,2026-05-31,zepto,jivo-extra-light-olive-oil-1l,Gurgaon,122101,499,1499,66.7,1
2026-05-31-0900,2026-05-31,zepto,jivo-extra-light-olive-oil-1l,Ludhiana,141015,499,1499,66.7,1
2026-05-31-0900,2026-05-31,zepto,jivo-extra-light-olive-oil-1l,Ludhiana,142022,499,1499,66.7,1
2026-05-31-0900,2026-05-31,zepto,jivo-extra-light-olive-oil-1l,Ludhiana,142036,499,1499,66.7,1
2026-05-31-0900,2026-05-31,zepto,jivo-extra-light-olive-oil-1l,Chandigarh,160011,499,1499,66.7,1
2026-05-31-0900,2026-05-31,zepto,jivo-extra-light-olive-oil-1l,Chandigarh,160021,499,1499,66.7,1
2026-05-31-0900,2026-05-31,zepto,jivo-extra-light-olive-oil-1l,Chandigarh,160035,499,1499,66.7,1
2026-05-31-0900,2026-05-31,zepto,jivo-extra-light-olive-oil-1l,Chandigarh,160043,499,1499,66.7,1
2026-05-31-0900,2026-05-31,zepto,jivo-extra-light-olive-oil-1l,Ghaziabad,201003,499,1499,66.7,1
2026-05-31-0900,2026-05-31,zepto,jivo-extra-light-olive-oil-1l,Ghaziabad,201005,499,1499,66.7,1
2026-05-31-0900,2026-05-31,zepto,jivo-extra-light-olive-oil-1l,Ghaziabad,201009,499,1499,66.7,1
2026-05-31-0900,2026-05-31,zepto,jivo-extra-light-olive-oil-1l,Noida,201307,499,1499,66.7,1
2026-05-31-0900,2026-05-31,zepto,jivo-extra-light-olive-oil-1l,Noida,201309,499,1499,66.7,1
2026-05-31-0900,2026-05-31,zepto,jivo-extra-light-olive-oil-1l,Noida,201310,499,1499,66.7,1
2026-05-31-0900,2026-05-31,zepto,jivo-extra-light-olive-oil-1l,Mumbai,400003,499,1499,66.7,1
2026-05-31-0900,2026-05-31,zepto,jivo-extra-light-olive-oil-1l,Mumbai,400005,499,1499,66.7,1
2026-05-31-0900,2026-05-31,zepto,jivo-extra-light-olive-oil-1l,Mumbai,400006,499,1499,66.7,1
2026-05-31-0900,2026-05-31,zepto,jivo-extra-light-olive-oil-1l,Mumbai,400007,499,1499,66.7,1
2026-05-31-0900,2026-05-31,zepto,jivo-extra-light-olive-oil-1l,Mumbai,400010,499,1499,66.7,1
2026-05-31-0900,2026-05-31,zepto,jivo-extra-light-olive-oil-1l,Mumbai,400011,499,1499,66.7,1
2026-05-31-0900,2026-05-31,zepto,jivo-extra-light-olive-oil-1l,Mumbai,400012,499,1499,66.7,1
2026-05-31-0900,2026-05-31,zepto,jivo-extra-light-olive-oil-1l,Mumbai,400013,499,1499,66.7,1
2026-05-31-0900,2026-05-31,zepto,jivo-extra-light-olive-oil-1l,Mumbai,400015,499,1499,66.7,1
2026-05-31-0900,2026-05-31,zepto,jivo-extra-light-olive-oil-1l,Mumbai,400017,499,1499,66.7,1
2026-05-31-0900,2026-05-31,zepto,jivo-extra-light-olive-oil-1l,Mumbai,400018,499,1499,66.7,1
2026-05-31-0900,2026-05-31,zepto,jivo-extra-light-olive-oil-1l,Mumbai,400019,499,1499,66.7,1
2026-05-31-0900,2026-05-31,zepto,jivo-extra-light-olive-oil-1l,Mumbai,400020,499,1499,66.7,1
2026-05-31-0900,2026-05-31,zepto,jivo-extra-light-olive-oil-1l,Mumbai,400021,499,1499,66.7,1
2026-05-31-0900,2026-05-31,zepto,jivo-extra-light-olive-oil-1l,Mumbai,400023,499,1499,66.7,1
2026-05-31-0900,2026-05-31,zepto,jivo-extra-light-olive-oil-1l,Mumbai,400025,499,1499,66.7,1
2026-05-31-0900,2026-05-31,zepto,jivo-extra-light-olive-oil-1l,Mumbai,400030,499,1499,66.7,1
2026-05-31-0900,2026-05-31,zepto,jivo-extra-light-olive-oil-1l,Mumbai,400033,499,1499,66.7,1
2026-05-31-0900,2026-05-31,zepto,jivo-extra-light-olive-oil-1l,Mumbai,400041,499,1499,66.7,1
2026-05-31-0900,2026-05-31,zepto,jivo-extra-light-olive-oil-1l,Mumbai,400090,499,1499,66.7,1
2026-05-31-0900,2026-05-31,zepto,jivo-extra-light-olive-oil-1l,Mumbai,400601,499,1499,66.7,1
2026-05-31-0900,2026-05-31,zepto,jivo-extra-light-olive-oil-1l,Mumbai,400611,499,1499,66.7,1
2026-05-31-0900,2026-05-31,zepto,jivo-extra-light-olive-oil-1l,Mumbai,400703,499,1499,66.7,1
2026-05-31-0900,2026-05-31,zepto,jivo-extra-light-olive-oil-1l,Pune,411004,499,1499,66.7,1
2026-05-31-0900,2026-05-31,zepto,jivo-extra-light-olive-oil-1l,Pune,411006,499,1499,66.7,1
2026-05-31-0900,2026-05-31,zepto,jivo-extra-light-olive-oil-1l,Pune,411011,499,1499,66.7,1
2026-05-31-0900,2026-05-31,zepto,jivo-extra-light-olive-oil-1l,Pune,411012,499,1499,66.7,1
2026-05-31-0900,2026-05-31,zepto,jivo-extra-light-olive-oil-1l,Pune,411014,499,1499,66.7,1
2026-05-31-0900,2026-05-31,zepto,jivo-extra-light-olive-oil-1l,Pune,411015,499,1499,66.7,1
2026-05-31-0900,2026-05-31,zepto,jivo-extra-light-olive-oil-1l,Pune,411021,499,1499,66.7,1
2026-05-31-0900,2026-05-31,zepto,jivo-extra-light-olive-oil-1l,Pune,411028,499,1499,66.7,1
2026-05-31-0900,2026-05-31,zepto,jivo-extra-light-olive-oil-1l,Pune,411036,499,1499,66.7,1
2026-05-31-0900,2026-05-31,zepto,jivo-extra-light-olive-oil-1l,Pune,411045,499,1499,66.7,1
2026-05-31-0900,2026-05-31,zepto,jivo-extra-light-olive-oil-1l,Pune,411047,499,1499,66.7,1
2026-05-31-0900,2026-05-31,zepto,jivo-extra-light-olive-oil-1l,Pune,411051,499,1499,66.7,1
2026-05-31-0900,2026-05-31,zepto,jivo-extra-light-olive-oil-1l,Bengaluru,560014,499,1499,66.7,1
2026-05-31-0900,2026-05-31,zepto,jivo-extra-light-olive-oil-1l,Bengaluru,560069,499,1499,66.7,1
2026-05-31-0900,2026-05-31,zepto,jivo-extra-light-olive-oil-2l,Delhi,110010,1504,2799,46.3,1
2026-05-31-0900,2026-05-31,zepto,jivo-extra-light-olive-oil-2l,Delhi,110014,1504,2799,46.3,1
2026-05-31-0900,2026-05-31,zepto,jivo-extra-light-olive-oil-2l,Delhi,110040,1504,2799,46.3,1
2026-05-31-0900,2026-05-31,zepto,jivo-extra-light-olive-oil-2l,Delhi,110042,1504,2799,46.3,1
2026-05-31-0900,2026-05-31,zepto,jivo-extra-light-olive-oil-2l,Delhi,110062,1504,2799,46.3,1
2026-05-31-0900,2026-05-31,zepto,jivo-extra-light-olive-oil-2l,Delhi,110067,1504,2799,46.3,1
2026-05-31-0900,2026-05-31,zepto,jivo-extra-light-olive-oil-2l,Delhi,110084,1504,2799,46.3,1
2026-05-31-0900,2026-05-31,zepto,jivo-extra-light-olive-oil-2l,Delhi,110088,1140,2799,59.3,1
2026-05-31-0900,2026-05-31,zepto,jivo-extra-light-olive-oil-2l,Delhi,110090,1504,2799,46.3,1
2026-05-31-0900,2026-05-31,zepto,jivo-extra-light-olive-oil-2l,Gurgaon,122051,1504,2799,46.3,1
2026-05-31-0900,2026-05-31,zepto,jivo-extra-light-olive-oil-2l,Gurgaon,122101,1504,2799,46.3,1
2026-05-31-0900,2026-05-31,zepto,jivo-extra-light-olive-oil-2l,Ghaziabad,201003,1504,2799,46.3,1
2026-05-31-0900,2026-05-31,zepto,jivo-extra-light-olive-oil-2l,Ghaziabad,201009,1144,2799,59.1,1
2026-05-31-0900,2026-05-31,zepto,jivo-extra-light-olive-oil-2l,Noida,201309,1504,2799,46.3,1
2026-05-31-0900,2026-05-31,zepto,jivo-extra-light-olive-oil-2l,Noida,201310,1504,2799,46.3,1
2026-05-31-0900,2026-05-31,zepto,jivo-extra-light-olive-oil-2l,Mumbai,400005,1505,2799,46.2,1
2026-05-31-0900,2026-05-31,zepto,jivo-extra-light-olive-oil-2l,Mumbai,400006,1505,2799,46.2,1
2026-05-31-0900,2026-05-31,zepto,jivo-extra-light-olive-oil-2l,Mumbai,400007,1505,2799,46.2,1
2026-05-31-0900,2026-05-31,zepto,jivo-extra-light-olive-oil-2l,Mumbai,400010,1505,2799,46.2,1
2026-05-31-0900,2026-05-31,zepto,jivo-extra-light-olive-oil-2l,Mumbai,400011,1505,2799,46.2,1
2026-05-31-0900,2026-05-31,zepto,jivo-extra-light-olive-oil-2l,Mumbai,400012,1505,2799,46.2,1
2026-05-31-0900,2026-05-31,zepto,jivo-extra-light-olive-oil-2l,Mumbai,400013,1505,2799,46.2,1
2026-05-31-0900,2026-05-31,zepto,jivo-extra-light-olive-oil-2l,Mumbai,400015,1505,2799,46.2,1
2026-05-31-0900,2026-05-31,zepto,jivo-extra-light-olive-oil-2l,Mumbai,400017,1505,2799,46.2,1
2026-05-31-0900,2026-05-31,zepto,jivo-extra-light-olive-oil-2l,Mumbai,400018,1505,2799,46.2,1
2026-05-31-0900,2026-05-31,zepto,jivo-extra-light-olive-oil-2l,Mumbai,400019,1505,2799,46.2,1
2026-05-31-0900,2026-05-31,zepto,jivo-extra-light-olive-oil-2l,Mumbai,400020,1505,2799,46.2,1
2026-05-31-0900,2026-05-31,zepto,jivo-extra-light-olive-oil-2l,Mumbai,400023,1505,2799,46.2,1
2026-05-31-0900,2026-05-31,zepto,jivo-extra-light-olive-oil-2l,Mumbai,400025,1505,2799,46.2,1
2026-05-31-0900,2026-05-31,zepto,jivo-extra-light-olive-oil-2l,Mumbai,400030,1505,2799,46.2,1
2026-05-31-0900,2026-05-31,zepto,jivo-extra-light-olive-oil-2l,Mumbai,400033,1505,2799,46.2,1
2026-05-31-0900,2026-05-31,zepto,jivo-extra-light-olive-oil-2l,Mumbai,400090,1505,2799,46.2,1
2026-05-31-0900,2026-05-31,zepto,jivo-extra-light-olive-oil-2l,Mumbai,400601,1505,2799,46.2,1
2026-05-31-0900,2026-05-31,zepto,jivo-extra-light-olive-oil-2l,Mumbai,400611,1505,2799,46.2,1
2026-05-31-0900,2026-05-31,zepto,jivo-extra-light-olive-oil-2l,Mumbai,400703,1505,2799,46.2,1
2026-05-31-0900,2026-05-31,zepto,jivo-extra-light-olive-oil-combo-1l,Delhi,110004,998,2998,66.7,1
2026-05-31-0900,2026-05-31,zepto,jivo-extra-light-olive-oil-combo-1l,Delhi,110007,998,2998,66.7,1
2026-05-31-0900,2026-05-31,zepto,jivo-extra-light-olive-oil-combo-1l,Delhi,110015,998,2998,66.7,1
2026-05-31-0900,2026-05-31,zepto,jivo-extra-light-olive-oil-combo-1l,Delhi,110024,998,2998,66.7,1
2026-05-31-0900,2026-05-31,zepto,jivo-extra-light-olive-oil-combo-1l,Delhi,110025,998,2998,66.7,1
2026-05-31-0900,2026-05-31,zepto,jivo-extra-light-olive-oil-combo-1l,Delhi,110026,998,2998,66.7,1
2026-05-31-0900,2026-05-31,zepto,jivo-extra-light-olive-oil-combo-1l,Delhi,110031,998,2998,66.7,1
2026-05-31-0900,2026-05-31,zepto,jivo-extra-light-olive-oil-combo-1l,Delhi,110032,998,2998,66.7,1
2026-05-31-0900,2026-05-31,zepto,jivo-extra-light-olive-oil-combo-1l,Delhi,110040,998,2998,66.7,1
2026-05-31-0900,2026-05-31,zepto,jivo-extra-light-olive-oil-combo-1l,Delhi,110051,998,2998,66.7,1
2026-05-31-0900,2026-05-31,zepto,jivo-extra-light-olive-oil-combo-1l,Delhi,110053,998,2998,66.7,1
2026-05-31-0900,2026-05-31,zepto,jivo-extra-light-olive-oil-combo-1l,Delhi,110067,998,2998,66.7,1
2026-05-31-0900,2026-05-31,zepto,jivo-extra-light-olive-oil-combo-1l,Delhi,110084,998,2998,66.7,1
2026-05-31-0900,2026-05-31,zepto,jivo-extra-light-olive-oil-combo-1l,Delhi,110085,998,2998,66.7,1
2026-05-31-0900,2026-05-31,zepto,jivo-extra-light-olive-oil-combo-1l,Delhi,110091,998,2998,66.7,1
2026-05-31-0900,2026-05-31,zepto,jivo-extra-light-olive-oil-combo-1l,Delhi,110095,998,2998,66.7,1
2026-05-31-0900,2026-05-31,zepto,jivo-extra-light-olive-oil-combo-1l,Gurgaon,122006,998,2998,66.7,1
2026-05-31-0900,2026-05-31,zepto,jivo-extra-light-olive-oil-combo-1l,Gurgaon,122051,998,2998,66.7,1
2026-05-31-0900,2026-05-31,zepto,jivo-extra-light-olive-oil-combo-1l,Gurgaon,122101,998,2998,66.7,1
2026-05-31-0900,2026-05-31,zepto,jivo-extra-light-olive-oil-combo-1l,Noida,201309,998,2998,66.7,1
2026-05-31-0900,2026-05-31,zepto,jivo-extra-light-olive-oil-combo-1l,Noida,201310,998,2998,66.7,1
2026-05-31-0900,2026-05-31,zepto,jivo-extra-light-olive-oil-combo-1l,Mumbai,400003,998,2998,66.7,1
2026-05-31-0900,2026-05-31,zepto,jivo-extra-light-olive-oil-combo-1l,Mumbai,400005,998,2998,66.7,1
2026-05-31-0900,2026-05-31,zepto,jivo-extra-light-olive-oil-combo-1l,Mumbai,400006,998,2998,66.7,1
2026-05-31-0900,2026-05-31,zepto,jivo-extra-light-olive-oil-combo-1l,Mumbai,400007,998,2998,66.7,1
2026-05-31-0900,2026-05-31,zepto,jivo-extra-light-olive-oil-combo-1l,Mumbai,400010,998,2998,66.7,1
2026-05-31-0900,2026-05-31,zepto,jivo-extra-light-olive-oil-combo-1l,Mumbai,400011,998,2998,66.7,1
2026-05-31-0900,2026-05-31,zepto,jivo-extra-light-olive-oil-combo-1l,Mumbai,400012,998,2998,66.7,1
2026-05-31-0900,2026-05-31,zepto,jivo-extra-light-olive-oil-combo-1l,Mumbai,400013,998,2998,66.7,1
2026-05-31-0900,2026-05-31,zepto,jivo-extra-light-olive-oil-combo-1l,Mumbai,400015,998,2998,66.7,1
2026-05-31-0900,2026-05-31,zepto,jivo-extra-light-olive-oil-combo-1l,Mumbai,400019,998,2998,66.7,1
2026-05-31-0900,2026-05-31,zepto,jivo-extra-light-olive-oil-combo-1l,Mumbai,400020,998,2998,66.7,1
2026-05-31-0900,2026-05-31,zepto,jivo-extra-light-olive-oil-combo-1l,Mumbai,400021,998,2998,66.7,1
2026-05-31-0900,2026-05-31,zepto,jivo-extra-light-olive-oil-combo-1l,Mumbai,400023,998,2998,66.7,1
2026-05-31-0900,2026-05-31,zepto,jivo-extra-light-olive-oil-combo-1l,Mumbai,400030,998,2998,66.7,1
2026-05-31-0900,2026-05-31,zepto,jivo-extra-light-olive-oil-combo-1l,Mumbai,400033,998,2998,66.7,1
2026-05-31-0900,2026-05-31,zepto,jivo-extra-light-olive-oil-combo-1l,Mumbai,400601,998,2998,66.7,1
2026-05-31-0900,2026-05-31,zepto,jivo-extra-light-olive-oil-combo-1l,Mumbai,400611,998,2998,66.7,1
2026-05-31-0900,2026-05-31,zepto,jivo-extra-light-olive-oil-combo-1l,Pune,411011,998,2998,66.7,1
2026-05-31-0900,2026-05-31,zepto,jivo-extra-light-olive-oil-combo-1l,Pune,411015,998,2998,66.7,1
2026-05-31-0900,2026-05-31,zepto,jivo-extra-light-olive-oil-combo-1l,Pune,411021,998,2998,66.7,1
2026-05-31-0900,2026-05-31,zepto,jivo-extra-light-olive-oil-combo-1l,Pune,411045,998,2998,66.7,1
2026-05-31-0900,2026-05-31,zepto,jivo-extra-light-olive-oil-combo-1l,Pune,411047,998,2998,66.7,1
2026-05-31-0900,2026-05-31,zepto,jivo-extra-light-olive-oil-combo-1l,Pune,411051,998,2998,66.7,1
2026-05-31-0900,2026-05-31,zepto,jivo-extra-light-olive-oil-combo-1l,Bengaluru,560069,998,2998,66.7,1
2026-05-31-0900,2026-05-31,zepto,jivo-extra-light-olive-oil-combo-2l,Delhi,110014,3008,5598,46.3,1
2026-05-31-0900,2026-05-31,zepto,jivo-extra-light-olive-oil-combo-2l,Delhi,110040,3008,5598,46.3,1
2026-05-31-0900,2026-05-31,zepto,jivo-extra-light-olive-oil-combo-2l,Delhi,110062,3008,5598,46.3,1
2026-05-31-0900,2026-05-31,zepto,jivo-extra-light-olive-oil-combo-2l,Delhi,110084,3008,5598,46.3,1
2026-05-31-0900,2026-05-31,zepto,jivo-extra-light-olive-oil-combo-2l,Gurgaon,122051,3008,5598,46.3,1
2026-05-31-0900,2026-05-31,zepto,jivo-extra-light-olive-oil-combo-2l,Gurgaon,122101,3008,5598,46.3,1
2026-05-31-0900,2026-05-31,zepto,jivo-extra-light-olive-oil-combo-2l,Noida,201310,3008,5598,46.3,1
2026-05-31-0900,2026-05-31,zepto,jivo-extra-light-olive-oil-combo-2l,Mumbai,400005,3010,5598,46.2,1
2026-05-31-0900,2026-05-31,zepto,jivo-extra-light-olive-oil-combo-2l,Mumbai,400006,3010,5598,46.2,1
2026-05-31-0900,2026-05-31,zepto,jivo-extra-light-olive-oil-combo-2l,Mumbai,400007,3010,5598,46.2,1
2026-05-31-0900,2026-05-31,zepto,jivo-extra-light-olive-oil-combo-2l,Mumbai,400010,3010,5598,46.2,1
2026-05-31-0900,2026-05-31,zepto,jivo-extra-light-olive-oil-combo-2l,Mumbai,400012,3010,5598,46.2,1
2026-05-31-0900,2026-05-31,zepto,jivo-extra-light-olive-oil-combo-2l,Mumbai,400013,3010,5598,46.2,1
2026-05-31-0900,2026-05-31,zepto,jivo-extra-light-olive-oil-combo-2l,Mumbai,400015,3010,5598,46.2,1
2026-05-31-0900,2026-05-31,zepto,jivo-extra-light-olive-oil-combo-2l,Mumbai,400023,3010,5598,46.2,1
2026-05-31-0900,2026-05-31,zepto,jivo-extra-light-olive-oil-combo-2l,Mumbai,400030,3010,5598,46.2,1
2026-05-31-0900,2026-05-31,zepto,jivo-extra-light-olive-oil-combo-2l,Mumbai,400033,3010,5598,46.2,1
2026-05-31-0900,2026-05-31,zepto,jivo-extra-light-olive-oil-combo-2l,Mumbai,400601,3010,5598,46.2,1
2026-05-31-0900,2026-05-31,zepto,jivo-extra-light-olive-oil-combo-2l,Mumbai,400611,3010,5598,46.2,1
2026-05-31-0900,2026-05-31,zepto,jivo-groundnut-cold-pressed-oil-healthy-cooking-oil-1l,Delhi,110004,199,560,64.5,1
2026-05-31-0900,2026-05-31,zepto,jivo-groundnut-cold-pressed-oil-healthy-cooking-oil-1l,Delhi,110006,199,560,64.5,1
2026-05-31-0900,2026-05-31,zepto,jivo-groundnut-cold-pressed-oil-healthy-cooking-oil-1l,Delhi,110007,199,560,64.5,1
2026-05-31-0900,2026-05-31,zepto,jivo-groundnut-cold-pressed-oil-healthy-cooking-oil-1l,Delhi,110008,199,560,64.5,1
2026-05-31-0900,2026-05-31,zepto,jivo-groundnut-cold-pressed-oil-healthy-cooking-oil-1l,Delhi,110009,199,560,64.5,1
2026-05-31-0900,2026-05-31,zepto,jivo-groundnut-cold-pressed-oil-healthy-cooking-oil-1l,Delhi,110010,199,560,64.5,1
2026-05-31-0900,2026-05-31,zepto,jivo-groundnut-cold-pressed-oil-healthy-cooking-oil-1l,Delhi,110013,199,560,64.5,1
2026-05-31-0900,2026-05-31,zepto,jivo-groundnut-cold-pressed-oil-healthy-cooking-oil-1l,Delhi,110014,199,560,64.5,1
2026-05-31-0900,2026-05-31,zepto,jivo-groundnut-cold-pressed-oil-healthy-cooking-oil-1l,Delhi,110015,199,560,64.5,1
2026-05-31-0900,2026-05-31,zepto,jivo-groundnut-cold-pressed-oil-healthy-cooking-oil-1l,Delhi,110017,199,560,64.5,1
2026-05-31-0900,2026-05-31,zepto,jivo-groundnut-cold-pressed-oil-healthy-cooking-oil-1l,Delhi,110018,199,560,64.5,1
2026-05-31-0900,2026-05-31,zepto,jivo-groundnut-cold-pressed-oil-healthy-cooking-oil-1l,Delhi,110021,199,560,64.5,1
2026-05-31-0900,2026-05-31,zepto,jivo-groundnut-cold-pressed-oil-healthy-cooking-oil-1l,Delhi,110024,199,560,64.5,1
2026-05-31-0900,2026-05-31,zepto,jivo-groundnut-cold-pressed-oil-healthy-cooking-oil-1l,Delhi,110025,199,560,64.5,1
2026-05-31-0900,2026-05-31,zepto,jivo-groundnut-cold-pressed-oil-healthy-cooking-oil-1l,Delhi,110026,199,560,64.5,1
2026-05-31-0900,2026-05-31,zepto,jivo-groundnut-cold-pressed-oil-healthy-cooking-oil-1l,Delhi,110031,199,560,64.5,1
2026-05-31-0900,2026-05-31,zepto,jivo-groundnut-cold-pressed-oil-healthy-cooking-oil-1l,Delhi,110032,199,560,64.5,1
2026-05-31-0900,2026-05-31,zepto,jivo-groundnut-cold-pressed-oil-healthy-cooking-oil-1l,Delhi,110033,199,560,64.5,1
2026-05-31-0900,2026-05-31,zepto,jivo-groundnut-cold-pressed-oil-healthy-cooking-oil-1l,Delhi,110035,199,560,64.5,1
2026-05-31-0900,2026-05-31,zepto,jivo-groundnut-cold-pressed-oil-healthy-cooking-oil-1l,Delhi,110040,199,560,64.5,1
2026-05-31-0900,2026-05-31,zepto,jivo-groundnut-cold-pressed-oil-healthy-cooking-oil-1l,Delhi,110042,199,560,64.5,1
2026-05-31-0900,2026-05-31,zepto,jivo-groundnut-cold-pressed-oil-healthy-cooking-oil-1l,Delhi,110046,199,560,64.5,1
2026-05-31-0900,2026-05-31,zepto,jivo-groundnut-cold-pressed-oil-healthy-cooking-oil-1l,Delhi,110048,199,560,64.5,1
2026-05-31-0900,2026-05-31,zepto,jivo-groundnut-cold-pressed-oil-healthy-cooking-oil-1l,Delhi,110051,199,560,64.5,1
2026-05-31-0900,2026-05-31,zepto,jivo-groundnut-cold-pressed-oil-healthy-cooking-oil-1l,Delhi,110053,199,560,64.5,1
2026-05-31-0900,2026-05-31,zepto,jivo-groundnut-cold-pressed-oil-healthy-cooking-oil-1l,Delhi,110062,199,560,64.5,1
2026-05-31-0900,2026-05-31,zepto,jivo-groundnut-cold-pressed-oil-healthy-cooking-oil-1l,Delhi,110065,199,560,64.5,1
2026-05-31-0900,2026-05-31,zepto,jivo-groundnut-cold-pressed-oil-healthy-cooking-oil-1l,Delhi,110067,199,560,64.5,1
2026-05-31-0900,2026-05-31,zepto,jivo-groundnut-cold-pressed-oil-healthy-cooking-oil-1l,Delhi,110076,199,560,64.5,1
2026-05-31-0900,2026-05-31,zepto,jivo-groundnut-cold-pressed-oil-healthy-cooking-oil-1l,Delhi,110084,199,560,64.5,1
2026-05-31-0900,2026-05-31,zepto,jivo-groundnut-cold-pressed-oil-healthy-cooking-oil-1l,Delhi,110085,199,560,64.5,1
2026-05-31-0900,2026-05-31,zepto,jivo-groundnut-cold-pressed-oil-healthy-cooking-oil-1l,Delhi,110091,199,560,64.5,1
2026-05-31-0900,2026-05-31,zepto,jivo-groundnut-cold-pressed-oil-healthy-cooking-oil-1l,Delhi,110092,199,560,64.5,1
2026-05-31-0900,2026-05-31,zepto,jivo-groundnut-cold-pressed-oil-healthy-cooking-oil-1l,Delhi,110095,199,560,64.5,1
2026-05-31-0900,2026-05-31,zepto,jivo-groundnut-cold-pressed-oil-healthy-cooking-oil-1l,Faridabad,121001,199,560,64.5,1
2026-05-31-0900,2026-05-31,zepto,jivo-groundnut-cold-pressed-oil-healthy-cooking-oil-1l,Faridabad,121011,199,560,64.5,1
2026-05-31-0900,2026-05-31,zepto,jivo-groundnut-cold-pressed-oil-healthy-cooking-oil-1l,Gurgaon,122006,199,560,64.5,1
2026-05-31-0900,2026-05-31,zepto,jivo-groundnut-cold-pressed-oil-healthy-cooking-oil-1l,Gurgaon,122051,199,560,64.5,1
2026-05-31-0900,2026-05-31,zepto,jivo-groundnut-cold-pressed-oil-healthy-cooking-oil-1l,Gurgaon,122101,199,560,64.5,1
2026-05-31-0900,2026-05-31,zepto,jivo-groundnut-cold-pressed-oil-healthy-cooking-oil-1l,Ghaziabad,201003,199,560,64.5,1
2026-05-31-0900,2026-05-31,zepto,jivo-groundnut-cold-pressed-oil-healthy-cooking-oil-1l,Ghaziabad,201005,199,560,64.5,1
2026-05-31-0900,2026-05-31,zepto,jivo-groundnut-cold-pressed-oil-healthy-cooking-oil-1l,Ghaziabad,201009,199,560,64.5,1
2026-05-31-0900,2026-05-31,zepto,jivo-groundnut-cold-pressed-oil-healthy-cooking-oil-1l,Noida,201307,199,560,64.5,1
2026-05-31-0900,2026-05-31,zepto,jivo-groundnut-cold-pressed-oil-healthy-cooking-oil-1l,Noida,201309,199,560,64.5,1
2026-05-31-0900,2026-05-31,zepto,jivo-groundnut-cold-pressed-oil-healthy-cooking-oil-1l,Noida,201310,199,560,64.5,1
2026-05-31-0900,2026-05-31,zepto,jivo-groundnut-cold-pressed-oil-healthy-cooking-oil-1l,Mumbai,400003,199,560,64.5,1
2026-05-31-0900,2026-05-31,zepto,jivo-groundnut-cold-pressed-oil-healthy-cooking-oil-1l,Mumbai,400005,199,560,64.5,1
2026-05-31-0900,2026-05-31,zepto,jivo-groundnut-cold-pressed-oil-healthy-cooking-oil-1l,Mumbai,400006,199,560,64.5,1
2026-05-31-0900,2026-05-31,zepto,jivo-groundnut-cold-pressed-oil-healthy-cooking-oil-1l,Mumbai,400011,199,560,64.5,1
2026-05-31-0900,2026-05-31,zepto,jivo-groundnut-cold-pressed-oil-healthy-cooking-oil-1l,Mumbai,400012,199,560,64.5,1
2026-05-31-0900,2026-05-31,zepto,jivo-groundnut-cold-pressed-oil-healthy-cooking-oil-1l,Mumbai,400017,199,560,64.5,1
2026-05-31-0900,2026-05-31,zepto,jivo-groundnut-cold-pressed-oil-healthy-cooking-oil-1l,Mumbai,400018,199,560,64.5,1
2026-05-31-0900,2026-05-31,zepto,jivo-groundnut-cold-pressed-oil-healthy-cooking-oil-1l,Mumbai,400020,199,560,64.5,1
2026-05-31-0900,2026-05-31,zepto,jivo-groundnut-cold-pressed-oil-healthy-cooking-oil-1l,Mumbai,400021,199,560,64.5,1
2026-05-31-0900,2026-05-31,zepto,jivo-groundnut-cold-pressed-oil-healthy-cooking-oil-1l,Mumbai,400025,199,560,64.5,1
2026-05-31-0900,2026-05-31,zepto,jivo-groundnut-cold-pressed-oil-healthy-cooking-oil-1l,Mumbai,400033,199,560,64.5,1
2026-05-31-0900,2026-05-31,zepto,jivo-groundnut-cold-pressed-oil-healthy-cooking-oil-1l,Mumbai,400041,199,560,64.5,1
2026-05-31-0900,2026-05-31,zepto,jivo-groundnut-cold-pressed-oil-healthy-cooking-oil-1l,Mumbai,400090,199,560,64.5,1
2026-05-31-0900,2026-05-31,zepto,jivo-groundnut-cold-pressed-oil-healthy-cooking-oil-1l,Mumbai,400601,199,560,64.5,1
2026-05-31-0900,2026-05-31,zepto,jivo-groundnut-cold-pressed-oil-healthy-cooking-oil-1l,Mumbai,400703,199,560,64.5,1
2026-05-31-0900,2026-05-31,zepto,jivo-groundnut-cold-pressed-oil-healthy-cooking-oil-1l,Bengaluru,560014,199,560,64.5,1
2026-05-31-0900,2026-05-31,zepto,jivo-groundnut-cold-pressed-oil-healthy-cooking-oil-1l,Bengaluru,560019,199,560,64.5,1
2026-05-31-0900,2026-05-31,zepto,jivo-groundnut-cold-pressed-oil-healthy-cooking-oil-1l,Bengaluru,560028,199,560,64.5,1
2026-05-31-0900,2026-05-31,zepto,jivo-groundnut-cold-pressed-oil-healthy-cooking-oil-1l,Bengaluru,560069,199,560,64.5,1
2026-05-31-0900,2026-05-31,zepto,jivo-groundnut-peanut-cold-pressed-heathy-cooking-oil-na,Delhi,110004,49,150,67.3,1
2026-05-31-0900,2026-05-31,zepto,jivo-groundnut-peanut-cold-pressed-heathy-cooking-oil-na,Delhi,110006,49,150,67.3,1
2026-05-31-0900,2026-05-31,zepto,jivo-groundnut-peanut-cold-pressed-heathy-cooking-oil-na,Delhi,110007,49,150,67.3,1
2026-05-31-0900,2026-05-31,zepto,jivo-groundnut-peanut-cold-pressed-heathy-cooking-oil-na,Delhi,110008,49,150,67.3,1
2026-05-31-0900,2026-05-31,zepto,jivo-groundnut-peanut-cold-pressed-heathy-cooking-oil-na,Delhi,110009,49,150,67.3,1
2026-05-31-0900,2026-05-31,zepto,jivo-groundnut-peanut-cold-pressed-heathy-cooking-oil-na,Delhi,110010,49,150,67.3,1
2026-05-31-0900,2026-05-31,zepto,jivo-groundnut-peanut-cold-pressed-heathy-cooking-oil-na,Delhi,110013,49,150,67.3,1
2026-05-31-0900,2026-05-31,zepto,jivo-groundnut-peanut-cold-pressed-heathy-cooking-oil-na,Delhi,110014,49,150,67.3,1
2026-05-31-0900,2026-05-31,zepto,jivo-groundnut-peanut-cold-pressed-heathy-cooking-oil-na,Delhi,110015,49,150,67.3,1
2026-05-31-0900,2026-05-31,zepto,jivo-groundnut-peanut-cold-pressed-heathy-cooking-oil-na,Delhi,110018,49,150,67.3,1
2026-05-31-0900,2026-05-31,zepto,jivo-groundnut-peanut-cold-pressed-heathy-cooking-oil-na,Delhi,110021,49,150,67.3,1
2026-05-31-0900,2026-05-31,zepto,jivo-groundnut-peanut-cold-pressed-heathy-cooking-oil-na,Delhi,110024,49,150,67.3,1
2026-05-31-0900,2026-05-31,zepto,jivo-groundnut-peanut-cold-pressed-heathy-cooking-oil-na,Delhi,110025,49,150,67.3,1
2026-05-31-0900,2026-05-31,zepto,jivo-groundnut-peanut-cold-pressed-heathy-cooking-oil-na,Delhi,110026,49,150,67.3,1
2026-05-31-0900,2026-05-31,zepto,jivo-groundnut-peanut-cold-pressed-heathy-cooking-oil-na,Delhi,110031,49,150,67.3,1
2026-05-31-0900,2026-05-31,zepto,jivo-groundnut-peanut-cold-pressed-heathy-cooking-oil-na,Delhi,110032,49,150,67.3,1
2026-05-31-0900,2026-05-31,zepto,jivo-groundnut-peanut-cold-pressed-heathy-cooking-oil-na,Delhi,110033,49,150,67.3,1
2026-05-31-0900,2026-05-31,zepto,jivo-groundnut-peanut-cold-pressed-heathy-cooking-oil-na,Delhi,110035,49,150,67.3,1
2026-05-31-0900,2026-05-31,zepto,jivo-groundnut-peanut-cold-pressed-heathy-cooking-oil-na,Delhi,110040,49,150,67.3,1
2026-05-31-0900,2026-05-31,zepto,jivo-groundnut-peanut-cold-pressed-heathy-cooking-oil-na,Delhi,110042,49,150,67.3,1
2026-05-31-0900,2026-05-31,zepto,jivo-groundnut-peanut-cold-pressed-heathy-cooking-oil-na,Delhi,110046,49,150,67.3,1
2026-05-31-0900,2026-05-31,zepto,jivo-groundnut-peanut-cold-pressed-heathy-cooking-oil-na,Delhi,110048,49,150,67.3,1
2026-05-31-0900,2026-05-31,zepto,jivo-groundnut-peanut-cold-pressed-heathy-cooking-oil-na,Delhi,110051,49,150,67.3,1
2026-05-31-0900,2026-05-31,zepto,jivo-groundnut-peanut-cold-pressed-heathy-cooking-oil-na,Delhi,110053,49,150,67.3,1
2026-05-31-0900,2026-05-31,zepto,jivo-groundnut-peanut-cold-pressed-heathy-cooking-oil-na,Delhi,110062,49,150,67.3,1
2026-05-31-0900,2026-05-31,zepto,jivo-groundnut-peanut-cold-pressed-heathy-cooking-oil-na,Delhi,110065,49,150,67.3,1
2026-05-31-0900,2026-05-31,zepto,jivo-groundnut-peanut-cold-pressed-heathy-cooking-oil-na,Delhi,110067,49,150,67.3,1
2026-05-31-0900,2026-05-31,zepto,jivo-groundnut-peanut-cold-pressed-heathy-cooking-oil-na,Delhi,110076,49,150,67.3,1
2026-05-31-0900,2026-05-31,zepto,jivo-groundnut-peanut-cold-pressed-heathy-cooking-oil-na,Delhi,110084,49,150,67.3,1
2026-05-31-0900,2026-05-31,zepto,jivo-groundnut-peanut-cold-pressed-heathy-cooking-oil-na,Delhi,110085,49,150,67.3,1
2026-05-31-0900,2026-05-31,zepto,jivo-groundnut-peanut-cold-pressed-heathy-cooking-oil-na,Delhi,110090,49,150,67.3,1
2026-05-31-0900,2026-05-31,zepto,jivo-groundnut-peanut-cold-pressed-heathy-cooking-oil-na,Delhi,110091,49,150,67.3,1
2026-05-31-0900,2026-05-31,zepto,jivo-groundnut-peanut-cold-pressed-heathy-cooking-oil-na,Delhi,110092,49,150,67.3,1
2026-05-31-0900,2026-05-31,zepto,jivo-groundnut-peanut-cold-pressed-heathy-cooking-oil-na,Delhi,110095,49,150,67.3,1
2026-05-31-0900,2026-05-31,zepto,jivo-groundnut-peanut-cold-pressed-heathy-cooking-oil-na,Gurgaon,122004,49,150,67.3,1
2026-05-31-0900,2026-05-31,zepto,jivo-groundnut-peanut-cold-pressed-heathy-cooking-oil-na,Gurgaon,122006,49,150,67.3,1
2026-05-31-0900,2026-05-31,zepto,jivo-groundnut-peanut-cold-pressed-heathy-cooking-oil-na,Gurgaon,122010,49,150,67.3,1
2026-05-31-0900,2026-05-31,zepto,jivo-groundnut-peanut-cold-pressed-heathy-cooking-oil-na,Gurgaon,122051,49,150,67.3,1
2026-05-31-0900,2026-05-31,zepto,jivo-groundnut-peanut-cold-pressed-heathy-cooking-oil-na,Gurgaon,122101,49,150,67.3,1
2026-05-31-0900,2026-05-31,zepto,jivo-groundnut-peanut-cold-pressed-heathy-cooking-oil-na,Ghaziabad,201005,49,150,67.3,1
2026-05-31-0900,2026-05-31,zepto,jivo-groundnut-peanut-cold-pressed-heathy-cooking-oil-na,Noida,201307,49,150,67.3,1
2026-05-31-0900,2026-05-31,zepto,jivo-groundnut-peanut-cold-pressed-heathy-cooking-oil-na,Noida,201309,49,150,67.3,1
2026-05-31-0900,2026-05-31,zepto,jivo-groundnut-peanut-cold-pressed-heathy-cooking-oil-na,Noida,201310,49,150,67.3,1
2026-05-31-0900,2026-05-31,zepto,jivo-groundnut-peanut-cold-pressed-heathy-cooking-oil-na,Jaipur,302016,76,150,49.3,1
2026-05-31-0900,2026-05-31,zepto,jivo-groundnut-peanut-cold-pressed-heathy-cooking-oil-na,Jaipur,302017,76,150,49.3,1
2026-05-31-0900,2026-05-31,zepto,jivo-groundnut-peanut-cold-pressed-heathy-cooking-oil-na,Jaipur,302018,76,150,49.3,1
2026-05-31-0900,2026-05-31,zepto,jivo-groundnut-peanut-cold-pressed-heathy-cooking-oil-na,Jaipur,302020,76,150,49.3,1
2026-05-31-0900,2026-05-31,zepto,jivo-groundnut-peanut-cold-pressed-heathy-cooking-oil-na,Jaipur,302021,76,150,49.3,1
2026-05-31-0900,2026-05-31,zepto,jivo-groundnut-peanut-cold-pressed-heathy-cooking-oil-na,Jaipur,302022,76,150,49.3,1
2026-05-31-0900,2026-05-31,zepto,jivo-groundnut-peanut-cold-pressed-heathy-cooking-oil-na,Jaipur,302023,76,150,49.3,1
2026-05-31-0900,2026-05-31,zepto,jivo-groundnut-peanut-cold-pressed-heathy-cooking-oil-na,Jaipur,302024,76,150,49.3,1
2026-05-31-0900,2026-05-31,zepto,jivo-groundnut-peanut-cold-pressed-heathy-cooking-oil-na,Jaipur,302025,76,150,49.3,1
2026-05-31-0900,2026-05-31,zepto,jivo-groundnut-peanut-cold-pressed-heathy-cooking-oil-na,Jaipur,302032,76,150,49.3,1
2026-05-31-0900,2026-05-31,zepto,jivo-groundnut-peanut-cold-pressed-heathy-cooking-oil-na,Jaipur,303602,76,150,49.3,1
2026-05-31-0900,2026-05-31,zepto,jivo-groundnut-peanut-cold-pressed-heathy-cooking-oil-na,Surat,394510,76,150,49.3,1
2026-05-31-0900,2026-05-31,zepto,jivo-groundnut-peanut-cold-pressed-heathy-cooking-oil-na,Mumbai,400003,49,150,67.3,1
2026-05-31-0900,2026-05-31,zepto,jivo-groundnut-peanut-cold-pressed-heathy-cooking-oil-na,Mumbai,400005,49,150,67.3,1
2026-05-31-0900,2026-05-31,zepto,jivo-groundnut-peanut-cold-pressed-heathy-cooking-oil-na,Mumbai,400006,49,150,67.3,1
2026-05-31-0900,2026-05-31,zepto,jivo-groundnut-peanut-cold-pressed-heathy-cooking-oil-na,Mumbai,400010,49,150,67.3,1
2026-05-31-0900,2026-05-31,zepto,jivo-groundnut-peanut-cold-pressed-heathy-cooking-oil-na,Mumbai,400011,76,150,49.3,1
2026-05-31-0900,2026-05-31,zepto,jivo-groundnut-peanut-cold-pressed-heathy-cooking-oil-na,Mumbai,400012,49,150,67.3,1
2026-05-31-0900,2026-05-31,zepto,jivo-groundnut-peanut-cold-pressed-heathy-cooking-oil-na,Mumbai,400013,49,150,67.3,1
2026-05-31-0900,2026-05-31,zepto,jivo-groundnut-peanut-cold-pressed-heathy-cooking-oil-na,Mumbai,400015,49,150,67.3,1
2026-05-31-0900,2026-05-31,zepto,jivo-groundnut-peanut-cold-pressed-heathy-cooking-oil-na,Mumbai,400017,49,150,67.3,1
2026-05-31-0900,2026-05-31,zepto,jivo-groundnut-peanut-cold-pressed-heathy-cooking-oil-na,Mumbai,400018,49,150,67.3,1
2026-05-31-0900,2026-05-31,zepto,jivo-groundnut-peanut-cold-pressed-heathy-cooking-oil-na,Mumbai,400019,49,150,67.3,1
2026-05-31-0900,2026-05-31,zepto,jivo-groundnut-peanut-cold-pressed-heathy-cooking-oil-na,Mumbai,400020,76,150,49.3,1
2026-05-31-0900,2026-05-31,zepto,jivo-groundnut-peanut-cold-pressed-heathy-cooking-oil-na,Mumbai,400021,49,150,67.3,1
2026-05-31-0900,2026-05-31,zepto,jivo-groundnut-peanut-cold-pressed-heathy-cooking-oil-na,Mumbai,400023,49,150,67.3,1
2026-05-31-0900,2026-05-31,zepto,jivo-groundnut-peanut-cold-pressed-heathy-cooking-oil-na,Mumbai,400025,49,150,67.3,1
2026-05-31-0900,2026-05-31,zepto,jivo-groundnut-peanut-cold-pressed-heathy-cooking-oil-na,Mumbai,400030,49,150,67.3,1
2026-05-31-0900,2026-05-31,zepto,jivo-groundnut-peanut-cold-pressed-heathy-cooking-oil-na,Mumbai,400033,49,150,67.3,1
2026-05-31-0900,2026-05-31,zepto,jivo-groundnut-peanut-cold-pressed-heathy-cooking-oil-na,Mumbai,400041,49,150,67.3,1
2026-05-31-0900,2026-05-31,zepto,jivo-groundnut-peanut-cold-pressed-heathy-cooking-oil-na,Mumbai,400090,49,150,67.3,1
2026-05-31-0900,2026-05-31,zepto,jivo-groundnut-peanut-cold-pressed-heathy-cooking-oil-na,Mumbai,400601,49,150,67.3,1
2026-05-31-0900,2026-05-31,zepto,jivo-groundnut-peanut-cold-pressed-heathy-cooking-oil-na,Mumbai,400611,49,150,67.3,1
2026-05-31-0900,2026-05-31,zepto,jivo-groundnut-peanut-cold-pressed-heathy-cooking-oil-na,Pune,411004,49,150,67.3,1
2026-05-31-0900,2026-05-31,zepto,jivo-groundnut-peanut-cold-pressed-heathy-cooking-oil-na,Pune,411006,49,150,67.3,1
2026-05-31-0900,2026-05-31,zepto,jivo-groundnut-peanut-cold-pressed-heathy-cooking-oil-na,Pune,411011,49,150,67.3,1
2026-05-31-0900,2026-05-31,zepto,jivo-groundnut-peanut-cold-pressed-heathy-cooking-oil-na,Pune,411012,49,150,67.3,1
2026-05-31-0900,2026-05-31,zepto,jivo-groundnut-peanut-cold-pressed-heathy-cooking-oil-na,Pune,411014,49,150,67.3,1
2026-05-31-0900,2026-05-31,zepto,jivo-groundnut-peanut-cold-pressed-heathy-cooking-oil-na,Pune,411015,49,150,67.3,1
2026-05-31-0900,2026-05-31,zepto,jivo-groundnut-peanut-cold-pressed-heathy-cooking-oil-na,Pune,411021,49,150,67.3,1
2026-05-31-0900,2026-05-31,zepto,jivo-groundnut-peanut-cold-pressed-heathy-cooking-oil-na,Pune,411028,49,150,67.3,1
2026-05-31-0900,2026-05-31,zepto,jivo-groundnut-peanut-cold-pressed-heathy-cooking-oil-na,Pune,411036,49,150,67.3,1
2026-05-31-0900,2026-05-31,zepto,jivo-groundnut-peanut-cold-pressed-heathy-cooking-oil-na,Pune,411045,49,150,67.3,1
2026-05-31-0900,2026-05-31,zepto,jivo-groundnut-peanut-cold-pressed-heathy-cooking-oil-na,Pune,411047,49,150,67.3,1
2026-05-31-0900,2026-05-31,zepto,jivo-groundnut-peanut-cold-pressed-heathy-cooking-oil-na,Pune,411051,49,150,67.3,1
2026-05-31-0900,2026-05-31,zepto,jivo-groundnut-peanut-cold-pressed-heathy-cooking-oil-na,Indore,452001,76,150,49.3,1
2026-05-31-0900,2026-05-31,zepto,jivo-kachi-ghani-mustard-cold-pressed-oil-healthy-cooking-oil-1l,Delhi,110004,149,255,41.6,1
2026-05-31-0900,2026-05-31,zepto,jivo-kachi-ghani-mustard-cold-pressed-oil-healthy-cooking-oil-1l,Delhi,110006,149,255,41.6,1
2026-05-31-0900,2026-05-31,zepto,jivo-kachi-ghani-mustard-cold-pressed-oil-healthy-cooking-oil-1l,Delhi,110007,149,255,41.6,1
2026-05-31-0900,2026-05-31,zepto,jivo-kachi-ghani-mustard-cold-pressed-oil-healthy-cooking-oil-1l,Delhi,110008,149,255,41.6,1
2026-05-31-0900,2026-05-31,zepto,jivo-kachi-ghani-mustard-cold-pressed-oil-healthy-cooking-oil-1l,Delhi,110009,149,255,41.6,1
2026-05-31-0900,2026-05-31,zepto,jivo-kachi-ghani-mustard-cold-pressed-oil-healthy-cooking-oil-1l,Delhi,110010,149,255,41.6,1
2026-05-31-0900,2026-05-31,zepto,jivo-kachi-ghani-mustard-cold-pressed-oil-healthy-cooking-oil-1l,Delhi,110013,149,255,41.6,1
2026-05-31-0900,2026-05-31,zepto,jivo-kachi-ghani-mustard-cold-pressed-oil-healthy-cooking-oil-1l,Delhi,110014,149,255,41.6,1
2026-05-31-0900,2026-05-31,zepto,jivo-kachi-ghani-mustard-cold-pressed-oil-healthy-cooking-oil-1l,Delhi,110015,149,255,41.6,1
2026-05-31-0900,2026-05-31,zepto,jivo-kachi-ghani-mustard-cold-pressed-oil-healthy-cooking-oil-1l,Delhi,110017,149,255,41.6,1
2026-05-31-0900,2026-05-31,zepto,jivo-kachi-ghani-mustard-cold-pressed-oil-healthy-cooking-oil-1l,Delhi,110018,149,255,41.6,1
2026-05-31-0900,2026-05-31,zepto,jivo-kachi-ghani-mustard-cold-pressed-oil-healthy-cooking-oil-1l,Delhi,110021,149,255,41.6,1
2026-05-31-0900,2026-05-31,zepto,jivo-kachi-ghani-mustard-cold-pressed-oil-healthy-cooking-oil-1l,Delhi,110024,149,255,41.6,1
2026-05-31-0900,2026-05-31,zepto,jivo-kachi-ghani-mustard-cold-pressed-oil-healthy-cooking-oil-1l,Delhi,110025,149,255,41.6,1
2026-05-31-0900,2026-05-31,zepto,jivo-kachi-ghani-mustard-cold-pressed-oil-healthy-cooking-oil-1l,Delhi,110026,149,255,41.6,1
2026-05-31-0900,2026-05-31,zepto,jivo-kachi-ghani-mustard-cold-pressed-oil-healthy-cooking-oil-1l,Delhi,110031,149,255,41.6,1
2026-05-31-0900,2026-05-31,zepto,jivo-kachi-ghani-mustard-cold-pressed-oil-healthy-cooking-oil-1l,Delhi,110032,149,255,41.6,1
2026-05-31-0900,2026-05-31,zepto,jivo-kachi-ghani-mustard-cold-pressed-oil-healthy-cooking-oil-1l,Delhi,110033,149,255,41.6,1
2026-05-31-0900,2026-05-31,zepto,jivo-kachi-ghani-mustard-cold-pressed-oil-healthy-cooking-oil-1l,Delhi,110035,149,255,41.6,1
2026-05-31-0900,2026-05-31,zepto,jivo-kachi-ghani-mustard-cold-pressed-oil-healthy-cooking-oil-1l,Delhi,110040,149,255,41.6,1
2026-05-31-0900,2026-05-31,zepto,jivo-kachi-ghani-mustard-cold-pressed-oil-healthy-cooking-oil-1l,Delhi,110042,149,255,41.6,1
2026-05-31-0900,2026-05-31,zepto,jivo-kachi-ghani-mustard-cold-pressed-oil-healthy-cooking-oil-1l,Delhi,110046,149,255,41.6,1
2026-05-31-0900,2026-05-31,zepto,jivo-kachi-ghani-mustard-cold-pressed-oil-healthy-cooking-oil-1l,Delhi,110048,149,255,41.6,1
2026-05-31-0900,2026-05-31,zepto,jivo-kachi-ghani-mustard-cold-pressed-oil-healthy-cooking-oil-1l,Delhi,110051,149,255,41.6,1
2026-05-31-0900,2026-05-31,zepto,jivo-kachi-ghani-mustard-cold-pressed-oil-healthy-cooking-oil-1l,Delhi,110053,149,255,41.6,1
2026-05-31-0900,2026-05-31,zepto,jivo-kachi-ghani-mustard-cold-pressed-oil-healthy-cooking-oil-1l,Delhi,110062,149,255,41.6,1
2026-05-31-0900,2026-05-31,zepto,jivo-kachi-ghani-mustard-cold-pressed-oil-healthy-cooking-oil-1l,Delhi,110065,149,255,41.6,1
2026-05-31-0900,2026-05-31,zepto,jivo-kachi-ghani-mustard-cold-pressed-oil-healthy-cooking-oil-1l,Delhi,110067,149,255,41.6,1
2026-05-31-0900,2026-05-31,zepto,jivo-kachi-ghani-mustard-cold-pressed-oil-healthy-cooking-oil-1l,Delhi,110076,149,255,41.6,1
2026-05-31-0900,2026-05-31,zepto,jivo-kachi-ghani-mustard-cold-pressed-oil-healthy-cooking-oil-1l,Delhi,110084,149,255,41.6,1
2026-05-31-0900,2026-05-31,zepto,jivo-kachi-ghani-mustard-cold-pressed-oil-healthy-cooking-oil-1l,Delhi,110085,149,255,41.6,1
2026-05-31-0900,2026-05-31,zepto,jivo-kachi-ghani-mustard-cold-pressed-oil-healthy-cooking-oil-1l,Delhi,110088,149,255,41.6,1
2026-05-31-0900,2026-05-31,zepto,jivo-kachi-ghani-mustard-cold-pressed-oil-healthy-cooking-oil-1l,Delhi,110090,149,255,41.6,1
2026-05-31-0900,2026-05-31,zepto,jivo-kachi-ghani-mustard-cold-pressed-oil-healthy-cooking-oil-1l,Delhi,110091,149,255,41.6,1
2026-05-31-0900,2026-05-31,zepto,jivo-kachi-ghani-mustard-cold-pressed-oil-healthy-cooking-oil-1l,Delhi,110092,149,255,41.6,1
2026-05-31-0900,2026-05-31,zepto,jivo-kachi-ghani-mustard-cold-pressed-oil-healthy-cooking-oil-1l,Delhi,110095,149,255,41.6,1
2026-05-31-0900,2026-05-31,zepto,jivo-kachi-ghani-mustard-cold-pressed-oil-healthy-cooking-oil-1l,Faridabad,121001,149,255,41.6,1
2026-05-31-0900,2026-05-31,zepto,jivo-kachi-ghani-mustard-cold-pressed-oil-healthy-cooking-oil-1l,Faridabad,121011,149,255,41.6,1
2026-05-31-0900,2026-05-31,zepto,jivo-kachi-ghani-mustard-cold-pressed-oil-healthy-cooking-oil-1l,Gurgaon,122004,149,255,41.6,1
2026-05-31-0900,2026-05-31,zepto,jivo-kachi-ghani-mustard-cold-pressed-oil-healthy-cooking-oil-1l,Gurgaon,122006,149,255,41.6,1
2026-05-31-0900,2026-05-31,zepto,jivo-kachi-ghani-mustard-cold-pressed-oil-healthy-cooking-oil-1l,Gurgaon,122010,149,255,41.6,1
2026-05-31-0900,2026-05-31,zepto,jivo-kachi-ghani-mustard-cold-pressed-oil-healthy-cooking-oil-1l,Gurgaon,122051,149,255,41.6,1
2026-05-31-0900,2026-05-31,zepto,jivo-kachi-ghani-mustard-cold-pressed-oil-healthy-cooking-oil-1l,Gurgaon,122101,149,255,41.6,1
2026-05-31-0900,2026-05-31,zepto,jivo-kachi-ghani-mustard-cold-pressed-oil-healthy-cooking-oil-1l,Ludhiana,142022,186,255,27.1,1
2026-05-31-0900,2026-05-31,zepto,jivo-kachi-ghani-mustard-cold-pressed-oil-healthy-cooking-oil-1l,Chandigarh,160011,149,255,41.6,1
2026-05-31-0900,2026-05-31,zepto,jivo-kachi-ghani-mustard-cold-pressed-oil-healthy-cooking-oil-1l,Chandigarh,160021,149,255,41.6,1
2026-05-31-0900,2026-05-31,zepto,jivo-kachi-ghani-mustard-cold-pressed-oil-healthy-cooking-oil-1l,Chandigarh,160035,149,255,41.6,1
2026-05-31-0900,2026-05-31,zepto,jivo-kachi-ghani-mustard-cold-pressed-oil-healthy-cooking-oil-1l,Chandigarh,160043,149,255,41.6,1
2026-05-31-0900,2026-05-31,zepto,jivo-kachi-ghani-mustard-cold-pressed-oil-healthy-cooking-oil-1l,Ghaziabad,201003,149,255,41.6,1
2026-05-31-0900,2026-05-31,zepto,jivo-kachi-ghani-mustard-cold-pressed-oil-healthy-cooking-oil-1l,Ghaziabad,201005,149,255,41.6,1
2026-05-31-0900,2026-05-31,zepto,jivo-kachi-ghani-mustard-cold-pressed-oil-healthy-cooking-oil-1l,Ghaziabad,201009,149,255,41.6,1
2026-05-31-0900,2026-05-31,zepto,jivo-kachi-ghani-mustard-cold-pressed-oil-healthy-cooking-oil-1l,Noida,201307,149,255,41.6,1
2026-05-31-0900,2026-05-31,zepto,jivo-kachi-ghani-mustard-cold-pressed-oil-healthy-cooking-oil-1l,Noida,201309,149,255,41.6,1
2026-05-31-0900,2026-05-31,zepto,jivo-kachi-ghani-mustard-cold-pressed-oil-healthy-cooking-oil-1l,Noida,201310,149,255,41.6,1
2026-05-31-0900,2026-05-31,zepto,jivo-kachi-ghani-mustard-cold-pressed-oil-healthy-cooking-oil-1l,Mumbai,400006,149,255,41.6,1
2026-05-31-0900,2026-05-31,zepto,jivo-kachi-ghani-mustard-cold-pressed-oil-healthy-cooking-oil-1l,Mumbai,400011,149,255,41.6,1
2026-05-31-0900,2026-05-31,zepto,jivo-kachi-ghani-mustard-cold-pressed-oil-healthy-cooking-oil-1l,Mumbai,400012,149,255,41.6,1
2026-05-31-0900,2026-05-31,zepto,jivo-kachi-ghani-mustard-cold-pressed-oil-healthy-cooking-oil-1l,Mumbai,400018,149,255,41.6,1
2026-05-31-0900,2026-05-31,zepto,jivo-kachi-ghani-mustard-cold-pressed-oil-healthy-cooking-oil-1l,Mumbai,400020,149,255,41.6,1
2026-05-31-0900,2026-05-31,zepto,jivo-kachi-ghani-mustard-cold-pressed-oil-healthy-cooking-oil-1l,Mumbai,400025,149,255,41.6,1
2026-05-31-0900,2026-05-31,zepto,jivo-kachi-ghani-mustard-cold-pressed-oil-healthy-cooking-oil-1l,Mumbai,400033,149,255,41.6,1
2026-05-31-0900,2026-05-31,zepto,jivo-kachi-ghani-mustard-cold-pressed-oil-healthy-cooking-oil-1l,Mumbai,400601,149,255,41.6,1
2026-05-31-0900,2026-05-31,zepto,jivo-kachi-ghani-mustard-cold-pressed-oil-healthy-cooking-oil-1l,Bengaluru,560014,149,255,41.6,1
2026-05-31-0900,2026-05-31,zepto,jivo-kachi-ghani-mustard-cold-pressed-oil-healthy-cooking-oil-1l,Bengaluru,560019,149,255,41.6,1
2026-05-31-0900,2026-05-31,zepto,jivo-kachi-ghani-mustard-cold-pressed-oil-healthy-cooking-oil-1l,Bengaluru,560028,149,255,41.6,1
2026-05-31-0900,2026-05-31,zepto,jivo-kachi-ghani-mustard-cold-pressed-oil-healthy-cooking-oil-1l,Bengaluru,560039,149,255,41.6,1
2026-05-31-0900,2026-05-31,zepto,jivo-kachi-ghani-mustard-cold-pressed-oil-healthy-cooking-oil-1l,Bengaluru,560069,149,255,41.6,1
2026-05-31-0900,2026-05-31,zepto,jivo-kachi-ghani-mustard-cold-pressed-oil-healthy-cooking-oil-1l,Mysuru,570016,149,255,41.6,0
2026-05-31-0900,2026-05-31,zepto,jivo-kachi-ghani-mustard-cold-pressed-oil-healthy-cooking-oil-1l,Mysuru,570026,149,255,41.6,1
2026-05-31-0900,2026-05-31,zepto,jivo-pomace-olive-oil-1l,Delhi,110004,379,1049,63.9,1
2026-05-31-0900,2026-05-31,zepto,jivo-pomace-olive-oil-1l,Delhi,110006,379,1049,63.9,1
2026-05-31-0900,2026-05-31,zepto,jivo-pomace-olive-oil-1l,Delhi,110008,379,1049,63.9,1
2026-05-31-0900,2026-05-31,zepto,jivo-pomace-olive-oil-1l,Delhi,110009,379,1049,63.9,1
2026-05-31-0900,2026-05-31,zepto,jivo-pomace-olive-oil-1l,Delhi,110010,379,1049,63.9,1
2026-05-31-0900,2026-05-31,zepto,jivo-pomace-olive-oil-1l,Delhi,110013,379,1049,63.9,1
2026-05-31-0900,2026-05-31,zepto,jivo-pomace-olive-oil-1l,Delhi,110014,379,1049,63.9,1
2026-05-31-0900,2026-05-31,zepto,jivo-pomace-olive-oil-1l,Delhi,110015,379,1049,63.9,1
2026-05-31-0900,2026-05-31,zepto,jivo-pomace-olive-oil-1l,Delhi,110017,379,1049,63.9,1
2026-05-31-0900,2026-05-31,zepto,jivo-pomace-olive-oil-1l,Delhi,110018,379,1049,63.9,1
2026-05-31-0900,2026-05-31,zepto,jivo-pomace-olive-oil-1l,Delhi,110021,379,1049,63.9,1
2026-05-31-0900,2026-05-31,zepto,jivo-pomace-olive-oil-1l,Delhi,110025,379,1049,63.9,1
2026-05-31-0900,2026-05-31,zepto,jivo-pomace-olive-oil-1l,Delhi,110031,379,1049,63.9,1
2026-05-31-0900,2026-05-31,zepto,jivo-pomace-olive-oil-1l,Delhi,110032,379,1049,63.9,1
2026-05-31-0900,2026-05-31,zepto,jivo-pomace-olive-oil-1l,Delhi,110035,379,1049,63.9,1
2026-05-31-0900,2026-05-31,zepto,jivo-pomace-olive-oil-1l,Delhi,110040,379,1049,63.9,1
2026-05-31-0900,2026-05-31,zepto,jivo-pomace-olive-oil-1l,Delhi,110042,379,1049,63.9,1
2026-05-31-0900,2026-05-31,zepto,jivo-pomace-olive-oil-1l,Delhi,110046,379,1049,63.9,1
2026-05-31-0900,2026-05-31,zepto,jivo-pomace-olive-oil-1l,Delhi,110048,379,1049,63.9,1
2026-05-31-0900,2026-05-31,zepto,jivo-pomace-olive-oil-1l,Delhi,110051,379,1049,63.9,1
2026-05-31-0900,2026-05-31,zepto,jivo-pomace-olive-oil-1l,Delhi,110053,379,1049,63.9,1
2026-05-31-0900,2026-05-31,zepto,jivo-pomace-olive-oil-1l,Delhi,110062,379,1049,63.9,1
2026-05-31-0900,2026-05-31,zepto,jivo-pomace-olive-oil-1l,Delhi,110065,379,1049,63.9,1
2026-05-31-0900,2026-05-31,zepto,jivo-pomace-olive-oil-1l,Delhi,110067,379,1049,63.9,1
2026-05-31-0900,2026-05-31,zepto,jivo-pomace-olive-oil-1l,Delhi,110084,379,1049,63.9,1
2026-05-31-0900,2026-05-31,zepto,jivo-pomace-olive-oil-1l,Delhi,110085,379,1049,63.9,1
2026-05-31-0900,2026-05-31,zepto,jivo-pomace-olive-oil-1l,Delhi,110090,379,1049,63.9,1
2026-05-31-0900,2026-05-31,zepto,jivo-pomace-olive-oil-1l,Delhi,110091,379,1049,63.9,1
2026-05-31-0900,2026-05-31,zepto,jivo-pomace-olive-oil-1l,Delhi,110095,379,1049,63.9,1
2026-05-31-0900,2026-05-31,zepto,jivo-pomace-olive-oil-1l,Faridabad,121001,379,1049,63.9,1
2026-05-31-0900,2026-05-31,zepto,jivo-pomace-olive-oil-1l,Faridabad,121011,379,1049,63.9,1
2026-05-31-0900,2026-05-31,zepto,jivo-pomace-olive-oil-1l,Gurgaon,122004,379,1049,63.9,1
2026-05-31-0900,2026-05-31,zepto,jivo-pomace-olive-oil-1l,Gurgaon,122006,379,1049,63.9,1
2026-05-31-0900,2026-05-31,zepto,jivo-pomace-olive-oil-1l,Gurgaon,122010,379,1049,63.9,1
2026-05-31-0900,2026-05-31,zepto,jivo-pomace-olive-oil-1l,Gurgaon,122051,379,1049,63.9,1
2026-05-31-0900,2026-05-31,zepto,jivo-pomace-olive-oil-1l,Gurgaon,122101,379,1049,63.9,1
2026-05-31-0900,2026-05-31,zepto,jivo-pomace-olive-oil-1l,Ludhiana,142022,379,1049,63.9,1
2026-05-31-0900,2026-05-31,zepto,jivo-pomace-olive-oil-1l,Ghaziabad,201003,379,1049,63.9,1
2026-05-31-0900,2026-05-31,zepto,jivo-pomace-olive-oil-1l,Ghaziabad,201009,379,1049,63.9,1
2026-05-31-0900,2026-05-31,zepto,jivo-pomace-olive-oil-1l,Noida,201307,379,1049,63.9,1
2026-05-31-0900,2026-05-31,zepto,jivo-pomace-olive-oil-1l,Noida,201309,379,1049,63.9,1
2026-05-31-0900,2026-05-31,zepto,jivo-pomace-olive-oil-1l,Noida,201310,379,1049,63.9,1
2026-05-31-0900,2026-05-31,zepto,jivo-pomace-olive-oil-1l,Mumbai,400003,379,1049,63.9,1
2026-05-31-0900,2026-05-31,zepto,jivo-pomace-olive-oil-1l,Mumbai,400005,379,1049,63.9,1
2026-05-31-0900,2026-05-31,zepto,jivo-pomace-olive-oil-1l,Mumbai,400006,379,1049,63.9,1
2026-05-31-0900,2026-05-31,zepto,jivo-pomace-olive-oil-1l,Mumbai,400007,379,1049,63.9,1
2026-05-31-0900,2026-05-31,zepto,jivo-pomace-olive-oil-1l,Mumbai,400010,379,1049,63.9,1
2026-05-31-0900,2026-05-31,zepto,jivo-pomace-olive-oil-1l,Mumbai,400011,379,1049,63.9,1
2026-05-31-0900,2026-05-31,zepto,jivo-pomace-olive-oil-1l,Mumbai,400012,379,1049,63.9,1
2026-05-31-0900,2026-05-31,zepto,jivo-pomace-olive-oil-1l,Mumbai,400013,379,1049,63.9,1
2026-05-31-0900,2026-05-31,zepto,jivo-pomace-olive-oil-1l,Mumbai,400015,379,1049,63.9,1
2026-05-31-0900,2026-05-31,zepto,jivo-pomace-olive-oil-1l,Mumbai,400018,379,1049,63.9,1
2026-05-31-0900,2026-05-31,zepto,jivo-pomace-olive-oil-1l,Mumbai,400019,379,1049,63.9,1
2026-05-31-0900,2026-05-31,zepto,jivo-pomace-olive-oil-1l,Mumbai,400020,379,1049,63.9,1
2026-05-31-0900,2026-05-31,zepto,jivo-pomace-olive-oil-1l,Mumbai,400021,379,1049,63.9,1
2026-05-31-0900,2026-05-31,zepto,jivo-pomace-olive-oil-1l,Mumbai,400023,379,1049,63.9,1
2026-05-31-0900,2026-05-31,zepto,jivo-pomace-olive-oil-1l,Mumbai,400025,379,1049,63.9,1
2026-05-31-0900,2026-05-31,zepto,jivo-pomace-olive-oil-1l,Mumbai,400030,379,1049,63.9,1
2026-05-31-0900,2026-05-31,zepto,jivo-pomace-olive-oil-1l,Mumbai,400033,379,1049,63.9,1
2026-05-31-0900,2026-05-31,zepto,jivo-pomace-olive-oil-1l,Mumbai,400041,379,1049,63.9,1
2026-05-31-0900,2026-05-31,zepto,jivo-pomace-olive-oil-1l,Mumbai,400601,379,1049,63.9,1
2026-05-31-0900,2026-05-31,zepto,jivo-pomace-olive-oil-1l,Pune,411004,379,1049,63.9,1
2026-05-31-0900,2026-05-31,zepto,jivo-pomace-olive-oil-1l,Pune,411012,379,1049,63.9,1
2026-05-31-0900,2026-05-31,zepto,jivo-pomace-olive-oil-1l,Pune,411021,379,1049,63.9,1
2026-05-31-0900,2026-05-31,zepto,jivo-pomace-olive-oil-1l,Pune,411028,379,1049,63.9,1
2026-05-31-0900,2026-05-31,zepto,jivo-pomace-olive-oil-1l,Pune,411036,379,1049,63.9,1
2026-05-31-0900,2026-05-31,zepto,jivo-pomace-olive-oil-1l,Pune,411045,379,1049,63.9,1
2026-05-31-0900,2026-05-31,zepto,jivo-pomace-olive-oil-1l,Pune,411047,379,1049,63.9,1
2026-05-31-0900,2026-05-31,zepto,jivo-pomace-olive-oil-1l,Pune,411051,379,1049,63.9,1
2026-05-31-0900,2026-05-31,zepto,jivo-pomace-olive-oil-1l,Bengaluru,560014,379,1049,63.9,1
2026-05-31-0900,2026-05-31,zepto,jivo-pomace-olive-oil-1l,Bengaluru,560019,379,1049,63.9,1
2026-05-31-0900,2026-05-31,zepto,jivo-pomace-olive-oil-1l,Bengaluru,560028,379,1049,63.9,1
2026-05-31-0900,2026-05-31,zepto,jivo-pomace-olive-oil-1l,Bengaluru,560069,379,1049,63.9,1
2026-05-31-0900,2026-05-31,zepto,jivo-pomace-olive-oil-combo-1l,Delhi,110004,758,2098,63.9,1
2026-05-31-0900,2026-05-31,zepto,jivo-pomace-olive-oil-combo-1l,Delhi,110013,758,2098,63.9,1
2026-05-31-0900,2026-05-31,zepto,jivo-pomace-olive-oil-combo-1l,Delhi,110015,758,2098,63.9,1
2026-05-31-0900,2026-05-31,zepto,jivo-pomace-olive-oil-combo-1l,Delhi,110021,758,2098,63.9,1
2026-05-31-0900,2026-05-31,zepto,jivo-pomace-olive-oil-combo-1l,Delhi,110025,758,2098,63.9,1
2026-05-31-0900,2026-05-31,zepto,jivo-pomace-olive-oil-combo-1l,Delhi,110031,758,2098,63.9,1
2026-05-31-0900,2026-05-31,zepto,jivo-pomace-olive-oil-combo-1l,Delhi,110032,758,2098,63.9,1
2026-05-31-0900,2026-05-31,zepto,jivo-pomace-olive-oil-combo-1l,Delhi,110048,758,2098,63.9,1
2026-05-31-0900,2026-05-31,zepto,jivo-pomace-olive-oil-combo-1l,Delhi,110051,758,2098,63.9,1
2026-05-31-0900,2026-05-31,zepto,jivo-pomace-olive-oil-combo-1l,Delhi,110053,758,2098,63.9,1
2026-05-31-0900,2026-05-31,zepto,jivo-pomace-olive-oil-combo-1l,Delhi,110065,758,2098,63.9,1
2026-05-31-0900,2026-05-31,zepto,jivo-pomace-olive-oil-combo-1l,Delhi,110067,758,2098,63.9,1
2026-05-31-0900,2026-05-31,zepto,jivo-pomace-olive-oil-combo-1l,Delhi,110091,758,2098,63.9,1
2026-05-31-0900,2026-05-31,zepto,jivo-pomace-olive-oil-combo-1l,Delhi,110095,758,2098,63.9,1
2026-05-31-0900,2026-05-31,zepto,jivo-pomace-olive-oil-combo-1l,Faridabad,121001,758,2098,63.9,1
2026-05-31-0900,2026-05-31,zepto,jivo-pomace-olive-oil-combo-1l,Gurgaon,122006,758,2098,63.9,1
2026-05-31-0900,2026-05-31,zepto,jivo-pomace-olive-oil-combo-1l,Ghaziabad,201003,758,2098,63.9,1
2026-05-31-0900,2026-05-31,zepto,jivo-pomace-olive-oil-combo-1l,Mumbai,400003,758,2098,63.9,1
2026-05-31-0900,2026-05-31,zepto,jivo-pomace-olive-oil-combo-1l,Mumbai,400005,758,2098,63.9,1
2026-05-31-0900,2026-05-31,zepto,jivo-pomace-olive-oil-combo-1l,Mumbai,400006,758,2098,63.9,1
2026-05-31-0900,2026-05-31,zepto,jivo-pomace-olive-oil-combo-1l,Mumbai,400007,758,2098,63.9,1
2026-05-31-0900,2026-05-31,zepto,jivo-pomace-olive-oil-combo-1l,Mumbai,400010,758,2098,63.9,1
2026-05-31-0900,2026-05-31,zepto,jivo-pomace-olive-oil-combo-1l,Mumbai,400011,758,2098,63.9,1
2026-05-31-0900,2026-05-31,zepto,jivo-pomace-olive-oil-combo-1l,Mumbai,400012,758,2098,63.9,1
2026-05-31-0900,2026-05-31,zepto,jivo-pomace-olive-oil-combo-1l,Mumbai,400013,758,2098,63.9,1
2026-05-31-0900,2026-05-31,zepto,jivo-pomace-olive-oil-combo-1l,Mumbai,400015,758,2098,63.9,1
2026-05-31-0900,2026-05-31,zepto,jivo-pomace-olive-oil-combo-1l,Mumbai,400019,758,2098,63.9,1
2026-05-31-0900,2026-05-31,zepto,jivo-pomace-olive-oil-combo-1l,Mumbai,400020,758,2098,63.9,1
2026-05-31-0900,2026-05-31,zepto,jivo-pomace-olive-oil-combo-1l,Mumbai,400021,758,2098,63.9,1
2026-05-31-0900,2026-05-31,zepto,jivo-pomace-olive-oil-combo-1l,Mumbai,400023,758,2098,63.9,1
2026-05-31-0900,2026-05-31,zepto,jivo-pomace-olive-oil-combo-1l,Mumbai,400030,758,2098,63.9,1
2026-05-31-0900,2026-05-31,zepto,jivo-pomace-olive-oil-combo-1l,Mumbai,400033,758,2098,63.9,1
2026-05-31-0900,2026-05-31,zepto,jivo-pomace-olive-oil-combo-1l,Pune,411036,758,2098,63.9,1
2026-05-31-0900,2026-05-31,zepto,jivo-pomace-olive-oil-combo-1l,Pune,411045,758,2098,63.9,1
2026-05-31-0900,2026-05-31,zepto,jivo-pomace-olive-oil-combo-1l,Bengaluru,560069,758,2098,63.9,1
2026-05-31-0900,2026-05-31,zepto,jivo-sunflower-cold-pressed-oil-healthy-cooking-oil-1l,Delhi,110004,230,275,16.4,1
2026-05-31-0900,2026-05-31,zepto,jivo-sunflower-cold-pressed-oil-healthy-cooking-oil-1l,Delhi,110006,230,275,16.4,1
2026-05-31-0900,2026-05-31,zepto,jivo-sunflower-cold-pressed-oil-healthy-cooking-oil-1l,Delhi,110007,230,275,16.4,1
2026-05-31-0900,2026-05-31,zepto,jivo-sunflower-cold-pressed-oil-healthy-cooking-oil-1l,Delhi,110008,230,275,16.4,1
2026-05-31-0900,2026-05-31,zepto,jivo-sunflower-cold-pressed-oil-healthy-cooking-oil-1l,Delhi,110009,230,275,16.4,1
2026-05-31-0900,2026-05-31,zepto,jivo-sunflower-cold-pressed-oil-healthy-cooking-oil-1l,Delhi,110010,230,275,16.4,1
2026-05-31-0900,2026-05-31,zepto,jivo-sunflower-cold-pressed-oil-healthy-cooking-oil-1l,Delhi,110013,230,275,16.4,1
2026-05-31-0900,2026-05-31,zepto,jivo-sunflower-cold-pressed-oil-healthy-cooking-oil-1l,Delhi,110014,230,275,16.4,1
2026-05-31-0900,2026-05-31,zepto,jivo-sunflower-cold-pressed-oil-healthy-cooking-oil-1l,Delhi,110015,230,275,16.4,1
2026-05-31-0900,2026-05-31,zepto,jivo-sunflower-cold-pressed-oil-healthy-cooking-oil-1l,Delhi,110017,230,275,16.4,1
2026-05-31-0900,2026-05-31,zepto,jivo-sunflower-cold-pressed-oil-healthy-cooking-oil-1l,Delhi,110018,230,275,16.4,1
2026-05-31-0900,2026-05-31,zepto,jivo-sunflower-cold-pressed-oil-healthy-cooking-oil-1l,Delhi,110024,230,275,16.4,1
2026-05-31-0900,2026-05-31,zepto,jivo-sunflower-cold-pressed-oil-healthy-cooking-oil-1l,Delhi,110025,230,275,16.4,1
2026-05-31-0900,2026-05-31,zepto,jivo-sunflower-cold-pressed-oil-healthy-cooking-oil-1l,Delhi,110026,230,275,16.4,1
2026-05-31-0900,2026-05-31,zepto,jivo-sunflower-cold-pressed-oil-healthy-cooking-oil-1l,Delhi,110031,230,275,16.4,1
2026-05-31-0900,2026-05-31,zepto,jivo-sunflower-cold-pressed-oil-healthy-cooking-oil-1l,Delhi,110032,230,275,16.4,1
2026-05-31-0900,2026-05-31,zepto,jivo-sunflower-cold-pressed-oil-healthy-cooking-oil-1l,Delhi,110033,230,275,16.4,1
2026-05-31-0900,2026-05-31,zepto,jivo-sunflower-cold-pressed-oil-healthy-cooking-oil-1l,Delhi,110035,230,275,16.4,1
2026-05-31-0900,2026-05-31,zepto,jivo-sunflower-cold-pressed-oil-healthy-cooking-oil-1l,Delhi,110040,230,275,16.4,1
2026-05-31-0900,2026-05-31,zepto,jivo-sunflower-cold-pressed-oil-healthy-cooking-oil-1l,Delhi,110042,230,275,16.4,1
2026-05-31-0900,2026-05-31,zepto,jivo-sunflower-cold-pressed-oil-healthy-cooking-oil-1l,Delhi,110046,230,275,16.4,1
2026-05-31-0900,2026-05-31,zepto,jivo-sunflower-cold-pressed-oil-healthy-cooking-oil-1l,Delhi,110048,230,275,16.4,1
2026-05-31-0900,2026-05-31,zepto,jivo-sunflower-cold-pressed-oil-healthy-cooking-oil-1l,Delhi,110051,230,275,16.4,1
2026-05-31-0900,2026-05-31,zepto,jivo-sunflower-cold-pressed-oil-healthy-cooking-oil-1l,Delhi,110053,230,275,16.4,1
2026-05-31-0900,2026-05-31,zepto,jivo-sunflower-cold-pressed-oil-healthy-cooking-oil-1l,Delhi,110062,230,275,16.4,1
2026-05-31-0900,2026-05-31,zepto,jivo-sunflower-cold-pressed-oil-healthy-cooking-oil-1l,Delhi,110065,230,275,16.4,1
2026-05-31-0900,2026-05-31,zepto,jivo-sunflower-cold-pressed-oil-healthy-cooking-oil-1l,Delhi,110067,230,275,16.4,1
2026-05-31-0900,2026-05-31,zepto,jivo-sunflower-cold-pressed-oil-healthy-cooking-oil-1l,Delhi,110076,230,275,16.4,1
2026-05-31-0900,2026-05-31,zepto,jivo-sunflower-cold-pressed-oil-healthy-cooking-oil-1l,Delhi,110084,230,275,16.4,1
2026-05-31-0900,2026-05-31,zepto,jivo-sunflower-cold-pressed-oil-healthy-cooking-oil-1l,Delhi,110085,230,275,16.4,1
2026-05-31-0900,2026-05-31,zepto,jivo-sunflower-cold-pressed-oil-healthy-cooking-oil-1l,Delhi,110088,219,275,20.4,1
2026-05-31-0900,2026-05-31,zepto,jivo-sunflower-cold-pressed-oil-healthy-cooking-oil-1l,Delhi,110090,230,275,16.4,1
2026-05-31-0900,2026-05-31,zepto,jivo-sunflower-cold-pressed-oil-healthy-cooking-oil-1l,Delhi,110091,230,275,16.4,1
2026-05-31-0900,2026-05-31,zepto,jivo-sunflower-cold-pressed-oil-healthy-cooking-oil-1l,Delhi,110092,230,275,16.4,1
2026-05-31-0900,2026-05-31,zepto,jivo-sunflower-cold-pressed-oil-healthy-cooking-oil-1l,Delhi,110095,230,275,16.4,1
2026-05-31-0900,2026-05-31,zepto,jivo-sunflower-cold-pressed-oil-healthy-cooking-oil-1l,Faridabad,121001,230,275,16.4,1
2026-05-31-0900,2026-05-31,zepto,jivo-sunflower-cold-pressed-oil-healthy-cooking-oil-1l,Gurgaon,122004,230,275,16.4,1
2026-05-31-0900,2026-05-31,zepto,jivo-sunflower-cold-pressed-oil-healthy-cooking-oil-1l,Gurgaon,122006,230,275,16.4,1
2026-05-31-0900,2026-05-31,zepto,jivo-sunflower-cold-pressed-oil-healthy-cooking-oil-1l,Gurgaon,122010,230,275,16.4,1
2026-05-31-0900,2026-05-31,zepto,jivo-sunflower-cold-pressed-oil-healthy-cooking-oil-1l,Gurgaon,122051,230,275,16.4,1
2026-05-31-0900,2026-05-31,zepto,jivo-sunflower-cold-pressed-oil-healthy-cooking-oil-1l,Gurgaon,122101,230,275,16.4,1
2026-05-31-0900,2026-05-31,zepto,jivo-sunflower-cold-pressed-oil-healthy-cooking-oil-1l,Ghaziabad,201003,230,275,16.4,1
2026-05-31-0900,2026-05-31,zepto,jivo-sunflower-cold-pressed-oil-healthy-cooking-oil-1l,Ghaziabad,201005,230,275,16.4,1
2026-05-31-0900,2026-05-31,zepto,jivo-sunflower-cold-pressed-oil-healthy-cooking-oil-1l,Ghaziabad,201009,217,275,21.1,1
2026-05-31-0900,2026-05-31,zepto,jivo-sunflower-cold-pressed-oil-healthy-cooking-oil-1l,Noida,201307,230,275,16.4,1
2026-05-31-0900,2026-05-31,zepto,jivo-sunflower-cold-pressed-oil-healthy-cooking-oil-1l,Noida,201309,230,275,16.4,1
2026-05-31-0900,2026-05-31,zepto,jivo-sunflower-cold-pressed-oil-healthy-cooking-oil-1l,Noida,201310,230,275,16.4,1
2026-05-31-0900,2026-05-31,zepto,jivo-sunflower-cold-pressed-oil-healthy-cooking-oil-1l,Mumbai,400005,230,275,16.4,1
2026-05-31-0900,2026-05-31,zepto,jivo-sunflower-cold-pressed-oil-healthy-cooking-oil-1l,Mumbai,400006,230,275,16.4,1
2026-05-31-0900,2026-05-31,zepto,jivo-sunflower-cold-pressed-oil-healthy-cooking-oil-1l,Mumbai,400007,230,275,16.4,1
2026-05-31-0900,2026-05-31,zepto,jivo-sunflower-cold-pressed-oil-healthy-cooking-oil-1l,Mumbai,400011,230,275,16.4,1
2026-05-31-0900,2026-05-31,zepto,jivo-sunflower-cold-pressed-oil-healthy-cooking-oil-1l,Mumbai,400012,230,275,16.4,1
2026-05-31-0900,2026-05-31,zepto,jivo-sunflower-cold-pressed-oil-healthy-cooking-oil-1l,Mumbai,400018,230,275,16.4,1
2026-05-31-0900,2026-05-31,zepto,jivo-sunflower-cold-pressed-oil-healthy-cooking-oil-1l,Mumbai,400020,230,275,16.4,1
2026-05-31-0900,2026-05-31,zepto,jivo-sunflower-cold-pressed-oil-healthy-cooking-oil-1l,Mumbai,400025,230,275,16.4,1
2026-05-31-0900,2026-05-31,zepto,jivo-sunflower-cold-pressed-oil-healthy-cooking-oil-1l,Mumbai,400033,230,275,16.4,1
2026-05-31-0900,2026-05-31,zepto,jivo-sunflower-cold-pressed-oil-healthy-cooking-oil-1l,Mumbai,400090,230,275,16.4,1
2026-05-31-0900,2026-05-31,zepto,jivo-sunflower-cold-pressed-oil-healthy-cooking-oil-1l,Mumbai,400601,230,275,16.4,1
2026-05-31-0900,2026-05-31,zepto,jivo-sunflower-cold-pressed-oil-healthy-cooking-oil-1l,Mumbai,400611,230,275,16.4,1
2026-05-31-0900,2026-05-31,zepto,jivo-sunflower-cold-pressed-oil-healthy-cooking-oil-1l,Mumbai,400703,230,275,16.4,1
2026-05-31-1200,2026-05-31,zepto,jivo-cold-press-canola-oil-combo-bottle-2l,Delhi,110004,485,750,35.3,1
2026-05-31-1200,2026-05-31,zepto,jivo-cold-press-canola-oil-combo-bottle-2l,Delhi,110006,485,750,35.3,1
2026-05-31-1200,2026-05-31,zepto,jivo-cold-press-canola-oil-combo-bottle-2l,Delhi,110008,485,750,35.3,1
2026-05-31-1200,2026-05-31,zepto,jivo-cold-press-canola-oil-combo-bottle-2l,Delhi,110009,485,750,35.3,1
2026-05-31-1200,2026-05-31,zepto,jivo-cold-press-canola-oil-combo-bottle-2l,Delhi,110010,485,750,35.3,1
2026-05-31-1200,2026-05-31,zepto,jivo-cold-press-canola-oil-combo-bottle-2l,Delhi,110013,485,750,35.3,1
2026-05-31-1200,2026-05-31,zepto,jivo-cold-press-canola-oil-combo-bottle-2l,Delhi,110014,485,750,35.3,1
2026-05-31-1200,2026-05-31,zepto,jivo-cold-press-canola-oil-combo-bottle-2l,Delhi,110015,485,750,35.3,1
2026-05-31-1200,2026-05-31,zepto,jivo-cold-press-canola-oil-combo-bottle-2l,Delhi,110017,519,750,30.8,1
2026-05-31-1200,2026-05-31,zepto,jivo-cold-press-canola-oil-combo-bottle-2l,Delhi,110025,485,750,35.3,1
2026-05-31-1200,2026-05-31,zepto,jivo-cold-press-canola-oil-combo-bottle-2l,Delhi,110031,485,750,35.3,1
2026-05-31-1200,2026-05-31,zepto,jivo-cold-press-canola-oil-combo-bottle-2l,Delhi,110032,485,750,35.3,1
2026-05-31-1200,2026-05-31,zepto,jivo-cold-press-canola-oil-combo-bottle-2l,Delhi,110035,519,750,30.8,1
2026-05-31-1200,2026-05-31,zepto,jivo-cold-press-canola-oil-combo-bottle-2l,Delhi,110040,485,750,35.3,1
2026-05-31-1200,2026-05-31,zepto,jivo-cold-press-canola-oil-combo-bottle-2l,Delhi,110042,485,750,35.3,1
2026-05-31-1200,2026-05-31,zepto,jivo-cold-press-canola-oil-combo-bottle-2l,Delhi,110048,485,750,35.3,1
2026-05-31-1200,2026-05-31,zepto,jivo-cold-press-canola-oil-combo-bottle-2l,Delhi,110053,485,750,35.3,1
2026-05-31-1200,2026-05-31,zepto,jivo-cold-press-canola-oil-combo-bottle-2l,Delhi,110062,485,750,35.3,1
2026-05-31-1200,2026-05-31,zepto,jivo-cold-press-canola-oil-combo-bottle-2l,Delhi,110065,485,750,35.3,1
2026-05-31-1200,2026-05-31,zepto,jivo-cold-press-canola-oil-combo-bottle-2l,Delhi,110076,485,750,35.3,1
2026-05-31-1200,2026-05-31,zepto,jivo-cold-press-canola-oil-combo-bottle-2l,Delhi,110085,485,750,35.3,1
2026-05-31-1200,2026-05-31,zepto,jivo-cold-press-canola-oil-combo-bottle-2l,Delhi,110091,485,750,35.3,1
2026-05-31-1200,2026-05-31,zepto,jivo-cold-press-canola-oil-combo-bottle-2l,Delhi,110092,519,750,30.8,1
2026-05-31-1200,2026-05-31,zepto,jivo-cold-press-canola-oil-combo-bottle-2l,Delhi,110095,485,750,35.3,1
2026-05-31-1200,2026-05-31,zepto,jivo-cold-press-canola-oil-combo-bottle-2l,Ludhiana,141015,485,750,35.3,1
2026-05-31-1200,2026-05-31,zepto,jivo-cold-press-canola-oil-combo-bottle-2l,Ludhiana,142036,485,750,35.3,1
2026-05-31-1200,2026-05-31,zepto,jivo-cold-press-canola-oil-combo-bottle-2l,Bengaluru,560069,485,750,35.3,1
2026-05-31-1200,2026-05-31,zepto,jivo-daily-pomace-olive-oil-2l,Bengaluru,560014,941,1449,35.1,1
2026-05-31-1200,2026-05-31,zepto,jivo-extra-light-olive-oil-1l,Delhi,110004,499,1499,66.7,1
2026-05-31-1200,2026-05-31,zepto,jivo-extra-light-olive-oil-1l,Delhi,110006,499,1499,66.7,1
2026-05-31-1200,2026-05-31,zepto,jivo-extra-light-olive-oil-1l,Delhi,110007,499,1499,66.7,1
2026-05-31-1200,2026-05-31,zepto,jivo-extra-light-olive-oil-1l,Delhi,110008,499,1499,66.7,1
2026-05-31-1200,2026-05-31,zepto,jivo-extra-light-olive-oil-1l,Delhi,110009,499,1499,66.7,1
2026-05-31-1200,2026-05-31,zepto,jivo-extra-light-olive-oil-1l,Delhi,110010,499,1499,66.7,1
2026-05-31-1200,2026-05-31,zepto,jivo-extra-light-olive-oil-1l,Delhi,110013,499,1499,66.7,1
2026-05-31-1200,2026-05-31,zepto,jivo-extra-light-olive-oil-1l,Delhi,110014,499,1499,66.7,1
2026-05-31-1200,2026-05-31,zepto,jivo-extra-light-olive-oil-1l,Delhi,110015,499,1499,66.7,1
2026-05-31-1200,2026-05-31,zepto,jivo-extra-light-olive-oil-1l,Delhi,110017,499,1499,66.7,1
2026-05-31-1200,2026-05-31,zepto,jivo-extra-light-olive-oil-1l,Delhi,110018,499,1499,66.7,1
2026-05-31-1200,2026-05-31,zepto,jivo-extra-light-olive-oil-1l,Delhi,110024,499,1499,66.7,1
2026-05-31-1200,2026-05-31,zepto,jivo-extra-light-olive-oil-1l,Delhi,110025,499,1499,66.7,1
2026-05-31-1200,2026-05-31,zepto,jivo-extra-light-olive-oil-1l,Delhi,110026,499,1499,66.7,1
2026-05-31-1200,2026-05-31,zepto,jivo-extra-light-olive-oil-1l,Delhi,110031,499,1499,66.7,1
2026-05-31-1200,2026-05-31,zepto,jivo-extra-light-olive-oil-1l,Delhi,110032,499,1499,66.7,1
2026-05-31-1200,2026-05-31,zepto,jivo-extra-light-olive-oil-1l,Delhi,110035,499,1499,66.7,1
2026-05-31-1200,2026-05-31,zepto,jivo-extra-light-olive-oil-1l,Delhi,110040,499,1499,66.7,1
2026-05-31-1200,2026-05-31,zepto,jivo-extra-light-olive-oil-1l,Delhi,110042,499,1499,66.7,1
2026-05-31-1200,2026-05-31,zepto,jivo-extra-light-olive-oil-1l,Delhi,110046,499,1499,66.7,1
2026-05-31-1200,2026-05-31,zepto,jivo-extra-light-olive-oil-1l,Delhi,110048,499,1499,66.7,1
2026-05-31-1200,2026-05-31,zepto,jivo-extra-light-olive-oil-1l,Delhi,110051,499,1499,66.7,1
2026-05-31-1200,2026-05-31,zepto,jivo-extra-light-olive-oil-1l,Delhi,110053,499,1499,66.7,1
2026-05-31-1200,2026-05-31,zepto,jivo-extra-light-olive-oil-1l,Delhi,110062,499,1499,66.7,1
2026-05-31-1200,2026-05-31,zepto,jivo-extra-light-olive-oil-1l,Delhi,110065,499,1499,66.7,1
2026-05-31-1200,2026-05-31,zepto,jivo-extra-light-olive-oil-1l,Delhi,110067,499,1499,66.7,1
2026-05-31-1200,2026-05-31,zepto,jivo-extra-light-olive-oil-1l,Delhi,110076,499,1499,66.7,1
2026-05-31-1200,2026-05-31,zepto,jivo-extra-light-olive-oil-1l,Delhi,110084,499,1499,66.7,1
2026-05-31-1200,2026-05-31,zepto,jivo-extra-light-olive-oil-1l,Delhi,110085,499,1499,66.7,1
2026-05-31-1200,2026-05-31,zepto,jivo-extra-light-olive-oil-1l,Delhi,110088,499,1499,66.7,1
2026-05-31-1200,2026-05-31,zepto,jivo-extra-light-olive-oil-1l,Delhi,110090,499,1499,66.7,1
2026-05-31-1200,2026-05-31,zepto,jivo-extra-light-olive-oil-1l,Delhi,110091,499,1499,66.7,1
2026-05-31-1200,2026-05-31,zepto,jivo-extra-light-olive-oil-1l,Delhi,110092,499,1499,66.7,1
2026-05-31-1200,2026-05-31,zepto,jivo-extra-light-olive-oil-1l,Delhi,110095,499,1499,66.7,1
2026-05-31-1200,2026-05-31,zepto,jivo-extra-light-olive-oil-1l,Faridabad,121011,499,1499,66.7,1
2026-05-31-1200,2026-05-31,zepto,jivo-extra-light-olive-oil-1l,Gurgaon,122004,499,1499,66.7,1
2026-05-31-1200,2026-05-31,zepto,jivo-extra-light-olive-oil-1l,Gurgaon,122006,499,1499,66.7,1
2026-05-31-1200,2026-05-31,zepto,jivo-extra-light-olive-oil-1l,Gurgaon,122010,499,1499,66.7,1
2026-05-31-1200,2026-05-31,zepto,jivo-extra-light-olive-oil-1l,Gurgaon,122051,499,1499,66.7,1
2026-05-31-1200,2026-05-31,zepto,jivo-extra-light-olive-oil-1l,Gurgaon,122101,499,1499,66.7,1
2026-05-31-1200,2026-05-31,zepto,jivo-extra-light-olive-oil-1l,Ludhiana,141015,499,1499,66.7,1
2026-05-31-1200,2026-05-31,zepto,jivo-extra-light-olive-oil-1l,Ludhiana,142022,499,1499,66.7,1
2026-05-31-1200,2026-05-31,zepto,jivo-extra-light-olive-oil-1l,Ludhiana,142036,499,1499,66.7,1
2026-05-31-1200,2026-05-31,zepto,jivo-extra-light-olive-oil-1l,Chandigarh,160011,499,1499,66.7,1
2026-05-31-1200,2026-05-31,zepto,jivo-extra-light-olive-oil-1l,Chandigarh,160021,499,1499,66.7,1
2026-05-31-1200,2026-05-31,zepto,jivo-extra-light-olive-oil-1l,Chandigarh,160035,499,1499,66.7,1
2026-05-31-1200,2026-05-31,zepto,jivo-extra-light-olive-oil-1l,Chandigarh,160043,499,1499,66.7,1
2026-05-31-1200,2026-05-31,zepto,jivo-extra-light-olive-oil-1l,Ghaziabad,201003,499,1499,66.7,1
2026-05-31-1200,2026-05-31,zepto,jivo-extra-light-olive-oil-1l,Ghaziabad,201009,499,1499,66.7,1
2026-05-31-1200,2026-05-31,zepto,jivo-extra-light-olive-oil-1l,Noida,201309,499,1499,66.7,1
2026-05-31-1200,2026-05-31,zepto,jivo-extra-light-olive-oil-1l,Noida,201310,499,1499,66.7,1
2026-05-31-1200,2026-05-31,zepto,jivo-extra-light-olive-oil-1l,Mumbai,400003,499,1499,66.7,1
2026-05-31-1200,2026-05-31,zepto,jivo-extra-light-olive-oil-1l,Mumbai,400005,499,1499,66.7,1
2026-05-31-1200,2026-05-31,zepto,jivo-extra-light-olive-oil-1l,Mumbai,400006,499,1499,66.7,1
2026-05-31-1200,2026-05-31,zepto,jivo-extra-light-olive-oil-1l,Mumbai,400007,499,1499,66.7,1
2026-05-31-1200,2026-05-31,zepto,jivo-extra-light-olive-oil-1l,Mumbai,400010,499,1499,66.7,1
2026-05-31-1200,2026-05-31,zepto,jivo-extra-light-olive-oil-1l,Mumbai,400011,499,1499,66.7,1
2026-05-31-1200,2026-05-31,zepto,jivo-extra-light-olive-oil-1l,Mumbai,400012,499,1499,66.7,1
2026-05-31-1200,2026-05-31,zepto,jivo-extra-light-olive-oil-1l,Mumbai,400013,499,1499,66.7,1
2026-05-31-1200,2026-05-31,zepto,jivo-extra-light-olive-oil-1l,Mumbai,400015,499,1499,66.7,1
2026-05-31-1200,2026-05-31,zepto,jivo-extra-light-olive-oil-1l,Mumbai,400017,499,1499,66.7,1
2026-05-31-1200,2026-05-31,zepto,jivo-extra-light-olive-oil-1l,Mumbai,400018,499,1499,66.7,1
2026-05-31-1200,2026-05-31,zepto,jivo-extra-light-olive-oil-1l,Mumbai,400019,499,1499,66.7,1
2026-05-31-1200,2026-05-31,zepto,jivo-extra-light-olive-oil-1l,Mumbai,400020,499,1499,66.7,1
2026-05-31-1200,2026-05-31,zepto,jivo-extra-light-olive-oil-1l,Mumbai,400021,499,1499,66.7,1
2026-05-31-1200,2026-05-31,zepto,jivo-extra-light-olive-oil-1l,Mumbai,400023,499,1499,66.7,1
2026-05-31-1200,2026-05-31,zepto,jivo-extra-light-olive-oil-1l,Mumbai,400025,499,1499,66.7,1
2026-05-31-1200,2026-05-31,zepto,jivo-extra-light-olive-oil-1l,Mumbai,400030,499,1499,66.7,1
2026-05-31-1200,2026-05-31,zepto,jivo-extra-light-olive-oil-1l,Mumbai,400033,499,1499,66.7,1
2026-05-31-1200,2026-05-31,zepto,jivo-extra-light-olive-oil-1l,Mumbai,400041,499,1499,66.7,1
2026-05-31-1200,2026-05-31,zepto,jivo-extra-light-olive-oil-1l,Mumbai,400090,499,1499,66.7,1
2026-05-31-1200,2026-05-31,zepto,jivo-extra-light-olive-oil-1l,Mumbai,400601,499,1499,66.7,1
2026-05-31-1200,2026-05-31,zepto,jivo-extra-light-olive-oil-1l,Mumbai,400611,499,1499,66.7,1
2026-05-31-1200,2026-05-31,zepto,jivo-extra-light-olive-oil-1l,Mumbai,400703,499,1499,66.7,1
2026-05-31-1200,2026-05-31,zepto,jivo-extra-light-olive-oil-1l,Pune,411004,499,1499,66.7,1
2026-05-31-1200,2026-05-31,zepto,jivo-extra-light-olive-oil-1l,Pune,411006,499,1499,66.7,1
2026-05-31-1200,2026-05-31,zepto,jivo-extra-light-olive-oil-1l,Pune,411011,499,1499,66.7,1
2026-05-31-1200,2026-05-31,zepto,jivo-extra-light-olive-oil-1l,Pune,411012,499,1499,66.7,1
2026-05-31-1200,2026-05-31,zepto,jivo-extra-light-olive-oil-1l,Pune,411014,499,1499,66.7,1
2026-05-31-1200,2026-05-31,zepto,jivo-extra-light-olive-oil-1l,Pune,411015,499,1499,66.7,1
2026-05-31-1200,2026-05-31,zepto,jivo-extra-light-olive-oil-1l,Pune,411021,499,1499,66.7,1
2026-05-31-1200,2026-05-31,zepto,jivo-extra-light-olive-oil-1l,Pune,411028,499,1499,66.7,1
2026-05-31-1200,2026-05-31,zepto,jivo-extra-light-olive-oil-1l,Pune,411036,499,1499,66.7,1
2026-05-31-1200,2026-05-31,zepto,jivo-extra-light-olive-oil-1l,Pune,411045,499,1499,66.7,1
2026-05-31-1200,2026-05-31,zepto,jivo-extra-light-olive-oil-1l,Pune,411047,499,1499,66.7,1
2026-05-31-1200,2026-05-31,zepto,jivo-extra-light-olive-oil-1l,Pune,411051,499,1499,66.7,1
2026-05-31-1200,2026-05-31,zepto,jivo-extra-light-olive-oil-1l,Bengaluru,560014,499,1499,66.7,1
2026-05-31-1200,2026-05-31,zepto,jivo-extra-light-olive-oil-1l,Bengaluru,560069,499,1499,66.7,1
2026-05-31-1200,2026-05-31,zepto,jivo-extra-light-olive-oil-2l,Delhi,110010,1504,2799,46.3,1
2026-05-31-1200,2026-05-31,zepto,jivo-extra-light-olive-oil-2l,Delhi,110014,1504,2799,46.3,1
2026-05-31-1200,2026-05-31,zepto,jivo-extra-light-olive-oil-2l,Delhi,110040,1504,2799,46.3,1
2026-05-31-1200,2026-05-31,zepto,jivo-extra-light-olive-oil-2l,Delhi,110042,1504,2799,46.3,1
2026-05-31-1200,2026-05-31,zepto,jivo-extra-light-olive-oil-2l,Delhi,110062,1504,2799,46.3,1
2026-05-31-1200,2026-05-31,zepto,jivo-extra-light-olive-oil-2l,Delhi,110067,1504,2799,46.3,1
2026-05-31-1200,2026-05-31,zepto,jivo-extra-light-olive-oil-2l,Delhi,110084,1504,2799,46.3,1
2026-05-31-1200,2026-05-31,zepto,jivo-extra-light-olive-oil-2l,Delhi,110088,1140,2799,59.3,1
2026-05-31-1200,2026-05-31,zepto,jivo-extra-light-olive-oil-2l,Delhi,110090,1504,2799,46.3,1
2026-05-31-1200,2026-05-31,zepto,jivo-extra-light-olive-oil-2l,Gurgaon,122051,1504,2799,46.3,1
2026-05-31-1200,2026-05-31,zepto,jivo-extra-light-olive-oil-2l,Gurgaon,122101,1504,2799,46.3,1
2026-05-31-1200,2026-05-31,zepto,jivo-extra-light-olive-oil-2l,Ghaziabad,201003,1504,2799,46.3,1
2026-05-31-1200,2026-05-31,zepto,jivo-extra-light-olive-oil-2l,Ghaziabad,201009,1144,2799,59.1,1
2026-05-31-1200,2026-05-31,zepto,jivo-extra-light-olive-oil-2l,Noida,201309,1504,2799,46.3,1
2026-05-31-1200,2026-05-31,zepto,jivo-extra-light-olive-oil-2l,Noida,201310,1504,2799,46.3,1
2026-05-31-1200,2026-05-31,zepto,jivo-extra-light-olive-oil-2l,Mumbai,400005,1505,2799,46.2,1
2026-05-31-1200,2026-05-31,zepto,jivo-extra-light-olive-oil-2l,Mumbai,400006,1505,2799,46.2,1
2026-05-31-1200,2026-05-31,zepto,jivo-extra-light-olive-oil-2l,Mumbai,400007,1505,2799,46.2,1
2026-05-31-1200,2026-05-31,zepto,jivo-extra-light-olive-oil-2l,Mumbai,400010,1505,2799,46.2,1
2026-05-31-1200,2026-05-31,zepto,jivo-extra-light-olive-oil-2l,Mumbai,400011,1505,2799,46.2,1
2026-05-31-1200,2026-05-31,zepto,jivo-extra-light-olive-oil-2l,Mumbai,400012,1505,2799,46.2,1
2026-05-31-1200,2026-05-31,zepto,jivo-extra-light-olive-oil-2l,Mumbai,400013,1505,2799,46.2,1
2026-05-31-1200,2026-05-31,zepto,jivo-extra-light-olive-oil-2l,Mumbai,400015,1505,2799,46.2,1
2026-05-31-1200,2026-05-31,zepto,jivo-extra-light-olive-oil-2l,Mumbai,400017,1505,2799,46.2,1
2026-05-31-1200,2026-05-31,zepto,jivo-extra-light-olive-oil-2l,Mumbai,400018,1505,2799,46.2,1
2026-05-31-1200,2026-05-31,zepto,jivo-extra-light-olive-oil-2l,Mumbai,400019,1505,2799,46.2,1
2026-05-31-1200,2026-05-31,zepto,jivo-extra-light-olive-oil-2l,Mumbai,400020,1505,2799,46.2,1
2026-05-31-1200,2026-05-31,zepto,jivo-extra-light-olive-oil-2l,Mumbai,400023,1505,2799,46.2,1
2026-05-31-1200,2026-05-31,zepto,jivo-extra-light-olive-oil-2l,Mumbai,400025,1505,2799,46.2,1
2026-05-31-1200,2026-05-31,zepto,jivo-extra-light-olive-oil-2l,Mumbai,400030,1505,2799,46.2,1
2026-05-31-1200,2026-05-31,zepto,jivo-extra-light-olive-oil-2l,Mumbai,400033,1505,2799,46.2,1
2026-05-31-1200,2026-05-31,zepto,jivo-extra-light-olive-oil-2l,Mumbai,400090,1505,2799,46.2,1
2026-05-31-1200,2026-05-31,zepto,jivo-extra-light-olive-oil-2l,Mumbai,400601,1505,2799,46.2,1
2026-05-31-1200,2026-05-31,zepto,jivo-extra-light-olive-oil-2l,Mumbai,400611,1505,2799,46.2,1
2026-05-31-1200,2026-05-31,zepto,jivo-extra-light-olive-oil-2l,Mumbai,400703,1505,2799,46.2,1
2026-05-31-1200,2026-05-31,zepto,jivo-extra-light-olive-oil-combo-1l,Delhi,110004,998,2998,66.7,1
2026-05-31-1200,2026-05-31,zepto,jivo-extra-light-olive-oil-combo-1l,Delhi,110007,998,2998,66.7,1
2026-05-31-1200,2026-05-31,zepto,jivo-extra-light-olive-oil-combo-1l,Delhi,110015,998,2998,66.7,1
2026-05-31-1200,2026-05-31,zepto,jivo-extra-light-olive-oil-combo-1l,Delhi,110024,998,2998,66.7,1
2026-05-31-1200,2026-05-31,zepto,jivo-extra-light-olive-oil-combo-1l,Delhi,110025,998,2998,66.7,1
2026-05-31-1200,2026-05-31,zepto,jivo-extra-light-olive-oil-combo-1l,Delhi,110026,998,2998,66.7,1
2026-05-31-1200,2026-05-31,zepto,jivo-extra-light-olive-oil-combo-1l,Delhi,110031,998,2998,66.7,1
2026-05-31-1200,2026-05-31,zepto,jivo-extra-light-olive-oil-combo-1l,Delhi,110032,998,2998,66.7,1
2026-05-31-1200,2026-05-31,zepto,jivo-extra-light-olive-oil-combo-1l,Delhi,110040,998,2998,66.7,1
2026-05-31-1200,2026-05-31,zepto,jivo-extra-light-olive-oil-combo-1l,Delhi,110051,998,2998,66.7,1
2026-05-31-1200,2026-05-31,zepto,jivo-extra-light-olive-oil-combo-1l,Delhi,110053,998,2998,66.7,1
2026-05-31-1200,2026-05-31,zepto,jivo-extra-light-olive-oil-combo-1l,Delhi,110067,998,2998,66.7,1
2026-05-31-1200,2026-05-31,zepto,jivo-extra-light-olive-oil-combo-1l,Delhi,110084,998,2998,66.7,1
2026-05-31-1200,2026-05-31,zepto,jivo-extra-light-olive-oil-combo-1l,Delhi,110085,998,2998,66.7,1
2026-05-31-1200,2026-05-31,zepto,jivo-extra-light-olive-oil-combo-1l,Delhi,110091,998,2998,66.7,1
2026-05-31-1200,2026-05-31,zepto,jivo-extra-light-olive-oil-combo-1l,Delhi,110095,998,2998,66.7,1
2026-05-31-1200,2026-05-31,zepto,jivo-extra-light-olive-oil-combo-1l,Gurgaon,122004,998,2998,66.7,1
2026-05-31-1200,2026-05-31,zepto,jivo-extra-light-olive-oil-combo-1l,Gurgaon,122006,998,2998,66.7,1
2026-05-31-1200,2026-05-31,zepto,jivo-extra-light-olive-oil-combo-1l,Gurgaon,122010,998,2998,66.7,1
2026-05-31-1200,2026-05-31,zepto,jivo-extra-light-olive-oil-combo-1l,Gurgaon,122051,998,2998,66.7,1
2026-05-31-1200,2026-05-31,zepto,jivo-extra-light-olive-oil-combo-1l,Gurgaon,122101,998,2998,66.7,1
2026-05-31-1200,2026-05-31,zepto,jivo-extra-light-olive-oil-combo-1l,Noida,201309,998,2998,66.7,1
2026-05-31-1200,2026-05-31,zepto,jivo-extra-light-olive-oil-combo-1l,Noida,201310,998,2998,66.7,1
2026-05-31-1200,2026-05-31,zepto,jivo-extra-light-olive-oil-combo-1l,Mumbai,400003,998,2998,66.7,1
2026-05-31-1200,2026-05-31,zepto,jivo-extra-light-olive-oil-combo-1l,Mumbai,400005,998,2998,66.7,1
2026-05-31-1200,2026-05-31,zepto,jivo-extra-light-olive-oil-combo-1l,Mumbai,400006,998,2998,66.7,1
2026-05-31-1200,2026-05-31,zepto,jivo-extra-light-olive-oil-combo-1l,Mumbai,400007,998,2998,66.7,1
2026-05-31-1200,2026-05-31,zepto,jivo-extra-light-olive-oil-combo-1l,Mumbai,400010,998,2998,66.7,1
2026-05-31-1200,2026-05-31,zepto,jivo-extra-light-olive-oil-combo-1l,Mumbai,400011,998,2998,66.7,1
2026-05-31-1200,2026-05-31,zepto,jivo-extra-light-olive-oil-combo-1l,Mumbai,400012,998,2998,66.7,1
2026-05-31-1200,2026-05-31,zepto,jivo-extra-light-olive-oil-combo-1l,Mumbai,400013,998,2998,66.7,1
2026-05-31-1200,2026-05-31,zepto,jivo-extra-light-olive-oil-combo-1l,Mumbai,400015,998,2998,66.7,1
2026-05-31-1200,2026-05-31,zepto,jivo-extra-light-olive-oil-combo-1l,Mumbai,400019,998,2998,66.7,1
2026-05-31-1200,2026-05-31,zepto,jivo-extra-light-olive-oil-combo-1l,Mumbai,400020,998,2998,66.7,1
2026-05-31-1200,2026-05-31,zepto,jivo-extra-light-olive-oil-combo-1l,Mumbai,400021,998,2998,66.7,1
2026-05-31-1200,2026-05-31,zepto,jivo-extra-light-olive-oil-combo-1l,Mumbai,400023,998,2998,66.7,1
2026-05-31-1200,2026-05-31,zepto,jivo-extra-light-olive-oil-combo-1l,Mumbai,400030,998,2998,66.7,1
2026-05-31-1200,2026-05-31,zepto,jivo-extra-light-olive-oil-combo-1l,Mumbai,400033,998,2998,66.7,1
2026-05-31-1200,2026-05-31,zepto,jivo-extra-light-olive-oil-combo-1l,Mumbai,400601,998,2998,66.7,1
2026-05-31-1200,2026-05-31,zepto,jivo-extra-light-olive-oil-combo-1l,Mumbai,400611,998,2998,66.7,1
2026-05-31-1200,2026-05-31,zepto,jivo-extra-light-olive-oil-combo-1l,Pune,411011,998,2998,66.7,1
2026-05-31-1200,2026-05-31,zepto,jivo-extra-light-olive-oil-combo-1l,Pune,411015,998,2998,66.7,1
2026-05-31-1200,2026-05-31,zepto,jivo-extra-light-olive-oil-combo-1l,Pune,411021,998,2998,66.7,1
2026-05-31-1200,2026-05-31,zepto,jivo-extra-light-olive-oil-combo-1l,Pune,411045,998,2998,66.7,1
2026-05-31-1200,2026-05-31,zepto,jivo-extra-light-olive-oil-combo-1l,Pune,411047,998,2998,66.7,1
2026-05-31-1200,2026-05-31,zepto,jivo-extra-light-olive-oil-combo-1l,Pune,411051,998,2998,66.7,1
2026-05-31-1200,2026-05-31,zepto,jivo-extra-light-olive-oil-combo-1l,Bengaluru,560069,998,2998,66.7,1
2026-05-31-1200,2026-05-31,zepto,jivo-extra-light-olive-oil-combo-2l,Delhi,110014,3008,5598,46.3,1
2026-05-31-1200,2026-05-31,zepto,jivo-extra-light-olive-oil-combo-2l,Delhi,110040,3008,5598,46.3,1
2026-05-31-1200,2026-05-31,zepto,jivo-extra-light-olive-oil-combo-2l,Delhi,110062,3008,5598,46.3,1
2026-05-31-1200,2026-05-31,zepto,jivo-extra-light-olive-oil-combo-2l,Delhi,110084,3008,5598,46.3,1
2026-05-31-1200,2026-05-31,zepto,jivo-extra-light-olive-oil-combo-2l,Gurgaon,122051,3008,5598,46.3,1
2026-05-31-1200,2026-05-31,zepto,jivo-extra-light-olive-oil-combo-2l,Gurgaon,122101,3008,5598,46.3,1
2026-05-31-1200,2026-05-31,zepto,jivo-extra-light-olive-oil-combo-2l,Noida,201310,3008,5598,46.3,1
2026-05-31-1200,2026-05-31,zepto,jivo-extra-light-olive-oil-combo-2l,Mumbai,400005,3010,5598,46.2,1
2026-05-31-1200,2026-05-31,zepto,jivo-extra-light-olive-oil-combo-2l,Mumbai,400006,3010,5598,46.2,1
2026-05-31-1200,2026-05-31,zepto,jivo-extra-light-olive-oil-combo-2l,Mumbai,400007,3010,5598,46.2,1
2026-05-31-1200,2026-05-31,zepto,jivo-extra-light-olive-oil-combo-2l,Mumbai,400010,3010,5598,46.2,1
2026-05-31-1200,2026-05-31,zepto,jivo-extra-light-olive-oil-combo-2l,Mumbai,400012,3010,5598,46.2,1
2026-05-31-1200,2026-05-31,zepto,jivo-extra-light-olive-oil-combo-2l,Mumbai,400033,3010,5598,46.2,1
2026-05-31-1200,2026-05-31,zepto,jivo-extra-light-olive-oil-combo-2l,Mumbai,400601,3010,5598,46.2,1
2026-05-31-1200,2026-05-31,zepto,jivo-extra-light-olive-oil-combo-2l,Mumbai,400611,3010,5598,46.2,1
2026-05-31-1200,2026-05-31,zepto,jivo-groundnut-cold-pressed-oil-healthy-cooking-oil-1l,Delhi,110004,199,560,64.5,1
2026-05-31-1200,2026-05-31,zepto,jivo-groundnut-cold-pressed-oil-healthy-cooking-oil-1l,Delhi,110006,199,560,64.5,1
2026-05-31-1200,2026-05-31,zepto,jivo-groundnut-cold-pressed-oil-healthy-cooking-oil-1l,Delhi,110007,199,560,64.5,1
2026-05-31-1200,2026-05-31,zepto,jivo-groundnut-cold-pressed-oil-healthy-cooking-oil-1l,Delhi,110008,199,560,64.5,1
2026-05-31-1200,2026-05-31,zepto,jivo-groundnut-cold-pressed-oil-healthy-cooking-oil-1l,Delhi,110009,199,560,64.5,1
2026-05-31-1200,2026-05-31,zepto,jivo-groundnut-cold-pressed-oil-healthy-cooking-oil-1l,Delhi,110010,199,560,64.5,1
2026-05-31-1200,2026-05-31,zepto,jivo-groundnut-cold-pressed-oil-healthy-cooking-oil-1l,Delhi,110013,199,560,64.5,1
2026-05-31-1200,2026-05-31,zepto,jivo-groundnut-cold-pressed-oil-healthy-cooking-oil-1l,Delhi,110014,199,560,64.5,1
2026-05-31-1200,2026-05-31,zepto,jivo-groundnut-cold-pressed-oil-healthy-cooking-oil-1l,Delhi,110015,199,560,64.5,1
2026-05-31-1200,2026-05-31,zepto,jivo-groundnut-cold-pressed-oil-healthy-cooking-oil-1l,Delhi,110017,199,560,64.5,1
2026-05-31-1200,2026-05-31,zepto,jivo-groundnut-cold-pressed-oil-healthy-cooking-oil-1l,Delhi,110018,199,560,64.5,1
2026-05-31-1200,2026-05-31,zepto,jivo-groundnut-cold-pressed-oil-healthy-cooking-oil-1l,Delhi,110021,199,560,64.5,1
2026-05-31-1200,2026-05-31,zepto,jivo-groundnut-cold-pressed-oil-healthy-cooking-oil-1l,Delhi,110024,199,560,64.5,1
2026-05-31-1200,2026-05-31,zepto,jivo-groundnut-cold-pressed-oil-healthy-cooking-oil-1l,Delhi,110025,199,560,64.5,1
2026-05-31-1200,2026-05-31,zepto,jivo-groundnut-cold-pressed-oil-healthy-cooking-oil-1l,Delhi,110026,199,560,64.5,1
2026-05-31-1200,2026-05-31,zepto,jivo-groundnut-cold-pressed-oil-healthy-cooking-oil-1l,Delhi,110031,199,560,64.5,1
2026-05-31-1200,2026-05-31,zepto,jivo-groundnut-cold-pressed-oil-healthy-cooking-oil-1l,Delhi,110032,199,560,64.5,1
2026-05-31-1200,2026-05-31,zepto,jivo-groundnut-cold-pressed-oil-healthy-cooking-oil-1l,Delhi,110033,199,560,64.5,1
2026-05-31-1200,2026-05-31,zepto,jivo-groundnut-cold-pressed-oil-healthy-cooking-oil-1l,Delhi,110035,199,560,64.5,1
2026-05-31-1200,2026-05-31,zepto,jivo-groundnut-cold-pressed-oil-healthy-cooking-oil-1l,Delhi,110040,199,560,64.5,1
2026-05-31-1200,2026-05-31,zepto,jivo-groundnut-cold-pressed-oil-healthy-cooking-oil-1l,Delhi,110042,199,560,64.5,1
2026-05-31-1200,2026-05-31,zepto,jivo-groundnut-cold-pressed-oil-healthy-cooking-oil-1l,Delhi,110046,199,560,64.5,1
2026-05-31-1200,2026-05-31,zepto,jivo-groundnut-cold-pressed-oil-healthy-cooking-oil-1l,Delhi,110048,199,560,64.5,1
2026-05-31-1200,2026-05-31,zepto,jivo-groundnut-cold-pressed-oil-healthy-cooking-oil-1l,Delhi,110051,199,560,64.5,1
2026-05-31-1200,2026-05-31,zepto,jivo-groundnut-cold-pressed-oil-healthy-cooking-oil-1l,Delhi,110053,199,560,64.5,1
2026-05-31-1200,2026-05-31,zepto,jivo-groundnut-cold-pressed-oil-healthy-cooking-oil-1l,Delhi,110062,199,560,64.5,1
2026-05-31-1200,2026-05-31,zepto,jivo-groundnut-cold-pressed-oil-healthy-cooking-oil-1l,Delhi,110065,199,560,64.5,1
2026-05-31-1200,2026-05-31,zepto,jivo-groundnut-cold-pressed-oil-healthy-cooking-oil-1l,Delhi,110067,199,560,64.5,1
2026-05-31-1200,2026-05-31,zepto,jivo-groundnut-cold-pressed-oil-healthy-cooking-oil-1l,Delhi,110076,199,560,64.5,1
2026-05-31-1200,2026-05-31,zepto,jivo-groundnut-cold-pressed-oil-healthy-cooking-oil-1l,Delhi,110084,199,560,64.5,1
2026-05-31-1200,2026-05-31,zepto,jivo-groundnut-cold-pressed-oil-healthy-cooking-oil-1l,Delhi,110085,199,560,64.5,1
2026-05-31-1200,2026-05-31,zepto,jivo-groundnut-cold-pressed-oil-healthy-cooking-oil-1l,Delhi,110091,199,560,64.5,1
2026-05-31-1200,2026-05-31,zepto,jivo-groundnut-cold-pressed-oil-healthy-cooking-oil-1l,Delhi,110092,199,560,64.5,1
2026-05-31-1200,2026-05-31,zepto,jivo-groundnut-cold-pressed-oil-healthy-cooking-oil-1l,Delhi,110095,199,560,64.5,1
2026-05-31-1200,2026-05-31,zepto,jivo-groundnut-cold-pressed-oil-healthy-cooking-oil-1l,Faridabad,121001,199,560,64.5,1
2026-05-31-1200,2026-05-31,zepto,jivo-groundnut-cold-pressed-oil-healthy-cooking-oil-1l,Faridabad,121011,199,400,50.2,1
2026-05-31-1200,2026-05-31,zepto,jivo-groundnut-cold-pressed-oil-healthy-cooking-oil-1l,Gurgaon,122006,199,560,64.5,1
2026-05-31-1200,2026-05-31,zepto,jivo-groundnut-cold-pressed-oil-healthy-cooking-oil-1l,Gurgaon,122051,199,560,64.5,1
2026-05-31-1200,2026-05-31,zepto,jivo-groundnut-cold-pressed-oil-healthy-cooking-oil-1l,Gurgaon,122101,199,560,64.5,1
2026-05-31-1200,2026-05-31,zepto,jivo-groundnut-cold-pressed-oil-healthy-cooking-oil-1l,Ghaziabad,201003,199,560,64.5,1
2026-05-31-1200,2026-05-31,zepto,jivo-groundnut-cold-pressed-oil-healthy-cooking-oil-1l,Ghaziabad,201005,199,560,64.5,1
2026-05-31-1200,2026-05-31,zepto,jivo-groundnut-cold-pressed-oil-healthy-cooking-oil-1l,Ghaziabad,201009,199,560,64.5,1
2026-05-31-1200,2026-05-31,zepto,jivo-groundnut-cold-pressed-oil-healthy-cooking-oil-1l,Noida,201306,199,560,64.5,1
2026-05-31-1200,2026-05-31,zepto,jivo-groundnut-cold-pressed-oil-healthy-cooking-oil-1l,Noida,201307,199,560,64.5,1
2026-05-31-1200,2026-05-31,zepto,jivo-groundnut-cold-pressed-oil-healthy-cooking-oil-1l,Noida,201309,199,560,64.5,1
2026-05-31-1200,2026-05-31,zepto,jivo-groundnut-cold-pressed-oil-healthy-cooking-oil-1l,Noida,201310,199,560,64.5,1
2026-05-31-1200,2026-05-31,zepto,jivo-groundnut-cold-pressed-oil-healthy-cooking-oil-1l,Mumbai,400003,199,560,64.5,1
2026-05-31-1200,2026-05-31,zepto,jivo-groundnut-cold-pressed-oil-healthy-cooking-oil-1l,Mumbai,400005,199,560,64.5,1
2026-05-31-1200,2026-05-31,zepto,jivo-groundnut-cold-pressed-oil-healthy-cooking-oil-1l,Mumbai,400006,199,560,64.5,1
2026-05-31-1200,2026-05-31,zepto,jivo-groundnut-cold-pressed-oil-healthy-cooking-oil-1l,Mumbai,400010,199,560,64.5,1
2026-05-31-1200,2026-05-31,zepto,jivo-groundnut-cold-pressed-oil-healthy-cooking-oil-1l,Mumbai,400011,199,560,64.5,1
2026-05-31-1200,2026-05-31,zepto,jivo-groundnut-cold-pressed-oil-healthy-cooking-oil-1l,Mumbai,400012,199,560,64.5,1
2026-05-31-1200,2026-05-31,zepto,jivo-groundnut-cold-pressed-oil-healthy-cooking-oil-1l,Mumbai,400017,199,560,64.5,1
2026-05-31-1200,2026-05-31,zepto,jivo-groundnut-cold-pressed-oil-healthy-cooking-oil-1l,Mumbai,400018,199,560,64.5,1
2026-05-31-1200,2026-05-31,zepto,jivo-groundnut-cold-pressed-oil-healthy-cooking-oil-1l,Mumbai,400020,199,560,64.5,1
2026-05-31-1200,2026-05-31,zepto,jivo-groundnut-cold-pressed-oil-healthy-cooking-oil-1l,Mumbai,400021,199,560,64.5,1
2026-05-31-1200,2026-05-31,zepto,jivo-groundnut-cold-pressed-oil-healthy-cooking-oil-1l,Mumbai,400025,199,560,64.5,1
2026-05-31-1200,2026-05-31,zepto,jivo-groundnut-cold-pressed-oil-healthy-cooking-oil-1l,Mumbai,400033,199,560,64.5,1
2026-05-31-1200,2026-05-31,zepto,jivo-groundnut-cold-pressed-oil-healthy-cooking-oil-1l,Mumbai,400041,199,560,64.5,1
2026-05-31-1200,2026-05-31,zepto,jivo-groundnut-cold-pressed-oil-healthy-cooking-oil-1l,Mumbai,400090,199,560,64.5,1
2026-05-31-1200,2026-05-31,zepto,jivo-groundnut-cold-pressed-oil-healthy-cooking-oil-1l,Mumbai,400601,199,560,64.5,1
2026-05-31-1200,2026-05-31,zepto,jivo-groundnut-cold-pressed-oil-healthy-cooking-oil-1l,Mumbai,400703,199,560,64.5,1
2026-05-31-1200,2026-05-31,zepto,jivo-groundnut-cold-pressed-oil-healthy-cooking-oil-1l,Bengaluru,560014,199,560,64.5,1
2026-05-31-1200,2026-05-31,zepto,jivo-groundnut-cold-pressed-oil-healthy-cooking-oil-1l,Bengaluru,560019,199,560,64.5,1
2026-05-31-1200,2026-05-31,zepto,jivo-groundnut-cold-pressed-oil-healthy-cooking-oil-1l,Bengaluru,560028,199,560,64.5,1
2026-05-31-1200,2026-05-31,zepto,jivo-groundnut-cold-pressed-oil-healthy-cooking-oil-1l,Bengaluru,560069,199,560,64.5,1
2026-05-31-1200,2026-05-31,zepto,jivo-groundnut-peanut-cold-pressed-heathy-cooking-oil-na,Delhi,110004,49,150,67.3,1
2026-05-31-1200,2026-05-31,zepto,jivo-groundnut-peanut-cold-pressed-heathy-cooking-oil-na,Delhi,110006,49,150,67.3,1
2026-05-31-1200,2026-05-31,zepto,jivo-groundnut-peanut-cold-pressed-heathy-cooking-oil-na,Delhi,110007,49,150,67.3,1
2026-05-31-1200,2026-05-31,zepto,jivo-groundnut-peanut-cold-pressed-heathy-cooking-oil-na,Delhi,110008,49,150,67.3,1
2026-05-31-1200,2026-05-31,zepto,jivo-groundnut-peanut-cold-pressed-heathy-cooking-oil-na,Delhi,110009,49,150,67.3,1
2026-05-31-1200,2026-05-31,zepto,jivo-groundnut-peanut-cold-pressed-heathy-cooking-oil-na,Delhi,110010,49,150,67.3,1
2026-05-31-1200,2026-05-31,zepto,jivo-groundnut-peanut-cold-pressed-heathy-cooking-oil-na,Delhi,110013,49,150,67.3,1
2026-05-31-1200,2026-05-31,zepto,jivo-groundnut-peanut-cold-pressed-heathy-cooking-oil-na,Delhi,110014,49,150,67.3,1
2026-05-31-1200,2026-05-31,zepto,jivo-groundnut-peanut-cold-pressed-heathy-cooking-oil-na,Delhi,110015,49,150,67.3,1
2026-05-31-1200,2026-05-31,zepto,jivo-groundnut-peanut-cold-pressed-heathy-cooking-oil-na,Delhi,110018,49,150,67.3,1
2026-05-31-1200,2026-05-31,zepto,jivo-groundnut-peanut-cold-pressed-heathy-cooking-oil-na,Delhi,110021,49,150,67.3,1
2026-05-31-1200,2026-05-31,zepto,jivo-groundnut-peanut-cold-pressed-heathy-cooking-oil-na,Delhi,110024,49,150,67.3,1
2026-05-31-1200,2026-05-31,zepto,jivo-groundnut-peanut-cold-pressed-heathy-cooking-oil-na,Delhi,110025,49,150,67.3,1
2026-05-31-1200,2026-05-31,zepto,jivo-groundnut-peanut-cold-pressed-heathy-cooking-oil-na,Delhi,110026,49,150,67.3,1
2026-05-31-1200,2026-05-31,zepto,jivo-groundnut-peanut-cold-pressed-heathy-cooking-oil-na,Delhi,110031,49,150,67.3,1
2026-05-31-1200,2026-05-31,zepto,jivo-groundnut-peanut-cold-pressed-heathy-cooking-oil-na,Delhi,110032,49,150,67.3,1
2026-05-31-1200,2026-05-31,zepto,jivo-groundnut-peanut-cold-pressed-heathy-cooking-oil-na,Delhi,110033,49,150,67.3,1
2026-05-31-1200,2026-05-31,zepto,jivo-groundnut-peanut-cold-pressed-heathy-cooking-oil-na,Delhi,110035,49,150,67.3,1
2026-05-31-1200,2026-05-31,zepto,jivo-groundnut-peanut-cold-pressed-heathy-cooking-oil-na,Delhi,110040,49,150,67.3,1
2026-05-31-1200,2026-05-31,zepto,jivo-groundnut-peanut-cold-pressed-heathy-cooking-oil-na,Delhi,110042,49,150,67.3,1
2026-05-31-1200,2026-05-31,zepto,jivo-groundnut-peanut-cold-pressed-heathy-cooking-oil-na,Delhi,110046,49,150,67.3,1
2026-05-31-1200,2026-05-31,zepto,jivo-groundnut-peanut-cold-pressed-heathy-cooking-oil-na,Delhi,110048,49,150,67.3,1
2026-05-31-1200,2026-05-31,zepto,jivo-groundnut-peanut-cold-pressed-heathy-cooking-oil-na,Delhi,110051,49,150,67.3,1
2026-05-31-1200,2026-05-31,zepto,jivo-groundnut-peanut-cold-pressed-heathy-cooking-oil-na,Delhi,110053,49,150,67.3,1
2026-05-31-1200,2026-05-31,zepto,jivo-groundnut-peanut-cold-pressed-heathy-cooking-oil-na,Delhi,110062,49,150,67.3,1
2026-05-31-1200,2026-05-31,zepto,jivo-groundnut-peanut-cold-pressed-heathy-cooking-oil-na,Delhi,110065,49,150,67.3,1
2026-05-31-1200,2026-05-31,zepto,jivo-groundnut-peanut-cold-pressed-heathy-cooking-oil-na,Delhi,110067,49,150,67.3,1
2026-05-31-1200,2026-05-31,zepto,jivo-groundnut-peanut-cold-pressed-heathy-cooking-oil-na,Delhi,110076,49,150,67.3,1
2026-05-31-1200,2026-05-31,zepto,jivo-groundnut-peanut-cold-pressed-heathy-cooking-oil-na,Delhi,110084,49,150,67.3,1
2026-05-31-1200,2026-05-31,zepto,jivo-groundnut-peanut-cold-pressed-heathy-cooking-oil-na,Delhi,110085,49,150,67.3,1
2026-05-31-1200,2026-05-31,zepto,jivo-groundnut-peanut-cold-pressed-heathy-cooking-oil-na,Delhi,110090,49,150,67.3,1
2026-05-31-1200,2026-05-31,zepto,jivo-groundnut-peanut-cold-pressed-heathy-cooking-oil-na,Delhi,110091,49,150,67.3,1
2026-05-31-1200,2026-05-31,zepto,jivo-groundnut-peanut-cold-pressed-heathy-cooking-oil-na,Delhi,110092,49,150,67.3,1
2026-05-31-1200,2026-05-31,zepto,jivo-groundnut-peanut-cold-pressed-heathy-cooking-oil-na,Delhi,110095,49,150,67.3,1
2026-05-31-1200,2026-05-31,zepto,jivo-groundnut-peanut-cold-pressed-heathy-cooking-oil-na,Gurgaon,122004,49,150,67.3,1
2026-05-31-1200,2026-05-31,zepto,jivo-groundnut-peanut-cold-pressed-heathy-cooking-oil-na,Gurgaon,122006,49,150,67.3,1
2026-05-31-1200,2026-05-31,zepto,jivo-groundnut-peanut-cold-pressed-heathy-cooking-oil-na,Gurgaon,122010,49,150,67.3,1
2026-05-31-1200,2026-05-31,zepto,jivo-groundnut-peanut-cold-pressed-heathy-cooking-oil-na,Gurgaon,122051,49,150,67.3,1
2026-05-31-1200,2026-05-31,zepto,jivo-groundnut-peanut-cold-pressed-heathy-cooking-oil-na,Gurgaon,122101,49,150,67.3,1
2026-05-31-1200,2026-05-31,zepto,jivo-groundnut-peanut-cold-pressed-heathy-cooking-oil-na,Ghaziabad,201005,49,150,67.3,1
2026-05-31-1200,2026-05-31,zepto,jivo-groundnut-peanut-cold-pressed-heathy-cooking-oil-na,Noida,201309,49,150,67.3,1
2026-05-31-1200,2026-05-31,zepto,jivo-groundnut-peanut-cold-pressed-heathy-cooking-oil-na,Noida,201310,49,150,67.3,1
2026-05-31-1200,2026-05-31,zepto,jivo-groundnut-peanut-cold-pressed-heathy-cooking-oil-na,Jaipur,302016,76,150,49.3,1
2026-05-31-1200,2026-05-31,zepto,jivo-groundnut-peanut-cold-pressed-heathy-cooking-oil-na,Jaipur,302017,76,150,49.3,1
2026-05-31-1200,2026-05-31,zepto,jivo-groundnut-peanut-cold-pressed-heathy-cooking-oil-na,Jaipur,302018,76,150,49.3,1
2026-05-31-1200,2026-05-31,zepto,jivo-groundnut-peanut-cold-pressed-heathy-cooking-oil-na,Jaipur,302020,76,150,49.3,1
2026-05-31-1200,2026-05-31,zepto,jivo-groundnut-peanut-cold-pressed-heathy-cooking-oil-na,Jaipur,302021,76,150,49.3,1
2026-05-31-1200,2026-05-31,zepto,jivo-groundnut-peanut-cold-pressed-heathy-cooking-oil-na,Jaipur,302022,76,150,49.3,1
2026-05-31-1200,2026-05-31,zepto,jivo-groundnut-peanut-cold-pressed-heathy-cooking-oil-na,Jaipur,302023,76,150,49.3,1
2026-05-31-1200,2026-05-31,zepto,jivo-groundnut-peanut-cold-pressed-heathy-cooking-oil-na,Jaipur,302024,76,150,49.3,1
2026-05-31-1200,2026-05-31,zepto,jivo-groundnut-peanut-cold-pressed-heathy-cooking-oil-na,Jaipur,302025,76,150,49.3,1
2026-05-31-1200,2026-05-31,zepto,jivo-groundnut-peanut-cold-pressed-heathy-cooking-oil-na,Jaipur,302032,76,150,49.3,1
2026-05-31-1200,2026-05-31,zepto,jivo-groundnut-peanut-cold-pressed-heathy-cooking-oil-na,Jaipur,303602,76,150,49.3,1
2026-05-31-1200,2026-05-31,zepto,jivo-groundnut-peanut-cold-pressed-heathy-cooking-oil-na,Surat,394510,76,150,49.3,1
2026-05-31-1200,2026-05-31,zepto,jivo-groundnut-peanut-cold-pressed-heathy-cooking-oil-na,Mumbai,400003,49,150,67.3,1
2026-05-31-1200,2026-05-31,zepto,jivo-groundnut-peanut-cold-pressed-heathy-cooking-oil-na,Mumbai,400005,49,150,67.3,1
2026-05-31-1200,2026-05-31,zepto,jivo-groundnut-peanut-cold-pressed-heathy-cooking-oil-na,Mumbai,400006,49,150,67.3,1
2026-05-31-1200,2026-05-31,zepto,jivo-groundnut-peanut-cold-pressed-heathy-cooking-oil-na,Mumbai,400010,49,150,67.3,1
2026-05-31-1200,2026-05-31,zepto,jivo-groundnut-peanut-cold-pressed-heathy-cooking-oil-na,Mumbai,400011,76,150,49.3,1
2026-05-31-1200,2026-05-31,zepto,jivo-groundnut-peanut-cold-pressed-heathy-cooking-oil-na,Mumbai,400012,49,150,67.3,1
2026-05-31-1200,2026-05-31,zepto,jivo-groundnut-peanut-cold-pressed-heathy-cooking-oil-na,Mumbai,400013,49,150,67.3,1
2026-05-31-1200,2026-05-31,zepto,jivo-groundnut-peanut-cold-pressed-heathy-cooking-oil-na,Mumbai,400015,49,150,67.3,1
2026-05-31-1200,2026-05-31,zepto,jivo-groundnut-peanut-cold-pressed-heathy-cooking-oil-na,Mumbai,400017,49,150,67.3,1
2026-05-31-1200,2026-05-31,zepto,jivo-groundnut-peanut-cold-pressed-heathy-cooking-oil-na,Mumbai,400018,49,150,67.3,1
2026-05-31-1200,2026-05-31,zepto,jivo-groundnut-peanut-cold-pressed-heathy-cooking-oil-na,Mumbai,400019,49,150,67.3,1
2026-05-31-1200,2026-05-31,zepto,jivo-groundnut-peanut-cold-pressed-heathy-cooking-oil-na,Mumbai,400020,76,150,49.3,1
2026-05-31-1200,2026-05-31,zepto,jivo-groundnut-peanut-cold-pressed-heathy-cooking-oil-na,Mumbai,400021,49,150,67.3,1
2026-05-31-1200,2026-05-31,zepto,jivo-groundnut-peanut-cold-pressed-heathy-cooking-oil-na,Mumbai,400023,49,150,67.3,1
2026-05-31-1200,2026-05-31,zepto,jivo-groundnut-peanut-cold-pressed-heathy-cooking-oil-na,Mumbai,400025,49,150,67.3,1
2026-05-31-1200,2026-05-31,zepto,jivo-groundnut-peanut-cold-pressed-heathy-cooking-oil-na,Mumbai,400030,49,150,67.3,1
2026-05-31-1200,2026-05-31,zepto,jivo-groundnut-peanut-cold-pressed-heathy-cooking-oil-na,Mumbai,400033,49,150,67.3,1
2026-05-31-1200,2026-05-31,zepto,jivo-groundnut-peanut-cold-pressed-heathy-cooking-oil-na,Mumbai,400041,49,150,67.3,1
2026-05-31-1200,2026-05-31,zepto,jivo-groundnut-peanut-cold-pressed-heathy-cooking-oil-na,Mumbai,400090,49,150,67.3,1
2026-05-31-1200,2026-05-31,zepto,jivo-groundnut-peanut-cold-pressed-heathy-cooking-oil-na,Mumbai,400601,49,150,67.3,1
2026-05-31-1200,2026-05-31,zepto,jivo-groundnut-peanut-cold-pressed-heathy-cooking-oil-na,Mumbai,400611,49,150,67.3,1
2026-05-31-1200,2026-05-31,zepto,jivo-groundnut-peanut-cold-pressed-heathy-cooking-oil-na,Pune,411004,49,150,67.3,1
2026-05-31-1200,2026-05-31,zepto,jivo-groundnut-peanut-cold-pressed-heathy-cooking-oil-na,Pune,411006,49,150,67.3,1
2026-05-31-1200,2026-05-31,zepto,jivo-groundnut-peanut-cold-pressed-heathy-cooking-oil-na,Pune,411011,49,150,67.3,1
2026-05-31-1200,2026-05-31,zepto,jivo-groundnut-peanut-cold-pressed-heathy-cooking-oil-na,Pune,411012,49,150,67.3,1
2026-05-31-1200,2026-05-31,zepto,jivo-groundnut-peanut-cold-pressed-heathy-cooking-oil-na,Pune,411014,49,150,67.3,1
2026-05-31-1200,2026-05-31,zepto,jivo-groundnut-peanut-cold-pressed-heathy-cooking-oil-na,Pune,411015,49,150,67.3,1
2026-05-31-1200,2026-05-31,zepto,jivo-groundnut-peanut-cold-pressed-heathy-cooking-oil-na,Pune,411021,49,150,67.3,1
2026-05-31-1200,2026-05-31,zepto,jivo-groundnut-peanut-cold-pressed-heathy-cooking-oil-na,Pune,411028,49,150,67.3,1
2026-05-31-1200,2026-05-31,zepto,jivo-groundnut-peanut-cold-pressed-heathy-cooking-oil-na,Pune,411036,49,150,67.3,1
2026-05-31-1200,2026-05-31,zepto,jivo-groundnut-peanut-cold-pressed-heathy-cooking-oil-na,Pune,411045,49,150,67.3,1
2026-05-31-1200,2026-05-31,zepto,jivo-groundnut-peanut-cold-pressed-heathy-cooking-oil-na,Pune,411047,49,150,67.3,1
2026-05-31-1200,2026-05-31,zepto,jivo-groundnut-peanut-cold-pressed-heathy-cooking-oil-na,Pune,411051,49,150,67.3,1
2026-05-31-1200,2026-05-31,zepto,jivo-groundnut-peanut-cold-pressed-heathy-cooking-oil-na,Indore,452001,76,150,49.3,1
2026-05-31-1200,2026-05-31,zepto,jivo-kachi-ghani-mustard-cold-pressed-oil-healthy-cooking-oil-1l,Delhi,110004,149,255,41.6,1
2026-05-31-1200,2026-05-31,zepto,jivo-kachi-ghani-mustard-cold-pressed-oil-healthy-cooking-oil-1l,Delhi,110006,149,255,41.6,1
2026-05-31-1200,2026-05-31,zepto,jivo-kachi-ghani-mustard-cold-pressed-oil-healthy-cooking-oil-1l,Delhi,110007,149,255,41.6,1
2026-05-31-1200,2026-05-31,zepto,jivo-kachi-ghani-mustard-cold-pressed-oil-healthy-cooking-oil-1l,Delhi,110008,149,255,41.6,1
2026-05-31-1200,2026-05-31,zepto,jivo-kachi-ghani-mustard-cold-pressed-oil-healthy-cooking-oil-1l,Delhi,110009,149,255,41.6,1
2026-05-31-1200,2026-05-31,zepto,jivo-kachi-ghani-mustard-cold-pressed-oil-healthy-cooking-oil-1l,Delhi,110010,149,255,41.6,1
2026-05-31-1200,2026-05-31,zepto,jivo-kachi-ghani-mustard-cold-pressed-oil-healthy-cooking-oil-1l,Delhi,110013,149,255,41.6,1
2026-05-31-1200,2026-05-31,zepto,jivo-kachi-ghani-mustard-cold-pressed-oil-healthy-cooking-oil-1l,Delhi,110014,149,255,41.6,1
2026-05-31-1200,2026-05-31,zepto,jivo-kachi-ghani-mustard-cold-pressed-oil-healthy-cooking-oil-1l,Delhi,110015,149,255,41.6,1
2026-05-31-1200,2026-05-31,zepto,jivo-kachi-ghani-mustard-cold-pressed-oil-healthy-cooking-oil-1l,Delhi,110017,149,255,41.6,1
2026-05-31-1200,2026-05-31,zepto,jivo-kachi-ghani-mustard-cold-pressed-oil-healthy-cooking-oil-1l,Delhi,110018,149,255,41.6,1
2026-05-31-1200,2026-05-31,zepto,jivo-kachi-ghani-mustard-cold-pressed-oil-healthy-cooking-oil-1l,Delhi,110021,149,255,41.6,1
2026-05-31-1200,2026-05-31,zepto,jivo-kachi-ghani-mustard-cold-pressed-oil-healthy-cooking-oil-1l,Delhi,110024,149,255,41.6,1
2026-05-31-1200,2026-05-31,zepto,jivo-kachi-ghani-mustard-cold-pressed-oil-healthy-cooking-oil-1l,Delhi,110025,149,255,41.6,1
2026-05-31-1200,2026-05-31,zepto,jivo-kachi-ghani-mustard-cold-pressed-oil-healthy-cooking-oil-1l,Delhi,110026,149,255,41.6,1
2026-05-31-1200,2026-05-31,zepto,jivo-kachi-ghani-mustard-cold-pressed-oil-healthy-cooking-oil-1l,Delhi,110031,149,255,41.6,1
2026-05-31-1200,2026-05-31,zepto,jivo-kachi-ghani-mustard-cold-pressed-oil-healthy-cooking-oil-1l,Delhi,110032,149,255,41.6,1
2026-05-31-1200,2026-05-31,zepto,jivo-kachi-ghani-mustard-cold-pressed-oil-healthy-cooking-oil-1l,Delhi,110033,149,255,41.6,1
2026-05-31-1200,2026-05-31,zepto,jivo-kachi-ghani-mustard-cold-pressed-oil-healthy-cooking-oil-1l,Delhi,110035,149,255,41.6,1
2026-05-31-1200,2026-05-31,zepto,jivo-kachi-ghani-mustard-cold-pressed-oil-healthy-cooking-oil-1l,Delhi,110040,149,255,41.6,1
2026-05-31-1200,2026-05-31,zepto,jivo-kachi-ghani-mustard-cold-pressed-oil-healthy-cooking-oil-1l,Delhi,110042,149,255,41.6,1
2026-05-31-1200,2026-05-31,zepto,jivo-kachi-ghani-mustard-cold-pressed-oil-healthy-cooking-oil-1l,Delhi,110046,149,255,41.6,1
2026-05-31-1200,2026-05-31,zepto,jivo-kachi-ghani-mustard-cold-pressed-oil-healthy-cooking-oil-1l,Delhi,110048,149,255,41.6,1
2026-05-31-1200,2026-05-31,zepto,jivo-kachi-ghani-mustard-cold-pressed-oil-healthy-cooking-oil-1l,Delhi,110051,149,255,41.6,1
2026-05-31-1200,2026-05-31,zepto,jivo-kachi-ghani-mustard-cold-pressed-oil-healthy-cooking-oil-1l,Delhi,110053,149,255,41.6,1
2026-05-31-1200,2026-05-31,zepto,jivo-kachi-ghani-mustard-cold-pressed-oil-healthy-cooking-oil-1l,Delhi,110062,149,255,41.6,1
2026-05-31-1200,2026-05-31,zepto,jivo-kachi-ghani-mustard-cold-pressed-oil-healthy-cooking-oil-1l,Delhi,110065,149,255,41.6,1
2026-05-31-1200,2026-05-31,zepto,jivo-kachi-ghani-mustard-cold-pressed-oil-healthy-cooking-oil-1l,Delhi,110067,149,255,41.6,1
2026-05-31-1200,2026-05-31,zepto,jivo-kachi-ghani-mustard-cold-pressed-oil-healthy-cooking-oil-1l,Delhi,110076,149,255,41.6,1
2026-05-31-1200,2026-05-31,zepto,jivo-kachi-ghani-mustard-cold-pressed-oil-healthy-cooking-oil-1l,Delhi,110084,149,255,41.6,1
2026-05-31-1200,2026-05-31,zepto,jivo-kachi-ghani-mustard-cold-pressed-oil-healthy-cooking-oil-1l,Delhi,110085,149,255,41.6,1
2026-05-31-1200,2026-05-31,zepto,jivo-kachi-ghani-mustard-cold-pressed-oil-healthy-cooking-oil-1l,Delhi,110088,149,255,41.6,1
2026-05-31-1200,2026-05-31,zepto,jivo-kachi-ghani-mustard-cold-pressed-oil-healthy-cooking-oil-1l,Delhi,110090,149,255,41.6,1
2026-05-31-1200,2026-05-31,zepto,jivo-kachi-ghani-mustard-cold-pressed-oil-healthy-cooking-oil-1l,Delhi,110091,149,255,41.6,1
2026-05-31-1200,2026-05-31,zepto,jivo-kachi-ghani-mustard-cold-pressed-oil-healthy-cooking-oil-1l,Delhi,110092,149,255,41.6,1
2026-05-31-1200,2026-05-31,zepto,jivo-kachi-ghani-mustard-cold-pressed-oil-healthy-cooking-oil-1l,Delhi,110095,149,255,41.6,1
2026-05-31-1200,2026-05-31,zepto,jivo-kachi-ghani-mustard-cold-pressed-oil-healthy-cooking-oil-1l,Faridabad,121001,149,255,41.6,1
2026-05-31-1200,2026-05-31,zepto,jivo-kachi-ghani-mustard-cold-pressed-oil-healthy-cooking-oil-1l,Faridabad,121011,149,255,41.6,1
2026-05-31-1200,2026-05-31,zepto,jivo-kachi-ghani-mustard-cold-pressed-oil-healthy-cooking-oil-1l,Gurgaon,122004,149,255,41.6,1
2026-05-31-1200,2026-05-31,zepto,jivo-kachi-ghani-mustard-cold-pressed-oil-healthy-cooking-oil-1l,Gurgaon,122006,149,255,41.6,1
2026-05-31-1200,2026-05-31,zepto,jivo-kachi-ghani-mustard-cold-pressed-oil-healthy-cooking-oil-1l,Gurgaon,122010,149,255,41.6,1
2026-05-31-1200,2026-05-31,zepto,jivo-kachi-ghani-mustard-cold-pressed-oil-healthy-cooking-oil-1l,Gurgaon,122051,149,255,41.6,1
2026-05-31-1200,2026-05-31,zepto,jivo-kachi-ghani-mustard-cold-pressed-oil-healthy-cooking-oil-1l,Gurgaon,122101,149,255,41.6,1
2026-05-31-1200,2026-05-31,zepto,jivo-kachi-ghani-mustard-cold-pressed-oil-healthy-cooking-oil-1l,Ludhiana,142022,186,255,27.1,1
2026-05-31-1200,2026-05-31,zepto,jivo-kachi-ghani-mustard-cold-pressed-oil-healthy-cooking-oil-1l,Chandigarh,160011,149,255,41.6,1
2026-05-31-1200,2026-05-31,zepto,jivo-kachi-ghani-mustard-cold-pressed-oil-healthy-cooking-oil-1l,Chandigarh,160021,149,255,41.6,1
2026-05-31-1200,2026-05-31,zepto,jivo-kachi-ghani-mustard-cold-pressed-oil-healthy-cooking-oil-1l,Chandigarh,160035,149,255,41.6,1
2026-05-31-1200,2026-05-31,zepto,jivo-kachi-ghani-mustard-cold-pressed-oil-healthy-cooking-oil-1l,Chandigarh,160043,149,255,41.6,1
2026-05-31-1200,2026-05-31,zepto,jivo-kachi-ghani-mustard-cold-pressed-oil-healthy-cooking-oil-1l,Ghaziabad,201003,149,255,41.6,1
2026-05-31-1200,2026-05-31,zepto,jivo-kachi-ghani-mustard-cold-pressed-oil-healthy-cooking-oil-1l,Ghaziabad,201005,149,255,41.6,1
2026-05-31-1200,2026-05-31,zepto,jivo-kachi-ghani-mustard-cold-pressed-oil-healthy-cooking-oil-1l,Ghaziabad,201009,149,255,41.6,1
2026-05-31-1200,2026-05-31,zepto,jivo-kachi-ghani-mustard-cold-pressed-oil-healthy-cooking-oil-1l,Noida,201306,149,255,41.6,1
2026-05-31-1200,2026-05-31,zepto,jivo-kachi-ghani-mustard-cold-pressed-oil-healthy-cooking-oil-1l,Noida,201307,149,255,41.6,1
2026-05-31-1200,2026-05-31,zepto,jivo-kachi-ghani-mustard-cold-pressed-oil-healthy-cooking-oil-1l,Noida,201309,149,255,41.6,1
2026-05-31-1200,2026-05-31,zepto,jivo-kachi-ghani-mustard-cold-pressed-oil-healthy-cooking-oil-1l,Noida,201310,149,255,41.6,1
2026-05-31-1200,2026-05-31,zepto,jivo-kachi-ghani-mustard-cold-pressed-oil-healthy-cooking-oil-1l,Mumbai,400006,149,255,41.6,1
2026-05-31-1200,2026-05-31,zepto,jivo-kachi-ghani-mustard-cold-pressed-oil-healthy-cooking-oil-1l,Mumbai,400011,149,255,41.6,1
2026-05-31-1200,2026-05-31,zepto,jivo-kachi-ghani-mustard-cold-pressed-oil-healthy-cooking-oil-1l,Mumbai,400012,149,255,41.6,1
2026-05-31-1200,2026-05-31,zepto,jivo-kachi-ghani-mustard-cold-pressed-oil-healthy-cooking-oil-1l,Mumbai,400018,149,255,41.6,1
2026-05-31-1200,2026-05-31,zepto,jivo-kachi-ghani-mustard-cold-pressed-oil-healthy-cooking-oil-1l,Mumbai,400020,149,255,41.6,1
2026-05-31-1200,2026-05-31,zepto,jivo-kachi-ghani-mustard-cold-pressed-oil-healthy-cooking-oil-1l,Mumbai,400025,149,255,41.6,1
2026-05-31-1200,2026-05-31,zepto,jivo-kachi-ghani-mustard-cold-pressed-oil-healthy-cooking-oil-1l,Mumbai,400033,149,255,41.6,1
2026-05-31-1200,2026-05-31,zepto,jivo-kachi-ghani-mustard-cold-pressed-oil-healthy-cooking-oil-1l,Mumbai,400601,149,255,41.6,1
2026-05-31-1200,2026-05-31,zepto,jivo-kachi-ghani-mustard-cold-pressed-oil-healthy-cooking-oil-1l,Bengaluru,560014,149,255,41.6,1
2026-05-31-1200,2026-05-31,zepto,jivo-kachi-ghani-mustard-cold-pressed-oil-healthy-cooking-oil-1l,Bengaluru,560019,149,255,41.6,1
2026-05-31-1200,2026-05-31,zepto,jivo-kachi-ghani-mustard-cold-pressed-oil-healthy-cooking-oil-1l,Bengaluru,560028,149,255,41.6,1
2026-05-31-1200,2026-05-31,zepto,jivo-kachi-ghani-mustard-cold-pressed-oil-healthy-cooking-oil-1l,Bengaluru,560039,149,255,41.6,1
2026-05-31-1200,2026-05-31,zepto,jivo-kachi-ghani-mustard-cold-pressed-oil-healthy-cooking-oil-1l,Bengaluru,560069,149,255,41.6,1
2026-05-31-1200,2026-05-31,zepto,jivo-kachi-ghani-mustard-cold-pressed-oil-healthy-cooking-oil-1l,Mysuru,570016,149,255,41.6,0
2026-05-31-1200,2026-05-31,zepto,jivo-kachi-ghani-mustard-cold-pressed-oil-healthy-cooking-oil-1l,Mysuru,570026,149,255,41.6,1
2026-05-31-1200,2026-05-31,zepto,jivo-pomace-olive-oil-1l,Delhi,110004,379,1049,63.9,1
2026-05-31-1200,2026-05-31,zepto,jivo-pomace-olive-oil-1l,Delhi,110006,379,1049,63.9,1
2026-05-31-1200,2026-05-31,zepto,jivo-pomace-olive-oil-1l,Delhi,110008,379,1049,63.9,1
2026-05-31-1200,2026-05-31,zepto,jivo-pomace-olive-oil-1l,Delhi,110009,379,1049,63.9,1
2026-05-31-1200,2026-05-31,zepto,jivo-pomace-olive-oil-1l,Delhi,110010,379,1049,63.9,1
2026-05-31-1200,2026-05-31,zepto,jivo-pomace-olive-oil-1l,Delhi,110013,379,1049,63.9,1
2026-05-31-1200,2026-05-31,zepto,jivo-pomace-olive-oil-1l,Delhi,110014,379,1049,63.9,1
2026-05-31-1200,2026-05-31,zepto,jivo-pomace-olive-oil-1l,Delhi,110015,379,1049,63.9,1
2026-05-31-1200,2026-05-31,zepto,jivo-pomace-olive-oil-1l,Delhi,110017,379,1049,63.9,1
2026-05-31-1200,2026-05-31,zepto,jivo-pomace-olive-oil-1l,Delhi,110018,379,1049,63.9,1
2026-05-31-1200,2026-05-31,zepto,jivo-pomace-olive-oil-1l,Delhi,110021,379,1049,63.9,1
2026-05-31-1200,2026-05-31,zepto,jivo-pomace-olive-oil-1l,Delhi,110025,379,1049,63.9,1
2026-05-31-1200,2026-05-31,zepto,jivo-pomace-olive-oil-1l,Delhi,110031,379,1049,63.9,1
2026-05-31-1200,2026-05-31,zepto,jivo-pomace-olive-oil-1l,Delhi,110032,379,1049,63.9,1
2026-05-31-1200,2026-05-31,zepto,jivo-pomace-olive-oil-1l,Delhi,110035,379,1049,63.9,1
2026-05-31-1200,2026-05-31,zepto,jivo-pomace-olive-oil-1l,Delhi,110040,379,1049,63.9,1
2026-05-31-1200,2026-05-31,zepto,jivo-pomace-olive-oil-1l,Delhi,110042,379,1049,63.9,1
2026-05-31-1200,2026-05-31,zepto,jivo-pomace-olive-oil-1l,Delhi,110046,379,1049,63.9,1
2026-05-31-1200,2026-05-31,zepto,jivo-pomace-olive-oil-1l,Delhi,110048,379,1049,63.9,1
2026-05-31-1200,2026-05-31,zepto,jivo-pomace-olive-oil-1l,Delhi,110051,379,1049,63.9,1
2026-05-31-1200,2026-05-31,zepto,jivo-pomace-olive-oil-1l,Delhi,110053,379,1049,63.9,1
2026-05-31-1200,2026-05-31,zepto,jivo-pomace-olive-oil-1l,Delhi,110062,379,1049,63.9,1
2026-05-31-1200,2026-05-31,zepto,jivo-pomace-olive-oil-1l,Delhi,110065,379,1049,63.9,1
2026-05-31-1200,2026-05-31,zepto,jivo-pomace-olive-oil-1l,Delhi,110067,379,1049,63.9,1
2026-05-31-1200,2026-05-31,zepto,jivo-pomace-olive-oil-1l,Delhi,110084,379,1049,63.9,1
2026-05-31-1200,2026-05-31,zepto,jivo-pomace-olive-oil-1l,Delhi,110085,379,1049,63.9,1
2026-05-31-1200,2026-05-31,zepto,jivo-pomace-olive-oil-1l,Delhi,110090,379,1049,63.9,1
2026-05-31-1200,2026-05-31,zepto,jivo-pomace-olive-oil-1l,Delhi,110091,379,1049,63.9,1
2026-05-31-1200,2026-05-31,zepto,jivo-pomace-olive-oil-1l,Delhi,110092,379,1049,63.9,1
2026-05-31-1200,2026-05-31,zepto,jivo-pomace-olive-oil-1l,Delhi,110095,379,1049,63.9,1
2026-05-31-1200,2026-05-31,zepto,jivo-pomace-olive-oil-1l,Faridabad,121001,379,1049,63.9,1
2026-05-31-1200,2026-05-31,zepto,jivo-pomace-olive-oil-1l,Faridabad,121011,379,1049,63.9,1
2026-05-31-1200,2026-05-31,zepto,jivo-pomace-olive-oil-1l,Gurgaon,122004,379,1049,63.9,1
2026-05-31-1200,2026-05-31,zepto,jivo-pomace-olive-oil-1l,Gurgaon,122006,379,1049,63.9,1
2026-05-31-1200,2026-05-31,zepto,jivo-pomace-olive-oil-1l,Gurgaon,122010,379,1049,63.9,1
2026-05-31-1200,2026-05-31,zepto,jivo-pomace-olive-oil-1l,Gurgaon,122051,379,1049,63.9,1
2026-05-31-1200,2026-05-31,zepto,jivo-pomace-olive-oil-1l,Gurgaon,122101,379,1049,63.9,1
2026-05-31-1200,2026-05-31,zepto,jivo-pomace-olive-oil-1l,Ludhiana,142022,379,1049,63.9,1
2026-05-31-1200,2026-05-31,zepto,jivo-pomace-olive-oil-1l,Ghaziabad,201003,379,1049,63.9,1
2026-05-31-1200,2026-05-31,zepto,jivo-pomace-olive-oil-1l,Ghaziabad,201009,379,1049,63.9,1
2026-05-31-1200,2026-05-31,zepto,jivo-pomace-olive-oil-1l,Noida,201307,379,1049,63.9,1
2026-05-31-1200,2026-05-31,zepto,jivo-pomace-olive-oil-1l,Noida,201309,379,1049,63.9,1
2026-05-31-1200,2026-05-31,zepto,jivo-pomace-olive-oil-1l,Noida,201310,379,1049,63.9,1
2026-05-31-1200,2026-05-31,zepto,jivo-pomace-olive-oil-1l,Mumbai,400003,379,1049,63.9,1
2026-05-31-1200,2026-05-31,zepto,jivo-pomace-olive-oil-1l,Mumbai,400005,379,1049,63.9,1
2026-05-31-1200,2026-05-31,zepto,jivo-pomace-olive-oil-1l,Mumbai,400006,379,1049,63.9,1
2026-05-31-1200,2026-05-31,zepto,jivo-pomace-olive-oil-1l,Mumbai,400007,379,1049,63.9,1
2026-05-31-1200,2026-05-31,zepto,jivo-pomace-olive-oil-1l,Mumbai,400010,379,1049,63.9,1
2026-05-31-1200,2026-05-31,zepto,jivo-pomace-olive-oil-1l,Mumbai,400011,379,1049,63.9,1
2026-05-31-1200,2026-05-31,zepto,jivo-pomace-olive-oil-1l,Mumbai,400012,379,1049,63.9,1
2026-05-31-1200,2026-05-31,zepto,jivo-pomace-olive-oil-1l,Mumbai,400013,379,1049,63.9,1
2026-05-31-1200,2026-05-31,zepto,jivo-pomace-olive-oil-1l,Mumbai,400015,379,1049,63.9,1
2026-05-31-1200,2026-05-31,zepto,jivo-pomace-olive-oil-1l,Mumbai,400018,379,1049,63.9,1
2026-05-31-1200,2026-05-31,zepto,jivo-pomace-olive-oil-1l,Mumbai,400019,379,1049,63.9,1
2026-05-31-1200,2026-05-31,zepto,jivo-pomace-olive-oil-1l,Mumbai,400020,379,1049,63.9,1
2026-05-31-1200,2026-05-31,zepto,jivo-pomace-olive-oil-1l,Mumbai,400021,379,1049,63.9,1
2026-05-31-1200,2026-05-31,zepto,jivo-pomace-olive-oil-1l,Mumbai,400023,379,1049,63.9,1
2026-05-31-1200,2026-05-31,zepto,jivo-pomace-olive-oil-1l,Mumbai,400025,379,1049,63.9,1
2026-05-31-1200,2026-05-31,zepto,jivo-pomace-olive-oil-1l,Mumbai,400030,379,1049,63.9,1
2026-05-31-1200,2026-05-31,zepto,jivo-pomace-olive-oil-1l,Mumbai,400033,379,1049,63.9,1
2026-05-31-1200,2026-05-31,zepto,jivo-pomace-olive-oil-1l,Mumbai,400041,379,1049,63.9,1
2026-05-31-1200,2026-05-31,zepto,jivo-pomace-olive-oil-1l,Mumbai,400601,379,1049,63.9,1
2026-05-31-1200,2026-05-31,zepto,jivo-pomace-olive-oil-1l,Pune,411004,379,1049,63.9,1
2026-05-31-1200,2026-05-31,zepto,jivo-pomace-olive-oil-1l,Pune,411012,379,1049,63.9,1
2026-05-31-1200,2026-05-31,zepto,jivo-pomace-olive-oil-1l,Pune,411021,379,1049,63.9,1
2026-05-31-1200,2026-05-31,zepto,jivo-pomace-olive-oil-1l,Pune,411028,379,1049,63.9,1
2026-05-31-1200,2026-05-31,zepto,jivo-pomace-olive-oil-1l,Pune,411036,379,1049,63.9,1
2026-05-31-1200,2026-05-31,zepto,jivo-pomace-olive-oil-1l,Pune,411045,379,1049,63.9,1
2026-05-31-1200,2026-05-31,zepto,jivo-pomace-olive-oil-1l,Pune,411047,379,1049,63.9,1
2026-05-31-1200,2026-05-31,zepto,jivo-pomace-olive-oil-1l,Pune,411051,379,1049,63.9,1
2026-05-31-1200,2026-05-31,zepto,jivo-pomace-olive-oil-1l,Bengaluru,560014,379,1049,63.9,1
2026-05-31-1200,2026-05-31,zepto,jivo-pomace-olive-oil-1l,Bengaluru,560019,379,1049,63.9,1
2026-05-31-1200,2026-05-31,zepto,jivo-pomace-olive-oil-1l,Bengaluru,560028,379,1049,63.9,1
2026-05-31-1200,2026-05-31,zepto,jivo-pomace-olive-oil-1l,Bengaluru,560069,379,1049,63.9,1
2026-05-31-1200,2026-05-31,zepto,jivo-pomace-olive-oil-combo-1l,Delhi,110004,758,2098,63.9,1
2026-05-31-1200,2026-05-31,zepto,jivo-pomace-olive-oil-combo-1l,Delhi,110013,758,2098,63.9,1
2026-05-31-1200,2026-05-31,zepto,jivo-pomace-olive-oil-combo-1l,Delhi,110015,758,2098,63.9,1
2026-05-31-1200,2026-05-31,zepto,jivo-pomace-olive-oil-combo-1l,Delhi,110021,758,2098,63.9,1
2026-05-31-1200,2026-05-31,zepto,jivo-pomace-olive-oil-combo-1l,Delhi,110025,758,2098,63.9,1
2026-05-31-1200,2026-05-31,zepto,jivo-pomace-olive-oil-combo-1l,Delhi,110031,758,2098,63.9,1
2026-05-31-1200,2026-05-31,zepto,jivo-pomace-olive-oil-combo-1l,Delhi,110032,758,2098,63.9,1
2026-05-31-1200,2026-05-31,zepto,jivo-pomace-olive-oil-combo-1l,Delhi,110048,758,2098,63.9,1
2026-05-31-1200,2026-05-31,zepto,jivo-pomace-olive-oil-combo-1l,Delhi,110053,758,2098,63.9,1
2026-05-31-1200,2026-05-31,zepto,jivo-pomace-olive-oil-combo-1l,Delhi,110065,758,2098,63.9,1
2026-05-31-1200,2026-05-31,zepto,jivo-pomace-olive-oil-combo-1l,Delhi,110067,758,2098,63.9,1
2026-05-31-1200,2026-05-31,zepto,jivo-pomace-olive-oil-combo-1l,Delhi,110091,758,2098,63.9,1
2026-05-31-1200,2026-05-31,zepto,jivo-pomace-olive-oil-combo-1l,Delhi,110095,758,2098,63.9,1
2026-05-31-1200,2026-05-31,zepto,jivo-pomace-olive-oil-combo-1l,Faridabad,121001,758,2098,63.9,1
2026-05-31-1200,2026-05-31,zepto,jivo-pomace-olive-oil-combo-1l,Gurgaon,122004,758,2098,63.9,1
2026-05-31-1200,2026-05-31,zepto,jivo-pomace-olive-oil-combo-1l,Gurgaon,122006,758,2098,63.9,1
2026-05-31-1200,2026-05-31,zepto,jivo-pomace-olive-oil-combo-1l,Gurgaon,122010,758,2098,63.9,1
2026-05-31-1200,2026-05-31,zepto,jivo-pomace-olive-oil-combo-1l,Ghaziabad,201003,758,2098,63.9,1
2026-05-31-1200,2026-05-31,zepto,jivo-pomace-olive-oil-combo-1l,Mumbai,400003,758,2098,63.9,1
2026-05-31-1200,2026-05-31,zepto,jivo-pomace-olive-oil-combo-1l,Mumbai,400005,758,2098,63.9,1
2026-05-31-1200,2026-05-31,zepto,jivo-pomace-olive-oil-combo-1l,Mumbai,400006,758,2098,63.9,1
2026-05-31-1200,2026-05-31,zepto,jivo-pomace-olive-oil-combo-1l,Mumbai,400010,758,2098,63.9,1
2026-05-31-1200,2026-05-31,zepto,jivo-pomace-olive-oil-combo-1l,Mumbai,400011,758,2098,63.9,1
2026-05-31-1200,2026-05-31,zepto,jivo-pomace-olive-oil-combo-1l,Mumbai,400012,758,2098,63.9,1
2026-05-31-1200,2026-05-31,zepto,jivo-pomace-olive-oil-combo-1l,Mumbai,400013,758,2098,63.9,1
2026-05-31-1200,2026-05-31,zepto,jivo-pomace-olive-oil-combo-1l,Mumbai,400015,758,2098,63.9,1
2026-05-31-1200,2026-05-31,zepto,jivo-pomace-olive-oil-combo-1l,Mumbai,400019,758,2098,63.9,1
2026-05-31-1200,2026-05-31,zepto,jivo-pomace-olive-oil-combo-1l,Mumbai,400020,758,2098,63.9,1
2026-05-31-1200,2026-05-31,zepto,jivo-pomace-olive-oil-combo-1l,Mumbai,400021,758,2098,63.9,1
2026-05-31-1200,2026-05-31,zepto,jivo-pomace-olive-oil-combo-1l,Mumbai,400023,758,2098,63.9,1
2026-05-31-1200,2026-05-31,zepto,jivo-pomace-olive-oil-combo-1l,Mumbai,400030,758,2098,63.9,1
2026-05-31-1200,2026-05-31,zepto,jivo-pomace-olive-oil-combo-1l,Mumbai,400033,758,2098,63.9,1
2026-05-31-1200,2026-05-31,zepto,jivo-pomace-olive-oil-combo-1l,Pune,411036,758,2098,63.9,1
2026-05-31-1200,2026-05-31,zepto,jivo-pomace-olive-oil-combo-1l,Pune,411045,758,2098,63.9,1
2026-05-31-1200,2026-05-31,zepto,jivo-pomace-olive-oil-combo-1l,Bengaluru,560069,758,2098,63.9,1
2026-05-31-1200,2026-05-31,zepto,jivo-sunflower-cold-pressed-oil-healthy-cooking-oil-1l,Delhi,110004,230,275,16.4,1
2026-05-31-1200,2026-05-31,zepto,jivo-sunflower-cold-pressed-oil-healthy-cooking-oil-1l,Delhi,110006,230,275,16.4,1
2026-05-31-1200,2026-05-31,zepto,jivo-sunflower-cold-pressed-oil-healthy-cooking-oil-1l,Delhi,110007,230,275,16.4,1
2026-05-31-1200,2026-05-31,zepto,jivo-sunflower-cold-pressed-oil-healthy-cooking-oil-1l,Delhi,110008,230,275,16.4,1
2026-05-31-1200,2026-05-31,zepto,jivo-sunflower-cold-pressed-oil-healthy-cooking-oil-1l,Delhi,110009,230,275,16.4,1
2026-05-31-1200,2026-05-31,zepto,jivo-sunflower-cold-pressed-oil-healthy-cooking-oil-1l,Delhi,110010,230,275,16.4,1
2026-05-31-1200,2026-05-31,zepto,jivo-sunflower-cold-pressed-oil-healthy-cooking-oil-1l,Delhi,110013,230,275,16.4,1
2026-05-31-1200,2026-05-31,zepto,jivo-sunflower-cold-pressed-oil-healthy-cooking-oil-1l,Delhi,110014,230,275,16.4,1
2026-05-31-1200,2026-05-31,zepto,jivo-sunflower-cold-pressed-oil-healthy-cooking-oil-1l,Delhi,110015,230,275,16.4,1
2026-05-31-1200,2026-05-31,zepto,jivo-sunflower-cold-pressed-oil-healthy-cooking-oil-1l,Delhi,110017,230,275,16.4,1
2026-05-31-1200,2026-05-31,zepto,jivo-sunflower-cold-pressed-oil-healthy-cooking-oil-1l,Delhi,110018,230,275,16.4,1
2026-05-31-1200,2026-05-31,zepto,jivo-sunflower-cold-pressed-oil-healthy-cooking-oil-1l,Delhi,110024,230,275,16.4,1
2026-05-31-1200,2026-05-31,zepto,jivo-sunflower-cold-pressed-oil-healthy-cooking-oil-1l,Delhi,110025,230,275,16.4,1
2026-05-31-1200,2026-05-31,zepto,jivo-sunflower-cold-pressed-oil-healthy-cooking-oil-1l,Delhi,110026,230,275,16.4,1
2026-05-31-1200,2026-05-31,zepto,jivo-sunflower-cold-pressed-oil-healthy-cooking-oil-1l,Delhi,110031,230,275,16.4,1
2026-05-31-1200,2026-05-31,zepto,jivo-sunflower-cold-pressed-oil-healthy-cooking-oil-1l,Delhi,110032,230,275,16.4,1
2026-05-31-1200,2026-05-31,zepto,jivo-sunflower-cold-pressed-oil-healthy-cooking-oil-1l,Delhi,110033,230,275,16.4,1
2026-05-31-1200,2026-05-31,zepto,jivo-sunflower-cold-pressed-oil-healthy-cooking-oil-1l,Delhi,110035,230,275,16.4,1
2026-05-31-1200,2026-05-31,zepto,jivo-sunflower-cold-pressed-oil-healthy-cooking-oil-1l,Delhi,110040,230,275,16.4,1
2026-05-31-1200,2026-05-31,zepto,jivo-sunflower-cold-pressed-oil-healthy-cooking-oil-1l,Delhi,110042,230,275,16.4,1
2026-05-31-1200,2026-05-31,zepto,jivo-sunflower-cold-pressed-oil-healthy-cooking-oil-1l,Delhi,110046,230,275,16.4,1
2026-05-31-1200,2026-05-31,zepto,jivo-sunflower-cold-pressed-oil-healthy-cooking-oil-1l,Delhi,110048,230,275,16.4,1
2026-05-31-1200,2026-05-31,zepto,jivo-sunflower-cold-pressed-oil-healthy-cooking-oil-1l,Delhi,110051,230,275,16.4,1
2026-05-31-1200,2026-05-31,zepto,jivo-sunflower-cold-pressed-oil-healthy-cooking-oil-1l,Delhi,110053,230,275,16.4,1
2026-05-31-1200,2026-05-31,zepto,jivo-sunflower-cold-pressed-oil-healthy-cooking-oil-1l,Delhi,110062,230,275,16.4,1
2026-05-31-1200,2026-05-31,zepto,jivo-sunflower-cold-pressed-oil-healthy-cooking-oil-1l,Delhi,110065,230,275,16.4,1
2026-05-31-1200,2026-05-31,zepto,jivo-sunflower-cold-pressed-oil-healthy-cooking-oil-1l,Delhi,110067,230,275,16.4,1
2026-05-31-1200,2026-05-31,zepto,jivo-sunflower-cold-pressed-oil-healthy-cooking-oil-1l,Delhi,110076,230,275,16.4,1
2026-05-31-1200,2026-05-31,zepto,jivo-sunflower-cold-pressed-oil-healthy-cooking-oil-1l,Delhi,110084,230,275,16.4,1
2026-05-31-1200,2026-05-31,zepto,jivo-sunflower-cold-pressed-oil-healthy-cooking-oil-1l,Delhi,110085,230,275,16.4,1
2026-05-31-1200,2026-05-31,zepto,jivo-sunflower-cold-pressed-oil-healthy-cooking-oil-1l,Delhi,110088,219,275,20.4,1
2026-05-31-1200,2026-05-31,zepto,jivo-sunflower-cold-pressed-oil-healthy-cooking-oil-1l,Delhi,110090,230,275,16.4,1
2026-05-31-1200,2026-05-31,zepto,jivo-sunflower-cold-pressed-oil-healthy-cooking-oil-1l,Delhi,110091,230,275,16.4,1
2026-05-31-1200,2026-05-31,zepto,jivo-sunflower-cold-pressed-oil-healthy-cooking-oil-1l,Delhi,110092,230,275,16.4,1
2026-05-31-1200,2026-05-31,zepto,jivo-sunflower-cold-pressed-oil-healthy-cooking-oil-1l,Delhi,110095,230,275,16.4,1
2026-05-31-1200,2026-05-31,zepto,jivo-sunflower-cold-pressed-oil-healthy-cooking-oil-1l,Faridabad,121001,230,275,16.4,1
2026-05-31-1200,2026-05-31,zepto,jivo-sunflower-cold-pressed-oil-healthy-cooking-oil-1l,Gurgaon,122004,230,275,16.4,1
2026-05-31-1200,2026-05-31,zepto,jivo-sunflower-cold-pressed-oil-healthy-cooking-oil-1l,Gurgaon,122006,230,275,16.4,1
2026-05-31-1200,2026-05-31,zepto,jivo-sunflower-cold-pressed-oil-healthy-cooking-oil-1l,Gurgaon,122010,230,275,16.4,1
2026-05-31-1200,2026-05-31,zepto,jivo-sunflower-cold-pressed-oil-healthy-cooking-oil-1l,Gurgaon,122051,230,275,16.4,1
2026-05-31-1200,2026-05-31,zepto,jivo-sunflower-cold-pressed-oil-healthy-cooking-oil-1l,Gurgaon,122101,230,275,16.4,1
2026-05-31-1200,2026-05-31,zepto,jivo-sunflower-cold-pressed-oil-healthy-cooking-oil-1l,Ghaziabad,201003,230,275,16.4,1
2026-05-31-1200,2026-05-31,zepto,jivo-sunflower-cold-pressed-oil-healthy-cooking-oil-1l,Ghaziabad,201005,230,275,16.4,1
2026-05-31-1200,2026-05-31,zepto,jivo-sunflower-cold-pressed-oil-healthy-cooking-oil-1l,Ghaziabad,201009,217,275,21.1,1
2026-05-31-1200,2026-05-31,zepto,jivo-sunflower-cold-pressed-oil-healthy-cooking-oil-1l,Noida,201307,230,275,16.4,1
2026-05-31-1200,2026-05-31,zepto,jivo-sunflower-cold-pressed-oil-healthy-cooking-oil-1l,Noida,201309,230,275,16.4,1
2026-05-31-1200,2026-05-31,zepto,jivo-sunflower-cold-pressed-oil-healthy-cooking-oil-1l,Noida,201310,230,275,16.4,1
2026-05-31-1200,2026-05-31,zepto,jivo-sunflower-cold-pressed-oil-healthy-cooking-oil-1l,Mumbai,400005,230,275,16.4,1
2026-05-31-1200,2026-05-31,zepto,jivo-sunflower-cold-pressed-oil-healthy-cooking-oil-1l,Mumbai,400006,230,275,16.4,1
2026-05-31-1200,2026-05-31,zepto,jivo-sunflower-cold-pressed-oil-healthy-cooking-oil-1l,Mumbai,400007,230,275,16.4,1
2026-05-31-1200,2026-05-31,zepto,jivo-sunflower-cold-pressed-oil-healthy-cooking-oil-1l,Mumbai,400010,230,275,16.4,1
2026-05-31-1200,2026-05-31,zepto,jivo-sunflower-cold-pressed-oil-healthy-cooking-oil-1l,Mumbai,400011,230,275,16.4,1
2026-05-31-1200,2026-05-31,zepto,jivo-sunflower-cold-pressed-oil-healthy-cooking-oil-1l,Mumbai,400012,230,275,16.4,1
2026-05-31-1200,2026-05-31,zepto,jivo-sunflower-cold-pressed-oil-healthy-cooking-oil-1l,Mumbai,400018,230,275,16.4,1
2026-05-31-1200,2026-05-31,zepto,jivo-sunflower-cold-pressed-oil-healthy-cooking-oil-1l,Mumbai,400020,230,275,16.4,1
2026-05-31-1200,2026-05-31,zepto,jivo-sunflower-cold-pressed-oil-healthy-cooking-oil-1l,Mumbai,400025,230,275,16.4,1
2026-05-31-1200,2026-05-31,zepto,jivo-sunflower-cold-pressed-oil-healthy-cooking-oil-1l,Mumbai,400033,230,275,16.4,1
2026-05-31-1200,2026-05-31,zepto,jivo-sunflower-cold-pressed-oil-healthy-cooking-oil-1l,Mumbai,400090,230,275,16.4,1
2026-05-31-1200,2026-05-31,zepto,jivo-sunflower-cold-pressed-oil-healthy-cooking-oil-1l,Mumbai,400601,230,275,16.4,1
2026-05-31-1200,2026-05-31,zepto,jivo-sunflower-cold-pressed-oil-healthy-cooking-oil-1l,Mumbai,400611,230,275,16.4,1
2026-05-31-1200,2026-05-31,zepto,jivo-sunflower-cold-pressed-oil-healthy-cooking-oil-1l,Mumbai,400703,230,275,16.4,1
2026-05-31-1600,2026-05-31,zepto,jivo-cold-press-canola-oil-combo-bottle-2l,Delhi,110004,485,750,35.3,1
2026-05-31-1600,2026-05-31,zepto,jivo-cold-press-canola-oil-combo-bottle-2l,Delhi,110006,485,750,35.3,1
2026-05-31-1600,2026-05-31,zepto,jivo-cold-press-canola-oil-combo-bottle-2l,Delhi,110009,485,750,35.3,1
2026-05-31-1600,2026-05-31,zepto,jivo-cold-press-canola-oil-combo-bottle-2l,Delhi,110010,485,750,35.3,1
2026-05-31-1600,2026-05-31,zepto,jivo-cold-press-canola-oil-combo-bottle-2l,Delhi,110013,485,750,35.3,1
2026-05-31-1600,2026-05-31,zepto,jivo-cold-press-canola-oil-combo-bottle-2l,Delhi,110014,485,750,35.3,1
2026-05-31-1600,2026-05-31,zepto,jivo-cold-press-canola-oil-combo-bottle-2l,Delhi,110015,485,750,35.3,1
2026-05-31-1600,2026-05-31,zepto,jivo-cold-press-canola-oil-combo-bottle-2l,Delhi,110017,519,750,30.8,1
2026-05-31-1600,2026-05-31,zepto,jivo-cold-press-canola-oil-combo-bottle-2l,Delhi,110025,485,750,35.3,1
2026-05-31-1600,2026-05-31,zepto,jivo-cold-press-canola-oil-combo-bottle-2l,Delhi,110031,485,750,35.3,1
2026-05-31-1600,2026-05-31,zepto,jivo-cold-press-canola-oil-combo-bottle-2l,Delhi,110032,485,750,35.3,1
2026-05-31-1600,2026-05-31,zepto,jivo-cold-press-canola-oil-combo-bottle-2l,Delhi,110035,519,750,30.8,1
2026-05-31-1600,2026-05-31,zepto,jivo-cold-press-canola-oil-combo-bottle-2l,Delhi,110040,485,750,35.3,1
2026-05-31-1600,2026-05-31,zepto,jivo-cold-press-canola-oil-combo-bottle-2l,Delhi,110042,485,750,35.3,1
2026-05-31-1600,2026-05-31,zepto,jivo-cold-press-canola-oil-combo-bottle-2l,Delhi,110048,485,750,35.3,1
2026-05-31-1600,2026-05-31,zepto,jivo-cold-press-canola-oil-combo-bottle-2l,Delhi,110053,485,750,35.3,1
2026-05-31-1600,2026-05-31,zepto,jivo-cold-press-canola-oil-combo-bottle-2l,Delhi,110062,485,750,35.3,1
2026-05-31-1600,2026-05-31,zepto,jivo-cold-press-canola-oil-combo-bottle-2l,Delhi,110065,485,750,35.3,1
2026-05-31-1600,2026-05-31,zepto,jivo-cold-press-canola-oil-combo-bottle-2l,Delhi,110076,485,750,35.3,1
2026-05-31-1600,2026-05-31,zepto,jivo-cold-press-canola-oil-combo-bottle-2l,Delhi,110085,485,750,35.3,1
2026-05-31-1600,2026-05-31,zepto,jivo-cold-press-canola-oil-combo-bottle-2l,Delhi,110091,485,750,35.3,1
2026-05-31-1600,2026-05-31,zepto,jivo-cold-press-canola-oil-combo-bottle-2l,Delhi,110092,519,750,30.8,1
2026-05-31-1600,2026-05-31,zepto,jivo-cold-press-canola-oil-combo-bottle-2l,Delhi,110095,485,750,35.3,1
2026-05-31-1600,2026-05-31,zepto,jivo-cold-press-canola-oil-combo-bottle-2l,Ludhiana,141015,485,750,35.3,1
2026-05-31-1600,2026-05-31,zepto,jivo-cold-press-canola-oil-combo-bottle-2l,Ludhiana,142036,485,750,35.3,1
2026-05-31-1600,2026-05-31,zepto,jivo-cold-press-canola-oil-combo-bottle-2l,Bengaluru,560069,485,750,35.3,1
2026-05-31-1600,2026-05-31,zepto,jivo-daily-pomace-olive-oil-2l,Bengaluru,560014,941,1449,35.1,1
2026-05-31-1600,2026-05-31,zepto,jivo-extra-light-olive-oil-1l,Delhi,110004,499,1499,66.7,1
2026-05-31-1600,2026-05-31,zepto,jivo-extra-light-olive-oil-1l,Delhi,110006,499,1499,66.7,1
2026-05-31-1600,2026-05-31,zepto,jivo-extra-light-olive-oil-1l,Delhi,110007,499,1499,66.7,1
2026-05-31-1600,2026-05-31,zepto,jivo-extra-light-olive-oil-1l,Delhi,110008,499,1499,66.7,1
2026-05-31-1600,2026-05-31,zepto,jivo-extra-light-olive-oil-1l,Delhi,110009,499,1499,66.7,1
2026-05-31-1600,2026-05-31,zepto,jivo-extra-light-olive-oil-1l,Delhi,110010,499,1499,66.7,1
2026-05-31-1600,2026-05-31,zepto,jivo-extra-light-olive-oil-1l,Delhi,110013,499,1499,66.7,1
2026-05-31-1600,2026-05-31,zepto,jivo-extra-light-olive-oil-1l,Delhi,110014,499,1499,66.7,1
2026-05-31-1600,2026-05-31,zepto,jivo-extra-light-olive-oil-1l,Delhi,110015,499,1499,66.7,1
2026-05-31-1600,2026-05-31,zepto,jivo-extra-light-olive-oil-1l,Delhi,110017,499,1499,66.7,1
2026-05-31-1600,2026-05-31,zepto,jivo-extra-light-olive-oil-1l,Delhi,110018,499,1499,66.7,1
2026-05-31-1600,2026-05-31,zepto,jivo-extra-light-olive-oil-1l,Delhi,110024,499,1499,66.7,1
2026-05-31-1600,2026-05-31,zepto,jivo-extra-light-olive-oil-1l,Delhi,110025,499,1499,66.7,1
2026-05-31-1600,2026-05-31,zepto,jivo-extra-light-olive-oil-1l,Delhi,110026,499,1499,66.7,1
2026-05-31-1600,2026-05-31,zepto,jivo-extra-light-olive-oil-1l,Delhi,110031,499,1499,66.7,1
2026-05-31-1600,2026-05-31,zepto,jivo-extra-light-olive-oil-1l,Delhi,110032,499,1499,66.7,1
2026-05-31-1600,2026-05-31,zepto,jivo-extra-light-olive-oil-1l,Delhi,110035,499,1499,66.7,1
2026-05-31-1600,2026-05-31,zepto,jivo-extra-light-olive-oil-1l,Delhi,110040,499,1499,66.7,1
2026-05-31-1600,2026-05-31,zepto,jivo-extra-light-olive-oil-1l,Delhi,110042,499,1499,66.7,1
2026-05-31-1600,2026-05-31,zepto,jivo-extra-light-olive-oil-1l,Delhi,110046,499,1499,66.7,1
2026-05-31-1600,2026-05-31,zepto,jivo-extra-light-olive-oil-1l,Delhi,110048,499,1499,66.7,1
2026-05-31-1600,2026-05-31,zepto,jivo-extra-light-olive-oil-1l,Delhi,110051,499,1499,66.7,1
2026-05-31-1600,2026-05-31,zepto,jivo-extra-light-olive-oil-1l,Delhi,110053,499,1499,66.7,1
2026-05-31-1600,2026-05-31,zepto,jivo-extra-light-olive-oil-1l,Delhi,110062,499,1499,66.7,1
2026-05-31-1600,2026-05-31,zepto,jivo-extra-light-olive-oil-1l,Delhi,110065,499,1499,66.7,1
2026-05-31-1600,2026-05-31,zepto,jivo-extra-light-olive-oil-1l,Delhi,110067,499,1499,66.7,1
2026-05-31-1600,2026-05-31,zepto,jivo-extra-light-olive-oil-1l,Delhi,110076,499,1499,66.7,1
2026-05-31-1600,2026-05-31,zepto,jivo-extra-light-olive-oil-1l,Delhi,110084,499,1499,66.7,1
2026-05-31-1600,2026-05-31,zepto,jivo-extra-light-olive-oil-1l,Delhi,110085,499,1499,66.7,1
2026-05-31-1600,2026-05-31,zepto,jivo-extra-light-olive-oil-1l,Delhi,110088,499,1499,66.7,1
2026-05-31-1600,2026-05-31,zepto,jivo-extra-light-olive-oil-1l,Delhi,110090,499,1499,66.7,1
2026-05-31-1600,2026-05-31,zepto,jivo-extra-light-olive-oil-1l,Delhi,110091,499,1499,66.7,1
2026-05-31-1600,2026-05-31,zepto,jivo-extra-light-olive-oil-1l,Delhi,110092,499,1499,66.7,1
2026-05-31-1600,2026-05-31,zepto,jivo-extra-light-olive-oil-1l,Delhi,110095,499,1499,66.7,1
2026-05-31-1600,2026-05-31,zepto,jivo-extra-light-olive-oil-1l,Faridabad,121011,499,1499,66.7,1
2026-05-31-1600,2026-05-31,zepto,jivo-extra-light-olive-oil-1l,Gurgaon,122004,499,1499,66.7,1
2026-05-31-1600,2026-05-31,zepto,jivo-extra-light-olive-oil-1l,Gurgaon,122006,499,1499,66.7,1
2026-05-31-1600,2026-05-31,zepto,jivo-extra-light-olive-oil-1l,Gurgaon,122010,499,1499,66.7,1
2026-05-31-1600,2026-05-31,zepto,jivo-extra-light-olive-oil-1l,Gurgaon,122051,499,1499,66.7,1
2026-05-31-1600,2026-05-31,zepto,jivo-extra-light-olive-oil-1l,Gurgaon,122101,499,1499,66.7,1
2026-05-31-1600,2026-05-31,zepto,jivo-extra-light-olive-oil-1l,Ludhiana,141015,499,1499,66.7,1
2026-05-31-1600,2026-05-31,zepto,jivo-extra-light-olive-oil-1l,Ludhiana,142022,499,1499,66.7,1
2026-05-31-1600,2026-05-31,zepto,jivo-extra-light-olive-oil-1l,Ludhiana,142036,499,1499,66.7,1
2026-05-31-1600,2026-05-31,zepto,jivo-extra-light-olive-oil-1l,Chandigarh,160011,499,1499,66.7,1
2026-05-31-1600,2026-05-31,zepto,jivo-extra-light-olive-oil-1l,Chandigarh,160021,499,1499,66.7,1
2026-05-31-1600,2026-05-31,zepto,jivo-extra-light-olive-oil-1l,Chandigarh,160035,499,1499,66.7,1
2026-05-31-1600,2026-05-31,zepto,jivo-extra-light-olive-oil-1l,Chandigarh,160043,499,1499,66.7,1
2026-05-31-1600,2026-05-31,zepto,jivo-extra-light-olive-oil-1l,Ghaziabad,201003,499,1499,66.7,1
2026-05-31-1600,2026-05-31,zepto,jivo-extra-light-olive-oil-1l,Ghaziabad,201005,499,1499,66.7,1
2026-05-31-1600,2026-05-31,zepto,jivo-extra-light-olive-oil-1l,Ghaziabad,201009,499,1499,66.7,1
2026-05-31-1600,2026-05-31,zepto,jivo-extra-light-olive-oil-1l,Noida,201306,499,1499,66.7,1
2026-05-31-1600,2026-05-31,zepto,jivo-extra-light-olive-oil-1l,Noida,201309,499,1499,66.7,1
2026-05-31-1600,2026-05-31,zepto,jivo-extra-light-olive-oil-1l,Noida,201310,499,1499,66.7,1
2026-05-31-1600,2026-05-31,zepto,jivo-extra-light-olive-oil-1l,Mumbai,400003,499,1499,66.7,1
2026-05-31-1600,2026-05-31,zepto,jivo-extra-light-olive-oil-1l,Mumbai,400005,499,1499,66.7,1
2026-05-31-1600,2026-05-31,zepto,jivo-extra-light-olive-oil-1l,Mumbai,400006,499,1499,66.7,1
2026-05-31-1600,2026-05-31,zepto,jivo-extra-light-olive-oil-1l,Mumbai,400007,499,1499,66.7,1
2026-05-31-1600,2026-05-31,zepto,jivo-extra-light-olive-oil-1l,Mumbai,400010,499,1499,66.7,1
2026-05-31-1600,2026-05-31,zepto,jivo-extra-light-olive-oil-1l,Mumbai,400011,499,1499,66.7,1
2026-05-31-1600,2026-05-31,zepto,jivo-extra-light-olive-oil-1l,Mumbai,400012,499,1499,66.7,1
2026-05-31-1600,2026-05-31,zepto,jivo-extra-light-olive-oil-1l,Mumbai,400013,499,1499,66.7,1
2026-05-31-1600,2026-05-31,zepto,jivo-extra-light-olive-oil-1l,Mumbai,400015,499,1499,66.7,1
2026-05-31-1600,2026-05-31,zepto,jivo-extra-light-olive-oil-1l,Mumbai,400017,499,1499,66.7,1
2026-05-31-1600,2026-05-31,zepto,jivo-extra-light-olive-oil-1l,Mumbai,400018,499,1499,66.7,1
2026-05-31-1600,2026-05-31,zepto,jivo-extra-light-olive-oil-1l,Mumbai,400019,499,1499,66.7,1
2026-05-31-1600,2026-05-31,zepto,jivo-extra-light-olive-oil-1l,Mumbai,400020,499,1499,66.7,1
2026-05-31-1600,2026-05-31,zepto,jivo-extra-light-olive-oil-1l,Mumbai,400021,499,1499,66.7,1
2026-05-31-1600,2026-05-31,zepto,jivo-extra-light-olive-oil-1l,Mumbai,400023,499,1499,66.7,1
2026-05-31-1600,2026-05-31,zepto,jivo-extra-light-olive-oil-1l,Mumbai,400025,499,1499,66.7,1
2026-05-31-1600,2026-05-31,zepto,jivo-extra-light-olive-oil-1l,Mumbai,400030,499,1499,66.7,1
2026-05-31-1600,2026-05-31,zepto,jivo-extra-light-olive-oil-1l,Mumbai,400033,499,1499,66.7,1
2026-05-31-1600,2026-05-31,zepto,jivo-extra-light-olive-oil-1l,Mumbai,400041,499,1499,66.7,1
2026-05-31-1600,2026-05-31,zepto,jivo-extra-light-olive-oil-1l,Mumbai,400090,499,1499,66.7,1
2026-05-31-1600,2026-05-31,zepto,jivo-extra-light-olive-oil-1l,Mumbai,400601,499,1499,66.7,1
2026-05-31-1600,2026-05-31,zepto,jivo-extra-light-olive-oil-1l,Mumbai,400611,499,1499,66.7,1
2026-05-31-1600,2026-05-31,zepto,jivo-extra-light-olive-oil-1l,Mumbai,400703,499,1499,66.7,1
2026-05-31-1600,2026-05-31,zepto,jivo-extra-light-olive-oil-1l,Pune,411004,499,1499,66.7,1
2026-05-31-1600,2026-05-31,zepto,jivo-extra-light-olive-oil-1l,Pune,411006,499,1499,66.7,1
2026-05-31-1600,2026-05-31,zepto,jivo-extra-light-olive-oil-1l,Pune,411011,499,1499,66.7,1
2026-05-31-1600,2026-05-31,zepto,jivo-extra-light-olive-oil-1l,Pune,411012,499,1499,66.7,1
2026-05-31-1600,2026-05-31,zepto,jivo-extra-light-olive-oil-1l,Pune,411014,499,1499,66.7,1
2026-05-31-1600,2026-05-31,zepto,jivo-extra-light-olive-oil-1l,Pune,411015,499,1499,66.7,1
2026-05-31-1600,2026-05-31,zepto,jivo-extra-light-olive-oil-1l,Pune,411021,499,1499,66.7,1
2026-05-31-1600,2026-05-31,zepto,jivo-extra-light-olive-oil-1l,Pune,411028,499,1499,66.7,1
2026-05-31-1600,2026-05-31,zepto,jivo-extra-light-olive-oil-1l,Pune,411036,499,1499,66.7,1
2026-05-31-1600,2026-05-31,zepto,jivo-extra-light-olive-oil-1l,Pune,411045,499,1499,66.7,1
2026-05-31-1600,2026-05-31,zepto,jivo-extra-light-olive-oil-1l,Pune,411047,499,1499,66.7,1
2026-05-31-1600,2026-05-31,zepto,jivo-extra-light-olive-oil-1l,Pune,411051,499,1499,66.7,1
2026-05-31-1600,2026-05-31,zepto,jivo-extra-light-olive-oil-1l,Bengaluru,560014,499,1499,66.7,1
2026-05-31-1600,2026-05-31,zepto,jivo-extra-light-olive-oil-1l,Bengaluru,560069,499,1499,66.7,1
2026-05-31-1600,2026-05-31,zepto,jivo-extra-light-olive-oil-2l,Delhi,110010,1504,2799,46.3,1
2026-05-31-1600,2026-05-31,zepto,jivo-extra-light-olive-oil-2l,Delhi,110014,1504,2799,46.3,1
2026-05-31-1600,2026-05-31,zepto,jivo-extra-light-olive-oil-2l,Delhi,110040,1504,2799,46.3,1
2026-05-31-1600,2026-05-31,zepto,jivo-extra-light-olive-oil-2l,Delhi,110042,1504,2799,46.3,1
2026-05-31-1600,2026-05-31,zepto,jivo-extra-light-olive-oil-2l,Delhi,110062,1504,2799,46.3,1
2026-05-31-1600,2026-05-31,zepto,jivo-extra-light-olive-oil-2l,Delhi,110067,1504,2799,46.3,1
2026-05-31-1600,2026-05-31,zepto,jivo-extra-light-olive-oil-2l,Delhi,110084,1504,2799,46.3,1
2026-05-31-1600,2026-05-31,zepto,jivo-extra-light-olive-oil-2l,Delhi,110088,1140,2799,59.3,1
2026-05-31-1600,2026-05-31,zepto,jivo-extra-light-olive-oil-2l,Delhi,110090,1504,2799,46.3,1
2026-05-31-1600,2026-05-31,zepto,jivo-extra-light-olive-oil-2l,Gurgaon,122051,1504,2799,46.3,1
2026-05-31-1600,2026-05-31,zepto,jivo-extra-light-olive-oil-2l,Gurgaon,122101,1504,2799,46.3,1
2026-05-31-1600,2026-05-31,zepto,jivo-extra-light-olive-oil-2l,Ghaziabad,201003,1504,2799,46.3,1
2026-05-31-1600,2026-05-31,zepto,jivo-extra-light-olive-oil-2l,Ghaziabad,201009,1144,2799,59.1,1
2026-05-31-1600,2026-05-31,zepto,jivo-extra-light-olive-oil-2l,Noida,201309,1504,2799,46.3,1
2026-05-31-1600,2026-05-31,zepto,jivo-extra-light-olive-oil-2l,Noida,201310,1504,2799,46.3,1
2026-05-31-1600,2026-05-31,zepto,jivo-extra-light-olive-oil-2l,Mumbai,400005,1505,2799,46.2,1
2026-05-31-1600,2026-05-31,zepto,jivo-extra-light-olive-oil-2l,Mumbai,400006,1505,2799,46.2,1
2026-05-31-1600,2026-05-31,zepto,jivo-extra-light-olive-oil-2l,Mumbai,400007,1505,2799,46.2,1
2026-05-31-1600,2026-05-31,zepto,jivo-extra-light-olive-oil-2l,Mumbai,400010,1505,2799,46.2,1
2026-05-31-1600,2026-05-31,zepto,jivo-extra-light-olive-oil-2l,Mumbai,400011,1505,2799,46.2,1
2026-05-31-1600,2026-05-31,zepto,jivo-extra-light-olive-oil-2l,Mumbai,400012,1505,2799,46.2,1
2026-05-31-1600,2026-05-31,zepto,jivo-extra-light-olive-oil-2l,Mumbai,400013,1505,2799,46.2,1
2026-05-31-1600,2026-05-31,zepto,jivo-extra-light-olive-oil-2l,Mumbai,400015,1505,2799,46.2,1
2026-05-31-1600,2026-05-31,zepto,jivo-extra-light-olive-oil-2l,Mumbai,400017,1505,2799,46.2,1
2026-05-31-1600,2026-05-31,zepto,jivo-extra-light-olive-oil-2l,Mumbai,400018,1505,2799,46.2,1
2026-05-31-1600,2026-05-31,zepto,jivo-extra-light-olive-oil-2l,Mumbai,400019,1505,2799,46.2,1
2026-05-31-1600,2026-05-31,zepto,jivo-extra-light-olive-oil-2l,Mumbai,400020,1505,2799,46.2,1
2026-05-31-1600,2026-05-31,zepto,jivo-extra-light-olive-oil-2l,Mumbai,400023,1505,2799,46.2,1
2026-05-31-1600,2026-05-31,zepto,jivo-extra-light-olive-oil-2l,Mumbai,400025,1505,2799,46.2,1
2026-05-31-1600,2026-05-31,zepto,jivo-extra-light-olive-oil-2l,Mumbai,400030,1505,2799,46.2,1
2026-05-31-1600,2026-05-31,zepto,jivo-extra-light-olive-oil-2l,Mumbai,400033,1505,2799,46.2,1
2026-05-31-1600,2026-05-31,zepto,jivo-extra-light-olive-oil-2l,Mumbai,400090,1505,2799,46.2,1
2026-05-31-1600,2026-05-31,zepto,jivo-extra-light-olive-oil-2l,Mumbai,400601,1505,2799,46.2,1
2026-05-31-1600,2026-05-31,zepto,jivo-extra-light-olive-oil-2l,Mumbai,400611,1505,2799,46.2,1
2026-05-31-1600,2026-05-31,zepto,jivo-extra-light-olive-oil-2l,Mumbai,400703,1505,2799,46.2,1
2026-05-31-1600,2026-05-31,zepto,jivo-extra-light-olive-oil-combo-1l,Delhi,110004,998,2998,66.7,1
2026-05-31-1600,2026-05-31,zepto,jivo-extra-light-olive-oil-combo-1l,Delhi,110007,998,2998,66.7,1
2026-05-31-1600,2026-05-31,zepto,jivo-extra-light-olive-oil-combo-1l,Delhi,110015,998,2998,66.7,1
2026-05-31-1600,2026-05-31,zepto,jivo-extra-light-olive-oil-combo-1l,Delhi,110025,998,2998,66.7,1
2026-05-31-1600,2026-05-31,zepto,jivo-extra-light-olive-oil-combo-1l,Delhi,110026,998,2998,66.7,1
2026-05-31-1600,2026-05-31,zepto,jivo-extra-light-olive-oil-combo-1l,Delhi,110031,998,2998,66.7,1
2026-05-31-1600,2026-05-31,zepto,jivo-extra-light-olive-oil-combo-1l,Delhi,110032,998,2998,66.7,1
2026-05-31-1600,2026-05-31,zepto,jivo-extra-light-olive-oil-combo-1l,Delhi,110040,998,2998,66.7,1
2026-05-31-1600,2026-05-31,zepto,jivo-extra-light-olive-oil-combo-1l,Delhi,110051,998,2998,66.7,1
2026-05-31-1600,2026-05-31,zepto,jivo-extra-light-olive-oil-combo-1l,Delhi,110053,998,2998,66.7,1
2026-05-31-1600,2026-05-31,zepto,jivo-extra-light-olive-oil-combo-1l,Delhi,110067,998,2998,66.7,1
2026-05-31-1600,2026-05-31,zepto,jivo-extra-light-olive-oil-combo-1l,Delhi,110084,998,2998,66.7,1
2026-05-31-1600,2026-05-31,zepto,jivo-extra-light-olive-oil-combo-1l,Delhi,110085,998,2998,66.7,1
2026-05-31-1600,2026-05-31,zepto,jivo-extra-light-olive-oil-combo-1l,Delhi,110091,998,2998,66.7,1
2026-05-31-1600,2026-05-31,zepto,jivo-extra-light-olive-oil-combo-1l,Delhi,110095,998,2998,66.7,1
2026-05-31-1600,2026-05-31,zepto,jivo-extra-light-olive-oil-combo-1l,Gurgaon,122004,998,2998,66.7,1
2026-05-31-1600,2026-05-31,zepto,jivo-extra-light-olive-oil-combo-1l,Gurgaon,122006,998,2998,66.7,1
2026-05-31-1600,2026-05-31,zepto,jivo-extra-light-olive-oil-combo-1l,Gurgaon,122010,998,2998,66.7,1
2026-05-31-1600,2026-05-31,zepto,jivo-extra-light-olive-oil-combo-1l,Gurgaon,122051,998,2998,66.7,1
2026-05-31-1600,2026-05-31,zepto,jivo-extra-light-olive-oil-combo-1l,Gurgaon,122101,998,2998,66.7,1
2026-05-31-1600,2026-05-31,zepto,jivo-extra-light-olive-oil-combo-1l,Noida,201306,998,2998,66.7,1
2026-05-31-1600,2026-05-31,zepto,jivo-extra-light-olive-oil-combo-1l,Noida,201309,998,2998,66.7,1
2026-05-31-1600,2026-05-31,zepto,jivo-extra-light-olive-oil-combo-1l,Noida,201310,998,2998,66.7,1
2026-05-31-1600,2026-05-31,zepto,jivo-extra-light-olive-oil-combo-1l,Mumbai,400003,998,2998,66.7,1
2026-05-31-1600,2026-05-31,zepto,jivo-extra-light-olive-oil-combo-1l,Mumbai,400005,998,2998,66.7,1
2026-05-31-1600,2026-05-31,zepto,jivo-extra-light-olive-oil-combo-1l,Mumbai,400006,998,2998,66.7,1
2026-05-31-1600,2026-05-31,zepto,jivo-extra-light-olive-oil-combo-1l,Mumbai,400007,998,2998,66.7,1
2026-05-31-1600,2026-05-31,zepto,jivo-extra-light-olive-oil-combo-1l,Mumbai,400010,998,2998,66.7,1
2026-05-31-1600,2026-05-31,zepto,jivo-extra-light-olive-oil-combo-1l,Mumbai,400011,998,2998,66.7,1
2026-05-31-1600,2026-05-31,zepto,jivo-extra-light-olive-oil-combo-1l,Mumbai,400012,998,2998,66.7,1
2026-05-31-1600,2026-05-31,zepto,jivo-extra-light-olive-oil-combo-1l,Mumbai,400013,998,2998,66.7,1
2026-05-31-1600,2026-05-31,zepto,jivo-extra-light-olive-oil-combo-1l,Mumbai,400015,998,2998,66.7,1
2026-05-31-1600,2026-05-31,zepto,jivo-extra-light-olive-oil-combo-1l,Mumbai,400019,998,2998,66.7,1
2026-05-31-1600,2026-05-31,zepto,jivo-extra-light-olive-oil-combo-1l,Mumbai,400020,998,2998,66.7,1
2026-05-31-1600,2026-05-31,zepto,jivo-extra-light-olive-oil-combo-1l,Mumbai,400021,998,2998,66.7,1
2026-05-31-1600,2026-05-31,zepto,jivo-extra-light-olive-oil-combo-1l,Mumbai,400023,998,2998,66.7,1
2026-05-31-1600,2026-05-31,zepto,jivo-extra-light-olive-oil-combo-1l,Mumbai,400030,998,2998,66.7,1
2026-05-31-1600,2026-05-31,zepto,jivo-extra-light-olive-oil-combo-1l,Mumbai,400033,998,2998,66.7,1
2026-05-31-1600,2026-05-31,zepto,jivo-extra-light-olive-oil-combo-1l,Mumbai,400601,998,2998,66.7,1
2026-05-31-1600,2026-05-31,zepto,jivo-extra-light-olive-oil-combo-1l,Mumbai,400611,998,2998,66.7,1
2026-05-31-1600,2026-05-31,zepto,jivo-extra-light-olive-oil-combo-1l,Mumbai,400703,998,2998,66.7,1
2026-05-31-1600,2026-05-31,zepto,jivo-extra-light-olive-oil-combo-1l,Pune,411011,998,2998,66.7,1
2026-05-31-1600,2026-05-31,zepto,jivo-extra-light-olive-oil-combo-1l,Pune,411015,998,2998,66.7,1
2026-05-31-1600,2026-05-31,zepto,jivo-extra-light-olive-oil-combo-1l,Pune,411021,998,2998,66.7,1
2026-05-31-1600,2026-05-31,zepto,jivo-extra-light-olive-oil-combo-1l,Pune,411045,998,2998,66.7,1
2026-05-31-1600,2026-05-31,zepto,jivo-extra-light-olive-oil-combo-1l,Pune,411047,998,2998,66.7,1
2026-05-31-1600,2026-05-31,zepto,jivo-extra-light-olive-oil-combo-1l,Pune,411051,998,2998,66.7,1
2026-05-31-1600,2026-05-31,zepto,jivo-extra-light-olive-oil-combo-1l,Bengaluru,560069,998,2998,66.7,1
2026-05-31-1600,2026-05-31,zepto,jivo-extra-light-olive-oil-combo-2l,Delhi,110014,3008,5598,46.3,1
2026-05-31-1600,2026-05-31,zepto,jivo-extra-light-olive-oil-combo-2l,Delhi,110040,3008,5598,46.3,1
2026-05-31-1600,2026-05-31,zepto,jivo-extra-light-olive-oil-combo-2l,Delhi,110062,3008,5598,46.3,1
2026-05-31-1600,2026-05-31,zepto,jivo-extra-light-olive-oil-combo-2l,Delhi,110084,3008,5598,46.3,1
2026-05-31-1600,2026-05-31,zepto,jivo-extra-light-olive-oil-combo-2l,Gurgaon,122051,3008,5598,46.3,1
2026-05-31-1600,2026-05-31,zepto,jivo-extra-light-olive-oil-combo-2l,Gurgaon,122101,3008,5598,46.3,1
2026-05-31-1600,2026-05-31,zepto,jivo-extra-light-olive-oil-combo-2l,Noida,201310,3008,5598,46.3,1
2026-05-31-1600,2026-05-31,zepto,jivo-extra-light-olive-oil-combo-2l,Mumbai,400005,3010,5598,46.2,1
2026-05-31-1600,2026-05-31,zepto,jivo-extra-light-olive-oil-combo-2l,Mumbai,400006,3010,5598,46.2,1
2026-05-31-1600,2026-05-31,zepto,jivo-extra-light-olive-oil-combo-2l,Mumbai,400007,3010,5598,46.2,1
2026-05-31-1600,2026-05-31,zepto,jivo-extra-light-olive-oil-combo-2l,Mumbai,400010,3010,5598,46.2,1
2026-05-31-1600,2026-05-31,zepto,jivo-extra-light-olive-oil-combo-2l,Mumbai,400012,3010,5598,46.2,1
2026-05-31-1600,2026-05-31,zepto,jivo-extra-light-olive-oil-combo-2l,Mumbai,400033,3010,5598,46.2,1
2026-05-31-1600,2026-05-31,zepto,jivo-extra-light-olive-oil-combo-2l,Mumbai,400601,3010,5598,46.2,1
2026-05-31-1600,2026-05-31,zepto,jivo-extra-light-olive-oil-combo-2l,Mumbai,400611,3010,5598,46.2,1
2026-05-31-1600,2026-05-31,zepto,jivo-extra-light-olive-oil-combo-2l,Mumbai,400703,3010,5598,46.2,1
2026-05-31-1600,2026-05-31,zepto,jivo-groundnut-cold-pressed-oil-healthy-cooking-oil-1l,Delhi,110004,199,560,64.5,1
2026-05-31-1600,2026-05-31,zepto,jivo-groundnut-cold-pressed-oil-healthy-cooking-oil-1l,Delhi,110006,199,560,64.5,1
2026-05-31-1600,2026-05-31,zepto,jivo-groundnut-cold-pressed-oil-healthy-cooking-oil-1l,Delhi,110007,199,560,64.5,1
2026-05-31-1600,2026-05-31,zepto,jivo-groundnut-cold-pressed-oil-healthy-cooking-oil-1l,Delhi,110008,199,560,64.5,1
2026-05-31-1600,2026-05-31,zepto,jivo-groundnut-cold-pressed-oil-healthy-cooking-oil-1l,Delhi,110009,199,560,64.5,1
2026-05-31-1600,2026-05-31,zepto,jivo-groundnut-cold-pressed-oil-healthy-cooking-oil-1l,Delhi,110010,199,560,64.5,1
2026-05-31-1600,2026-05-31,zepto,jivo-groundnut-cold-pressed-oil-healthy-cooking-oil-1l,Delhi,110013,199,560,64.5,1
2026-05-31-1600,2026-05-31,zepto,jivo-groundnut-cold-pressed-oil-healthy-cooking-oil-1l,Delhi,110014,199,560,64.5,1
2026-05-31-1600,2026-05-31,zepto,jivo-groundnut-cold-pressed-oil-healthy-cooking-oil-1l,Delhi,110015,199,560,64.5,1
2026-05-31-1600,2026-05-31,zepto,jivo-groundnut-cold-pressed-oil-healthy-cooking-oil-1l,Delhi,110017,199,560,64.5,1
2026-05-31-1600,2026-05-31,zepto,jivo-groundnut-cold-pressed-oil-healthy-cooking-oil-1l,Delhi,110018,199,560,64.5,1
2026-05-31-1600,2026-05-31,zepto,jivo-groundnut-cold-pressed-oil-healthy-cooking-oil-1l,Delhi,110021,199,560,64.5,1
2026-05-31-1600,2026-05-31,zepto,jivo-groundnut-cold-pressed-oil-healthy-cooking-oil-1l,Delhi,110024,199,560,64.5,1
2026-05-31-1600,2026-05-31,zepto,jivo-groundnut-cold-pressed-oil-healthy-cooking-oil-1l,Delhi,110025,199,560,64.5,1
2026-05-31-1600,2026-05-31,zepto,jivo-groundnut-cold-pressed-oil-healthy-cooking-oil-1l,Delhi,110026,199,560,64.5,1
2026-05-31-1600,2026-05-31,zepto,jivo-groundnut-cold-pressed-oil-healthy-cooking-oil-1l,Delhi,110031,199,560,64.5,1
2026-05-31-1600,2026-05-31,zepto,jivo-groundnut-cold-pressed-oil-healthy-cooking-oil-1l,Delhi,110032,199,560,64.5,1
2026-05-31-1600,2026-05-31,zepto,jivo-groundnut-cold-pressed-oil-healthy-cooking-oil-1l,Delhi,110033,199,560,64.5,1
2026-05-31-1600,2026-05-31,zepto,jivo-groundnut-cold-pressed-oil-healthy-cooking-oil-1l,Delhi,110035,199,560,64.5,1
2026-05-31-1600,2026-05-31,zepto,jivo-groundnut-cold-pressed-oil-healthy-cooking-oil-1l,Delhi,110040,199,560,64.5,1
2026-05-31-1600,2026-05-31,zepto,jivo-groundnut-cold-pressed-oil-healthy-cooking-oil-1l,Delhi,110042,199,560,64.5,1
2026-05-31-1600,2026-05-31,zepto,jivo-groundnut-cold-pressed-oil-healthy-cooking-oil-1l,Delhi,110046,199,560,64.5,1
2026-05-31-1600,2026-05-31,zepto,jivo-groundnut-cold-pressed-oil-healthy-cooking-oil-1l,Delhi,110048,199,560,64.5,1
2026-05-31-1600,2026-05-31,zepto,jivo-groundnut-cold-pressed-oil-healthy-cooking-oil-1l,Delhi,110051,199,560,64.5,1
2026-05-31-1600,2026-05-31,zepto,jivo-groundnut-cold-pressed-oil-healthy-cooking-oil-1l,Delhi,110053,199,560,64.5,1
2026-05-31-1600,2026-05-31,zepto,jivo-groundnut-cold-pressed-oil-healthy-cooking-oil-1l,Delhi,110062,199,560,64.5,1
2026-05-31-1600,2026-05-31,zepto,jivo-groundnut-cold-pressed-oil-healthy-cooking-oil-1l,Delhi,110065,199,560,64.5,1
2026-05-31-1600,2026-05-31,zepto,jivo-groundnut-cold-pressed-oil-healthy-cooking-oil-1l,Delhi,110067,199,560,64.5,1
2026-05-31-1600,2026-05-31,zepto,jivo-groundnut-cold-pressed-oil-healthy-cooking-oil-1l,Delhi,110076,199,560,64.5,1
2026-05-31-1600,2026-05-31,zepto,jivo-groundnut-cold-pressed-oil-healthy-cooking-oil-1l,Delhi,110084,199,560,64.5,1
2026-05-31-1600,2026-05-31,zepto,jivo-groundnut-cold-pressed-oil-healthy-cooking-oil-1l,Delhi,110085,199,560,64.5,1
2026-05-31-1600,2026-05-31,zepto,jivo-groundnut-cold-pressed-oil-healthy-cooking-oil-1l,Delhi,110091,199,560,64.5,1
2026-05-31-1600,2026-05-31,zepto,jivo-groundnut-cold-pressed-oil-healthy-cooking-oil-1l,Delhi,110092,199,560,64.5,1
2026-05-31-1600,2026-05-31,zepto,jivo-groundnut-cold-pressed-oil-healthy-cooking-oil-1l,Delhi,110095,199,560,64.5,1
2026-05-31-1600,2026-05-31,zepto,jivo-groundnut-cold-pressed-oil-healthy-cooking-oil-1l,Faridabad,121001,199,560,64.5,1
2026-05-31-1600,2026-05-31,zepto,jivo-groundnut-cold-pressed-oil-healthy-cooking-oil-1l,Faridabad,121011,199,400,50.2,1
2026-05-31-1600,2026-05-31,zepto,jivo-groundnut-cold-pressed-oil-healthy-cooking-oil-1l,Gurgaon,122004,199,560,64.5,1
2026-05-31-1600,2026-05-31,zepto,jivo-groundnut-cold-pressed-oil-healthy-cooking-oil-1l,Gurgaon,122006,199,560,64.5,1
2026-05-31-1600,2026-05-31,zepto,jivo-groundnut-cold-pressed-oil-healthy-cooking-oil-1l,Gurgaon,122010,199,560,64.5,1
2026-05-31-1600,2026-05-31,zepto,jivo-groundnut-cold-pressed-oil-healthy-cooking-oil-1l,Gurgaon,122051,199,560,64.5,1
2026-05-31-1600,2026-05-31,zepto,jivo-groundnut-cold-pressed-oil-healthy-cooking-oil-1l,Gurgaon,122101,199,560,64.5,1
2026-05-31-1600,2026-05-31,zepto,jivo-groundnut-cold-pressed-oil-healthy-cooking-oil-1l,Ghaziabad,201003,199,560,64.5,1
2026-05-31-1600,2026-05-31,zepto,jivo-groundnut-cold-pressed-oil-healthy-cooking-oil-1l,Ghaziabad,201005,199,560,64.5,1
2026-05-31-1600,2026-05-31,zepto,jivo-groundnut-cold-pressed-oil-healthy-cooking-oil-1l,Ghaziabad,201009,199,560,64.5,1
2026-05-31-1600,2026-05-31,zepto,jivo-groundnut-cold-pressed-oil-healthy-cooking-oil-1l,Noida,201306,199,560,64.5,1
2026-05-31-1600,2026-05-31,zepto,jivo-groundnut-cold-pressed-oil-healthy-cooking-oil-1l,Noida,201307,199,560,64.5,1
2026-05-31-1600,2026-05-31,zepto,jivo-groundnut-cold-pressed-oil-healthy-cooking-oil-1l,Noida,201309,199,560,64.5,1
2026-05-31-1600,2026-05-31,zepto,jivo-groundnut-cold-pressed-oil-healthy-cooking-oil-1l,Noida,201310,199,560,64.5,1
2026-05-31-1600,2026-05-31,zepto,jivo-groundnut-cold-pressed-oil-healthy-cooking-oil-1l,Mumbai,400003,199,560,64.5,1
2026-05-31-1600,2026-05-31,zepto,jivo-groundnut-cold-pressed-oil-healthy-cooking-oil-1l,Mumbai,400005,199,560,64.5,1
2026-05-31-1600,2026-05-31,zepto,jivo-groundnut-cold-pressed-oil-healthy-cooking-oil-1l,Mumbai,400006,199,560,64.5,1
2026-05-31-1600,2026-05-31,zepto,jivo-groundnut-cold-pressed-oil-healthy-cooking-oil-1l,Mumbai,400010,199,560,64.5,1
2026-05-31-1600,2026-05-31,zepto,jivo-groundnut-cold-pressed-oil-healthy-cooking-oil-1l,Mumbai,400011,199,560,64.5,1
2026-05-31-1600,2026-05-31,zepto,jivo-groundnut-cold-pressed-oil-healthy-cooking-oil-1l,Mumbai,400012,199,560,64.5,1
2026-05-31-1600,2026-05-31,zepto,jivo-groundnut-cold-pressed-oil-healthy-cooking-oil-1l,Mumbai,400017,199,560,64.5,1
2026-05-31-1600,2026-05-31,zepto,jivo-groundnut-cold-pressed-oil-healthy-cooking-oil-1l,Mumbai,400018,199,560,64.5,1
2026-05-31-1600,2026-05-31,zepto,jivo-groundnut-cold-pressed-oil-healthy-cooking-oil-1l,Mumbai,400020,199,560,64.5,1
2026-05-31-1600,2026-05-31,zepto,jivo-groundnut-cold-pressed-oil-healthy-cooking-oil-1l,Mumbai,400021,199,560,64.5,1
2026-05-31-1600,2026-05-31,zepto,jivo-groundnut-cold-pressed-oil-healthy-cooking-oil-1l,Mumbai,400025,199,560,64.5,1
2026-05-31-1600,2026-05-31,zepto,jivo-groundnut-cold-pressed-oil-healthy-cooking-oil-1l,Mumbai,400033,199,560,64.5,1
2026-05-31-1600,2026-05-31,zepto,jivo-groundnut-cold-pressed-oil-healthy-cooking-oil-1l,Mumbai,400041,199,560,64.5,1
2026-05-31-1600,2026-05-31,zepto,jivo-groundnut-cold-pressed-oil-healthy-cooking-oil-1l,Mumbai,400090,199,560,64.5,1
2026-05-31-1600,2026-05-31,zepto,jivo-groundnut-cold-pressed-oil-healthy-cooking-oil-1l,Mumbai,400601,199,560,64.5,1
2026-05-31-1600,2026-05-31,zepto,jivo-groundnut-cold-pressed-oil-healthy-cooking-oil-1l,Mumbai,400703,199,560,64.5,1
2026-05-31-1600,2026-05-31,zepto,jivo-groundnut-cold-pressed-oil-healthy-cooking-oil-1l,Bengaluru,560014,199,560,64.5,1
2026-05-31-1600,2026-05-31,zepto,jivo-groundnut-cold-pressed-oil-healthy-cooking-oil-1l,Bengaluru,560019,199,560,64.5,1
2026-05-31-1600,2026-05-31,zepto,jivo-groundnut-cold-pressed-oil-healthy-cooking-oil-1l,Bengaluru,560028,199,560,64.5,1
2026-05-31-1600,2026-05-31,zepto,jivo-groundnut-cold-pressed-oil-healthy-cooking-oil-1l,Bengaluru,560069,199,560,64.5,1
2026-05-31-1600,2026-05-31,zepto,jivo-groundnut-peanut-cold-pressed-heathy-cooking-oil-na,Delhi,110004,49,150,67.3,1
2026-05-31-1600,2026-05-31,zepto,jivo-groundnut-peanut-cold-pressed-heathy-cooking-oil-na,Delhi,110006,49,150,67.3,1
2026-05-31-1600,2026-05-31,zepto,jivo-groundnut-peanut-cold-pressed-heathy-cooking-oil-na,Delhi,110007,49,150,67.3,1
2026-05-31-1600,2026-05-31,zepto,jivo-groundnut-peanut-cold-pressed-heathy-cooking-oil-na,Delhi,110008,49,150,67.3,1
2026-05-31-1600,2026-05-31,zepto,jivo-groundnut-peanut-cold-pressed-heathy-cooking-oil-na,Delhi,110009,49,150,67.3,1
2026-05-31-1600,2026-05-31,zepto,jivo-groundnut-peanut-cold-pressed-heathy-cooking-oil-na,Delhi,110010,49,150,67.3,1
2026-05-31-1600,2026-05-31,zepto,jivo-groundnut-peanut-cold-pressed-heathy-cooking-oil-na,Delhi,110013,49,150,67.3,1
2026-05-31-1600,2026-05-31,zepto,jivo-groundnut-peanut-cold-pressed-heathy-cooking-oil-na,Delhi,110014,49,150,67.3,1
2026-05-31-1600,2026-05-31,zepto,jivo-groundnut-peanut-cold-pressed-heathy-cooking-oil-na,Delhi,110015,49,150,67.3,1
2026-05-31-1600,2026-05-31,zepto,jivo-groundnut-peanut-cold-pressed-heathy-cooking-oil-na,Delhi,110018,49,150,67.3,1
2026-05-31-1600,2026-05-31,zepto,jivo-groundnut-peanut-cold-pressed-heathy-cooking-oil-na,Delhi,110021,49,150,67.3,1
2026-05-31-1600,2026-05-31,zepto,jivo-groundnut-peanut-cold-pressed-heathy-cooking-oil-na,Delhi,110024,49,150,67.3,1
2026-05-31-1600,2026-05-31,zepto,jivo-groundnut-peanut-cold-pressed-heathy-cooking-oil-na,Delhi,110025,49,150,67.3,1
2026-05-31-1600,2026-05-31,zepto,jivo-groundnut-peanut-cold-pressed-heathy-cooking-oil-na,Delhi,110026,49,150,67.3,1
2026-05-31-1600,2026-05-31,zepto,jivo-groundnut-peanut-cold-pressed-heathy-cooking-oil-na,Delhi,110031,49,150,67.3,1
2026-05-31-1600,2026-05-31,zepto,jivo-groundnut-peanut-cold-pressed-heathy-cooking-oil-na,Delhi,110032,49,150,67.3,1
2026-05-31-1600,2026-05-31,zepto,jivo-groundnut-peanut-cold-pressed-heathy-cooking-oil-na,Delhi,110033,49,150,67.3,1
2026-05-31-1600,2026-05-31,zepto,jivo-groundnut-peanut-cold-pressed-heathy-cooking-oil-na,Delhi,110035,49,150,67.3,1
2026-05-31-1600,2026-05-31,zepto,jivo-groundnut-peanut-cold-pressed-heathy-cooking-oil-na,Delhi,110040,49,150,67.3,1
2026-05-31-1600,2026-05-31,zepto,jivo-groundnut-peanut-cold-pressed-heathy-cooking-oil-na,Delhi,110042,49,150,67.3,1
2026-05-31-1600,2026-05-31,zepto,jivo-groundnut-peanut-cold-pressed-heathy-cooking-oil-na,Delhi,110046,49,150,67.3,1
2026-05-31-1600,2026-05-31,zepto,jivo-groundnut-peanut-cold-pressed-heathy-cooking-oil-na,Delhi,110048,49,150,67.3,1
2026-05-31-1600,2026-05-31,zepto,jivo-groundnut-peanut-cold-pressed-heathy-cooking-oil-na,Delhi,110051,49,150,67.3,1
2026-05-31-1600,2026-05-31,zepto,jivo-groundnut-peanut-cold-pressed-heathy-cooking-oil-na,Delhi,110053,49,150,67.3,1
2026-05-31-1600,2026-05-31,zepto,jivo-groundnut-peanut-cold-pressed-heathy-cooking-oil-na,Delhi,110062,49,150,67.3,1
2026-05-31-1600,2026-05-31,zepto,jivo-groundnut-peanut-cold-pressed-heathy-cooking-oil-na,Delhi,110065,49,150,67.3,1
2026-05-31-1600,2026-05-31,zepto,jivo-groundnut-peanut-cold-pressed-heathy-cooking-oil-na,Delhi,110067,49,150,67.3,1
2026-05-31-1600,2026-05-31,zepto,jivo-groundnut-peanut-cold-pressed-heathy-cooking-oil-na,Delhi,110076,49,150,67.3,1
2026-05-31-1600,2026-05-31,zepto,jivo-groundnut-peanut-cold-pressed-heathy-cooking-oil-na,Delhi,110084,49,150,67.3,1
2026-05-31-1600,2026-05-31,zepto,jivo-groundnut-peanut-cold-pressed-heathy-cooking-oil-na,Delhi,110085,49,150,67.3,1
2026-05-31-1600,2026-05-31,zepto,jivo-groundnut-peanut-cold-pressed-heathy-cooking-oil-na,Delhi,110090,49,150,67.3,1
2026-05-31-1600,2026-05-31,zepto,jivo-groundnut-peanut-cold-pressed-heathy-cooking-oil-na,Delhi,110091,49,150,67.3,1
2026-05-31-1600,2026-05-31,zepto,jivo-groundnut-peanut-cold-pressed-heathy-cooking-oil-na,Delhi,110092,49,150,67.3,1
2026-05-31-1600,2026-05-31,zepto,jivo-groundnut-peanut-cold-pressed-heathy-cooking-oil-na,Delhi,110095,49,150,67.3,1
2026-05-31-1600,2026-05-31,zepto,jivo-groundnut-peanut-cold-pressed-heathy-cooking-oil-na,Gurgaon,122004,49,150,67.3,1
2026-05-31-1600,2026-05-31,zepto,jivo-groundnut-peanut-cold-pressed-heathy-cooking-oil-na,Gurgaon,122006,49,150,67.3,1
2026-05-31-1600,2026-05-31,zepto,jivo-groundnut-peanut-cold-pressed-heathy-cooking-oil-na,Gurgaon,122010,49,150,67.3,1
2026-05-31-1600,2026-05-31,zepto,jivo-groundnut-peanut-cold-pressed-heathy-cooking-oil-na,Gurgaon,122051,49,150,67.3,1
2026-05-31-1600,2026-05-31,zepto,jivo-groundnut-peanut-cold-pressed-heathy-cooking-oil-na,Gurgaon,122101,49,150,67.3,1
2026-05-31-1600,2026-05-31,zepto,jivo-groundnut-peanut-cold-pressed-heathy-cooking-oil-na,Ghaziabad,201005,49,150,67.3,1
2026-05-31-1600,2026-05-31,zepto,jivo-groundnut-peanut-cold-pressed-heathy-cooking-oil-na,Noida,201309,49,150,67.3,1
2026-05-31-1600,2026-05-31,zepto,jivo-groundnut-peanut-cold-pressed-heathy-cooking-oil-na,Noida,201310,49,150,67.3,1
2026-05-31-1600,2026-05-31,zepto,jivo-groundnut-peanut-cold-pressed-heathy-cooking-oil-na,Jaipur,302016,76,150,49.3,1
2026-05-31-1600,2026-05-31,zepto,jivo-groundnut-peanut-cold-pressed-heathy-cooking-oil-na,Jaipur,302017,76,150,49.3,1
2026-05-31-1600,2026-05-31,zepto,jivo-groundnut-peanut-cold-pressed-heathy-cooking-oil-na,Jaipur,302018,76,150,49.3,1
2026-05-31-1600,2026-05-31,zepto,jivo-groundnut-peanut-cold-pressed-heathy-cooking-oil-na,Jaipur,302020,76,150,49.3,1
2026-05-31-1600,2026-05-31,zepto,jivo-groundnut-peanut-cold-pressed-heathy-cooking-oil-na,Jaipur,302021,76,150,49.3,1
2026-05-31-1600,2026-05-31,zepto,jivo-groundnut-peanut-cold-pressed-heathy-cooking-oil-na,Jaipur,302022,76,150,49.3,1
2026-05-31-1600,2026-05-31,zepto,jivo-groundnut-peanut-cold-pressed-heathy-cooking-oil-na,Jaipur,302023,76,150,49.3,1
2026-05-31-1600,2026-05-31,zepto,jivo-groundnut-peanut-cold-pressed-heathy-cooking-oil-na,Jaipur,302024,76,150,49.3,1
2026-05-31-1600,2026-05-31,zepto,jivo-groundnut-peanut-cold-pressed-heathy-cooking-oil-na,Jaipur,302025,76,150,49.3,1
2026-05-31-1600,2026-05-31,zepto,jivo-groundnut-peanut-cold-pressed-heathy-cooking-oil-na,Jaipur,302032,76,150,49.3,1
2026-05-31-1600,2026-05-31,zepto,jivo-groundnut-peanut-cold-pressed-heathy-cooking-oil-na,Jaipur,303602,76,150,49.3,1
2026-05-31-1600,2026-05-31,zepto,jivo-groundnut-peanut-cold-pressed-heathy-cooking-oil-na,Surat,394510,76,150,49.3,1
2026-05-31-1600,2026-05-31,zepto,jivo-groundnut-peanut-cold-pressed-heathy-cooking-oil-na,Mumbai,400003,49,150,67.3,1
2026-05-31-1600,2026-05-31,zepto,jivo-groundnut-peanut-cold-pressed-heathy-cooking-oil-na,Mumbai,400005,49,150,67.3,1
2026-05-31-1600,2026-05-31,zepto,jivo-groundnut-peanut-cold-pressed-heathy-cooking-oil-na,Mumbai,400006,49,150,67.3,1
2026-05-31-1600,2026-05-31,zepto,jivo-groundnut-peanut-cold-pressed-heathy-cooking-oil-na,Mumbai,400010,49,150,67.3,1
2026-05-31-1600,2026-05-31,zepto,jivo-groundnut-peanut-cold-pressed-heathy-cooking-oil-na,Mumbai,400011,76,150,49.3,1
2026-05-31-1600,2026-05-31,zepto,jivo-groundnut-peanut-cold-pressed-heathy-cooking-oil-na,Mumbai,400012,49,150,67.3,1
2026-05-31-1600,2026-05-31,zepto,jivo-groundnut-peanut-cold-pressed-heathy-cooking-oil-na,Mumbai,400013,49,150,67.3,1
2026-05-31-1600,2026-05-31,zepto,jivo-groundnut-peanut-cold-pressed-heathy-cooking-oil-na,Mumbai,400015,49,150,67.3,1
2026-05-31-1600,2026-05-31,zepto,jivo-groundnut-peanut-cold-pressed-heathy-cooking-oil-na,Mumbai,400017,49,150,67.3,1
2026-05-31-1600,2026-05-31,zepto,jivo-groundnut-peanut-cold-pressed-heathy-cooking-oil-na,Mumbai,400018,49,150,67.3,1
2026-05-31-1600,2026-05-31,zepto,jivo-groundnut-peanut-cold-pressed-heathy-cooking-oil-na,Mumbai,400019,49,150,67.3,1
2026-05-31-1600,2026-05-31,zepto,jivo-groundnut-peanut-cold-pressed-heathy-cooking-oil-na,Mumbai,400020,76,150,49.3,1
2026-05-31-1600,2026-05-31,zepto,jivo-groundnut-peanut-cold-pressed-heathy-cooking-oil-na,Mumbai,400021,49,150,67.3,1
2026-05-31-1600,2026-05-31,zepto,jivo-groundnut-peanut-cold-pressed-heathy-cooking-oil-na,Mumbai,400023,49,150,67.3,1
2026-05-31-1600,2026-05-31,zepto,jivo-groundnut-peanut-cold-pressed-heathy-cooking-oil-na,Mumbai,400025,49,150,67.3,1
2026-05-31-1600,2026-05-31,zepto,jivo-groundnut-peanut-cold-pressed-heathy-cooking-oil-na,Mumbai,400030,49,150,67.3,1
2026-05-31-1600,2026-05-31,zepto,jivo-groundnut-peanut-cold-pressed-heathy-cooking-oil-na,Mumbai,400033,49,150,67.3,1
2026-05-31-1600,2026-05-31,zepto,jivo-groundnut-peanut-cold-pressed-heathy-cooking-oil-na,Mumbai,400041,49,150,67.3,1
2026-05-31-1600,2026-05-31,zepto,jivo-groundnut-peanut-cold-pressed-heathy-cooking-oil-na,Mumbai,400090,49,150,67.3,1
2026-05-31-1600,2026-05-31,zepto,jivo-groundnut-peanut-cold-pressed-heathy-cooking-oil-na,Mumbai,400601,49,150,67.3,1
2026-05-31-1600,2026-05-31,zepto,jivo-groundnut-peanut-cold-pressed-heathy-cooking-oil-na,Mumbai,400611,49,150,67.3,1
2026-05-31-1600,2026-05-31,zepto,jivo-groundnut-peanut-cold-pressed-heathy-cooking-oil-na,Pune,411004,49,150,67.3,1
2026-05-31-1600,2026-05-31,zepto,jivo-groundnut-peanut-cold-pressed-heathy-cooking-oil-na,Pune,411006,49,150,67.3,1
2026-05-31-1600,2026-05-31,zepto,jivo-groundnut-peanut-cold-pressed-heathy-cooking-oil-na,Pune,411011,49,150,67.3,1
2026-05-31-1600,2026-05-31,zepto,jivo-groundnut-peanut-cold-pressed-heathy-cooking-oil-na,Pune,411012,49,150,67.3,1
2026-05-31-1600,2026-05-31,zepto,jivo-groundnut-peanut-cold-pressed-heathy-cooking-oil-na,Pune,411014,49,150,67.3,1
2026-05-31-1600,2026-05-31,zepto,jivo-groundnut-peanut-cold-pressed-heathy-cooking-oil-na,Pune,411015,49,150,67.3,1
2026-05-31-1600,2026-05-31,zepto,jivo-groundnut-peanut-cold-pressed-heathy-cooking-oil-na,Pune,411021,49,150,67.3,1
2026-05-31-1600,2026-05-31,zepto,jivo-groundnut-peanut-cold-pressed-heathy-cooking-oil-na,Pune,411028,49,150,67.3,1
2026-05-31-1600,2026-05-31,zepto,jivo-groundnut-peanut-cold-pressed-heathy-cooking-oil-na,Pune,411036,49,150,67.3,1
2026-05-31-1600,2026-05-31,zepto,jivo-groundnut-peanut-cold-pressed-heathy-cooking-oil-na,Pune,411045,49,150,67.3,1
2026-05-31-1600,2026-05-31,zepto,jivo-groundnut-peanut-cold-pressed-heathy-cooking-oil-na,Pune,411047,49,150,67.3,1
2026-05-31-1600,2026-05-31,zepto,jivo-groundnut-peanut-cold-pressed-heathy-cooking-oil-na,Pune,411051,49,150,67.3,1
2026-05-31-1600,2026-05-31,zepto,jivo-groundnut-peanut-cold-pressed-heathy-cooking-oil-na,Indore,452001,76,150,49.3,1
2026-05-31-1600,2026-05-31,zepto,jivo-kachi-ghani-mustard-cold-pressed-oil-healthy-cooking-oil-1l,Delhi,110004,149,255,41.6,1
2026-05-31-1600,2026-05-31,zepto,jivo-kachi-ghani-mustard-cold-pressed-oil-healthy-cooking-oil-1l,Delhi,110006,149,255,41.6,1
2026-05-31-1600,2026-05-31,zepto,jivo-kachi-ghani-mustard-cold-pressed-oil-healthy-cooking-oil-1l,Delhi,110007,149,255,41.6,1
2026-05-31-1600,2026-05-31,zepto,jivo-kachi-ghani-mustard-cold-pressed-oil-healthy-cooking-oil-1l,Delhi,110008,149,255,41.6,1
2026-05-31-1600,2026-05-31,zepto,jivo-kachi-ghani-mustard-cold-pressed-oil-healthy-cooking-oil-1l,Delhi,110009,149,255,41.6,1
2026-05-31-1600,2026-05-31,zepto,jivo-kachi-ghani-mustard-cold-pressed-oil-healthy-cooking-oil-1l,Delhi,110010,149,255,41.6,1
2026-05-31-1600,2026-05-31,zepto,jivo-kachi-ghani-mustard-cold-pressed-oil-healthy-cooking-oil-1l,Delhi,110013,149,255,41.6,1
2026-05-31-1600,2026-05-31,zepto,jivo-kachi-ghani-mustard-cold-pressed-oil-healthy-cooking-oil-1l,Delhi,110014,149,255,41.6,1
2026-05-31-1600,2026-05-31,zepto,jivo-kachi-ghani-mustard-cold-pressed-oil-healthy-cooking-oil-1l,Delhi,110015,149,255,41.6,1
2026-05-31-1600,2026-05-31,zepto,jivo-kachi-ghani-mustard-cold-pressed-oil-healthy-cooking-oil-1l,Delhi,110017,149,255,41.6,1
2026-05-31-1600,2026-05-31,zepto,jivo-kachi-ghani-mustard-cold-pressed-oil-healthy-cooking-oil-1l,Delhi,110018,149,255,41.6,1
2026-05-31-1600,2026-05-31,zepto,jivo-kachi-ghani-mustard-cold-pressed-oil-healthy-cooking-oil-1l,Delhi,110021,149,255,41.6,1
2026-05-31-1600,2026-05-31,zepto,jivo-kachi-ghani-mustard-cold-pressed-oil-healthy-cooking-oil-1l,Delhi,110024,149,255,41.6,1
2026-05-31-1600,2026-05-31,zepto,jivo-kachi-ghani-mustard-cold-pressed-oil-healthy-cooking-oil-1l,Delhi,110025,149,255,41.6,1
2026-05-31-1600,2026-05-31,zepto,jivo-kachi-ghani-mustard-cold-pressed-oil-healthy-cooking-oil-1l,Delhi,110026,149,255,41.6,1
2026-05-31-1600,2026-05-31,zepto,jivo-kachi-ghani-mustard-cold-pressed-oil-healthy-cooking-oil-1l,Delhi,110031,149,255,41.6,1
2026-05-31-1600,2026-05-31,zepto,jivo-kachi-ghani-mustard-cold-pressed-oil-healthy-cooking-oil-1l,Delhi,110032,149,255,41.6,1
2026-05-31-1600,2026-05-31,zepto,jivo-kachi-ghani-mustard-cold-pressed-oil-healthy-cooking-oil-1l,Delhi,110033,149,255,41.6,1
2026-05-31-1600,2026-05-31,zepto,jivo-kachi-ghani-mustard-cold-pressed-oil-healthy-cooking-oil-1l,Delhi,110035,149,255,41.6,1
2026-05-31-1600,2026-05-31,zepto,jivo-kachi-ghani-mustard-cold-pressed-oil-healthy-cooking-oil-1l,Delhi,110040,149,255,41.6,1
2026-05-31-1600,2026-05-31,zepto,jivo-kachi-ghani-mustard-cold-pressed-oil-healthy-cooking-oil-1l,Delhi,110042,149,255,41.6,1
2026-05-31-1600,2026-05-31,zepto,jivo-kachi-ghani-mustard-cold-pressed-oil-healthy-cooking-oil-1l,Delhi,110046,149,255,41.6,1
2026-05-31-1600,2026-05-31,zepto,jivo-kachi-ghani-mustard-cold-pressed-oil-healthy-cooking-oil-1l,Delhi,110048,149,255,41.6,1
2026-05-31-1600,2026-05-31,zepto,jivo-kachi-ghani-mustard-cold-pressed-oil-healthy-cooking-oil-1l,Delhi,110051,149,255,41.6,1
2026-05-31-1600,2026-05-31,zepto,jivo-kachi-ghani-mustard-cold-pressed-oil-healthy-cooking-oil-1l,Delhi,110053,149,255,41.6,1
2026-05-31-1600,2026-05-31,zepto,jivo-kachi-ghani-mustard-cold-pressed-oil-healthy-cooking-oil-1l,Delhi,110062,149,255,41.6,1
2026-05-31-1600,2026-05-31,zepto,jivo-kachi-ghani-mustard-cold-pressed-oil-healthy-cooking-oil-1l,Delhi,110065,149,255,41.6,1
2026-05-31-1600,2026-05-31,zepto,jivo-kachi-ghani-mustard-cold-pressed-oil-healthy-cooking-oil-1l,Delhi,110067,149,255,41.6,1
2026-05-31-1600,2026-05-31,zepto,jivo-kachi-ghani-mustard-cold-pressed-oil-healthy-cooking-oil-1l,Delhi,110076,149,255,41.6,1
2026-05-31-1600,2026-05-31,zepto,jivo-kachi-ghani-mustard-cold-pressed-oil-healthy-cooking-oil-1l,Delhi,110084,149,255,41.6,1
2026-05-31-1600,2026-05-31,zepto,jivo-kachi-ghani-mustard-cold-pressed-oil-healthy-cooking-oil-1l,Delhi,110085,149,255,41.6,1
2026-05-31-1600,2026-05-31,zepto,jivo-kachi-ghani-mustard-cold-pressed-oil-healthy-cooking-oil-1l,Delhi,110088,149,255,41.6,1
2026-05-31-1600,2026-05-31,zepto,jivo-kachi-ghani-mustard-cold-pressed-oil-healthy-cooking-oil-1l,Delhi,110090,149,255,41.6,1
2026-05-31-1600,2026-05-31,zepto,jivo-kachi-ghani-mustard-cold-pressed-oil-healthy-cooking-oil-1l,Delhi,110091,149,255,41.6,1
2026-05-31-1600,2026-05-31,zepto,jivo-kachi-ghani-mustard-cold-pressed-oil-healthy-cooking-oil-1l,Delhi,110092,149,255,41.6,1
2026-05-31-1600,2026-05-31,zepto,jivo-kachi-ghani-mustard-cold-pressed-oil-healthy-cooking-oil-1l,Delhi,110095,149,255,41.6,1
2026-05-31-1600,2026-05-31,zepto,jivo-kachi-ghani-mustard-cold-pressed-oil-healthy-cooking-oil-1l,Faridabad,121001,149,255,41.6,1
2026-05-31-1600,2026-05-31,zepto,jivo-kachi-ghani-mustard-cold-pressed-oil-healthy-cooking-oil-1l,Faridabad,121011,149,255,41.6,1
2026-05-31-1600,2026-05-31,zepto,jivo-kachi-ghani-mustard-cold-pressed-oil-healthy-cooking-oil-1l,Gurgaon,122004,149,255,41.6,1
2026-05-31-1600,2026-05-31,zepto,jivo-kachi-ghani-mustard-cold-pressed-oil-healthy-cooking-oil-1l,Gurgaon,122006,149,255,41.6,1
2026-05-31-1600,2026-05-31,zepto,jivo-kachi-ghani-mustard-cold-pressed-oil-healthy-cooking-oil-1l,Gurgaon,122010,149,255,41.6,1
2026-05-31-1600,2026-05-31,zepto,jivo-kachi-ghani-mustard-cold-pressed-oil-healthy-cooking-oil-1l,Gurgaon,122051,149,255,41.6,1
2026-05-31-1600,2026-05-31,zepto,jivo-kachi-ghani-mustard-cold-pressed-oil-healthy-cooking-oil-1l,Gurgaon,122101,149,255,41.6,1
2026-05-31-1600,2026-05-31,zepto,jivo-kachi-ghani-mustard-cold-pressed-oil-healthy-cooking-oil-1l,Ludhiana,141015,149,255,41.6,1
2026-05-31-1600,2026-05-31,zepto,jivo-kachi-ghani-mustard-cold-pressed-oil-healthy-cooking-oil-1l,Ludhiana,142022,186,255,27.1,1
2026-05-31-1600,2026-05-31,zepto,jivo-kachi-ghani-mustard-cold-pressed-oil-healthy-cooking-oil-1l,Ludhiana,142036,149,255,41.6,1
2026-05-31-1600,2026-05-31,zepto,jivo-kachi-ghani-mustard-cold-pressed-oil-healthy-cooking-oil-1l,Chandigarh,160011,149,255,41.6,1
2026-05-31-1600,2026-05-31,zepto,jivo-kachi-ghani-mustard-cold-pressed-oil-healthy-cooking-oil-1l,Chandigarh,160021,149,255,41.6,1
2026-05-31-1600,2026-05-31,zepto,jivo-kachi-ghani-mustard-cold-pressed-oil-healthy-cooking-oil-1l,Chandigarh,160035,149,255,41.6,1
2026-05-31-1600,2026-05-31,zepto,jivo-kachi-ghani-mustard-cold-pressed-oil-healthy-cooking-oil-1l,Chandigarh,160043,149,255,41.6,1
2026-05-31-1600,2026-05-31,zepto,jivo-kachi-ghani-mustard-cold-pressed-oil-healthy-cooking-oil-1l,Ghaziabad,201003,149,255,41.6,1
2026-05-31-1600,2026-05-31,zepto,jivo-kachi-ghani-mustard-cold-pressed-oil-healthy-cooking-oil-1l,Ghaziabad,201005,149,255,41.6,1
2026-05-31-1600,2026-05-31,zepto,jivo-kachi-ghani-mustard-cold-pressed-oil-healthy-cooking-oil-1l,Ghaziabad,201009,149,255,41.6,1
2026-05-31-1600,2026-05-31,zepto,jivo-kachi-ghani-mustard-cold-pressed-oil-healthy-cooking-oil-1l,Noida,201306,149,255,41.6,1
2026-05-31-1600,2026-05-31,zepto,jivo-kachi-ghani-mustard-cold-pressed-oil-healthy-cooking-oil-1l,Noida,201307,149,255,41.6,1
2026-05-31-1600,2026-05-31,zepto,jivo-kachi-ghani-mustard-cold-pressed-oil-healthy-cooking-oil-1l,Noida,201309,149,255,41.6,1
2026-05-31-1600,2026-05-31,zepto,jivo-kachi-ghani-mustard-cold-pressed-oil-healthy-cooking-oil-1l,Noida,201310,149,255,41.6,1
2026-05-31-1600,2026-05-31,zepto,jivo-kachi-ghani-mustard-cold-pressed-oil-healthy-cooking-oil-1l,Mumbai,400005,149,255,41.6,1
2026-05-31-1600,2026-05-31,zepto,jivo-kachi-ghani-mustard-cold-pressed-oil-healthy-cooking-oil-1l,Mumbai,400006,149,255,41.6,1
2026-05-31-1600,2026-05-31,zepto,jivo-kachi-ghani-mustard-cold-pressed-oil-healthy-cooking-oil-1l,Mumbai,400011,149,255,41.6,1
2026-05-31-1600,2026-05-31,zepto,jivo-kachi-ghani-mustard-cold-pressed-oil-healthy-cooking-oil-1l,Mumbai,400012,149,255,41.6,1
2026-05-31-1600,2026-05-31,zepto,jivo-kachi-ghani-mustard-cold-pressed-oil-healthy-cooking-oil-1l,Mumbai,400018,149,255,41.6,1
2026-05-31-1600,2026-05-31,zepto,jivo-kachi-ghani-mustard-cold-pressed-oil-healthy-cooking-oil-1l,Mumbai,400020,149,255,41.6,1
2026-05-31-1600,2026-05-31,zepto,jivo-kachi-ghani-mustard-cold-pressed-oil-healthy-cooking-oil-1l,Mumbai,400025,149,255,41.6,1
2026-05-31-1600,2026-05-31,zepto,jivo-kachi-ghani-mustard-cold-pressed-oil-healthy-cooking-oil-1l,Mumbai,400033,149,255,41.6,1
2026-05-31-1600,2026-05-31,zepto,jivo-kachi-ghani-mustard-cold-pressed-oil-healthy-cooking-oil-1l,Mumbai,400601,149,255,41.6,1
2026-05-31-1600,2026-05-31,zepto,jivo-kachi-ghani-mustard-cold-pressed-oil-healthy-cooking-oil-1l,Mumbai,400703,149,255,41.6,1
2026-05-31-1600,2026-05-31,zepto,jivo-kachi-ghani-mustard-cold-pressed-oil-healthy-cooking-oil-1l,Bengaluru,560014,149,255,41.6,1
2026-05-31-1600,2026-05-31,zepto,jivo-kachi-ghani-mustard-cold-pressed-oil-healthy-cooking-oil-1l,Bengaluru,560019,149,255,41.6,1
2026-05-31-1600,2026-05-31,zepto,jivo-kachi-ghani-mustard-cold-pressed-oil-healthy-cooking-oil-1l,Bengaluru,560028,149,255,41.6,1
2026-05-31-1600,2026-05-31,zepto,jivo-kachi-ghani-mustard-cold-pressed-oil-healthy-cooking-oil-1l,Bengaluru,560039,149,255,41.6,1
2026-05-31-1600,2026-05-31,zepto,jivo-kachi-ghani-mustard-cold-pressed-oil-healthy-cooking-oil-1l,Bengaluru,560069,149,255,41.6,1
2026-05-31-1600,2026-05-31,zepto,jivo-kachi-ghani-mustard-cold-pressed-oil-healthy-cooking-oil-1l,Mysuru,570016,149,255,41.6,0
2026-05-31-1600,2026-05-31,zepto,jivo-kachi-ghani-mustard-cold-pressed-oil-healthy-cooking-oil-1l,Mysuru,570026,149,255,41.6,1
2026-05-31-1600,2026-05-31,zepto,jivo-pomace-olive-oil-1l,Delhi,110004,379,1049,63.9,1
2026-05-31-1600,2026-05-31,zepto,jivo-pomace-olive-oil-1l,Delhi,110006,379,1049,63.9,1
2026-05-31-1600,2026-05-31,zepto,jivo-pomace-olive-oil-1l,Delhi,110007,379,1049,63.9,1
2026-05-31-1600,2026-05-31,zepto,jivo-pomace-olive-oil-1l,Delhi,110008,379,1049,63.9,1
2026-05-31-1600,2026-05-31,zepto,jivo-pomace-olive-oil-1l,Delhi,110009,379,1049,63.9,1
2026-05-31-1600,2026-05-31,zepto,jivo-pomace-olive-oil-1l,Delhi,110010,379,1049,63.9,1
2026-05-31-1600,2026-05-31,zepto,jivo-pomace-olive-oil-1l,Delhi,110013,379,1049,63.9,1
2026-05-31-1600,2026-05-31,zepto,jivo-pomace-olive-oil-1l,Delhi,110014,379,1049,63.9,1
2026-05-31-1600,2026-05-31,zepto,jivo-pomace-olive-oil-1l,Delhi,110015,379,1049,63.9,1
2026-05-31-1600,2026-05-31,zepto,jivo-pomace-olive-oil-1l,Delhi,110017,379,1049,63.9,1
2026-05-31-1600,2026-05-31,zepto,jivo-pomace-olive-oil-1l,Delhi,110018,379,1049,63.9,1
2026-05-31-1600,2026-05-31,zepto,jivo-pomace-olive-oil-1l,Delhi,110021,379,1049,63.9,1
2026-05-31-1600,2026-05-31,zepto,jivo-pomace-olive-oil-1l,Delhi,110025,379,1049,63.9,1
2026-05-31-1600,2026-05-31,zepto,jivo-pomace-olive-oil-1l,Delhi,110031,379,1049,63.9,1
2026-05-31-1600,2026-05-31,zepto,jivo-pomace-olive-oil-1l,Delhi,110032,379,1049,63.9,1
2026-05-31-1600,2026-05-31,zepto,jivo-pomace-olive-oil-1l,Delhi,110035,379,1049,63.9,1
2026-05-31-1600,2026-05-31,zepto,jivo-pomace-olive-oil-1l,Delhi,110040,379,1049,63.9,1
2026-05-31-1600,2026-05-31,zepto,jivo-pomace-olive-oil-1l,Delhi,110042,379,1049,63.9,1
2026-05-31-1600,2026-05-31,zepto,jivo-pomace-olive-oil-1l,Delhi,110046,379,1049,63.9,1
2026-05-31-1600,2026-05-31,zepto,jivo-pomace-olive-oil-1l,Delhi,110048,379,1049,63.9,1
2026-05-31-1600,2026-05-31,zepto,jivo-pomace-olive-oil-1l,Delhi,110051,379,1049,63.9,1
2026-05-31-1600,2026-05-31,zepto,jivo-pomace-olive-oil-1l,Delhi,110053,379,1049,63.9,1
2026-05-31-1600,2026-05-31,zepto,jivo-pomace-olive-oil-1l,Delhi,110062,379,1049,63.9,1
2026-05-31-1600,2026-05-31,zepto,jivo-pomace-olive-oil-1l,Delhi,110065,379,1049,63.9,1
2026-05-31-1600,2026-05-31,zepto,jivo-pomace-olive-oil-1l,Delhi,110067,379,1049,63.9,1
2026-05-31-1600,2026-05-31,zepto,jivo-pomace-olive-oil-1l,Delhi,110084,379,1049,63.9,1
2026-05-31-1600,2026-05-31,zepto,jivo-pomace-olive-oil-1l,Delhi,110085,379,1049,63.9,1
2026-05-31-1600,2026-05-31,zepto,jivo-pomace-olive-oil-1l,Delhi,110090,379,1049,63.9,1
2026-05-31-1600,2026-05-31,zepto,jivo-pomace-olive-oil-1l,Delhi,110091,379,1049,63.9,1
2026-05-31-1600,2026-05-31,zepto,jivo-pomace-olive-oil-1l,Delhi,110092,379,1049,63.9,1
2026-05-31-1600,2026-05-31,zepto,jivo-pomace-olive-oil-1l,Delhi,110095,379,1049,63.9,1
2026-05-31-1600,2026-05-31,zepto,jivo-pomace-olive-oil-1l,Faridabad,121001,379,1049,63.9,1
2026-05-31-1600,2026-05-31,zepto,jivo-pomace-olive-oil-1l,Faridabad,121011,379,1049,63.9,1
2026-05-31-1600,2026-05-31,zepto,jivo-pomace-olive-oil-1l,Gurgaon,122004,379,1049,63.9,1
2026-05-31-1600,2026-05-31,zepto,jivo-pomace-olive-oil-1l,Gurgaon,122006,379,1049,63.9,1
2026-05-31-1600,2026-05-31,zepto,jivo-pomace-olive-oil-1l,Gurgaon,122010,379,1049,63.9,1
2026-05-31-1600,2026-05-31,zepto,jivo-pomace-olive-oil-1l,Gurgaon,122051,379,1049,63.9,1
2026-05-31-1600,2026-05-31,zepto,jivo-pomace-olive-oil-1l,Gurgaon,122101,379,1049,63.9,1
2026-05-31-1600,2026-05-31,zepto,jivo-pomace-olive-oil-1l,Ludhiana,142022,379,1049,63.9,1
2026-05-31-1600,2026-05-31,zepto,jivo-pomace-olive-oil-1l,Ghaziabad,201003,379,1049,63.9,1
2026-05-31-1600,2026-05-31,zepto,jivo-pomace-olive-oil-1l,Ghaziabad,201009,379,1049,63.9,1
2026-05-31-1600,2026-05-31,zepto,jivo-pomace-olive-oil-1l,Noida,201306,379,1049,63.9,1
2026-05-31-1600,2026-05-31,zepto,jivo-pomace-olive-oil-1l,Noida,201307,379,1049,63.9,1
2026-05-31-1600,2026-05-31,zepto,jivo-pomace-olive-oil-1l,Noida,201309,379,1049,63.9,1
2026-05-31-1600,2026-05-31,zepto,jivo-pomace-olive-oil-1l,Noida,201310,379,1049,63.9,1
2026-05-31-1600,2026-05-31,zepto,jivo-pomace-olive-oil-1l,Mumbai,400003,379,1049,63.9,1
2026-05-31-1600,2026-05-31,zepto,jivo-pomace-olive-oil-1l,Mumbai,400005,379,1049,63.9,1
2026-05-31-1600,2026-05-31,zepto,jivo-pomace-olive-oil-1l,Mumbai,400006,379,1049,63.9,1
2026-05-31-1600,2026-05-31,zepto,jivo-pomace-olive-oil-1l,Mumbai,400007,379,1049,63.9,1
2026-05-31-1600,2026-05-31,zepto,jivo-pomace-olive-oil-1l,Mumbai,400010,379,1049,63.9,1
2026-05-31-1600,2026-05-31,zepto,jivo-pomace-olive-oil-1l,Mumbai,400011,379,1049,63.9,1
2026-05-31-1600,2026-05-31,zepto,jivo-pomace-olive-oil-1l,Mumbai,400012,379,1049,63.9,1
2026-05-31-1600,2026-05-31,zepto,jivo-pomace-olive-oil-1l,Mumbai,400013,379,1049,63.9,1
2026-05-31-1600,2026-05-31,zepto,jivo-pomace-olive-oil-1l,Mumbai,400015,379,1049,63.9,1
2026-05-31-1600,2026-05-31,zepto,jivo-pomace-olive-oil-1l,Mumbai,400018,379,1049,63.9,1
2026-05-31-1600,2026-05-31,zepto,jivo-pomace-olive-oil-1l,Mumbai,400019,379,1049,63.9,1
2026-05-31-1600,2026-05-31,zepto,jivo-pomace-olive-oil-1l,Mumbai,400020,379,1049,63.9,1
2026-05-31-1600,2026-05-31,zepto,jivo-pomace-olive-oil-1l,Mumbai,400021,379,1049,63.9,1
2026-05-31-1600,2026-05-31,zepto,jivo-pomace-olive-oil-1l,Mumbai,400023,379,1049,63.9,1
2026-05-31-1600,2026-05-31,zepto,jivo-pomace-olive-oil-1l,Mumbai,400025,379,1049,63.9,1
2026-05-31-1600,2026-05-31,zepto,jivo-pomace-olive-oil-1l,Mumbai,400030,379,1049,63.9,1
2026-05-31-1600,2026-05-31,zepto,jivo-pomace-olive-oil-1l,Mumbai,400033,379,1049,63.9,1
2026-05-31-1600,2026-05-31,zepto,jivo-pomace-olive-oil-1l,Mumbai,400041,379,1049,63.9,1
2026-05-31-1600,2026-05-31,zepto,jivo-pomace-olive-oil-1l,Mumbai,400601,379,1049,63.9,1
2026-05-31-1600,2026-05-31,zepto,jivo-pomace-olive-oil-1l,Pune,411004,379,1049,63.9,1
2026-05-31-1600,2026-05-31,zepto,jivo-pomace-olive-oil-1l,Pune,411012,379,1049,63.9,1
2026-05-31-1600,2026-05-31,zepto,jivo-pomace-olive-oil-1l,Pune,411021,379,1049,63.9,1
2026-05-31-1600,2026-05-31,zepto,jivo-pomace-olive-oil-1l,Pune,411028,379,1049,63.9,1
2026-05-31-1600,2026-05-31,zepto,jivo-pomace-olive-oil-1l,Pune,411036,379,1049,63.9,1
2026-05-31-1600,2026-05-31,zepto,jivo-pomace-olive-oil-1l,Pune,411045,379,1049,63.9,1
2026-05-31-1600,2026-05-31,zepto,jivo-pomace-olive-oil-1l,Pune,411047,379,1049,63.9,1
2026-05-31-1600,2026-05-31,zepto,jivo-pomace-olive-oil-1l,Pune,411051,379,1049,63.9,1
2026-05-31-1600,2026-05-31,zepto,jivo-pomace-olive-oil-1l,Bengaluru,560014,379,1049,63.9,1
2026-05-31-1600,2026-05-31,zepto,jivo-pomace-olive-oil-1l,Bengaluru,560019,379,1049,63.9,1
2026-05-31-1600,2026-05-31,zepto,jivo-pomace-olive-oil-1l,Bengaluru,560028,379,1049,63.9,1
2026-05-31-1600,2026-05-31,zepto,jivo-pomace-olive-oil-1l,Bengaluru,560069,379,1049,63.9,1
2026-05-31-1600,2026-05-31,zepto,jivo-pomace-olive-oil-combo-1l,Delhi,110004,758,2098,63.9,1
2026-05-31-1600,2026-05-31,zepto,jivo-pomace-olive-oil-combo-1l,Delhi,110007,758,2098,63.9,1
2026-05-31-1600,2026-05-31,zepto,jivo-pomace-olive-oil-combo-1l,Delhi,110013,758,2098,63.9,1
2026-05-31-1600,2026-05-31,zepto,jivo-pomace-olive-oil-combo-1l,Delhi,110015,758,2098,63.9,1
2026-05-31-1600,2026-05-31,zepto,jivo-pomace-olive-oil-combo-1l,Delhi,110021,758,2098,63.9,1
2026-05-31-1600,2026-05-31,zepto,jivo-pomace-olive-oil-combo-1l,Delhi,110025,758,2098,63.9,1
2026-05-31-1600,2026-05-31,zepto,jivo-pomace-olive-oil-combo-1l,Delhi,110031,758,2098,63.9,1
2026-05-31-1600,2026-05-31,zepto,jivo-pomace-olive-oil-combo-1l,Delhi,110032,758,2098,63.9,1
2026-05-31-1600,2026-05-31,zepto,jivo-pomace-olive-oil-combo-1l,Delhi,110048,758,2098,63.9,1
2026-05-31-1600,2026-05-31,zepto,jivo-pomace-olive-oil-combo-1l,Delhi,110053,758,2098,63.9,1
2026-05-31-1600,2026-05-31,zepto,jivo-pomace-olive-oil-combo-1l,Delhi,110065,758,2098,63.9,1
2026-05-31-1600,2026-05-31,zepto,jivo-pomace-olive-oil-combo-1l,Delhi,110067,758,2098,63.9,1
2026-05-31-1600,2026-05-31,zepto,jivo-pomace-olive-oil-combo-1l,Delhi,110091,758,2098,63.9,1
2026-05-31-1600,2026-05-31,zepto,jivo-pomace-olive-oil-combo-1l,Delhi,110095,758,2098,63.9,1
2026-05-31-1600,2026-05-31,zepto,jivo-pomace-olive-oil-combo-1l,Faridabad,121001,758,2098,63.9,1
2026-05-31-1600,2026-05-31,zepto,jivo-pomace-olive-oil-combo-1l,Gurgaon,122004,758,2098,63.9,1
2026-05-31-1600,2026-05-31,zepto,jivo-pomace-olive-oil-combo-1l,Gurgaon,122006,758,2098,63.9,1
2026-05-31-1600,2026-05-31,zepto,jivo-pomace-olive-oil-combo-1l,Gurgaon,122010,758,2098,63.9,1
2026-05-31-1600,2026-05-31,zepto,jivo-pomace-olive-oil-combo-1l,Ghaziabad,201003,758,2098,63.9,1
2026-05-31-1600,2026-05-31,zepto,jivo-pomace-olive-oil-combo-1l,Mumbai,400003,758,2098,63.9,1
2026-05-31-1600,2026-05-31,zepto,jivo-pomace-olive-oil-combo-1l,Mumbai,400005,758,2098,63.9,1
2026-05-31-1600,2026-05-31,zepto,jivo-pomace-olive-oil-combo-1l,Mumbai,400006,758,2098,63.9,1
2026-05-31-1600,2026-05-31,zepto,jivo-pomace-olive-oil-combo-1l,Mumbai,400010,758,2098,63.9,1
2026-05-31-1600,2026-05-31,zepto,jivo-pomace-olive-oil-combo-1l,Mumbai,400011,758,2098,63.9,1
2026-05-31-1600,2026-05-31,zepto,jivo-pomace-olive-oil-combo-1l,Mumbai,400012,758,2098,63.9,1
2026-05-31-1600,2026-05-31,zepto,jivo-pomace-olive-oil-combo-1l,Mumbai,400013,758,2098,63.9,1
2026-05-31-1600,2026-05-31,zepto,jivo-pomace-olive-oil-combo-1l,Mumbai,400015,758,2098,63.9,1
2026-05-31-1600,2026-05-31,zepto,jivo-pomace-olive-oil-combo-1l,Mumbai,400019,758,2098,63.9,1
2026-05-31-1600,2026-05-31,zepto,jivo-pomace-olive-oil-combo-1l,Mumbai,400020,758,2098,63.9,1
2026-05-31-1600,2026-05-31,zepto,jivo-pomace-olive-oil-combo-1l,Mumbai,400021,758,2098,63.9,1
2026-05-31-1600,2026-05-31,zepto,jivo-pomace-olive-oil-combo-1l,Mumbai,400023,758,2098,63.9,1
2026-05-31-1600,2026-05-31,zepto,jivo-pomace-olive-oil-combo-1l,Mumbai,400030,758,2098,63.9,1
2026-05-31-1600,2026-05-31,zepto,jivo-pomace-olive-oil-combo-1l,Mumbai,400033,758,2098,63.9,1
2026-05-31-1600,2026-05-31,zepto,jivo-pomace-olive-oil-combo-1l,Pune,411036,758,2098,63.9,1
2026-05-31-1600,2026-05-31,zepto,jivo-pomace-olive-oil-combo-1l,Pune,411045,758,2098,63.9,1
2026-05-31-1600,2026-05-31,zepto,jivo-pomace-olive-oil-combo-1l,Bengaluru,560069,758,2098,63.9,1
2026-05-31-1600,2026-05-31,zepto,jivo-sunflower-cold-pressed-oil-healthy-cooking-oil-1l,Delhi,110004,230,275,16.4,1
2026-05-31-1600,2026-05-31,zepto,jivo-sunflower-cold-pressed-oil-healthy-cooking-oil-1l,Delhi,110006,230,275,16.4,1
2026-05-31-1600,2026-05-31,zepto,jivo-sunflower-cold-pressed-oil-healthy-cooking-oil-1l,Delhi,110007,230,275,16.4,1
2026-05-31-1600,2026-05-31,zepto,jivo-sunflower-cold-pressed-oil-healthy-cooking-oil-1l,Delhi,110008,230,275,16.4,1
2026-05-31-1600,2026-05-31,zepto,jivo-sunflower-cold-pressed-oil-healthy-cooking-oil-1l,Delhi,110009,230,275,16.4,1
2026-05-31-1600,2026-05-31,zepto,jivo-sunflower-cold-pressed-oil-healthy-cooking-oil-1l,Delhi,110010,230,275,16.4,1
2026-05-31-1600,2026-05-31,zepto,jivo-sunflower-cold-pressed-oil-healthy-cooking-oil-1l,Delhi,110013,230,275,16.4,1
2026-05-31-1600,2026-05-31,zepto,jivo-sunflower-cold-pressed-oil-healthy-cooking-oil-1l,Delhi,110014,230,275,16.4,1
2026-05-31-1600,2026-05-31,zepto,jivo-sunflower-cold-pressed-oil-healthy-cooking-oil-1l,Delhi,110015,230,275,16.4,1
2026-05-31-1600,2026-05-31,zepto,jivo-sunflower-cold-pressed-oil-healthy-cooking-oil-1l,Delhi,110017,230,275,16.4,1
2026-05-31-1600,2026-05-31,zepto,jivo-sunflower-cold-pressed-oil-healthy-cooking-oil-1l,Delhi,110018,230,275,16.4,1
2026-05-31-1600,2026-05-31,zepto,jivo-sunflower-cold-pressed-oil-healthy-cooking-oil-1l,Delhi,110021,230,275,16.4,1
2026-05-31-1600,2026-05-31,zepto,jivo-sunflower-cold-pressed-oil-healthy-cooking-oil-1l,Delhi,110024,230,275,16.4,1
2026-05-31-1600,2026-05-31,zepto,jivo-sunflower-cold-pressed-oil-healthy-cooking-oil-1l,Delhi,110025,230,275,16.4,1
2026-05-31-1600,2026-05-31,zepto,jivo-sunflower-cold-pressed-oil-healthy-cooking-oil-1l,Delhi,110026,230,275,16.4,1
2026-05-31-1600,2026-05-31,zepto,jivo-sunflower-cold-pressed-oil-healthy-cooking-oil-1l,Delhi,110031,230,275,16.4,1
2026-05-31-1600,2026-05-31,zepto,jivo-sunflower-cold-pressed-oil-healthy-cooking-oil-1l,Delhi,110032,230,275,16.4,1
2026-05-31-1600,2026-05-31,zepto,jivo-sunflower-cold-pressed-oil-healthy-cooking-oil-1l,Delhi,110033,230,275,16.4,1
2026-05-31-1600,2026-05-31,zepto,jivo-sunflower-cold-pressed-oil-healthy-cooking-oil-1l,Delhi,110035,230,275,16.4,1
2026-05-31-1600,2026-05-31,zepto,jivo-sunflower-cold-pressed-oil-healthy-cooking-oil-1l,Delhi,110040,230,275,16.4,1
2026-05-31-1600,2026-05-31,zepto,jivo-sunflower-cold-pressed-oil-healthy-cooking-oil-1l,Delhi,110042,230,275,16.4,1
2026-05-31-1600,2026-05-31,zepto,jivo-sunflower-cold-pressed-oil-healthy-cooking-oil-1l,Delhi,110046,230,275,16.4,1
2026-05-31-1600,2026-05-31,zepto,jivo-sunflower-cold-pressed-oil-healthy-cooking-oil-1l,Delhi,110048,230,275,16.4,1
2026-05-31-1600,2026-05-31,zepto,jivo-sunflower-cold-pressed-oil-healthy-cooking-oil-1l,Delhi,110051,230,275,16.4,1
2026-05-31-1600,2026-05-31,zepto,jivo-sunflower-cold-pressed-oil-healthy-cooking-oil-1l,Delhi,110053,230,275,16.4,1
2026-05-31-1600,2026-05-31,zepto,jivo-sunflower-cold-pressed-oil-healthy-cooking-oil-1l,Delhi,110062,230,275,16.4,1
2026-05-31-1600,2026-05-31,zepto,jivo-sunflower-cold-pressed-oil-healthy-cooking-oil-1l,Delhi,110065,230,275,16.4,1
2026-05-31-1600,2026-05-31,zepto,jivo-sunflower-cold-pressed-oil-healthy-cooking-oil-1l,Delhi,110067,230,275,16.4,1
2026-05-31-1600,2026-05-31,zepto,jivo-sunflower-cold-pressed-oil-healthy-cooking-oil-1l,Delhi,110076,230,275,16.4,1
2026-05-31-1600,2026-05-31,zepto,jivo-sunflower-cold-pressed-oil-healthy-cooking-oil-1l,Delhi,110084,230,275,16.4,1
2026-05-31-1600,2026-05-31,zepto,jivo-sunflower-cold-pressed-oil-healthy-cooking-oil-1l,Delhi,110085,230,275,16.4,1
2026-05-31-1600,2026-05-31,zepto,jivo-sunflower-cold-pressed-oil-healthy-cooking-oil-1l,Delhi,110088,219,275,20.4,1
2026-05-31-1600,2026-05-31,zepto,jivo-sunflower-cold-pressed-oil-healthy-cooking-oil-1l,Delhi,110090,230,275,16.4,1
2026-05-31-1600,2026-05-31,zepto,jivo-sunflower-cold-pressed-oil-healthy-cooking-oil-1l,Delhi,110091,230,275,16.4,1
2026-05-31-1600,2026-05-31,zepto,jivo-sunflower-cold-pressed-oil-healthy-cooking-oil-1l,Delhi,110092,230,275,16.4,1
2026-05-31-1600,2026-05-31,zepto,jivo-sunflower-cold-pressed-oil-healthy-cooking-oil-1l,Delhi,110095,230,275,16.4,1
2026-05-31-1600,2026-05-31,zepto,jivo-sunflower-cold-pressed-oil-healthy-cooking-oil-1l,Faridabad,121001,230,275,16.4,1
2026-05-31-1600,2026-05-31,zepto,jivo-sunflower-cold-pressed-oil-healthy-cooking-oil-1l,Gurgaon,122004,230,275,16.4,1
2026-05-31-1600,2026-05-31,zepto,jivo-sunflower-cold-pressed-oil-healthy-cooking-oil-1l,Gurgaon,122006,230,275,16.4,1
2026-05-31-1600,2026-05-31,zepto,jivo-sunflower-cold-pressed-oil-healthy-cooking-oil-1l,Gurgaon,122010,230,275,16.4,1
2026-05-31-1600,2026-05-31,zepto,jivo-sunflower-cold-pressed-oil-healthy-cooking-oil-1l,Gurgaon,122051,230,275,16.4,1
2026-05-31-1600,2026-05-31,zepto,jivo-sunflower-cold-pressed-oil-healthy-cooking-oil-1l,Gurgaon,122101,230,275,16.4,1
2026-05-31-1600,2026-05-31,zepto,jivo-sunflower-cold-pressed-oil-healthy-cooking-oil-1l,Ghaziabad,201003,230,275,16.4,1
2026-05-31-1600,2026-05-31,zepto,jivo-sunflower-cold-pressed-oil-healthy-cooking-oil-1l,Ghaziabad,201005,230,275,16.4,1
2026-05-31-1600,2026-05-31,zepto,jivo-sunflower-cold-pressed-oil-healthy-cooking-oil-1l,Ghaziabad,201009,217,275,21.1,1
2026-05-31-1600,2026-05-31,zepto,jivo-sunflower-cold-pressed-oil-healthy-cooking-oil-1l,Noida,201307,230,275,16.4,1
2026-05-31-1600,2026-05-31,zepto,jivo-sunflower-cold-pressed-oil-healthy-cooking-oil-1l,Noida,201309,230,275,16.4,1
2026-05-31-1600,2026-05-31,zepto,jivo-sunflower-cold-pressed-oil-healthy-cooking-oil-1l,Noida,201310,230,275,16.4,1
2026-05-31-1600,2026-05-31,zepto,jivo-sunflower-cold-pressed-oil-healthy-cooking-oil-1l,Mumbai,400005,230,275,16.4,1
2026-05-31-1600,2026-05-31,zepto,jivo-sunflower-cold-pressed-oil-healthy-cooking-oil-1l,Mumbai,400006,230,275,16.4,1
2026-05-31-1600,2026-05-31,zepto,jivo-sunflower-cold-pressed-oil-healthy-cooking-oil-1l,Mumbai,400007,230,275,16.4,1
2026-05-31-1600,2026-05-31,zepto,jivo-sunflower-cold-pressed-oil-healthy-cooking-oil-1l,Mumbai,400010,230,275,16.4,1
2026-05-31-1600,2026-05-31,zepto,jivo-sunflower-cold-pressed-oil-healthy-cooking-oil-1l,Mumbai,400011,230,275,16.4,1
2026-05-31-1600,2026-05-31,zepto,jivo-sunflower-cold-pressed-oil-healthy-cooking-oil-1l,Mumbai,400012,230,275,16.4,1
2026-05-31-1600,2026-05-31,zepto,jivo-sunflower-cold-pressed-oil-healthy-cooking-oil-1l,Mumbai,400017,207,275,24.7,1
2026-05-31-1600,2026-05-31,zepto,jivo-sunflower-cold-pressed-oil-healthy-cooking-oil-1l,Mumbai,400018,230,275,16.4,1
2026-05-31-1600,2026-05-31,zepto,jivo-sunflower-cold-pressed-oil-healthy-cooking-oil-1l,Mumbai,400020,230,275,16.4,1
2026-05-31-1600,2026-05-31,zepto,jivo-sunflower-cold-pressed-oil-healthy-cooking-oil-1l,Mumbai,400025,230,275,16.4,1
2026-05-31-1600,2026-05-31,zepto,jivo-sunflower-cold-pressed-oil-healthy-cooking-oil-1l,Mumbai,400033,230,275,16.4,1
2026-05-31-1600,2026-05-31,zepto,jivo-sunflower-cold-pressed-oil-healthy-cooking-oil-1l,Mumbai,400090,230,275,16.4,1
2026-05-31-1600,2026-05-31,zepto,jivo-sunflower-cold-pressed-oil-healthy-cooking-oil-1l,Mumbai,400601,230,275,16.4,1
2026-05-31-1600,2026-05-31,zepto,jivo-sunflower-cold-pressed-oil-healthy-cooking-oil-1l,Mumbai,400611,230,275,16.4,1
2026-05-31-1600,2026-05-31,zepto,jivo-sunflower-cold-pressed-oil-healthy-cooking-oil-1l,Mumbai,400703,230,275,16.4,1
2026-05-31-1600,2026-05-31,zepto,jivo-sunflower-cold-pressed-oil-healthy-cooking-oil-1l,Bengaluru,560069,230,275,16.4,1
2026-06-01-0900,2026-06-01,zepto,jivo-cold-press-canola-oil-combo-bottle-2l,Delhi,110004,485,750,35.3,1
2026-06-01-0900,2026-06-01,zepto,jivo-cold-press-canola-oil-combo-bottle-2l,Delhi,110006,485,750,35.3,1
2026-06-01-0900,2026-06-01,zepto,jivo-cold-press-canola-oil-combo-bottle-2l,Delhi,110009,485,750,35.3,1
2026-06-01-0900,2026-06-01,zepto,jivo-cold-press-canola-oil-combo-bottle-2l,Delhi,110010,485,750,35.3,1
2026-06-01-0900,2026-06-01,zepto,jivo-cold-press-canola-oil-combo-bottle-2l,Delhi,110013,485,750,35.3,1
2026-06-01-0900,2026-06-01,zepto,jivo-cold-press-canola-oil-combo-bottle-2l,Delhi,110014,485,750,35.3,1
2026-06-01-0900,2026-06-01,zepto,jivo-cold-press-canola-oil-combo-bottle-2l,Delhi,110015,485,750,35.3,1
2026-06-01-0900,2026-06-01,zepto,jivo-cold-press-canola-oil-combo-bottle-2l,Delhi,110017,520,750,30.7,1
2026-06-01-0900,2026-06-01,zepto,jivo-cold-press-canola-oil-combo-bottle-2l,Delhi,110025,485,750,35.3,1
2026-06-01-0900,2026-06-01,zepto,jivo-cold-press-canola-oil-combo-bottle-2l,Delhi,110031,485,750,35.3,1
2026-06-01-0900,2026-06-01,zepto,jivo-cold-press-canola-oil-combo-bottle-2l,Delhi,110032,485,750,35.3,1
2026-06-01-0900,2026-06-01,zepto,jivo-cold-press-canola-oil-combo-bottle-2l,Delhi,110035,520,750,30.7,1
2026-06-01-0900,2026-06-01,zepto,jivo-cold-press-canola-oil-combo-bottle-2l,Delhi,110040,485,750,35.3,1
2026-06-01-0900,2026-06-01,zepto,jivo-cold-press-canola-oil-combo-bottle-2l,Delhi,110042,485,750,35.3,1
2026-06-01-0900,2026-06-01,zepto,jivo-cold-press-canola-oil-combo-bottle-2l,Delhi,110048,485,750,35.3,1
2026-06-01-0900,2026-06-01,zepto,jivo-cold-press-canola-oil-combo-bottle-2l,Delhi,110053,485,750,35.3,1
2026-06-01-0900,2026-06-01,zepto,jivo-cold-press-canola-oil-combo-bottle-2l,Delhi,110062,485,750,35.3,1
2026-06-01-0900,2026-06-01,zepto,jivo-cold-press-canola-oil-combo-bottle-2l,Delhi,110065,485,750,35.3,1
2026-06-01-0900,2026-06-01,zepto,jivo-cold-press-canola-oil-combo-bottle-2l,Delhi,110076,485,750,35.3,1
2026-06-01-0900,2026-06-01,zepto,jivo-cold-press-canola-oil-combo-bottle-2l,Delhi,110085,485,750,35.3,1
2026-06-01-0900,2026-06-01,zepto,jivo-cold-press-canola-oil-combo-bottle-2l,Delhi,110091,485,750,35.3,1
2026-06-01-0900,2026-06-01,zepto,jivo-cold-press-canola-oil-combo-bottle-2l,Delhi,110092,520,750,30.7,1
2026-06-01-0900,2026-06-01,zepto,jivo-cold-press-canola-oil-combo-bottle-2l,Delhi,110095,485,750,35.3,1
2026-06-01-0900,2026-06-01,zepto,jivo-cold-press-canola-oil-combo-bottle-2l,Ludhiana,141015,485,750,35.3,1
2026-06-01-0900,2026-06-01,zepto,jivo-cold-press-canola-oil-combo-bottle-2l,Ludhiana,142036,485,750,35.3,1
2026-06-01-0900,2026-06-01,zepto,jivo-cold-press-canola-oil-combo-bottle-2l,Chandigarh,160011,485,750,35.3,1
2026-06-01-0900,2026-06-01,zepto,jivo-cold-press-canola-oil-combo-bottle-2l,Chandigarh,160021,485,750,35.3,1
2026-06-01-0900,2026-06-01,zepto,jivo-cold-press-canola-oil-combo-bottle-2l,Chandigarh,160035,485,750,35.3,1
2026-06-01-0900,2026-06-01,zepto,jivo-cold-press-canola-oil-combo-bottle-2l,Chandigarh,160043,485,750,35.3,1
2026-06-01-0900,2026-06-01,zepto,jivo-cold-press-canola-oil-combo-bottle-2l,Bengaluru,560069,485,750,35.3,1
2026-06-01-0900,2026-06-01,zepto,jivo-daily-pomace-olive-oil-2l,Bengaluru,560014,941,1449,35.1,1
2026-06-01-0900,2026-06-01,zepto,jivo-extra-light-olive-oil-1l,Delhi,110004,499,1499,66.7,1
2026-06-01-0900,2026-06-01,zepto,jivo-extra-light-olive-oil-1l,Delhi,110006,499,1499,66.7,1
2026-06-01-0900,2026-06-01,zepto,jivo-extra-light-olive-oil-1l,Delhi,110007,499,1499,66.7,1
2026-06-01-0900,2026-06-01,zepto,jivo-extra-light-olive-oil-1l,Delhi,110008,499,1499,66.7,1
2026-06-01-0900,2026-06-01,zepto,jivo-extra-light-olive-oil-1l,Delhi,110009,499,1499,66.7,1
2026-06-01-0900,2026-06-01,zepto,jivo-extra-light-olive-oil-1l,Delhi,110010,499,1499,66.7,1
2026-06-01-0900,2026-06-01,zepto,jivo-extra-light-olive-oil-1l,Delhi,110013,499,1499,66.7,1
2026-06-01-0900,2026-06-01,zepto,jivo-extra-light-olive-oil-1l,Delhi,110014,499,1499,66.7,1
2026-06-01-0900,2026-06-01,zepto,jivo-extra-light-olive-oil-1l,Delhi,110015,499,1499,66.7,1
2026-06-01-0900,2026-06-01,zepto,jivo-extra-light-olive-oil-1l,Delhi,110017,499,1499,66.7,1
2026-06-01-0900,2026-06-01,zepto,jivo-extra-light-olive-oil-1l,Delhi,110018,499,1499,66.7,1
2026-06-01-0900,2026-06-01,zepto,jivo-extra-light-olive-oil-1l,Delhi,110024,499,1499,66.7,1
2026-06-01-0900,2026-06-01,zepto,jivo-extra-light-olive-oil-1l,Delhi,110025,499,1499,66.7,1
2026-06-01-0900,2026-06-01,zepto,jivo-extra-light-olive-oil-1l,Delhi,110026,499,1499,66.7,1
2026-06-01-0900,2026-06-01,zepto,jivo-extra-light-olive-oil-1l,Delhi,110031,499,1499,66.7,1
2026-06-01-0900,2026-06-01,zepto,jivo-extra-light-olive-oil-1l,Delhi,110032,499,1499,66.7,1
2026-06-01-0900,2026-06-01,zepto,jivo-extra-light-olive-oil-1l,Delhi,110033,499,1499,66.7,1
2026-06-01-0900,2026-06-01,zepto,jivo-extra-light-olive-oil-1l,Delhi,110035,499,1499,66.7,1
2026-06-01-0900,2026-06-01,zepto,jivo-extra-light-olive-oil-1l,Delhi,110040,499,1499,66.7,1
2026-06-01-0900,2026-06-01,zepto,jivo-extra-light-olive-oil-1l,Delhi,110042,499,1499,66.7,1
2026-06-01-0900,2026-06-01,zepto,jivo-extra-light-olive-oil-1l,Delhi,110046,499,1499,66.7,1
2026-06-01-0900,2026-06-01,zepto,jivo-extra-light-olive-oil-1l,Delhi,110048,499,1499,66.7,1
2026-06-01-0900,2026-06-01,zepto,jivo-extra-light-olive-oil-1l,Delhi,110051,499,1499,66.7,1
2026-06-01-0900,2026-06-01,zepto,jivo-extra-light-olive-oil-1l,Delhi,110053,499,1499,66.7,1
2026-06-01-0900,2026-06-01,zepto,jivo-extra-light-olive-oil-1l,Delhi,110062,499,1499,66.7,1
2026-06-01-0900,2026-06-01,zepto,jivo-extra-light-olive-oil-1l,Delhi,110065,499,1499,66.7,1
2026-06-01-0900,2026-06-01,zepto,jivo-extra-light-olive-oil-1l,Delhi,110067,499,1499,66.7,1
2026-06-01-0900,2026-06-01,zepto,jivo-extra-light-olive-oil-1l,Delhi,110076,499,1499,66.7,1
2026-06-01-0900,2026-06-01,zepto,jivo-extra-light-olive-oil-1l,Delhi,110084,499,1499,66.7,1
2026-06-01-0900,2026-06-01,zepto,jivo-extra-light-olive-oil-1l,Delhi,110085,499,1499,66.7,1
2026-06-01-0900,2026-06-01,zepto,jivo-extra-light-olive-oil-1l,Delhi,110088,499,1499,66.7,1
2026-06-01-0900,2026-06-01,zepto,jivo-extra-light-olive-oil-1l,Delhi,110090,499,1499,66.7,1
2026-06-01-0900,2026-06-01,zepto,jivo-extra-light-olive-oil-1l,Delhi,110091,499,1499,66.7,1
2026-06-01-0900,2026-06-01,zepto,jivo-extra-light-olive-oil-1l,Delhi,110092,499,1499,66.7,1
2026-06-01-0900,2026-06-01,zepto,jivo-extra-light-olive-oil-1l,Delhi,110095,499,1499,66.7,1
2026-06-01-0900,2026-06-01,zepto,jivo-extra-light-olive-oil-1l,Faridabad,121011,499,1499,66.7,1
2026-06-01-0900,2026-06-01,zepto,jivo-extra-light-olive-oil-1l,Gurgaon,122004,499,1499,66.7,1
2026-06-01-0900,2026-06-01,zepto,jivo-extra-light-olive-oil-1l,Gurgaon,122006,499,1499,66.7,1
2026-06-01-0900,2026-06-01,zepto,jivo-extra-light-olive-oil-1l,Gurgaon,122010,499,1499,66.7,1
2026-06-01-0900,2026-06-01,zepto,jivo-extra-light-olive-oil-1l,Gurgaon,122051,499,1499,66.7,1
2026-06-01-0900,2026-06-01,zepto,jivo-extra-light-olive-oil-1l,Gurgaon,122101,499,1499,66.7,1
2026-06-01-0900,2026-06-01,zepto,jivo-extra-light-olive-oil-1l,Ludhiana,141015,499,1499,66.7,1
2026-06-01-0900,2026-06-01,zepto,jivo-extra-light-olive-oil-1l,Ludhiana,142022,499,1499,66.7,1
2026-06-01-0900,2026-06-01,zepto,jivo-extra-light-olive-oil-1l,Ludhiana,142036,499,1499,66.7,1
2026-06-01-0900,2026-06-01,zepto,jivo-extra-light-olive-oil-1l,Chandigarh,160011,499,1499,66.7,1
2026-06-01-0900,2026-06-01,zepto,jivo-extra-light-olive-oil-1l,Chandigarh,160021,499,1499,66.7,1
2026-06-01-0900,2026-06-01,zepto,jivo-extra-light-olive-oil-1l,Chandigarh,160035,499,1499,66.7,1
2026-06-01-0900,2026-06-01,zepto,jivo-extra-light-olive-oil-1l,Chandigarh,160043,499,1499,66.7,1
2026-06-01-0900,2026-06-01,zepto,jivo-extra-light-olive-oil-1l,Ghaziabad,201003,499,1499,66.7,1
2026-06-01-0900,2026-06-01,zepto,jivo-extra-light-olive-oil-1l,Ghaziabad,201005,499,1499,66.7,1
2026-06-01-0900,2026-06-01,zepto,jivo-extra-light-olive-oil-1l,Ghaziabad,201009,499,1499,66.7,1
2026-06-01-0900,2026-06-01,zepto,jivo-extra-light-olive-oil-1l,Noida,201306,499,1499,66.7,1
2026-06-01-0900,2026-06-01,zepto,jivo-extra-light-olive-oil-1l,Noida,201309,499,1499,66.7,1
2026-06-01-0900,2026-06-01,zepto,jivo-extra-light-olive-oil-1l,Noida,201310,499,1499,66.7,1
2026-06-01-0900,2026-06-01,zepto,jivo-extra-light-olive-oil-1l,Mumbai,400003,499,1499,66.7,1
2026-06-01-0900,2026-06-01,zepto,jivo-extra-light-olive-oil-1l,Mumbai,400005,499,1499,66.7,1
2026-06-01-0900,2026-06-01,zepto,jivo-extra-light-olive-oil-1l,Mumbai,400006,499,1499,66.7,1
2026-06-01-0900,2026-06-01,zepto,jivo-extra-light-olive-oil-1l,Mumbai,400007,499,1499,66.7,1
2026-06-01-0900,2026-06-01,zepto,jivo-extra-light-olive-oil-1l,Mumbai,400010,499,1499,66.7,1
2026-06-01-0900,2026-06-01,zepto,jivo-extra-light-olive-oil-1l,Mumbai,400011,499,1499,66.7,1
2026-06-01-0900,2026-06-01,zepto,jivo-extra-light-olive-oil-1l,Mumbai,400012,499,1499,66.7,1
2026-06-01-0900,2026-06-01,zepto,jivo-extra-light-olive-oil-1l,Mumbai,400013,499,1499,66.7,1
2026-06-01-0900,2026-06-01,zepto,jivo-extra-light-olive-oil-1l,Mumbai,400015,499,1499,66.7,1
2026-06-01-0900,2026-06-01,zepto,jivo-extra-light-olive-oil-1l,Mumbai,400017,499,1499,66.7,1
2026-06-01-0900,2026-06-01,zepto,jivo-extra-light-olive-oil-1l,Mumbai,400018,499,1499,66.7,1
2026-06-01-0900,2026-06-01,zepto,jivo-extra-light-olive-oil-1l,Mumbai,400019,499,1499,66.7,1
2026-06-01-0900,2026-06-01,zepto,jivo-extra-light-olive-oil-1l,Mumbai,400020,499,1499,66.7,1
2026-06-01-0900,2026-06-01,zepto,jivo-extra-light-olive-oil-1l,Mumbai,400021,499,1499,66.7,1
2026-06-01-0900,2026-06-01,zepto,jivo-extra-light-olive-oil-1l,Mumbai,400023,499,1499,66.7,1
2026-06-01-0900,2026-06-01,zepto,jivo-extra-light-olive-oil-1l,Mumbai,400025,499,1499,66.7,1
2026-06-01-0900,2026-06-01,zepto,jivo-extra-light-olive-oil-1l,Mumbai,400030,499,1499,66.7,1
2026-06-01-0900,2026-06-01,zepto,jivo-extra-light-olive-oil-1l,Mumbai,400033,499,1499,66.7,1
2026-06-01-0900,2026-06-01,zepto,jivo-extra-light-olive-oil-1l,Mumbai,400041,499,1499,66.7,1
2026-06-01-0900,2026-06-01,zepto,jivo-extra-light-olive-oil-1l,Mumbai,400090,499,1499,66.7,1
2026-06-01-0900,2026-06-01,zepto,jivo-extra-light-olive-oil-1l,Mumbai,400601,499,1499,66.7,1
2026-06-01-0900,2026-06-01,zepto,jivo-extra-light-olive-oil-1l,Mumbai,400611,499,1499,66.7,1
2026-06-01-0900,2026-06-01,zepto,jivo-extra-light-olive-oil-1l,Mumbai,400703,499,1499,66.7,1
2026-06-01-0900,2026-06-01,zepto,jivo-extra-light-olive-oil-1l,Pune,410506,719,1499,52,1
2026-06-01-0900,2026-06-01,zepto,jivo-extra-light-olive-oil-1l,Pune,411004,499,1499,66.7,1
2026-06-01-0900,2026-06-01,zepto,jivo-extra-light-olive-oil-1l,Pune,411006,499,1499,66.7,1
2026-06-01-0900,2026-06-01,zepto,jivo-extra-light-olive-oil-1l,Pune,411011,499,1499,66.7,1
2026-06-01-0900,2026-06-01,zepto,jivo-extra-light-olive-oil-1l,Pune,411012,499,1499,66.7,1
2026-06-01-0900,2026-06-01,zepto,jivo-extra-light-olive-oil-1l,Pune,411014,499,1499,66.7,1
2026-06-01-0900,2026-06-01,zepto,jivo-extra-light-olive-oil-1l,Pune,411015,499,1499,66.7,1
2026-06-01-0900,2026-06-01,zepto,jivo-extra-light-olive-oil-1l,Pune,411021,499,1499,66.7,1
2026-06-01-0900,2026-06-01,zepto,jivo-extra-light-olive-oil-1l,Pune,411028,499,1499,66.7,1
2026-06-01-0900,2026-06-01,zepto,jivo-extra-light-olive-oil-1l,Pune,411036,499,1499,66.7,1
2026-06-01-0900,2026-06-01,zepto,jivo-extra-light-olive-oil-1l,Pune,411045,499,1499,66.7,1
2026-06-01-0900,2026-06-01,zepto,jivo-extra-light-olive-oil-1l,Pune,411047,499,1499,66.7,1
2026-06-01-0900,2026-06-01,zepto,jivo-extra-light-olive-oil-1l,Pune,411051,499,1499,66.7,1
2026-06-01-0900,2026-06-01,zepto,jivo-extra-light-olive-oil-1l,Bengaluru,560014,499,1499,66.7,1
2026-06-01-0900,2026-06-01,zepto,jivo-extra-light-olive-oil-1l,Bengaluru,560069,499,1499,66.7,1
2026-06-01-0900,2026-06-01,zepto,jivo-extra-light-olive-oil-2l,Delhi,110010,1504,2799,46.3,1
2026-06-01-0900,2026-06-01,zepto,jivo-extra-light-olive-oil-2l,Delhi,110014,1504,2799,46.3,1
2026-06-01-0900,2026-06-01,zepto,jivo-extra-light-olive-oil-2l,Delhi,110031,1504,2799,46.3,1
2026-06-01-0900,2026-06-01,zepto,jivo-extra-light-olive-oil-2l,Delhi,110040,1504,2799,46.3,1
2026-06-01-0900,2026-06-01,zepto,jivo-extra-light-olive-oil-2l,Delhi,110042,1504,2799,46.3,1
2026-06-01-0900,2026-06-01,zepto,jivo-extra-light-olive-oil-2l,Delhi,110062,1504,2799,46.3,1
2026-06-01-0900,2026-06-01,zepto,jivo-extra-light-olive-oil-2l,Delhi,110067,1504,2799,46.3,1
2026-06-01-0900,2026-06-01,zepto,jivo-extra-light-olive-oil-2l,Delhi,110084,1504,2799,46.3,1
2026-06-01-0900,2026-06-01,zepto,jivo-extra-light-olive-oil-2l,Delhi,110088,1174,2799,58.1,1
2026-06-01-0900,2026-06-01,zepto,jivo-extra-light-olive-oil-2l,Delhi,110090,1504,2799,46.3,1
2026-06-01-0900,2026-06-01,zepto,jivo-extra-light-olive-oil-2l,Gurgaon,122051,1504,2799,46.3,1
2026-06-01-0900,2026-06-01,zepto,jivo-extra-light-olive-oil-2l,Gurgaon,122101,1504,2799,46.3,1
2026-06-01-0900,2026-06-01,zepto,jivo-extra-light-olive-oil-2l,Ghaziabad,201003,1504,2799,46.3,1
2026-06-01-0900,2026-06-01,zepto,jivo-extra-light-olive-oil-2l,Ghaziabad,201009,1177,2799,57.9,1
2026-06-01-0900,2026-06-01,zepto,jivo-extra-light-olive-oil-2l,Noida,201309,1504,2799,46.3,1
2026-06-01-0900,2026-06-01,zepto,jivo-extra-light-olive-oil-2l,Noida,201310,1504,2799,46.3,1
2026-06-01-0900,2026-06-01,zepto,jivo-extra-light-olive-oil-2l,Mumbai,400005,1505,2799,46.2,1
2026-06-01-0900,2026-06-01,zepto,jivo-extra-light-olive-oil-2l,Mumbai,400006,1505,2799,46.2,1
2026-06-01-0900,2026-06-01,zepto,jivo-extra-light-olive-oil-2l,Mumbai,400007,1505,2799,46.2,1
2026-06-01-0900,2026-06-01,zepto,jivo-extra-light-olive-oil-2l,Mumbai,400010,1505,2799,46.2,1
2026-06-01-0900,2026-06-01,zepto,jivo-extra-light-olive-oil-2l,Mumbai,400011,1505,2799,46.2,1
2026-06-01-0900,2026-06-01,zepto,jivo-extra-light-olive-oil-2l,Mumbai,400012,1505,2799,46.2,1
2026-06-01-0900,2026-06-01,zepto,jivo-extra-light-olive-oil-2l,Mumbai,400013,1505,2799,46.2,1
2026-06-01-0900,2026-06-01,zepto,jivo-extra-light-olive-oil-2l,Mumbai,400015,1505,2799,46.2,1
2026-06-01-0900,2026-06-01,zepto,jivo-extra-light-olive-oil-2l,Mumbai,400017,1505,2799,46.2,1
2026-06-01-0900,2026-06-01,zepto,jivo-extra-light-olive-oil-2l,Mumbai,400018,1505,2799,46.2,1
2026-06-01-0900,2026-06-01,zepto,jivo-extra-light-olive-oil-2l,Mumbai,400019,1505,2799,46.2,1
2026-06-01-0900,2026-06-01,zepto,jivo-extra-light-olive-oil-2l,Mumbai,400020,1505,2799,46.2,1
2026-06-01-0900,2026-06-01,zepto,jivo-extra-light-olive-oil-2l,Mumbai,400023,1505,2799,46.2,1
2026-06-01-0900,2026-06-01,zepto,jivo-extra-light-olive-oil-2l,Mumbai,400025,1505,2799,46.2,1
2026-06-01-0900,2026-06-01,zepto,jivo-extra-light-olive-oil-2l,Mumbai,400030,1505,2799,46.2,1
2026-06-01-0900,2026-06-01,zepto,jivo-extra-light-olive-oil-2l,Mumbai,400033,1505,2799,46.2,1
2026-06-01-0900,2026-06-01,zepto,jivo-extra-light-olive-oil-2l,Mumbai,400090,1505,2799,46.2,1
2026-06-01-0900,2026-06-01,zepto,jivo-extra-light-olive-oil-2l,Mumbai,400601,1505,2799,46.2,1
2026-06-01-0900,2026-06-01,zepto,jivo-extra-light-olive-oil-2l,Mumbai,400611,1505,2799,46.2,1
2026-06-01-0900,2026-06-01,zepto,jivo-extra-light-olive-oil-2l,Mumbai,400703,1505,2799,46.2,1
2026-06-01-0900,2026-06-01,zepto,jivo-extra-light-olive-oil-combo-1l,Delhi,110004,998,2998,66.7,1
2026-06-01-0900,2026-06-01,zepto,jivo-extra-light-olive-oil-combo-1l,Delhi,110007,998,2998,66.7,1
2026-06-01-0900,2026-06-01,zepto,jivo-extra-light-olive-oil-combo-1l,Delhi,110013,998,2998,66.7,1
2026-06-01-0900,2026-06-01,zepto,jivo-extra-light-olive-oil-combo-1l,Delhi,110015,998,2998,66.7,1
2026-06-01-0900,2026-06-01,zepto,jivo-extra-light-olive-oil-combo-1l,Delhi,110025,998,2998,66.7,1
2026-06-01-0900,2026-06-01,zepto,jivo-extra-light-olive-oil-combo-1l,Delhi,110026,998,2998,66.7,1
2026-06-01-0900,2026-06-01,zepto,jivo-extra-light-olive-oil-combo-1l,Delhi,110031,998,2998,66.7,1
2026-06-01-0900,2026-06-01,zepto,jivo-extra-light-olive-oil-combo-1l,Delhi,110032,998,2998,66.7,1
2026-06-01-0900,2026-06-01,zepto,jivo-extra-light-olive-oil-combo-1l,Delhi,110033,998,2998,66.7,1
2026-06-01-0900,2026-06-01,zepto,jivo-extra-light-olive-oil-combo-1l,Delhi,110040,998,2998,66.7,1
2026-06-01-0900,2026-06-01,zepto,jivo-extra-light-olive-oil-combo-1l,Delhi,110048,998,2998,66.7,1
2026-06-01-0900,2026-06-01,zepto,jivo-extra-light-olive-oil-combo-1l,Delhi,110051,998,2998,66.7,1
2026-06-01-0900,2026-06-01,zepto,jivo-extra-light-olive-oil-combo-1l,Delhi,110053,998,2998,66.7,1
2026-06-01-0900,2026-06-01,zepto,jivo-extra-light-olive-oil-combo-1l,Delhi,110065,998,2998,66.7,1
2026-06-01-0900,2026-06-01,zepto,jivo-extra-light-olive-oil-combo-1l,Delhi,110067,998,2998,66.7,1
2026-06-01-0900,2026-06-01,zepto,jivo-extra-light-olive-oil-combo-1l,Delhi,110084,998,2998,66.7,1
2026-06-01-0900,2026-06-01,zepto,jivo-extra-light-olive-oil-combo-1l,Delhi,110085,998,2998,66.7,1
2026-06-01-0900,2026-06-01,zepto,jivo-extra-light-olive-oil-combo-1l,Delhi,110091,998,2998,66.7,1
2026-06-01-0900,2026-06-01,zepto,jivo-extra-light-olive-oil-combo-1l,Delhi,110095,998,2998,66.7,1
2026-06-01-0900,2026-06-01,zepto,jivo-extra-light-olive-oil-combo-1l,Gurgaon,122004,998,2998,66.7,1
2026-06-01-0900,2026-06-01,zepto,jivo-extra-light-olive-oil-combo-1l,Gurgaon,122006,998,2998,66.7,1
2026-06-01-0900,2026-06-01,zepto,jivo-extra-light-olive-oil-combo-1l,Gurgaon,122010,998,2998,66.7,1
2026-06-01-0900,2026-06-01,zepto,jivo-extra-light-olive-oil-combo-1l,Gurgaon,122051,998,2998,66.7,1
2026-06-01-0900,2026-06-01,zepto,jivo-extra-light-olive-oil-combo-1l,Gurgaon,122101,998,2998,66.7,1
2026-06-01-0900,2026-06-01,zepto,jivo-extra-light-olive-oil-combo-1l,Noida,201306,998,2998,66.7,1
2026-06-01-0900,2026-06-01,zepto,jivo-extra-light-olive-oil-combo-1l,Noida,201309,998,2998,66.7,1
2026-06-01-0900,2026-06-01,zepto,jivo-extra-light-olive-oil-combo-1l,Noida,201310,998,2998,66.7,1
2026-06-01-0900,2026-06-01,zepto,jivo-extra-light-olive-oil-combo-1l,Mumbai,400003,998,2998,66.7,1
2026-06-01-0900,2026-06-01,zepto,jivo-extra-light-olive-oil-combo-1l,Mumbai,400005,998,2998,66.7,1
2026-06-01-0900,2026-06-01,zepto,jivo-extra-light-olive-oil-combo-1l,Mumbai,400006,998,2998,66.7,1
2026-06-01-0900,2026-06-01,zepto,jivo-extra-light-olive-oil-combo-1l,Mumbai,400007,998,2998,66.7,1
2026-06-01-0900,2026-06-01,zepto,jivo-extra-light-olive-oil-combo-1l,Mumbai,400010,998,2998,66.7,1
2026-06-01-0900,2026-06-01,zepto,jivo-extra-light-olive-oil-combo-1l,Mumbai,400011,998,2998,66.7,1
2026-06-01-0900,2026-06-01,zepto,jivo-extra-light-olive-oil-combo-1l,Mumbai,400012,998,2998,66.7,1
2026-06-01-0900,2026-06-01,zepto,jivo-extra-light-olive-oil-combo-1l,Mumbai,400013,998,2998,66.7,1
2026-06-01-0900,2026-06-01,zepto,jivo-extra-light-olive-oil-combo-1l,Mumbai,400015,998,2998,66.7,1
2026-06-01-0900,2026-06-01,zepto,jivo-extra-light-olive-oil-combo-1l,Mumbai,400019,998,2998,66.7,1
2026-06-01-0900,2026-06-01,zepto,jivo-extra-light-olive-oil-combo-1l,Mumbai,400020,998,2998,66.7,1
2026-06-01-0900,2026-06-01,zepto,jivo-extra-light-olive-oil-combo-1l,Mumbai,400021,998,2998,66.7,1
2026-06-01-0900,2026-06-01,zepto,jivo-extra-light-olive-oil-combo-1l,Mumbai,400023,998,2998,66.7,1
2026-06-01-0900,2026-06-01,zepto,jivo-extra-light-olive-oil-combo-1l,Mumbai,400030,998,2998,66.7,1
2026-06-01-0900,2026-06-01,zepto,jivo-extra-light-olive-oil-combo-1l,Mumbai,400033,998,2998,66.7,1
2026-06-01-0900,2026-06-01,zepto,jivo-extra-light-olive-oil-combo-1l,Mumbai,400090,998,2998,66.7,1
2026-06-01-0900,2026-06-01,zepto,jivo-extra-light-olive-oil-combo-1l,Mumbai,400601,998,2998,66.7,1
2026-06-01-0900,2026-06-01,zepto,jivo-extra-light-olive-oil-combo-1l,Mumbai,400611,998,2998,66.7,1
2026-06-01-0900,2026-06-01,zepto,jivo-extra-light-olive-oil-combo-1l,Mumbai,400703,998,2998,66.7,1
2026-06-01-0900,2026-06-01,zepto,jivo-extra-light-olive-oil-combo-1l,Pune,411006,998,2998,66.7,1
2026-06-01-0900,2026-06-01,zepto,jivo-extra-light-olive-oil-combo-1l,Pune,411011,998,2998,66.7,1
2026-06-01-0900,2026-06-01,zepto,jivo-extra-light-olive-oil-combo-1l,Pune,411015,998,2998,66.7,1
2026-06-01-0900,2026-06-01,zepto,jivo-extra-light-olive-oil-combo-1l,Pune,411021,998,2998,66.7,1
2026-06-01-0900,2026-06-01,zepto,jivo-extra-light-olive-oil-combo-1l,Pune,411045,998,2998,66.7,1
2026-06-01-0900,2026-06-01,zepto,jivo-extra-light-olive-oil-combo-1l,Pune,411047,998,2998,66.7,1
2026-06-01-0900,2026-06-01,zepto,jivo-extra-light-olive-oil-combo-1l,Pune,411051,998,2998,66.7,1
2026-06-01-0900,2026-06-01,zepto,jivo-extra-light-olive-oil-combo-1l,Bengaluru,560069,998,2998,66.7,1
2026-06-01-0900,2026-06-01,zepto,jivo-extra-light-olive-oil-combo-2l,Delhi,110014,3008,5598,46.3,1
2026-06-01-0900,2026-06-01,zepto,jivo-extra-light-olive-oil-combo-2l,Delhi,110040,3008,5598,46.3,1
2026-06-01-0900,2026-06-01,zepto,jivo-extra-light-olive-oil-combo-2l,Delhi,110062,3008,5598,46.3,1
2026-06-01-0900,2026-06-01,zepto,jivo-extra-light-olive-oil-combo-2l,Delhi,110084,3008,5598,46.3,1
2026-06-01-0900,2026-06-01,zepto,jivo-extra-light-olive-oil-combo-2l,Gurgaon,122051,3008,5598,46.3,1
2026-06-01-0900,2026-06-01,zepto,jivo-extra-light-olive-oil-combo-2l,Gurgaon,122101,3008,5598,46.3,1
2026-06-01-0900,2026-06-01,zepto,jivo-extra-light-olive-oil-combo-2l,Noida,201310,3008,5598,46.3,1
2026-06-01-0900,2026-06-01,zepto,jivo-extra-light-olive-oil-combo-2l,Mumbai,400005,3010,5598,46.2,1
2026-06-01-0900,2026-06-01,zepto,jivo-extra-light-olive-oil-combo-2l,Mumbai,400006,3010,5598,46.2,1
2026-06-01-0900,2026-06-01,zepto,jivo-extra-light-olive-oil-combo-2l,Mumbai,400007,3010,5598,46.2,1
2026-06-01-0900,2026-06-01,zepto,jivo-extra-light-olive-oil-combo-2l,Mumbai,400010,3010,5598,46.2,1
2026-06-01-0900,2026-06-01,zepto,jivo-extra-light-olive-oil-combo-2l,Mumbai,400011,3010,5598,46.2,1
2026-06-01-0900,2026-06-01,zepto,jivo-extra-light-olive-oil-combo-2l,Mumbai,400012,3010,5598,46.2,1
2026-06-01-0900,2026-06-01,zepto,jivo-extra-light-olive-oil-combo-2l,Mumbai,400020,3010,5598,46.2,1
2026-06-01-0900,2026-06-01,zepto,jivo-extra-light-olive-oil-combo-2l,Mumbai,400033,3010,5598,46.2,1
2026-06-01-0900,2026-06-01,zepto,jivo-extra-light-olive-oil-combo-2l,Mumbai,400090,3010,5598,46.2,1
2026-06-01-0900,2026-06-01,zepto,jivo-extra-light-olive-oil-combo-2l,Mumbai,400601,3010,5598,46.2,1
2026-06-01-0900,2026-06-01,zepto,jivo-extra-light-olive-oil-combo-2l,Mumbai,400611,3010,5598,46.2,1
2026-06-01-0900,2026-06-01,zepto,jivo-extra-light-olive-oil-combo-2l,Mumbai,400703,3010,5598,46.2,1
2026-06-01-0900,2026-06-01,zepto,jivo-groundnut-cold-pressed-oil-healthy-cooking-oil-1l,Delhi,110004,199,560,64.5,1
2026-06-01-0900,2026-06-01,zepto,jivo-groundnut-cold-pressed-oil-healthy-cooking-oil-1l,Delhi,110006,199,560,64.5,1
2026-06-01-0900,2026-06-01,zepto,jivo-groundnut-cold-pressed-oil-healthy-cooking-oil-1l,Delhi,110007,199,560,64.5,1
2026-06-01-0900,2026-06-01,zepto,jivo-groundnut-cold-pressed-oil-healthy-cooking-oil-1l,Delhi,110008,199,560,64.5,1
2026-06-01-0900,2026-06-01,zepto,jivo-groundnut-cold-pressed-oil-healthy-cooking-oil-1l,Delhi,110009,199,560,64.5,1
2026-06-01-0900,2026-06-01,zepto,jivo-groundnut-cold-pressed-oil-healthy-cooking-oil-1l,Delhi,110010,199,560,64.5,1
2026-06-01-0900,2026-06-01,zepto,jivo-groundnut-cold-pressed-oil-healthy-cooking-oil-1l,Delhi,110013,199,560,64.5,1
2026-06-01-0900,2026-06-01,zepto,jivo-groundnut-cold-pressed-oil-healthy-cooking-oil-1l,Delhi,110014,199,560,64.5,1
2026-06-01-0900,2026-06-01,zepto,jivo-groundnut-cold-pressed-oil-healthy-cooking-oil-1l,Delhi,110015,199,560,64.5,1
2026-06-01-0900,2026-06-01,zepto,jivo-groundnut-cold-pressed-oil-healthy-cooking-oil-1l,Delhi,110017,199,560,64.5,1
2026-06-01-0900,2026-06-01,zepto,jivo-groundnut-cold-pressed-oil-healthy-cooking-oil-1l,Delhi,110018,199,560,64.5,1
2026-06-01-0900,2026-06-01,zepto,jivo-groundnut-cold-pressed-oil-healthy-cooking-oil-1l,Delhi,110021,199,560,64.5,1
2026-06-01-0900,2026-06-01,zepto,jivo-groundnut-cold-pressed-oil-healthy-cooking-oil-1l,Delhi,110024,199,560,64.5,1
2026-06-01-0900,2026-06-01,zepto,jivo-groundnut-cold-pressed-oil-healthy-cooking-oil-1l,Delhi,110025,199,560,64.5,1
2026-06-01-0900,2026-06-01,zepto,jivo-groundnut-cold-pressed-oil-healthy-cooking-oil-1l,Delhi,110026,199,560,64.5,1
2026-06-01-0900,2026-06-01,zepto,jivo-groundnut-cold-pressed-oil-healthy-cooking-oil-1l,Delhi,110031,199,560,64.5,1
2026-06-01-0900,2026-06-01,zepto,jivo-groundnut-cold-pressed-oil-healthy-cooking-oil-1l,Delhi,110032,199,560,64.5,1
2026-06-01-0900,2026-06-01,zepto,jivo-groundnut-cold-pressed-oil-healthy-cooking-oil-1l,Delhi,110033,199,560,64.5,1
2026-06-01-0900,2026-06-01,zepto,jivo-groundnut-cold-pressed-oil-healthy-cooking-oil-1l,Delhi,110035,199,560,64.5,1
2026-06-01-0900,2026-06-01,zepto,jivo-groundnut-cold-pressed-oil-healthy-cooking-oil-1l,Delhi,110040,199,560,64.5,1
2026-06-01-0900,2026-06-01,zepto,jivo-groundnut-cold-pressed-oil-healthy-cooking-oil-1l,Delhi,110042,199,560,64.5,1
2026-06-01-0900,2026-06-01,zepto,jivo-groundnut-cold-pressed-oil-healthy-cooking-oil-1l,Delhi,110046,199,560,64.5,1
2026-06-01-0900,2026-06-01,zepto,jivo-groundnut-cold-pressed-oil-healthy-cooking-oil-1l,Delhi,110048,199,560,64.5,1
2026-06-01-0900,2026-06-01,zepto,jivo-groundnut-cold-pressed-oil-healthy-cooking-oil-1l,Delhi,110051,199,560,64.5,1
2026-06-01-0900,2026-06-01,zepto,jivo-groundnut-cold-pressed-oil-healthy-cooking-oil-1l,Delhi,110053,199,560,64.5,1
2026-06-01-0900,2026-06-01,zepto,jivo-groundnut-cold-pressed-oil-healthy-cooking-oil-1l,Delhi,110062,199,560,64.5,1
2026-06-01-0900,2026-06-01,zepto,jivo-groundnut-cold-pressed-oil-healthy-cooking-oil-1l,Delhi,110065,199,560,64.5,1
2026-06-01-0900,2026-06-01,zepto,jivo-groundnut-cold-pressed-oil-healthy-cooking-oil-1l,Delhi,110067,199,560,64.5,1
2026-06-01-0900,2026-06-01,zepto,jivo-groundnut-cold-pressed-oil-healthy-cooking-oil-1l,Delhi,110076,199,560,64.5,1
2026-06-01-0900,2026-06-01,zepto,jivo-groundnut-cold-pressed-oil-healthy-cooking-oil-1l,Delhi,110084,199,560,64.5,1
2026-06-01-0900,2026-06-01,zepto,jivo-groundnut-cold-pressed-oil-healthy-cooking-oil-1l,Delhi,110085,199,560,64.5,1
2026-06-01-0900,2026-06-01,zepto,jivo-groundnut-cold-pressed-oil-healthy-cooking-oil-1l,Delhi,110088,199,560,64.5,1
2026-06-01-0900,2026-06-01,zepto,jivo-groundnut-cold-pressed-oil-healthy-cooking-oil-1l,Delhi,110090,199,560,64.5,1
2026-06-01-0900,2026-06-01,zepto,jivo-groundnut-cold-pressed-oil-healthy-cooking-oil-1l,Delhi,110091,199,560,64.5,1
2026-06-01-0900,2026-06-01,zepto,jivo-groundnut-cold-pressed-oil-healthy-cooking-oil-1l,Delhi,110092,199,560,64.5,1
2026-06-01-0900,2026-06-01,zepto,jivo-groundnut-cold-pressed-oil-healthy-cooking-oil-1l,Delhi,110095,199,560,64.5,1
2026-06-01-0900,2026-06-01,zepto,jivo-groundnut-cold-pressed-oil-healthy-cooking-oil-1l,Faridabad,121001,199,560,64.5,1
2026-06-01-0900,2026-06-01,zepto,jivo-groundnut-cold-pressed-oil-healthy-cooking-oil-1l,Faridabad,121011,199,560,64.5,1
2026-06-01-0900,2026-06-01,zepto,jivo-groundnut-cold-pressed-oil-healthy-cooking-oil-1l,Gurgaon,122004,199,560,64.5,1
2026-06-01-0900,2026-06-01,zepto,jivo-groundnut-cold-pressed-oil-healthy-cooking-oil-1l,Gurgaon,122006,199,560,64.5,1
2026-06-01-0900,2026-06-01,zepto,jivo-groundnut-cold-pressed-oil-healthy-cooking-oil-1l,Gurgaon,122010,199,560,64.5,1
2026-06-01-0900,2026-06-01,zepto,jivo-groundnut-cold-pressed-oil-healthy-cooking-oil-1l,Gurgaon,122051,199,560,64.5,1
2026-06-01-0900,2026-06-01,zepto,jivo-groundnut-cold-pressed-oil-healthy-cooking-oil-1l,Gurgaon,122101,199,560,64.5,1
2026-06-01-0900,2026-06-01,zepto,jivo-groundnut-cold-pressed-oil-healthy-cooking-oil-1l,Ghaziabad,201003,199,560,64.5,1
2026-06-01-0900,2026-06-01,zepto,jivo-groundnut-cold-pressed-oil-healthy-cooking-oil-1l,Ghaziabad,201005,199,560,64.5,1
2026-06-01-0900,2026-06-01,zepto,jivo-groundnut-cold-pressed-oil-healthy-cooking-oil-1l,Ghaziabad,201009,199,560,64.5,1
2026-06-01-0900,2026-06-01,zepto,jivo-groundnut-cold-pressed-oil-healthy-cooking-oil-1l,Noida,201306,199,560,64.5,1
2026-06-01-0900,2026-06-01,zepto,jivo-groundnut-cold-pressed-oil-healthy-cooking-oil-1l,Noida,201307,199,560,64.5,1
2026-06-01-0900,2026-06-01,zepto,jivo-groundnut-cold-pressed-oil-healthy-cooking-oil-1l,Noida,201309,199,560,64.5,1
2026-06-01-0900,2026-06-01,zepto,jivo-groundnut-cold-pressed-oil-healthy-cooking-oil-1l,Noida,201310,199,560,64.5,1
2026-06-01-0900,2026-06-01,zepto,jivo-groundnut-cold-pressed-oil-healthy-cooking-oil-1l,Mumbai,400003,199,560,64.5,1
2026-06-01-0900,2026-06-01,zepto,jivo-groundnut-cold-pressed-oil-healthy-cooking-oil-1l,Mumbai,400005,199,560,64.5,1
2026-06-01-0900,2026-06-01,zepto,jivo-groundnut-cold-pressed-oil-healthy-cooking-oil-1l,Mumbai,400006,199,560,64.5,1
2026-06-01-0900,2026-06-01,zepto,jivo-groundnut-cold-pressed-oil-healthy-cooking-oil-1l,Mumbai,400007,199,560,64.5,1
2026-06-01-0900,2026-06-01,zepto,jivo-groundnut-cold-pressed-oil-healthy-cooking-oil-1l,Mumbai,400010,199,560,64.5,1
2026-06-01-0900,2026-06-01,zepto,jivo-groundnut-cold-pressed-oil-healthy-cooking-oil-1l,Mumbai,400011,199,560,64.5,1
2026-06-01-0900,2026-06-01,zepto,jivo-groundnut-cold-pressed-oil-healthy-cooking-oil-1l,Mumbai,400012,199,560,64.5,1
2026-06-01-0900,2026-06-01,zepto,jivo-groundnut-cold-pressed-oil-healthy-cooking-oil-1l,Mumbai,400017,199,560,64.5,1
2026-06-01-0900,2026-06-01,zepto,jivo-groundnut-cold-pressed-oil-healthy-cooking-oil-1l,Mumbai,400018,199,560,64.5,1
2026-06-01-0900,2026-06-01,zepto,jivo-groundnut-cold-pressed-oil-healthy-cooking-oil-1l,Mumbai,400019,199,560,64.5,1
2026-06-01-0900,2026-06-01,zepto,jivo-groundnut-cold-pressed-oil-healthy-cooking-oil-1l,Mumbai,400020,199,560,64.5,1
2026-06-01-0900,2026-06-01,zepto,jivo-groundnut-cold-pressed-oil-healthy-cooking-oil-1l,Mumbai,400021,199,560,64.5,1
2026-06-01-0900,2026-06-01,zepto,jivo-groundnut-cold-pressed-oil-healthy-cooking-oil-1l,Mumbai,400025,199,560,64.5,1
2026-06-01-0900,2026-06-01,zepto,jivo-groundnut-cold-pressed-oil-healthy-cooking-oil-1l,Mumbai,400033,199,560,64.5,1
2026-06-01-0900,2026-06-01,zepto,jivo-groundnut-cold-pressed-oil-healthy-cooking-oil-1l,Mumbai,400041,199,560,64.5,1
2026-06-01-0900,2026-06-01,zepto,jivo-groundnut-cold-pressed-oil-healthy-cooking-oil-1l,Mumbai,400090,199,560,64.5,1
2026-06-01-0900,2026-06-01,zepto,jivo-groundnut-cold-pressed-oil-healthy-cooking-oil-1l,Mumbai,400601,199,560,64.5,1
2026-06-01-0900,2026-06-01,zepto,jivo-groundnut-cold-pressed-oil-healthy-cooking-oil-1l,Mumbai,400611,199,560,64.5,1
2026-06-01-0900,2026-06-01,zepto,jivo-groundnut-cold-pressed-oil-healthy-cooking-oil-1l,Mumbai,400703,199,560,64.5,1
2026-06-01-0900,2026-06-01,zepto,jivo-groundnut-cold-pressed-oil-healthy-cooking-oil-1l,Bengaluru,560014,199,560,64.5,1
2026-06-01-0900,2026-06-01,zepto,jivo-groundnut-cold-pressed-oil-healthy-cooking-oil-1l,Bengaluru,560019,199,560,64.5,1
2026-06-01-0900,2026-06-01,zepto,jivo-groundnut-cold-pressed-oil-healthy-cooking-oil-1l,Bengaluru,560028,199,560,64.5,1
2026-06-01-0900,2026-06-01,zepto,jivo-groundnut-cold-pressed-oil-healthy-cooking-oil-1l,Bengaluru,560069,199,560,64.5,1
2026-06-01-0900,2026-06-01,zepto,jivo-groundnut-peanut-cold-pressed-heathy-cooking-oil-na,Delhi,110004,49,150,67.3,1
2026-06-01-0900,2026-06-01,zepto,jivo-groundnut-peanut-cold-pressed-heathy-cooking-oil-na,Delhi,110006,49,150,67.3,1
2026-06-01-0900,2026-06-01,zepto,jivo-groundnut-peanut-cold-pressed-heathy-cooking-oil-na,Delhi,110008,49,150,67.3,1
2026-06-01-0900,2026-06-01,zepto,jivo-groundnut-peanut-cold-pressed-heathy-cooking-oil-na,Delhi,110009,49,150,67.3,1
2026-06-01-0900,2026-06-01,zepto,jivo-groundnut-peanut-cold-pressed-heathy-cooking-oil-na,Delhi,110010,49,150,67.3,1
2026-06-01-0900,2026-06-01,zepto,jivo-groundnut-peanut-cold-pressed-heathy-cooking-oil-na,Delhi,110013,49,150,67.3,1
2026-06-01-0900,2026-06-01,zepto,jivo-groundnut-peanut-cold-pressed-heathy-cooking-oil-na,Delhi,110014,49,150,67.3,1
2026-06-01-0900,2026-06-01,zepto,jivo-groundnut-peanut-cold-pressed-heathy-cooking-oil-na,Delhi,110015,49,150,67.3,1
2026-06-01-0900,2026-06-01,zepto,jivo-groundnut-peanut-cold-pressed-heathy-cooking-oil-na,Delhi,110018,49,150,67.3,1
2026-06-01-0900,2026-06-01,zepto,jivo-groundnut-peanut-cold-pressed-heathy-cooking-oil-na,Delhi,110021,49,150,67.3,1
2026-06-01-0900,2026-06-01,zepto,jivo-groundnut-peanut-cold-pressed-heathy-cooking-oil-na,Delhi,110024,76,150,49.3,1
2026-06-01-0900,2026-06-01,zepto,jivo-groundnut-peanut-cold-pressed-heathy-cooking-oil-na,Delhi,110025,76,150,49.3,1
2026-06-01-0900,2026-06-01,zepto,jivo-groundnut-peanut-cold-pressed-heathy-cooking-oil-na,Delhi,110026,49,150,67.3,1
2026-06-01-0900,2026-06-01,zepto,jivo-groundnut-peanut-cold-pressed-heathy-cooking-oil-na,Delhi,110031,49,150,67.3,1
2026-06-01-0900,2026-06-01,zepto,jivo-groundnut-peanut-cold-pressed-heathy-cooking-oil-na,Delhi,110032,76,150,49.3,1
2026-06-01-0900,2026-06-01,zepto,jivo-groundnut-peanut-cold-pressed-heathy-cooking-oil-na,Delhi,110040,49,150,67.3,1
2026-06-01-0900,2026-06-01,zepto,jivo-groundnut-peanut-cold-pressed-heathy-cooking-oil-na,Delhi,110042,49,150,67.3,1
2026-06-01-0900,2026-06-01,zepto,jivo-groundnut-peanut-cold-pressed-heathy-cooking-oil-na,Delhi,110046,49,150,67.3,1
2026-06-01-0900,2026-06-01,zepto,jivo-groundnut-peanut-cold-pressed-heathy-cooking-oil-na,Delhi,110048,49,150,67.3,1
2026-06-01-0900,2026-06-01,zepto,jivo-groundnut-peanut-cold-pressed-heathy-cooking-oil-na,Delhi,110051,49,150,67.3,1
2026-06-01-0900,2026-06-01,zepto,jivo-groundnut-peanut-cold-pressed-heathy-cooking-oil-na,Delhi,110053,76,150,49.3,1
2026-06-01-0900,2026-06-01,zepto,jivo-groundnut-peanut-cold-pressed-heathy-cooking-oil-na,Delhi,110062,49,150,67.3,1
2026-06-01-0900,2026-06-01,zepto,jivo-groundnut-peanut-cold-pressed-heathy-cooking-oil-na,Delhi,110065,49,150,67.3,1
2026-06-01-0900,2026-06-01,zepto,jivo-groundnut-peanut-cold-pressed-heathy-cooking-oil-na,Delhi,110067,49,150,67.3,1
2026-06-01-0900,2026-06-01,zepto,jivo-groundnut-peanut-cold-pressed-heathy-cooking-oil-na,Delhi,110076,49,150,67.3,1
2026-06-01-0900,2026-06-01,zepto,jivo-groundnut-peanut-cold-pressed-heathy-cooking-oil-na,Delhi,110084,49,150,67.3,1
2026-06-01-0900,2026-06-01,zepto,jivo-groundnut-peanut-cold-pressed-heathy-cooking-oil-na,Delhi,110085,49,150,67.3,1
2026-06-01-0900,2026-06-01,zepto,jivo-groundnut-peanut-cold-pressed-heathy-cooking-oil-na,Delhi,110090,49,150,67.3,1
2026-06-01-0900,2026-06-01,zepto,jivo-groundnut-peanut-cold-pressed-heathy-cooking-oil-na,Delhi,110091,49,150,67.3,1
2026-06-01-0900,2026-06-01,zepto,jivo-groundnut-peanut-cold-pressed-heathy-cooking-oil-na,Delhi,110092,49,150,67.3,1
2026-06-01-0900,2026-06-01,zepto,jivo-groundnut-peanut-cold-pressed-heathy-cooking-oil-na,Delhi,110095,49,150,67.3,1
2026-06-01-0900,2026-06-01,zepto,jivo-groundnut-peanut-cold-pressed-heathy-cooking-oil-na,Gurgaon,122004,76,150,49.3,1
2026-06-01-0900,2026-06-01,zepto,jivo-groundnut-peanut-cold-pressed-heathy-cooking-oil-na,Gurgaon,122006,49,150,67.3,1
2026-06-01-0900,2026-06-01,zepto,jivo-groundnut-peanut-cold-pressed-heathy-cooking-oil-na,Gurgaon,122010,76,150,49.3,1
2026-06-01-0900,2026-06-01,zepto,jivo-groundnut-peanut-cold-pressed-heathy-cooking-oil-na,Gurgaon,122051,49,150,67.3,1
2026-06-01-0900,2026-06-01,zepto,jivo-groundnut-peanut-cold-pressed-heathy-cooking-oil-na,Gurgaon,122101,49,150,67.3,1
2026-06-01-0900,2026-06-01,zepto,jivo-groundnut-peanut-cold-pressed-heathy-cooking-oil-na,Noida,201310,49,150,67.3,1
2026-06-01-0900,2026-06-01,zepto,jivo-groundnut-peanut-cold-pressed-heathy-cooking-oil-na,Jaipur,302016,76,150,49.3,1
2026-06-01-0900,2026-06-01,zepto,jivo-groundnut-peanut-cold-pressed-heathy-cooking-oil-na,Jaipur,302017,76,150,49.3,1
2026-06-01-0900,2026-06-01,zepto,jivo-groundnut-peanut-cold-pressed-heathy-cooking-oil-na,Jaipur,302018,76,150,49.3,1
2026-06-01-0900,2026-06-01,zepto,jivo-groundnut-peanut-cold-pressed-heathy-cooking-oil-na,Jaipur,302020,76,150,49.3,1
2026-06-01-0900,2026-06-01,zepto,jivo-groundnut-peanut-cold-pressed-heathy-cooking-oil-na,Jaipur,302021,76,150,49.3,1
2026-06-01-0900,2026-06-01,zepto,jivo-groundnut-peanut-cold-pressed-heathy-cooking-oil-na,Jaipur,302022,76,150,49.3,1
2026-06-01-0900,2026-06-01,zepto,jivo-groundnut-peanut-cold-pressed-heathy-cooking-oil-na,Jaipur,302023,76,150,49.3,1
2026-06-01-0900,2026-06-01,zepto,jivo-groundnut-peanut-cold-pressed-heathy-cooking-oil-na,Jaipur,302024,76,150,49.3,1
2026-06-01-0900,2026-06-01,zepto,jivo-groundnut-peanut-cold-pressed-heathy-cooking-oil-na,Jaipur,302025,76,150,49.3,1
2026-06-01-0900,2026-06-01,zepto,jivo-groundnut-peanut-cold-pressed-heathy-cooking-oil-na,Jaipur,302032,76,150,49.3,1
2026-06-01-0900,2026-06-01,zepto,jivo-groundnut-peanut-cold-pressed-heathy-cooking-oil-na,Jaipur,303602,76,150,49.3,1
2026-06-01-0900,2026-06-01,zepto,jivo-groundnut-peanut-cold-pressed-heathy-cooking-oil-na,Surat,394510,76,150,49.3,1
2026-06-01-0900,2026-06-01,zepto,jivo-groundnut-peanut-cold-pressed-heathy-cooking-oil-na,Mumbai,400003,76,150,49.3,1
2026-06-01-0900,2026-06-01,zepto,jivo-groundnut-peanut-cold-pressed-heathy-cooking-oil-na,Mumbai,400005,76,150,49.3,1
2026-06-01-0900,2026-06-01,zepto,jivo-groundnut-peanut-cold-pressed-heathy-cooking-oil-na,Mumbai,400006,76,150,49.3,1
2026-06-01-0900,2026-06-01,zepto,jivo-groundnut-peanut-cold-pressed-heathy-cooking-oil-na,Mumbai,400010,76,150,49.3,1
2026-06-01-0900,2026-06-01,zepto,jivo-groundnut-peanut-cold-pressed-heathy-cooking-oil-na,Mumbai,400011,76,150,49.3,1
2026-06-01-0900,2026-06-01,zepto,jivo-groundnut-peanut-cold-pressed-heathy-cooking-oil-na,Mumbai,400012,76,150,49.3,1
2026-06-01-0900,2026-06-01,zepto,jivo-groundnut-peanut-cold-pressed-heathy-cooking-oil-na,Mumbai,400013,76,150,49.3,1
2026-06-01-0900,2026-06-01,zepto,jivo-groundnut-peanut-cold-pressed-heathy-cooking-oil-na,Mumbai,400015,76,150,49.3,1
2026-06-01-0900,2026-06-01,zepto,jivo-groundnut-peanut-cold-pressed-heathy-cooking-oil-na,Mumbai,400017,76,150,49.3,1
2026-06-01-0900,2026-06-01,zepto,jivo-groundnut-peanut-cold-pressed-heathy-cooking-oil-na,Mumbai,400018,76,150,49.3,1
2026-06-01-0900,2026-06-01,zepto,jivo-groundnut-peanut-cold-pressed-heathy-cooking-oil-na,Mumbai,400019,76,150,49.3,1
2026-06-01-0900,2026-06-01,zepto,jivo-groundnut-peanut-cold-pressed-heathy-cooking-oil-na,Mumbai,400020,76,150,49.3,1
2026-06-01-0900,2026-06-01,zepto,jivo-groundnut-peanut-cold-pressed-heathy-cooking-oil-na,Mumbai,400021,76,150,49.3,1
2026-06-01-0900,2026-06-01,zepto,jivo-groundnut-peanut-cold-pressed-heathy-cooking-oil-na,Mumbai,400023,76,150,49.3,1
2026-06-01-0900,2026-06-01,zepto,jivo-groundnut-peanut-cold-pressed-heathy-cooking-oil-na,Mumbai,400025,76,150,49.3,1
2026-06-01-0900,2026-06-01,zepto,jivo-groundnut-peanut-cold-pressed-heathy-cooking-oil-na,Mumbai,400030,76,150,49.3,1
2026-06-01-0900,2026-06-01,zepto,jivo-groundnut-peanut-cold-pressed-heathy-cooking-oil-na,Mumbai,400033,76,150,49.3,1
2026-06-01-0900,2026-06-01,zepto,jivo-groundnut-peanut-cold-pressed-heathy-cooking-oil-na,Mumbai,400041,76,150,49.3,1
2026-06-01-0900,2026-06-01,zepto,jivo-groundnut-peanut-cold-pressed-heathy-cooking-oil-na,Mumbai,400090,76,150,49.3,1
2026-06-01-0900,2026-06-01,zepto,jivo-groundnut-peanut-cold-pressed-heathy-cooking-oil-na,Mumbai,400601,76,150,49.3,1
2026-06-01-0900,2026-06-01,zepto,jivo-groundnut-peanut-cold-pressed-heathy-cooking-oil-na,Mumbai,400611,76,150,49.3,1
2026-06-01-0900,2026-06-01,zepto,jivo-groundnut-peanut-cold-pressed-heathy-cooking-oil-na,Pune,410506,76,150,49.3,1
2026-06-01-0900,2026-06-01,zepto,jivo-groundnut-peanut-cold-pressed-heathy-cooking-oil-na,Pune,411004,76,150,49.3,1
2026-06-01-0900,2026-06-01,zepto,jivo-groundnut-peanut-cold-pressed-heathy-cooking-oil-na,Pune,411006,76,150,49.3,1
2026-06-01-0900,2026-06-01,zepto,jivo-groundnut-peanut-cold-pressed-heathy-cooking-oil-na,Pune,411011,76,150,49.3,1
2026-06-01-0900,2026-06-01,zepto,jivo-groundnut-peanut-cold-pressed-heathy-cooking-oil-na,Pune,411012,76,150,49.3,1
2026-06-01-0900,2026-06-01,zepto,jivo-groundnut-peanut-cold-pressed-heathy-cooking-oil-na,Pune,411014,76,150,49.3,1
2026-06-01-0900,2026-06-01,zepto,jivo-groundnut-peanut-cold-pressed-heathy-cooking-oil-na,Pune,411015,76,150,49.3,1
2026-06-01-0900,2026-06-01,zepto,jivo-groundnut-peanut-cold-pressed-heathy-cooking-oil-na,Pune,411021,76,150,49.3,1
2026-06-01-0900,2026-06-01,zepto,jivo-groundnut-peanut-cold-pressed-heathy-cooking-oil-na,Pune,411028,76,150,49.3,1
2026-06-01-0900,2026-06-01,zepto,jivo-groundnut-peanut-cold-pressed-heathy-cooking-oil-na,Pune,411036,76,150,49.3,1
2026-06-01-0900,2026-06-01,zepto,jivo-groundnut-peanut-cold-pressed-heathy-cooking-oil-na,Pune,411045,76,150,49.3,1
2026-06-01-0900,2026-06-01,zepto,jivo-groundnut-peanut-cold-pressed-heathy-cooking-oil-na,Pune,411047,76,150,49.3,1
2026-06-01-0900,2026-06-01,zepto,jivo-groundnut-peanut-cold-pressed-heathy-cooking-oil-na,Pune,411051,76,150,49.3,1
2026-06-01-0900,2026-06-01,zepto,jivo-groundnut-peanut-cold-pressed-heathy-cooking-oil-na,Indore,452001,76,150,49.3,1
2026-06-01-0900,2026-06-01,zepto,jivo-kachi-ghani-mustard-cold-pressed-oil-healthy-cooking-oil-1l,Delhi,110004,149,255,41.6,1
2026-06-01-0900,2026-06-01,zepto,jivo-kachi-ghani-mustard-cold-pressed-oil-healthy-cooking-oil-1l,Delhi,110006,149,255,41.6,1
2026-06-01-0900,2026-06-01,zepto,jivo-kachi-ghani-mustard-cold-pressed-oil-healthy-cooking-oil-1l,Delhi,110007,149,255,41.6,1
2026-06-01-0900,2026-06-01,zepto,jivo-kachi-ghani-mustard-cold-pressed-oil-healthy-cooking-oil-1l,Delhi,110008,149,255,41.6,1
2026-06-01-0900,2026-06-01,zepto,jivo-kachi-ghani-mustard-cold-pressed-oil-healthy-cooking-oil-1l,Delhi,110009,149,255,41.6,1
2026-06-01-0900,2026-06-01,zepto,jivo-kachi-ghani-mustard-cold-pressed-oil-healthy-cooking-oil-1l,Delhi,110010,149,255,41.6,1
2026-06-01-0900,2026-06-01,zepto,jivo-kachi-ghani-mustard-cold-pressed-oil-healthy-cooking-oil-1l,Delhi,110013,149,255,41.6,1
2026-06-01-0900,2026-06-01,zepto,jivo-kachi-ghani-mustard-cold-pressed-oil-healthy-cooking-oil-1l,Delhi,110014,149,255,41.6,1
2026-06-01-0900,2026-06-01,zepto,jivo-kachi-ghani-mustard-cold-pressed-oil-healthy-cooking-oil-1l,Delhi,110015,149,255,41.6,1
2026-06-01-0900,2026-06-01,zepto,jivo-kachi-ghani-mustard-cold-pressed-oil-healthy-cooking-oil-1l,Delhi,110018,149,255,41.6,1
2026-06-01-0900,2026-06-01,zepto,jivo-kachi-ghani-mustard-cold-pressed-oil-healthy-cooking-oil-1l,Delhi,110021,149,255,41.6,1
2026-06-01-0900,2026-06-01,zepto,jivo-kachi-ghani-mustard-cold-pressed-oil-healthy-cooking-oil-1l,Delhi,110024,149,255,41.6,1
2026-06-01-0900,2026-06-01,zepto,jivo-kachi-ghani-mustard-cold-pressed-oil-healthy-cooking-oil-1l,Delhi,110025,149,255,41.6,1
2026-06-01-0900,2026-06-01,zepto,jivo-kachi-ghani-mustard-cold-pressed-oil-healthy-cooking-oil-1l,Delhi,110026,149,255,41.6,1
2026-06-01-0900,2026-06-01,zepto,jivo-kachi-ghani-mustard-cold-pressed-oil-healthy-cooking-oil-1l,Delhi,110031,149,255,41.6,1
2026-06-01-0900,2026-06-01,zepto,jivo-kachi-ghani-mustard-cold-pressed-oil-healthy-cooking-oil-1l,Delhi,110032,149,255,41.6,1
2026-06-01-0900,2026-06-01,zepto,jivo-kachi-ghani-mustard-cold-pressed-oil-healthy-cooking-oil-1l,Delhi,110033,149,255,41.6,1
2026-06-01-0900,2026-06-01,zepto,jivo-kachi-ghani-mustard-cold-pressed-oil-healthy-cooking-oil-1l,Delhi,110035,149,255,41.6,1
2026-06-01-0900,2026-06-01,zepto,jivo-kachi-ghani-mustard-cold-pressed-oil-healthy-cooking-oil-1l,Delhi,110040,149,255,41.6,1
2026-06-01-0900,2026-06-01,zepto,jivo-kachi-ghani-mustard-cold-pressed-oil-healthy-cooking-oil-1l,Delhi,110042,149,255,41.6,1
2026-06-01-0900,2026-06-01,zepto,jivo-kachi-ghani-mustard-cold-pressed-oil-healthy-cooking-oil-1l,Delhi,110046,149,255,41.6,1
2026-06-01-0900,2026-06-01,zepto,jivo-kachi-ghani-mustard-cold-pressed-oil-healthy-cooking-oil-1l,Delhi,110048,149,255,41.6,1
2026-06-01-0900,2026-06-01,zepto,jivo-kachi-ghani-mustard-cold-pressed-oil-healthy-cooking-oil-1l,Delhi,110051,149,255,41.6,1
2026-06-01-0900,2026-06-01,zepto,jivo-kachi-ghani-mustard-cold-pressed-oil-healthy-cooking-oil-1l,Delhi,110053,149,255,41.6,1
2026-06-01-0900,2026-06-01,zepto,jivo-kachi-ghani-mustard-cold-pressed-oil-healthy-cooking-oil-1l,Delhi,110062,149,255,41.6,1
2026-06-01-0900,2026-06-01,zepto,jivo-kachi-ghani-mustard-cold-pressed-oil-healthy-cooking-oil-1l,Delhi,110065,149,255,41.6,1
2026-06-01-0900,2026-06-01,zepto,jivo-kachi-ghani-mustard-cold-pressed-oil-healthy-cooking-oil-1l,Delhi,110067,149,255,41.6,1
2026-06-01-0900,2026-06-01,zepto,jivo-kachi-ghani-mustard-cold-pressed-oil-healthy-cooking-oil-1l,Delhi,110076,149,255,41.6,1
2026-06-01-0900,2026-06-01,zepto,jivo-kachi-ghani-mustard-cold-pressed-oil-healthy-cooking-oil-1l,Delhi,110084,149,255,41.6,1
2026-06-01-0900,2026-06-01,zepto,jivo-kachi-ghani-mustard-cold-pressed-oil-healthy-cooking-oil-1l,Delhi,110085,149,255,41.6,1
2026-06-01-0900,2026-06-01,zepto,jivo-kachi-ghani-mustard-cold-pressed-oil-healthy-cooking-oil-1l,Delhi,110088,149,255,41.6,1
2026-06-01-0900,2026-06-01,zepto,jivo-kachi-ghani-mustard-cold-pressed-oil-healthy-cooking-oil-1l,Delhi,110090,149,255,41.6,1
2026-06-01-0900,2026-06-01,zepto,jivo-kachi-ghani-mustard-cold-pressed-oil-healthy-cooking-oil-1l,Delhi,110091,149,255,41.6,1
2026-06-01-0900,2026-06-01,zepto,jivo-kachi-ghani-mustard-cold-pressed-oil-healthy-cooking-oil-1l,Delhi,110092,149,255,41.6,1
2026-06-01-0900,2026-06-01,zepto,jivo-kachi-ghani-mustard-cold-pressed-oil-healthy-cooking-oil-1l,Delhi,110095,149,255,41.6,1
2026-06-01-0900,2026-06-01,zepto,jivo-kachi-ghani-mustard-cold-pressed-oil-healthy-cooking-oil-1l,Faridabad,121001,149,255,41.6,1
2026-06-01-0900,2026-06-01,zepto,jivo-kachi-ghani-mustard-cold-pressed-oil-healthy-cooking-oil-1l,Faridabad,121011,149,255,41.6,1
2026-06-01-0900,2026-06-01,zepto,jivo-kachi-ghani-mustard-cold-pressed-oil-healthy-cooking-oil-1l,Gurgaon,122004,149,255,41.6,1
2026-06-01-0900,2026-06-01,zepto,jivo-kachi-ghani-mustard-cold-pressed-oil-healthy-cooking-oil-1l,Gurgaon,122006,149,255,41.6,1
2026-06-01-0900,2026-06-01,zepto,jivo-kachi-ghani-mustard-cold-pressed-oil-healthy-cooking-oil-1l,Gurgaon,122010,149,255,41.6,1
2026-06-01-0900,2026-06-01,zepto,jivo-kachi-ghani-mustard-cold-pressed-oil-healthy-cooking-oil-1l,Gurgaon,122051,149,255,41.6,1
2026-06-01-0900,2026-06-01,zepto,jivo-kachi-ghani-mustard-cold-pressed-oil-healthy-cooking-oil-1l,Gurgaon,122101,149,255,41.6,1
2026-06-01-0900,2026-06-01,zepto,jivo-kachi-ghani-mustard-cold-pressed-oil-healthy-cooking-oil-1l,Ludhiana,141015,149,255,41.6,1
2026-06-01-0900,2026-06-01,zepto,jivo-kachi-ghani-mustard-cold-pressed-oil-healthy-cooking-oil-1l,Ludhiana,142036,149,255,41.6,1
2026-06-01-0900,2026-06-01,zepto,jivo-kachi-ghani-mustard-cold-pressed-oil-healthy-cooking-oil-1l,Chandigarh,160011,149,255,41.6,1
2026-06-01-0900,2026-06-01,zepto,jivo-kachi-ghani-mustard-cold-pressed-oil-healthy-cooking-oil-1l,Chandigarh,160021,149,255,41.6,1
2026-06-01-0900,2026-06-01,zepto,jivo-kachi-ghani-mustard-cold-pressed-oil-healthy-cooking-oil-1l,Chandigarh,160035,149,255,41.6,1
2026-06-01-0900,2026-06-01,zepto,jivo-kachi-ghani-mustard-cold-pressed-oil-healthy-cooking-oil-1l,Chandigarh,160043,149,255,41.6,1
2026-06-01-0900,2026-06-01,zepto,jivo-kachi-ghani-mustard-cold-pressed-oil-healthy-cooking-oil-1l,Ghaziabad,201003,149,255,41.6,1
2026-06-01-0900,2026-06-01,zepto,jivo-kachi-ghani-mustard-cold-pressed-oil-healthy-cooking-oil-1l,Ghaziabad,201005,149,255,41.6,1
2026-06-01-0900,2026-06-01,zepto,jivo-kachi-ghani-mustard-cold-pressed-oil-healthy-cooking-oil-1l,Ghaziabad,201009,149,255,41.6,1
2026-06-01-0900,2026-06-01,zepto,jivo-kachi-ghani-mustard-cold-pressed-oil-healthy-cooking-oil-1l,Noida,201306,149,255,41.6,1
2026-06-01-0900,2026-06-01,zepto,jivo-kachi-ghani-mustard-cold-pressed-oil-healthy-cooking-oil-1l,Noida,201307,149,255,41.6,1
2026-06-01-0900,2026-06-01,zepto,jivo-kachi-ghani-mustard-cold-pressed-oil-healthy-cooking-oil-1l,Noida,201309,149,255,41.6,1
2026-06-01-0900,2026-06-01,zepto,jivo-kachi-ghani-mustard-cold-pressed-oil-healthy-cooking-oil-1l,Noida,201310,149,255,41.6,1
2026-06-01-0900,2026-06-01,zepto,jivo-kachi-ghani-mustard-cold-pressed-oil-healthy-cooking-oil-1l,Mumbai,400005,149,255,41.6,1
2026-06-01-0900,2026-06-01,zepto,jivo-kachi-ghani-mustard-cold-pressed-oil-healthy-cooking-oil-1l,Mumbai,400006,149,255,41.6,1
2026-06-01-0900,2026-06-01,zepto,jivo-kachi-ghani-mustard-cold-pressed-oil-healthy-cooking-oil-1l,Mumbai,400011,149,255,41.6,1
2026-06-01-0900,2026-06-01,zepto,jivo-kachi-ghani-mustard-cold-pressed-oil-healthy-cooking-oil-1l,Mumbai,400012,149,255,41.6,1
2026-06-01-0900,2026-06-01,zepto,jivo-kachi-ghani-mustard-cold-pressed-oil-healthy-cooking-oil-1l,Mumbai,400018,149,255,41.6,1
2026-06-01-0900,2026-06-01,zepto,jivo-kachi-ghani-mustard-cold-pressed-oil-healthy-cooking-oil-1l,Mumbai,400019,149,255,41.6,1
2026-06-01-0900,2026-06-01,zepto,jivo-kachi-ghani-mustard-cold-pressed-oil-healthy-cooking-oil-1l,Mumbai,400020,149,255,41.6,1
2026-06-01-0900,2026-06-01,zepto,jivo-kachi-ghani-mustard-cold-pressed-oil-healthy-cooking-oil-1l,Mumbai,400025,149,255,41.6,1
2026-06-01-0900,2026-06-01,zepto,jivo-kachi-ghani-mustard-cold-pressed-oil-healthy-cooking-oil-1l,Mumbai,400033,149,255,41.6,1
2026-06-01-0900,2026-06-01,zepto,jivo-kachi-ghani-mustard-cold-pressed-oil-healthy-cooking-oil-1l,Mumbai,400090,149,255,41.6,1
2026-06-01-0900,2026-06-01,zepto,jivo-kachi-ghani-mustard-cold-pressed-oil-healthy-cooking-oil-1l,Mumbai,400601,149,255,41.6,1
2026-06-01-0900,2026-06-01,zepto,jivo-kachi-ghani-mustard-cold-pressed-oil-healthy-cooking-oil-1l,Mumbai,400703,149,255,41.6,1
2026-06-01-0900,2026-06-01,zepto,jivo-kachi-ghani-mustard-cold-pressed-oil-healthy-cooking-oil-1l,Bengaluru,560014,149,255,41.6,1
2026-06-01-0900,2026-06-01,zepto,jivo-kachi-ghani-mustard-cold-pressed-oil-healthy-cooking-oil-1l,Bengaluru,560019,149,255,41.6,1
2026-06-01-0900,2026-06-01,zepto,jivo-kachi-ghani-mustard-cold-pressed-oil-healthy-cooking-oil-1l,Bengaluru,560028,149,255,41.6,1
2026-06-01-0900,2026-06-01,zepto,jivo-kachi-ghani-mustard-cold-pressed-oil-healthy-cooking-oil-1l,Bengaluru,560039,149,255,41.6,1
2026-06-01-0900,2026-06-01,zepto,jivo-kachi-ghani-mustard-cold-pressed-oil-healthy-cooking-oil-1l,Bengaluru,560069,149,255,41.6,1
2026-06-01-0900,2026-06-01,zepto,jivo-kachi-ghani-mustard-cold-pressed-oil-healthy-cooking-oil-1l,Mysuru,570016,149,255,41.6,0
2026-06-01-0900,2026-06-01,zepto,jivo-kachi-ghani-mustard-cold-pressed-oil-healthy-cooking-oil-1l,Mysuru,570026,149,255,41.6,1
2026-06-01-0900,2026-06-01,zepto,jivo-pomace-olive-oil-1l,Delhi,110004,379,1049,63.9,1
2026-06-01-0900,2026-06-01,zepto,jivo-pomace-olive-oil-1l,Delhi,110006,379,1049,63.9,1
2026-06-01-0900,2026-06-01,zepto,jivo-pomace-olive-oil-1l,Delhi,110007,379,1049,63.9,1
2026-06-01-0900,2026-06-01,zepto,jivo-pomace-olive-oil-1l,Delhi,110008,379,1049,63.9,1
2026-06-01-0900,2026-06-01,zepto,jivo-pomace-olive-oil-1l,Delhi,110009,379,1049,63.9,1
2026-06-01-0900,2026-06-01,zepto,jivo-pomace-olive-oil-1l,Delhi,110010,379,1049,63.9,1
2026-06-01-0900,2026-06-01,zepto,jivo-pomace-olive-oil-1l,Delhi,110013,379,1049,63.9,1
2026-06-01-0900,2026-06-01,zepto,jivo-pomace-olive-oil-1l,Delhi,110014,379,1049,63.9,1
2026-06-01-0900,2026-06-01,zepto,jivo-pomace-olive-oil-1l,Delhi,110015,379,1049,63.9,1
2026-06-01-0900,2026-06-01,zepto,jivo-pomace-olive-oil-1l,Delhi,110017,379,1049,63.9,1
2026-06-01-0900,2026-06-01,zepto,jivo-pomace-olive-oil-1l,Delhi,110018,379,1049,63.9,1
2026-06-01-0900,2026-06-01,zepto,jivo-pomace-olive-oil-1l,Delhi,110021,379,1049,63.9,1
2026-06-01-0900,2026-06-01,zepto,jivo-pomace-olive-oil-1l,Delhi,110024,379,1049,63.9,1
2026-06-01-0900,2026-06-01,zepto,jivo-pomace-olive-oil-1l,Delhi,110025,379,1049,63.9,1
2026-06-01-0900,2026-06-01,zepto,jivo-pomace-olive-oil-1l,Delhi,110031,379,1049,63.9,1
2026-06-01-0900,2026-06-01,zepto,jivo-pomace-olive-oil-1l,Delhi,110032,379,1049,63.9,1
2026-06-01-0900,2026-06-01,zepto,jivo-pomace-olive-oil-1l,Delhi,110033,379,1049,63.9,1
2026-06-01-0900,2026-06-01,zepto,jivo-pomace-olive-oil-1l,Delhi,110035,379,1049,63.9,1
2026-06-01-0900,2026-06-01,zepto,jivo-pomace-olive-oil-1l,Delhi,110040,379,1049,63.9,1
2026-06-01-0900,2026-06-01,zepto,jivo-pomace-olive-oil-1l,Delhi,110042,379,1049,63.9,1
2026-06-01-0900,2026-06-01,zepto,jivo-pomace-olive-oil-1l,Delhi,110046,379,1049,63.9,1
2026-06-01-0900,2026-06-01,zepto,jivo-pomace-olive-oil-1l,Delhi,110048,379,1049,63.9,1
2026-06-01-0900,2026-06-01,zepto,jivo-pomace-olive-oil-1l,Delhi,110051,379,1049,63.9,1
2026-06-01-0900,2026-06-01,zepto,jivo-pomace-olive-oil-1l,Delhi,110053,379,1049,63.9,1
2026-06-01-0900,2026-06-01,zepto,jivo-pomace-olive-oil-1l,Delhi,110062,379,1049,63.9,1
2026-06-01-0900,2026-06-01,zepto,jivo-pomace-olive-oil-1l,Delhi,110065,379,1049,63.9,1
2026-06-01-0900,2026-06-01,zepto,jivo-pomace-olive-oil-1l,Delhi,110067,379,1049,63.9,1
2026-06-01-0900,2026-06-01,zepto,jivo-pomace-olive-oil-1l,Delhi,110084,379,1049,63.9,1
2026-06-01-0900,2026-06-01,zepto,jivo-pomace-olive-oil-1l,Delhi,110085,379,1049,63.9,1
2026-06-01-0900,2026-06-01,zepto,jivo-pomace-olive-oil-1l,Delhi,110088,379,1049,63.9,1
2026-06-01-0900,2026-06-01,zepto,jivo-pomace-olive-oil-1l,Delhi,110090,379,1049,63.9,1
2026-06-01-0900,2026-06-01,zepto,jivo-pomace-olive-oil-1l,Delhi,110091,379,1049,63.9,1
2026-06-01-0900,2026-06-01,zepto,jivo-pomace-olive-oil-1l,Delhi,110092,379,1049,63.9,1
2026-06-01-0900,2026-06-01,zepto,jivo-pomace-olive-oil-1l,Delhi,110095,379,1049,63.9,1
2026-06-01-0900,2026-06-01,zepto,jivo-pomace-olive-oil-1l,Faridabad,121001,379,1049,63.9,1
2026-06-01-0900,2026-06-01,zepto,jivo-pomace-olive-oil-1l,Faridabad,121011,379,1049,63.9,1
2026-06-01-0900,2026-06-01,zepto,jivo-pomace-olive-oil-1l,Gurgaon,122004,379,1049,63.9,1
2026-06-01-0900,2026-06-01,zepto,jivo-pomace-olive-oil-1l,Gurgaon,122006,379,1049,63.9,1
2026-06-01-0900,2026-06-01,zepto,jivo-pomace-olive-oil-1l,Gurgaon,122010,379,1049,63.9,1
2026-06-01-0900,2026-06-01,zepto,jivo-pomace-olive-oil-1l,Gurgaon,122051,379,1049,63.9,1
2026-06-01-0900,2026-06-01,zepto,jivo-pomace-olive-oil-1l,Gurgaon,122101,379,1049,63.9,1
2026-06-01-0900,2026-06-01,zepto,jivo-pomace-olive-oil-1l,Ludhiana,141015,379,1049,63.9,1
2026-06-01-0900,2026-06-01,zepto,jivo-pomace-olive-oil-1l,Ludhiana,142022,379,1049,63.9,1
2026-06-01-0900,2026-06-01,zepto,jivo-pomace-olive-oil-1l,Ludhiana,142036,379,1049,63.9,1
2026-06-01-0900,2026-06-01,zepto,jivo-pomace-olive-oil-1l,Ghaziabad,201003,379,1049,63.9,1
2026-06-01-0900,2026-06-01,zepto,jivo-pomace-olive-oil-1l,Ghaziabad,201005,379,1049,63.9,1
2026-06-01-0900,2026-06-01,zepto,jivo-pomace-olive-oil-1l,Ghaziabad,201009,379,1049,63.9,1
2026-06-01-0900,2026-06-01,zepto,jivo-pomace-olive-oil-1l,Noida,201306,379,1049,63.9,1
2026-06-01-0900,2026-06-01,zepto,jivo-pomace-olive-oil-1l,Noida,201307,379,1049,63.9,1
2026-06-01-0900,2026-06-01,zepto,jivo-pomace-olive-oil-1l,Noida,201309,379,1049,63.9,1
2026-06-01-0900,2026-06-01,zepto,jivo-pomace-olive-oil-1l,Noida,201310,379,1049,63.9,1
2026-06-01-0900,2026-06-01,zepto,jivo-pomace-olive-oil-1l,Mumbai,400003,379,1049,63.9,1
2026-06-01-0900,2026-06-01,zepto,jivo-pomace-olive-oil-1l,Mumbai,400005,379,1049,63.9,1
2026-06-01-0900,2026-06-01,zepto,jivo-pomace-olive-oil-1l,Mumbai,400006,379,1049,63.9,1
2026-06-01-0900,2026-06-01,zepto,jivo-pomace-olive-oil-1l,Mumbai,400007,379,1049,63.9,1
2026-06-01-0900,2026-06-01,zepto,jivo-pomace-olive-oil-1l,Mumbai,400010,379,1049,63.9,1
2026-06-01-0900,2026-06-01,zepto,jivo-pomace-olive-oil-1l,Mumbai,400011,379,1049,63.9,1
2026-06-01-0900,2026-06-01,zepto,jivo-pomace-olive-oil-1l,Mumbai,400012,379,1049,63.9,1
2026-06-01-0900,2026-06-01,zepto,jivo-pomace-olive-oil-1l,Mumbai,400013,379,1049,63.9,1
2026-06-01-0900,2026-06-01,zepto,jivo-pomace-olive-oil-1l,Mumbai,400015,379,1049,63.9,1
2026-06-01-0900,2026-06-01,zepto,jivo-pomace-olive-oil-1l,Mumbai,400018,379,1049,63.9,1
2026-06-01-0900,2026-06-01,zepto,jivo-pomace-olive-oil-1l,Mumbai,400019,379,1049,63.9,1
2026-06-01-0900,2026-06-01,zepto,jivo-pomace-olive-oil-1l,Mumbai,400020,379,1049,63.9,1
2026-06-01-0900,2026-06-01,zepto,jivo-pomace-olive-oil-1l,Mumbai,400021,379,1049,63.9,1
2026-06-01-0900,2026-06-01,zepto,jivo-pomace-olive-oil-1l,Mumbai,400023,379,1049,63.9,1
2026-06-01-0900,2026-06-01,zepto,jivo-pomace-olive-oil-1l,Mumbai,400025,379,1049,63.9,1
2026-06-01-0900,2026-06-01,zepto,jivo-pomace-olive-oil-1l,Mumbai,400030,379,1049,63.9,1
2026-06-01-0900,2026-06-01,zepto,jivo-pomace-olive-oil-1l,Mumbai,400033,379,1049,63.9,1
2026-06-01-0900,2026-06-01,zepto,jivo-pomace-olive-oil-1l,Mumbai,400041,379,1049,63.9,1
2026-06-01-0900,2026-06-01,zepto,jivo-pomace-olive-oil-1l,Mumbai,400601,379,1049,63.9,1
2026-06-01-0900,2026-06-01,zepto,jivo-pomace-olive-oil-1l,Pune,411004,379,1049,63.9,1
2026-06-01-0900,2026-06-01,zepto,jivo-pomace-olive-oil-1l,Pune,411012,379,1049,63.9,1
2026-06-01-0900,2026-06-01,zepto,jivo-pomace-olive-oil-1l,Pune,411021,379,1049,63.9,1
2026-06-01-0900,2026-06-01,zepto,jivo-pomace-olive-oil-1l,Pune,411028,379,1049,63.9,1
2026-06-01-0900,2026-06-01,zepto,jivo-pomace-olive-oil-1l,Pune,411036,379,1049,63.9,1
2026-06-01-0900,2026-06-01,zepto,jivo-pomace-olive-oil-1l,Pune,411045,379,1049,63.9,1
2026-06-01-0900,2026-06-01,zepto,jivo-pomace-olive-oil-1l,Pune,411047,379,1049,63.9,1
2026-06-01-0900,2026-06-01,zepto,jivo-pomace-olive-oil-1l,Pune,411051,379,1049,63.9,1
2026-06-01-0900,2026-06-01,zepto,jivo-pomace-olive-oil-1l,Bengaluru,560014,379,1049,63.9,1
2026-06-01-0900,2026-06-01,zepto,jivo-pomace-olive-oil-1l,Bengaluru,560019,379,1049,63.9,1
2026-06-01-0900,2026-06-01,zepto,jivo-pomace-olive-oil-1l,Bengaluru,560028,379,1049,63.9,1
2026-06-01-0900,2026-06-01,zepto,jivo-pomace-olive-oil-1l,Bengaluru,560069,379,1049,63.9,1
2026-06-01-0900,2026-06-01,zepto,jivo-pomace-olive-oil-combo-1l,Delhi,110004,758,2098,63.9,1
2026-06-01-0900,2026-06-01,zepto,jivo-pomace-olive-oil-combo-1l,Delhi,110007,758,2098,63.9,1
2026-06-01-0900,2026-06-01,zepto,jivo-pomace-olive-oil-combo-1l,Delhi,110013,758,2098,63.9,1
2026-06-01-0900,2026-06-01,zepto,jivo-pomace-olive-oil-combo-1l,Delhi,110015,758,2098,63.9,1
2026-06-01-0900,2026-06-01,zepto,jivo-pomace-olive-oil-combo-1l,Delhi,110024,758,2098,63.9,1
2026-06-01-0900,2026-06-01,zepto,jivo-pomace-olive-oil-combo-1l,Delhi,110025,758,2098,63.9,1
2026-06-01-0900,2026-06-01,zepto,jivo-pomace-olive-oil-combo-1l,Delhi,110031,758,2098,63.9,1
2026-06-01-0900,2026-06-01,zepto,jivo-pomace-olive-oil-combo-1l,Delhi,110032,758,2098,63.9,1
2026-06-01-0900,2026-06-01,zepto,jivo-pomace-olive-oil-combo-1l,Delhi,110033,758,2098,63.9,1
2026-06-01-0900,2026-06-01,zepto,jivo-pomace-olive-oil-combo-1l,Delhi,110048,758,2098,63.9,1
2026-06-01-0900,2026-06-01,zepto,jivo-pomace-olive-oil-combo-1l,Delhi,110051,758,2098,63.9,1
2026-06-01-0900,2026-06-01,zepto,jivo-pomace-olive-oil-combo-1l,Delhi,110053,758,2098,63.9,1
2026-06-01-0900,2026-06-01,zepto,jivo-pomace-olive-oil-combo-1l,Delhi,110065,758,2098,63.9,1
2026-06-01-0900,2026-06-01,zepto,jivo-pomace-olive-oil-combo-1l,Delhi,110067,758,2098,63.9,1
2026-06-01-0900,2026-06-01,zepto,jivo-pomace-olive-oil-combo-1l,Delhi,110091,758,2098,63.9,1
2026-06-01-0900,2026-06-01,zepto,jivo-pomace-olive-oil-combo-1l,Delhi,110095,758,2098,63.9,1
2026-06-01-0900,2026-06-01,zepto,jivo-pomace-olive-oil-combo-1l,Faridabad,121001,758,2098,63.9,1
2026-06-01-0900,2026-06-01,zepto,jivo-pomace-olive-oil-combo-1l,Gurgaon,122004,758,2098,63.9,1
2026-06-01-0900,2026-06-01,zepto,jivo-pomace-olive-oil-combo-1l,Gurgaon,122006,758,2098,63.9,1
2026-06-01-0900,2026-06-01,zepto,jivo-pomace-olive-oil-combo-1l,Gurgaon,122010,758,2098,63.9,1
2026-06-01-0900,2026-06-01,zepto,jivo-pomace-olive-oil-combo-1l,Ghaziabad,201003,758,2098,63.9,1
2026-06-01-0900,2026-06-01,zepto,jivo-pomace-olive-oil-combo-1l,Noida,201306,758,2098,63.9,1
2026-06-01-0900,2026-06-01,zepto,jivo-pomace-olive-oil-combo-1l,Noida,201307,758,2098,63.9,1
2026-06-01-0900,2026-06-01,zepto,jivo-pomace-olive-oil-combo-1l,Noida,201309,758,2098,63.9,1
2026-06-01-0900,2026-06-01,zepto,jivo-pomace-olive-oil-combo-1l,Noida,201310,758,2098,63.9,1
2026-06-01-0900,2026-06-01,zepto,jivo-pomace-olive-oil-combo-1l,Mumbai,400003,758,2098,63.9,1
2026-06-01-0900,2026-06-01,zepto,jivo-pomace-olive-oil-combo-1l,Mumbai,400005,758,2098,63.9,1
2026-06-01-0900,2026-06-01,zepto,jivo-pomace-olive-oil-combo-1l,Mumbai,400006,758,2098,63.9,1
2026-06-01-0900,2026-06-01,zepto,jivo-pomace-olive-oil-combo-1l,Mumbai,400007,758,2098,63.9,1
2026-06-01-0900,2026-06-01,zepto,jivo-pomace-olive-oil-combo-1l,Mumbai,400010,758,2098,63.9,1
2026-06-01-0900,2026-06-01,zepto,jivo-pomace-olive-oil-combo-1l,Mumbai,400011,758,2098,63.9,1
2026-06-01-0900,2026-06-01,zepto,jivo-pomace-olive-oil-combo-1l,Mumbai,400012,758,2098,63.9,1
2026-06-01-0900,2026-06-01,zepto,jivo-pomace-olive-oil-combo-1l,Mumbai,400013,758,2098,63.9,1
2026-06-01-0900,2026-06-01,zepto,jivo-pomace-olive-oil-combo-1l,Mumbai,400015,758,2098,63.9,1
2026-06-01-0900,2026-06-01,zepto,jivo-pomace-olive-oil-combo-1l,Mumbai,400019,758,2098,63.9,1
2026-06-01-0900,2026-06-01,zepto,jivo-pomace-olive-oil-combo-1l,Mumbai,400020,758,2098,63.9,1
2026-06-01-0900,2026-06-01,zepto,jivo-pomace-olive-oil-combo-1l,Mumbai,400021,758,2098,63.9,1
2026-06-01-0900,2026-06-01,zepto,jivo-pomace-olive-oil-combo-1l,Mumbai,400023,758,2098,63.9,1
2026-06-01-0900,2026-06-01,zepto,jivo-pomace-olive-oil-combo-1l,Mumbai,400030,758,2098,63.9,1
2026-06-01-0900,2026-06-01,zepto,jivo-pomace-olive-oil-combo-1l,Mumbai,400033,758,2098,63.9,1
2026-06-01-0900,2026-06-01,zepto,jivo-pomace-olive-oil-combo-1l,Pune,411036,758,2098,63.9,1
2026-06-01-0900,2026-06-01,zepto,jivo-pomace-olive-oil-combo-1l,Pune,411045,758,2098,63.9,1
2026-06-01-0900,2026-06-01,zepto,jivo-pomace-olive-oil-combo-1l,Bengaluru,560069,758,2098,63.9,1
2026-06-01-0900,2026-06-01,zepto,jivo-sunflower-cold-pressed-oil-healthy-cooking-oil-1l,Delhi,110004,230,275,16.4,1
2026-06-01-0900,2026-06-01,zepto,jivo-sunflower-cold-pressed-oil-healthy-cooking-oil-1l,Delhi,110006,230,275,16.4,1
2026-06-01-0900,2026-06-01,zepto,jivo-sunflower-cold-pressed-oil-healthy-cooking-oil-1l,Delhi,110007,230,275,16.4,1
2026-06-01-0900,2026-06-01,zepto,jivo-sunflower-cold-pressed-oil-healthy-cooking-oil-1l,Delhi,110008,230,275,16.4,1
2026-06-01-0900,2026-06-01,zepto,jivo-sunflower-cold-pressed-oil-healthy-cooking-oil-1l,Delhi,110009,230,275,16.4,1
2026-06-01-0900,2026-06-01,zepto,jivo-sunflower-cold-pressed-oil-healthy-cooking-oil-1l,Delhi,110010,230,275,16.4,1
2026-06-01-0900,2026-06-01,zepto,jivo-sunflower-cold-pressed-oil-healthy-cooking-oil-1l,Delhi,110013,230,275,16.4,1
2026-06-01-0900,2026-06-01,zepto,jivo-sunflower-cold-pressed-oil-healthy-cooking-oil-1l,Delhi,110014,230,275,16.4,1
2026-06-01-0900,2026-06-01,zepto,jivo-sunflower-cold-pressed-oil-healthy-cooking-oil-1l,Delhi,110015,230,275,16.4,1
2026-06-01-0900,2026-06-01,zepto,jivo-sunflower-cold-pressed-oil-healthy-cooking-oil-1l,Delhi,110018,230,275,16.4,1
2026-06-01-0900,2026-06-01,zepto,jivo-sunflower-cold-pressed-oil-healthy-cooking-oil-1l,Delhi,110021,230,275,16.4,1
2026-06-01-0900,2026-06-01,zepto,jivo-sunflower-cold-pressed-oil-healthy-cooking-oil-1l,Delhi,110024,230,275,16.4,1
2026-06-01-0900,2026-06-01,zepto,jivo-sunflower-cold-pressed-oil-healthy-cooking-oil-1l,Delhi,110025,230,275,16.4,1
2026-06-01-0900,2026-06-01,zepto,jivo-sunflower-cold-pressed-oil-healthy-cooking-oil-1l,Delhi,110026,230,275,16.4,1
2026-06-01-0900,2026-06-01,zepto,jivo-sunflower-cold-pressed-oil-healthy-cooking-oil-1l,Delhi,110031,230,275,16.4,1
2026-06-01-0900,2026-06-01,zepto,jivo-sunflower-cold-pressed-oil-healthy-cooking-oil-1l,Delhi,110032,230,275,16.4,1
2026-06-01-0900,2026-06-01,zepto,jivo-sunflower-cold-pressed-oil-healthy-cooking-oil-1l,Delhi,110033,230,275,16.4,1
2026-06-01-0900,2026-06-01,zepto,jivo-sunflower-cold-pressed-oil-healthy-cooking-oil-1l,Delhi,110035,230,275,16.4,1
2026-06-01-0900,2026-06-01,zepto,jivo-sunflower-cold-pressed-oil-healthy-cooking-oil-1l,Delhi,110040,230,275,16.4,1
2026-06-01-0900,2026-06-01,zepto,jivo-sunflower-cold-pressed-oil-healthy-cooking-oil-1l,Delhi,110042,230,275,16.4,1
2026-06-01-0900,2026-06-01,zepto,jivo-sunflower-cold-pressed-oil-healthy-cooking-oil-1l,Delhi,110046,230,275,16.4,1
2026-06-01-0900,2026-06-01,zepto,jivo-sunflower-cold-pressed-oil-healthy-cooking-oil-1l,Delhi,110048,230,275,16.4,1
2026-06-01-0900,2026-06-01,zepto,jivo-sunflower-cold-pressed-oil-healthy-cooking-oil-1l,Delhi,110051,230,275,16.4,1
2026-06-01-0900,2026-06-01,zepto,jivo-sunflower-cold-pressed-oil-healthy-cooking-oil-1l,Delhi,110053,230,275,16.4,1
2026-06-01-0900,2026-06-01,zepto,jivo-sunflower-cold-pressed-oil-healthy-cooking-oil-1l,Delhi,110062,230,275,16.4,1
2026-06-01-0900,2026-06-01,zepto,jivo-sunflower-cold-pressed-oil-healthy-cooking-oil-1l,Delhi,110065,230,275,16.4,1
2026-06-01-0900,2026-06-01,zepto,jivo-sunflower-cold-pressed-oil-healthy-cooking-oil-1l,Delhi,110067,230,275,16.4,1
2026-06-01-0900,2026-06-01,zepto,jivo-sunflower-cold-pressed-oil-healthy-cooking-oil-1l,Delhi,110076,230,275,16.4,1
2026-06-01-0900,2026-06-01,zepto,jivo-sunflower-cold-pressed-oil-healthy-cooking-oil-1l,Delhi,110084,230,275,16.4,1
2026-06-01-0900,2026-06-01,zepto,jivo-sunflower-cold-pressed-oil-healthy-cooking-oil-1l,Delhi,110085,230,275,16.4,1
2026-06-01-0900,2026-06-01,zepto,jivo-sunflower-cold-pressed-oil-healthy-cooking-oil-1l,Delhi,110088,222,275,19.3,1
2026-06-01-0900,2026-06-01,zepto,jivo-sunflower-cold-pressed-oil-healthy-cooking-oil-1l,Delhi,110090,230,275,16.4,1
2026-06-01-0900,2026-06-01,zepto,jivo-sunflower-cold-pressed-oil-healthy-cooking-oil-1l,Delhi,110091,230,275,16.4,1
2026-06-01-0900,2026-06-01,zepto,jivo-sunflower-cold-pressed-oil-healthy-cooking-oil-1l,Delhi,110092,230,275,16.4,1
2026-06-01-0900,2026-06-01,zepto,jivo-sunflower-cold-pressed-oil-healthy-cooking-oil-1l,Delhi,110095,230,275,16.4,1
2026-06-01-0900,2026-06-01,zepto,jivo-sunflower-cold-pressed-oil-healthy-cooking-oil-1l,Faridabad,121001,230,275,16.4,1
2026-06-01-0900,2026-06-01,zepto,jivo-sunflower-cold-pressed-oil-healthy-cooking-oil-1l,Faridabad,121011,230,275,16.4,1
2026-06-01-0900,2026-06-01,zepto,jivo-sunflower-cold-pressed-oil-healthy-cooking-oil-1l,Gurgaon,122004,230,275,16.4,1
2026-06-01-0900,2026-06-01,zepto,jivo-sunflower-cold-pressed-oil-healthy-cooking-oil-1l,Gurgaon,122006,230,275,16.4,1
2026-06-01-0900,2026-06-01,zepto,jivo-sunflower-cold-pressed-oil-healthy-cooking-oil-1l,Gurgaon,122010,230,275,16.4,1
2026-06-01-0900,2026-06-01,zepto,jivo-sunflower-cold-pressed-oil-healthy-cooking-oil-1l,Gurgaon,122051,230,275,16.4,1
2026-06-01-0900,2026-06-01,zepto,jivo-sunflower-cold-pressed-oil-healthy-cooking-oil-1l,Gurgaon,122101,230,275,16.4,1
2026-06-01-0900,2026-06-01,zepto,jivo-sunflower-cold-pressed-oil-healthy-cooking-oil-1l,Ghaziabad,201003,230,275,16.4,1
2026-06-01-0900,2026-06-01,zepto,jivo-sunflower-cold-pressed-oil-healthy-cooking-oil-1l,Ghaziabad,201005,230,275,16.4,1
2026-06-01-0900,2026-06-01,zepto,jivo-sunflower-cold-pressed-oil-healthy-cooking-oil-1l,Ghaziabad,201009,219,275,20.4,1
2026-06-01-0900,2026-06-01,zepto,jivo-sunflower-cold-pressed-oil-healthy-cooking-oil-1l,Noida,201307,230,275,16.4,1
2026-06-01-0900,2026-06-01,zepto,jivo-sunflower-cold-pressed-oil-healthy-cooking-oil-1l,Noida,201309,230,275,16.4,1
2026-06-01-0900,2026-06-01,zepto,jivo-sunflower-cold-pressed-oil-healthy-cooking-oil-1l,Noida,201310,230,275,16.4,1
2026-06-01-0900,2026-06-01,zepto,jivo-sunflower-cold-pressed-oil-healthy-cooking-oil-1l,Mumbai,400005,230,275,16.4,1
2026-06-01-0900,2026-06-01,zepto,jivo-sunflower-cold-pressed-oil-healthy-cooking-oil-1l,Mumbai,400006,230,275,16.4,1
2026-06-01-0900,2026-06-01,zepto,jivo-sunflower-cold-pressed-oil-healthy-cooking-oil-1l,Mumbai,400007,230,275,16.4,1
2026-06-01-0900,2026-06-01,zepto,jivo-sunflower-cold-pressed-oil-healthy-cooking-oil-1l,Mumbai,400010,230,275,16.4,1
2026-06-01-0900,2026-06-01,zepto,jivo-sunflower-cold-pressed-oil-healthy-cooking-oil-1l,Mumbai,400011,230,275,16.4,1
2026-06-01-0900,2026-06-01,zepto,jivo-sunflower-cold-pressed-oil-healthy-cooking-oil-1l,Mumbai,400012,230,275,16.4,1
2026-06-01-0900,2026-06-01,zepto,jivo-sunflower-cold-pressed-oil-healthy-cooking-oil-1l,Mumbai,400013,230,275,16.4,1
2026-06-01-0900,2026-06-01,zepto,jivo-sunflower-cold-pressed-oil-healthy-cooking-oil-1l,Mumbai,400015,230,275,16.4,1
2026-06-01-0900,2026-06-01,zepto,jivo-sunflower-cold-pressed-oil-healthy-cooking-oil-1l,Mumbai,400018,230,275,16.4,1
2026-06-01-0900,2026-06-01,zepto,jivo-sunflower-cold-pressed-oil-healthy-cooking-oil-1l,Mumbai,400019,230,275,16.4,1
2026-06-01-0900,2026-06-01,zepto,jivo-sunflower-cold-pressed-oil-healthy-cooking-oil-1l,Mumbai,400020,230,275,16.4,1
2026-06-01-0900,2026-06-01,zepto,jivo-sunflower-cold-pressed-oil-healthy-cooking-oil-1l,Mumbai,400023,230,275,16.4,1
2026-06-01-0900,2026-06-01,zepto,jivo-sunflower-cold-pressed-oil-healthy-cooking-oil-1l,Mumbai,400025,230,275,16.4,1
2026-06-01-0900,2026-06-01,zepto,jivo-sunflower-cold-pressed-oil-healthy-cooking-oil-1l,Mumbai,400030,230,275,16.4,1
2026-06-01-0900,2026-06-01,zepto,jivo-sunflower-cold-pressed-oil-healthy-cooking-oil-1l,Mumbai,400033,230,275,16.4,1
2026-06-01-0900,2026-06-01,zepto,jivo-sunflower-cold-pressed-oil-healthy-cooking-oil-1l,Mumbai,400090,230,275,16.4,1
2026-06-01-0900,2026-06-01,zepto,jivo-sunflower-cold-pressed-oil-healthy-cooking-oil-1l,Mumbai,400601,230,275,16.4,1
2026-06-01-0900,2026-06-01,zepto,jivo-sunflower-cold-pressed-oil-healthy-cooking-oil-1l,Mumbai,400611,230,275,16.4,1
2026-06-01-0900,2026-06-01,zepto,jivo-sunflower-cold-pressed-oil-healthy-cooking-oil-1l,Mumbai,400703,230,275,16.4,1
2026-06-01-0900,2026-06-01,zepto,jivo-sunflower-cold-pressed-oil-healthy-cooking-oil-1l,Bengaluru,560069,230,275,16.4,1
2026-06-01-1200,2026-06-01,zepto,jivo-cold-press-canola-oil-combo-bottle-2l,Delhi,110004,485,750,35.3,1
2026-06-01-1200,2026-06-01,zepto,jivo-cold-press-canola-oil-combo-bottle-2l,Delhi,110006,485,750,35.3,1
2026-06-01-1200,2026-06-01,zepto,jivo-cold-press-canola-oil-combo-bottle-2l,Delhi,110009,485,750,35.3,1
2026-06-01-1200,2026-06-01,zepto,jivo-cold-press-canola-oil-combo-bottle-2l,Delhi,110010,485,750,35.3,1
2026-06-01-1200,2026-06-01,zepto,jivo-cold-press-canola-oil-combo-bottle-2l,Delhi,110013,485,750,35.3,1
2026-06-01-1200,2026-06-01,zepto,jivo-cold-press-canola-oil-combo-bottle-2l,Delhi,110014,485,750,35.3,1
2026-06-01-1200,2026-06-01,zepto,jivo-cold-press-canola-oil-combo-bottle-2l,Delhi,110015,485,750,35.3,1
2026-06-01-1200,2026-06-01,zepto,jivo-cold-press-canola-oil-combo-bottle-2l,Delhi,110017,520,750,30.7,1
2026-06-01-1200,2026-06-01,zepto,jivo-cold-press-canola-oil-combo-bottle-2l,Delhi,110025,485,750,35.3,1
2026-06-01-1200,2026-06-01,zepto,jivo-cold-press-canola-oil-combo-bottle-2l,Delhi,110031,485,750,35.3,1
2026-06-01-1200,2026-06-01,zepto,jivo-cold-press-canola-oil-combo-bottle-2l,Delhi,110032,485,750,35.3,1
2026-06-01-1200,2026-06-01,zepto,jivo-cold-press-canola-oil-combo-bottle-2l,Delhi,110035,520,750,30.7,1
2026-06-01-1200,2026-06-01,zepto,jivo-cold-press-canola-oil-combo-bottle-2l,Delhi,110040,485,750,35.3,1
2026-06-01-1200,2026-06-01,zepto,jivo-cold-press-canola-oil-combo-bottle-2l,Delhi,110042,485,750,35.3,1
2026-06-01-1200,2026-06-01,zepto,jivo-cold-press-canola-oil-combo-bottle-2l,Delhi,110048,485,750,35.3,1
2026-06-01-1200,2026-06-01,zepto,jivo-cold-press-canola-oil-combo-bottle-2l,Delhi,110053,485,750,35.3,1
2026-06-01-1200,2026-06-01,zepto,jivo-cold-press-canola-oil-combo-bottle-2l,Delhi,110062,485,750,35.3,1
2026-06-01-1200,2026-06-01,zepto,jivo-cold-press-canola-oil-combo-bottle-2l,Delhi,110065,485,750,35.3,1
2026-06-01-1200,2026-06-01,zepto,jivo-cold-press-canola-oil-combo-bottle-2l,Delhi,110076,485,750,35.3,1
2026-06-01-1200,2026-06-01,zepto,jivo-cold-press-canola-oil-combo-bottle-2l,Delhi,110085,485,750,35.3,1
2026-06-01-1200,2026-06-01,zepto,jivo-cold-press-canola-oil-combo-bottle-2l,Delhi,110091,485,750,35.3,1
2026-06-01-1200,2026-06-01,zepto,jivo-cold-press-canola-oil-combo-bottle-2l,Delhi,110092,520,750,30.7,1
2026-06-01-1200,2026-06-01,zepto,jivo-cold-press-canola-oil-combo-bottle-2l,Delhi,110095,485,750,35.3,1
2026-06-01-1200,2026-06-01,zepto,jivo-cold-press-canola-oil-combo-bottle-2l,Ludhiana,141015,485,750,35.3,1
2026-06-01-1200,2026-06-01,zepto,jivo-cold-press-canola-oil-combo-bottle-2l,Ludhiana,142036,485,750,35.3,1
2026-06-01-1200,2026-06-01,zepto,jivo-cold-press-canola-oil-combo-bottle-2l,Chandigarh,160011,485,750,35.3,1
2026-06-01-1200,2026-06-01,zepto,jivo-cold-press-canola-oil-combo-bottle-2l,Chandigarh,160021,485,750,35.3,1
2026-06-01-1200,2026-06-01,zepto,jivo-cold-press-canola-oil-combo-bottle-2l,Chandigarh,160035,485,750,35.3,1
2026-06-01-1200,2026-06-01,zepto,jivo-cold-press-canola-oil-combo-bottle-2l,Chandigarh,160043,485,750,35.3,1
2026-06-01-1200,2026-06-01,zepto,jivo-cold-press-canola-oil-combo-bottle-2l,Bengaluru,560069,485,750,35.3,1
2026-06-01-1200,2026-06-01,zepto,jivo-daily-pomace-olive-oil-2l,Bengaluru,560014,941,1449,35.1,1
2026-06-01-1200,2026-06-01,zepto,jivo-extra-light-olive-oil-1l,Delhi,110004,499,1499,66.7,1
2026-06-01-1200,2026-06-01,zepto,jivo-extra-light-olive-oil-1l,Delhi,110006,499,1499,66.7,1
2026-06-01-1200,2026-06-01,zepto,jivo-extra-light-olive-oil-1l,Delhi,110007,499,1499,66.7,1
2026-06-01-1200,2026-06-01,zepto,jivo-extra-light-olive-oil-1l,Delhi,110008,499,1499,66.7,1
2026-06-01-1200,2026-06-01,zepto,jivo-extra-light-olive-oil-1l,Delhi,110009,499,1499,66.7,1
2026-06-01-1200,2026-06-01,zepto,jivo-extra-light-olive-oil-1l,Delhi,110010,499,1499,66.7,1
2026-06-01-1200,2026-06-01,zepto,jivo-extra-light-olive-oil-1l,Delhi,110013,499,1499,66.7,1
2026-06-01-1200,2026-06-01,zepto,jivo-extra-light-olive-oil-1l,Delhi,110014,499,1499,66.7,1
2026-06-01-1200,2026-06-01,zepto,jivo-extra-light-olive-oil-1l,Delhi,110015,499,1499,66.7,1
2026-06-01-1200,2026-06-01,zepto,jivo-extra-light-olive-oil-1l,Delhi,110017,499,1499,66.7,1
2026-06-01-1200,2026-06-01,zepto,jivo-extra-light-olive-oil-1l,Delhi,110018,499,1499,66.7,1
2026-06-01-1200,2026-06-01,zepto,jivo-extra-light-olive-oil-1l,Delhi,110024,499,1499,66.7,1
2026-06-01-1200,2026-06-01,zepto,jivo-extra-light-olive-oil-1l,Delhi,110025,499,1499,66.7,1
2026-06-01-1200,2026-06-01,zepto,jivo-extra-light-olive-oil-1l,Delhi,110026,499,1499,66.7,1
2026-06-01-1200,2026-06-01,zepto,jivo-extra-light-olive-oil-1l,Delhi,110031,499,1499,66.7,1
2026-06-01-1200,2026-06-01,zepto,jivo-extra-light-olive-oil-1l,Delhi,110032,499,1499,66.7,1
2026-06-01-1200,2026-06-01,zepto,jivo-extra-light-olive-oil-1l,Delhi,110033,499,1499,66.7,1
2026-06-01-1200,2026-06-01,zepto,jivo-extra-light-olive-oil-1l,Delhi,110035,499,1499,66.7,1
2026-06-01-1200,2026-06-01,zepto,jivo-extra-light-olive-oil-1l,Delhi,110040,499,1499,66.7,1
2026-06-01-1200,2026-06-01,zepto,jivo-extra-light-olive-oil-1l,Delhi,110042,499,1499,66.7,1
2026-06-01-1200,2026-06-01,zepto,jivo-extra-light-olive-oil-1l,Delhi,110046,499,1499,66.7,1
2026-06-01-1200,2026-06-01,zepto,jivo-extra-light-olive-oil-1l,Delhi,110048,499,1499,66.7,1
2026-06-01-1200,2026-06-01,zepto,jivo-extra-light-olive-oil-1l,Delhi,110051,499,1499,66.7,1
2026-06-01-1200,2026-06-01,zepto,jivo-extra-light-olive-oil-1l,Delhi,110053,499,1499,66.7,1
2026-06-01-1200,2026-06-01,zepto,jivo-extra-light-olive-oil-1l,Delhi,110062,499,1499,66.7,1
2026-06-01-1200,2026-06-01,zepto,jivo-extra-light-olive-oil-1l,Delhi,110065,499,1499,66.7,1
2026-06-01-1200,2026-06-01,zepto,jivo-extra-light-olive-oil-1l,Delhi,110067,499,1499,66.7,1
2026-06-01-1200,2026-06-01,zepto,jivo-extra-light-olive-oil-1l,Delhi,110076,499,1499,66.7,1
2026-06-01-1200,2026-06-01,zepto,jivo-extra-light-olive-oil-1l,Delhi,110084,499,1499,66.7,1
2026-06-01-1200,2026-06-01,zepto,jivo-extra-light-olive-oil-1l,Delhi,110085,499,1499,66.7,1
2026-06-01-1200,2026-06-01,zepto,jivo-extra-light-olive-oil-1l,Delhi,110088,499,1499,66.7,1
2026-06-01-1200,2026-06-01,zepto,jivo-extra-light-olive-oil-1l,Delhi,110090,499,1499,66.7,1
2026-06-01-1200,2026-06-01,zepto,jivo-extra-light-olive-oil-1l,Delhi,110091,499,1499,66.7,1
2026-06-01-1200,2026-06-01,zepto,jivo-extra-light-olive-oil-1l,Delhi,110092,499,1499,66.7,1
2026-06-01-1200,2026-06-01,zepto,jivo-extra-light-olive-oil-1l,Delhi,110095,499,1499,66.7,1
2026-06-01-1200,2026-06-01,zepto,jivo-extra-light-olive-oil-1l,Faridabad,121011,499,1499,66.7,1
2026-06-01-1200,2026-06-01,zepto,jivo-extra-light-olive-oil-1l,Gurgaon,122004,499,1499,66.7,1
2026-06-01-1200,2026-06-01,zepto,jivo-extra-light-olive-oil-1l,Gurgaon,122006,499,1499,66.7,1
2026-06-01-1200,2026-06-01,zepto,jivo-extra-light-olive-oil-1l,Gurgaon,122010,499,1499,66.7,1
2026-06-01-1200,2026-06-01,zepto,jivo-extra-light-olive-oil-1l,Gurgaon,122051,499,1499,66.7,1
2026-06-01-1200,2026-06-01,zepto,jivo-extra-light-olive-oil-1l,Gurgaon,122101,499,1499,66.7,1
2026-06-01-1200,2026-06-01,zepto,jivo-extra-light-olive-oil-1l,Ludhiana,141015,499,1499,66.7,1
2026-06-01-1200,2026-06-01,zepto,jivo-extra-light-olive-oil-1l,Ludhiana,142022,499,1499,66.7,1
2026-06-01-1200,2026-06-01,zepto,jivo-extra-light-olive-oil-1l,Ludhiana,142036,499,1499,66.7,1
2026-06-01-1200,2026-06-01,zepto,jivo-extra-light-olive-oil-1l,Chandigarh,160011,499,1499,66.7,1
2026-06-01-1200,2026-06-01,zepto,jivo-extra-light-olive-oil-1l,Chandigarh,160021,499,1499,66.7,1
2026-06-01-1200,2026-06-01,zepto,jivo-extra-light-olive-oil-1l,Chandigarh,160035,499,1499,66.7,1
2026-06-01-1200,2026-06-01,zepto,jivo-extra-light-olive-oil-1l,Chandigarh,160043,499,1499,66.7,1
2026-06-01-1200,2026-06-01,zepto,jivo-extra-light-olive-oil-1l,Ghaziabad,201003,499,1499,66.7,1
2026-06-01-1200,2026-06-01,zepto,jivo-extra-light-olive-oil-1l,Ghaziabad,201005,499,1499,66.7,1
2026-06-01-1200,2026-06-01,zepto,jivo-extra-light-olive-oil-1l,Ghaziabad,201009,499,1499,66.7,1
2026-06-01-1200,2026-06-01,zepto,jivo-extra-light-olive-oil-1l,Noida,201306,499,1499,66.7,1
2026-06-01-1200,2026-06-01,zepto,jivo-extra-light-olive-oil-1l,Noida,201307,499,1499,66.7,1
2026-06-01-1200,2026-06-01,zepto,jivo-extra-light-olive-oil-1l,Noida,201309,499,1499,66.7,1
2026-06-01-1200,2026-06-01,zepto,jivo-extra-light-olive-oil-1l,Noida,201310,499,1499,66.7,1
2026-06-01-1200,2026-06-01,zepto,jivo-extra-light-olive-oil-1l,Mumbai,400003,499,1499,66.7,1
2026-06-01-1200,2026-06-01,zepto,jivo-extra-light-olive-oil-1l,Mumbai,400005,499,1499,66.7,1
2026-06-01-1200,2026-06-01,zepto,jivo-extra-light-olive-oil-1l,Mumbai,400006,499,1499,66.7,1
2026-06-01-1200,2026-06-01,zepto,jivo-extra-light-olive-oil-1l,Mumbai,400007,499,1499,66.7,1
2026-06-01-1200,2026-06-01,zepto,jivo-extra-light-olive-oil-1l,Mumbai,400010,499,1499,66.7,1
2026-06-01-1200,2026-06-01,zepto,jivo-extra-light-olive-oil-1l,Mumbai,400011,499,1499,66.7,1
2026-06-01-1200,2026-06-01,zepto,jivo-extra-light-olive-oil-1l,Mumbai,400012,499,1499,66.7,1
2026-06-01-1200,2026-06-01,zepto,jivo-extra-light-olive-oil-1l,Mumbai,400013,499,1499,66.7,1
2026-06-01-1200,2026-06-01,zepto,jivo-extra-light-olive-oil-1l,Mumbai,400015,499,1499,66.7,1
2026-06-01-1200,2026-06-01,zepto,jivo-extra-light-olive-oil-1l,Mumbai,400017,499,1499,66.7,1
2026-06-01-1200,2026-06-01,zepto,jivo-extra-light-olive-oil-1l,Mumbai,400018,499,1499,66.7,1
2026-06-01-1200,2026-06-01,zepto,jivo-extra-light-olive-oil-1l,Mumbai,400019,499,1499,66.7,1
2026-06-01-1200,2026-06-01,zepto,jivo-extra-light-olive-oil-1l,Mumbai,400020,499,1499,66.7,1
2026-06-01-1200,2026-06-01,zepto,jivo-extra-light-olive-oil-1l,Mumbai,400021,499,1499,66.7,1
2026-06-01-1200,2026-06-01,zepto,jivo-extra-light-olive-oil-1l,Mumbai,400023,499,1499,66.7,1
2026-06-01-1200,2026-06-01,zepto,jivo-extra-light-olive-oil-1l,Mumbai,400025,499,1499,66.7,1
2026-06-01-1200,2026-06-01,zepto,jivo-extra-light-olive-oil-1l,Mumbai,400030,499,1499,66.7,1
2026-06-01-1200,2026-06-01,zepto,jivo-extra-light-olive-oil-1l,Mumbai,400033,499,1499,66.7,1
2026-06-01-1200,2026-06-01,zepto,jivo-extra-light-olive-oil-1l,Mumbai,400041,499,1499,66.7,1
2026-06-01-1200,2026-06-01,zepto,jivo-extra-light-olive-oil-1l,Mumbai,400090,499,1499,66.7,1
2026-06-01-1200,2026-06-01,zepto,jivo-extra-light-olive-oil-1l,Mumbai,400601,499,1499,66.7,1
2026-06-01-1200,2026-06-01,zepto,jivo-extra-light-olive-oil-1l,Mumbai,400611,499,1499,66.7,1
2026-06-01-1200,2026-06-01,zepto,jivo-extra-light-olive-oil-1l,Mumbai,400703,499,1499,66.7,1
2026-06-01-1200,2026-06-01,zepto,jivo-extra-light-olive-oil-1l,Pune,410506,719,1499,52,1
2026-06-01-1200,2026-06-01,zepto,jivo-extra-light-olive-oil-1l,Pune,411004,499,1499,66.7,1
2026-06-01-1200,2026-06-01,zepto,jivo-extra-light-olive-oil-1l,Pune,411006,499,1499,66.7,1
2026-06-01-1200,2026-06-01,zepto,jivo-extra-light-olive-oil-1l,Pune,411011,499,1499,66.7,1
2026-06-01-1200,2026-06-01,zepto,jivo-extra-light-olive-oil-1l,Pune,411014,499,1499,66.7,1
2026-06-01-1200,2026-06-01,zepto,jivo-extra-light-olive-oil-1l,Pune,411015,499,1499,66.7,1
2026-06-01-1200,2026-06-01,zepto,jivo-extra-light-olive-oil-1l,Pune,411021,499,1499,66.7,1
2026-06-01-1200,2026-06-01,zepto,jivo-extra-light-olive-oil-1l,Pune,411028,499,1499,66.7,1
2026-06-01-1200,2026-06-01,zepto,jivo-extra-light-olive-oil-1l,Pune,411036,499,1499,66.7,1
2026-06-01-1200,2026-06-01,zepto,jivo-extra-light-olive-oil-1l,Pune,411045,499,1499,66.7,1
2026-06-01-1200,2026-06-01,zepto,jivo-extra-light-olive-oil-1l,Pune,411047,499,1499,66.7,1
2026-06-01-1200,2026-06-01,zepto,jivo-extra-light-olive-oil-1l,Pune,411051,499,1499,66.7,1
2026-06-01-1200,2026-06-01,zepto,jivo-extra-light-olive-oil-1l,Bengaluru,560014,499,1499,66.7,1
2026-06-01-1200,2026-06-01,zepto,jivo-extra-light-olive-oil-1l,Bengaluru,560069,499,1499,66.7,1
2026-06-01-1200,2026-06-01,zepto,jivo-extra-light-olive-oil-2l,Delhi,110010,1504,2799,46.3,1
2026-06-01-1200,2026-06-01,zepto,jivo-extra-light-olive-oil-2l,Delhi,110014,1504,2799,46.3,1
2026-06-01-1200,2026-06-01,zepto,jivo-extra-light-olive-oil-2l,Delhi,110031,1504,2799,46.3,1
2026-06-01-1200,2026-06-01,zepto,jivo-extra-light-olive-oil-2l,Delhi,110040,1504,2799,46.3,1
2026-06-01-1200,2026-06-01,zepto,jivo-extra-light-olive-oil-2l,Delhi,110042,1504,2799,46.3,1
2026-06-01-1200,2026-06-01,zepto,jivo-extra-light-olive-oil-2l,Delhi,110062,1504,2799,46.3,1
2026-06-01-1200,2026-06-01,zepto,jivo-extra-light-olive-oil-2l,Delhi,110067,1504,2799,46.3,1
2026-06-01-1200,2026-06-01,zepto,jivo-extra-light-olive-oil-2l,Delhi,110084,1504,2799,46.3,1
2026-06-01-1200,2026-06-01,zepto,jivo-extra-light-olive-oil-2l,Delhi,110088,1174,2799,58.1,1
2026-06-01-1200,2026-06-01,zepto,jivo-extra-light-olive-oil-2l,Delhi,110090,1504,2799,46.3,1
2026-06-01-1200,2026-06-01,zepto,jivo-extra-light-olive-oil-2l,Gurgaon,122051,1504,2799,46.3,1
2026-06-01-1200,2026-06-01,zepto,jivo-extra-light-olive-oil-2l,Gurgaon,122101,1504,2799,46.3,1
2026-06-01-1200,2026-06-01,zepto,jivo-extra-light-olive-oil-2l,Ghaziabad,201003,1504,2799,46.3,1
2026-06-01-1200,2026-06-01,zepto,jivo-extra-light-olive-oil-2l,Ghaziabad,201009,1177,2799,57.9,1
2026-06-01-1200,2026-06-01,zepto,jivo-extra-light-olive-oil-2l,Noida,201309,1504,2799,46.3,1
2026-06-01-1200,2026-06-01,zepto,jivo-extra-light-olive-oil-2l,Noida,201310,1504,2799,46.3,1
2026-06-01-1200,2026-06-01,zepto,jivo-extra-light-olive-oil-2l,Mumbai,400005,1505,2799,46.2,1
2026-06-01-1200,2026-06-01,zepto,jivo-extra-light-olive-oil-2l,Mumbai,400006,1505,2799,46.2,1
2026-06-01-1200,2026-06-01,zepto,jivo-extra-light-olive-oil-2l,Mumbai,400007,1505,2799,46.2,1
2026-06-01-1200,2026-06-01,zepto,jivo-extra-light-olive-oil-2l,Mumbai,400010,1505,2799,46.2,1
2026-06-01-1200,2026-06-01,zepto,jivo-extra-light-olive-oil-2l,Mumbai,400011,1505,2799,46.2,1
2026-06-01-1200,2026-06-01,zepto,jivo-extra-light-olive-oil-2l,Mumbai,400012,1505,2799,46.2,1
2026-06-01-1200,2026-06-01,zepto,jivo-extra-light-olive-oil-2l,Mumbai,400013,1505,2799,46.2,1
2026-06-01-1200,2026-06-01,zepto,jivo-extra-light-olive-oil-2l,Mumbai,400015,1505,2799,46.2,1
2026-06-01-1200,2026-06-01,zepto,jivo-extra-light-olive-oil-2l,Mumbai,400017,1505,2799,46.2,1
2026-06-01-1200,2026-06-01,zepto,jivo-extra-light-olive-oil-2l,Mumbai,400018,1505,2799,46.2,1
2026-06-01-1200,2026-06-01,zepto,jivo-extra-light-olive-oil-2l,Mumbai,400019,1505,2799,46.2,1
2026-06-01-1200,2026-06-01,zepto,jivo-extra-light-olive-oil-2l,Mumbai,400020,1505,2799,46.2,1
2026-06-01-1200,2026-06-01,zepto,jivo-extra-light-olive-oil-2l,Mumbai,400023,1505,2799,46.2,1
2026-06-01-1200,2026-06-01,zepto,jivo-extra-light-olive-oil-2l,Mumbai,400025,1505,2799,46.2,1
2026-06-01-1200,2026-06-01,zepto,jivo-extra-light-olive-oil-2l,Mumbai,400030,1505,2799,46.2,1
2026-06-01-1200,2026-06-01,zepto,jivo-extra-light-olive-oil-2l,Mumbai,400033,1505,2799,46.2,1
2026-06-01-1200,2026-06-01,zepto,jivo-extra-light-olive-oil-2l,Mumbai,400090,1505,2799,46.2,1
2026-06-01-1200,2026-06-01,zepto,jivo-extra-light-olive-oil-2l,Mumbai,400601,1505,2799,46.2,1
2026-06-01-1200,2026-06-01,zepto,jivo-extra-light-olive-oil-2l,Mumbai,400611,1505,2799,46.2,1
2026-06-01-1200,2026-06-01,zepto,jivo-extra-light-olive-oil-2l,Mumbai,400703,1505,2799,46.2,1
2026-06-01-1200,2026-06-01,zepto,jivo-extra-light-olive-oil-combo-1l,Delhi,110004,998,2998,66.7,1
2026-06-01-1200,2026-06-01,zepto,jivo-extra-light-olive-oil-combo-1l,Delhi,110007,998,2998,66.7,1
2026-06-01-1200,2026-06-01,zepto,jivo-extra-light-olive-oil-combo-1l,Delhi,110013,998,2998,66.7,1
2026-06-01-1200,2026-06-01,zepto,jivo-extra-light-olive-oil-combo-1l,Delhi,110015,998,2998,66.7,1
2026-06-01-1200,2026-06-01,zepto,jivo-extra-light-olive-oil-combo-1l,Delhi,110025,998,2998,66.7,1
2026-06-01-1200,2026-06-01,zepto,jivo-extra-light-olive-oil-combo-1l,Delhi,110026,998,2998,66.7,1
2026-06-01-1200,2026-06-01,zepto,jivo-extra-light-olive-oil-combo-1l,Delhi,110031,998,2998,66.7,1
2026-06-01-1200,2026-06-01,zepto,jivo-extra-light-olive-oil-combo-1l,Delhi,110032,998,2998,66.7,1
2026-06-01-1200,2026-06-01,zepto,jivo-extra-light-olive-oil-combo-1l,Delhi,110033,998,2998,66.7,1
2026-06-01-1200,2026-06-01,zepto,jivo-extra-light-olive-oil-combo-1l,Delhi,110040,998,2998,66.7,1
2026-06-01-1200,2026-06-01,zepto,jivo-extra-light-olive-oil-combo-1l,Delhi,110048,998,2998,66.7,1
2026-06-01-1200,2026-06-01,zepto,jivo-extra-light-olive-oil-combo-1l,Delhi,110051,998,2998,66.7,1
2026-06-01-1200,2026-06-01,zepto,jivo-extra-light-olive-oil-combo-1l,Delhi,110053,998,2998,66.7,1
2026-06-01-1200,2026-06-01,zepto,jivo-extra-light-olive-oil-combo-1l,Delhi,110065,998,2998,66.7,1
2026-06-01-1200,2026-06-01,zepto,jivo-extra-light-olive-oil-combo-1l,Delhi,110067,998,2998,66.7,1
2026-06-01-1200,2026-06-01,zepto,jivo-extra-light-olive-oil-combo-1l,Delhi,110084,998,2998,66.7,1
2026-06-01-1200,2026-06-01,zepto,jivo-extra-light-olive-oil-combo-1l,Delhi,110085,998,2998,66.7,1
2026-06-01-1200,2026-06-01,zepto,jivo-extra-light-olive-oil-combo-1l,Delhi,110091,998,2998,66.7,1
2026-06-01-1200,2026-06-01,zepto,jivo-extra-light-olive-oil-combo-1l,Delhi,110095,998,2998,66.7,1
2026-06-01-1200,2026-06-01,zepto,jivo-extra-light-olive-oil-combo-1l,Gurgaon,122004,998,2998,66.7,1
2026-06-01-1200,2026-06-01,zepto,jivo-extra-light-olive-oil-combo-1l,Gurgaon,122006,998,2998,66.7,1
2026-06-01-1200,2026-06-01,zepto,jivo-extra-light-olive-oil-combo-1l,Gurgaon,122010,998,2998,66.7,1
2026-06-01-1200,2026-06-01,zepto,jivo-extra-light-olive-oil-combo-1l,Gurgaon,122051,998,2998,66.7,1
2026-06-01-1200,2026-06-01,zepto,jivo-extra-light-olive-oil-combo-1l,Gurgaon,122101,998,2998,66.7,1
2026-06-01-1200,2026-06-01,zepto,jivo-extra-light-olive-oil-combo-1l,Noida,201306,998,2998,66.7,1
2026-06-01-1200,2026-06-01,zepto,jivo-extra-light-olive-oil-combo-1l,Noida,201309,998,2998,66.7,1
2026-06-01-1200,2026-06-01,zepto,jivo-extra-light-olive-oil-combo-1l,Noida,201310,998,2998,66.7,1
2026-06-01-1200,2026-06-01,zepto,jivo-extra-light-olive-oil-combo-1l,Mumbai,400003,998,2998,66.7,1
2026-06-01-1200,2026-06-01,zepto,jivo-extra-light-olive-oil-combo-1l,Mumbai,400005,998,2998,66.7,1
2026-06-01-1200,2026-06-01,zepto,jivo-extra-light-olive-oil-combo-1l,Mumbai,400006,998,2998,66.7,1
2026-06-01-1200,2026-06-01,zepto,jivo-extra-light-olive-oil-combo-1l,Mumbai,400007,998,2998,66.7,1
2026-06-01-1200,2026-06-01,zepto,jivo-extra-light-olive-oil-combo-1l,Mumbai,400010,998,2998,66.7,1
2026-06-01-1200,2026-06-01,zepto,jivo-extra-light-olive-oil-combo-1l,Mumbai,400011,998,2998,66.7,1
2026-06-01-1200,2026-06-01,zepto,jivo-extra-light-olive-oil-combo-1l,Mumbai,400012,998,2998,66.7,1
2026-06-01-1200,2026-06-01,zepto,jivo-extra-light-olive-oil-combo-1l,Mumbai,400013,998,2998,66.7,1
2026-06-01-1200,2026-06-01,zepto,jivo-extra-light-olive-oil-combo-1l,Mumbai,400015,998,2998,66.7,1
2026-06-01-1200,2026-06-01,zepto,jivo-extra-light-olive-oil-combo-1l,Mumbai,400019,998,2998,66.7,1
2026-06-01-1200,2026-06-01,zepto,jivo-extra-light-olive-oil-combo-1l,Mumbai,400020,998,2998,66.7,1
2026-06-01-1200,2026-06-01,zepto,jivo-extra-light-olive-oil-combo-1l,Mumbai,400021,998,2998,66.7,1
2026-06-01-1200,2026-06-01,zepto,jivo-extra-light-olive-oil-combo-1l,Mumbai,400023,998,2998,66.7,1
2026-06-01-1200,2026-06-01,zepto,jivo-extra-light-olive-oil-combo-1l,Mumbai,400030,998,2998,66.7,1
2026-06-01-1200,2026-06-01,zepto,jivo-extra-light-olive-oil-combo-1l,Mumbai,400033,998,2998,66.7,1
2026-06-01-1200,2026-06-01,zepto,jivo-extra-light-olive-oil-combo-1l,Mumbai,400090,998,2998,66.7,1
2026-06-01-1200,2026-06-01,zepto,jivo-extra-light-olive-oil-combo-1l,Mumbai,400601,998,2998,66.7,1
2026-06-01-1200,2026-06-01,zepto,jivo-extra-light-olive-oil-combo-1l,Mumbai,400611,998,2998,66.7,1
2026-06-01-1200,2026-06-01,zepto,jivo-extra-light-olive-oil-combo-1l,Mumbai,400703,998,2998,66.7,1
2026-06-01-1200,2026-06-01,zepto,jivo-extra-light-olive-oil-combo-1l,Pune,411006,998,2998,66.7,1
2026-06-01-1200,2026-06-01,zepto,jivo-extra-light-olive-oil-combo-1l,Pune,411011,998,2998,66.7,1
2026-06-01-1200,2026-06-01,zepto,jivo-extra-light-olive-oil-combo-1l,Pune,411015,998,2998,66.7,1
2026-06-01-1200,2026-06-01,zepto,jivo-extra-light-olive-oil-combo-1l,Pune,411021,998,2998,66.7,1
2026-06-01-1200,2026-06-01,zepto,jivo-extra-light-olive-oil-combo-1l,Pune,411045,998,2998,66.7,1
2026-06-01-1200,2026-06-01,zepto,jivo-extra-light-olive-oil-combo-1l,Pune,411047,998,2998,66.7,1
2026-06-01-1200,2026-06-01,zepto,jivo-extra-light-olive-oil-combo-1l,Pune,411051,998,2998,66.7,1
2026-06-01-1200,2026-06-01,zepto,jivo-extra-light-olive-oil-combo-1l,Bengaluru,560069,998,2998,66.7,1
2026-06-01-1200,2026-06-01,zepto,jivo-extra-light-olive-oil-combo-2l,Delhi,110014,3008,5598,46.3,1
2026-06-01-1200,2026-06-01,zepto,jivo-extra-light-olive-oil-combo-2l,Delhi,110040,3008,5598,46.3,1
2026-06-01-1200,2026-06-01,zepto,jivo-extra-light-olive-oil-combo-2l,Delhi,110062,3008,5598,46.3,1
2026-06-01-1200,2026-06-01,zepto,jivo-extra-light-olive-oil-combo-2l,Delhi,110084,3008,5598,46.3,1
2026-06-01-1200,2026-06-01,zepto,jivo-extra-light-olive-oil-combo-2l,Gurgaon,122051,3008,5598,46.3,1
2026-06-01-1200,2026-06-01,zepto,jivo-extra-light-olive-oil-combo-2l,Gurgaon,122101,3008,5598,46.3,1
2026-06-01-1200,2026-06-01,zepto,jivo-extra-light-olive-oil-combo-2l,Noida,201310,3008,5598,46.3,1
2026-06-01-1200,2026-06-01,zepto,jivo-extra-light-olive-oil-combo-2l,Mumbai,400005,3010,5598,46.2,1
2026-06-01-1200,2026-06-01,zepto,jivo-extra-light-olive-oil-combo-2l,Mumbai,400006,3010,5598,46.2,1
2026-06-01-1200,2026-06-01,zepto,jivo-extra-light-olive-oil-combo-2l,Mumbai,400007,3010,5598,46.2,1
2026-06-01-1200,2026-06-01,zepto,jivo-extra-light-olive-oil-combo-2l,Mumbai,400010,3010,5598,46.2,1
2026-06-01-1200,2026-06-01,zepto,jivo-extra-light-olive-oil-combo-2l,Mumbai,400011,3010,5598,46.2,1
2026-06-01-1200,2026-06-01,zepto,jivo-extra-light-olive-oil-combo-2l,Mumbai,400012,3010,5598,46.2,1
2026-06-01-1200,2026-06-01,zepto,jivo-extra-light-olive-oil-combo-2l,Mumbai,400020,3010,5598,46.2,1
2026-06-01-1200,2026-06-01,zepto,jivo-extra-light-olive-oil-combo-2l,Mumbai,400033,3010,5598,46.2,1
2026-06-01-1200,2026-06-01,zepto,jivo-extra-light-olive-oil-combo-2l,Mumbai,400090,3010,5598,46.2,1
2026-06-01-1200,2026-06-01,zepto,jivo-extra-light-olive-oil-combo-2l,Mumbai,400601,3010,5598,46.2,1
2026-06-01-1200,2026-06-01,zepto,jivo-extra-light-olive-oil-combo-2l,Mumbai,400611,3010,5598,46.2,1
2026-06-01-1200,2026-06-01,zepto,jivo-extra-light-olive-oil-combo-2l,Mumbai,400703,3010,5598,46.2,1
2026-06-01-1200,2026-06-01,zepto,jivo-groundnut-cold-pressed-oil-healthy-cooking-oil-1l,Delhi,110004,199,560,64.5,1
2026-06-01-1200,2026-06-01,zepto,jivo-groundnut-cold-pressed-oil-healthy-cooking-oil-1l,Delhi,110006,199,560,64.5,1
2026-06-01-1200,2026-06-01,zepto,jivo-groundnut-cold-pressed-oil-healthy-cooking-oil-1l,Delhi,110007,199,560,64.5,1
2026-06-01-1200,2026-06-01,zepto,jivo-groundnut-cold-pressed-oil-healthy-cooking-oil-1l,Delhi,110008,199,560,64.5,1
2026-06-01-1200,2026-06-01,zepto,jivo-groundnut-cold-pressed-oil-healthy-cooking-oil-1l,Delhi,110009,199,560,64.5,1
2026-06-01-1200,2026-06-01,zepto,jivo-groundnut-cold-pressed-oil-healthy-cooking-oil-1l,Delhi,110010,199,560,64.5,1
2026-06-01-1200,2026-06-01,zepto,jivo-groundnut-cold-pressed-oil-healthy-cooking-oil-1l,Delhi,110013,199,560,64.5,1
2026-06-01-1200,2026-06-01,zepto,jivo-groundnut-cold-pressed-oil-healthy-cooking-oil-1l,Delhi,110014,199,560,64.5,1
2026-06-01-1200,2026-06-01,zepto,jivo-groundnut-cold-pressed-oil-healthy-cooking-oil-1l,Delhi,110015,199,560,64.5,1
2026-06-01-1200,2026-06-01,zepto,jivo-groundnut-cold-pressed-oil-healthy-cooking-oil-1l,Delhi,110017,199,560,64.5,1
2026-06-01-1200,2026-06-01,zepto,jivo-groundnut-cold-pressed-oil-healthy-cooking-oil-1l,Delhi,110018,199,560,64.5,1
2026-06-01-1200,2026-06-01,zepto,jivo-groundnut-cold-pressed-oil-healthy-cooking-oil-1l,Delhi,110021,199,560,64.5,1
2026-06-01-1200,2026-06-01,zepto,jivo-groundnut-cold-pressed-oil-healthy-cooking-oil-1l,Delhi,110024,199,560,64.5,1
2026-06-01-1200,2026-06-01,zepto,jivo-groundnut-cold-pressed-oil-healthy-cooking-oil-1l,Delhi,110025,199,560,64.5,1
2026-06-01-1200,2026-06-01,zepto,jivo-groundnut-cold-pressed-oil-healthy-cooking-oil-1l,Delhi,110026,199,560,64.5,1
2026-06-01-1200,2026-06-01,zepto,jivo-groundnut-cold-pressed-oil-healthy-cooking-oil-1l,Delhi,110031,199,560,64.5,1
2026-06-01-1200,2026-06-01,zepto,jivo-groundnut-cold-pressed-oil-healthy-cooking-oil-1l,Delhi,110032,199,560,64.5,1
2026-06-01-1200,2026-06-01,zepto,jivo-groundnut-cold-pressed-oil-healthy-cooking-oil-1l,Delhi,110033,199,560,64.5,1
2026-06-01-1200,2026-06-01,zepto,jivo-groundnut-cold-pressed-oil-healthy-cooking-oil-1l,Delhi,110035,199,560,64.5,1
2026-06-01-1200,2026-06-01,zepto,jivo-groundnut-cold-pressed-oil-healthy-cooking-oil-1l,Delhi,110040,199,560,64.5,1
2026-06-01-1200,2026-06-01,zepto,jivo-groundnut-cold-pressed-oil-healthy-cooking-oil-1l,Delhi,110042,199,560,64.5,1
2026-06-01-1200,2026-06-01,zepto,jivo-groundnut-cold-pressed-oil-healthy-cooking-oil-1l,Delhi,110046,199,560,64.5,1
2026-06-01-1200,2026-06-01,zepto,jivo-groundnut-cold-pressed-oil-healthy-cooking-oil-1l,Delhi,110048,199,560,64.5,1
2026-06-01-1200,2026-06-01,zepto,jivo-groundnut-cold-pressed-oil-healthy-cooking-oil-1l,Delhi,110051,199,560,64.5,1
2026-06-01-1200,2026-06-01,zepto,jivo-groundnut-cold-pressed-oil-healthy-cooking-oil-1l,Delhi,110053,199,560,64.5,1
2026-06-01-1200,2026-06-01,zepto,jivo-groundnut-cold-pressed-oil-healthy-cooking-oil-1l,Delhi,110062,199,560,64.5,1
2026-06-01-1200,2026-06-01,zepto,jivo-groundnut-cold-pressed-oil-healthy-cooking-oil-1l,Delhi,110065,199,560,64.5,1
2026-06-01-1200,2026-06-01,zepto,jivo-groundnut-cold-pressed-oil-healthy-cooking-oil-1l,Delhi,110067,199,560,64.5,1
2026-06-01-1200,2026-06-01,zepto,jivo-groundnut-cold-pressed-oil-healthy-cooking-oil-1l,Delhi,110076,199,560,64.5,1
2026-06-01-1200,2026-06-01,zepto,jivo-groundnut-cold-pressed-oil-healthy-cooking-oil-1l,Delhi,110084,199,560,64.5,1
2026-06-01-1200,2026-06-01,zepto,jivo-groundnut-cold-pressed-oil-healthy-cooking-oil-1l,Delhi,110085,199,560,64.5,1
2026-06-01-1200,2026-06-01,zepto,jivo-groundnut-cold-pressed-oil-healthy-cooking-oil-1l,Delhi,110088,199,560,64.5,1
2026-06-01-1200,2026-06-01,zepto,jivo-groundnut-cold-pressed-oil-healthy-cooking-oil-1l,Delhi,110090,199,560,64.5,1
2026-06-01-1200,2026-06-01,zepto,jivo-groundnut-cold-pressed-oil-healthy-cooking-oil-1l,Delhi,110091,199,560,64.5,1
2026-06-01-1200,2026-06-01,zepto,jivo-groundnut-cold-pressed-oil-healthy-cooking-oil-1l,Delhi,110092,199,560,64.5,1
2026-06-01-1200,2026-06-01,zepto,jivo-groundnut-cold-pressed-oil-healthy-cooking-oil-1l,Delhi,110095,199,560,64.5,1
2026-06-01-1200,2026-06-01,zepto,jivo-groundnut-cold-pressed-oil-healthy-cooking-oil-1l,Faridabad,121001,199,560,64.5,1
2026-06-01-1200,2026-06-01,zepto,jivo-groundnut-cold-pressed-oil-healthy-cooking-oil-1l,Faridabad,121011,199,560,64.5,1
2026-06-01-1200,2026-06-01,zepto,jivo-groundnut-cold-pressed-oil-healthy-cooking-oil-1l,Gurgaon,122006,199,560,64.5,1
2026-06-01-1200,2026-06-01,zepto,jivo-groundnut-cold-pressed-oil-healthy-cooking-oil-1l,Gurgaon,122051,199,560,64.5,1
2026-06-01-1200,2026-06-01,zepto,jivo-groundnut-cold-pressed-oil-healthy-cooking-oil-1l,Gurgaon,122101,199,560,64.5,1
2026-06-01-1200,2026-06-01,zepto,jivo-groundnut-cold-pressed-oil-healthy-cooking-oil-1l,Ghaziabad,201003,199,560,64.5,1
2026-06-01-1200,2026-06-01,zepto,jivo-groundnut-cold-pressed-oil-healthy-cooking-oil-1l,Ghaziabad,201005,199,560,64.5,1
2026-06-01-1200,2026-06-01,zepto,jivo-groundnut-cold-pressed-oil-healthy-cooking-oil-1l,Ghaziabad,201009,199,560,64.5,1
2026-06-01-1200,2026-06-01,zepto,jivo-groundnut-cold-pressed-oil-healthy-cooking-oil-1l,Noida,201306,199,560,64.5,1
2026-06-01-1200,2026-06-01,zepto,jivo-groundnut-cold-pressed-oil-healthy-cooking-oil-1l,Noida,201307,199,560,64.5,1
2026-06-01-1200,2026-06-01,zepto,jivo-groundnut-cold-pressed-oil-healthy-cooking-oil-1l,Noida,201309,199,560,64.5,1
2026-06-01-1200,2026-06-01,zepto,jivo-groundnut-cold-pressed-oil-healthy-cooking-oil-1l,Noida,201310,199,560,64.5,1
2026-06-01-1200,2026-06-01,zepto,jivo-groundnut-cold-pressed-oil-healthy-cooking-oil-1l,Mumbai,400003,199,560,64.5,1
2026-06-01-1200,2026-06-01,zepto,jivo-groundnut-cold-pressed-oil-healthy-cooking-oil-1l,Mumbai,400005,199,560,64.5,1
2026-06-01-1200,2026-06-01,zepto,jivo-groundnut-cold-pressed-oil-healthy-cooking-oil-1l,Mumbai,400006,199,560,64.5,1
2026-06-01-1200,2026-06-01,zepto,jivo-groundnut-cold-pressed-oil-healthy-cooking-oil-1l,Mumbai,400007,199,560,64.5,1
2026-06-01-1200,2026-06-01,zepto,jivo-groundnut-cold-pressed-oil-healthy-cooking-oil-1l,Mumbai,400010,199,560,64.5,1
2026-06-01-1200,2026-06-01,zepto,jivo-groundnut-cold-pressed-oil-healthy-cooking-oil-1l,Mumbai,400011,199,560,64.5,1
2026-06-01-1200,2026-06-01,zepto,jivo-groundnut-cold-pressed-oil-healthy-cooking-oil-1l,Mumbai,400012,199,560,64.5,1
2026-06-01-1200,2026-06-01,zepto,jivo-groundnut-cold-pressed-oil-healthy-cooking-oil-1l,Mumbai,400017,199,560,64.5,1
2026-06-01-1200,2026-06-01,zepto,jivo-groundnut-cold-pressed-oil-healthy-cooking-oil-1l,Mumbai,400018,199,560,64.5,1
2026-06-01-1200,2026-06-01,zepto,jivo-groundnut-cold-pressed-oil-healthy-cooking-oil-1l,Mumbai,400019,199,560,64.5,1
2026-06-01-1200,2026-06-01,zepto,jivo-groundnut-cold-pressed-oil-healthy-cooking-oil-1l,Mumbai,400020,199,560,64.5,1
2026-06-01-1200,2026-06-01,zepto,jivo-groundnut-cold-pressed-oil-healthy-cooking-oil-1l,Mumbai,400021,199,560,64.5,1
2026-06-01-1200,2026-06-01,zepto,jivo-groundnut-cold-pressed-oil-healthy-cooking-oil-1l,Mumbai,400025,199,560,64.5,1
2026-06-01-1200,2026-06-01,zepto,jivo-groundnut-cold-pressed-oil-healthy-cooking-oil-1l,Mumbai,400033,199,560,64.5,1
2026-06-01-1200,2026-06-01,zepto,jivo-groundnut-cold-pressed-oil-healthy-cooking-oil-1l,Mumbai,400041,199,560,64.5,1
2026-06-01-1200,2026-06-01,zepto,jivo-groundnut-cold-pressed-oil-healthy-cooking-oil-1l,Mumbai,400090,199,560,64.5,1
2026-06-01-1200,2026-06-01,zepto,jivo-groundnut-cold-pressed-oil-healthy-cooking-oil-1l,Mumbai,400601,199,560,64.5,1
2026-06-01-1200,2026-06-01,zepto,jivo-groundnut-cold-pressed-oil-healthy-cooking-oil-1l,Mumbai,400611,199,560,64.5,1
2026-06-01-1200,2026-06-01,zepto,jivo-groundnut-cold-pressed-oil-healthy-cooking-oil-1l,Mumbai,400703,199,560,64.5,1
2026-06-01-1200,2026-06-01,zepto,jivo-groundnut-cold-pressed-oil-healthy-cooking-oil-1l,Bengaluru,560014,199,560,64.5,1
2026-06-01-1200,2026-06-01,zepto,jivo-groundnut-cold-pressed-oil-healthy-cooking-oil-1l,Bengaluru,560019,199,560,64.5,1
2026-06-01-1200,2026-06-01,zepto,jivo-groundnut-cold-pressed-oil-healthy-cooking-oil-1l,Bengaluru,560028,199,560,64.5,1
2026-06-01-1200,2026-06-01,zepto,jivo-groundnut-cold-pressed-oil-healthy-cooking-oil-1l,Bengaluru,560069,199,560,64.5,1
2026-06-01-1200,2026-06-01,zepto,jivo-groundnut-peanut-cold-pressed-heathy-cooking-oil-na,Delhi,110004,49,150,67.3,1
2026-06-01-1200,2026-06-01,zepto,jivo-groundnut-peanut-cold-pressed-heathy-cooking-oil-na,Delhi,110006,49,150,67.3,1
2026-06-01-1200,2026-06-01,zepto,jivo-groundnut-peanut-cold-pressed-heathy-cooking-oil-na,Delhi,110008,49,150,67.3,1
2026-06-01-1200,2026-06-01,zepto,jivo-groundnut-peanut-cold-pressed-heathy-cooking-oil-na,Delhi,110009,49,150,67.3,1
2026-06-01-1200,2026-06-01,zepto,jivo-groundnut-peanut-cold-pressed-heathy-cooking-oil-na,Delhi,110010,49,150,67.3,1
2026-06-01-1200,2026-06-01,zepto,jivo-groundnut-peanut-cold-pressed-heathy-cooking-oil-na,Delhi,110013,49,150,67.3,1
2026-06-01-1200,2026-06-01,zepto,jivo-groundnut-peanut-cold-pressed-heathy-cooking-oil-na,Delhi,110014,49,150,67.3,1
2026-06-01-1200,2026-06-01,zepto,jivo-groundnut-peanut-cold-pressed-heathy-cooking-oil-na,Delhi,110015,49,150,67.3,1
2026-06-01-1200,2026-06-01,zepto,jivo-groundnut-peanut-cold-pressed-heathy-cooking-oil-na,Delhi,110018,49,150,67.3,1
2026-06-01-1200,2026-06-01,zepto,jivo-groundnut-peanut-cold-pressed-heathy-cooking-oil-na,Delhi,110021,49,150,67.3,1
2026-06-01-1200,2026-06-01,zepto,jivo-groundnut-peanut-cold-pressed-heathy-cooking-oil-na,Delhi,110024,76,150,49.3,1
2026-06-01-1200,2026-06-01,zepto,jivo-groundnut-peanut-cold-pressed-heathy-cooking-oil-na,Delhi,110025,76,150,49.3,1
2026-06-01-1200,2026-06-01,zepto,jivo-groundnut-peanut-cold-pressed-heathy-cooking-oil-na,Delhi,110026,49,150,67.3,1
2026-06-01-1200,2026-06-01,zepto,jivo-groundnut-peanut-cold-pressed-heathy-cooking-oil-na,Delhi,110031,49,150,67.3,1
2026-06-01-1200,2026-06-01,zepto,jivo-groundnut-peanut-cold-pressed-heathy-cooking-oil-na,Delhi,110032,76,150,49.3,1
2026-06-01-1200,2026-06-01,zepto,jivo-groundnut-peanut-cold-pressed-heathy-cooking-oil-na,Delhi,110040,49,150,67.3,1
2026-06-01-1200,2026-06-01,zepto,jivo-groundnut-peanut-cold-pressed-heathy-cooking-oil-na,Delhi,110042,49,150,67.3,1
2026-06-01-1200,2026-06-01,zepto,jivo-groundnut-peanut-cold-pressed-heathy-cooking-oil-na,Delhi,110046,49,150,67.3,1
2026-06-01-1200,2026-06-01,zepto,jivo-groundnut-peanut-cold-pressed-heathy-cooking-oil-na,Delhi,110048,49,150,67.3,1
2026-06-01-1200,2026-06-01,zepto,jivo-groundnut-peanut-cold-pressed-heathy-cooking-oil-na,Delhi,110051,49,150,67.3,1
2026-06-01-1200,2026-06-01,zepto,jivo-groundnut-peanut-cold-pressed-heathy-cooking-oil-na,Delhi,110053,76,150,49.3,1
2026-06-01-1200,2026-06-01,zepto,jivo-groundnut-peanut-cold-pressed-heathy-cooking-oil-na,Delhi,110062,49,150,67.3,1
2026-06-01-1200,2026-06-01,zepto,jivo-groundnut-peanut-cold-pressed-heathy-cooking-oil-na,Delhi,110065,49,150,67.3,1
2026-06-01-1200,2026-06-01,zepto,jivo-groundnut-peanut-cold-pressed-heathy-cooking-oil-na,Delhi,110067,49,150,67.3,1
2026-06-01-1200,2026-06-01,zepto,jivo-groundnut-peanut-cold-pressed-heathy-cooking-oil-na,Delhi,110076,49,150,67.3,1
2026-06-01-1200,2026-06-01,zepto,jivo-groundnut-peanut-cold-pressed-heathy-cooking-oil-na,Delhi,110084,49,150,67.3,1
2026-06-01-1200,2026-06-01,zepto,jivo-groundnut-peanut-cold-pressed-heathy-cooking-oil-na,Delhi,110085,49,150,67.3,1
2026-06-01-1200,2026-06-01,zepto,jivo-groundnut-peanut-cold-pressed-heathy-cooking-oil-na,Delhi,110090,49,150,67.3,1
2026-06-01-1200,2026-06-01,zepto,jivo-groundnut-peanut-cold-pressed-heathy-cooking-oil-na,Delhi,110091,49,150,67.3,1
2026-06-01-1200,2026-06-01,zepto,jivo-groundnut-peanut-cold-pressed-heathy-cooking-oil-na,Delhi,110092,49,150,67.3,1
2026-06-01-1200,2026-06-01,zepto,jivo-groundnut-peanut-cold-pressed-heathy-cooking-oil-na,Delhi,110095,49,150,67.3,1
2026-06-01-1200,2026-06-01,zepto,jivo-groundnut-peanut-cold-pressed-heathy-cooking-oil-na,Gurgaon,122004,76,150,49.3,1
2026-06-01-1200,2026-06-01,zepto,jivo-groundnut-peanut-cold-pressed-heathy-cooking-oil-na,Gurgaon,122006,49,150,67.3,1
2026-06-01-1200,2026-06-01,zepto,jivo-groundnut-peanut-cold-pressed-heathy-cooking-oil-na,Gurgaon,122010,76,150,49.3,1
2026-06-01-1200,2026-06-01,zepto,jivo-groundnut-peanut-cold-pressed-heathy-cooking-oil-na,Gurgaon,122051,49,150,67.3,1
2026-06-01-1200,2026-06-01,zepto,jivo-groundnut-peanut-cold-pressed-heathy-cooking-oil-na,Gurgaon,122101,49,150,67.3,1
2026-06-01-1200,2026-06-01,zepto,jivo-groundnut-peanut-cold-pressed-heathy-cooking-oil-na,Jaipur,302016,76,150,49.3,1
2026-06-01-1200,2026-06-01,zepto,jivo-groundnut-peanut-cold-pressed-heathy-cooking-oil-na,Jaipur,302017,76,150,49.3,1
2026-06-01-1200,2026-06-01,zepto,jivo-groundnut-peanut-cold-pressed-heathy-cooking-oil-na,Jaipur,302018,76,150,49.3,1
2026-06-01-1200,2026-06-01,zepto,jivo-groundnut-peanut-cold-pressed-heathy-cooking-oil-na,Jaipur,302020,76,150,49.3,1
2026-06-01-1200,2026-06-01,zepto,jivo-groundnut-peanut-cold-pressed-heathy-cooking-oil-na,Jaipur,302021,76,150,49.3,1
2026-06-01-1200,2026-06-01,zepto,jivo-groundnut-peanut-cold-pressed-heathy-cooking-oil-na,Jaipur,302022,76,150,49.3,1
2026-06-01-1200,2026-06-01,zepto,jivo-groundnut-peanut-cold-pressed-heathy-cooking-oil-na,Jaipur,302023,76,150,49.3,1
2026-06-01-1200,2026-06-01,zepto,jivo-groundnut-peanut-cold-pressed-heathy-cooking-oil-na,Jaipur,302024,76,150,49.3,1
2026-06-01-1200,2026-06-01,zepto,jivo-groundnut-peanut-cold-pressed-heathy-cooking-oil-na,Jaipur,302025,76,150,49.3,1
2026-06-01-1200,2026-06-01,zepto,jivo-groundnut-peanut-cold-pressed-heathy-cooking-oil-na,Jaipur,302032,76,150,49.3,1
2026-06-01-1200,2026-06-01,zepto,jivo-groundnut-peanut-cold-pressed-heathy-cooking-oil-na,Jaipur,303602,76,150,49.3,1
2026-06-01-1200,2026-06-01,zepto,jivo-groundnut-peanut-cold-pressed-heathy-cooking-oil-na,Surat,394510,76,150,49.3,1
2026-06-01-1200,2026-06-01,zepto,jivo-groundnut-peanut-cold-pressed-heathy-cooking-oil-na,Mumbai,400003,76,150,49.3,1
2026-06-01-1200,2026-06-01,zepto,jivo-groundnut-peanut-cold-pressed-heathy-cooking-oil-na,Mumbai,400005,76,150,49.3,1
2026-06-01-1200,2026-06-01,zepto,jivo-groundnut-peanut-cold-pressed-heathy-cooking-oil-na,Mumbai,400006,76,150,49.3,1
2026-06-01-1200,2026-06-01,zepto,jivo-groundnut-peanut-cold-pressed-heathy-cooking-oil-na,Mumbai,400010,76,150,49.3,1
2026-06-01-1200,2026-06-01,zepto,jivo-groundnut-peanut-cold-pressed-heathy-cooking-oil-na,Mumbai,400011,76,150,49.3,1
2026-06-01-1200,2026-06-01,zepto,jivo-groundnut-peanut-cold-pressed-heathy-cooking-oil-na,Mumbai,400012,76,150,49.3,1
2026-06-01-1200,2026-06-01,zepto,jivo-groundnut-peanut-cold-pressed-heathy-cooking-oil-na,Mumbai,400013,76,150,49.3,1
2026-06-01-1200,2026-06-01,zepto,jivo-groundnut-peanut-cold-pressed-heathy-cooking-oil-na,Mumbai,400015,76,150,49.3,1
2026-06-01-1200,2026-06-01,zepto,jivo-groundnut-peanut-cold-pressed-heathy-cooking-oil-na,Mumbai,400017,76,150,49.3,1
2026-06-01-1200,2026-06-01,zepto,jivo-groundnut-peanut-cold-pressed-heathy-cooking-oil-na,Mumbai,400018,76,150,49.3,1
2026-06-01-1200,2026-06-01,zepto,jivo-groundnut-peanut-cold-pressed-heathy-cooking-oil-na,Mumbai,400019,76,150,49.3,1
2026-06-01-1200,2026-06-01,zepto,jivo-groundnut-peanut-cold-pressed-heathy-cooking-oil-na,Mumbai,400020,76,150,49.3,1
2026-06-01-1200,2026-06-01,zepto,jivo-groundnut-peanut-cold-pressed-heathy-cooking-oil-na,Mumbai,400021,76,150,49.3,1
2026-06-01-1200,2026-06-01,zepto,jivo-groundnut-peanut-cold-pressed-heathy-cooking-oil-na,Mumbai,400023,76,150,49.3,1
2026-06-01-1200,2026-06-01,zepto,jivo-groundnut-peanut-cold-pressed-heathy-cooking-oil-na,Mumbai,400025,76,150,49.3,1
2026-06-01-1200,2026-06-01,zepto,jivo-groundnut-peanut-cold-pressed-heathy-cooking-oil-na,Mumbai,400030,76,150,49.3,1
2026-06-01-1200,2026-06-01,zepto,jivo-groundnut-peanut-cold-pressed-heathy-cooking-oil-na,Mumbai,400033,76,150,49.3,1
2026-06-01-1200,2026-06-01,zepto,jivo-groundnut-peanut-cold-pressed-heathy-cooking-oil-na,Mumbai,400041,76,150,49.3,1
2026-06-01-1200,2026-06-01,zepto,jivo-groundnut-peanut-cold-pressed-heathy-cooking-oil-na,Mumbai,400090,76,150,49.3,1
2026-06-01-1200,2026-06-01,zepto,jivo-groundnut-peanut-cold-pressed-heathy-cooking-oil-na,Mumbai,400601,76,150,49.3,1
2026-06-01-1200,2026-06-01,zepto,jivo-groundnut-peanut-cold-pressed-heathy-cooking-oil-na,Mumbai,400611,76,150,49.3,1
2026-06-01-1200,2026-06-01,zepto,jivo-groundnut-peanut-cold-pressed-heathy-cooking-oil-na,Pune,410506,76,150,49.3,1
2026-06-01-1200,2026-06-01,zepto,jivo-groundnut-peanut-cold-pressed-heathy-cooking-oil-na,Pune,411004,76,150,49.3,1
2026-06-01-1200,2026-06-01,zepto,jivo-groundnut-peanut-cold-pressed-heathy-cooking-oil-na,Pune,411006,76,150,49.3,1
2026-06-01-1200,2026-06-01,zepto,jivo-groundnut-peanut-cold-pressed-heathy-cooking-oil-na,Pune,411011,76,150,49.3,1
2026-06-01-1200,2026-06-01,zepto,jivo-groundnut-peanut-cold-pressed-heathy-cooking-oil-na,Pune,411012,76,150,49.3,1
2026-06-01-1200,2026-06-01,zepto,jivo-groundnut-peanut-cold-pressed-heathy-cooking-oil-na,Pune,411014,76,150,49.3,1
2026-06-01-1200,2026-06-01,zepto,jivo-groundnut-peanut-cold-pressed-heathy-cooking-oil-na,Pune,411015,76,150,49.3,1
2026-06-01-1200,2026-06-01,zepto,jivo-groundnut-peanut-cold-pressed-heathy-cooking-oil-na,Pune,411021,76,150,49.3,1
2026-06-01-1200,2026-06-01,zepto,jivo-groundnut-peanut-cold-pressed-heathy-cooking-oil-na,Pune,411028,76,150,49.3,1
2026-06-01-1200,2026-06-01,zepto,jivo-groundnut-peanut-cold-pressed-heathy-cooking-oil-na,Pune,411036,76,150,49.3,1
2026-06-01-1200,2026-06-01,zepto,jivo-groundnut-peanut-cold-pressed-heathy-cooking-oil-na,Pune,411045,76,150,49.3,1
2026-06-01-1200,2026-06-01,zepto,jivo-groundnut-peanut-cold-pressed-heathy-cooking-oil-na,Pune,411047,76,150,49.3,1
2026-06-01-1200,2026-06-01,zepto,jivo-groundnut-peanut-cold-pressed-heathy-cooking-oil-na,Pune,411051,76,150,49.3,1
2026-06-01-1200,2026-06-01,zepto,jivo-groundnut-peanut-cold-pressed-heathy-cooking-oil-na,Indore,452001,76,150,49.3,1
2026-06-01-1200,2026-06-01,zepto,jivo-kachi-ghani-mustard-cold-pressed-oil-healthy-cooking-oil-1l,Delhi,110004,149,255,41.6,1
2026-06-01-1200,2026-06-01,zepto,jivo-kachi-ghani-mustard-cold-pressed-oil-healthy-cooking-oil-1l,Delhi,110006,149,255,41.6,1
2026-06-01-1200,2026-06-01,zepto,jivo-kachi-ghani-mustard-cold-pressed-oil-healthy-cooking-oil-1l,Delhi,110007,149,255,41.6,1
2026-06-01-1200,2026-06-01,zepto,jivo-kachi-ghani-mustard-cold-pressed-oil-healthy-cooking-oil-1l,Delhi,110008,149,255,41.6,1
2026-06-01-1200,2026-06-01,zepto,jivo-kachi-ghani-mustard-cold-pressed-oil-healthy-cooking-oil-1l,Delhi,110009,149,255,41.6,1
2026-06-01-1200,2026-06-01,zepto,jivo-kachi-ghani-mustard-cold-pressed-oil-healthy-cooking-oil-1l,Delhi,110010,149,255,41.6,1
2026-06-01-1200,2026-06-01,zepto,jivo-kachi-ghani-mustard-cold-pressed-oil-healthy-cooking-oil-1l,Delhi,110013,149,255,41.6,1
2026-06-01-1200,2026-06-01,zepto,jivo-kachi-ghani-mustard-cold-pressed-oil-healthy-cooking-oil-1l,Delhi,110014,149,255,41.6,1
2026-06-01-1200,2026-06-01,zepto,jivo-kachi-ghani-mustard-cold-pressed-oil-healthy-cooking-oil-1l,Delhi,110015,149,255,41.6,1
2026-06-01-1200,2026-06-01,zepto,jivo-kachi-ghani-mustard-cold-pressed-oil-healthy-cooking-oil-1l,Delhi,110018,149,255,41.6,1
2026-06-01-1200,2026-06-01,zepto,jivo-kachi-ghani-mustard-cold-pressed-oil-healthy-cooking-oil-1l,Delhi,110021,149,255,41.6,1
2026-06-01-1200,2026-06-01,zepto,jivo-kachi-ghani-mustard-cold-pressed-oil-healthy-cooking-oil-1l,Delhi,110024,149,255,41.6,1
2026-06-01-1200,2026-06-01,zepto,jivo-kachi-ghani-mustard-cold-pressed-oil-healthy-cooking-oil-1l,Delhi,110025,149,255,41.6,1
2026-06-01-1200,2026-06-01,zepto,jivo-kachi-ghani-mustard-cold-pressed-oil-healthy-cooking-oil-1l,Delhi,110026,149,255,41.6,1
2026-06-01-1200,2026-06-01,zepto,jivo-kachi-ghani-mustard-cold-pressed-oil-healthy-cooking-oil-1l,Delhi,110031,149,255,41.6,1
2026-06-01-1200,2026-06-01,zepto,jivo-kachi-ghani-mustard-cold-pressed-oil-healthy-cooking-oil-1l,Delhi,110032,149,255,41.6,1
2026-06-01-1200,2026-06-01,zepto,jivo-kachi-ghani-mustard-cold-pressed-oil-healthy-cooking-oil-1l,Delhi,110033,149,255,41.6,1
2026-06-01-1200,2026-06-01,zepto,jivo-kachi-ghani-mustard-cold-pressed-oil-healthy-cooking-oil-1l,Delhi,110035,149,255,41.6,1
2026-06-01-1200,2026-06-01,zepto,jivo-kachi-ghani-mustard-cold-pressed-oil-healthy-cooking-oil-1l,Delhi,110040,149,255,41.6,1
2026-06-01-1200,2026-06-01,zepto,jivo-kachi-ghani-mustard-cold-pressed-oil-healthy-cooking-oil-1l,Delhi,110042,149,255,41.6,1
2026-06-01-1200,2026-06-01,zepto,jivo-kachi-ghani-mustard-cold-pressed-oil-healthy-cooking-oil-1l,Delhi,110046,149,255,41.6,1
2026-06-01-1200,2026-06-01,zepto,jivo-kachi-ghani-mustard-cold-pressed-oil-healthy-cooking-oil-1l,Delhi,110048,149,255,41.6,1
2026-06-01-1200,2026-06-01,zepto,jivo-kachi-ghani-mustard-cold-pressed-oil-healthy-cooking-oil-1l,Delhi,110051,149,255,41.6,1
2026-06-01-1200,2026-06-01,zepto,jivo-kachi-ghani-mustard-cold-pressed-oil-healthy-cooking-oil-1l,Delhi,110053,149,255,41.6,1
2026-06-01-1200,2026-06-01,zepto,jivo-kachi-ghani-mustard-cold-pressed-oil-healthy-cooking-oil-1l,Delhi,110062,149,255,41.6,1
2026-06-01-1200,2026-06-01,zepto,jivo-kachi-ghani-mustard-cold-pressed-oil-healthy-cooking-oil-1l,Delhi,110065,149,255,41.6,1
2026-06-01-1200,2026-06-01,zepto,jivo-kachi-ghani-mustard-cold-pressed-oil-healthy-cooking-oil-1l,Delhi,110067,149,255,41.6,1
2026-06-01-1200,2026-06-01,zepto,jivo-kachi-ghani-mustard-cold-pressed-oil-healthy-cooking-oil-1l,Delhi,110076,149,255,41.6,1
2026-06-01-1200,2026-06-01,zepto,jivo-kachi-ghani-mustard-cold-pressed-oil-healthy-cooking-oil-1l,Delhi,110084,149,255,41.6,1
2026-06-01-1200,2026-06-01,zepto,jivo-kachi-ghani-mustard-cold-pressed-oil-healthy-cooking-oil-1l,Delhi,110085,149,255,41.6,1
2026-06-01-1200,2026-06-01,zepto,jivo-kachi-ghani-mustard-cold-pressed-oil-healthy-cooking-oil-1l,Delhi,110088,149,255,41.6,1
2026-06-01-1200,2026-06-01,zepto,jivo-kachi-ghani-mustard-cold-pressed-oil-healthy-cooking-oil-1l,Delhi,110090,149,255,41.6,1
2026-06-01-1200,2026-06-01,zepto,jivo-kachi-ghani-mustard-cold-pressed-oil-healthy-cooking-oil-1l,Delhi,110091,149,255,41.6,1
2026-06-01-1200,2026-06-01,zepto,jivo-kachi-ghani-mustard-cold-pressed-oil-healthy-cooking-oil-1l,Delhi,110092,149,255,41.6,1
2026-06-01-1200,2026-06-01,zepto,jivo-kachi-ghani-mustard-cold-pressed-oil-healthy-cooking-oil-1l,Delhi,110095,149,255,41.6,1
2026-06-01-1200,2026-06-01,zepto,jivo-kachi-ghani-mustard-cold-pressed-oil-healthy-cooking-oil-1l,Faridabad,121001,149,255,41.6,1
2026-06-01-1200,2026-06-01,zepto,jivo-kachi-ghani-mustard-cold-pressed-oil-healthy-cooking-oil-1l,Faridabad,121011,149,255,41.6,1
2026-06-01-1200,2026-06-01,zepto,jivo-kachi-ghani-mustard-cold-pressed-oil-healthy-cooking-oil-1l,Gurgaon,122004,149,255,41.6,1
2026-06-01-1200,2026-06-01,zepto,jivo-kachi-ghani-mustard-cold-pressed-oil-healthy-cooking-oil-1l,Gurgaon,122006,149,255,41.6,1
2026-06-01-1200,2026-06-01,zepto,jivo-kachi-ghani-mustard-cold-pressed-oil-healthy-cooking-oil-1l,Gurgaon,122010,149,255,41.6,1
2026-06-01-1200,2026-06-01,zepto,jivo-kachi-ghani-mustard-cold-pressed-oil-healthy-cooking-oil-1l,Gurgaon,122051,149,255,41.6,1
2026-06-01-1200,2026-06-01,zepto,jivo-kachi-ghani-mustard-cold-pressed-oil-healthy-cooking-oil-1l,Gurgaon,122101,149,255,41.6,1
2026-06-01-1200,2026-06-01,zepto,jivo-kachi-ghani-mustard-cold-pressed-oil-healthy-cooking-oil-1l,Ludhiana,141015,149,255,41.6,1
2026-06-01-1200,2026-06-01,zepto,jivo-kachi-ghani-mustard-cold-pressed-oil-healthy-cooking-oil-1l,Ludhiana,142036,149,255,41.6,1
2026-06-01-1200,2026-06-01,zepto,jivo-kachi-ghani-mustard-cold-pressed-oil-healthy-cooking-oil-1l,Chandigarh,160011,149,255,41.6,1
2026-06-01-1200,2026-06-01,zepto,jivo-kachi-ghani-mustard-cold-pressed-oil-healthy-cooking-oil-1l,Chandigarh,160021,149,255,41.6,1
2026-06-01-1200,2026-06-01,zepto,jivo-kachi-ghani-mustard-cold-pressed-oil-healthy-cooking-oil-1l,Chandigarh,160035,149,255,41.6,1
2026-06-01-1200,2026-06-01,zepto,jivo-kachi-ghani-mustard-cold-pressed-oil-healthy-cooking-oil-1l,Chandigarh,160043,149,255,41.6,1
2026-06-01-1200,2026-06-01,zepto,jivo-kachi-ghani-mustard-cold-pressed-oil-healthy-cooking-oil-1l,Ghaziabad,201003,149,255,41.6,1
2026-06-01-1200,2026-06-01,zepto,jivo-kachi-ghani-mustard-cold-pressed-oil-healthy-cooking-oil-1l,Ghaziabad,201005,149,255,41.6,1
2026-06-01-1200,2026-06-01,zepto,jivo-kachi-ghani-mustard-cold-pressed-oil-healthy-cooking-oil-1l,Ghaziabad,201009,149,255,41.6,1
2026-06-01-1200,2026-06-01,zepto,jivo-kachi-ghani-mustard-cold-pressed-oil-healthy-cooking-oil-1l,Noida,201306,149,255,41.6,1
2026-06-01-1200,2026-06-01,zepto,jivo-kachi-ghani-mustard-cold-pressed-oil-healthy-cooking-oil-1l,Noida,201307,149,255,41.6,1
2026-06-01-1200,2026-06-01,zepto,jivo-kachi-ghani-mustard-cold-pressed-oil-healthy-cooking-oil-1l,Noida,201309,149,255,41.6,1
2026-06-01-1200,2026-06-01,zepto,jivo-kachi-ghani-mustard-cold-pressed-oil-healthy-cooking-oil-1l,Noida,201310,149,255,41.6,1
2026-06-01-1200,2026-06-01,zepto,jivo-kachi-ghani-mustard-cold-pressed-oil-healthy-cooking-oil-1l,Mumbai,400005,149,255,41.6,1
2026-06-01-1200,2026-06-01,zepto,jivo-kachi-ghani-mustard-cold-pressed-oil-healthy-cooking-oil-1l,Mumbai,400006,149,255,41.6,1
2026-06-01-1200,2026-06-01,zepto,jivo-kachi-ghani-mustard-cold-pressed-oil-healthy-cooking-oil-1l,Mumbai,400011,149,255,41.6,1
2026-06-01-1200,2026-06-01,zepto,jivo-kachi-ghani-mustard-cold-pressed-oil-healthy-cooking-oil-1l,Mumbai,400012,149,255,41.6,1
2026-06-01-1200,2026-06-01,zepto,jivo-kachi-ghani-mustard-cold-pressed-oil-healthy-cooking-oil-1l,Mumbai,400018,149,255,41.6,1
2026-06-01-1200,2026-06-01,zepto,jivo-kachi-ghani-mustard-cold-pressed-oil-healthy-cooking-oil-1l,Mumbai,400019,149,255,41.6,1
2026-06-01-1200,2026-06-01,zepto,jivo-kachi-ghani-mustard-cold-pressed-oil-healthy-cooking-oil-1l,Mumbai,400020,149,255,41.6,1
2026-06-01-1200,2026-06-01,zepto,jivo-kachi-ghani-mustard-cold-pressed-oil-healthy-cooking-oil-1l,Mumbai,400025,149,255,41.6,1
2026-06-01-1200,2026-06-01,zepto,jivo-kachi-ghani-mustard-cold-pressed-oil-healthy-cooking-oil-1l,Mumbai,400033,149,255,41.6,1
2026-06-01-1200,2026-06-01,zepto,jivo-kachi-ghani-mustard-cold-pressed-oil-healthy-cooking-oil-1l,Mumbai,400090,149,255,41.6,1
2026-06-01-1200,2026-06-01,zepto,jivo-kachi-ghani-mustard-cold-pressed-oil-healthy-cooking-oil-1l,Mumbai,400601,149,255,41.6,1
2026-06-01-1200,2026-06-01,zepto,jivo-kachi-ghani-mustard-cold-pressed-oil-healthy-cooking-oil-1l,Mumbai,400703,149,255,41.6,1
2026-06-01-1200,2026-06-01,zepto,jivo-kachi-ghani-mustard-cold-pressed-oil-healthy-cooking-oil-1l,Bengaluru,560014,149,255,41.6,1
2026-06-01-1200,2026-06-01,zepto,jivo-kachi-ghani-mustard-cold-pressed-oil-healthy-cooking-oil-1l,Bengaluru,560019,149,255,41.6,1
2026-06-01-1200,2026-06-01,zepto,jivo-kachi-ghani-mustard-cold-pressed-oil-healthy-cooking-oil-1l,Bengaluru,560028,149,255,41.6,1
2026-06-01-1200,2026-06-01,zepto,jivo-kachi-ghani-mustard-cold-pressed-oil-healthy-cooking-oil-1l,Bengaluru,560039,149,255,41.6,1
2026-06-01-1200,2026-06-01,zepto,jivo-kachi-ghani-mustard-cold-pressed-oil-healthy-cooking-oil-1l,Bengaluru,560069,149,255,41.6,1
2026-06-01-1200,2026-06-01,zepto,jivo-kachi-ghani-mustard-cold-pressed-oil-healthy-cooking-oil-1l,Mysuru,570026,149,255,41.6,1
2026-06-01-1200,2026-06-01,zepto,jivo-pomace-olive-oil-1l,Delhi,110004,379,1049,63.9,1
2026-06-01-1200,2026-06-01,zepto,jivo-pomace-olive-oil-1l,Delhi,110006,379,1049,63.9,1
2026-06-01-1200,2026-06-01,zepto,jivo-pomace-olive-oil-1l,Delhi,110008,379,1049,63.9,1
2026-06-01-1200,2026-06-01,zepto,jivo-pomace-olive-oil-1l,Delhi,110009,379,1049,63.9,1
2026-06-01-1200,2026-06-01,zepto,jivo-pomace-olive-oil-1l,Delhi,110010,379,1049,63.9,1
2026-06-01-1200,2026-06-01,zepto,jivo-pomace-olive-oil-1l,Delhi,110013,379,1049,63.9,1
2026-06-01-1200,2026-06-01,zepto,jivo-pomace-olive-oil-1l,Delhi,110014,379,1049,63.9,1
2026-06-01-1200,2026-06-01,zepto,jivo-pomace-olive-oil-1l,Delhi,110015,379,1049,63.9,1
2026-06-01-1200,2026-06-01,zepto,jivo-pomace-olive-oil-1l,Delhi,110017,379,1049,63.9,1
2026-06-01-1200,2026-06-01,zepto,jivo-pomace-olive-oil-1l,Delhi,110018,379,1049,63.9,1
2026-06-01-1200,2026-06-01,zepto,jivo-pomace-olive-oil-1l,Delhi,110021,379,1049,63.9,1
2026-06-01-1200,2026-06-01,zepto,jivo-pomace-olive-oil-1l,Delhi,110024,379,1049,63.9,1
2026-06-01-1200,2026-06-01,zepto,jivo-pomace-olive-oil-1l,Delhi,110025,379,1049,63.9,1
2026-06-01-1200,2026-06-01,zepto,jivo-pomace-olive-oil-1l,Delhi,110031,379,1049,63.9,1
2026-06-01-1200,2026-06-01,zepto,jivo-pomace-olive-oil-1l,Delhi,110032,379,1049,63.9,1
2026-06-01-1200,2026-06-01,zepto,jivo-pomace-olive-oil-1l,Delhi,110033,379,1049,63.9,1
2026-06-01-1200,2026-06-01,zepto,jivo-pomace-olive-oil-1l,Delhi,110035,379,1049,63.9,1
2026-06-01-1200,2026-06-01,zepto,jivo-pomace-olive-oil-1l,Delhi,110040,379,1049,63.9,1
2026-06-01-1200,2026-06-01,zepto,jivo-pomace-olive-oil-1l,Delhi,110042,379,1049,63.9,1
2026-06-01-1200,2026-06-01,zepto,jivo-pomace-olive-oil-1l,Delhi,110046,379,1049,63.9,1
2026-06-01-1200,2026-06-01,zepto,jivo-pomace-olive-oil-1l,Delhi,110048,379,1049,63.9,1
2026-06-01-1200,2026-06-01,zepto,jivo-pomace-olive-oil-1l,Delhi,110051,379,1049,63.9,1
2026-06-01-1200,2026-06-01,zepto,jivo-pomace-olive-oil-1l,Delhi,110053,379,1049,63.9,1
2026-06-01-1200,2026-06-01,zepto,jivo-pomace-olive-oil-1l,Delhi,110062,379,1049,63.9,1
2026-06-01-1200,2026-06-01,zepto,jivo-pomace-olive-oil-1l,Delhi,110065,379,1049,63.9,1
2026-06-01-1200,2026-06-01,zepto,jivo-pomace-olive-oil-1l,Delhi,110067,379,1049,63.9,1
2026-06-01-1200,2026-06-01,zepto,jivo-pomace-olive-oil-1l,Delhi,110084,379,1049,63.9,1
2026-06-01-1200,2026-06-01,zepto,jivo-pomace-olive-oil-1l,Delhi,110085,379,1049,63.9,1
2026-06-01-1200,2026-06-01,zepto,jivo-pomace-olive-oil-1l,Delhi,110088,379,1049,63.9,1
2026-06-01-1200,2026-06-01,zepto,jivo-pomace-olive-oil-1l,Delhi,110090,379,1049,63.9,1
2026-06-01-1200,2026-06-01,zepto,jivo-pomace-olive-oil-1l,Delhi,110091,379,1049,63.9,1
2026-06-01-1200,2026-06-01,zepto,jivo-pomace-olive-oil-1l,Delhi,110092,379,1049,63.9,1
2026-06-01-1200,2026-06-01,zepto,jivo-pomace-olive-oil-1l,Delhi,110095,379,1049,63.9,1
2026-06-01-1200,2026-06-01,zepto,jivo-pomace-olive-oil-1l,Faridabad,121001,379,1049,63.9,1
2026-06-01-1200,2026-06-01,zepto,jivo-pomace-olive-oil-1l,Faridabad,121011,379,1049,63.9,1
2026-06-01-1200,2026-06-01,zepto,jivo-pomace-olive-oil-1l,Gurgaon,122004,379,1049,63.9,1
2026-06-01-1200,2026-06-01,zepto,jivo-pomace-olive-oil-1l,Gurgaon,122006,379,1049,63.9,1
2026-06-01-1200,2026-06-01,zepto,jivo-pomace-olive-oil-1l,Gurgaon,122010,379,1049,63.9,1
2026-06-01-1200,2026-06-01,zepto,jivo-pomace-olive-oil-1l,Gurgaon,122051,379,1049,63.9,1
2026-06-01-1200,2026-06-01,zepto,jivo-pomace-olive-oil-1l,Gurgaon,122101,379,1049,63.9,1
2026-06-01-1200,2026-06-01,zepto,jivo-pomace-olive-oil-1l,Ludhiana,141015,379,1049,63.9,1
2026-06-01-1200,2026-06-01,zepto,jivo-pomace-olive-oil-1l,Ludhiana,142022,379,1049,63.9,1
2026-06-01-1200,2026-06-01,zepto,jivo-pomace-olive-oil-1l,Ludhiana,142036,379,1049,63.9,1
2026-06-01-1200,2026-06-01,zepto,jivo-pomace-olive-oil-1l,Ghaziabad,201003,379,1049,63.9,1
2026-06-01-1200,2026-06-01,zepto,jivo-pomace-olive-oil-1l,Ghaziabad,201005,379,1049,63.9,1
2026-06-01-1200,2026-06-01,zepto,jivo-pomace-olive-oil-1l,Ghaziabad,201009,379,1049,63.9,1
2026-06-01-1200,2026-06-01,zepto,jivo-pomace-olive-oil-1l,Noida,201306,379,1049,63.9,1
2026-06-01-1200,2026-06-01,zepto,jivo-pomace-olive-oil-1l,Noida,201307,379,1049,63.9,1
2026-06-01-1200,2026-06-01,zepto,jivo-pomace-olive-oil-1l,Noida,201309,379,1049,63.9,1
2026-06-01-1200,2026-06-01,zepto,jivo-pomace-olive-oil-1l,Noida,201310,379,1049,63.9,1
2026-06-01-1200,2026-06-01,zepto,jivo-pomace-olive-oil-1l,Mumbai,400003,379,1049,63.9,1
2026-06-01-1200,2026-06-01,zepto,jivo-pomace-olive-oil-1l,Mumbai,400005,379,1049,63.9,1
2026-06-01-1200,2026-06-01,zepto,jivo-pomace-olive-oil-1l,Mumbai,400006,379,1049,63.9,1
2026-06-01-1200,2026-06-01,zepto,jivo-pomace-olive-oil-1l,Mumbai,400007,379,1049,63.9,1
2026-06-01-1200,2026-06-01,zepto,jivo-pomace-olive-oil-1l,Mumbai,400010,379,1049,63.9,1
2026-06-01-1200,2026-06-01,zepto,jivo-pomace-olive-oil-1l,Mumbai,400011,379,1049,63.9,1
2026-06-01-1200,2026-06-01,zepto,jivo-pomace-olive-oil-1l,Mumbai,400012,379,1049,63.9,1
2026-06-01-1200,2026-06-01,zepto,jivo-pomace-olive-oil-1l,Mumbai,400013,379,1049,63.9,1
2026-06-01-1200,2026-06-01,zepto,jivo-pomace-olive-oil-1l,Mumbai,400015,379,1049,63.9,1
2026-06-01-1200,2026-06-01,zepto,jivo-pomace-olive-oil-1l,Mumbai,400018,379,1049,63.9,1
2026-06-01-1200,2026-06-01,zepto,jivo-pomace-olive-oil-1l,Mumbai,400019,379,1049,63.9,1
2026-06-01-1200,2026-06-01,zepto,jivo-pomace-olive-oil-1l,Mumbai,400020,379,1049,63.9,1
2026-06-01-1200,2026-06-01,zepto,jivo-pomace-olive-oil-1l,Mumbai,400021,379,1049,63.9,1
2026-06-01-1200,2026-06-01,zepto,jivo-pomace-olive-oil-1l,Mumbai,400023,379,1049,63.9,1
2026-06-01-1200,2026-06-01,zepto,jivo-pomace-olive-oil-1l,Mumbai,400025,379,1049,63.9,1
2026-06-01-1200,2026-06-01,zepto,jivo-pomace-olive-oil-1l,Mumbai,400030,379,1049,63.9,1
2026-06-01-1200,2026-06-01,zepto,jivo-pomace-olive-oil-1l,Mumbai,400033,379,1049,63.9,1
2026-06-01-1200,2026-06-01,zepto,jivo-pomace-olive-oil-1l,Mumbai,400041,379,1049,63.9,1
2026-06-01-1200,2026-06-01,zepto,jivo-pomace-olive-oil-1l,Mumbai,400601,379,1049,63.9,1
2026-06-01-1200,2026-06-01,zepto,jivo-pomace-olive-oil-1l,Pune,411004,379,1049,63.9,1
2026-06-01-1200,2026-06-01,zepto,jivo-pomace-olive-oil-1l,Pune,411012,379,1049,63.9,1
2026-06-01-1200,2026-06-01,zepto,jivo-pomace-olive-oil-1l,Pune,411021,379,1049,63.9,1
2026-06-01-1200,2026-06-01,zepto,jivo-pomace-olive-oil-1l,Pune,411028,379,1049,63.9,1
2026-06-01-1200,2026-06-01,zepto,jivo-pomace-olive-oil-1l,Pune,411036,379,1049,63.9,1
2026-06-01-1200,2026-06-01,zepto,jivo-pomace-olive-oil-1l,Pune,411045,379,1049,63.9,1
2026-06-01-1200,2026-06-01,zepto,jivo-pomace-olive-oil-1l,Pune,411047,379,1049,63.9,1
2026-06-01-1200,2026-06-01,zepto,jivo-pomace-olive-oil-1l,Pune,411051,379,1049,63.9,1
2026-06-01-1200,2026-06-01,zepto,jivo-pomace-olive-oil-1l,Bengaluru,560014,379,1049,63.9,1
2026-06-01-1200,2026-06-01,zepto,jivo-pomace-olive-oil-1l,Bengaluru,560019,379,1049,63.9,1
2026-06-01-1200,2026-06-01,zepto,jivo-pomace-olive-oil-1l,Bengaluru,560028,379,1049,63.9,1
2026-06-01-1200,2026-06-01,zepto,jivo-pomace-olive-oil-1l,Bengaluru,560069,379,1049,63.9,1
2026-06-01-1200,2026-06-01,zepto,jivo-pomace-olive-oil-combo-1l,Delhi,110004,758,2098,63.9,1
2026-06-01-1200,2026-06-01,zepto,jivo-pomace-olive-oil-combo-1l,Delhi,110013,758,2098,63.9,1
2026-06-01-1200,2026-06-01,zepto,jivo-pomace-olive-oil-combo-1l,Delhi,110015,758,2098,63.9,1
2026-06-01-1200,2026-06-01,zepto,jivo-pomace-olive-oil-combo-1l,Delhi,110024,758,2098,63.9,1
2026-06-01-1200,2026-06-01,zepto,jivo-pomace-olive-oil-combo-1l,Delhi,110025,758,2098,63.9,1
2026-06-01-1200,2026-06-01,zepto,jivo-pomace-olive-oil-combo-1l,Delhi,110031,758,2098,63.9,1
2026-06-01-1200,2026-06-01,zepto,jivo-pomace-olive-oil-combo-1l,Delhi,110032,758,2098,63.9,1
2026-06-01-1200,2026-06-01,zepto,jivo-pomace-olive-oil-combo-1l,Delhi,110033,758,2098,63.9,1
2026-06-01-1200,2026-06-01,zepto,jivo-pomace-olive-oil-combo-1l,Delhi,110048,758,2098,63.9,1
2026-06-01-1200,2026-06-01,zepto,jivo-pomace-olive-oil-combo-1l,Delhi,110053,758,2098,63.9,1
2026-06-01-1200,2026-06-01,zepto,jivo-pomace-olive-oil-combo-1l,Delhi,110065,758,2098,63.9,1
2026-06-01-1200,2026-06-01,zepto,jivo-pomace-olive-oil-combo-1l,Delhi,110067,758,2098,63.9,1
2026-06-01-1200,2026-06-01,zepto,jivo-pomace-olive-oil-combo-1l,Delhi,110091,758,2098,63.9,1
2026-06-01-1200,2026-06-01,zepto,jivo-pomace-olive-oil-combo-1l,Delhi,110095,758,2098,63.9,1
2026-06-01-1200,2026-06-01,zepto,jivo-pomace-olive-oil-combo-1l,Faridabad,121001,758,2098,63.9,1
2026-06-01-1200,2026-06-01,zepto,jivo-pomace-olive-oil-combo-1l,Gurgaon,122004,758,2098,63.9,1
2026-06-01-1200,2026-06-01,zepto,jivo-pomace-olive-oil-combo-1l,Gurgaon,122006,758,2098,63.9,1
2026-06-01-1200,2026-06-01,zepto,jivo-pomace-olive-oil-combo-1l,Gurgaon,122010,758,2098,63.9,1
2026-06-01-1200,2026-06-01,zepto,jivo-pomace-olive-oil-combo-1l,Ghaziabad,201003,758,2098,63.9,1
2026-06-01-1200,2026-06-01,zepto,jivo-pomace-olive-oil-combo-1l,Noida,201306,758,2098,63.9,1
2026-06-01-1200,2026-06-01,zepto,jivo-pomace-olive-oil-combo-1l,Noida,201307,758,2098,63.9,1
2026-06-01-1200,2026-06-01,zepto,jivo-pomace-olive-oil-combo-1l,Noida,201309,758,2098,63.9,1
2026-06-01-1200,2026-06-01,zepto,jivo-pomace-olive-oil-combo-1l,Noida,201310,758,2098,63.9,1
2026-06-01-1200,2026-06-01,zepto,jivo-pomace-olive-oil-combo-1l,Mumbai,400003,758,2098,63.9,1
2026-06-01-1200,2026-06-01,zepto,jivo-pomace-olive-oil-combo-1l,Mumbai,400005,758,2098,63.9,1
2026-06-01-1200,2026-06-01,zepto,jivo-pomace-olive-oil-combo-1l,Mumbai,400006,758,2098,63.9,1
2026-06-01-1200,2026-06-01,zepto,jivo-pomace-olive-oil-combo-1l,Mumbai,400007,758,2098,63.9,1
2026-06-01-1200,2026-06-01,zepto,jivo-pomace-olive-oil-combo-1l,Mumbai,400010,758,2098,63.9,1
2026-06-01-1200,2026-06-01,zepto,jivo-pomace-olive-oil-combo-1l,Mumbai,400011,758,2098,63.9,1
2026-06-01-1200,2026-06-01,zepto,jivo-pomace-olive-oil-combo-1l,Mumbai,400012,758,2098,63.9,1
2026-06-01-1200,2026-06-01,zepto,jivo-pomace-olive-oil-combo-1l,Mumbai,400013,758,2098,63.9,1
2026-06-01-1200,2026-06-01,zepto,jivo-pomace-olive-oil-combo-1l,Mumbai,400015,758,2098,63.9,1
2026-06-01-1200,2026-06-01,zepto,jivo-pomace-olive-oil-combo-1l,Mumbai,400019,758,2098,63.9,1
2026-06-01-1200,2026-06-01,zepto,jivo-pomace-olive-oil-combo-1l,Mumbai,400020,758,2098,63.9,1
2026-06-01-1200,2026-06-01,zepto,jivo-pomace-olive-oil-combo-1l,Mumbai,400021,758,2098,63.9,1
2026-06-01-1200,2026-06-01,zepto,jivo-pomace-olive-oil-combo-1l,Mumbai,400023,758,2098,63.9,1
2026-06-01-1200,2026-06-01,zepto,jivo-pomace-olive-oil-combo-1l,Mumbai,400030,758,2098,63.9,1
2026-06-01-1200,2026-06-01,zepto,jivo-pomace-olive-oil-combo-1l,Mumbai,400033,758,2098,63.9,1
2026-06-01-1200,2026-06-01,zepto,jivo-pomace-olive-oil-combo-1l,Pune,411036,758,2098,63.9,1
2026-06-01-1200,2026-06-01,zepto,jivo-pomace-olive-oil-combo-1l,Pune,411045,758,2098,63.9,1
2026-06-01-1200,2026-06-01,zepto,jivo-sunflower-cold-pressed-oil-healthy-cooking-oil-1l,Delhi,110004,230,275,16.4,1
2026-06-01-1200,2026-06-01,zepto,jivo-sunflower-cold-pressed-oil-healthy-cooking-oil-1l,Delhi,110006,230,275,16.4,1
2026-06-01-1200,2026-06-01,zepto,jivo-sunflower-cold-pressed-oil-healthy-cooking-oil-1l,Delhi,110007,230,275,16.4,1
2026-06-01-1200,2026-06-01,zepto,jivo-sunflower-cold-pressed-oil-healthy-cooking-oil-1l,Delhi,110008,230,275,16.4,1
2026-06-01-1200,2026-06-01,zepto,jivo-sunflower-cold-pressed-oil-healthy-cooking-oil-1l,Delhi,110009,230,275,16.4,1
2026-06-01-1200,2026-06-01,zepto,jivo-sunflower-cold-pressed-oil-healthy-cooking-oil-1l,Delhi,110010,230,275,16.4,1
2026-06-01-1200,2026-06-01,zepto,jivo-sunflower-cold-pressed-oil-healthy-cooking-oil-1l,Delhi,110013,230,275,16.4,1
2026-06-01-1200,2026-06-01,zepto,jivo-sunflower-cold-pressed-oil-healthy-cooking-oil-1l,Delhi,110014,230,275,16.4,1
2026-06-01-1200,2026-06-01,zepto,jivo-sunflower-cold-pressed-oil-healthy-cooking-oil-1l,Delhi,110015,230,275,16.4,1
2026-06-01-1200,2026-06-01,zepto,jivo-sunflower-cold-pressed-oil-healthy-cooking-oil-1l,Delhi,110018,230,275,16.4,1
2026-06-01-1200,2026-06-01,zepto,jivo-sunflower-cold-pressed-oil-healthy-cooking-oil-1l,Delhi,110021,230,275,16.4,1
2026-06-01-1200,2026-06-01,zepto,jivo-sunflower-cold-pressed-oil-healthy-cooking-oil-1l,Delhi,110024,230,275,16.4,1
2026-06-01-1200,2026-06-01,zepto,jivo-sunflower-cold-pressed-oil-healthy-cooking-oil-1l,Delhi,110025,230,275,16.4,1
2026-06-01-1200,2026-06-01,zepto,jivo-sunflower-cold-pressed-oil-healthy-cooking-oil-1l,Delhi,110026,230,275,16.4,1
2026-06-01-1200,2026-06-01,zepto,jivo-sunflower-cold-pressed-oil-healthy-cooking-oil-1l,Delhi,110031,230,275,16.4,1
2026-06-01-1200,2026-06-01,zepto,jivo-sunflower-cold-pressed-oil-healthy-cooking-oil-1l,Delhi,110032,230,275,16.4,1
2026-06-01-1200,2026-06-01,zepto,jivo-sunflower-cold-pressed-oil-healthy-cooking-oil-1l,Delhi,110033,230,275,16.4,1
2026-06-01-1200,2026-06-01,zepto,jivo-sunflower-cold-pressed-oil-healthy-cooking-oil-1l,Delhi,110035,230,275,16.4,1
2026-06-01-1200,2026-06-01,zepto,jivo-sunflower-cold-pressed-oil-healthy-cooking-oil-1l,Delhi,110040,230,275,16.4,1
2026-06-01-1200,2026-06-01,zepto,jivo-sunflower-cold-pressed-oil-healthy-cooking-oil-1l,Delhi,110042,230,275,16.4,1
2026-06-01-1200,2026-06-01,zepto,jivo-sunflower-cold-pressed-oil-healthy-cooking-oil-1l,Delhi,110046,230,275,16.4,1
2026-06-01-1200,2026-06-01,zepto,jivo-sunflower-cold-pressed-oil-healthy-cooking-oil-1l,Delhi,110048,230,275,16.4,1
2026-06-01-1200,2026-06-01,zepto,jivo-sunflower-cold-pressed-oil-healthy-cooking-oil-1l,Delhi,110051,230,275,16.4,1
2026-06-01-1200,2026-06-01,zepto,jivo-sunflower-cold-pressed-oil-healthy-cooking-oil-1l,Delhi,110053,230,275,16.4,1
2026-06-01-1200,2026-06-01,zepto,jivo-sunflower-cold-pressed-oil-healthy-cooking-oil-1l,Delhi,110062,230,275,16.4,1
2026-06-01-1200,2026-06-01,zepto,jivo-sunflower-cold-pressed-oil-healthy-cooking-oil-1l,Delhi,110065,230,275,16.4,1
2026-06-01-1200,2026-06-01,zepto,jivo-sunflower-cold-pressed-oil-healthy-cooking-oil-1l,Delhi,110067,230,275,16.4,1
2026-06-01-1200,2026-06-01,zepto,jivo-sunflower-cold-pressed-oil-healthy-cooking-oil-1l,Delhi,110076,230,275,16.4,1
2026-06-01-1200,2026-06-01,zepto,jivo-sunflower-cold-pressed-oil-healthy-cooking-oil-1l,Delhi,110084,230,275,16.4,1
2026-06-01-1200,2026-06-01,zepto,jivo-sunflower-cold-pressed-oil-healthy-cooking-oil-1l,Delhi,110085,230,275,16.4,1
2026-06-01-1200,2026-06-01,zepto,jivo-sunflower-cold-pressed-oil-healthy-cooking-oil-1l,Delhi,110088,222,275,19.3,1
2026-06-01-1200,2026-06-01,zepto,jivo-sunflower-cold-pressed-oil-healthy-cooking-oil-1l,Delhi,110090,230,275,16.4,1
2026-06-01-1200,2026-06-01,zepto,jivo-sunflower-cold-pressed-oil-healthy-cooking-oil-1l,Delhi,110091,230,275,16.4,1
2026-06-01-1200,2026-06-01,zepto,jivo-sunflower-cold-pressed-oil-healthy-cooking-oil-1l,Delhi,110092,230,275,16.4,1
2026-06-01-1200,2026-06-01,zepto,jivo-sunflower-cold-pressed-oil-healthy-cooking-oil-1l,Delhi,110095,230,275,16.4,1
2026-06-01-1200,2026-06-01,zepto,jivo-sunflower-cold-pressed-oil-healthy-cooking-oil-1l,Faridabad,121001,230,275,16.4,1
2026-06-01-1200,2026-06-01,zepto,jivo-sunflower-cold-pressed-oil-healthy-cooking-oil-1l,Faridabad,121011,230,275,16.4,1
2026-06-01-1200,2026-06-01,zepto,jivo-sunflower-cold-pressed-oil-healthy-cooking-oil-1l,Gurgaon,122004,230,275,16.4,1
2026-06-01-1200,2026-06-01,zepto,jivo-sunflower-cold-pressed-oil-healthy-cooking-oil-1l,Gurgaon,122006,230,275,16.4,1
2026-06-01-1200,2026-06-01,zepto,jivo-sunflower-cold-pressed-oil-healthy-cooking-oil-1l,Gurgaon,122010,230,275,16.4,1
2026-06-01-1200,2026-06-01,zepto,jivo-sunflower-cold-pressed-oil-healthy-cooking-oil-1l,Gurgaon,122051,230,275,16.4,1
2026-06-01-1200,2026-06-01,zepto,jivo-sunflower-cold-pressed-oil-healthy-cooking-oil-1l,Gurgaon,122101,230,275,16.4,1
2026-06-01-1200,2026-06-01,zepto,jivo-sunflower-cold-pressed-oil-healthy-cooking-oil-1l,Ghaziabad,201003,230,275,16.4,1
2026-06-01-1200,2026-06-01,zepto,jivo-sunflower-cold-pressed-oil-healthy-cooking-oil-1l,Ghaziabad,201005,230,275,16.4,1
2026-06-01-1200,2026-06-01,zepto,jivo-sunflower-cold-pressed-oil-healthy-cooking-oil-1l,Ghaziabad,201009,219,275,20.4,1
2026-06-01-1200,2026-06-01,zepto,jivo-sunflower-cold-pressed-oil-healthy-cooking-oil-1l,Noida,201307,230,275,16.4,1
2026-06-01-1200,2026-06-01,zepto,jivo-sunflower-cold-pressed-oil-healthy-cooking-oil-1l,Noida,201309,230,275,16.4,1
2026-06-01-1200,2026-06-01,zepto,jivo-sunflower-cold-pressed-oil-healthy-cooking-oil-1l,Noida,201310,230,275,16.4,1
2026-06-01-1200,2026-06-01,zepto,jivo-sunflower-cold-pressed-oil-healthy-cooking-oil-1l,Mumbai,400005,230,275,16.4,1
2026-06-01-1200,2026-06-01,zepto,jivo-sunflower-cold-pressed-oil-healthy-cooking-oil-1l,Mumbai,400006,230,275,16.4,1
2026-06-01-1200,2026-06-01,zepto,jivo-sunflower-cold-pressed-oil-healthy-cooking-oil-1l,Mumbai,400007,230,275,16.4,1
2026-06-01-1200,2026-06-01,zepto,jivo-sunflower-cold-pressed-oil-healthy-cooking-oil-1l,Mumbai,400010,230,275,16.4,1
2026-06-01-1200,2026-06-01,zepto,jivo-sunflower-cold-pressed-oil-healthy-cooking-oil-1l,Mumbai,400011,230,275,16.4,1
2026-06-01-1200,2026-06-01,zepto,jivo-sunflower-cold-pressed-oil-healthy-cooking-oil-1l,Mumbai,400012,230,275,16.4,1
2026-06-01-1200,2026-06-01,zepto,jivo-sunflower-cold-pressed-oil-healthy-cooking-oil-1l,Mumbai,400013,230,275,16.4,1
2026-06-01-1200,2026-06-01,zepto,jivo-sunflower-cold-pressed-oil-healthy-cooking-oil-1l,Mumbai,400015,230,275,16.4,1
2026-06-01-1200,2026-06-01,zepto,jivo-sunflower-cold-pressed-oil-healthy-cooking-oil-1l,Mumbai,400019,230,275,16.4,1
2026-06-01-1200,2026-06-01,zepto,jivo-sunflower-cold-pressed-oil-healthy-cooking-oil-1l,Mumbai,400020,230,275,16.4,1
2026-06-01-1200,2026-06-01,zepto,jivo-sunflower-cold-pressed-oil-healthy-cooking-oil-1l,Mumbai,400023,230,275,16.4,1
2026-06-01-1200,2026-06-01,zepto,jivo-sunflower-cold-pressed-oil-healthy-cooking-oil-1l,Mumbai,400030,230,275,16.4,1
2026-06-01-1200,2026-06-01,zepto,jivo-sunflower-cold-pressed-oil-healthy-cooking-oil-1l,Mumbai,400033,230,275,16.4,1
2026-06-01-1200,2026-06-01,zepto,jivo-sunflower-cold-pressed-oil-healthy-cooking-oil-1l,Mumbai,400090,230,275,16.4,1
2026-06-01-1200,2026-06-01,zepto,jivo-sunflower-cold-pressed-oil-healthy-cooking-oil-1l,Mumbai,400601,230,275,16.4,1
2026-06-01-1200,2026-06-01,zepto,jivo-sunflower-cold-pressed-oil-healthy-cooking-oil-1l,Mumbai,400611,230,275,16.4,1
2026-06-01-1200,2026-06-01,zepto,jivo-sunflower-cold-pressed-oil-healthy-cooking-oil-1l,Mumbai,400703,230,275,16.4,1
2026-06-01-1200,2026-06-01,zepto,jivo-sunflower-cold-pressed-oil-healthy-cooking-oil-1l,Bengaluru,560069,230,275,16.4,1
2026-06-01-1600,2026-06-01,zepto,jivo-cold-press-canola-oil-combo-bottle-2l,Delhi,110004,485,750,35.3,1
2026-06-01-1600,2026-06-01,zepto,jivo-cold-press-canola-oil-combo-bottle-2l,Delhi,110006,485,750,35.3,1
2026-06-01-1600,2026-06-01,zepto,jivo-cold-press-canola-oil-combo-bottle-2l,Delhi,110009,485,750,35.3,1
2026-06-01-1600,2026-06-01,zepto,jivo-cold-press-canola-oil-combo-bottle-2l,Delhi,110010,485,750,35.3,1
2026-06-01-1600,2026-06-01,zepto,jivo-cold-press-canola-oil-combo-bottle-2l,Delhi,110013,485,750,35.3,1
2026-06-01-1600,2026-06-01,zepto,jivo-cold-press-canola-oil-combo-bottle-2l,Delhi,110014,485,750,35.3,1
2026-06-01-1600,2026-06-01,zepto,jivo-cold-press-canola-oil-combo-bottle-2l,Delhi,110015,485,750,35.3,1
2026-06-01-1600,2026-06-01,zepto,jivo-cold-press-canola-oil-combo-bottle-2l,Delhi,110017,520,750,30.7,1
2026-06-01-1600,2026-06-01,zepto,jivo-cold-press-canola-oil-combo-bottle-2l,Delhi,110025,485,750,35.3,1
2026-06-01-1600,2026-06-01,zepto,jivo-cold-press-canola-oil-combo-bottle-2l,Delhi,110031,485,750,35.3,1
2026-06-01-1600,2026-06-01,zepto,jivo-cold-press-canola-oil-combo-bottle-2l,Delhi,110032,485,750,35.3,1
2026-06-01-1600,2026-06-01,zepto,jivo-cold-press-canola-oil-combo-bottle-2l,Delhi,110035,520,750,30.7,1
2026-06-01-1600,2026-06-01,zepto,jivo-cold-press-canola-oil-combo-bottle-2l,Delhi,110040,485,750,35.3,1
2026-06-01-1600,2026-06-01,zepto,jivo-cold-press-canola-oil-combo-bottle-2l,Delhi,110042,485,750,35.3,1
2026-06-01-1600,2026-06-01,zepto,jivo-cold-press-canola-oil-combo-bottle-2l,Delhi,110048,485,750,35.3,1
2026-06-01-1600,2026-06-01,zepto,jivo-cold-press-canola-oil-combo-bottle-2l,Delhi,110053,485,750,35.3,1
2026-06-01-1600,2026-06-01,zepto,jivo-cold-press-canola-oil-combo-bottle-2l,Delhi,110062,485,750,35.3,1
2026-06-01-1600,2026-06-01,zepto,jivo-cold-press-canola-oil-combo-bottle-2l,Delhi,110065,485,750,35.3,1
2026-06-01-1600,2026-06-01,zepto,jivo-cold-press-canola-oil-combo-bottle-2l,Delhi,110076,485,750,35.3,1
2026-06-01-1600,2026-06-01,zepto,jivo-cold-press-canola-oil-combo-bottle-2l,Delhi,110085,485,750,35.3,1
2026-06-01-1600,2026-06-01,zepto,jivo-cold-press-canola-oil-combo-bottle-2l,Delhi,110091,485,750,35.3,1
2026-06-01-1600,2026-06-01,zepto,jivo-cold-press-canola-oil-combo-bottle-2l,Delhi,110092,520,750,30.7,1
2026-06-01-1600,2026-06-01,zepto,jivo-cold-press-canola-oil-combo-bottle-2l,Delhi,110095,485,750,35.3,1
2026-06-01-1600,2026-06-01,zepto,jivo-cold-press-canola-oil-combo-bottle-2l,Ludhiana,141015,485,750,35.3,1
2026-06-01-1600,2026-06-01,zepto,jivo-cold-press-canola-oil-combo-bottle-2l,Ludhiana,142036,485,750,35.3,1
2026-06-01-1600,2026-06-01,zepto,jivo-cold-press-canola-oil-combo-bottle-2l,Chandigarh,160011,485,750,35.3,1
2026-06-01-1600,2026-06-01,zepto,jivo-cold-press-canola-oil-combo-bottle-2l,Chandigarh,160021,485,750,35.3,1
2026-06-01-1600,2026-06-01,zepto,jivo-cold-press-canola-oil-combo-bottle-2l,Chandigarh,160035,485,750,35.3,1
2026-06-01-1600,2026-06-01,zepto,jivo-cold-press-canola-oil-combo-bottle-2l,Chandigarh,160043,485,750,35.3,1
2026-06-01-1600,2026-06-01,zepto,jivo-cold-press-canola-oil-combo-bottle-2l,Bengaluru,560069,485,750,35.3,1
2026-06-01-1600,2026-06-01,zepto,jivo-daily-pomace-olive-oil-2l,Bengaluru,560014,941,1449,35.1,1
2026-06-01-1600,2026-06-01,zepto,jivo-extra-light-olive-oil-1l,Delhi,110004,499,1499,66.7,1
2026-06-01-1600,2026-06-01,zepto,jivo-extra-light-olive-oil-1l,Delhi,110006,499,1499,66.7,1
2026-06-01-1600,2026-06-01,zepto,jivo-extra-light-olive-oil-1l,Delhi,110007,499,1499,66.7,1
2026-06-01-1600,2026-06-01,zepto,jivo-extra-light-olive-oil-1l,Delhi,110008,499,1499,66.7,1
2026-06-01-1600,2026-06-01,zepto,jivo-extra-light-olive-oil-1l,Delhi,110009,499,1499,66.7,1
2026-06-01-1600,2026-06-01,zepto,jivo-extra-light-olive-oil-1l,Delhi,110010,499,1499,66.7,1
2026-06-01-1600,2026-06-01,zepto,jivo-extra-light-olive-oil-1l,Delhi,110013,499,1499,66.7,1
2026-06-01-1600,2026-06-01,zepto,jivo-extra-light-olive-oil-1l,Delhi,110014,499,1499,66.7,1
2026-06-01-1600,2026-06-01,zepto,jivo-extra-light-olive-oil-1l,Delhi,110015,499,1499,66.7,1
2026-06-01-1600,2026-06-01,zepto,jivo-extra-light-olive-oil-1l,Delhi,110017,499,1499,66.7,1
2026-06-01-1600,2026-06-01,zepto,jivo-extra-light-olive-oil-1l,Delhi,110018,499,1499,66.7,1
2026-06-01-1600,2026-06-01,zepto,jivo-extra-light-olive-oil-1l,Delhi,110021,499,1499,66.7,1
2026-06-01-1600,2026-06-01,zepto,jivo-extra-light-olive-oil-1l,Delhi,110024,499,1499,66.7,1
2026-06-01-1600,2026-06-01,zepto,jivo-extra-light-olive-oil-1l,Delhi,110025,499,1499,66.7,1
2026-06-01-1600,2026-06-01,zepto,jivo-extra-light-olive-oil-1l,Delhi,110026,499,1499,66.7,1
2026-06-01-1600,2026-06-01,zepto,jivo-extra-light-olive-oil-1l,Delhi,110031,499,1499,66.7,1
2026-06-01-1600,2026-06-01,zepto,jivo-extra-light-olive-oil-1l,Delhi,110032,499,1499,66.7,1
2026-06-01-1600,2026-06-01,zepto,jivo-extra-light-olive-oil-1l,Delhi,110033,499,1499,66.7,1
2026-06-01-1600,2026-06-01,zepto,jivo-extra-light-olive-oil-1l,Delhi,110035,499,1499,66.7,1
2026-06-01-1600,2026-06-01,zepto,jivo-extra-light-olive-oil-1l,Delhi,110040,499,1499,66.7,1
2026-06-01-1600,2026-06-01,zepto,jivo-extra-light-olive-oil-1l,Delhi,110042,499,1499,66.7,1
2026-06-01-1600,2026-06-01,zepto,jivo-extra-light-olive-oil-1l,Delhi,110046,499,1499,66.7,1
2026-06-01-1600,2026-06-01,zepto,jivo-extra-light-olive-oil-1l,Delhi,110048,499,1499,66.7,1
2026-06-01-1600,2026-06-01,zepto,jivo-extra-light-olive-oil-1l,Delhi,110051,499,1499,66.7,1
2026-06-01-1600,2026-06-01,zepto,jivo-extra-light-olive-oil-1l,Delhi,110053,499,1499,66.7,1
2026-06-01-1600,2026-06-01,zepto,jivo-extra-light-olive-oil-1l,Delhi,110062,499,1499,66.7,1
2026-06-01-1600,2026-06-01,zepto,jivo-extra-light-olive-oil-1l,Delhi,110065,499,1499,66.7,1
2026-06-01-1600,2026-06-01,zepto,jivo-extra-light-olive-oil-1l,Delhi,110067,499,1499,66.7,1
2026-06-01-1600,2026-06-01,zepto,jivo-extra-light-olive-oil-1l,Delhi,110076,499,1499,66.7,1
2026-06-01-1600,2026-06-01,zepto,jivo-extra-light-olive-oil-1l,Delhi,110084,499,1499,66.7,1
2026-06-01-1600,2026-06-01,zepto,jivo-extra-light-olive-oil-1l,Delhi,110085,499,1499,66.7,1
2026-06-01-1600,2026-06-01,zepto,jivo-extra-light-olive-oil-1l,Delhi,110088,499,1499,66.7,1
2026-06-01-1600,2026-06-01,zepto,jivo-extra-light-olive-oil-1l,Delhi,110090,499,1499,66.7,1
2026-06-01-1600,2026-06-01,zepto,jivo-extra-light-olive-oil-1l,Delhi,110091,499,1499,66.7,1
2026-06-01-1600,2026-06-01,zepto,jivo-extra-light-olive-oil-1l,Delhi,110092,499,1499,66.7,1
2026-06-01-1600,2026-06-01,zepto,jivo-extra-light-olive-oil-1l,Delhi,110095,499,1499,66.7,1
2026-06-01-1600,2026-06-01,zepto,jivo-extra-light-olive-oil-1l,Faridabad,121011,499,1499,66.7,1
2026-06-01-1600,2026-06-01,zepto,jivo-extra-light-olive-oil-1l,Gurgaon,122004,499,1499,66.7,1
2026-06-01-1600,2026-06-01,zepto,jivo-extra-light-olive-oil-1l,Gurgaon,122006,499,1499,66.7,1
2026-06-01-1600,2026-06-01,zepto,jivo-extra-light-olive-oil-1l,Gurgaon,122010,499,1499,66.7,1
2026-06-01-1600,2026-06-01,zepto,jivo-extra-light-olive-oil-1l,Gurgaon,122051,499,1499,66.7,1
2026-06-01-1600,2026-06-01,zepto,jivo-extra-light-olive-oil-1l,Gurgaon,122101,499,1499,66.7,1
2026-06-01-1600,2026-06-01,zepto,jivo-extra-light-olive-oil-1l,Ludhiana,141015,499,1499,66.7,1
2026-06-01-1600,2026-06-01,zepto,jivo-extra-light-olive-oil-1l,Ludhiana,142022,499,1499,66.7,1
2026-06-01-1600,2026-06-01,zepto,jivo-extra-light-olive-oil-1l,Ludhiana,142036,499,1499,66.7,1
2026-06-01-1600,2026-06-01,zepto,jivo-extra-light-olive-oil-1l,Chandigarh,160011,499,1499,66.7,1
2026-06-01-1600,2026-06-01,zepto,jivo-extra-light-olive-oil-1l,Chandigarh,160021,499,1499,66.7,1
2026-06-01-1600,2026-06-01,zepto,jivo-extra-light-olive-oil-1l,Chandigarh,160035,499,1499,66.7,1
2026-06-01-1600,2026-06-01,zepto,jivo-extra-light-olive-oil-1l,Chandigarh,160043,499,1499,66.7,1
2026-06-01-1600,2026-06-01,zepto,jivo-extra-light-olive-oil-1l,Ghaziabad,201003,499,1499,66.7,1
2026-06-01-1600,2026-06-01,zepto,jivo-extra-light-olive-oil-1l,Ghaziabad,201005,499,1499,66.7,1
2026-06-01-1600,2026-06-01,zepto,jivo-extra-light-olive-oil-1l,Ghaziabad,201009,499,1499,66.7,1
2026-06-01-1600,2026-06-01,zepto,jivo-extra-light-olive-oil-1l,Noida,201306,499,1499,66.7,1
2026-06-01-1600,2026-06-01,zepto,jivo-extra-light-olive-oil-1l,Noida,201307,499,1499,66.7,1
2026-06-01-1600,2026-06-01,zepto,jivo-extra-light-olive-oil-1l,Noida,201309,499,1499,66.7,1
2026-06-01-1600,2026-06-01,zepto,jivo-extra-light-olive-oil-1l,Noida,201310,499,1499,66.7,1
2026-06-01-1600,2026-06-01,zepto,jivo-extra-light-olive-oil-1l,Mumbai,400003,499,1499,66.7,1
2026-06-01-1600,2026-06-01,zepto,jivo-extra-light-olive-oil-1l,Mumbai,400005,499,1499,66.7,1
2026-06-01-1600,2026-06-01,zepto,jivo-extra-light-olive-oil-1l,Mumbai,400006,499,1499,66.7,1
2026-06-01-1600,2026-06-01,zepto,jivo-extra-light-olive-oil-1l,Mumbai,400007,499,1499,66.7,1
2026-06-01-1600,2026-06-01,zepto,jivo-extra-light-olive-oil-1l,Mumbai,400010,499,1499,66.7,1
2026-06-01-1600,2026-06-01,zepto,jivo-extra-light-olive-oil-1l,Mumbai,400011,499,1499,66.7,1
2026-06-01-1600,2026-06-01,zepto,jivo-extra-light-olive-oil-1l,Mumbai,400012,499,1499,66.7,1
2026-06-01-1600,2026-06-01,zepto,jivo-extra-light-olive-oil-1l,Mumbai,400013,499,1499,66.7,1
2026-06-01-1600,2026-06-01,zepto,jivo-extra-light-olive-oil-1l,Mumbai,400015,499,1499,66.7,1
2026-06-01-1600,2026-06-01,zepto,jivo-extra-light-olive-oil-1l,Mumbai,400017,499,1499,66.7,1
2026-06-01-1600,2026-06-01,zepto,jivo-extra-light-olive-oil-1l,Mumbai,400018,499,1499,66.7,1
2026-06-01-1600,2026-06-01,zepto,jivo-extra-light-olive-oil-1l,Mumbai,400019,499,1499,66.7,1
2026-06-01-1600,2026-06-01,zepto,jivo-extra-light-olive-oil-1l,Mumbai,400020,499,1499,66.7,1
2026-06-01-1600,2026-06-01,zepto,jivo-extra-light-olive-oil-1l,Mumbai,400021,499,1499,66.7,1
2026-06-01-1600,2026-06-01,zepto,jivo-extra-light-olive-oil-1l,Mumbai,400023,499,1499,66.7,1
2026-06-01-1600,2026-06-01,zepto,jivo-extra-light-olive-oil-1l,Mumbai,400025,499,1499,66.7,1
2026-06-01-1600,2026-06-01,zepto,jivo-extra-light-olive-oil-1l,Mumbai,400030,499,1499,66.7,1
2026-06-01-1600,2026-06-01,zepto,jivo-extra-light-olive-oil-1l,Mumbai,400033,499,1499,66.7,1
2026-06-01-1600,2026-06-01,zepto,jivo-extra-light-olive-oil-1l,Mumbai,400041,499,1499,66.7,1
2026-06-01-1600,2026-06-01,zepto,jivo-extra-light-olive-oil-1l,Mumbai,400090,499,1499,66.7,1
2026-06-01-1600,2026-06-01,zepto,jivo-extra-light-olive-oil-1l,Mumbai,400601,499,1499,66.7,1
2026-06-01-1600,2026-06-01,zepto,jivo-extra-light-olive-oil-1l,Mumbai,400611,499,1499,66.7,1
2026-06-01-1600,2026-06-01,zepto,jivo-extra-light-olive-oil-1l,Mumbai,400703,499,1499,66.7,1
2026-06-01-1600,2026-06-01,zepto,jivo-extra-light-olive-oil-1l,Pune,410506,719,1499,52,1
2026-06-01-1600,2026-06-01,zepto,jivo-extra-light-olive-oil-1l,Pune,411004,499,1499,66.7,1
2026-06-01-1600,2026-06-01,zepto,jivo-extra-light-olive-oil-1l,Pune,411006,499,1499,66.7,1
2026-06-01-1600,2026-06-01,zepto,jivo-extra-light-olive-oil-1l,Pune,411011,499,1499,66.7,1
2026-06-01-1600,2026-06-01,zepto,jivo-extra-light-olive-oil-1l,Pune,411014,499,1499,66.7,1
2026-06-01-1600,2026-06-01,zepto,jivo-extra-light-olive-oil-1l,Pune,411015,499,1499,66.7,1
2026-06-01-1600,2026-06-01,zepto,jivo-extra-light-olive-oil-1l,Pune,411021,499,1499,66.7,1
2026-06-01-1600,2026-06-01,zepto,jivo-extra-light-olive-oil-1l,Pune,411028,499,1499,66.7,1
2026-06-01-1600,2026-06-01,zepto,jivo-extra-light-olive-oil-1l,Pune,411036,499,1499,66.7,1
2026-06-01-1600,2026-06-01,zepto,jivo-extra-light-olive-oil-1l,Pune,411045,499,1499,66.7,1
2026-06-01-1600,2026-06-01,zepto,jivo-extra-light-olive-oil-1l,Pune,411047,499,1499,66.7,1
2026-06-01-1600,2026-06-01,zepto,jivo-extra-light-olive-oil-1l,Pune,411051,499,1499,66.7,1
2026-06-01-1600,2026-06-01,zepto,jivo-extra-light-olive-oil-1l,Bengaluru,560014,499,1499,66.7,1
2026-06-01-1600,2026-06-01,zepto,jivo-extra-light-olive-oil-1l,Bengaluru,560069,499,1499,66.7,1
2026-06-01-1600,2026-06-01,zepto,jivo-extra-light-olive-oil-2l,Delhi,110010,1504,2799,46.3,1
2026-06-01-1600,2026-06-01,zepto,jivo-extra-light-olive-oil-2l,Delhi,110014,1504,2799,46.3,1
2026-06-01-1600,2026-06-01,zepto,jivo-extra-light-olive-oil-2l,Delhi,110031,1504,2799,46.3,1
2026-06-01-1600,2026-06-01,zepto,jivo-extra-light-olive-oil-2l,Delhi,110040,1504,2799,46.3,1
2026-06-01-1600,2026-06-01,zepto,jivo-extra-light-olive-oil-2l,Delhi,110042,1504,2799,46.3,1
2026-06-01-1600,2026-06-01,zepto,jivo-extra-light-olive-oil-2l,Delhi,110062,1504,2799,46.3,1
2026-06-01-1600,2026-06-01,zepto,jivo-extra-light-olive-oil-2l,Delhi,110067,1504,2799,46.3,1
2026-06-01-1600,2026-06-01,zepto,jivo-extra-light-olive-oil-2l,Delhi,110084,1504,2799,46.3,1
2026-06-01-1600,2026-06-01,zepto,jivo-extra-light-olive-oil-2l,Delhi,110088,1174,2799,58.1,1
2026-06-01-1600,2026-06-01,zepto,jivo-extra-light-olive-oil-2l,Delhi,110090,1504,2799,46.3,1
2026-06-01-1600,2026-06-01,zepto,jivo-extra-light-olive-oil-2l,Gurgaon,122051,1504,2799,46.3,1
2026-06-01-1600,2026-06-01,zepto,jivo-extra-light-olive-oil-2l,Gurgaon,122101,1504,2799,46.3,1
2026-06-01-1600,2026-06-01,zepto,jivo-extra-light-olive-oil-2l,Ghaziabad,201003,1504,2799,46.3,1
2026-06-01-1600,2026-06-01,zepto,jivo-extra-light-olive-oil-2l,Ghaziabad,201009,1177,2799,57.9,1
2026-06-01-1600,2026-06-01,zepto,jivo-extra-light-olive-oil-2l,Noida,201309,1504,2799,46.3,1
2026-06-01-1600,2026-06-01,zepto,jivo-extra-light-olive-oil-2l,Noida,201310,1504,2799,46.3,1
2026-06-01-1600,2026-06-01,zepto,jivo-extra-light-olive-oil-2l,Mumbai,400005,1505,2799,46.2,1
2026-06-01-1600,2026-06-01,zepto,jivo-extra-light-olive-oil-2l,Mumbai,400006,1505,2799,46.2,1
2026-06-01-1600,2026-06-01,zepto,jivo-extra-light-olive-oil-2l,Mumbai,400007,1505,2799,46.2,1
2026-06-01-1600,2026-06-01,zepto,jivo-extra-light-olive-oil-2l,Mumbai,400010,1505,2799,46.2,1
2026-06-01-1600,2026-06-01,zepto,jivo-extra-light-olive-oil-2l,Mumbai,400011,1505,2799,46.2,1
2026-06-01-1600,2026-06-01,zepto,jivo-extra-light-olive-oil-2l,Mumbai,400012,1505,2799,46.2,1
2026-06-01-1600,2026-06-01,zepto,jivo-extra-light-olive-oil-2l,Mumbai,400013,1505,2799,46.2,1
2026-06-01-1600,2026-06-01,zepto,jivo-extra-light-olive-oil-2l,Mumbai,400015,1505,2799,46.2,1
2026-06-01-1600,2026-06-01,zepto,jivo-extra-light-olive-oil-2l,Mumbai,400017,1505,2799,46.2,1
2026-06-01-1600,2026-06-01,zepto,jivo-extra-light-olive-oil-2l,Mumbai,400018,1505,2799,46.2,1
2026-06-01-1600,2026-06-01,zepto,jivo-extra-light-olive-oil-2l,Mumbai,400019,1505,2799,46.2,1
2026-06-01-1600,2026-06-01,zepto,jivo-extra-light-olive-oil-2l,Mumbai,400020,1505,2799,46.2,1
2026-06-01-1600,2026-06-01,zepto,jivo-extra-light-olive-oil-2l,Mumbai,400023,1505,2799,46.2,1
2026-06-01-1600,2026-06-01,zepto,jivo-extra-light-olive-oil-2l,Mumbai,400025,1505,2799,46.2,1
2026-06-01-1600,2026-06-01,zepto,jivo-extra-light-olive-oil-2l,Mumbai,400030,1505,2799,46.2,1
2026-06-01-1600,2026-06-01,zepto,jivo-extra-light-olive-oil-2l,Mumbai,400033,1505,2799,46.2,1
2026-06-01-1600,2026-06-01,zepto,jivo-extra-light-olive-oil-2l,Mumbai,400090,1505,2799,46.2,1
2026-06-01-1600,2026-06-01,zepto,jivo-extra-light-olive-oil-2l,Mumbai,400601,1505,2799,46.2,1
2026-06-01-1600,2026-06-01,zepto,jivo-extra-light-olive-oil-2l,Mumbai,400611,1505,2799,46.2,1
2026-06-01-1600,2026-06-01,zepto,jivo-extra-light-olive-oil-2l,Mumbai,400703,1505,2799,46.2,1
2026-06-01-1600,2026-06-01,zepto,jivo-extra-light-olive-oil-combo-1l,Delhi,110004,998,2998,66.7,1
2026-06-01-1600,2026-06-01,zepto,jivo-extra-light-olive-oil-combo-1l,Delhi,110007,998,2998,66.7,1
2026-06-01-1600,2026-06-01,zepto,jivo-extra-light-olive-oil-combo-1l,Delhi,110013,998,2998,66.7,1
2026-06-01-1600,2026-06-01,zepto,jivo-extra-light-olive-oil-combo-1l,Delhi,110015,998,2998,66.7,1
2026-06-01-1600,2026-06-01,zepto,jivo-extra-light-olive-oil-combo-1l,Delhi,110021,998,2998,66.7,1
2026-06-01-1600,2026-06-01,zepto,jivo-extra-light-olive-oil-combo-1l,Delhi,110025,998,2998,66.7,1
2026-06-01-1600,2026-06-01,zepto,jivo-extra-light-olive-oil-combo-1l,Delhi,110026,998,2998,66.7,1
2026-06-01-1600,2026-06-01,zepto,jivo-extra-light-olive-oil-combo-1l,Delhi,110031,998,2998,66.7,1
2026-06-01-1600,2026-06-01,zepto,jivo-extra-light-olive-oil-combo-1l,Delhi,110032,998,2998,66.7,1
2026-06-01-1600,2026-06-01,zepto,jivo-extra-light-olive-oil-combo-1l,Delhi,110033,998,2998,66.7,1
2026-06-01-1600,2026-06-01,zepto,jivo-extra-light-olive-oil-combo-1l,Delhi,110040,998,2998,66.7,1
2026-06-01-1600,2026-06-01,zepto,jivo-extra-light-olive-oil-combo-1l,Delhi,110048,998,2998,66.7,1
2026-06-01-1600,2026-06-01,zepto,jivo-extra-light-olive-oil-combo-1l,Delhi,110051,998,2998,66.7,1
2026-06-01-1600,2026-06-01,zepto,jivo-extra-light-olive-oil-combo-1l,Delhi,110053,998,2998,66.7,1
2026-06-01-1600,2026-06-01,zepto,jivo-extra-light-olive-oil-combo-1l,Delhi,110065,998,2998,66.7,1
2026-06-01-1600,2026-06-01,zepto,jivo-extra-light-olive-oil-combo-1l,Delhi,110067,998,2998,66.7,1
2026-06-01-1600,2026-06-01,zepto,jivo-extra-light-olive-oil-combo-1l,Delhi,110084,998,2998,66.7,1
2026-06-01-1600,2026-06-01,zepto,jivo-extra-light-olive-oil-combo-1l,Delhi,110085,998,2998,66.7,1
2026-06-01-1600,2026-06-01,zepto,jivo-extra-light-olive-oil-combo-1l,Delhi,110091,998,2998,66.7,1
2026-06-01-1600,2026-06-01,zepto,jivo-extra-light-olive-oil-combo-1l,Delhi,110095,998,2998,66.7,1
2026-06-01-1600,2026-06-01,zepto,jivo-extra-light-olive-oil-combo-1l,Gurgaon,122004,998,2998,66.7,1
2026-06-01-1600,2026-06-01,zepto,jivo-extra-light-olive-oil-combo-1l,Gurgaon,122006,998,2998,66.7,1
2026-06-01-1600,2026-06-01,zepto,jivo-extra-light-olive-oil-combo-1l,Gurgaon,122010,998,2998,66.7,1
2026-06-01-1600,2026-06-01,zepto,jivo-extra-light-olive-oil-combo-1l,Gurgaon,122051,998,2998,66.7,1
2026-06-01-1600,2026-06-01,zepto,jivo-extra-light-olive-oil-combo-1l,Gurgaon,122101,998,2998,66.7,1
2026-06-01-1600,2026-06-01,zepto,jivo-extra-light-olive-oil-combo-1l,Noida,201306,998,2998,66.7,1
2026-06-01-1600,2026-06-01,zepto,jivo-extra-light-olive-oil-combo-1l,Noida,201309,998,2998,66.7,1
2026-06-01-1600,2026-06-01,zepto,jivo-extra-light-olive-oil-combo-1l,Noida,201310,998,2998,66.7,1
2026-06-01-1600,2026-06-01,zepto,jivo-extra-light-olive-oil-combo-1l,Mumbai,400003,998,2998,66.7,1
2026-06-01-1600,2026-06-01,zepto,jivo-extra-light-olive-oil-combo-1l,Mumbai,400005,998,2998,66.7,1
2026-06-01-1600,2026-06-01,zepto,jivo-extra-light-olive-oil-combo-1l,Mumbai,400006,998,2998,66.7,1
2026-06-01-1600,2026-06-01,zepto,jivo-extra-light-olive-oil-combo-1l,Mumbai,400007,998,2998,66.7,1
2026-06-01-1600,2026-06-01,zepto,jivo-extra-light-olive-oil-combo-1l,Mumbai,400010,998,2998,66.7,1
2026-06-01-1600,2026-06-01,zepto,jivo-extra-light-olive-oil-combo-1l,Mumbai,400011,998,2998,66.7,1
2026-06-01-1600,2026-06-01,zepto,jivo-extra-light-olive-oil-combo-1l,Mumbai,400012,998,2998,66.7,1
2026-06-01-1600,2026-06-01,zepto,jivo-extra-light-olive-oil-combo-1l,Mumbai,400013,998,2998,66.7,1
2026-06-01-1600,2026-06-01,zepto,jivo-extra-light-olive-oil-combo-1l,Mumbai,400015,998,2998,66.7,1
2026-06-01-1600,2026-06-01,zepto,jivo-extra-light-olive-oil-combo-1l,Mumbai,400019,998,2998,66.7,1
2026-06-01-1600,2026-06-01,zepto,jivo-extra-light-olive-oil-combo-1l,Mumbai,400020,998,2998,66.7,1
2026-06-01-1600,2026-06-01,zepto,jivo-extra-light-olive-oil-combo-1l,Mumbai,400021,998,2998,66.7,1
2026-06-01-1600,2026-06-01,zepto,jivo-extra-light-olive-oil-combo-1l,Mumbai,400023,998,2998,66.7,1
2026-06-01-1600,2026-06-01,zepto,jivo-extra-light-olive-oil-combo-1l,Mumbai,400030,998,2998,66.7,1
2026-06-01-1600,2026-06-01,zepto,jivo-extra-light-olive-oil-combo-1l,Mumbai,400033,998,2998,66.7,1
2026-06-01-1600,2026-06-01,zepto,jivo-extra-light-olive-oil-combo-1l,Mumbai,400090,998,2998,66.7,1
2026-06-01-1600,2026-06-01,zepto,jivo-extra-light-olive-oil-combo-1l,Mumbai,400601,998,2998,66.7,1
2026-06-01-1600,2026-06-01,zepto,jivo-extra-light-olive-oil-combo-1l,Mumbai,400611,998,2998,66.7,1
2026-06-01-1600,2026-06-01,zepto,jivo-extra-light-olive-oil-combo-1l,Mumbai,400703,998,2998,66.7,1
2026-06-01-1600,2026-06-01,zepto,jivo-extra-light-olive-oil-combo-1l,Pune,411006,998,2998,66.7,1
2026-06-01-1600,2026-06-01,zepto,jivo-extra-light-olive-oil-combo-1l,Pune,411011,998,2998,66.7,1
2026-06-01-1600,2026-06-01,zepto,jivo-extra-light-olive-oil-combo-1l,Pune,411015,998,2998,66.7,1
2026-06-01-1600,2026-06-01,zepto,jivo-extra-light-olive-oil-combo-1l,Pune,411021,998,2998,66.7,1
2026-06-01-1600,2026-06-01,zepto,jivo-extra-light-olive-oil-combo-1l,Pune,411045,998,2998,66.7,1
2026-06-01-1600,2026-06-01,zepto,jivo-extra-light-olive-oil-combo-1l,Pune,411047,998,2998,66.7,1
2026-06-01-1600,2026-06-01,zepto,jivo-extra-light-olive-oil-combo-1l,Pune,411051,998,2998,66.7,1
2026-06-01-1600,2026-06-01,zepto,jivo-extra-light-olive-oil-combo-1l,Bengaluru,560069,998,2998,66.7,1
2026-06-01-1600,2026-06-01,zepto,jivo-extra-light-olive-oil-combo-2l,Delhi,110014,3008,5598,46.3,1
2026-06-01-1600,2026-06-01,zepto,jivo-extra-light-olive-oil-combo-2l,Delhi,110040,3008,5598,46.3,1
2026-06-01-1600,2026-06-01,zepto,jivo-extra-light-olive-oil-combo-2l,Delhi,110062,3008,5598,46.3,1
2026-06-01-1600,2026-06-01,zepto,jivo-extra-light-olive-oil-combo-2l,Delhi,110084,3008,5598,46.3,1
2026-06-01-1600,2026-06-01,zepto,jivo-extra-light-olive-oil-combo-2l,Gurgaon,122051,3008,5598,46.3,1
2026-06-01-1600,2026-06-01,zepto,jivo-extra-light-olive-oil-combo-2l,Gurgaon,122101,3008,5598,46.3,1
2026-06-01-1600,2026-06-01,zepto,jivo-extra-light-olive-oil-combo-2l,Noida,201310,3008,5598,46.3,1
2026-06-01-1600,2026-06-01,zepto,jivo-extra-light-olive-oil-combo-2l,Mumbai,400005,3010,5598,46.2,1
2026-06-01-1600,2026-06-01,zepto,jivo-extra-light-olive-oil-combo-2l,Mumbai,400006,3010,5598,46.2,1
2026-06-01-1600,2026-06-01,zepto,jivo-extra-light-olive-oil-combo-2l,Mumbai,400007,3010,5598,46.2,1
2026-06-01-1600,2026-06-01,zepto,jivo-extra-light-olive-oil-combo-2l,Mumbai,400010,3010,5598,46.2,1
2026-06-01-1600,2026-06-01,zepto,jivo-extra-light-olive-oil-combo-2l,Mumbai,400011,3010,5598,46.2,1
2026-06-01-1600,2026-06-01,zepto,jivo-extra-light-olive-oil-combo-2l,Mumbai,400012,3010,5598,46.2,1
2026-06-01-1600,2026-06-01,zepto,jivo-extra-light-olive-oil-combo-2l,Mumbai,400019,3010,5598,46.2,1
2026-06-01-1600,2026-06-01,zepto,jivo-extra-light-olive-oil-combo-2l,Mumbai,400020,3010,5598,46.2,1
2026-06-01-1600,2026-06-01,zepto,jivo-extra-light-olive-oil-combo-2l,Mumbai,400033,3010,5598,46.2,1
2026-06-01-1600,2026-06-01,zepto,jivo-extra-light-olive-oil-combo-2l,Mumbai,400090,3010,5598,46.2,1
2026-06-01-1600,2026-06-01,zepto,jivo-extra-light-olive-oil-combo-2l,Mumbai,400601,3010,5598,46.2,1
2026-06-01-1600,2026-06-01,zepto,jivo-extra-light-olive-oil-combo-2l,Mumbai,400611,3010,5598,46.2,1
2026-06-01-1600,2026-06-01,zepto,jivo-extra-light-olive-oil-combo-2l,Mumbai,400703,3010,5598,46.2,1
2026-06-01-1600,2026-06-01,zepto,jivo-groundnut-cold-pressed-oil-healthy-cooking-oil-1l,Delhi,110004,199,560,64.5,1
2026-06-01-1600,2026-06-01,zepto,jivo-groundnut-cold-pressed-oil-healthy-cooking-oil-1l,Delhi,110006,199,560,64.5,1
2026-06-01-1600,2026-06-01,zepto,jivo-groundnut-cold-pressed-oil-healthy-cooking-oil-1l,Delhi,110007,199,560,64.5,1
2026-06-01-1600,2026-06-01,zepto,jivo-groundnut-cold-pressed-oil-healthy-cooking-oil-1l,Delhi,110008,199,560,64.5,1
2026-06-01-1600,2026-06-01,zepto,jivo-groundnut-cold-pressed-oil-healthy-cooking-oil-1l,Delhi,110009,199,560,64.5,1
2026-06-01-1600,2026-06-01,zepto,jivo-groundnut-cold-pressed-oil-healthy-cooking-oil-1l,Delhi,110010,199,560,64.5,1
2026-06-01-1600,2026-06-01,zepto,jivo-groundnut-cold-pressed-oil-healthy-cooking-oil-1l,Delhi,110013,199,560,64.5,1
2026-06-01-1600,2026-06-01,zepto,jivo-groundnut-cold-pressed-oil-healthy-cooking-oil-1l,Delhi,110014,199,560,64.5,1
2026-06-01-1600,2026-06-01,zepto,jivo-groundnut-cold-pressed-oil-healthy-cooking-oil-1l,Delhi,110015,199,560,64.5,1
2026-06-01-1600,2026-06-01,zepto,jivo-groundnut-cold-pressed-oil-healthy-cooking-oil-1l,Delhi,110017,199,560,64.5,1
2026-06-01-1600,2026-06-01,zepto,jivo-groundnut-cold-pressed-oil-healthy-cooking-oil-1l,Delhi,110018,199,560,64.5,1
2026-06-01-1600,2026-06-01,zepto,jivo-groundnut-cold-pressed-oil-healthy-cooking-oil-1l,Delhi,110021,199,560,64.5,1
2026-06-01-1600,2026-06-01,zepto,jivo-groundnut-cold-pressed-oil-healthy-cooking-oil-1l,Delhi,110024,199,560,64.5,1
2026-06-01-1600,2026-06-01,zepto,jivo-groundnut-cold-pressed-oil-healthy-cooking-oil-1l,Delhi,110025,199,560,64.5,1
2026-06-01-1600,2026-06-01,zepto,jivo-groundnut-cold-pressed-oil-healthy-cooking-oil-1l,Delhi,110026,199,560,64.5,1
2026-06-01-1600,2026-06-01,zepto,jivo-groundnut-cold-pressed-oil-healthy-cooking-oil-1l,Delhi,110031,199,560,64.5,1
2026-06-01-1600,2026-06-01,zepto,jivo-groundnut-cold-pressed-oil-healthy-cooking-oil-1l,Delhi,110032,199,560,64.5,1
2026-06-01-1600,2026-06-01,zepto,jivo-groundnut-cold-pressed-oil-healthy-cooking-oil-1l,Delhi,110033,199,560,64.5,1
2026-06-01-1600,2026-06-01,zepto,jivo-groundnut-cold-pressed-oil-healthy-cooking-oil-1l,Delhi,110035,199,560,64.5,1
2026-06-01-1600,2026-06-01,zepto,jivo-groundnut-cold-pressed-oil-healthy-cooking-oil-1l,Delhi,110040,199,560,64.5,1
2026-06-01-1600,2026-06-01,zepto,jivo-groundnut-cold-pressed-oil-healthy-cooking-oil-1l,Delhi,110042,199,560,64.5,1
2026-06-01-1600,2026-06-01,zepto,jivo-groundnut-cold-pressed-oil-healthy-cooking-oil-1l,Delhi,110046,199,560,64.5,1
2026-06-01-1600,2026-06-01,zepto,jivo-groundnut-cold-pressed-oil-healthy-cooking-oil-1l,Delhi,110048,199,560,64.5,1
2026-06-01-1600,2026-06-01,zepto,jivo-groundnut-cold-pressed-oil-healthy-cooking-oil-1l,Delhi,110051,199,560,64.5,1
2026-06-01-1600,2026-06-01,zepto,jivo-groundnut-cold-pressed-oil-healthy-cooking-oil-1l,Delhi,110053,199,560,64.5,1
2026-06-01-1600,2026-06-01,zepto,jivo-groundnut-cold-pressed-oil-healthy-cooking-oil-1l,Delhi,110062,199,560,64.5,1
2026-06-01-1600,2026-06-01,zepto,jivo-groundnut-cold-pressed-oil-healthy-cooking-oil-1l,Delhi,110065,199,560,64.5,1
2026-06-01-1600,2026-06-01,zepto,jivo-groundnut-cold-pressed-oil-healthy-cooking-oil-1l,Delhi,110067,199,560,64.5,1
2026-06-01-1600,2026-06-01,zepto,jivo-groundnut-cold-pressed-oil-healthy-cooking-oil-1l,Delhi,110076,199,560,64.5,1
2026-06-01-1600,2026-06-01,zepto,jivo-groundnut-cold-pressed-oil-healthy-cooking-oil-1l,Delhi,110084,199,560,64.5,1
2026-06-01-1600,2026-06-01,zepto,jivo-groundnut-cold-pressed-oil-healthy-cooking-oil-1l,Delhi,110085,199,560,64.5,1
2026-06-01-1600,2026-06-01,zepto,jivo-groundnut-cold-pressed-oil-healthy-cooking-oil-1l,Delhi,110088,199,560,64.5,1
2026-06-01-1600,2026-06-01,zepto,jivo-groundnut-cold-pressed-oil-healthy-cooking-oil-1l,Delhi,110090,199,560,64.5,1
2026-06-01-1600,2026-06-01,zepto,jivo-groundnut-cold-pressed-oil-healthy-cooking-oil-1l,Delhi,110091,199,560,64.5,1
2026-06-01-1600,2026-06-01,zepto,jivo-groundnut-cold-pressed-oil-healthy-cooking-oil-1l,Delhi,110092,199,560,64.5,1
2026-06-01-1600,2026-06-01,zepto,jivo-groundnut-cold-pressed-oil-healthy-cooking-oil-1l,Delhi,110095,199,560,64.5,1
2026-06-01-1600,2026-06-01,zepto,jivo-groundnut-cold-pressed-oil-healthy-cooking-oil-1l,Faridabad,121001,199,560,64.5,1
2026-06-01-1600,2026-06-01,zepto,jivo-groundnut-cold-pressed-oil-healthy-cooking-oil-1l,Faridabad,121011,199,560,64.5,1
2026-06-01-1600,2026-06-01,zepto,jivo-groundnut-cold-pressed-oil-healthy-cooking-oil-1l,Gurgaon,122006,199,560,64.5,1
2026-06-01-1600,2026-06-01,zepto,jivo-groundnut-cold-pressed-oil-healthy-cooking-oil-1l,Gurgaon,122051,199,560,64.5,1
2026-06-01-1600,2026-06-01,zepto,jivo-groundnut-cold-pressed-oil-healthy-cooking-oil-1l,Gurgaon,122101,199,560,64.5,1
2026-06-01-1600,2026-06-01,zepto,jivo-groundnut-cold-pressed-oil-healthy-cooking-oil-1l,Ghaziabad,201003,199,560,64.5,1
2026-06-01-1600,2026-06-01,zepto,jivo-groundnut-cold-pressed-oil-healthy-cooking-oil-1l,Ghaziabad,201005,199,560,64.5,1
2026-06-01-1600,2026-06-01,zepto,jivo-groundnut-cold-pressed-oil-healthy-cooking-oil-1l,Ghaziabad,201009,199,560,64.5,1
2026-06-01-1600,2026-06-01,zepto,jivo-groundnut-cold-pressed-oil-healthy-cooking-oil-1l,Noida,201306,199,560,64.5,1
2026-06-01-1600,2026-06-01,zepto,jivo-groundnut-cold-pressed-oil-healthy-cooking-oil-1l,Noida,201307,199,560,64.5,1
2026-06-01-1600,2026-06-01,zepto,jivo-groundnut-cold-pressed-oil-healthy-cooking-oil-1l,Noida,201309,199,560,64.5,1
2026-06-01-1600,2026-06-01,zepto,jivo-groundnut-cold-pressed-oil-healthy-cooking-oil-1l,Noida,201310,199,560,64.5,1
2026-06-01-1600,2026-06-01,zepto,jivo-groundnut-cold-pressed-oil-healthy-cooking-oil-1l,Mumbai,400003,199,560,64.5,1
2026-06-01-1600,2026-06-01,zepto,jivo-groundnut-cold-pressed-oil-healthy-cooking-oil-1l,Mumbai,400005,199,560,64.5,1
2026-06-01-1600,2026-06-01,zepto,jivo-groundnut-cold-pressed-oil-healthy-cooking-oil-1l,Mumbai,400006,199,560,64.5,1
2026-06-01-1600,2026-06-01,zepto,jivo-groundnut-cold-pressed-oil-healthy-cooking-oil-1l,Mumbai,400007,199,560,64.5,1
2026-06-01-1600,2026-06-01,zepto,jivo-groundnut-cold-pressed-oil-healthy-cooking-oil-1l,Mumbai,400010,199,560,64.5,1
2026-06-01-1600,2026-06-01,zepto,jivo-groundnut-cold-pressed-oil-healthy-cooking-oil-1l,Mumbai,400011,199,560,64.5,1
2026-06-01-1600,2026-06-01,zepto,jivo-groundnut-cold-pressed-oil-healthy-cooking-oil-1l,Mumbai,400012,199,560,64.5,1
2026-06-01-1600,2026-06-01,zepto,jivo-groundnut-cold-pressed-oil-healthy-cooking-oil-1l,Mumbai,400017,199,560,64.5,1
2026-06-01-1600,2026-06-01,zepto,jivo-groundnut-cold-pressed-oil-healthy-cooking-oil-1l,Mumbai,400018,199,560,64.5,1
2026-06-01-1600,2026-06-01,zepto,jivo-groundnut-cold-pressed-oil-healthy-cooking-oil-1l,Mumbai,400019,199,560,64.5,1
2026-06-01-1600,2026-06-01,zepto,jivo-groundnut-cold-pressed-oil-healthy-cooking-oil-1l,Mumbai,400020,199,560,64.5,1
2026-06-01-1600,2026-06-01,zepto,jivo-groundnut-cold-pressed-oil-healthy-cooking-oil-1l,Mumbai,400021,199,560,64.5,1
2026-06-01-1600,2026-06-01,zepto,jivo-groundnut-cold-pressed-oil-healthy-cooking-oil-1l,Mumbai,400025,199,560,64.5,1
2026-06-01-1600,2026-06-01,zepto,jivo-groundnut-cold-pressed-oil-healthy-cooking-oil-1l,Mumbai,400033,199,560,64.5,1
2026-06-01-1600,2026-06-01,zepto,jivo-groundnut-cold-pressed-oil-healthy-cooking-oil-1l,Mumbai,400041,199,560,64.5,1
2026-06-01-1600,2026-06-01,zepto,jivo-groundnut-cold-pressed-oil-healthy-cooking-oil-1l,Mumbai,400090,199,560,64.5,1
2026-06-01-1600,2026-06-01,zepto,jivo-groundnut-cold-pressed-oil-healthy-cooking-oil-1l,Mumbai,400601,199,560,64.5,1
2026-06-01-1600,2026-06-01,zepto,jivo-groundnut-cold-pressed-oil-healthy-cooking-oil-1l,Mumbai,400611,199,560,64.5,1
2026-06-01-1600,2026-06-01,zepto,jivo-groundnut-cold-pressed-oil-healthy-cooking-oil-1l,Mumbai,400703,199,560,64.5,1
2026-06-01-1600,2026-06-01,zepto,jivo-groundnut-cold-pressed-oil-healthy-cooking-oil-1l,Bengaluru,560014,199,560,64.5,1
2026-06-01-1600,2026-06-01,zepto,jivo-groundnut-cold-pressed-oil-healthy-cooking-oil-1l,Bengaluru,560019,199,560,64.5,1
2026-06-01-1600,2026-06-01,zepto,jivo-groundnut-cold-pressed-oil-healthy-cooking-oil-1l,Bengaluru,560028,199,560,64.5,1
2026-06-01-1600,2026-06-01,zepto,jivo-groundnut-cold-pressed-oil-healthy-cooking-oil-1l,Bengaluru,560069,199,560,64.5,1
2026-06-01-1600,2026-06-01,zepto,jivo-groundnut-peanut-cold-pressed-heathy-cooking-oil-na,Delhi,110004,49,150,67.3,1
2026-06-01-1600,2026-06-01,zepto,jivo-groundnut-peanut-cold-pressed-heathy-cooking-oil-na,Delhi,110006,49,150,67.3,1
2026-06-01-1600,2026-06-01,zepto,jivo-groundnut-peanut-cold-pressed-heathy-cooking-oil-na,Delhi,110008,49,150,67.3,1
2026-06-01-1600,2026-06-01,zepto,jivo-groundnut-peanut-cold-pressed-heathy-cooking-oil-na,Delhi,110009,49,150,67.3,1
2026-06-01-1600,2026-06-01,zepto,jivo-groundnut-peanut-cold-pressed-heathy-cooking-oil-na,Delhi,110010,49,150,67.3,1
2026-06-01-1600,2026-06-01,zepto,jivo-groundnut-peanut-cold-pressed-heathy-cooking-oil-na,Delhi,110013,49,150,67.3,1
2026-06-01-1600,2026-06-01,zepto,jivo-groundnut-peanut-cold-pressed-heathy-cooking-oil-na,Delhi,110014,49,150,67.3,1
2026-06-01-1600,2026-06-01,zepto,jivo-groundnut-peanut-cold-pressed-heathy-cooking-oil-na,Delhi,110015,49,150,67.3,1
2026-06-01-1600,2026-06-01,zepto,jivo-groundnut-peanut-cold-pressed-heathy-cooking-oil-na,Delhi,110018,49,150,67.3,1
2026-06-01-1600,2026-06-01,zepto,jivo-groundnut-peanut-cold-pressed-heathy-cooking-oil-na,Delhi,110021,49,150,67.3,1
2026-06-01-1600,2026-06-01,zepto,jivo-groundnut-peanut-cold-pressed-heathy-cooking-oil-na,Delhi,110024,76,150,49.3,1
2026-06-01-1600,2026-06-01,zepto,jivo-groundnut-peanut-cold-pressed-heathy-cooking-oil-na,Delhi,110025,76,150,49.3,1
2026-06-01-1600,2026-06-01,zepto,jivo-groundnut-peanut-cold-pressed-heathy-cooking-oil-na,Delhi,110026,49,150,67.3,1
2026-06-01-1600,2026-06-01,zepto,jivo-groundnut-peanut-cold-pressed-heathy-cooking-oil-na,Delhi,110031,49,150,67.3,1
2026-06-01-1600,2026-06-01,zepto,jivo-groundnut-peanut-cold-pressed-heathy-cooking-oil-na,Delhi,110032,76,150,49.3,1
2026-06-01-1600,2026-06-01,zepto,jivo-groundnut-peanut-cold-pressed-heathy-cooking-oil-na,Delhi,110040,49,150,67.3,1
2026-06-01-1600,2026-06-01,zepto,jivo-groundnut-peanut-cold-pressed-heathy-cooking-oil-na,Delhi,110042,49,150,67.3,1
2026-06-01-1600,2026-06-01,zepto,jivo-groundnut-peanut-cold-pressed-heathy-cooking-oil-na,Delhi,110046,49,150,67.3,1
2026-06-01-1600,2026-06-01,zepto,jivo-groundnut-peanut-cold-pressed-heathy-cooking-oil-na,Delhi,110048,49,150,67.3,1
2026-06-01-1600,2026-06-01,zepto,jivo-groundnut-peanut-cold-pressed-heathy-cooking-oil-na,Delhi,110051,49,150,67.3,1
2026-06-01-1600,2026-06-01,zepto,jivo-groundnut-peanut-cold-pressed-heathy-cooking-oil-na,Delhi,110053,76,150,49.3,1
2026-06-01-1600,2026-06-01,zepto,jivo-groundnut-peanut-cold-pressed-heathy-cooking-oil-na,Delhi,110062,49,150,67.3,1
2026-06-01-1600,2026-06-01,zepto,jivo-groundnut-peanut-cold-pressed-heathy-cooking-oil-na,Delhi,110065,49,150,67.3,1
2026-06-01-1600,2026-06-01,zepto,jivo-groundnut-peanut-cold-pressed-heathy-cooking-oil-na,Delhi,110067,49,150,67.3,1
2026-06-01-1600,2026-06-01,zepto,jivo-groundnut-peanut-cold-pressed-heathy-cooking-oil-na,Delhi,110076,49,150,67.3,1
2026-06-01-1600,2026-06-01,zepto,jivo-groundnut-peanut-cold-pressed-heathy-cooking-oil-na,Delhi,110084,49,150,67.3,1
2026-06-01-1600,2026-06-01,zepto,jivo-groundnut-peanut-cold-pressed-heathy-cooking-oil-na,Delhi,110085,49,150,67.3,1
2026-06-01-1600,2026-06-01,zepto,jivo-groundnut-peanut-cold-pressed-heathy-cooking-oil-na,Delhi,110090,49,150,67.3,1
2026-06-01-1600,2026-06-01,zepto,jivo-groundnut-peanut-cold-pressed-heathy-cooking-oil-na,Delhi,110091,49,150,67.3,1
2026-06-01-1600,2026-06-01,zepto,jivo-groundnut-peanut-cold-pressed-heathy-cooking-oil-na,Delhi,110092,49,150,67.3,1
2026-06-01-1600,2026-06-01,zepto,jivo-groundnut-peanut-cold-pressed-heathy-cooking-oil-na,Delhi,110095,49,150,67.3,1
2026-06-01-1600,2026-06-01,zepto,jivo-groundnut-peanut-cold-pressed-heathy-cooking-oil-na,Gurgaon,122004,76,150,49.3,1
2026-06-01-1600,2026-06-01,zepto,jivo-groundnut-peanut-cold-pressed-heathy-cooking-oil-na,Gurgaon,122006,49,150,67.3,1
2026-06-01-1600,2026-06-01,zepto,jivo-groundnut-peanut-cold-pressed-heathy-cooking-oil-na,Gurgaon,122010,76,150,49.3,1
2026-06-01-1600,2026-06-01,zepto,jivo-groundnut-peanut-cold-pressed-heathy-cooking-oil-na,Gurgaon,122051,49,150,67.3,1
2026-06-01-1600,2026-06-01,zepto,jivo-groundnut-peanut-cold-pressed-heathy-cooking-oil-na,Gurgaon,122101,49,150,67.3,1
2026-06-01-1600,2026-06-01,zepto,jivo-groundnut-peanut-cold-pressed-heathy-cooking-oil-na,Jaipur,302016,76,150,49.3,1
2026-06-01-1600,2026-06-01,zepto,jivo-groundnut-peanut-cold-pressed-heathy-cooking-oil-na,Jaipur,302017,76,150,49.3,1
2026-06-01-1600,2026-06-01,zepto,jivo-groundnut-peanut-cold-pressed-heathy-cooking-oil-na,Jaipur,302018,76,150,49.3,1
2026-06-01-1600,2026-06-01,zepto,jivo-groundnut-peanut-cold-pressed-heathy-cooking-oil-na,Jaipur,302020,76,150,49.3,1
2026-06-01-1600,2026-06-01,zepto,jivo-groundnut-peanut-cold-pressed-heathy-cooking-oil-na,Jaipur,302021,76,150,49.3,1
2026-06-01-1600,2026-06-01,zepto,jivo-groundnut-peanut-cold-pressed-heathy-cooking-oil-na,Jaipur,302022,76,150,49.3,1
2026-06-01-1600,2026-06-01,zepto,jivo-groundnut-peanut-cold-pressed-heathy-cooking-oil-na,Jaipur,302023,76,150,49.3,1
2026-06-01-1600,2026-06-01,zepto,jivo-groundnut-peanut-cold-pressed-heathy-cooking-oil-na,Jaipur,302024,76,150,49.3,1
2026-06-01-1600,2026-06-01,zepto,jivo-groundnut-peanut-cold-pressed-heathy-cooking-oil-na,Jaipur,302025,76,150,49.3,1
2026-06-01-1600,2026-06-01,zepto,jivo-groundnut-peanut-cold-pressed-heathy-cooking-oil-na,Jaipur,302032,76,150,49.3,1
2026-06-01-1600,2026-06-01,zepto,jivo-groundnut-peanut-cold-pressed-heathy-cooking-oil-na,Jaipur,303602,76,150,49.3,1
2026-06-01-1600,2026-06-01,zepto,jivo-groundnut-peanut-cold-pressed-heathy-cooking-oil-na,Surat,394510,76,150,49.3,1
2026-06-01-1600,2026-06-01,zepto,jivo-groundnut-peanut-cold-pressed-heathy-cooking-oil-na,Mumbai,400003,76,150,49.3,1
2026-06-01-1600,2026-06-01,zepto,jivo-groundnut-peanut-cold-pressed-heathy-cooking-oil-na,Mumbai,400005,76,150,49.3,1
2026-06-01-1600,2026-06-01,zepto,jivo-groundnut-peanut-cold-pressed-heathy-cooking-oil-na,Mumbai,400006,76,150,49.3,1
2026-06-01-1600,2026-06-01,zepto,jivo-groundnut-peanut-cold-pressed-heathy-cooking-oil-na,Mumbai,400010,76,150,49.3,1
2026-06-01-1600,2026-06-01,zepto,jivo-groundnut-peanut-cold-pressed-heathy-cooking-oil-na,Mumbai,400011,76,150,49.3,1
2026-06-01-1600,2026-06-01,zepto,jivo-groundnut-peanut-cold-pressed-heathy-cooking-oil-na,Mumbai,400012,76,150,49.3,1
2026-06-01-1600,2026-06-01,zepto,jivo-groundnut-peanut-cold-pressed-heathy-cooking-oil-na,Mumbai,400013,76,150,49.3,1
2026-06-01-1600,2026-06-01,zepto,jivo-groundnut-peanut-cold-pressed-heathy-cooking-oil-na,Mumbai,400015,76,150,49.3,1
2026-06-01-1600,2026-06-01,zepto,jivo-groundnut-peanut-cold-pressed-heathy-cooking-oil-na,Mumbai,400017,76,150,49.3,1
2026-06-01-1600,2026-06-01,zepto,jivo-groundnut-peanut-cold-pressed-heathy-cooking-oil-na,Mumbai,400018,76,150,49.3,1
2026-06-01-1600,2026-06-01,zepto,jivo-groundnut-peanut-cold-pressed-heathy-cooking-oil-na,Mumbai,400019,76,150,49.3,1
2026-06-01-1600,2026-06-01,zepto,jivo-groundnut-peanut-cold-pressed-heathy-cooking-oil-na,Mumbai,400020,76,150,49.3,1
2026-06-01-1600,2026-06-01,zepto,jivo-groundnut-peanut-cold-pressed-heathy-cooking-oil-na,Mumbai,400021,76,150,49.3,1
2026-06-01-1600,2026-06-01,zepto,jivo-groundnut-peanut-cold-pressed-heathy-cooking-oil-na,Mumbai,400023,76,150,49.3,1
2026-06-01-1600,2026-06-01,zepto,jivo-groundnut-peanut-cold-pressed-heathy-cooking-oil-na,Mumbai,400025,76,150,49.3,1
2026-06-01-1600,2026-06-01,zepto,jivo-groundnut-peanut-cold-pressed-heathy-cooking-oil-na,Mumbai,400030,76,150,49.3,1
2026-06-01-1600,2026-06-01,zepto,jivo-groundnut-peanut-cold-pressed-heathy-cooking-oil-na,Mumbai,400033,76,150,49.3,1
2026-06-01-1600,2026-06-01,zepto,jivo-groundnut-peanut-cold-pressed-heathy-cooking-oil-na,Mumbai,400041,76,150,49.3,1
2026-06-01-1600,2026-06-01,zepto,jivo-groundnut-peanut-cold-pressed-heathy-cooking-oil-na,Mumbai,400090,76,150,49.3,1
2026-06-01-1600,2026-06-01,zepto,jivo-groundnut-peanut-cold-pressed-heathy-cooking-oil-na,Mumbai,400611,76,150,49.3,1
2026-06-01-1600,2026-06-01,zepto,jivo-groundnut-peanut-cold-pressed-heathy-cooking-oil-na,Pune,411004,76,150,49.3,1
2026-06-01-1600,2026-06-01,zepto,jivo-groundnut-peanut-cold-pressed-heathy-cooking-oil-na,Pune,411006,76,150,49.3,1
2026-06-01-1600,2026-06-01,zepto,jivo-groundnut-peanut-cold-pressed-heathy-cooking-oil-na,Pune,411011,76,150,49.3,1
2026-06-01-1600,2026-06-01,zepto,jivo-groundnut-peanut-cold-pressed-heathy-cooking-oil-na,Pune,411012,76,150,49.3,1
2026-06-01-1600,2026-06-01,zepto,jivo-groundnut-peanut-cold-pressed-heathy-cooking-oil-na,Pune,411014,76,150,49.3,1
2026-06-01-1600,2026-06-01,zepto,jivo-groundnut-peanut-cold-pressed-heathy-cooking-oil-na,Pune,411015,76,150,49.3,1
2026-06-01-1600,2026-06-01,zepto,jivo-groundnut-peanut-cold-pressed-heathy-cooking-oil-na,Pune,411021,76,150,49.3,1
2026-06-01-1600,2026-06-01,zepto,jivo-groundnut-peanut-cold-pressed-heathy-cooking-oil-na,Pune,411028,76,150,49.3,1
2026-06-01-1600,2026-06-01,zepto,jivo-groundnut-peanut-cold-pressed-heathy-cooking-oil-na,Pune,411036,76,150,49.3,1
2026-06-01-1600,2026-06-01,zepto,jivo-groundnut-peanut-cold-pressed-heathy-cooking-oil-na,Pune,411045,76,150,49.3,1
2026-06-01-1600,2026-06-01,zepto,jivo-groundnut-peanut-cold-pressed-heathy-cooking-oil-na,Pune,411047,76,150,49.3,1
2026-06-01-1600,2026-06-01,zepto,jivo-groundnut-peanut-cold-pressed-heathy-cooking-oil-na,Pune,411051,76,150,49.3,1
2026-06-01-1600,2026-06-01,zepto,jivo-groundnut-peanut-cold-pressed-heathy-cooking-oil-na,Indore,452001,76,150,49.3,1
2026-06-01-1600,2026-06-01,zepto,jivo-kachi-ghani-mustard-cold-pressed-oil-healthy-cooking-oil-1l,Delhi,110004,149,255,41.6,1
2026-06-01-1600,2026-06-01,zepto,jivo-kachi-ghani-mustard-cold-pressed-oil-healthy-cooking-oil-1l,Delhi,110006,149,255,41.6,1
2026-06-01-1600,2026-06-01,zepto,jivo-kachi-ghani-mustard-cold-pressed-oil-healthy-cooking-oil-1l,Delhi,110007,149,255,41.6,1
2026-06-01-1600,2026-06-01,zepto,jivo-kachi-ghani-mustard-cold-pressed-oil-healthy-cooking-oil-1l,Delhi,110008,149,255,41.6,1
2026-06-01-1600,2026-06-01,zepto,jivo-kachi-ghani-mustard-cold-pressed-oil-healthy-cooking-oil-1l,Delhi,110009,149,255,41.6,1
2026-06-01-1600,2026-06-01,zepto,jivo-kachi-ghani-mustard-cold-pressed-oil-healthy-cooking-oil-1l,Delhi,110010,149,255,41.6,1
2026-06-01-1600,2026-06-01,zepto,jivo-kachi-ghani-mustard-cold-pressed-oil-healthy-cooking-oil-1l,Delhi,110013,149,255,41.6,1
2026-06-01-1600,2026-06-01,zepto,jivo-kachi-ghani-mustard-cold-pressed-oil-healthy-cooking-oil-1l,Delhi,110014,149,255,41.6,1
2026-06-01-1600,2026-06-01,zepto,jivo-kachi-ghani-mustard-cold-pressed-oil-healthy-cooking-oil-1l,Delhi,110015,149,255,41.6,1
2026-06-01-1600,2026-06-01,zepto,jivo-kachi-ghani-mustard-cold-pressed-oil-healthy-cooking-oil-1l,Delhi,110018,149,255,41.6,1
2026-06-01-1600,2026-06-01,zepto,jivo-kachi-ghani-mustard-cold-pressed-oil-healthy-cooking-oil-1l,Delhi,110021,149,255,41.6,1
2026-06-01-1600,2026-06-01,zepto,jivo-kachi-ghani-mustard-cold-pressed-oil-healthy-cooking-oil-1l,Delhi,110024,149,255,41.6,1
2026-06-01-1600,2026-06-01,zepto,jivo-kachi-ghani-mustard-cold-pressed-oil-healthy-cooking-oil-1l,Delhi,110025,149,255,41.6,1
2026-06-01-1600,2026-06-01,zepto,jivo-kachi-ghani-mustard-cold-pressed-oil-healthy-cooking-oil-1l,Delhi,110026,149,255,41.6,1
2026-06-01-1600,2026-06-01,zepto,jivo-kachi-ghani-mustard-cold-pressed-oil-healthy-cooking-oil-1l,Delhi,110031,149,255,41.6,1
2026-06-01-1600,2026-06-01,zepto,jivo-kachi-ghani-mustard-cold-pressed-oil-healthy-cooking-oil-1l,Delhi,110032,149,255,41.6,1
2026-06-01-1600,2026-06-01,zepto,jivo-kachi-ghani-mustard-cold-pressed-oil-healthy-cooking-oil-1l,Delhi,110033,149,255,41.6,1
2026-06-01-1600,2026-06-01,zepto,jivo-kachi-ghani-mustard-cold-pressed-oil-healthy-cooking-oil-1l,Delhi,110035,149,255,41.6,1
2026-06-01-1600,2026-06-01,zepto,jivo-kachi-ghani-mustard-cold-pressed-oil-healthy-cooking-oil-1l,Delhi,110040,149,255,41.6,1
2026-06-01-1600,2026-06-01,zepto,jivo-kachi-ghani-mustard-cold-pressed-oil-healthy-cooking-oil-1l,Delhi,110042,149,255,41.6,1
2026-06-01-1600,2026-06-01,zepto,jivo-kachi-ghani-mustard-cold-pressed-oil-healthy-cooking-oil-1l,Delhi,110046,149,255,41.6,1
2026-06-01-1600,2026-06-01,zepto,jivo-kachi-ghani-mustard-cold-pressed-oil-healthy-cooking-oil-1l,Delhi,110048,149,255,41.6,1
2026-06-01-1600,2026-06-01,zepto,jivo-kachi-ghani-mustard-cold-pressed-oil-healthy-cooking-oil-1l,Delhi,110051,149,255,41.6,1
2026-06-01-1600,2026-06-01,zepto,jivo-kachi-ghani-mustard-cold-pressed-oil-healthy-cooking-oil-1l,Delhi,110053,149,255,41.6,1
2026-06-01-1600,2026-06-01,zepto,jivo-kachi-ghani-mustard-cold-pressed-oil-healthy-cooking-oil-1l,Delhi,110062,149,255,41.6,1
2026-06-01-1600,2026-06-01,zepto,jivo-kachi-ghani-mustard-cold-pressed-oil-healthy-cooking-oil-1l,Delhi,110065,149,255,41.6,1
2026-06-01-1600,2026-06-01,zepto,jivo-kachi-ghani-mustard-cold-pressed-oil-healthy-cooking-oil-1l,Delhi,110067,149,255,41.6,1
2026-06-01-1600,2026-06-01,zepto,jivo-kachi-ghani-mustard-cold-pressed-oil-healthy-cooking-oil-1l,Delhi,110076,149,255,41.6,1
2026-06-01-1600,2026-06-01,zepto,jivo-kachi-ghani-mustard-cold-pressed-oil-healthy-cooking-oil-1l,Delhi,110084,149,255,41.6,1
2026-06-01-1600,2026-06-01,zepto,jivo-kachi-ghani-mustard-cold-pressed-oil-healthy-cooking-oil-1l,Delhi,110085,149,255,41.6,1
2026-06-01-1600,2026-06-01,zepto,jivo-kachi-ghani-mustard-cold-pressed-oil-healthy-cooking-oil-1l,Delhi,110088,149,255,41.6,1
2026-06-01-1600,2026-06-01,zepto,jivo-kachi-ghani-mustard-cold-pressed-oil-healthy-cooking-oil-1l,Delhi,110090,149,255,41.6,1
2026-06-01-1600,2026-06-01,zepto,jivo-kachi-ghani-mustard-cold-pressed-oil-healthy-cooking-oil-1l,Delhi,110091,149,255,41.6,1
2026-06-01-1600,2026-06-01,zepto,jivo-kachi-ghani-mustard-cold-pressed-oil-healthy-cooking-oil-1l,Delhi,110092,149,255,41.6,1
2026-06-01-1600,2026-06-01,zepto,jivo-kachi-ghani-mustard-cold-pressed-oil-healthy-cooking-oil-1l,Delhi,110095,149,255,41.6,1
2026-06-01-1600,2026-06-01,zepto,jivo-kachi-ghani-mustard-cold-pressed-oil-healthy-cooking-oil-1l,Faridabad,121001,149,255,41.6,1
2026-06-01-1600,2026-06-01,zepto,jivo-kachi-ghani-mustard-cold-pressed-oil-healthy-cooking-oil-1l,Faridabad,121011,149,255,41.6,1
2026-06-01-1600,2026-06-01,zepto,jivo-kachi-ghani-mustard-cold-pressed-oil-healthy-cooking-oil-1l,Gurgaon,122004,149,255,41.6,1
2026-06-01-1600,2026-06-01,zepto,jivo-kachi-ghani-mustard-cold-pressed-oil-healthy-cooking-oil-1l,Gurgaon,122006,149,255,41.6,1
2026-06-01-1600,2026-06-01,zepto,jivo-kachi-ghani-mustard-cold-pressed-oil-healthy-cooking-oil-1l,Gurgaon,122010,149,255,41.6,1
2026-06-01-1600,2026-06-01,zepto,jivo-kachi-ghani-mustard-cold-pressed-oil-healthy-cooking-oil-1l,Gurgaon,122051,149,255,41.6,1
2026-06-01-1600,2026-06-01,zepto,jivo-kachi-ghani-mustard-cold-pressed-oil-healthy-cooking-oil-1l,Gurgaon,122101,149,255,41.6,1
2026-06-01-1600,2026-06-01,zepto,jivo-kachi-ghani-mustard-cold-pressed-oil-healthy-cooking-oil-1l,Ludhiana,141015,149,255,41.6,1
2026-06-01-1600,2026-06-01,zepto,jivo-kachi-ghani-mustard-cold-pressed-oil-healthy-cooking-oil-1l,Ludhiana,142036,149,255,41.6,1
2026-06-01-1600,2026-06-01,zepto,jivo-kachi-ghani-mustard-cold-pressed-oil-healthy-cooking-oil-1l,Chandigarh,160011,149,255,41.6,1
2026-06-01-1600,2026-06-01,zepto,jivo-kachi-ghani-mustard-cold-pressed-oil-healthy-cooking-oil-1l,Chandigarh,160021,149,255,41.6,1
2026-06-01-1600,2026-06-01,zepto,jivo-kachi-ghani-mustard-cold-pressed-oil-healthy-cooking-oil-1l,Chandigarh,160035,149,255,41.6,1
2026-06-01-1600,2026-06-01,zepto,jivo-kachi-ghani-mustard-cold-pressed-oil-healthy-cooking-oil-1l,Chandigarh,160043,149,255,41.6,1
2026-06-01-1600,2026-06-01,zepto,jivo-kachi-ghani-mustard-cold-pressed-oil-healthy-cooking-oil-1l,Ghaziabad,201003,149,255,41.6,1
2026-06-01-1600,2026-06-01,zepto,jivo-kachi-ghani-mustard-cold-pressed-oil-healthy-cooking-oil-1l,Ghaziabad,201005,149,255,41.6,1
2026-06-01-1600,2026-06-01,zepto,jivo-kachi-ghani-mustard-cold-pressed-oil-healthy-cooking-oil-1l,Ghaziabad,201009,149,255,41.6,1
2026-06-01-1600,2026-06-01,zepto,jivo-kachi-ghani-mustard-cold-pressed-oil-healthy-cooking-oil-1l,Noida,201306,149,255,41.6,1
2026-06-01-1600,2026-06-01,zepto,jivo-kachi-ghani-mustard-cold-pressed-oil-healthy-cooking-oil-1l,Noida,201307,149,255,41.6,1
2026-06-01-1600,2026-06-01,zepto,jivo-kachi-ghani-mustard-cold-pressed-oil-healthy-cooking-oil-1l,Noida,201309,149,255,41.6,1
2026-06-01-1600,2026-06-01,zepto,jivo-kachi-ghani-mustard-cold-pressed-oil-healthy-cooking-oil-1l,Noida,201310,149,255,41.6,1
2026-06-01-1600,2026-06-01,zepto,jivo-kachi-ghani-mustard-cold-pressed-oil-healthy-cooking-oil-1l,Mumbai,400005,149,255,41.6,1
2026-06-01-1600,2026-06-01,zepto,jivo-kachi-ghani-mustard-cold-pressed-oil-healthy-cooking-oil-1l,Mumbai,400006,149,255,41.6,1
2026-06-01-1600,2026-06-01,zepto,jivo-kachi-ghani-mustard-cold-pressed-oil-healthy-cooking-oil-1l,Mumbai,400011,149,255,41.6,1
2026-06-01-1600,2026-06-01,zepto,jivo-kachi-ghani-mustard-cold-pressed-oil-healthy-cooking-oil-1l,Mumbai,400012,149,255,41.6,1
2026-06-01-1600,2026-06-01,zepto,jivo-kachi-ghani-mustard-cold-pressed-oil-healthy-cooking-oil-1l,Mumbai,400018,149,255,41.6,1
2026-06-01-1600,2026-06-01,zepto,jivo-kachi-ghani-mustard-cold-pressed-oil-healthy-cooking-oil-1l,Mumbai,400019,149,255,41.6,1
2026-06-01-1600,2026-06-01,zepto,jivo-kachi-ghani-mustard-cold-pressed-oil-healthy-cooking-oil-1l,Mumbai,400020,149,255,41.6,1
2026-06-01-1600,2026-06-01,zepto,jivo-kachi-ghani-mustard-cold-pressed-oil-healthy-cooking-oil-1l,Mumbai,400025,149,255,41.6,1
2026-06-01-1600,2026-06-01,zepto,jivo-kachi-ghani-mustard-cold-pressed-oil-healthy-cooking-oil-1l,Mumbai,400033,149,255,41.6,1
2026-06-01-1600,2026-06-01,zepto,jivo-kachi-ghani-mustard-cold-pressed-oil-healthy-cooking-oil-1l,Mumbai,400090,149,255,41.6,1
2026-06-01-1600,2026-06-01,zepto,jivo-kachi-ghani-mustard-cold-pressed-oil-healthy-cooking-oil-1l,Mumbai,400601,149,255,41.6,1
2026-06-01-1600,2026-06-01,zepto,jivo-kachi-ghani-mustard-cold-pressed-oil-healthy-cooking-oil-1l,Mumbai,400703,149,255,41.6,1
2026-06-01-1600,2026-06-01,zepto,jivo-kachi-ghani-mustard-cold-pressed-oil-healthy-cooking-oil-1l,Bengaluru,560014,149,255,41.6,1
2026-06-01-1600,2026-06-01,zepto,jivo-kachi-ghani-mustard-cold-pressed-oil-healthy-cooking-oil-1l,Bengaluru,560019,149,255,41.6,1
2026-06-01-1600,2026-06-01,zepto,jivo-kachi-ghani-mustard-cold-pressed-oil-healthy-cooking-oil-1l,Bengaluru,560028,149,255,41.6,1
2026-06-01-1600,2026-06-01,zepto,jivo-kachi-ghani-mustard-cold-pressed-oil-healthy-cooking-oil-1l,Bengaluru,560039,149,255,41.6,1
2026-06-01-1600,2026-06-01,zepto,jivo-kachi-ghani-mustard-cold-pressed-oil-healthy-cooking-oil-1l,Bengaluru,560069,149,255,41.6,1
2026-06-01-1600,2026-06-01,zepto,jivo-kachi-ghani-mustard-cold-pressed-oil-healthy-cooking-oil-1l,Mysuru,570026,149,255,41.6,1
2026-06-01-1600,2026-06-01,zepto,jivo-pomace-olive-oil-1l,Delhi,110004,379,1049,63.9,1
2026-06-01-1600,2026-06-01,zepto,jivo-pomace-olive-oil-1l,Delhi,110006,379,1049,63.9,1
2026-06-01-1600,2026-06-01,zepto,jivo-pomace-olive-oil-1l,Delhi,110008,379,1049,63.9,1
2026-06-01-1600,2026-06-01,zepto,jivo-pomace-olive-oil-1l,Delhi,110009,379,1049,63.9,1
2026-06-01-1600,2026-06-01,zepto,jivo-pomace-olive-oil-1l,Delhi,110010,379,1049,63.9,1
2026-06-01-1600,2026-06-01,zepto,jivo-pomace-olive-oil-1l,Delhi,110013,379,1049,63.9,1
2026-06-01-1600,2026-06-01,zepto,jivo-pomace-olive-oil-1l,Delhi,110014,379,1049,63.9,1
2026-06-01-1600,2026-06-01,zepto,jivo-pomace-olive-oil-1l,Delhi,110015,379,1049,63.9,1
2026-06-01-1600,2026-06-01,zepto,jivo-pomace-olive-oil-1l,Delhi,110017,379,1049,63.9,1
2026-06-01-1600,2026-06-01,zepto,jivo-pomace-olive-oil-1l,Delhi,110018,379,1049,63.9,1
2026-06-01-1600,2026-06-01,zepto,jivo-pomace-olive-oil-1l,Delhi,110021,379,1049,63.9,1
2026-06-01-1600,2026-06-01,zepto,jivo-pomace-olive-oil-1l,Delhi,110024,379,1049,63.9,1
2026-06-01-1600,2026-06-01,zepto,jivo-pomace-olive-oil-1l,Delhi,110025,379,1049,63.9,1
2026-06-01-1600,2026-06-01,zepto,jivo-pomace-olive-oil-1l,Delhi,110031,379,1049,63.9,1
2026-06-01-1600,2026-06-01,zepto,jivo-pomace-olive-oil-1l,Delhi,110032,379,1049,63.9,1
2026-06-01-1600,2026-06-01,zepto,jivo-pomace-olive-oil-1l,Delhi,110033,379,1049,63.9,1
2026-06-01-1600,2026-06-01,zepto,jivo-pomace-olive-oil-1l,Delhi,110035,379,1049,63.9,1
2026-06-01-1600,2026-06-01,zepto,jivo-pomace-olive-oil-1l,Delhi,110040,379,1049,63.9,1
2026-06-01-1600,2026-06-01,zepto,jivo-pomace-olive-oil-1l,Delhi,110042,379,1049,63.9,1
2026-06-01-1600,2026-06-01,zepto,jivo-pomace-olive-oil-1l,Delhi,110046,379,1049,63.9,1
2026-06-01-1600,2026-06-01,zepto,jivo-pomace-olive-oil-1l,Delhi,110048,379,1049,63.9,1
2026-06-01-1600,2026-06-01,zepto,jivo-pomace-olive-oil-1l,Delhi,110051,379,1049,63.9,1
2026-06-01-1600,2026-06-01,zepto,jivo-pomace-olive-oil-1l,Delhi,110053,379,1049,63.9,1
2026-06-01-1600,2026-06-01,zepto,jivo-pomace-olive-oil-1l,Delhi,110062,379,1049,63.9,1
2026-06-01-1600,2026-06-01,zepto,jivo-pomace-olive-oil-1l,Delhi,110065,379,1049,63.9,1
2026-06-01-1600,2026-06-01,zepto,jivo-pomace-olive-oil-1l,Delhi,110067,379,1049,63.9,1
2026-06-01-1600,2026-06-01,zepto,jivo-pomace-olive-oil-1l,Delhi,110084,379,1049,63.9,1
2026-06-01-1600,2026-06-01,zepto,jivo-pomace-olive-oil-1l,Delhi,110085,379,1049,63.9,1
2026-06-01-1600,2026-06-01,zepto,jivo-pomace-olive-oil-1l,Delhi,110088,379,1049,63.9,1
2026-06-01-1600,2026-06-01,zepto,jivo-pomace-olive-oil-1l,Delhi,110090,379,1049,63.9,1
2026-06-01-1600,2026-06-01,zepto,jivo-pomace-olive-oil-1l,Delhi,110091,379,1049,63.9,1
2026-06-01-1600,2026-06-01,zepto,jivo-pomace-olive-oil-1l,Delhi,110092,379,1049,63.9,1
2026-06-01-1600,2026-06-01,zepto,jivo-pomace-olive-oil-1l,Delhi,110095,379,1049,63.9,1
2026-06-01-1600,2026-06-01,zepto,jivo-pomace-olive-oil-1l,Faridabad,121001,379,1049,63.9,1
2026-06-01-1600,2026-06-01,zepto,jivo-pomace-olive-oil-1l,Faridabad,121011,379,1049,63.9,1
2026-06-01-1600,2026-06-01,zepto,jivo-pomace-olive-oil-1l,Gurgaon,122004,379,1049,63.9,1
2026-06-01-1600,2026-06-01,zepto,jivo-pomace-olive-oil-1l,Gurgaon,122006,379,1049,63.9,1
2026-06-01-1600,2026-06-01,zepto,jivo-pomace-olive-oil-1l,Gurgaon,122010,379,1049,63.9,1
2026-06-01-1600,2026-06-01,zepto,jivo-pomace-olive-oil-1l,Gurgaon,122051,379,1049,63.9,1
2026-06-01-1600,2026-06-01,zepto,jivo-pomace-olive-oil-1l,Gurgaon,122101,379,1049,63.9,1
2026-06-01-1600,2026-06-01,zepto,jivo-pomace-olive-oil-1l,Ludhiana,141015,379,1049,63.9,1
2026-06-01-1600,2026-06-01,zepto,jivo-pomace-olive-oil-1l,Ludhiana,142022,379,1049,63.9,1
2026-06-01-1600,2026-06-01,zepto,jivo-pomace-olive-oil-1l,Ludhiana,142036,379,1049,63.9,1
2026-06-01-1600,2026-06-01,zepto,jivo-pomace-olive-oil-1l,Ghaziabad,201003,379,1049,63.9,1
2026-06-01-1600,2026-06-01,zepto,jivo-pomace-olive-oil-1l,Ghaziabad,201005,379,1049,63.9,1
2026-06-01-1600,2026-06-01,zepto,jivo-pomace-olive-oil-1l,Ghaziabad,201009,379,1049,63.9,1
2026-06-01-1600,2026-06-01,zepto,jivo-pomace-olive-oil-1l,Noida,201306,379,1049,63.9,1
2026-06-01-1600,2026-06-01,zepto,jivo-pomace-olive-oil-1l,Noida,201307,379,1049,63.9,1
2026-06-01-1600,2026-06-01,zepto,jivo-pomace-olive-oil-1l,Noida,201309,379,1049,63.9,1
2026-06-01-1600,2026-06-01,zepto,jivo-pomace-olive-oil-1l,Noida,201310,379,1049,63.9,1
2026-06-01-1600,2026-06-01,zepto,jivo-pomace-olive-oil-1l,Mumbai,400003,379,1049,63.9,1
2026-06-01-1600,2026-06-01,zepto,jivo-pomace-olive-oil-1l,Mumbai,400005,379,1049,63.9,1
2026-06-01-1600,2026-06-01,zepto,jivo-pomace-olive-oil-1l,Mumbai,400006,379,1049,63.9,1
2026-06-01-1600,2026-06-01,zepto,jivo-pomace-olive-oil-1l,Mumbai,400007,379,1049,63.9,1
2026-06-01-1600,2026-06-01,zepto,jivo-pomace-olive-oil-1l,Mumbai,400010,379,1049,63.9,1
2026-06-01-1600,2026-06-01,zepto,jivo-pomace-olive-oil-1l,Mumbai,400011,379,1049,63.9,1
2026-06-01-1600,2026-06-01,zepto,jivo-pomace-olive-oil-1l,Mumbai,400012,379,1049,63.9,1
2026-06-01-1600,2026-06-01,zepto,jivo-pomace-olive-oil-1l,Mumbai,400013,379,1049,63.9,1
2026-06-01-1600,2026-06-01,zepto,jivo-pomace-olive-oil-1l,Mumbai,400015,379,1049,63.9,1
2026-06-01-1600,2026-06-01,zepto,jivo-pomace-olive-oil-1l,Mumbai,400018,379,1049,63.9,1
2026-06-01-1600,2026-06-01,zepto,jivo-pomace-olive-oil-1l,Mumbai,400019,379,1049,63.9,1
2026-06-01-1600,2026-06-01,zepto,jivo-pomace-olive-oil-1l,Mumbai,400020,379,1049,63.9,1
2026-06-01-1600,2026-06-01,zepto,jivo-pomace-olive-oil-1l,Mumbai,400021,379,1049,63.9,1
2026-06-01-1600,2026-06-01,zepto,jivo-pomace-olive-oil-1l,Mumbai,400023,379,1049,63.9,1
2026-06-01-1600,2026-06-01,zepto,jivo-pomace-olive-oil-1l,Mumbai,400025,379,1049,63.9,1
2026-06-01-1600,2026-06-01,zepto,jivo-pomace-olive-oil-1l,Mumbai,400030,379,1049,63.9,1
2026-06-01-1600,2026-06-01,zepto,jivo-pomace-olive-oil-1l,Mumbai,400033,379,1049,63.9,1
2026-06-01-1600,2026-06-01,zepto,jivo-pomace-olive-oil-1l,Mumbai,400041,379,1049,63.9,1
2026-06-01-1600,2026-06-01,zepto,jivo-pomace-olive-oil-1l,Mumbai,400601,379,1049,63.9,1
2026-06-01-1600,2026-06-01,zepto,jivo-pomace-olive-oil-1l,Pune,411004,379,1049,63.9,1
2026-06-01-1600,2026-06-01,zepto,jivo-pomace-olive-oil-1l,Pune,411012,379,1049,63.9,1
2026-06-01-1600,2026-06-01,zepto,jivo-pomace-olive-oil-1l,Pune,411021,379,1049,63.9,1
2026-06-01-1600,2026-06-01,zepto,jivo-pomace-olive-oil-1l,Pune,411028,379,1049,63.9,1
2026-06-01-1600,2026-06-01,zepto,jivo-pomace-olive-oil-1l,Pune,411036,379,1049,63.9,1
2026-06-01-1600,2026-06-01,zepto,jivo-pomace-olive-oil-1l,Pune,411045,379,1049,63.9,1
2026-06-01-1600,2026-06-01,zepto,jivo-pomace-olive-oil-1l,Pune,411047,379,1049,63.9,1
2026-06-01-1600,2026-06-01,zepto,jivo-pomace-olive-oil-1l,Pune,411051,379,1049,63.9,1
2026-06-01-1600,2026-06-01,zepto,jivo-pomace-olive-oil-1l,Bengaluru,560014,379,1049,63.9,1
2026-06-01-1600,2026-06-01,zepto,jivo-pomace-olive-oil-1l,Bengaluru,560019,379,1049,63.9,1
2026-06-01-1600,2026-06-01,zepto,jivo-pomace-olive-oil-1l,Bengaluru,560028,379,1049,63.9,1
2026-06-01-1600,2026-06-01,zepto,jivo-pomace-olive-oil-1l,Bengaluru,560069,379,1049,63.9,1
2026-06-01-1600,2026-06-01,zepto,jivo-pomace-olive-oil-combo-1l,Delhi,110004,758,2098,63.9,1
2026-06-01-1600,2026-06-01,zepto,jivo-pomace-olive-oil-combo-1l,Delhi,110013,758,2098,63.9,1
2026-06-01-1600,2026-06-01,zepto,jivo-pomace-olive-oil-combo-1l,Delhi,110015,758,2098,63.9,1
2026-06-01-1600,2026-06-01,zepto,jivo-pomace-olive-oil-combo-1l,Delhi,110024,758,2098,63.9,1
2026-06-01-1600,2026-06-01,zepto,jivo-pomace-olive-oil-combo-1l,Delhi,110025,758,2098,63.9,1
2026-06-01-1600,2026-06-01,zepto,jivo-pomace-olive-oil-combo-1l,Delhi,110031,758,2098,63.9,1
2026-06-01-1600,2026-06-01,zepto,jivo-pomace-olive-oil-combo-1l,Delhi,110032,758,2098,63.9,1
2026-06-01-1600,2026-06-01,zepto,jivo-pomace-olive-oil-combo-1l,Delhi,110033,758,2098,63.9,1
2026-06-01-1600,2026-06-01,zepto,jivo-pomace-olive-oil-combo-1l,Delhi,110048,758,2098,63.9,1
2026-06-01-1600,2026-06-01,zepto,jivo-pomace-olive-oil-combo-1l,Delhi,110053,758,2098,63.9,1
2026-06-01-1600,2026-06-01,zepto,jivo-pomace-olive-oil-combo-1l,Delhi,110065,758,2098,63.9,1
2026-06-01-1600,2026-06-01,zepto,jivo-pomace-olive-oil-combo-1l,Delhi,110067,758,2098,63.9,1
2026-06-01-1600,2026-06-01,zepto,jivo-pomace-olive-oil-combo-1l,Delhi,110091,758,2098,63.9,1
2026-06-01-1600,2026-06-01,zepto,jivo-pomace-olive-oil-combo-1l,Delhi,110095,758,2098,63.9,1
2026-06-01-1600,2026-06-01,zepto,jivo-pomace-olive-oil-combo-1l,Faridabad,121001,758,2098,63.9,1
2026-06-01-1600,2026-06-01,zepto,jivo-pomace-olive-oil-combo-1l,Gurgaon,122004,758,2098,63.9,1
2026-06-01-1600,2026-06-01,zepto,jivo-pomace-olive-oil-combo-1l,Gurgaon,122006,758,2098,63.9,1
2026-06-01-1600,2026-06-01,zepto,jivo-pomace-olive-oil-combo-1l,Gurgaon,122010,758,2098,63.9,1
2026-06-01-1600,2026-06-01,zepto,jivo-pomace-olive-oil-combo-1l,Ghaziabad,201003,758,2098,63.9,1
2026-06-01-1600,2026-06-01,zepto,jivo-pomace-olive-oil-combo-1l,Noida,201306,758,2098,63.9,1
2026-06-01-1600,2026-06-01,zepto,jivo-pomace-olive-oil-combo-1l,Noida,201307,758,2098,63.9,1
2026-06-01-1600,2026-06-01,zepto,jivo-pomace-olive-oil-combo-1l,Noida,201309,758,2098,63.9,1
2026-06-01-1600,2026-06-01,zepto,jivo-pomace-olive-oil-combo-1l,Noida,201310,758,2098,63.9,1
2026-06-01-1600,2026-06-01,zepto,jivo-pomace-olive-oil-combo-1l,Mumbai,400003,758,2098,63.9,1
2026-06-01-1600,2026-06-01,zepto,jivo-pomace-olive-oil-combo-1l,Mumbai,400005,758,2098,63.9,1
2026-06-01-1600,2026-06-01,zepto,jivo-pomace-olive-oil-combo-1l,Mumbai,400006,758,2098,63.9,1
2026-06-01-1600,2026-06-01,zepto,jivo-pomace-olive-oil-combo-1l,Mumbai,400007,758,2098,63.9,1
2026-06-01-1600,2026-06-01,zepto,jivo-pomace-olive-oil-combo-1l,Mumbai,400010,758,2098,63.9,1
2026-06-01-1600,2026-06-01,zepto,jivo-pomace-olive-oil-combo-1l,Mumbai,400011,758,2098,63.9,1
2026-06-01-1600,2026-06-01,zepto,jivo-pomace-olive-oil-combo-1l,Mumbai,400012,758,2098,63.9,1
2026-06-01-1600,2026-06-01,zepto,jivo-pomace-olive-oil-combo-1l,Mumbai,400013,758,2098,63.9,1
2026-06-01-1600,2026-06-01,zepto,jivo-pomace-olive-oil-combo-1l,Mumbai,400015,758,2098,63.9,1
2026-06-01-1600,2026-06-01,zepto,jivo-pomace-olive-oil-combo-1l,Mumbai,400019,758,2098,63.9,1
2026-06-01-1600,2026-06-01,zepto,jivo-pomace-olive-oil-combo-1l,Mumbai,400020,758,2098,63.9,1
2026-06-01-1600,2026-06-01,zepto,jivo-pomace-olive-oil-combo-1l,Mumbai,400021,758,2098,63.9,1
2026-06-01-1600,2026-06-01,zepto,jivo-pomace-olive-oil-combo-1l,Mumbai,400023,758,2098,63.9,1
2026-06-01-1600,2026-06-01,zepto,jivo-pomace-olive-oil-combo-1l,Mumbai,400030,758,2098,63.9,1
2026-06-01-1600,2026-06-01,zepto,jivo-pomace-olive-oil-combo-1l,Mumbai,400033,758,2098,63.9,1
2026-06-01-1600,2026-06-01,zepto,jivo-pomace-olive-oil-combo-1l,Pune,411036,758,2098,63.9,1
2026-06-01-1600,2026-06-01,zepto,jivo-pomace-olive-oil-combo-1l,Pune,411045,758,2098,63.9,1
2026-06-01-1600,2026-06-01,zepto,jivo-sunflower-cold-pressed-oil-healthy-cooking-oil-1l,Delhi,110004,230,275,16.4,1
2026-06-01-1600,2026-06-01,zepto,jivo-sunflower-cold-pressed-oil-healthy-cooking-oil-1l,Delhi,110006,230,275,16.4,1
2026-06-01-1600,2026-06-01,zepto,jivo-sunflower-cold-pressed-oil-healthy-cooking-oil-1l,Delhi,110007,230,275,16.4,1
2026-06-01-1600,2026-06-01,zepto,jivo-sunflower-cold-pressed-oil-healthy-cooking-oil-1l,Delhi,110008,230,275,16.4,1
2026-06-01-1600,2026-06-01,zepto,jivo-sunflower-cold-pressed-oil-healthy-cooking-oil-1l,Delhi,110009,230,275,16.4,1
2026-06-01-1600,2026-06-01,zepto,jivo-sunflower-cold-pressed-oil-healthy-cooking-oil-1l,Delhi,110010,230,275,16.4,1
2026-06-01-1600,2026-06-01,zepto,jivo-sunflower-cold-pressed-oil-healthy-cooking-oil-1l,Delhi,110013,230,275,16.4,1
2026-06-01-1600,2026-06-01,zepto,jivo-sunflower-cold-pressed-oil-healthy-cooking-oil-1l,Delhi,110014,230,275,16.4,1
2026-06-01-1600,2026-06-01,zepto,jivo-sunflower-cold-pressed-oil-healthy-cooking-oil-1l,Delhi,110015,230,275,16.4,1
2026-06-01-1600,2026-06-01,zepto,jivo-sunflower-cold-pressed-oil-healthy-cooking-oil-1l,Delhi,110018,230,275,16.4,1
2026-06-01-1600,2026-06-01,zepto,jivo-sunflower-cold-pressed-oil-healthy-cooking-oil-1l,Delhi,110021,230,275,16.4,1
2026-06-01-1600,2026-06-01,zepto,jivo-sunflower-cold-pressed-oil-healthy-cooking-oil-1l,Delhi,110024,230,275,16.4,1
2026-06-01-1600,2026-06-01,zepto,jivo-sunflower-cold-pressed-oil-healthy-cooking-oil-1l,Delhi,110025,230,275,16.4,1
2026-06-01-1600,2026-06-01,zepto,jivo-sunflower-cold-pressed-oil-healthy-cooking-oil-1l,Delhi,110026,230,275,16.4,1
2026-06-01-1600,2026-06-01,zepto,jivo-sunflower-cold-pressed-oil-healthy-cooking-oil-1l,Delhi,110031,230,275,16.4,1
2026-06-01-1600,2026-06-01,zepto,jivo-sunflower-cold-pressed-oil-healthy-cooking-oil-1l,Delhi,110032,230,275,16.4,1
2026-06-01-1600,2026-06-01,zepto,jivo-sunflower-cold-pressed-oil-healthy-cooking-oil-1l,Delhi,110033,230,275,16.4,1
2026-06-01-1600,2026-06-01,zepto,jivo-sunflower-cold-pressed-oil-healthy-cooking-oil-1l,Delhi,110035,230,275,16.4,1
2026-06-01-1600,2026-06-01,zepto,jivo-sunflower-cold-pressed-oil-healthy-cooking-oil-1l,Delhi,110040,230,275,16.4,1
2026-06-01-1600,2026-06-01,zepto,jivo-sunflower-cold-pressed-oil-healthy-cooking-oil-1l,Delhi,110042,230,275,16.4,1
2026-06-01-1600,2026-06-01,zepto,jivo-sunflower-cold-pressed-oil-healthy-cooking-oil-1l,Delhi,110046,230,275,16.4,1
2026-06-01-1600,2026-06-01,zepto,jivo-sunflower-cold-pressed-oil-healthy-cooking-oil-1l,Delhi,110048,230,275,16.4,1
2026-06-01-1600,2026-06-01,zepto,jivo-sunflower-cold-pressed-oil-healthy-cooking-oil-1l,Delhi,110051,230,275,16.4,1
2026-06-01-1600,2026-06-01,zepto,jivo-sunflower-cold-pressed-oil-healthy-cooking-oil-1l,Delhi,110053,230,275,16.4,1
2026-06-01-1600,2026-06-01,zepto,jivo-sunflower-cold-pressed-oil-healthy-cooking-oil-1l,Delhi,110062,230,275,16.4,1
2026-06-01-1600,2026-06-01,zepto,jivo-sunflower-cold-pressed-oil-healthy-cooking-oil-1l,Delhi,110065,230,275,16.4,1
2026-06-01-1600,2026-06-01,zepto,jivo-sunflower-cold-pressed-oil-healthy-cooking-oil-1l,Delhi,110067,230,275,16.4,1
2026-06-01-1600,2026-06-01,zepto,jivo-sunflower-cold-pressed-oil-healthy-cooking-oil-1l,Delhi,110076,230,275,16.4,1
2026-06-01-1600,2026-06-01,zepto,jivo-sunflower-cold-pressed-oil-healthy-cooking-oil-1l,Delhi,110084,230,275,16.4,1
2026-06-01-1600,2026-06-01,zepto,jivo-sunflower-cold-pressed-oil-healthy-cooking-oil-1l,Delhi,110085,230,275,16.4,1
2026-06-01-1600,2026-06-01,zepto,jivo-sunflower-cold-pressed-oil-healthy-cooking-oil-1l,Delhi,110088,222,275,19.3,1
2026-06-01-1600,2026-06-01,zepto,jivo-sunflower-cold-pressed-oil-healthy-cooking-oil-1l,Delhi,110090,230,275,16.4,1
2026-06-01-1600,2026-06-01,zepto,jivo-sunflower-cold-pressed-oil-healthy-cooking-oil-1l,Delhi,110091,230,275,16.4,1
2026-06-01-1600,2026-06-01,zepto,jivo-sunflower-cold-pressed-oil-healthy-cooking-oil-1l,Delhi,110092,230,275,16.4,1
2026-06-01-1600,2026-06-01,zepto,jivo-sunflower-cold-pressed-oil-healthy-cooking-oil-1l,Delhi,110095,230,275,16.4,1
2026-06-01-1600,2026-06-01,zepto,jivo-sunflower-cold-pressed-oil-healthy-cooking-oil-1l,Faridabad,121001,230,275,16.4,1
2026-06-01-1600,2026-06-01,zepto,jivo-sunflower-cold-pressed-oil-healthy-cooking-oil-1l,Faridabad,121011,230,275,16.4,1
2026-06-01-1600,2026-06-01,zepto,jivo-sunflower-cold-pressed-oil-healthy-cooking-oil-1l,Gurgaon,122004,230,275,16.4,1
2026-06-01-1600,2026-06-01,zepto,jivo-sunflower-cold-pressed-oil-healthy-cooking-oil-1l,Gurgaon,122006,230,275,16.4,1
2026-06-01-1600,2026-06-01,zepto,jivo-sunflower-cold-pressed-oil-healthy-cooking-oil-1l,Gurgaon,122010,230,275,16.4,1
2026-06-01-1600,2026-06-01,zepto,jivo-sunflower-cold-pressed-oil-healthy-cooking-oil-1l,Gurgaon,122051,230,275,16.4,1
2026-06-01-1600,2026-06-01,zepto,jivo-sunflower-cold-pressed-oil-healthy-cooking-oil-1l,Gurgaon,122101,230,275,16.4,1
2026-06-01-1600,2026-06-01,zepto,jivo-sunflower-cold-pressed-oil-healthy-cooking-oil-1l,Ghaziabad,201003,230,275,16.4,1
2026-06-01-1600,2026-06-01,zepto,jivo-sunflower-cold-pressed-oil-healthy-cooking-oil-1l,Ghaziabad,201005,230,275,16.4,1
2026-06-01-1600,2026-06-01,zepto,jivo-sunflower-cold-pressed-oil-healthy-cooking-oil-1l,Ghaziabad,201009,219,275,20.4,1
2026-06-01-1600,2026-06-01,zepto,jivo-sunflower-cold-pressed-oil-healthy-cooking-oil-1l,Noida,201307,230,275,16.4,1
2026-06-01-1600,2026-06-01,zepto,jivo-sunflower-cold-pressed-oil-healthy-cooking-oil-1l,Noida,201309,230,275,16.4,1
2026-06-01-1600,2026-06-01,zepto,jivo-sunflower-cold-pressed-oil-healthy-cooking-oil-1l,Noida,201310,230,275,16.4,1
2026-06-01-1600,2026-06-01,zepto,jivo-sunflower-cold-pressed-oil-healthy-cooking-oil-1l,Mumbai,400003,230,275,16.4,1
2026-06-01-1600,2026-06-01,zepto,jivo-sunflower-cold-pressed-oil-healthy-cooking-oil-1l,Mumbai,400005,230,275,16.4,1
2026-06-01-1600,2026-06-01,zepto,jivo-sunflower-cold-pressed-oil-healthy-cooking-oil-1l,Mumbai,400006,230,275,16.4,1
2026-06-01-1600,2026-06-01,zepto,jivo-sunflower-cold-pressed-oil-healthy-cooking-oil-1l,Mumbai,400007,230,275,16.4,1
2026-06-01-1600,2026-06-01,zepto,jivo-sunflower-cold-pressed-oil-healthy-cooking-oil-1l,Mumbai,400010,230,275,16.4,1
2026-06-01-1600,2026-06-01,zepto,jivo-sunflower-cold-pressed-oil-healthy-cooking-oil-1l,Mumbai,400011,230,275,16.4,1
2026-06-01-1600,2026-06-01,zepto,jivo-sunflower-cold-pressed-oil-healthy-cooking-oil-1l,Mumbai,400012,230,275,16.4,1
2026-06-01-1600,2026-06-01,zepto,jivo-sunflower-cold-pressed-oil-healthy-cooking-oil-1l,Mumbai,400013,230,275,16.4,1
2026-06-01-1600,2026-06-01,zepto,jivo-sunflower-cold-pressed-oil-healthy-cooking-oil-1l,Mumbai,400015,230,275,16.4,1
2026-06-01-1600,2026-06-01,zepto,jivo-sunflower-cold-pressed-oil-healthy-cooking-oil-1l,Mumbai,400019,230,275,16.4,1
2026-06-01-1600,2026-06-01,zepto,jivo-sunflower-cold-pressed-oil-healthy-cooking-oil-1l,Mumbai,400020,230,275,16.4,1
2026-06-01-1600,2026-06-01,zepto,jivo-sunflower-cold-pressed-oil-healthy-cooking-oil-1l,Mumbai,400021,230,275,16.4,1
2026-06-01-1600,2026-06-01,zepto,jivo-sunflower-cold-pressed-oil-healthy-cooking-oil-1l,Mumbai,400023,230,275,16.4,1
2026-06-01-1600,2026-06-01,zepto,jivo-sunflower-cold-pressed-oil-healthy-cooking-oil-1l,Mumbai,400030,230,275,16.4,1
2026-06-01-1600,2026-06-01,zepto,jivo-sunflower-cold-pressed-oil-healthy-cooking-oil-1l,Mumbai,400033,230,275,16.4,1
2026-06-01-1600,2026-06-01,zepto,jivo-sunflower-cold-pressed-oil-healthy-cooking-oil-1l,Mumbai,400601,230,275,16.4,1
2026-06-01-1600,2026-06-01,zepto,jivo-sunflower-cold-pressed-oil-healthy-cooking-oil-1l,Mumbai,400703,230,275,16.4,1
2026-06-01-1600,2026-06-01,zepto,jivo-sunflower-cold-pressed-oil-healthy-cooking-oil-1l,Bengaluru,560069,230,275,16.4,1
2026-06-01-1754,2026-06-01,zepto,jivo-cold-press-canola-oil-combo-bottle-2l,Delhi,110004,485,750,35.3,1
2026-06-01-1754,2026-06-01,zepto,jivo-cold-press-canola-oil-combo-bottle-2l,Delhi,110006,485,750,35.3,1
2026-06-01-1754,2026-06-01,zepto,jivo-cold-press-canola-oil-combo-bottle-2l,Delhi,110009,485,750,35.3,1
2026-06-01-1754,2026-06-01,zepto,jivo-cold-press-canola-oil-combo-bottle-2l,Delhi,110010,485,750,35.3,1
2026-06-01-1754,2026-06-01,zepto,jivo-cold-press-canola-oil-combo-bottle-2l,Delhi,110013,485,750,35.3,1
2026-06-01-1754,2026-06-01,zepto,jivo-cold-press-canola-oil-combo-bottle-2l,Delhi,110014,485,750,35.3,1
2026-06-01-1754,2026-06-01,zepto,jivo-cold-press-canola-oil-combo-bottle-2l,Delhi,110015,485,750,35.3,1
2026-06-01-1754,2026-06-01,zepto,jivo-cold-press-canola-oil-combo-bottle-2l,Delhi,110017,520,750,30.7,1
2026-06-01-1754,2026-06-01,zepto,jivo-cold-press-canola-oil-combo-bottle-2l,Delhi,110025,485,750,35.3,1
2026-06-01-1754,2026-06-01,zepto,jivo-cold-press-canola-oil-combo-bottle-2l,Delhi,110031,485,750,35.3,1
2026-06-01-1754,2026-06-01,zepto,jivo-cold-press-canola-oil-combo-bottle-2l,Delhi,110032,485,750,35.3,1
2026-06-01-1754,2026-06-01,zepto,jivo-cold-press-canola-oil-combo-bottle-2l,Delhi,110035,520,750,30.7,1
2026-06-01-1754,2026-06-01,zepto,jivo-cold-press-canola-oil-combo-bottle-2l,Delhi,110040,485,750,35.3,1
2026-06-01-1754,2026-06-01,zepto,jivo-cold-press-canola-oil-combo-bottle-2l,Delhi,110042,485,750,35.3,1
2026-06-01-1754,2026-06-01,zepto,jivo-cold-press-canola-oil-combo-bottle-2l,Delhi,110048,485,750,35.3,1
2026-06-01-1754,2026-06-01,zepto,jivo-cold-press-canola-oil-combo-bottle-2l,Delhi,110053,485,750,35.3,1
2026-06-01-1754,2026-06-01,zepto,jivo-cold-press-canola-oil-combo-bottle-2l,Delhi,110062,485,750,35.3,1
2026-06-01-1754,2026-06-01,zepto,jivo-cold-press-canola-oil-combo-bottle-2l,Delhi,110065,485,750,35.3,1
2026-06-01-1754,2026-06-01,zepto,jivo-cold-press-canola-oil-combo-bottle-2l,Delhi,110076,485,750,35.3,1
2026-06-01-1754,2026-06-01,zepto,jivo-cold-press-canola-oil-combo-bottle-2l,Delhi,110085,485,750,35.3,1
2026-06-01-1754,2026-06-01,zepto,jivo-cold-press-canola-oil-combo-bottle-2l,Delhi,110091,485,750,35.3,1
2026-06-01-1754,2026-06-01,zepto,jivo-cold-press-canola-oil-combo-bottle-2l,Delhi,110092,520,750,30.7,1
2026-06-01-1754,2026-06-01,zepto,jivo-cold-press-canola-oil-combo-bottle-2l,Delhi,110095,485,750,35.3,1
2026-06-01-1754,2026-06-01,zepto,jivo-cold-press-canola-oil-combo-bottle-2l,Ludhiana,141015,485,750,35.3,1
2026-06-01-1754,2026-06-01,zepto,jivo-cold-press-canola-oil-combo-bottle-2l,Ludhiana,142036,485,750,35.3,1
2026-06-01-1754,2026-06-01,zepto,jivo-cold-press-canola-oil-combo-bottle-2l,Chandigarh,160011,485,750,35.3,1
2026-06-01-1754,2026-06-01,zepto,jivo-cold-press-canola-oil-combo-bottle-2l,Chandigarh,160021,485,750,35.3,1
2026-06-01-1754,2026-06-01,zepto,jivo-cold-press-canola-oil-combo-bottle-2l,Chandigarh,160035,485,750,35.3,1
2026-06-01-1754,2026-06-01,zepto,jivo-cold-press-canola-oil-combo-bottle-2l,Chandigarh,160043,485,750,35.3,1
2026-06-01-1754,2026-06-01,zepto,jivo-cold-press-canola-oil-combo-bottle-2l,Bengaluru,560069,485,750,35.3,1
2026-06-01-1754,2026-06-01,zepto,jivo-daily-pomace-olive-oil-2l,Bengaluru,560014,941,1449,35.1,1
2026-06-01-1754,2026-06-01,zepto,jivo-extra-light-olive-oil-1l,Delhi,110004,499,1499,66.7,1
2026-06-01-1754,2026-06-01,zepto,jivo-extra-light-olive-oil-1l,Delhi,110006,499,1499,66.7,1
2026-06-01-1754,2026-06-01,zepto,jivo-extra-light-olive-oil-1l,Delhi,110007,499,1499,66.7,1
2026-06-01-1754,2026-06-01,zepto,jivo-extra-light-olive-oil-1l,Delhi,110008,499,1499,66.7,1
2026-06-01-1754,2026-06-01,zepto,jivo-extra-light-olive-oil-1l,Delhi,110009,499,1499,66.7,1
2026-06-01-1754,2026-06-01,zepto,jivo-extra-light-olive-oil-1l,Delhi,110010,499,1499,66.7,1
2026-06-01-1754,2026-06-01,zepto,jivo-extra-light-olive-oil-1l,Delhi,110013,499,1499,66.7,1
2026-06-01-1754,2026-06-01,zepto,jivo-extra-light-olive-oil-1l,Delhi,110014,499,1499,66.7,1
2026-06-01-1754,2026-06-01,zepto,jivo-extra-light-olive-oil-1l,Delhi,110015,499,1499,66.7,1
2026-06-01-1754,2026-06-01,zepto,jivo-extra-light-olive-oil-1l,Delhi,110017,499,1499,66.7,1
2026-06-01-1754,2026-06-01,zepto,jivo-extra-light-olive-oil-1l,Delhi,110018,499,1499,66.7,1
2026-06-01-1754,2026-06-01,zepto,jivo-extra-light-olive-oil-1l,Delhi,110021,499,1499,66.7,1
2026-06-01-1754,2026-06-01,zepto,jivo-extra-light-olive-oil-1l,Delhi,110024,499,1499,66.7,1
2026-06-01-1754,2026-06-01,zepto,jivo-extra-light-olive-oil-1l,Delhi,110025,499,1499,66.7,1
2026-06-01-1754,2026-06-01,zepto,jivo-extra-light-olive-oil-1l,Delhi,110026,499,1499,66.7,1
2026-06-01-1754,2026-06-01,zepto,jivo-extra-light-olive-oil-1l,Delhi,110031,499,1499,66.7,1
2026-06-01-1754,2026-06-01,zepto,jivo-extra-light-olive-oil-1l,Delhi,110032,499,1499,66.7,1
2026-06-01-1754,2026-06-01,zepto,jivo-extra-light-olive-oil-1l,Delhi,110033,499,1499,66.7,1
2026-06-01-1754,2026-06-01,zepto,jivo-extra-light-olive-oil-1l,Delhi,110035,499,1499,66.7,1
2026-06-01-1754,2026-06-01,zepto,jivo-extra-light-olive-oil-1l,Delhi,110040,499,1499,66.7,1
2026-06-01-1754,2026-06-01,zepto,jivo-extra-light-olive-oil-1l,Delhi,110042,499,1499,66.7,1
2026-06-01-1754,2026-06-01,zepto,jivo-extra-light-olive-oil-1l,Delhi,110046,499,1499,66.7,1
2026-06-01-1754,2026-06-01,zepto,jivo-extra-light-olive-oil-1l,Delhi,110048,499,1499,66.7,1
2026-06-01-1754,2026-06-01,zepto,jivo-extra-light-olive-oil-1l,Delhi,110051,499,1499,66.7,1
2026-06-01-1754,2026-06-01,zepto,jivo-extra-light-olive-oil-1l,Delhi,110053,499,1499,66.7,1
2026-06-01-1754,2026-06-01,zepto,jivo-extra-light-olive-oil-1l,Delhi,110062,499,1499,66.7,1
2026-06-01-1754,2026-06-01,zepto,jivo-extra-light-olive-oil-1l,Delhi,110065,499,1499,66.7,1
2026-06-01-1754,2026-06-01,zepto,jivo-extra-light-olive-oil-1l,Delhi,110067,499,1499,66.7,1
2026-06-01-1754,2026-06-01,zepto,jivo-extra-light-olive-oil-1l,Delhi,110076,499,1499,66.7,1
2026-06-01-1754,2026-06-01,zepto,jivo-extra-light-olive-oil-1l,Delhi,110084,499,1499,66.7,1
2026-06-01-1754,2026-06-01,zepto,jivo-extra-light-olive-oil-1l,Delhi,110085,499,1499,66.7,1
2026-06-01-1754,2026-06-01,zepto,jivo-extra-light-olive-oil-1l,Delhi,110088,499,1499,66.7,1
2026-06-01-1754,2026-06-01,zepto,jivo-extra-light-olive-oil-1l,Delhi,110090,499,1499,66.7,1
2026-06-01-1754,2026-06-01,zepto,jivo-extra-light-olive-oil-1l,Delhi,110091,499,1499,66.7,1
2026-06-01-1754,2026-06-01,zepto,jivo-extra-light-olive-oil-1l,Delhi,110092,499,1499,66.7,1
2026-06-01-1754,2026-06-01,zepto,jivo-extra-light-olive-oil-1l,Delhi,110095,499,1499,66.7,1
2026-06-01-1754,2026-06-01,zepto,jivo-extra-light-olive-oil-1l,Faridabad,121011,499,1499,66.7,1
2026-06-01-1754,2026-06-01,zepto,jivo-extra-light-olive-oil-1l,Gurgaon,122004,499,1499,66.7,1
2026-06-01-1754,2026-06-01,zepto,jivo-extra-light-olive-oil-1l,Gurgaon,122006,499,1499,66.7,1
2026-06-01-1754,2026-06-01,zepto,jivo-extra-light-olive-oil-1l,Gurgaon,122010,499,1499,66.7,1
2026-06-01-1754,2026-06-01,zepto,jivo-extra-light-olive-oil-1l,Gurgaon,122051,499,1499,66.7,1
2026-06-01-1754,2026-06-01,zepto,jivo-extra-light-olive-oil-1l,Gurgaon,122101,499,1499,66.7,1
2026-06-01-1754,2026-06-01,zepto,jivo-extra-light-olive-oil-1l,Ludhiana,141015,499,1499,66.7,1
2026-06-01-1754,2026-06-01,zepto,jivo-extra-light-olive-oil-1l,Ludhiana,142022,499,1499,66.7,1
2026-06-01-1754,2026-06-01,zepto,jivo-extra-light-olive-oil-1l,Ludhiana,142036,499,1499,66.7,1
2026-06-01-1754,2026-06-01,zepto,jivo-extra-light-olive-oil-1l,Chandigarh,160011,499,1499,66.7,1
2026-06-01-1754,2026-06-01,zepto,jivo-extra-light-olive-oil-1l,Chandigarh,160021,499,1499,66.7,1
2026-06-01-1754,2026-06-01,zepto,jivo-extra-light-olive-oil-1l,Chandigarh,160035,499,1499,66.7,1
2026-06-01-1754,2026-06-01,zepto,jivo-extra-light-olive-oil-1l,Chandigarh,160043,499,1499,66.7,1
2026-06-01-1754,2026-06-01,zepto,jivo-extra-light-olive-oil-1l,Ghaziabad,201003,499,1499,66.7,1
2026-06-01-1754,2026-06-01,zepto,jivo-extra-light-olive-oil-1l,Ghaziabad,201005,499,1499,66.7,1
2026-06-01-1754,2026-06-01,zepto,jivo-extra-light-olive-oil-1l,Ghaziabad,201009,499,1499,66.7,1
2026-06-01-1754,2026-06-01,zepto,jivo-extra-light-olive-oil-1l,Mumbai,400003,499,1499,66.7,1
2026-06-01-1754,2026-06-01,zepto,jivo-extra-light-olive-oil-1l,Mumbai,400005,499,1499,66.7,1
2026-06-01-1754,2026-06-01,zepto,jivo-extra-light-olive-oil-1l,Mumbai,400006,499,1499,66.7,1
2026-06-01-1754,2026-06-01,zepto,jivo-extra-light-olive-oil-1l,Mumbai,400007,499,1499,66.7,1
2026-06-01-1754,2026-06-01,zepto,jivo-extra-light-olive-oil-1l,Mumbai,400010,499,1499,66.7,1
2026-06-01-1754,2026-06-01,zepto,jivo-extra-light-olive-oil-1l,Mumbai,400011,499,1499,66.7,1
2026-06-01-1754,2026-06-01,zepto,jivo-extra-light-olive-oil-1l,Mumbai,400012,499,1499,66.7,1
2026-06-01-1754,2026-06-01,zepto,jivo-extra-light-olive-oil-1l,Mumbai,400013,499,1499,66.7,1
2026-06-01-1754,2026-06-01,zepto,jivo-extra-light-olive-oil-1l,Mumbai,400015,499,1499,66.7,1
2026-06-01-1754,2026-06-01,zepto,jivo-extra-light-olive-oil-1l,Mumbai,400017,499,1499,66.7,1
2026-06-01-1754,2026-06-01,zepto,jivo-extra-light-olive-oil-1l,Mumbai,400018,499,1499,66.7,1
2026-06-01-1754,2026-06-01,zepto,jivo-extra-light-olive-oil-1l,Mumbai,400019,499,1499,66.7,1
2026-06-01-1754,2026-06-01,zepto,jivo-extra-light-olive-oil-1l,Mumbai,400020,499,1499,66.7,1
2026-06-01-1754,2026-06-01,zepto,jivo-extra-light-olive-oil-1l,Mumbai,400021,499,1499,66.7,1
2026-06-01-1754,2026-06-01,zepto,jivo-extra-light-olive-oil-1l,Mumbai,400023,499,1499,66.7,1
2026-06-01-1754,2026-06-01,zepto,jivo-extra-light-olive-oil-1l,Mumbai,400025,499,1499,66.7,1
2026-06-01-1754,2026-06-01,zepto,jivo-extra-light-olive-oil-1l,Mumbai,400030,499,1499,66.7,1
2026-06-01-1754,2026-06-01,zepto,jivo-extra-light-olive-oil-1l,Mumbai,400033,499,1499,66.7,1
2026-06-01-1754,2026-06-01,zepto,jivo-extra-light-olive-oil-1l,Mumbai,400041,499,1499,66.7,1
2026-06-01-1754,2026-06-01,zepto,jivo-extra-light-olive-oil-1l,Mumbai,400090,499,1499,66.7,1
2026-06-01-1754,2026-06-01,zepto,jivo-extra-light-olive-oil-1l,Mumbai,400601,499,1499,66.7,1
2026-06-01-1754,2026-06-01,zepto,jivo-extra-light-olive-oil-1l,Mumbai,400611,499,1499,66.7,1
2026-06-01-1754,2026-06-01,zepto,jivo-extra-light-olive-oil-1l,Mumbai,400703,499,1499,66.7,1
2026-06-01-1754,2026-06-01,zepto,jivo-extra-light-olive-oil-1l,Bengaluru,560014,499,1499,66.7,1
2026-06-01-1754,2026-06-01,zepto,jivo-extra-light-olive-oil-1l,Bengaluru,560069,499,1499,66.7,1
2026-06-01-1754,2026-06-01,zepto,jivo-extra-light-olive-oil-2l,Delhi,110010,1504,2799,46.3,1
2026-06-01-1754,2026-06-01,zepto,jivo-extra-light-olive-oil-2l,Delhi,110014,1504,2799,46.3,1
2026-06-01-1754,2026-06-01,zepto,jivo-extra-light-olive-oil-2l,Delhi,110031,1504,2799,46.3,1
2026-06-01-1754,2026-06-01,zepto,jivo-extra-light-olive-oil-2l,Delhi,110040,1504,2799,46.3,1
2026-06-01-1754,2026-06-01,zepto,jivo-extra-light-olive-oil-2l,Delhi,110042,1504,2799,46.3,1
2026-06-01-1754,2026-06-01,zepto,jivo-extra-light-olive-oil-2l,Delhi,110062,1504,2799,46.3,1
2026-06-01-1754,2026-06-01,zepto,jivo-extra-light-olive-oil-2l,Delhi,110067,1504,2799,46.3,1
2026-06-01-1754,2026-06-01,zepto,jivo-extra-light-olive-oil-2l,Delhi,110084,1504,2799,46.3,1
2026-06-01-1754,2026-06-01,zepto,jivo-extra-light-olive-oil-2l,Delhi,110088,1174,2799,58.1,1
2026-06-01-1754,2026-06-01,zepto,jivo-extra-light-olive-oil-2l,Delhi,110090,1504,2799,46.3,1
2026-06-01-1754,2026-06-01,zepto,jivo-extra-light-olive-oil-2l,Gurgaon,122051,1504,2799,46.3,1
2026-06-01-1754,2026-06-01,zepto,jivo-extra-light-olive-oil-2l,Gurgaon,122101,1504,2799,46.3,1
2026-06-01-1754,2026-06-01,zepto,jivo-extra-light-olive-oil-2l,Ghaziabad,201003,1504,2799,46.3,1
2026-06-01-1754,2026-06-01,zepto,jivo-extra-light-olive-oil-2l,Ghaziabad,201009,1177,2799,57.9,1
2026-06-01-1754,2026-06-01,zepto,jivo-extra-light-olive-oil-2l,Mumbai,400005,1505,2799,46.2,1
2026-06-01-1754,2026-06-01,zepto,jivo-extra-light-olive-oil-2l,Mumbai,400006,1505,2799,46.2,1
2026-06-01-1754,2026-06-01,zepto,jivo-extra-light-olive-oil-2l,Mumbai,400007,1505,2799,46.2,1
2026-06-01-1754,2026-06-01,zepto,jivo-extra-light-olive-oil-2l,Mumbai,400010,1505,2799,46.2,1
2026-06-01-1754,2026-06-01,zepto,jivo-extra-light-olive-oil-2l,Mumbai,400011,1505,2799,46.2,1
2026-06-01-1754,2026-06-01,zepto,jivo-extra-light-olive-oil-2l,Mumbai,400012,1505,2799,46.2,1
2026-06-01-1754,2026-06-01,zepto,jivo-extra-light-olive-oil-2l,Mumbai,400013,1505,2799,46.2,1
2026-06-01-1754,2026-06-01,zepto,jivo-extra-light-olive-oil-2l,Mumbai,400015,1505,2799,46.2,1
2026-06-01-1754,2026-06-01,zepto,jivo-extra-light-olive-oil-2l,Mumbai,400017,1505,2799,46.2,1
2026-06-01-1754,2026-06-01,zepto,jivo-extra-light-olive-oil-2l,Mumbai,400018,1505,2799,46.2,1
2026-06-01-1754,2026-06-01,zepto,jivo-extra-light-olive-oil-2l,Mumbai,400019,1505,2799,46.2,1
2026-06-01-1754,2026-06-01,zepto,jivo-extra-light-olive-oil-2l,Mumbai,400020,1505,2799,46.2,1
2026-06-01-1754,2026-06-01,zepto,jivo-extra-light-olive-oil-2l,Mumbai,400023,1505,2799,46.2,1
2026-06-01-1754,2026-06-01,zepto,jivo-extra-light-olive-oil-2l,Mumbai,400025,1505,2799,46.2,1
2026-06-01-1754,2026-06-01,zepto,jivo-extra-light-olive-oil-2l,Mumbai,400030,1505,2799,46.2,1
2026-06-01-1754,2026-06-01,zepto,jivo-extra-light-olive-oil-2l,Mumbai,400033,1505,2799,46.2,1
2026-06-01-1754,2026-06-01,zepto,jivo-extra-light-olive-oil-2l,Mumbai,400090,1505,2799,46.2,1
2026-06-01-1754,2026-06-01,zepto,jivo-extra-light-olive-oil-2l,Mumbai,400601,1505,2799,46.2,1
2026-06-01-1754,2026-06-01,zepto,jivo-extra-light-olive-oil-2l,Mumbai,400611,1505,2799,46.2,1
2026-06-01-1754,2026-06-01,zepto,jivo-extra-light-olive-oil-2l,Mumbai,400703,1505,2799,46.2,1
2026-06-01-1754,2026-06-01,zepto,jivo-extra-light-olive-oil-combo-1l,Delhi,110004,998,2998,66.7,1
2026-06-01-1754,2026-06-01,zepto,jivo-extra-light-olive-oil-combo-1l,Delhi,110007,998,2998,66.7,1
2026-06-01-1754,2026-06-01,zepto,jivo-extra-light-olive-oil-combo-1l,Delhi,110013,998,2998,66.7,1
2026-06-01-1754,2026-06-01,zepto,jivo-extra-light-olive-oil-combo-1l,Delhi,110015,998,2998,66.7,1
2026-06-01-1754,2026-06-01,zepto,jivo-extra-light-olive-oil-combo-1l,Delhi,110021,998,2998,66.7,1
2026-06-01-1754,2026-06-01,zepto,jivo-extra-light-olive-oil-combo-1l,Delhi,110025,998,2998,66.7,1
2026-06-01-1754,2026-06-01,zepto,jivo-extra-light-olive-oil-combo-1l,Delhi,110026,998,2998,66.7,1
2026-06-01-1754,2026-06-01,zepto,jivo-extra-light-olive-oil-combo-1l,Delhi,110031,998,2998,66.7,1
2026-06-01-1754,2026-06-01,zepto,jivo-extra-light-olive-oil-combo-1l,Delhi,110032,998,2998,66.7,1
2026-06-01-1754,2026-06-01,zepto,jivo-extra-light-olive-oil-combo-1l,Delhi,110033,998,2998,66.7,1
2026-06-01-1754,2026-06-01,zepto,jivo-extra-light-olive-oil-combo-1l,Delhi,110040,998,2998,66.7,1
2026-06-01-1754,2026-06-01,zepto,jivo-extra-light-olive-oil-combo-1l,Delhi,110048,998,2998,66.7,1
2026-06-01-1754,2026-06-01,zepto,jivo-extra-light-olive-oil-combo-1l,Delhi,110051,998,2998,66.7,1
2026-06-01-1754,2026-06-01,zepto,jivo-extra-light-olive-oil-combo-1l,Delhi,110053,998,2998,66.7,1
2026-06-01-1754,2026-06-01,zepto,jivo-extra-light-olive-oil-combo-1l,Delhi,110065,998,2998,66.7,1
2026-06-01-1754,2026-06-01,zepto,jivo-extra-light-olive-oil-combo-1l,Delhi,110067,998,2998,66.7,1
2026-06-01-1754,2026-06-01,zepto,jivo-extra-light-olive-oil-combo-1l,Delhi,110084,998,2998,66.7,1
2026-06-01-1754,2026-06-01,zepto,jivo-extra-light-olive-oil-combo-1l,Delhi,110085,998,2998,66.7,1
2026-06-01-1754,2026-06-01,zepto,jivo-extra-light-olive-oil-combo-1l,Delhi,110091,998,2998,66.7,1
2026-06-01-1754,2026-06-01,zepto,jivo-extra-light-olive-oil-combo-1l,Delhi,110095,998,2998,66.7,1
2026-06-01-1754,2026-06-01,zepto,jivo-extra-light-olive-oil-combo-1l,Gurgaon,122004,998,2998,66.7,1
2026-06-01-1754,2026-06-01,zepto,jivo-extra-light-olive-oil-combo-1l,Gurgaon,122006,998,2998,66.7,1
2026-06-01-1754,2026-06-01,zepto,jivo-extra-light-olive-oil-combo-1l,Gurgaon,122010,998,2998,66.7,1
2026-06-01-1754,2026-06-01,zepto,jivo-extra-light-olive-oil-combo-1l,Gurgaon,122051,998,2998,66.7,1
2026-06-01-1754,2026-06-01,zepto,jivo-extra-light-olive-oil-combo-1l,Gurgaon,122101,998,2998,66.7,1
2026-06-01-1754,2026-06-01,zepto,jivo-extra-light-olive-oil-combo-1l,Mumbai,400003,998,2998,66.7,1
2026-06-01-1754,2026-06-01,zepto,jivo-extra-light-olive-oil-combo-1l,Mumbai,400005,998,2998,66.7,1
2026-06-01-1754,2026-06-01,zepto,jivo-extra-light-olive-oil-combo-1l,Mumbai,400006,998,2998,66.7,1
2026-06-01-1754,2026-06-01,zepto,jivo-extra-light-olive-oil-combo-1l,Mumbai,400007,998,2998,66.7,1
2026-06-01-1754,2026-06-01,zepto,jivo-extra-light-olive-oil-combo-1l,Mumbai,400010,998,2998,66.7,1
2026-06-01-1754,2026-06-01,zepto,jivo-extra-light-olive-oil-combo-1l,Mumbai,400011,998,2998,66.7,1
2026-06-01-1754,2026-06-01,zepto,jivo-extra-light-olive-oil-combo-1l,Mumbai,400012,998,2998,66.7,1
2026-06-01-1754,2026-06-01,zepto,jivo-extra-light-olive-oil-combo-1l,Mumbai,400013,998,2998,66.7,1
2026-06-01-1754,2026-06-01,zepto,jivo-extra-light-olive-oil-combo-1l,Mumbai,400015,998,2998,66.7,1
2026-06-01-1754,2026-06-01,zepto,jivo-extra-light-olive-oil-combo-1l,Mumbai,400019,998,2998,66.7,1
2026-06-01-1754,2026-06-01,zepto,jivo-extra-light-olive-oil-combo-1l,Mumbai,400020,998,2998,66.7,1
2026-06-01-1754,2026-06-01,zepto,jivo-extra-light-olive-oil-combo-1l,Mumbai,400021,998,2998,66.7,1
2026-06-01-1754,2026-06-01,zepto,jivo-extra-light-olive-oil-combo-1l,Mumbai,400023,998,2998,66.7,1
2026-06-01-1754,2026-06-01,zepto,jivo-extra-light-olive-oil-combo-1l,Mumbai,400030,998,2998,66.7,1
2026-06-01-1754,2026-06-01,zepto,jivo-extra-light-olive-oil-combo-1l,Mumbai,400033,998,2998,66.7,1
2026-06-01-1754,2026-06-01,zepto,jivo-extra-light-olive-oil-combo-1l,Mumbai,400090,998,2998,66.7,1
2026-06-01-1754,2026-06-01,zepto,jivo-extra-light-olive-oil-combo-1l,Mumbai,400601,998,2998,66.7,1
2026-06-01-1754,2026-06-01,zepto,jivo-extra-light-olive-oil-combo-1l,Mumbai,400611,998,2998,66.7,1
2026-06-01-1754,2026-06-01,zepto,jivo-extra-light-olive-oil-combo-1l,Mumbai,400703,998,2998,66.7,1
2026-06-01-1754,2026-06-01,zepto,jivo-extra-light-olive-oil-combo-2l,Delhi,110014,3008,5598,46.3,1
2026-06-01-1754,2026-06-01,zepto,jivo-extra-light-olive-oil-combo-2l,Delhi,110040,3008,5598,46.3,1
2026-06-01-1754,2026-06-01,zepto,jivo-extra-light-olive-oil-combo-2l,Delhi,110062,3008,5598,46.3,1
2026-06-01-1754,2026-06-01,zepto,jivo-extra-light-olive-oil-combo-2l,Delhi,110084,3008,5598,46.3,1
2026-06-01-1754,2026-06-01,zepto,jivo-extra-light-olive-oil-combo-2l,Gurgaon,122051,3008,5598,46.3,1
2026-06-01-1754,2026-06-01,zepto,jivo-extra-light-olive-oil-combo-2l,Gurgaon,122101,3008,5598,46.3,1
2026-06-01-1754,2026-06-01,zepto,jivo-extra-light-olive-oil-combo-2l,Mumbai,400005,3010,5598,46.2,1
2026-06-01-1754,2026-06-01,zepto,jivo-extra-light-olive-oil-combo-2l,Mumbai,400006,3010,5598,46.2,1
2026-06-01-1754,2026-06-01,zepto,jivo-extra-light-olive-oil-combo-2l,Mumbai,400007,3010,5598,46.2,1
2026-06-01-1754,2026-06-01,zepto,jivo-extra-light-olive-oil-combo-2l,Mumbai,400010,3010,5598,46.2,1
2026-06-01-1754,2026-06-01,zepto,jivo-extra-light-olive-oil-combo-2l,Mumbai,400011,3010,5598,46.2,1
2026-06-01-1754,2026-06-01,zepto,jivo-extra-light-olive-oil-combo-2l,Mumbai,400012,3010,5598,46.2,1
2026-06-01-1754,2026-06-01,zepto,jivo-extra-light-olive-oil-combo-2l,Mumbai,400020,3010,5598,46.2,1
2026-06-01-1754,2026-06-01,zepto,jivo-extra-light-olive-oil-combo-2l,Mumbai,400033,3010,5598,46.2,1
2026-06-01-1754,2026-06-01,zepto,jivo-extra-light-olive-oil-combo-2l,Mumbai,400090,3010,5598,46.2,1
2026-06-01-1754,2026-06-01,zepto,jivo-extra-light-olive-oil-combo-2l,Mumbai,400601,3010,5598,46.2,1
2026-06-01-1754,2026-06-01,zepto,jivo-extra-light-olive-oil-combo-2l,Mumbai,400611,3010,5598,46.2,1
2026-06-01-1754,2026-06-01,zepto,jivo-extra-light-olive-oil-combo-2l,Mumbai,400703,3010,5598,46.2,1
2026-06-01-1754,2026-06-01,zepto,jivo-groundnut-cold-pressed-oil-healthy-cooking-oil-1l,Delhi,110004,199,560,64.5,1
2026-06-01-1754,2026-06-01,zepto,jivo-groundnut-cold-pressed-oil-healthy-cooking-oil-1l,Delhi,110006,199,560,64.5,1
2026-06-01-1754,2026-06-01,zepto,jivo-groundnut-cold-pressed-oil-healthy-cooking-oil-1l,Delhi,110007,199,560,64.5,1
2026-06-01-1754,2026-06-01,zepto,jivo-groundnut-cold-pressed-oil-healthy-cooking-oil-1l,Delhi,110008,199,560,64.5,1
2026-06-01-1754,2026-06-01,zepto,jivo-groundnut-cold-pressed-oil-healthy-cooking-oil-1l,Delhi,110009,199,560,64.5,1
2026-06-01-1754,2026-06-01,zepto,jivo-groundnut-cold-pressed-oil-healthy-cooking-oil-1l,Delhi,110010,199,560,64.5,1
2026-06-01-1754,2026-06-01,zepto,jivo-groundnut-cold-pressed-oil-healthy-cooking-oil-1l,Delhi,110013,199,560,64.5,1
2026-06-01-1754,2026-06-01,zepto,jivo-groundnut-cold-pressed-oil-healthy-cooking-oil-1l,Delhi,110014,199,560,64.5,1
2026-06-01-1754,2026-06-01,zepto,jivo-groundnut-cold-pressed-oil-healthy-cooking-oil-1l,Delhi,110015,199,560,64.5,1
2026-06-01-1754,2026-06-01,zepto,jivo-groundnut-cold-pressed-oil-healthy-cooking-oil-1l,Delhi,110017,199,560,64.5,1
2026-06-01-1754,2026-06-01,zepto,jivo-groundnut-cold-pressed-oil-healthy-cooking-oil-1l,Delhi,110018,199,560,64.5,1
2026-06-01-1754,2026-06-01,zepto,jivo-groundnut-cold-pressed-oil-healthy-cooking-oil-1l,Delhi,110021,199,560,64.5,1
2026-06-01-1754,2026-06-01,zepto,jivo-groundnut-cold-pressed-oil-healthy-cooking-oil-1l,Delhi,110024,199,560,64.5,1
2026-06-01-1754,2026-06-01,zepto,jivo-groundnut-cold-pressed-oil-healthy-cooking-oil-1l,Delhi,110025,199,560,64.5,1
2026-06-01-1754,2026-06-01,zepto,jivo-groundnut-cold-pressed-oil-healthy-cooking-oil-1l,Delhi,110026,199,560,64.5,1
2026-06-01-1754,2026-06-01,zepto,jivo-groundnut-cold-pressed-oil-healthy-cooking-oil-1l,Delhi,110031,199,560,64.5,1
2026-06-01-1754,2026-06-01,zepto,jivo-groundnut-cold-pressed-oil-healthy-cooking-oil-1l,Delhi,110032,199,560,64.5,1
2026-06-01-1754,2026-06-01,zepto,jivo-groundnut-cold-pressed-oil-healthy-cooking-oil-1l,Delhi,110033,199,560,64.5,1
2026-06-01-1754,2026-06-01,zepto,jivo-groundnut-cold-pressed-oil-healthy-cooking-oil-1l,Delhi,110035,199,560,64.5,1
2026-06-01-1754,2026-06-01,zepto,jivo-groundnut-cold-pressed-oil-healthy-cooking-oil-1l,Delhi,110040,199,560,64.5,1
2026-06-01-1754,2026-06-01,zepto,jivo-groundnut-cold-pressed-oil-healthy-cooking-oil-1l,Delhi,110042,199,560,64.5,1
2026-06-01-1754,2026-06-01,zepto,jivo-groundnut-cold-pressed-oil-healthy-cooking-oil-1l,Delhi,110046,199,560,64.5,1
2026-06-01-1754,2026-06-01,zepto,jivo-groundnut-cold-pressed-oil-healthy-cooking-oil-1l,Delhi,110048,199,560,64.5,1
2026-06-01-1754,2026-06-01,zepto,jivo-groundnut-cold-pressed-oil-healthy-cooking-oil-1l,Delhi,110051,199,560,64.5,1
2026-06-01-1754,2026-06-01,zepto,jivo-groundnut-cold-pressed-oil-healthy-cooking-oil-1l,Delhi,110053,199,560,64.5,1
2026-06-01-1754,2026-06-01,zepto,jivo-groundnut-cold-pressed-oil-healthy-cooking-oil-1l,Delhi,110062,199,560,64.5,1
2026-06-01-1754,2026-06-01,zepto,jivo-groundnut-cold-pressed-oil-healthy-cooking-oil-1l,Delhi,110065,199,560,64.5,1
2026-06-01-1754,2026-06-01,zepto,jivo-groundnut-cold-pressed-oil-healthy-cooking-oil-1l,Delhi,110067,199,560,64.5,1
2026-06-01-1754,2026-06-01,zepto,jivo-groundnut-cold-pressed-oil-healthy-cooking-oil-1l,Delhi,110076,199,560,64.5,1
2026-06-01-1754,2026-06-01,zepto,jivo-groundnut-cold-pressed-oil-healthy-cooking-oil-1l,Delhi,110084,199,560,64.5,1
2026-06-01-1754,2026-06-01,zepto,jivo-groundnut-cold-pressed-oil-healthy-cooking-oil-1l,Delhi,110085,199,560,64.5,1
2026-06-01-1754,2026-06-01,zepto,jivo-groundnut-cold-pressed-oil-healthy-cooking-oil-1l,Delhi,110088,199,560,64.5,1
2026-06-01-1754,2026-06-01,zepto,jivo-groundnut-cold-pressed-oil-healthy-cooking-oil-1l,Delhi,110090,199,560,64.5,1
2026-06-01-1754,2026-06-01,zepto,jivo-groundnut-cold-pressed-oil-healthy-cooking-oil-1l,Delhi,110091,199,560,64.5,1
2026-06-01-1754,2026-06-01,zepto,jivo-groundnut-cold-pressed-oil-healthy-cooking-oil-1l,Delhi,110092,199,560,64.5,1
2026-06-01-1754,2026-06-01,zepto,jivo-groundnut-cold-pressed-oil-healthy-cooking-oil-1l,Delhi,110095,199,560,64.5,1
2026-06-01-1754,2026-06-01,zepto,jivo-groundnut-cold-pressed-oil-healthy-cooking-oil-1l,Faridabad,121001,199,560,64.5,1
2026-06-01-1754,2026-06-01,zepto,jivo-groundnut-cold-pressed-oil-healthy-cooking-oil-1l,Faridabad,121011,199,560,64.5,1
2026-06-01-1754,2026-06-01,zepto,jivo-groundnut-cold-pressed-oil-healthy-cooking-oil-1l,Gurgaon,122006,199,560,64.5,1
2026-06-01-1754,2026-06-01,zepto,jivo-groundnut-cold-pressed-oil-healthy-cooking-oil-1l,Gurgaon,122051,199,560,64.5,1
2026-06-01-1754,2026-06-01,zepto,jivo-groundnut-cold-pressed-oil-healthy-cooking-oil-1l,Gurgaon,122101,199,560,64.5,1
2026-06-01-1754,2026-06-01,zepto,jivo-groundnut-cold-pressed-oil-healthy-cooking-oil-1l,Ghaziabad,201003,199,560,64.5,1
2026-06-01-1754,2026-06-01,zepto,jivo-groundnut-cold-pressed-oil-healthy-cooking-oil-1l,Ghaziabad,201005,199,560,64.5,1
2026-06-01-1754,2026-06-01,zepto,jivo-groundnut-cold-pressed-oil-healthy-cooking-oil-1l,Ghaziabad,201009,199,560,64.5,1
2026-06-01-1754,2026-06-01,zepto,jivo-groundnut-cold-pressed-oil-healthy-cooking-oil-1l,Mumbai,400003,199,560,64.5,1
2026-06-01-1754,2026-06-01,zepto,jivo-groundnut-cold-pressed-oil-healthy-cooking-oil-1l,Mumbai,400005,199,560,64.5,1
2026-06-01-1754,2026-06-01,zepto,jivo-groundnut-cold-pressed-oil-healthy-cooking-oil-1l,Mumbai,400006,199,560,64.5,1
2026-06-01-1754,2026-06-01,zepto,jivo-groundnut-cold-pressed-oil-healthy-cooking-oil-1l,Mumbai,400007,199,560,64.5,1
2026-06-01-1754,2026-06-01,zepto,jivo-groundnut-cold-pressed-oil-healthy-cooking-oil-1l,Mumbai,400010,199,560,64.5,1
2026-06-01-1754,2026-06-01,zepto,jivo-groundnut-cold-pressed-oil-healthy-cooking-oil-1l,Mumbai,400011,199,560,64.5,1
2026-06-01-1754,2026-06-01,zepto,jivo-groundnut-cold-pressed-oil-healthy-cooking-oil-1l,Mumbai,400012,199,560,64.5,1
2026-06-01-1754,2026-06-01,zepto,jivo-groundnut-cold-pressed-oil-healthy-cooking-oil-1l,Mumbai,400017,199,560,64.5,1
2026-06-01-1754,2026-06-01,zepto,jivo-groundnut-cold-pressed-oil-healthy-cooking-oil-1l,Mumbai,400018,199,560,64.5,1
2026-06-01-1754,2026-06-01,zepto,jivo-groundnut-cold-pressed-oil-healthy-cooking-oil-1l,Mumbai,400019,199,560,64.5,1
2026-06-01-1754,2026-06-01,zepto,jivo-groundnut-cold-pressed-oil-healthy-cooking-oil-1l,Mumbai,400020,199,560,64.5,1
2026-06-01-1754,2026-06-01,zepto,jivo-groundnut-cold-pressed-oil-healthy-cooking-oil-1l,Mumbai,400021,199,560,64.5,1
2026-06-01-1754,2026-06-01,zepto,jivo-groundnut-cold-pressed-oil-healthy-cooking-oil-1l,Mumbai,400025,199,560,64.5,1
2026-06-01-1754,2026-06-01,zepto,jivo-groundnut-cold-pressed-oil-healthy-cooking-oil-1l,Mumbai,400033,199,560,64.5,1
2026-06-01-1754,2026-06-01,zepto,jivo-groundnut-cold-pressed-oil-healthy-cooking-oil-1l,Mumbai,400041,199,560,64.5,1
2026-06-01-1754,2026-06-01,zepto,jivo-groundnut-cold-pressed-oil-healthy-cooking-oil-1l,Mumbai,400090,199,560,64.5,1
2026-06-01-1754,2026-06-01,zepto,jivo-groundnut-cold-pressed-oil-healthy-cooking-oil-1l,Mumbai,400601,199,560,64.5,1
2026-06-01-1754,2026-06-01,zepto,jivo-groundnut-cold-pressed-oil-healthy-cooking-oil-1l,Mumbai,400611,199,560,64.5,1
2026-06-01-1754,2026-06-01,zepto,jivo-groundnut-cold-pressed-oil-healthy-cooking-oil-1l,Mumbai,400703,199,560,64.5,1
2026-06-01-1754,2026-06-01,zepto,jivo-groundnut-cold-pressed-oil-healthy-cooking-oil-1l,Bengaluru,560014,199,560,64.5,1
2026-06-01-1754,2026-06-01,zepto,jivo-groundnut-cold-pressed-oil-healthy-cooking-oil-1l,Bengaluru,560019,199,560,64.5,1
2026-06-01-1754,2026-06-01,zepto,jivo-groundnut-cold-pressed-oil-healthy-cooking-oil-1l,Bengaluru,560028,199,560,64.5,1
2026-06-01-1754,2026-06-01,zepto,jivo-groundnut-cold-pressed-oil-healthy-cooking-oil-1l,Bengaluru,560069,199,560,64.5,1
2026-06-01-1754,2026-06-01,zepto,jivo-groundnut-peanut-cold-pressed-heathy-cooking-oil-na,Delhi,110004,49,150,67.3,1
2026-06-01-1754,2026-06-01,zepto,jivo-groundnut-peanut-cold-pressed-heathy-cooking-oil-na,Delhi,110006,49,150,67.3,1
2026-06-01-1754,2026-06-01,zepto,jivo-groundnut-peanut-cold-pressed-heathy-cooking-oil-na,Delhi,110008,49,150,67.3,1
2026-06-01-1754,2026-06-01,zepto,jivo-groundnut-peanut-cold-pressed-heathy-cooking-oil-na,Delhi,110009,49,150,67.3,1
2026-06-01-1754,2026-06-01,zepto,jivo-groundnut-peanut-cold-pressed-heathy-cooking-oil-na,Delhi,110010,49,150,67.3,1
2026-06-01-1754,2026-06-01,zepto,jivo-groundnut-peanut-cold-pressed-heathy-cooking-oil-na,Delhi,110013,49,150,67.3,1
2026-06-01-1754,2026-06-01,zepto,jivo-groundnut-peanut-cold-pressed-heathy-cooking-oil-na,Delhi,110014,49,150,67.3,1
2026-06-01-1754,2026-06-01,zepto,jivo-groundnut-peanut-cold-pressed-heathy-cooking-oil-na,Delhi,110015,49,150,67.3,1
2026-06-01-1754,2026-06-01,zepto,jivo-groundnut-peanut-cold-pressed-heathy-cooking-oil-na,Delhi,110018,49,150,67.3,1
2026-06-01-1754,2026-06-01,zepto,jivo-groundnut-peanut-cold-pressed-heathy-cooking-oil-na,Delhi,110021,49,150,67.3,1
2026-06-01-1754,2026-06-01,zepto,jivo-groundnut-peanut-cold-pressed-heathy-cooking-oil-na,Delhi,110024,76,150,49.3,1
2026-06-01-1754,2026-06-01,zepto,jivo-groundnut-peanut-cold-pressed-heathy-cooking-oil-na,Delhi,110025,76,150,49.3,1
2026-06-01-1754,2026-06-01,zepto,jivo-groundnut-peanut-cold-pressed-heathy-cooking-oil-na,Delhi,110026,49,150,67.3,1
2026-06-01-1754,2026-06-01,zepto,jivo-groundnut-peanut-cold-pressed-heathy-cooking-oil-na,Delhi,110031,49,150,67.3,1
2026-06-01-1754,2026-06-01,zepto,jivo-groundnut-peanut-cold-pressed-heathy-cooking-oil-na,Delhi,110032,76,150,49.3,1
2026-06-01-1754,2026-06-01,zepto,jivo-groundnut-peanut-cold-pressed-heathy-cooking-oil-na,Delhi,110040,49,150,67.3,1
2026-06-01-1754,2026-06-01,zepto,jivo-groundnut-peanut-cold-pressed-heathy-cooking-oil-na,Delhi,110042,49,150,67.3,1
2026-06-01-1754,2026-06-01,zepto,jivo-groundnut-peanut-cold-pressed-heathy-cooking-oil-na,Delhi,110046,49,150,67.3,1
2026-06-01-1754,2026-06-01,zepto,jivo-groundnut-peanut-cold-pressed-heathy-cooking-oil-na,Delhi,110048,49,150,67.3,1
2026-06-01-1754,2026-06-01,zepto,jivo-groundnut-peanut-cold-pressed-heathy-cooking-oil-na,Delhi,110051,49,150,67.3,1
2026-06-01-1754,2026-06-01,zepto,jivo-groundnut-peanut-cold-pressed-heathy-cooking-oil-na,Delhi,110053,76,150,49.3,1
2026-06-01-1754,2026-06-01,zepto,jivo-groundnut-peanut-cold-pressed-heathy-cooking-oil-na,Delhi,110062,49,150,67.3,1
2026-06-01-1754,2026-06-01,zepto,jivo-groundnut-peanut-cold-pressed-heathy-cooking-oil-na,Delhi,110065,49,150,67.3,1
2026-06-01-1754,2026-06-01,zepto,jivo-groundnut-peanut-cold-pressed-heathy-cooking-oil-na,Delhi,110067,49,150,67.3,1
2026-06-01-1754,2026-06-01,zepto,jivo-groundnut-peanut-cold-pressed-heathy-cooking-oil-na,Delhi,110076,49,150,67.3,1
2026-06-01-1754,2026-06-01,zepto,jivo-groundnut-peanut-cold-pressed-heathy-cooking-oil-na,Delhi,110084,49,150,67.3,1
2026-06-01-1754,2026-06-01,zepto,jivo-groundnut-peanut-cold-pressed-heathy-cooking-oil-na,Delhi,110085,49,150,67.3,1
2026-06-01-1754,2026-06-01,zepto,jivo-groundnut-peanut-cold-pressed-heathy-cooking-oil-na,Delhi,110090,49,150,67.3,1
2026-06-01-1754,2026-06-01,zepto,jivo-groundnut-peanut-cold-pressed-heathy-cooking-oil-na,Delhi,110091,49,150,67.3,1
2026-06-01-1754,2026-06-01,zepto,jivo-groundnut-peanut-cold-pressed-heathy-cooking-oil-na,Delhi,110092,49,150,67.3,1
2026-06-01-1754,2026-06-01,zepto,jivo-groundnut-peanut-cold-pressed-heathy-cooking-oil-na,Delhi,110095,49,150,67.3,1
2026-06-01-1754,2026-06-01,zepto,jivo-groundnut-peanut-cold-pressed-heathy-cooking-oil-na,Gurgaon,122004,76,150,49.3,1
2026-06-01-1754,2026-06-01,zepto,jivo-groundnut-peanut-cold-pressed-heathy-cooking-oil-na,Gurgaon,122006,49,150,67.3,1
2026-06-01-1754,2026-06-01,zepto,jivo-groundnut-peanut-cold-pressed-heathy-cooking-oil-na,Gurgaon,122010,76,150,49.3,1
2026-06-01-1754,2026-06-01,zepto,jivo-groundnut-peanut-cold-pressed-heathy-cooking-oil-na,Gurgaon,122051,49,150,67.3,1
2026-06-01-1754,2026-06-01,zepto,jivo-groundnut-peanut-cold-pressed-heathy-cooking-oil-na,Gurgaon,122101,49,150,67.3,1
2026-06-01-1754,2026-06-01,zepto,jivo-groundnut-peanut-cold-pressed-heathy-cooking-oil-na,Jaipur,302016,76,150,49.3,1
2026-06-01-1754,2026-06-01,zepto,jivo-groundnut-peanut-cold-pressed-heathy-cooking-oil-na,Jaipur,302017,76,150,49.3,1
2026-06-01-1754,2026-06-01,zepto,jivo-groundnut-peanut-cold-pressed-heathy-cooking-oil-na,Jaipur,302018,76,150,49.3,1
2026-06-01-1754,2026-06-01,zepto,jivo-groundnut-peanut-cold-pressed-heathy-cooking-oil-na,Jaipur,302020,76,150,49.3,1
2026-06-01-1754,2026-06-01,zepto,jivo-groundnut-peanut-cold-pressed-heathy-cooking-oil-na,Jaipur,302021,76,150,49.3,1
2026-06-01-1754,2026-06-01,zepto,jivo-groundnut-peanut-cold-pressed-heathy-cooking-oil-na,Jaipur,302022,76,150,49.3,1
2026-06-01-1754,2026-06-01,zepto,jivo-groundnut-peanut-cold-pressed-heathy-cooking-oil-na,Jaipur,302023,76,150,49.3,1
2026-06-01-1754,2026-06-01,zepto,jivo-groundnut-peanut-cold-pressed-heathy-cooking-oil-na,Jaipur,302024,76,150,49.3,1
2026-06-01-1754,2026-06-01,zepto,jivo-groundnut-peanut-cold-pressed-heathy-cooking-oil-na,Jaipur,302025,76,150,49.3,1
2026-06-01-1754,2026-06-01,zepto,jivo-groundnut-peanut-cold-pressed-heathy-cooking-oil-na,Jaipur,302032,76,150,49.3,1
2026-06-01-1754,2026-06-01,zepto,jivo-groundnut-peanut-cold-pressed-heathy-cooking-oil-na,Jaipur,303602,76,150,49.3,1
2026-06-01-1754,2026-06-01,zepto,jivo-groundnut-peanut-cold-pressed-heathy-cooking-oil-na,Mumbai,400003,76,150,49.3,1
2026-06-01-1754,2026-06-01,zepto,jivo-groundnut-peanut-cold-pressed-heathy-cooking-oil-na,Mumbai,400005,76,150,49.3,1
2026-06-01-1754,2026-06-01,zepto,jivo-groundnut-peanut-cold-pressed-heathy-cooking-oil-na,Mumbai,400006,76,150,49.3,1
2026-06-01-1754,2026-06-01,zepto,jivo-groundnut-peanut-cold-pressed-heathy-cooking-oil-na,Mumbai,400010,76,150,49.3,1
2026-06-01-1754,2026-06-01,zepto,jivo-groundnut-peanut-cold-pressed-heathy-cooking-oil-na,Mumbai,400011,76,150,49.3,1
2026-06-01-1754,2026-06-01,zepto,jivo-groundnut-peanut-cold-pressed-heathy-cooking-oil-na,Mumbai,400012,76,150,49.3,1
2026-06-01-1754,2026-06-01,zepto,jivo-groundnut-peanut-cold-pressed-heathy-cooking-oil-na,Mumbai,400013,76,150,49.3,1
2026-06-01-1754,2026-06-01,zepto,jivo-groundnut-peanut-cold-pressed-heathy-cooking-oil-na,Mumbai,400015,76,150,49.3,1
2026-06-01-1754,2026-06-01,zepto,jivo-groundnut-peanut-cold-pressed-heathy-cooking-oil-na,Mumbai,400017,76,150,49.3,1
2026-06-01-1754,2026-06-01,zepto,jivo-groundnut-peanut-cold-pressed-heathy-cooking-oil-na,Mumbai,400018,76,150,49.3,1
2026-06-01-1754,2026-06-01,zepto,jivo-groundnut-peanut-cold-pressed-heathy-cooking-oil-na,Mumbai,400019,76,150,49.3,1
2026-06-01-1754,2026-06-01,zepto,jivo-groundnut-peanut-cold-pressed-heathy-cooking-oil-na,Mumbai,400020,76,150,49.3,1
2026-06-01-1754,2026-06-01,zepto,jivo-groundnut-peanut-cold-pressed-heathy-cooking-oil-na,Mumbai,400021,76,150,49.3,1
2026-06-01-1754,2026-06-01,zepto,jivo-groundnut-peanut-cold-pressed-heathy-cooking-oil-na,Mumbai,400023,76,150,49.3,1
2026-06-01-1754,2026-06-01,zepto,jivo-groundnut-peanut-cold-pressed-heathy-cooking-oil-na,Mumbai,400025,76,150,49.3,1
2026-06-01-1754,2026-06-01,zepto,jivo-groundnut-peanut-cold-pressed-heathy-cooking-oil-na,Mumbai,400030,76,150,49.3,1
2026-06-01-1754,2026-06-01,zepto,jivo-groundnut-peanut-cold-pressed-heathy-cooking-oil-na,Mumbai,400033,76,150,49.3,1
2026-06-01-1754,2026-06-01,zepto,jivo-groundnut-peanut-cold-pressed-heathy-cooking-oil-na,Mumbai,400041,76,150,49.3,1
2026-06-01-1754,2026-06-01,zepto,jivo-groundnut-peanut-cold-pressed-heathy-cooking-oil-na,Mumbai,400090,76,150,49.3,1
2026-06-01-1754,2026-06-01,zepto,jivo-groundnut-peanut-cold-pressed-heathy-cooking-oil-na,Mumbai,400611,76,150,49.3,1
2026-06-01-1754,2026-06-01,zepto,jivo-groundnut-peanut-cold-pressed-heathy-cooking-oil-na,Indore,452001,76,150,49.3,1
2026-06-01-1754,2026-06-01,zepto,jivo-kachi-ghani-mustard-cold-pressed-oil-healthy-cooking-oil-1l,Delhi,110004,149,255,41.6,1
2026-06-01-1754,2026-06-01,zepto,jivo-kachi-ghani-mustard-cold-pressed-oil-healthy-cooking-oil-1l,Delhi,110006,149,255,41.6,1
2026-06-01-1754,2026-06-01,zepto,jivo-kachi-ghani-mustard-cold-pressed-oil-healthy-cooking-oil-1l,Delhi,110007,149,255,41.6,1
2026-06-01-1754,2026-06-01,zepto,jivo-kachi-ghani-mustard-cold-pressed-oil-healthy-cooking-oil-1l,Delhi,110008,149,255,41.6,1
2026-06-01-1754,2026-06-01,zepto,jivo-kachi-ghani-mustard-cold-pressed-oil-healthy-cooking-oil-1l,Delhi,110009,149,255,41.6,1
2026-06-01-1754,2026-06-01,zepto,jivo-kachi-ghani-mustard-cold-pressed-oil-healthy-cooking-oil-1l,Delhi,110010,149,255,41.6,1
2026-06-01-1754,2026-06-01,zepto,jivo-kachi-ghani-mustard-cold-pressed-oil-healthy-cooking-oil-1l,Delhi,110013,149,255,41.6,1
2026-06-01-1754,2026-06-01,zepto,jivo-kachi-ghani-mustard-cold-pressed-oil-healthy-cooking-oil-1l,Delhi,110014,149,255,41.6,1
2026-06-01-1754,2026-06-01,zepto,jivo-kachi-ghani-mustard-cold-pressed-oil-healthy-cooking-oil-1l,Delhi,110015,149,255,41.6,1
2026-06-01-1754,2026-06-01,zepto,jivo-kachi-ghani-mustard-cold-pressed-oil-healthy-cooking-oil-1l,Delhi,110018,149,255,41.6,1
2026-06-01-1754,2026-06-01,zepto,jivo-kachi-ghani-mustard-cold-pressed-oil-healthy-cooking-oil-1l,Delhi,110021,149,255,41.6,1
2026-06-01-1754,2026-06-01,zepto,jivo-kachi-ghani-mustard-cold-pressed-oil-healthy-cooking-oil-1l,Delhi,110024,149,255,41.6,1
2026-06-01-1754,2026-06-01,zepto,jivo-kachi-ghani-mustard-cold-pressed-oil-healthy-cooking-oil-1l,Delhi,110025,149,255,41.6,1
2026-06-01-1754,2026-06-01,zepto,jivo-kachi-ghani-mustard-cold-pressed-oil-healthy-cooking-oil-1l,Delhi,110026,149,255,41.6,1
2026-06-01-1754,2026-06-01,zepto,jivo-kachi-ghani-mustard-cold-pressed-oil-healthy-cooking-oil-1l,Delhi,110031,149,255,41.6,1
2026-06-01-1754,2026-06-01,zepto,jivo-kachi-ghani-mustard-cold-pressed-oil-healthy-cooking-oil-1l,Delhi,110032,149,255,41.6,1
2026-06-01-1754,2026-06-01,zepto,jivo-kachi-ghani-mustard-cold-pressed-oil-healthy-cooking-oil-1l,Delhi,110033,149,255,41.6,1
2026-06-01-1754,2026-06-01,zepto,jivo-kachi-ghani-mustard-cold-pressed-oil-healthy-cooking-oil-1l,Delhi,110035,149,255,41.6,1
2026-06-01-1754,2026-06-01,zepto,jivo-kachi-ghani-mustard-cold-pressed-oil-healthy-cooking-oil-1l,Delhi,110040,149,255,41.6,1
2026-06-01-1754,2026-06-01,zepto,jivo-kachi-ghani-mustard-cold-pressed-oil-healthy-cooking-oil-1l,Delhi,110042,149,255,41.6,1
2026-06-01-1754,2026-06-01,zepto,jivo-kachi-ghani-mustard-cold-pressed-oil-healthy-cooking-oil-1l,Delhi,110046,149,255,41.6,1
2026-06-01-1754,2026-06-01,zepto,jivo-kachi-ghani-mustard-cold-pressed-oil-healthy-cooking-oil-1l,Delhi,110048,149,255,41.6,1
2026-06-01-1754,2026-06-01,zepto,jivo-kachi-ghani-mustard-cold-pressed-oil-healthy-cooking-oil-1l,Delhi,110051,149,255,41.6,1
2026-06-01-1754,2026-06-01,zepto,jivo-kachi-ghani-mustard-cold-pressed-oil-healthy-cooking-oil-1l,Delhi,110053,149,255,41.6,1
2026-06-01-1754,2026-06-01,zepto,jivo-kachi-ghani-mustard-cold-pressed-oil-healthy-cooking-oil-1l,Delhi,110062,149,255,41.6,1
2026-06-01-1754,2026-06-01,zepto,jivo-kachi-ghani-mustard-cold-pressed-oil-healthy-cooking-oil-1l,Delhi,110065,149,255,41.6,1
2026-06-01-1754,2026-06-01,zepto,jivo-kachi-ghani-mustard-cold-pressed-oil-healthy-cooking-oil-1l,Delhi,110067,149,255,41.6,1
2026-06-01-1754,2026-06-01,zepto,jivo-kachi-ghani-mustard-cold-pressed-oil-healthy-cooking-oil-1l,Delhi,110076,149,255,41.6,1
2026-06-01-1754,2026-06-01,zepto,jivo-kachi-ghani-mustard-cold-pressed-oil-healthy-cooking-oil-1l,Delhi,110084,149,255,41.6,1
2026-06-01-1754,2026-06-01,zepto,jivo-kachi-ghani-mustard-cold-pressed-oil-healthy-cooking-oil-1l,Delhi,110085,149,255,41.6,1
2026-06-01-1754,2026-06-01,zepto,jivo-kachi-ghani-mustard-cold-pressed-oil-healthy-cooking-oil-1l,Delhi,110088,149,255,41.6,1
2026-06-01-1754,2026-06-01,zepto,jivo-kachi-ghani-mustard-cold-pressed-oil-healthy-cooking-oil-1l,Delhi,110090,149,255,41.6,1
2026-06-01-1754,2026-06-01,zepto,jivo-kachi-ghani-mustard-cold-pressed-oil-healthy-cooking-oil-1l,Delhi,110091,149,255,41.6,1
2026-06-01-1754,2026-06-01,zepto,jivo-kachi-ghani-mustard-cold-pressed-oil-healthy-cooking-oil-1l,Delhi,110092,149,255,41.6,1
2026-06-01-1754,2026-06-01,zepto,jivo-kachi-ghani-mustard-cold-pressed-oil-healthy-cooking-oil-1l,Delhi,110095,149,255,41.6,1
2026-06-01-1754,2026-06-01,zepto,jivo-kachi-ghani-mustard-cold-pressed-oil-healthy-cooking-oil-1l,Faridabad,121001,149,255,41.6,1
2026-06-01-1754,2026-06-01,zepto,jivo-kachi-ghani-mustard-cold-pressed-oil-healthy-cooking-oil-1l,Faridabad,121011,149,255,41.6,1
2026-06-01-1754,2026-06-01,zepto,jivo-kachi-ghani-mustard-cold-pressed-oil-healthy-cooking-oil-1l,Gurgaon,122004,149,255,41.6,1
2026-06-01-1754,2026-06-01,zepto,jivo-kachi-ghani-mustard-cold-pressed-oil-healthy-cooking-oil-1l,Gurgaon,122006,149,255,41.6,1
2026-06-01-1754,2026-06-01,zepto,jivo-kachi-ghani-mustard-cold-pressed-oil-healthy-cooking-oil-1l,Gurgaon,122010,149,255,41.6,1
2026-06-01-1754,2026-06-01,zepto,jivo-kachi-ghani-mustard-cold-pressed-oil-healthy-cooking-oil-1l,Gurgaon,122051,149,255,41.6,1
2026-06-01-1754,2026-06-01,zepto,jivo-kachi-ghani-mustard-cold-pressed-oil-healthy-cooking-oil-1l,Gurgaon,122101,149,255,41.6,1
2026-06-01-1754,2026-06-01,zepto,jivo-kachi-ghani-mustard-cold-pressed-oil-healthy-cooking-oil-1l,Ludhiana,141015,149,255,41.6,1
2026-06-01-1754,2026-06-01,zepto,jivo-kachi-ghani-mustard-cold-pressed-oil-healthy-cooking-oil-1l,Ludhiana,142036,149,255,41.6,1
2026-06-01-1754,2026-06-01,zepto,jivo-kachi-ghani-mustard-cold-pressed-oil-healthy-cooking-oil-1l,Chandigarh,160011,149,255,41.6,1
2026-06-01-1754,2026-06-01,zepto,jivo-kachi-ghani-mustard-cold-pressed-oil-healthy-cooking-oil-1l,Chandigarh,160021,149,255,41.6,1
2026-06-01-1754,2026-06-01,zepto,jivo-kachi-ghani-mustard-cold-pressed-oil-healthy-cooking-oil-1l,Chandigarh,160035,149,255,41.6,1
2026-06-01-1754,2026-06-01,zepto,jivo-kachi-ghani-mustard-cold-pressed-oil-healthy-cooking-oil-1l,Chandigarh,160043,149,255,41.6,1
2026-06-01-1754,2026-06-01,zepto,jivo-kachi-ghani-mustard-cold-pressed-oil-healthy-cooking-oil-1l,Ghaziabad,201003,149,255,41.6,1
2026-06-01-1754,2026-06-01,zepto,jivo-kachi-ghani-mustard-cold-pressed-oil-healthy-cooking-oil-1l,Ghaziabad,201005,149,255,41.6,1
2026-06-01-1754,2026-06-01,zepto,jivo-kachi-ghani-mustard-cold-pressed-oil-healthy-cooking-oil-1l,Ghaziabad,201009,149,255,41.6,1
2026-06-01-1754,2026-06-01,zepto,jivo-kachi-ghani-mustard-cold-pressed-oil-healthy-cooking-oil-1l,Mumbai,400005,149,255,41.6,1
2026-06-01-1754,2026-06-01,zepto,jivo-kachi-ghani-mustard-cold-pressed-oil-healthy-cooking-oil-1l,Mumbai,400006,149,255,41.6,1
2026-06-01-1754,2026-06-01,zepto,jivo-kachi-ghani-mustard-cold-pressed-oil-healthy-cooking-oil-1l,Mumbai,400011,149,255,41.6,1
2026-06-01-1754,2026-06-01,zepto,jivo-kachi-ghani-mustard-cold-pressed-oil-healthy-cooking-oil-1l,Mumbai,400012,149,255,41.6,1
2026-06-01-1754,2026-06-01,zepto,jivo-kachi-ghani-mustard-cold-pressed-oil-healthy-cooking-oil-1l,Mumbai,400018,149,255,41.6,1
2026-06-01-1754,2026-06-01,zepto,jivo-kachi-ghani-mustard-cold-pressed-oil-healthy-cooking-oil-1l,Mumbai,400019,149,255,41.6,1
2026-06-01-1754,2026-06-01,zepto,jivo-kachi-ghani-mustard-cold-pressed-oil-healthy-cooking-oil-1l,Mumbai,400020,149,255,41.6,1
2026-06-01-1754,2026-06-01,zepto,jivo-kachi-ghani-mustard-cold-pressed-oil-healthy-cooking-oil-1l,Mumbai,400025,149,255,41.6,1
2026-06-01-1754,2026-06-01,zepto,jivo-kachi-ghani-mustard-cold-pressed-oil-healthy-cooking-oil-1l,Mumbai,400033,149,255,41.6,1
2026-06-01-1754,2026-06-01,zepto,jivo-kachi-ghani-mustard-cold-pressed-oil-healthy-cooking-oil-1l,Mumbai,400601,149,255,41.6,1
2026-06-01-1754,2026-06-01,zepto,jivo-kachi-ghani-mustard-cold-pressed-oil-healthy-cooking-oil-1l,Mumbai,400703,149,255,41.6,1
2026-06-01-1754,2026-06-01,zepto,jivo-kachi-ghani-mustard-cold-pressed-oil-healthy-cooking-oil-1l,Bengaluru,560014,149,255,41.6,1
2026-06-01-1754,2026-06-01,zepto,jivo-kachi-ghani-mustard-cold-pressed-oil-healthy-cooking-oil-1l,Bengaluru,560019,149,255,41.6,1
2026-06-01-1754,2026-06-01,zepto,jivo-kachi-ghani-mustard-cold-pressed-oil-healthy-cooking-oil-1l,Bengaluru,560028,149,255,41.6,1
2026-06-01-1754,2026-06-01,zepto,jivo-kachi-ghani-mustard-cold-pressed-oil-healthy-cooking-oil-1l,Bengaluru,560039,149,255,41.6,1
2026-06-01-1754,2026-06-01,zepto,jivo-kachi-ghani-mustard-cold-pressed-oil-healthy-cooking-oil-1l,Bengaluru,560069,149,255,41.6,1
2026-06-01-1754,2026-06-01,zepto,jivo-kachi-ghani-mustard-cold-pressed-oil-healthy-cooking-oil-1l,Mysuru,570016,149,255,41.6,0
2026-06-01-1754,2026-06-01,zepto,jivo-kachi-ghani-mustard-cold-pressed-oil-healthy-cooking-oil-1l,Mysuru,570026,149,255,41.6,1
2026-06-01-1754,2026-06-01,zepto,jivo-pomace-olive-oil-1l,Delhi,110004,379,1049,63.9,1
2026-06-01-1754,2026-06-01,zepto,jivo-pomace-olive-oil-1l,Delhi,110006,379,1049,63.9,1
2026-06-01-1754,2026-06-01,zepto,jivo-pomace-olive-oil-1l,Delhi,110008,379,1049,63.9,1
2026-06-01-1754,2026-06-01,zepto,jivo-pomace-olive-oil-1l,Delhi,110009,379,1049,63.9,1
2026-06-01-1754,2026-06-01,zepto,jivo-pomace-olive-oil-1l,Delhi,110010,379,1049,63.9,1
2026-06-01-1754,2026-06-01,zepto,jivo-pomace-olive-oil-1l,Delhi,110013,379,1049,63.9,1
2026-06-01-1754,2026-06-01,zepto,jivo-pomace-olive-oil-1l,Delhi,110014,379,1049,63.9,1
2026-06-01-1754,2026-06-01,zepto,jivo-pomace-olive-oil-1l,Delhi,110015,379,1049,63.9,1
2026-06-01-1754,2026-06-01,zepto,jivo-pomace-olive-oil-1l,Delhi,110017,379,1049,63.9,1
2026-06-01-1754,2026-06-01,zepto,jivo-pomace-olive-oil-1l,Delhi,110018,379,1049,63.9,1
2026-06-01-1754,2026-06-01,zepto,jivo-pomace-olive-oil-1l,Delhi,110021,379,1049,63.9,1
2026-06-01-1754,2026-06-01,zepto,jivo-pomace-olive-oil-1l,Delhi,110024,379,1049,63.9,1
2026-06-01-1754,2026-06-01,zepto,jivo-pomace-olive-oil-1l,Delhi,110025,379,1049,63.9,1
2026-06-01-1754,2026-06-01,zepto,jivo-pomace-olive-oil-1l,Delhi,110031,379,1049,63.9,1
2026-06-01-1754,2026-06-01,zepto,jivo-pomace-olive-oil-1l,Delhi,110032,379,1049,63.9,1
2026-06-01-1754,2026-06-01,zepto,jivo-pomace-olive-oil-1l,Delhi,110033,379,1049,63.9,1
2026-06-01-1754,2026-06-01,zepto,jivo-pomace-olive-oil-1l,Delhi,110035,379,1049,63.9,1
2026-06-01-1754,2026-06-01,zepto,jivo-pomace-olive-oil-1l,Delhi,110040,379,1049,63.9,1
2026-06-01-1754,2026-06-01,zepto,jivo-pomace-olive-oil-1l,Delhi,110042,379,1049,63.9,1
2026-06-01-1754,2026-06-01,zepto,jivo-pomace-olive-oil-1l,Delhi,110046,379,1049,63.9,1
2026-06-01-1754,2026-06-01,zepto,jivo-pomace-olive-oil-1l,Delhi,110048,379,1049,63.9,1
2026-06-01-1754,2026-06-01,zepto,jivo-pomace-olive-oil-1l,Delhi,110051,379,1049,63.9,1
2026-06-01-1754,2026-06-01,zepto,jivo-pomace-olive-oil-1l,Delhi,110053,379,1049,63.9,1
2026-06-01-1754,2026-06-01,zepto,jivo-pomace-olive-oil-1l,Delhi,110062,379,1049,63.9,1
2026-06-01-1754,2026-06-01,zepto,jivo-pomace-olive-oil-1l,Delhi,110065,379,1049,63.9,1
2026-06-01-1754,2026-06-01,zepto,jivo-pomace-olive-oil-1l,Delhi,110067,379,1049,63.9,1
2026-06-01-1754,2026-06-01,zepto,jivo-pomace-olive-oil-1l,Delhi,110084,379,1049,63.9,1
2026-06-01-1754,2026-06-01,zepto,jivo-pomace-olive-oil-1l,Delhi,110085,379,1049,63.9,1
2026-06-01-1754,2026-06-01,zepto,jivo-pomace-olive-oil-1l,Delhi,110088,379,1049,63.9,1
2026-06-01-1754,2026-06-01,zepto,jivo-pomace-olive-oil-1l,Delhi,110090,379,1049,63.9,1
2026-06-01-1754,2026-06-01,zepto,jivo-pomace-olive-oil-1l,Delhi,110091,379,1049,63.9,1
2026-06-01-1754,2026-06-01,zepto,jivo-pomace-olive-oil-1l,Delhi,110092,379,1049,63.9,1
2026-06-01-1754,2026-06-01,zepto,jivo-pomace-olive-oil-1l,Delhi,110095,379,1049,63.9,1
2026-06-01-1754,2026-06-01,zepto,jivo-pomace-olive-oil-1l,Faridabad,121001,379,1049,63.9,1
2026-06-01-1754,2026-06-01,zepto,jivo-pomace-olive-oil-1l,Faridabad,121011,379,1049,63.9,1
2026-06-01-1754,2026-06-01,zepto,jivo-pomace-olive-oil-1l,Gurgaon,122004,379,1049,63.9,1
2026-06-01-1754,2026-06-01,zepto,jivo-pomace-olive-oil-1l,Gurgaon,122006,379,1049,63.9,1
2026-06-01-1754,2026-06-01,zepto,jivo-pomace-olive-oil-1l,Gurgaon,122010,379,1049,63.9,1
2026-06-01-1754,2026-06-01,zepto,jivo-pomace-olive-oil-1l,Gurgaon,122051,379,1049,63.9,1
2026-06-01-1754,2026-06-01,zepto,jivo-pomace-olive-oil-1l,Gurgaon,122101,379,1049,63.9,1
2026-06-01-1754,2026-06-01,zepto,jivo-pomace-olive-oil-1l,Ludhiana,141015,379,1049,63.9,1
2026-06-01-1754,2026-06-01,zepto,jivo-pomace-olive-oil-1l,Ludhiana,142022,379,1049,63.9,1
2026-06-01-1754,2026-06-01,zepto,jivo-pomace-olive-oil-1l,Ludhiana,142036,379,1049,63.9,1
2026-06-01-1754,2026-06-01,zepto,jivo-pomace-olive-oil-1l,Ghaziabad,201003,379,1049,63.9,1
2026-06-01-1754,2026-06-01,zepto,jivo-pomace-olive-oil-1l,Ghaziabad,201005,379,1049,63.9,1
2026-06-01-1754,2026-06-01,zepto,jivo-pomace-olive-oil-1l,Ghaziabad,201009,379,1049,63.9,1
2026-06-01-1754,2026-06-01,zepto,jivo-pomace-olive-oil-1l,Mumbai,400003,379,1049,63.9,1
2026-06-01-1754,2026-06-01,zepto,jivo-pomace-olive-oil-1l,Mumbai,400005,379,1049,63.9,1
2026-06-01-1754,2026-06-01,zepto,jivo-pomace-olive-oil-1l,Mumbai,400006,379,1049,63.9,1
2026-06-01-1754,2026-06-01,zepto,jivo-pomace-olive-oil-1l,Mumbai,400007,379,1049,63.9,1
2026-06-01-1754,2026-06-01,zepto,jivo-pomace-olive-oil-1l,Mumbai,400010,379,1049,63.9,1
2026-06-01-1754,2026-06-01,zepto,jivo-pomace-olive-oil-1l,Mumbai,400011,379,1049,63.9,1
2026-06-01-1754,2026-06-01,zepto,jivo-pomace-olive-oil-1l,Mumbai,400012,379,1049,63.9,1
2026-06-01-1754,2026-06-01,zepto,jivo-pomace-olive-oil-1l,Mumbai,400013,379,1049,63.9,1
2026-06-01-1754,2026-06-01,zepto,jivo-pomace-olive-oil-1l,Mumbai,400015,379,1049,63.9,1
2026-06-01-1754,2026-06-01,zepto,jivo-pomace-olive-oil-1l,Mumbai,400018,379,1049,63.9,1
2026-06-01-1754,2026-06-01,zepto,jivo-pomace-olive-oil-1l,Mumbai,400019,379,1049,63.9,1
2026-06-01-1754,2026-06-01,zepto,jivo-pomace-olive-oil-1l,Mumbai,400020,379,1049,63.9,1
2026-06-01-1754,2026-06-01,zepto,jivo-pomace-olive-oil-1l,Mumbai,400021,379,1049,63.9,1
2026-06-01-1754,2026-06-01,zepto,jivo-pomace-olive-oil-1l,Mumbai,400023,379,1049,63.9,1
2026-06-01-1754,2026-06-01,zepto,jivo-pomace-olive-oil-1l,Mumbai,400025,379,1049,63.9,1
2026-06-01-1754,2026-06-01,zepto,jivo-pomace-olive-oil-1l,Mumbai,400030,379,1049,63.9,1
2026-06-01-1754,2026-06-01,zepto,jivo-pomace-olive-oil-1l,Mumbai,400033,379,1049,63.9,1
2026-06-01-1754,2026-06-01,zepto,jivo-pomace-olive-oil-1l,Mumbai,400041,379,1049,63.9,1
2026-06-01-1754,2026-06-01,zepto,jivo-pomace-olive-oil-1l,Mumbai,400601,379,1049,63.9,1
2026-06-01-1754,2026-06-01,zepto,jivo-pomace-olive-oil-1l,Bengaluru,560014,379,1049,63.9,1
2026-06-01-1754,2026-06-01,zepto,jivo-pomace-olive-oil-1l,Bengaluru,560019,379,1049,63.9,1
2026-06-01-1754,2026-06-01,zepto,jivo-pomace-olive-oil-1l,Bengaluru,560028,379,1049,63.9,1
2026-06-01-1754,2026-06-01,zepto,jivo-pomace-olive-oil-1l,Bengaluru,560069,379,1049,63.9,1
2026-06-01-1754,2026-06-01,zepto,jivo-pomace-olive-oil-combo-1l,Delhi,110004,758,2098,63.9,1
2026-06-01-1754,2026-06-01,zepto,jivo-pomace-olive-oil-combo-1l,Delhi,110013,758,2098,63.9,1
2026-06-01-1754,2026-06-01,zepto,jivo-pomace-olive-oil-combo-1l,Delhi,110015,758,2098,63.9,1
2026-06-01-1754,2026-06-01,zepto,jivo-pomace-olive-oil-combo-1l,Delhi,110024,758,2098,63.9,1
2026-06-01-1754,2026-06-01,zepto,jivo-pomace-olive-oil-combo-1l,Delhi,110025,758,2098,63.9,1
2026-06-01-1754,2026-06-01,zepto,jivo-pomace-olive-oil-combo-1l,Delhi,110031,758,2098,63.9,1
2026-06-01-1754,2026-06-01,zepto,jivo-pomace-olive-oil-combo-1l,Delhi,110032,758,2098,63.9,1
2026-06-01-1754,2026-06-01,zepto,jivo-pomace-olive-oil-combo-1l,Delhi,110033,758,2098,63.9,1
2026-06-01-1754,2026-06-01,zepto,jivo-pomace-olive-oil-combo-1l,Delhi,110048,758,2098,63.9,1
2026-06-01-1754,2026-06-01,zepto,jivo-pomace-olive-oil-combo-1l,Delhi,110053,758,2098,63.9,1
2026-06-01-1754,2026-06-01,zepto,jivo-pomace-olive-oil-combo-1l,Delhi,110065,758,2098,63.9,1
2026-06-01-1754,2026-06-01,zepto,jivo-pomace-olive-oil-combo-1l,Delhi,110067,758,2098,63.9,1
2026-06-01-1754,2026-06-01,zepto,jivo-pomace-olive-oil-combo-1l,Delhi,110091,758,2098,63.9,1
2026-06-01-1754,2026-06-01,zepto,jivo-pomace-olive-oil-combo-1l,Delhi,110095,758,2098,63.9,1
2026-06-01-1754,2026-06-01,zepto,jivo-pomace-olive-oil-combo-1l,Faridabad,121001,758,2098,63.9,1
2026-06-01-1754,2026-06-01,zepto,jivo-pomace-olive-oil-combo-1l,Gurgaon,122004,758,2098,63.9,1
2026-06-01-1754,2026-06-01,zepto,jivo-pomace-olive-oil-combo-1l,Gurgaon,122006,758,2098,63.9,1
2026-06-01-1754,2026-06-01,zepto,jivo-pomace-olive-oil-combo-1l,Gurgaon,122010,758,2098,63.9,1
2026-06-01-1754,2026-06-01,zepto,jivo-pomace-olive-oil-combo-1l,Ghaziabad,201003,758,2098,63.9,1
2026-06-01-1754,2026-06-01,zepto,jivo-pomace-olive-oil-combo-1l,Mumbai,400003,758,2098,63.9,1
2026-06-01-1754,2026-06-01,zepto,jivo-pomace-olive-oil-combo-1l,Mumbai,400005,758,2098,63.9,1
2026-06-01-1754,2026-06-01,zepto,jivo-pomace-olive-oil-combo-1l,Mumbai,400006,758,2098,63.9,1
2026-06-01-1754,2026-06-01,zepto,jivo-pomace-olive-oil-combo-1l,Mumbai,400007,758,2098,63.9,1
2026-06-01-1754,2026-06-01,zepto,jivo-pomace-olive-oil-combo-1l,Mumbai,400010,758,2098,63.9,1
2026-06-01-1754,2026-06-01,zepto,jivo-pomace-olive-oil-combo-1l,Mumbai,400011,758,2098,63.9,1
2026-06-01-1754,2026-06-01,zepto,jivo-pomace-olive-oil-combo-1l,Mumbai,400012,758,2098,63.9,1
2026-06-01-1754,2026-06-01,zepto,jivo-pomace-olive-oil-combo-1l,Mumbai,400013,758,2098,63.9,1
2026-06-01-1754,2026-06-01,zepto,jivo-pomace-olive-oil-combo-1l,Mumbai,400015,758,2098,63.9,1
2026-06-01-1754,2026-06-01,zepto,jivo-pomace-olive-oil-combo-1l,Mumbai,400019,758,2098,63.9,1
2026-06-01-1754,2026-06-01,zepto,jivo-pomace-olive-oil-combo-1l,Mumbai,400020,758,2098,63.9,1
2026-06-01-1754,2026-06-01,zepto,jivo-pomace-olive-oil-combo-1l,Mumbai,400021,758,2098,63.9,1
2026-06-01-1754,2026-06-01,zepto,jivo-pomace-olive-oil-combo-1l,Mumbai,400023,758,2098,63.9,1
2026-06-01-1754,2026-06-01,zepto,jivo-pomace-olive-oil-combo-1l,Mumbai,400030,758,2098,63.9,1
2026-06-01-1754,2026-06-01,zepto,jivo-pomace-olive-oil-combo-1l,Mumbai,400033,758,2098,63.9,1
2026-06-01-1754,2026-06-01,zepto,jivo-sunflower-cold-pressed-oil-healthy-cooking-oil-1l,Delhi,110004,230,275,16.4,1
2026-06-01-1754,2026-06-01,zepto,jivo-sunflower-cold-pressed-oil-healthy-cooking-oil-1l,Delhi,110006,230,275,16.4,1
2026-06-01-1754,2026-06-01,zepto,jivo-sunflower-cold-pressed-oil-healthy-cooking-oil-1l,Delhi,110007,230,275,16.4,1
2026-06-01-1754,2026-06-01,zepto,jivo-sunflower-cold-pressed-oil-healthy-cooking-oil-1l,Delhi,110008,230,275,16.4,1
2026-06-01-1754,2026-06-01,zepto,jivo-sunflower-cold-pressed-oil-healthy-cooking-oil-1l,Delhi,110009,230,275,16.4,1
2026-06-01-1754,2026-06-01,zepto,jivo-sunflower-cold-pressed-oil-healthy-cooking-oil-1l,Delhi,110010,230,275,16.4,1
2026-06-01-1754,2026-06-01,zepto,jivo-sunflower-cold-pressed-oil-healthy-cooking-oil-1l,Delhi,110013,230,275,16.4,1
2026-06-01-1754,2026-06-01,zepto,jivo-sunflower-cold-pressed-oil-healthy-cooking-oil-1l,Delhi,110014,230,275,16.4,1
2026-06-01-1754,2026-06-01,zepto,jivo-sunflower-cold-pressed-oil-healthy-cooking-oil-1l,Delhi,110015,230,275,16.4,1
2026-06-01-1754,2026-06-01,zepto,jivo-sunflower-cold-pressed-oil-healthy-cooking-oil-1l,Delhi,110018,230,275,16.4,1
2026-06-01-1754,2026-06-01,zepto,jivo-sunflower-cold-pressed-oil-healthy-cooking-oil-1l,Delhi,110021,230,275,16.4,1
2026-06-01-1754,2026-06-01,zepto,jivo-sunflower-cold-pressed-oil-healthy-cooking-oil-1l,Delhi,110024,230,275,16.4,1
2026-06-01-1754,2026-06-01,zepto,jivo-sunflower-cold-pressed-oil-healthy-cooking-oil-1l,Delhi,110025,230,275,16.4,1
2026-06-01-1754,2026-06-01,zepto,jivo-sunflower-cold-pressed-oil-healthy-cooking-oil-1l,Delhi,110026,230,275,16.4,1
2026-06-01-1754,2026-06-01,zepto,jivo-sunflower-cold-pressed-oil-healthy-cooking-oil-1l,Delhi,110031,230,275,16.4,1
2026-06-01-1754,2026-06-01,zepto,jivo-sunflower-cold-pressed-oil-healthy-cooking-oil-1l,Delhi,110032,230,275,16.4,1
2026-06-01-1754,2026-06-01,zepto,jivo-sunflower-cold-pressed-oil-healthy-cooking-oil-1l,Delhi,110033,230,275,16.4,1
2026-06-01-1754,2026-06-01,zepto,jivo-sunflower-cold-pressed-oil-healthy-cooking-oil-1l,Delhi,110035,230,275,16.4,1
2026-06-01-1754,2026-06-01,zepto,jivo-sunflower-cold-pressed-oil-healthy-cooking-oil-1l,Delhi,110040,230,275,16.4,1
2026-06-01-1754,2026-06-01,zepto,jivo-sunflower-cold-pressed-oil-healthy-cooking-oil-1l,Delhi,110042,230,275,16.4,1
2026-06-01-1754,2026-06-01,zepto,jivo-sunflower-cold-pressed-oil-healthy-cooking-oil-1l,Delhi,110046,230,275,16.4,1
2026-06-01-1754,2026-06-01,zepto,jivo-sunflower-cold-pressed-oil-healthy-cooking-oil-1l,Delhi,110048,230,275,16.4,1
2026-06-01-1754,2026-06-01,zepto,jivo-sunflower-cold-pressed-oil-healthy-cooking-oil-1l,Delhi,110051,230,275,16.4,1
2026-06-01-1754,2026-06-01,zepto,jivo-sunflower-cold-pressed-oil-healthy-cooking-oil-1l,Delhi,110053,230,275,16.4,1
2026-06-01-1754,2026-06-01,zepto,jivo-sunflower-cold-pressed-oil-healthy-cooking-oil-1l,Delhi,110062,230,275,16.4,1
2026-06-01-1754,2026-06-01,zepto,jivo-sunflower-cold-pressed-oil-healthy-cooking-oil-1l,Delhi,110065,230,275,16.4,1
2026-06-01-1754,2026-06-01,zepto,jivo-sunflower-cold-pressed-oil-healthy-cooking-oil-1l,Delhi,110067,230,275,16.4,1
2026-06-01-1754,2026-06-01,zepto,jivo-sunflower-cold-pressed-oil-healthy-cooking-oil-1l,Delhi,110076,230,275,16.4,1
2026-06-01-1754,2026-06-01,zepto,jivo-sunflower-cold-pressed-oil-healthy-cooking-oil-1l,Delhi,110084,230,275,16.4,1
2026-06-01-1754,2026-06-01,zepto,jivo-sunflower-cold-pressed-oil-healthy-cooking-oil-1l,Delhi,110085,230,275,16.4,1
2026-06-01-1754,2026-06-01,zepto,jivo-sunflower-cold-pressed-oil-healthy-cooking-oil-1l,Delhi,110088,222,275,19.3,1
2026-06-01-1754,2026-06-01,zepto,jivo-sunflower-cold-pressed-oil-healthy-cooking-oil-1l,Delhi,110090,230,275,16.4,1
2026-06-01-1754,2026-06-01,zepto,jivo-sunflower-cold-pressed-oil-healthy-cooking-oil-1l,Delhi,110091,230,275,16.4,1
2026-06-01-1754,2026-06-01,zepto,jivo-sunflower-cold-pressed-oil-healthy-cooking-oil-1l,Delhi,110092,230,275,16.4,1
2026-06-01-1754,2026-06-01,zepto,jivo-sunflower-cold-pressed-oil-healthy-cooking-oil-1l,Delhi,110095,230,275,16.4,1
2026-06-01-1754,2026-06-01,zepto,jivo-sunflower-cold-pressed-oil-healthy-cooking-oil-1l,Faridabad,121001,230,275,16.4,1
2026-06-01-1754,2026-06-01,zepto,jivo-sunflower-cold-pressed-oil-healthy-cooking-oil-1l,Faridabad,121011,230,275,16.4,1
2026-06-01-1754,2026-06-01,zepto,jivo-sunflower-cold-pressed-oil-healthy-cooking-oil-1l,Gurgaon,122004,230,275,16.4,1
2026-06-01-1754,2026-06-01,zepto,jivo-sunflower-cold-pressed-oil-healthy-cooking-oil-1l,Gurgaon,122006,230,275,16.4,1
2026-06-01-1754,2026-06-01,zepto,jivo-sunflower-cold-pressed-oil-healthy-cooking-oil-1l,Gurgaon,122010,230,275,16.4,1
2026-06-01-1754,2026-06-01,zepto,jivo-sunflower-cold-pressed-oil-healthy-cooking-oil-1l,Gurgaon,122051,230,275,16.4,1
2026-06-01-1754,2026-06-01,zepto,jivo-sunflower-cold-pressed-oil-healthy-cooking-oil-1l,Gurgaon,122101,230,275,16.4,1
2026-06-01-1754,2026-06-01,zepto,jivo-sunflower-cold-pressed-oil-healthy-cooking-oil-1l,Ghaziabad,201003,230,275,16.4,1
2026-06-01-1754,2026-06-01,zepto,jivo-sunflower-cold-pressed-oil-healthy-cooking-oil-1l,Ghaziabad,201005,230,275,16.4,1
2026-06-01-1754,2026-06-01,zepto,jivo-sunflower-cold-pressed-oil-healthy-cooking-oil-1l,Ghaziabad,201009,219,275,20.4,1
2026-06-01-1754,2026-06-01,zepto,jivo-sunflower-cold-pressed-oil-healthy-cooking-oil-1l,Mumbai,400003,230,275,16.4,1
2026-06-01-1754,2026-06-01,zepto,jivo-sunflower-cold-pressed-oil-healthy-cooking-oil-1l,Mumbai,400005,230,275,16.4,1
2026-06-01-1754,2026-06-01,zepto,jivo-sunflower-cold-pressed-oil-healthy-cooking-oil-1l,Mumbai,400006,230,275,16.4,1
2026-06-01-1754,2026-06-01,zepto,jivo-sunflower-cold-pressed-oil-healthy-cooking-oil-1l,Mumbai,400007,230,275,16.4,1
2026-06-01-1754,2026-06-01,zepto,jivo-sunflower-cold-pressed-oil-healthy-cooking-oil-1l,Mumbai,400010,230,275,16.4,1
2026-06-01-1754,2026-06-01,zepto,jivo-sunflower-cold-pressed-oil-healthy-cooking-oil-1l,Mumbai,400011,230,275,16.4,1
2026-06-01-1754,2026-06-01,zepto,jivo-sunflower-cold-pressed-oil-healthy-cooking-oil-1l,Mumbai,400012,230,275,16.4,1
2026-06-01-1754,2026-06-01,zepto,jivo-sunflower-cold-pressed-oil-healthy-cooking-oil-1l,Mumbai,400013,230,275,16.4,1
2026-06-01-1754,2026-06-01,zepto,jivo-sunflower-cold-pressed-oil-healthy-cooking-oil-1l,Mumbai,400015,230,275,16.4,1
2026-06-01-1754,2026-06-01,zepto,jivo-sunflower-cold-pressed-oil-healthy-cooking-oil-1l,Mumbai,400019,230,275,16.4,1
2026-06-01-1754,2026-06-01,zepto,jivo-sunflower-cold-pressed-oil-healthy-cooking-oil-1l,Mumbai,400020,230,275,16.4,1
2026-06-01-1754,2026-06-01,zepto,jivo-sunflower-cold-pressed-oil-healthy-cooking-oil-1l,Mumbai,400021,230,275,16.4,1
2026-06-01-1754,2026-06-01,zepto,jivo-sunflower-cold-pressed-oil-healthy-cooking-oil-1l,Mumbai,400023,230,275,16.4,1
2026-06-01-1754,2026-06-01,zepto,jivo-sunflower-cold-pressed-oil-healthy-cooking-oil-1l,Mumbai,400030,230,275,16.4,1
2026-06-01-1754,2026-06-01,zepto,jivo-sunflower-cold-pressed-oil-healthy-cooking-oil-1l,Mumbai,400033,230,275,16.4,1
2026-06-01-1754,2026-06-01,zepto,jivo-sunflower-cold-pressed-oil-healthy-cooking-oil-1l,Mumbai,400601,230,275,16.4,1
2026-06-01-1754,2026-06-01,zepto,jivo-sunflower-cold-pressed-oil-healthy-cooking-oil-1l,Mumbai,400703,230,275,16.4,1
2026-06-01-1754,2026-06-01,zepto,jivo-sunflower-cold-pressed-oil-healthy-cooking-oil-1l,Bengaluru,560069,230,275,16.4,1
2026-06-03-1401,2026-06-03,zepto,jivo-cold-press-canola-oil-combo-bottle-2l,Delhi,110004,469,750,37.5,1
2026-06-03-1401,2026-06-03,zepto,jivo-cold-press-canola-oil-combo-bottle-2l,Delhi,110006,469,750,37.5,1
2026-06-03-1401,2026-06-03,zepto,jivo-cold-press-canola-oil-combo-bottle-2l,Delhi,110009,469,750,37.5,1
2026-06-03-1401,2026-06-03,zepto,jivo-cold-press-canola-oil-combo-bottle-2l,Delhi,110010,469,750,37.5,1
2026-06-03-1401,2026-06-03,zepto,jivo-cold-press-canola-oil-combo-bottle-2l,Delhi,110013,469,750,37.5,1
2026-06-03-1401,2026-06-03,zepto,jivo-cold-press-canola-oil-combo-bottle-2l,Delhi,110014,469,750,37.5,1
2026-06-03-1401,2026-06-03,zepto,jivo-cold-press-canola-oil-combo-bottle-2l,Delhi,110015,469,750,37.5,1
2026-06-03-1401,2026-06-03,zepto,jivo-cold-press-canola-oil-combo-bottle-2l,Delhi,110018,494,750,34.1,1
2026-06-03-1401,2026-06-03,zepto,jivo-cold-press-canola-oil-combo-bottle-2l,Delhi,110024,469,750,37.5,1
2026-06-03-1401,2026-06-03,zepto,jivo-cold-press-canola-oil-combo-bottle-2l,Delhi,110025,469,750,37.5,1
2026-06-03-1401,2026-06-03,zepto,jivo-cold-press-canola-oil-combo-bottle-2l,Delhi,110031,469,750,37.5,1
2026-06-03-1401,2026-06-03,zepto,jivo-cold-press-canola-oil-combo-bottle-2l,Delhi,110032,469,750,37.5,1
2026-06-03-1401,2026-06-03,zepto,jivo-cold-press-canola-oil-combo-bottle-2l,Delhi,110040,469,750,37.5,1
2026-06-03-1401,2026-06-03,zepto,jivo-cold-press-canola-oil-combo-bottle-2l,Delhi,110042,469,750,37.5,1
2026-06-03-1401,2026-06-03,zepto,jivo-cold-press-canola-oil-combo-bottle-2l,Delhi,110046,469,750,37.5,1
2026-06-03-1401,2026-06-03,zepto,jivo-cold-press-canola-oil-combo-bottle-2l,Delhi,110048,469,750,37.5,1
2026-06-03-1401,2026-06-03,zepto,jivo-cold-press-canola-oil-combo-bottle-2l,Delhi,110053,469,750,37.5,1
2026-06-03-1401,2026-06-03,zepto,jivo-cold-press-canola-oil-combo-bottle-2l,Delhi,110062,469,750,37.5,1
2026-06-03-1401,2026-06-03,zepto,jivo-cold-press-canola-oil-combo-bottle-2l,Delhi,110065,469,750,37.5,1
2026-06-03-1401,2026-06-03,zepto,jivo-cold-press-canola-oil-combo-bottle-2l,Delhi,110067,469,750,37.5,1
2026-06-03-1401,2026-06-03,zepto,jivo-cold-press-canola-oil-combo-bottle-2l,Delhi,110076,469,750,37.5,1
2026-06-03-1401,2026-06-03,zepto,jivo-cold-press-canola-oil-combo-bottle-2l,Delhi,110084,469,750,37.5,1
2026-06-03-1401,2026-06-03,zepto,jivo-cold-press-canola-oil-combo-bottle-2l,Delhi,110085,469,750,37.5,1
2026-06-03-1401,2026-06-03,zepto,jivo-cold-press-canola-oil-combo-bottle-2l,Delhi,110088,494,750,34.1,1
2026-06-03-1401,2026-06-03,zepto,jivo-cold-press-canola-oil-combo-bottle-2l,Delhi,110091,469,750,37.5,1
2026-06-03-1401,2026-06-03,zepto,jivo-cold-press-canola-oil-combo-bottle-2l,Delhi,110095,469,750,37.5,1
2026-06-03-1401,2026-06-03,zepto,jivo-cold-press-canola-oil-combo-bottle-2l,Ludhiana,141015,469,750,37.5,1
2026-06-03-1401,2026-06-03,zepto,jivo-cold-press-canola-oil-combo-bottle-2l,Ludhiana,142036,469,750,37.5,1
2026-06-03-1401,2026-06-03,zepto,jivo-cold-press-canola-oil-combo-bottle-2l,Chandigarh,160011,469,750,37.5,1
2026-06-03-1401,2026-06-03,zepto,jivo-cold-press-canola-oil-combo-bottle-2l,Chandigarh,160021,469,750,37.5,1
2026-06-03-1401,2026-06-03,zepto,jivo-cold-press-canola-oil-combo-bottle-2l,Chandigarh,160035,469,750,37.5,1
2026-06-03-1401,2026-06-03,zepto,jivo-cold-press-canola-oil-combo-bottle-2l,Chandigarh,160043,469,750,37.5,1
2026-06-03-1401,2026-06-03,zepto,jivo-cold-press-canola-oil-combo-bottle-2l,Bengaluru,560069,461,750,38.5,1
2026-06-03-1401,2026-06-03,zepto,jivo-daily-pomace-olive-oil-2l,Bengaluru,560014,959,1449,33.8,1
2026-06-03-1401,2026-06-03,zepto,jivo-extra-light-olive-oil-1l,Delhi,110004,560,1499,62.6,1
2026-06-03-1401,2026-06-03,zepto,jivo-extra-light-olive-oil-1l,Delhi,110006,560,1499,62.6,1
2026-06-03-1401,2026-06-03,zepto,jivo-extra-light-olive-oil-1l,Delhi,110007,560,1499,62.6,1
2026-06-03-1401,2026-06-03,zepto,jivo-extra-light-olive-oil-1l,Delhi,110008,560,1499,62.6,1
2026-06-03-1401,2026-06-03,zepto,jivo-extra-light-olive-oil-1l,Delhi,110009,560,1499,62.6,1
2026-06-03-1401,2026-06-03,zepto,jivo-extra-light-olive-oil-1l,Delhi,110010,560,1499,62.6,1
2026-06-03-1401,2026-06-03,zepto,jivo-extra-light-olive-oil-1l,Delhi,110013,560,1499,62.6,1
2026-06-03-1401,2026-06-03,zepto,jivo-extra-light-olive-oil-1l,Delhi,110014,560,1499,62.6,1
2026-06-03-1401,2026-06-03,zepto,jivo-extra-light-olive-oil-1l,Delhi,110015,560,1499,62.6,1
2026-06-03-1401,2026-06-03,zepto,jivo-extra-light-olive-oil-1l,Delhi,110017,560,1499,62.6,1
2026-06-03-1401,2026-06-03,zepto,jivo-extra-light-olive-oil-1l,Delhi,110018,560,1499,62.6,1
2026-06-03-1401,2026-06-03,zepto,jivo-extra-light-olive-oil-1l,Delhi,110021,560,1499,62.6,1
2026-06-03-1401,2026-06-03,zepto,jivo-extra-light-olive-oil-1l,Delhi,110024,560,1499,62.6,1
2026-06-03-1401,2026-06-03,zepto,jivo-extra-light-olive-oil-1l,Delhi,110025,560,1499,62.6,1
2026-06-03-1401,2026-06-03,zepto,jivo-extra-light-olive-oil-1l,Delhi,110026,560,1499,62.6,1
2026-06-03-1401,2026-06-03,zepto,jivo-extra-light-olive-oil-1l,Delhi,110031,560,1499,62.6,1
2026-06-03-1401,2026-06-03,zepto,jivo-extra-light-olive-oil-1l,Delhi,110032,560,1499,62.6,1
2026-06-03-1401,2026-06-03,zepto,jivo-extra-light-olive-oil-1l,Delhi,110033,560,1499,62.6,1
2026-06-03-1401,2026-06-03,zepto,jivo-extra-light-olive-oil-1l,Delhi,110035,560,1499,62.6,1
2026-06-03-1401,2026-06-03,zepto,jivo-extra-light-olive-oil-1l,Delhi,110040,560,1499,62.6,1
2026-06-03-1401,2026-06-03,zepto,jivo-extra-light-olive-oil-1l,Delhi,110042,554,1499,63,1
2026-06-03-1401,2026-06-03,zepto,jivo-extra-light-olive-oil-1l,Delhi,110046,560,1499,62.6,1
2026-06-03-1401,2026-06-03,zepto,jivo-extra-light-olive-oil-1l,Delhi,110048,560,1499,62.6,1
2026-06-03-1401,2026-06-03,zepto,jivo-extra-light-olive-oil-1l,Delhi,110051,560,1499,62.6,1
2026-06-03-1401,2026-06-03,zepto,jivo-extra-light-olive-oil-1l,Delhi,110053,560,1499,62.6,1
2026-06-03-1401,2026-06-03,zepto,jivo-extra-light-olive-oil-1l,Delhi,110062,560,1499,62.6,1
2026-06-03-1401,2026-06-03,zepto,jivo-extra-light-olive-oil-1l,Delhi,110065,560,1499,62.6,1
2026-06-03-1401,2026-06-03,zepto,jivo-extra-light-olive-oil-1l,Delhi,110067,560,1499,62.6,1
2026-06-03-1401,2026-06-03,zepto,jivo-extra-light-olive-oil-1l,Delhi,110076,560,1499,62.6,1
2026-06-03-1401,2026-06-03,zepto,jivo-extra-light-olive-oil-1l,Delhi,110084,560,1499,62.6,1
2026-06-03-1401,2026-06-03,zepto,jivo-extra-light-olive-oil-1l,Delhi,110085,560,1499,62.6,1
2026-06-03-1401,2026-06-03,zepto,jivo-extra-light-olive-oil-1l,Delhi,110088,560,1499,62.6,1
2026-06-03-1401,2026-06-03,zepto,jivo-extra-light-olive-oil-1l,Delhi,110090,560,1499,62.6,1
2026-06-03-1401,2026-06-03,zepto,jivo-extra-light-olive-oil-1l,Delhi,110091,560,1499,62.6,1
2026-06-03-1401,2026-06-03,zepto,jivo-extra-light-olive-oil-1l,Delhi,110092,560,1499,62.6,1
2026-06-03-1401,2026-06-03,zepto,jivo-extra-light-olive-oil-1l,Delhi,110095,560,1499,62.6,1
2026-06-03-1401,2026-06-03,zepto,jivo-extra-light-olive-oil-1l,Faridabad,121001,560,1499,62.6,1
2026-06-03-1401,2026-06-03,zepto,jivo-extra-light-olive-oil-1l,Faridabad,121011,551,1499,63.2,1
2026-06-03-1401,2026-06-03,zepto,jivo-extra-light-olive-oil-1l,Gurgaon,122004,560,1499,62.6,1
2026-06-03-1401,2026-06-03,zepto,jivo-extra-light-olive-oil-1l,Gurgaon,122006,560,1499,62.6,1
2026-06-03-1401,2026-06-03,zepto,jivo-extra-light-olive-oil-1l,Gurgaon,122010,560,1499,62.6,1
2026-06-03-1401,2026-06-03,zepto,jivo-extra-light-olive-oil-1l,Gurgaon,122051,545,1499,63.6,1
2026-06-03-1401,2026-06-03,zepto,jivo-extra-light-olive-oil-1l,Gurgaon,122101,545,1499,63.6,1
2026-06-03-1401,2026-06-03,zepto,jivo-extra-light-olive-oil-1l,Ludhiana,141015,560,1499,62.6,1
2026-06-03-1401,2026-06-03,zepto,jivo-extra-light-olive-oil-1l,Ludhiana,142036,560,1499,62.6,1
2026-06-03-1401,2026-06-03,zepto,jivo-extra-light-olive-oil-1l,Chandigarh,160011,560,1499,62.6,1
2026-06-03-1401,2026-06-03,zepto,jivo-extra-light-olive-oil-1l,Chandigarh,160021,560,1499,62.6,1
2026-06-03-1401,2026-06-03,zepto,jivo-extra-light-olive-oil-1l,Chandigarh,160035,560,1499,62.6,1
2026-06-03-1401,2026-06-03,zepto,jivo-extra-light-olive-oil-1l,Chandigarh,160043,560,1499,62.6,1
2026-06-03-1401,2026-06-03,zepto,jivo-extra-light-olive-oil-1l,Ghaziabad,201003,557,1499,62.8,1
2026-06-03-1401,2026-06-03,zepto,jivo-extra-light-olive-oil-1l,Ghaziabad,201005,560,1499,62.6,1
2026-06-03-1401,2026-06-03,zepto,jivo-extra-light-olive-oil-1l,Ghaziabad,201009,556,1499,62.9,1
2026-06-03-1401,2026-06-03,zepto,jivo-extra-light-olive-oil-1l,Noida,201306,560,1499,62.6,1
2026-06-03-1401,2026-06-03,zepto,jivo-extra-light-olive-oil-1l,Noida,201307,560,1499,62.6,1
2026-06-03-1401,2026-06-03,zepto,jivo-extra-light-olive-oil-1l,Noida,201309,554,1499,63,1
2026-06-03-1401,2026-06-03,zepto,jivo-extra-light-olive-oil-1l,Mumbai,400003,560,1499,62.6,1
2026-06-03-1401,2026-06-03,zepto,jivo-extra-light-olive-oil-1l,Mumbai,400005,560,1499,62.6,1
2026-06-03-1401,2026-06-03,zepto,jivo-extra-light-olive-oil-1l,Mumbai,400006,560,1499,62.6,1
2026-06-03-1401,2026-06-03,zepto,jivo-extra-light-olive-oil-1l,Mumbai,400007,560,1499,62.6,1
2026-06-03-1401,2026-06-03,zepto,jivo-extra-light-olive-oil-1l,Mumbai,400010,560,1499,62.6,1
2026-06-03-1401,2026-06-03,zepto,jivo-extra-light-olive-oil-1l,Mumbai,400011,560,1499,62.6,1
2026-06-03-1401,2026-06-03,zepto,jivo-extra-light-olive-oil-1l,Mumbai,400012,560,1499,62.6,1
2026-06-03-1401,2026-06-03,zepto,jivo-extra-light-olive-oil-1l,Mumbai,400013,560,1499,62.6,1
2026-06-03-1401,2026-06-03,zepto,jivo-extra-light-olive-oil-1l,Mumbai,400015,560,1499,62.6,1
2026-06-03-1401,2026-06-03,zepto,jivo-extra-light-olive-oil-1l,Mumbai,400017,559,1499,62.7,1
2026-06-03-1401,2026-06-03,zepto,jivo-extra-light-olive-oil-1l,Mumbai,400018,560,1499,62.6,1
2026-06-03-1401,2026-06-03,zepto,jivo-extra-light-olive-oil-1l,Mumbai,400019,560,1499,62.6,1
2026-06-03-1401,2026-06-03,zepto,jivo-extra-light-olive-oil-1l,Mumbai,400020,560,1499,62.6,1
2026-06-03-1401,2026-06-03,zepto,jivo-extra-light-olive-oil-1l,Mumbai,400021,560,1499,62.6,1
2026-06-03-1401,2026-06-03,zepto,jivo-extra-light-olive-oil-1l,Mumbai,400023,560,1499,62.6,1
2026-06-03-1401,2026-06-03,zepto,jivo-extra-light-olive-oil-1l,Mumbai,400025,560,1499,62.6,1
2026-06-03-1401,2026-06-03,zepto,jivo-extra-light-olive-oil-1l,Mumbai,400030,560,1499,62.6,1
2026-06-03-1401,2026-06-03,zepto,jivo-extra-light-olive-oil-1l,Mumbai,400033,560,1499,62.6,1
2026-06-03-1401,2026-06-03,zepto,jivo-extra-light-olive-oil-1l,Mumbai,400041,559,1499,62.7,1
2026-06-03-1401,2026-06-03,zepto,jivo-extra-light-olive-oil-1l,Mumbai,400090,560,1499,62.6,1
2026-06-03-1401,2026-06-03,zepto,jivo-extra-light-olive-oil-1l,Mumbai,400601,550,1499,63.3,1
2026-06-03-1401,2026-06-03,zepto,jivo-extra-light-olive-oil-1l,Mumbai,400611,559,1499,62.7,1
2026-06-03-1401,2026-06-03,zepto,jivo-extra-light-olive-oil-1l,Mumbai,400703,560,1499,62.6,1
2026-06-03-1401,2026-06-03,zepto,jivo-extra-light-olive-oil-1l,Bengaluru,560014,560,1499,62.6,1
2026-06-03-1401,2026-06-03,zepto,jivo-extra-light-olive-oil-1l,Bengaluru,560069,555,1499,63,1
2026-06-03-1401,2026-06-03,zepto,jivo-extra-light-olive-oil-2l,Delhi,110010,1174,2799,58.1,1
2026-06-03-1401,2026-06-03,zepto,jivo-extra-light-olive-oil-2l,Delhi,110014,1174,2799,58.1,1
2026-06-03-1401,2026-06-03,zepto,jivo-extra-light-olive-oil-2l,Delhi,110031,1191,2799,57.4,1
2026-06-03-1401,2026-06-03,zepto,jivo-extra-light-olive-oil-2l,Delhi,110040,1174,2799,58.1,1
2026-06-03-1401,2026-06-03,zepto,jivo-extra-light-olive-oil-2l,Delhi,110042,1174,2799,58.1,1
2026-06-03-1401,2026-06-03,zepto,jivo-extra-light-olive-oil-2l,Delhi,110062,1174,2799,58.1,1
2026-06-03-1401,2026-06-03,zepto,jivo-extra-light-olive-oil-2l,Delhi,110067,1174,2799,58.1,1
2026-06-03-1401,2026-06-03,zepto,jivo-extra-light-olive-oil-2l,Delhi,110084,1134,2799,59.5,1
2026-06-03-1401,2026-06-03,zepto,jivo-extra-light-olive-oil-2l,Delhi,110088,1174,2799,58.1,1
2026-06-03-1401,2026-06-03,zepto,jivo-extra-light-olive-oil-2l,Delhi,110090,1174,2799,58.1,1
2026-06-03-1401,2026-06-03,zepto,jivo-extra-light-olive-oil-2l,Gurgaon,122051,1174,2799,58.1,1
2026-06-03-1401,2026-06-03,zepto,jivo-extra-light-olive-oil-2l,Gurgaon,122101,1174,2799,58.1,1
2026-06-03-1401,2026-06-03,zepto,jivo-extra-light-olive-oil-2l,Ghaziabad,201003,1174,2799,58.1,1
2026-06-03-1401,2026-06-03,zepto,jivo-extra-light-olive-oil-2l,Ghaziabad,201009,1174,2799,58.1,1
2026-06-03-1401,2026-06-03,zepto,jivo-extra-light-olive-oil-2l,Noida,201309,1139,2799,59.3,1
2026-06-03-1401,2026-06-03,zepto,jivo-extra-light-olive-oil-2l,Mumbai,400005,1181,2799,57.8,1
2026-06-03-1401,2026-06-03,zepto,jivo-extra-light-olive-oil-2l,Mumbai,400006,1191,2799,57.4,1
2026-06-03-1401,2026-06-03,zepto,jivo-extra-light-olive-oil-2l,Mumbai,400007,1181,2799,57.8,1
2026-06-03-1401,2026-06-03,zepto,jivo-extra-light-olive-oil-2l,Mumbai,400010,1191,2799,57.4,1
2026-06-03-1401,2026-06-03,zepto,jivo-extra-light-olive-oil-2l,Mumbai,400011,1147,2799,59,1
2026-06-03-1401,2026-06-03,zepto,jivo-extra-light-olive-oil-2l,Mumbai,400012,1191,2799,57.4,1
2026-06-03-1401,2026-06-03,zepto,jivo-extra-light-olive-oil-2l,Mumbai,400013,1191,2799,57.4,1
2026-06-03-1401,2026-06-03,zepto,jivo-extra-light-olive-oil-2l,Mumbai,400015,1191,2799,57.4,1
2026-06-03-1401,2026-06-03,zepto,jivo-extra-light-olive-oil-2l,Mumbai,400017,1181,2799,57.8,1
2026-06-03-1401,2026-06-03,zepto,jivo-extra-light-olive-oil-2l,Mumbai,400018,1181,2799,57.8,1
2026-06-03-1401,2026-06-03,zepto,jivo-extra-light-olive-oil-2l,Mumbai,400019,1181,2799,57.8,1
2026-06-03-1401,2026-06-03,zepto,jivo-extra-light-olive-oil-2l,Mumbai,400020,1147,2799,59,1
2026-06-03-1401,2026-06-03,zepto,jivo-extra-light-olive-oil-2l,Mumbai,400023,1191,2799,57.4,1
2026-06-03-1401,2026-06-03,zepto,jivo-extra-light-olive-oil-2l,Mumbai,400025,1181,2799,57.8,1
2026-06-03-1401,2026-06-03,zepto,jivo-extra-light-olive-oil-2l,Mumbai,400030,1191,2799,57.4,1
2026-06-03-1401,2026-06-03,zepto,jivo-extra-light-olive-oil-2l,Mumbai,400033,1191,2799,57.4,1
2026-06-03-1401,2026-06-03,zepto,jivo-extra-light-olive-oil-2l,Mumbai,400090,1181,2799,57.8,1
2026-06-03-1401,2026-06-03,zepto,jivo-extra-light-olive-oil-2l,Mumbai,400601,1181,2799,57.8,1
2026-06-03-1401,2026-06-03,zepto,jivo-extra-light-olive-oil-2l,Mumbai,400611,1181,2799,57.8,1
2026-06-03-1401,2026-06-03,zepto,jivo-extra-light-olive-oil-2l,Mumbai,400703,1191,2799,57.4,1
2026-06-03-1401,2026-06-03,zepto,jivo-extra-light-olive-oil-combo-1l,Delhi,110004,1120,2998,62.6,1
2026-06-03-1401,2026-06-03,zepto,jivo-extra-light-olive-oil-combo-1l,Delhi,110007,1120,2998,62.6,1
2026-06-03-1401,2026-06-03,zepto,jivo-extra-light-olive-oil-combo-1l,Delhi,110013,1120,2998,62.6,1
2026-06-03-1401,2026-06-03,zepto,jivo-extra-light-olive-oil-combo-1l,Delhi,110014,1120,2998,62.6,1
2026-06-03-1401,2026-06-03,zepto,jivo-extra-light-olive-oil-combo-1l,Delhi,110015,1120,2998,62.6,1
2026-06-03-1401,2026-06-03,zepto,jivo-extra-light-olive-oil-combo-1l,Delhi,110021,1120,2998,62.6,1
2026-06-03-1401,2026-06-03,zepto,jivo-extra-light-olive-oil-combo-1l,Delhi,110024,1120,2998,62.6,1
2026-06-03-1401,2026-06-03,zepto,jivo-extra-light-olive-oil-combo-1l,Delhi,110025,1120,2998,62.6,1
2026-06-03-1401,2026-06-03,zepto,jivo-extra-light-olive-oil-combo-1l,Delhi,110026,1120,2998,62.6,1
2026-06-03-1401,2026-06-03,zepto,jivo-extra-light-olive-oil-combo-1l,Delhi,110031,1120,2998,62.6,1
2026-06-03-1401,2026-06-03,zepto,jivo-extra-light-olive-oil-combo-1l,Delhi,110032,1120,2998,62.6,1
2026-06-03-1401,2026-06-03,zepto,jivo-extra-light-olive-oil-combo-1l,Delhi,110033,1120,2998,62.6,1
2026-06-03-1401,2026-06-03,zepto,jivo-extra-light-olive-oil-combo-1l,Delhi,110040,1120,2998,62.6,1
2026-06-03-1401,2026-06-03,zepto,jivo-extra-light-olive-oil-combo-1l,Delhi,110048,1120,2998,62.6,1
2026-06-03-1401,2026-06-03,zepto,jivo-extra-light-olive-oil-combo-1l,Delhi,110051,1120,2998,62.6,1
2026-06-03-1401,2026-06-03,zepto,jivo-extra-light-olive-oil-combo-1l,Delhi,110053,1120,2998,62.6,1
2026-06-03-1401,2026-06-03,zepto,jivo-extra-light-olive-oil-combo-1l,Delhi,110062,1120,2998,62.6,1
2026-06-03-1401,2026-06-03,zepto,jivo-extra-light-olive-oil-combo-1l,Delhi,110065,1120,2998,62.6,1
2026-06-03-1401,2026-06-03,zepto,jivo-extra-light-olive-oil-combo-1l,Delhi,110067,1120,2998,62.6,1
2026-06-03-1401,2026-06-03,zepto,jivo-extra-light-olive-oil-combo-1l,Delhi,110076,1120,2998,62.6,1
2026-06-03-1401,2026-06-03,zepto,jivo-extra-light-olive-oil-combo-1l,Delhi,110084,1120,2998,62.6,1
2026-06-03-1401,2026-06-03,zepto,jivo-extra-light-olive-oil-combo-1l,Delhi,110085,1120,2998,62.6,1
2026-06-03-1401,2026-06-03,zepto,jivo-extra-light-olive-oil-combo-1l,Delhi,110091,1120,2998,62.6,1
2026-06-03-1401,2026-06-03,zepto,jivo-extra-light-olive-oil-combo-1l,Delhi,110095,1120,2998,62.6,1
2026-06-03-1401,2026-06-03,zepto,jivo-extra-light-olive-oil-combo-1l,Gurgaon,122004,1120,2998,62.6,1
2026-06-03-1401,2026-06-03,zepto,jivo-extra-light-olive-oil-combo-1l,Gurgaon,122006,1120,2998,62.6,1
2026-06-03-1401,2026-06-03,zepto,jivo-extra-light-olive-oil-combo-1l,Gurgaon,122010,1120,2998,62.6,1
2026-06-03-1401,2026-06-03,zepto,jivo-extra-light-olive-oil-combo-1l,Gurgaon,122051,1090,2998,63.6,1
2026-06-03-1401,2026-06-03,zepto,jivo-extra-light-olive-oil-combo-1l,Gurgaon,122101,1090,2998,63.6,1
2026-06-03-1401,2026-06-03,zepto,jivo-extra-light-olive-oil-combo-1l,Noida,201306,1120,2998,62.6,1
2026-06-03-1401,2026-06-03,zepto,jivo-extra-light-olive-oil-combo-1l,Noida,201307,1120,2998,62.6,1
2026-06-03-1401,2026-06-03,zepto,jivo-extra-light-olive-oil-combo-1l,Noida,201309,1108,2998,63,1
2026-06-03-1401,2026-06-03,zepto,jivo-extra-light-olive-oil-combo-1l,Mumbai,400003,1120,2998,62.6,1
2026-06-03-1401,2026-06-03,zepto,jivo-extra-light-olive-oil-combo-1l,Mumbai,400005,1120,2998,62.6,1
2026-06-03-1401,2026-06-03,zepto,jivo-extra-light-olive-oil-combo-1l,Mumbai,400006,1120,2998,62.6,1
2026-06-03-1401,2026-06-03,zepto,jivo-extra-light-olive-oil-combo-1l,Mumbai,400007,1120,2998,62.6,1
2026-06-03-1401,2026-06-03,zepto,jivo-extra-light-olive-oil-combo-1l,Mumbai,400010,1120,2998,62.6,1
2026-06-03-1401,2026-06-03,zepto,jivo-extra-light-olive-oil-combo-1l,Mumbai,400011,1120,2998,62.6,1
2026-06-03-1401,2026-06-03,zepto,jivo-extra-light-olive-oil-combo-1l,Mumbai,400012,1120,2998,62.6,1
2026-06-03-1401,2026-06-03,zepto,jivo-extra-light-olive-oil-combo-1l,Mumbai,400013,1120,2998,62.6,1
2026-06-03-1401,2026-06-03,zepto,jivo-extra-light-olive-oil-combo-1l,Mumbai,400015,1120,2998,62.6,1
2026-06-03-1401,2026-06-03,zepto,jivo-extra-light-olive-oil-combo-1l,Mumbai,400019,1120,2998,62.6,1
2026-06-03-1401,2026-06-03,zepto,jivo-extra-light-olive-oil-combo-1l,Mumbai,400020,1120,2998,62.6,1
2026-06-03-1401,2026-06-03,zepto,jivo-extra-light-olive-oil-combo-1l,Mumbai,400021,1120,2998,62.6,1
2026-06-03-1401,2026-06-03,zepto,jivo-extra-light-olive-oil-combo-1l,Mumbai,400023,1120,2998,62.6,1
2026-06-03-1401,2026-06-03,zepto,jivo-extra-light-olive-oil-combo-1l,Mumbai,400030,1120,2998,62.6,1
2026-06-03-1401,2026-06-03,zepto,jivo-extra-light-olive-oil-combo-1l,Mumbai,400033,1120,2998,62.6,1
2026-06-03-1401,2026-06-03,zepto,jivo-extra-light-olive-oil-combo-1l,Mumbai,400041,1118,2998,62.7,1
2026-06-03-1401,2026-06-03,zepto,jivo-extra-light-olive-oil-combo-1l,Mumbai,400601,1100,2998,63.3,1
2026-06-03-1401,2026-06-03,zepto,jivo-extra-light-olive-oil-combo-1l,Mumbai,400611,1118,2998,62.7,1
2026-06-03-1401,2026-06-03,zepto,jivo-extra-light-olive-oil-combo-1l,Mumbai,400703,1120,2998,62.6,1
2026-06-03-1401,2026-06-03,zepto,jivo-extra-light-olive-oil-combo-2l,Delhi,110014,2348,5598,58.1,1
2026-06-03-1401,2026-06-03,zepto,jivo-extra-light-olive-oil-combo-2l,Delhi,110040,2348,5598,58.1,1
2026-06-03-1401,2026-06-03,zepto,jivo-extra-light-olive-oil-combo-2l,Delhi,110062,2348,5598,58.1,1
2026-06-03-1401,2026-06-03,zepto,jivo-extra-light-olive-oil-combo-2l,Delhi,110084,2268,5598,59.5,1
2026-06-03-1401,2026-06-03,zepto,jivo-extra-light-olive-oil-combo-2l,Gurgaon,122051,2348,5598,58.1,1
2026-06-03-1401,2026-06-03,zepto,jivo-extra-light-olive-oil-combo-2l,Gurgaon,122101,2348,5598,58.1,1
2026-06-03-1401,2026-06-03,zepto,jivo-extra-light-olive-oil-combo-2l,Mumbai,400005,2362,5598,57.8,1
2026-06-03-1401,2026-06-03,zepto,jivo-extra-light-olive-oil-combo-2l,Mumbai,400006,2382,5598,57.4,1
2026-06-03-1401,2026-06-03,zepto,jivo-extra-light-olive-oil-combo-2l,Mumbai,400007,2362,5598,57.8,1
2026-06-03-1401,2026-06-03,zepto,jivo-extra-light-olive-oil-combo-2l,Mumbai,400010,2382,5598,57.4,1
2026-06-03-1401,2026-06-03,zepto,jivo-extra-light-olive-oil-combo-2l,Mumbai,400012,2382,5598,57.4,1
2026-06-03-1401,2026-06-03,zepto,jivo-extra-light-olive-oil-combo-2l,Mumbai,400019,2362,5598,57.8,1
2026-06-03-1401,2026-06-03,zepto,jivo-extra-light-olive-oil-combo-2l,Mumbai,400033,2382,5598,57.4,1
2026-06-03-1401,2026-06-03,zepto,jivo-extra-light-olive-oil-combo-2l,Mumbai,400090,2362,5598,57.8,1
2026-06-03-1401,2026-06-03,zepto,jivo-extra-light-olive-oil-combo-2l,Mumbai,400601,2362,5598,57.8,1
2026-06-03-1401,2026-06-03,zepto,jivo-extra-light-olive-oil-combo-2l,Mumbai,400611,2362,5598,57.8,1
2026-06-03-1401,2026-06-03,zepto,jivo-groundnut-cold-pressed-oil-healthy-cooking-oil-1l,Delhi,110004,230,560,58.9,1
2026-06-03-1401,2026-06-03,zepto,jivo-groundnut-cold-pressed-oil-healthy-cooking-oil-1l,Delhi,110006,230,560,58.9,1
2026-06-03-1401,2026-06-03,zepto,jivo-groundnut-cold-pressed-oil-healthy-cooking-oil-1l,Delhi,110007,230,560,58.9,1
2026-06-03-1401,2026-06-03,zepto,jivo-groundnut-cold-pressed-oil-healthy-cooking-oil-1l,Delhi,110008,230,560,58.9,1
2026-06-03-1401,2026-06-03,zepto,jivo-groundnut-cold-pressed-oil-healthy-cooking-oil-1l,Delhi,110009,230,560,58.9,1
2026-06-03-1401,2026-06-03,zepto,jivo-groundnut-cold-pressed-oil-healthy-cooking-oil-1l,Delhi,110010,230,560,58.9,1
2026-06-03-1401,2026-06-03,zepto,jivo-groundnut-cold-pressed-oil-healthy-cooking-oil-1l,Delhi,110013,230,560,58.9,1
2026-06-03-1401,2026-06-03,zepto,jivo-groundnut-cold-pressed-oil-healthy-cooking-oil-1l,Delhi,110014,230,560,58.9,1
2026-06-03-1401,2026-06-03,zepto,jivo-groundnut-cold-pressed-oil-healthy-cooking-oil-1l,Delhi,110015,230,560,58.9,1
2026-06-03-1401,2026-06-03,zepto,jivo-groundnut-cold-pressed-oil-healthy-cooking-oil-1l,Delhi,110017,230,560,58.9,1
2026-06-03-1401,2026-06-03,zepto,jivo-groundnut-cold-pressed-oil-healthy-cooking-oil-1l,Delhi,110018,230,560,58.9,1
2026-06-03-1401,2026-06-03,zepto,jivo-groundnut-cold-pressed-oil-healthy-cooking-oil-1l,Delhi,110021,230,560,58.9,1
2026-06-03-1401,2026-06-03,zepto,jivo-groundnut-cold-pressed-oil-healthy-cooking-oil-1l,Delhi,110024,230,560,58.9,1
2026-06-03-1401,2026-06-03,zepto,jivo-groundnut-cold-pressed-oil-healthy-cooking-oil-1l,Delhi,110025,230,560,58.9,1
2026-06-03-1401,2026-06-03,zepto,jivo-groundnut-cold-pressed-oil-healthy-cooking-oil-1l,Delhi,110026,230,560,58.9,1
2026-06-03-1401,2026-06-03,zepto,jivo-groundnut-cold-pressed-oil-healthy-cooking-oil-1l,Delhi,110031,230,560,58.9,1
2026-06-03-1401,2026-06-03,zepto,jivo-groundnut-cold-pressed-oil-healthy-cooking-oil-1l,Delhi,110032,230,560,58.9,1
2026-06-03-1401,2026-06-03,zepto,jivo-groundnut-cold-pressed-oil-healthy-cooking-oil-1l,Delhi,110033,230,560,58.9,1
2026-06-03-1401,2026-06-03,zepto,jivo-groundnut-cold-pressed-oil-healthy-cooking-oil-1l,Delhi,110035,230,560,58.9,1
2026-06-03-1401,2026-06-03,zepto,jivo-groundnut-cold-pressed-oil-healthy-cooking-oil-1l,Delhi,110040,230,560,58.9,1
2026-06-03-1401,2026-06-03,zepto,jivo-groundnut-cold-pressed-oil-healthy-cooking-oil-1l,Delhi,110042,230,560,58.9,1
2026-06-03-1401,2026-06-03,zepto,jivo-groundnut-cold-pressed-oil-healthy-cooking-oil-1l,Delhi,110046,230,560,58.9,1
2026-06-03-1401,2026-06-03,zepto,jivo-groundnut-cold-pressed-oil-healthy-cooking-oil-1l,Delhi,110048,230,560,58.9,1
2026-06-03-1401,2026-06-03,zepto,jivo-groundnut-cold-pressed-oil-healthy-cooking-oil-1l,Delhi,110051,230,560,58.9,1
2026-06-03-1401,2026-06-03,zepto,jivo-groundnut-cold-pressed-oil-healthy-cooking-oil-1l,Delhi,110053,230,560,58.9,1
2026-06-03-1401,2026-06-03,zepto,jivo-groundnut-cold-pressed-oil-healthy-cooking-oil-1l,Delhi,110062,230,560,58.9,1
2026-06-03-1401,2026-06-03,zepto,jivo-groundnut-cold-pressed-oil-healthy-cooking-oil-1l,Delhi,110065,230,560,58.9,1
2026-06-03-1401,2026-06-03,zepto,jivo-groundnut-cold-pressed-oil-healthy-cooking-oil-1l,Delhi,110067,230,560,58.9,1
2026-06-03-1401,2026-06-03,zepto,jivo-groundnut-cold-pressed-oil-healthy-cooking-oil-1l,Delhi,110076,230,560,58.9,1
2026-06-03-1401,2026-06-03,zepto,jivo-groundnut-cold-pressed-oil-healthy-cooking-oil-1l,Delhi,110084,230,560,58.9,1
2026-06-03-1401,2026-06-03,zepto,jivo-groundnut-cold-pressed-oil-healthy-cooking-oil-1l,Delhi,110085,230,560,58.9,1
2026-06-03-1401,2026-06-03,zepto,jivo-groundnut-cold-pressed-oil-healthy-cooking-oil-1l,Delhi,110090,229,560,59.1,1
2026-06-03-1401,2026-06-03,zepto,jivo-groundnut-cold-pressed-oil-healthy-cooking-oil-1l,Delhi,110091,230,560,58.9,1
2026-06-03-1401,2026-06-03,zepto,jivo-groundnut-cold-pressed-oil-healthy-cooking-oil-1l,Delhi,110092,230,560,58.9,1
2026-06-03-1401,2026-06-03,zepto,jivo-groundnut-cold-pressed-oil-healthy-cooking-oil-1l,Delhi,110095,230,560,58.9,1
2026-06-03-1401,2026-06-03,zepto,jivo-groundnut-cold-pressed-oil-healthy-cooking-oil-1l,Faridabad,121001,223,560,60.2,1
2026-06-03-1401,2026-06-03,zepto,jivo-groundnut-cold-pressed-oil-healthy-cooking-oil-1l,Faridabad,121011,223,560,60.2,1
2026-06-03-1401,2026-06-03,zepto,jivo-groundnut-cold-pressed-oil-healthy-cooking-oil-1l,Gurgaon,122004,228,560,59.3,1
2026-06-03-1401,2026-06-03,zepto,jivo-groundnut-cold-pressed-oil-healthy-cooking-oil-1l,Gurgaon,122006,228,560,59.3,1
2026-06-03-1401,2026-06-03,zepto,jivo-groundnut-cold-pressed-oil-healthy-cooking-oil-1l,Gurgaon,122010,228,560,59.3,1
2026-06-03-1401,2026-06-03,zepto,jivo-groundnut-cold-pressed-oil-healthy-cooking-oil-1l,Gurgaon,122051,227,560,59.5,1
2026-06-03-1401,2026-06-03,zepto,jivo-groundnut-cold-pressed-oil-healthy-cooking-oil-1l,Gurgaon,122101,227,560,59.5,1
2026-06-03-1401,2026-06-03,zepto,jivo-groundnut-cold-pressed-oil-healthy-cooking-oil-1l,Ghaziabad,201003,222,560,60.4,1
2026-06-03-1401,2026-06-03,zepto,jivo-groundnut-cold-pressed-oil-healthy-cooking-oil-1l,Ghaziabad,201005,222,560,60.4,1
2026-06-03-1401,2026-06-03,zepto,jivo-groundnut-cold-pressed-oil-healthy-cooking-oil-1l,Ghaziabad,201009,222,560,60.4,1
2026-06-03-1401,2026-06-03,zepto,jivo-groundnut-cold-pressed-oil-healthy-cooking-oil-1l,Noida,201306,223,560,60.2,1
2026-06-03-1401,2026-06-03,zepto,jivo-groundnut-cold-pressed-oil-healthy-cooking-oil-1l,Noida,201307,222,560,60.4,1
2026-06-03-1401,2026-06-03,zepto,jivo-groundnut-cold-pressed-oil-healthy-cooking-oil-1l,Noida,201309,221,560,60.5,1
2026-06-03-1401,2026-06-03,zepto,jivo-groundnut-cold-pressed-oil-healthy-cooking-oil-1l,Mumbai,400003,230,560,58.9,1
2026-06-03-1401,2026-06-03,zepto,jivo-groundnut-cold-pressed-oil-healthy-cooking-oil-1l,Mumbai,400005,230,560,58.9,1
2026-06-03-1401,2026-06-03,zepto,jivo-groundnut-cold-pressed-oil-healthy-cooking-oil-1l,Mumbai,400006,230,560,58.9,1
2026-06-03-1401,2026-06-03,zepto,jivo-groundnut-cold-pressed-oil-healthy-cooking-oil-1l,Mumbai,400007,230,560,58.9,1
2026-06-03-1401,2026-06-03,zepto,jivo-groundnut-cold-pressed-oil-healthy-cooking-oil-1l,Mumbai,400010,230,560,58.9,1
2026-06-03-1401,2026-06-03,zepto,jivo-groundnut-cold-pressed-oil-healthy-cooking-oil-1l,Mumbai,400011,230,560,58.9,1
2026-06-03-1401,2026-06-03,zepto,jivo-groundnut-cold-pressed-oil-healthy-cooking-oil-1l,Mumbai,400012,230,560,58.9,1
2026-06-03-1401,2026-06-03,zepto,jivo-groundnut-cold-pressed-oil-healthy-cooking-oil-1l,Mumbai,400013,230,560,58.9,1
2026-06-03-1401,2026-06-03,zepto,jivo-groundnut-cold-pressed-oil-healthy-cooking-oil-1l,Mumbai,400015,230,560,58.9,1
2026-06-03-1401,2026-06-03,zepto,jivo-groundnut-cold-pressed-oil-healthy-cooking-oil-1l,Mumbai,400017,230,560,58.9,1
2026-06-03-1401,2026-06-03,zepto,jivo-groundnut-cold-pressed-oil-healthy-cooking-oil-1l,Mumbai,400018,230,560,58.9,1
2026-06-03-1401,2026-06-03,zepto,jivo-groundnut-cold-pressed-oil-healthy-cooking-oil-1l,Mumbai,400019,230,560,58.9,1
2026-06-03-1401,2026-06-03,zepto,jivo-groundnut-cold-pressed-oil-healthy-cooking-oil-1l,Mumbai,400020,230,560,58.9,1
2026-06-03-1401,2026-06-03,zepto,jivo-groundnut-cold-pressed-oil-healthy-cooking-oil-1l,Mumbai,400021,230,560,58.9,1
2026-06-03-1401,2026-06-03,zepto,jivo-groundnut-cold-pressed-oil-healthy-cooking-oil-1l,Mumbai,400023,230,560,58.9,1
2026-06-03-1401,2026-06-03,zepto,jivo-groundnut-cold-pressed-oil-healthy-cooking-oil-1l,Mumbai,400025,230,560,58.9,1
2026-06-03-1401,2026-06-03,zepto,jivo-groundnut-cold-pressed-oil-healthy-cooking-oil-1l,Mumbai,400030,230,560,58.9,1
2026-06-03-1401,2026-06-03,zepto,jivo-groundnut-cold-pressed-oil-healthy-cooking-oil-1l,Mumbai,400033,230,560,58.9,1
2026-06-03-1401,2026-06-03,zepto,jivo-groundnut-cold-pressed-oil-healthy-cooking-oil-1l,Mumbai,400041,230,560,58.9,1
2026-06-03-1401,2026-06-03,zepto,jivo-groundnut-cold-pressed-oil-healthy-cooking-oil-1l,Mumbai,400090,230,560,58.9,1
2026-06-03-1401,2026-06-03,zepto,jivo-groundnut-cold-pressed-oil-healthy-cooking-oil-1l,Mumbai,400601,230,560,58.9,1
2026-06-03-1401,2026-06-03,zepto,jivo-groundnut-cold-pressed-oil-healthy-cooking-oil-1l,Mumbai,400611,230,560,58.9,1
2026-06-03-1401,2026-06-03,zepto,jivo-groundnut-cold-pressed-oil-healthy-cooking-oil-1l,Mumbai,400703,230,560,58.9,1
2026-06-03-1401,2026-06-03,zepto,jivo-groundnut-cold-pressed-oil-healthy-cooking-oil-1l,Bengaluru,560014,230,560,58.9,1
2026-06-03-1401,2026-06-03,zepto,jivo-groundnut-cold-pressed-oil-healthy-cooking-oil-1l,Bengaluru,560069,230,560,58.9,1
2026-06-03-1401,2026-06-03,zepto,jivo-groundnut-peanut-cold-pressed-heathy-cooking-oil-na,Delhi,110004,49,150,67.3,1
2026-06-03-1401,2026-06-03,zepto,jivo-groundnut-peanut-cold-pressed-heathy-cooking-oil-na,Delhi,110010,49,150,67.3,1
2026-06-03-1401,2026-06-03,zepto,jivo-groundnut-peanut-cold-pressed-heathy-cooking-oil-na,Delhi,110013,49,150,67.3,1
2026-06-03-1401,2026-06-03,zepto,jivo-groundnut-peanut-cold-pressed-heathy-cooking-oil-na,Delhi,110014,49,150,67.3,1
2026-06-03-1401,2026-06-03,zepto,jivo-groundnut-peanut-cold-pressed-heathy-cooking-oil-na,Delhi,110018,49,150,67.3,1
2026-06-03-1401,2026-06-03,zepto,jivo-groundnut-peanut-cold-pressed-heathy-cooking-oil-na,Delhi,110021,49,150,67.3,1
2026-06-03-1401,2026-06-03,zepto,jivo-groundnut-peanut-cold-pressed-heathy-cooking-oil-na,Delhi,110024,49,150,67.3,1
2026-06-03-1401,2026-06-03,zepto,jivo-groundnut-peanut-cold-pressed-heathy-cooking-oil-na,Delhi,110025,49,150,67.3,1
2026-06-03-1401,2026-06-03,zepto,jivo-groundnut-peanut-cold-pressed-heathy-cooking-oil-na,Delhi,110026,49,150,67.3,1
2026-06-03-1401,2026-06-03,zepto,jivo-groundnut-peanut-cold-pressed-heathy-cooking-oil-na,Delhi,110032,49,150,67.3,1
2026-06-03-1401,2026-06-03,zepto,jivo-groundnut-peanut-cold-pressed-heathy-cooking-oil-na,Delhi,110033,49,150,67.3,1
2026-06-03-1401,2026-06-03,zepto,jivo-groundnut-peanut-cold-pressed-heathy-cooking-oil-na,Delhi,110042,49,150,67.3,1
2026-06-03-1401,2026-06-03,zepto,jivo-groundnut-peanut-cold-pressed-heathy-cooking-oil-na,Delhi,110046,49,150,67.3,1
2026-06-03-1401,2026-06-03,zepto,jivo-groundnut-peanut-cold-pressed-heathy-cooking-oil-na,Delhi,110048,49,150,67.3,1
2026-06-03-1401,2026-06-03,zepto,jivo-groundnut-peanut-cold-pressed-heathy-cooking-oil-na,Delhi,110051,49,150,67.3,1
2026-06-03-1401,2026-06-03,zepto,jivo-groundnut-peanut-cold-pressed-heathy-cooking-oil-na,Delhi,110053,49,150,67.3,1
2026-06-03-1401,2026-06-03,zepto,jivo-groundnut-peanut-cold-pressed-heathy-cooking-oil-na,Delhi,110062,49,150,67.3,1
2026-06-03-1401,2026-06-03,zepto,jivo-groundnut-peanut-cold-pressed-heathy-cooking-oil-na,Delhi,110065,49,150,67.3,1
2026-06-03-1401,2026-06-03,zepto,jivo-groundnut-peanut-cold-pressed-heathy-cooking-oil-na,Delhi,110084,49,150,67.3,1
2026-06-03-1401,2026-06-03,zepto,jivo-groundnut-peanut-cold-pressed-heathy-cooking-oil-na,Delhi,110085,49,150,67.3,1
2026-06-03-1401,2026-06-03,zepto,jivo-groundnut-peanut-cold-pressed-heathy-cooking-oil-na,Delhi,110090,49,150,67.3,1
2026-06-03-1401,2026-06-03,zepto,jivo-groundnut-peanut-cold-pressed-heathy-cooking-oil-na,Delhi,110091,49,150,67.3,1
2026-06-03-1401,2026-06-03,zepto,jivo-groundnut-peanut-cold-pressed-heathy-cooking-oil-na,Delhi,110095,49,150,67.3,1
2026-06-03-1401,2026-06-03,zepto,jivo-groundnut-peanut-cold-pressed-heathy-cooking-oil-na,Gurgaon,122004,49,150,67.3,1
2026-06-03-1401,2026-06-03,zepto,jivo-groundnut-peanut-cold-pressed-heathy-cooking-oil-na,Gurgaon,122006,49,150,67.3,1
2026-06-03-1401,2026-06-03,zepto,jivo-groundnut-peanut-cold-pressed-heathy-cooking-oil-na,Gurgaon,122010,49,150,67.3,1
2026-06-03-1401,2026-06-03,zepto,jivo-groundnut-peanut-cold-pressed-heathy-cooking-oil-na,Gurgaon,122051,49,150,67.3,1
2026-06-03-1401,2026-06-03,zepto,jivo-groundnut-peanut-cold-pressed-heathy-cooking-oil-na,Gurgaon,122101,49,150,67.3,1
2026-06-03-1401,2026-06-03,zepto,jivo-groundnut-peanut-cold-pressed-heathy-cooking-oil-na,Jaipur,302016,49,150,67.3,1
2026-06-03-1401,2026-06-03,zepto,jivo-groundnut-peanut-cold-pressed-heathy-cooking-oil-na,Jaipur,302017,49,150,67.3,1
2026-06-03-1401,2026-06-03,zepto,jivo-groundnut-peanut-cold-pressed-heathy-cooking-oil-na,Jaipur,302018,49,150,67.3,1
2026-06-03-1401,2026-06-03,zepto,jivo-groundnut-peanut-cold-pressed-heathy-cooking-oil-na,Jaipur,302020,49,150,67.3,1
2026-06-03-1401,2026-06-03,zepto,jivo-groundnut-peanut-cold-pressed-heathy-cooking-oil-na,Jaipur,302021,49,150,67.3,1
2026-06-03-1401,2026-06-03,zepto,jivo-groundnut-peanut-cold-pressed-heathy-cooking-oil-na,Jaipur,302022,49,150,67.3,1
2026-06-03-1401,2026-06-03,zepto,jivo-groundnut-peanut-cold-pressed-heathy-cooking-oil-na,Jaipur,302023,49,150,67.3,1
2026-06-03-1401,2026-06-03,zepto,jivo-groundnut-peanut-cold-pressed-heathy-cooking-oil-na,Jaipur,302024,49,150,67.3,1
2026-06-03-1401,2026-06-03,zepto,jivo-groundnut-peanut-cold-pressed-heathy-cooking-oil-na,Jaipur,302025,49,150,67.3,1
2026-06-03-1401,2026-06-03,zepto,jivo-groundnut-peanut-cold-pressed-heathy-cooking-oil-na,Jaipur,302032,49,150,67.3,1
2026-06-03-1401,2026-06-03,zepto,jivo-groundnut-peanut-cold-pressed-heathy-cooking-oil-na,Jaipur,303602,49,150,67.3,1
2026-06-03-1401,2026-06-03,zepto,jivo-groundnut-peanut-cold-pressed-heathy-cooking-oil-na,Mumbai,400003,49,150,67.3,1
2026-06-03-1401,2026-06-03,zepto,jivo-groundnut-peanut-cold-pressed-heathy-cooking-oil-na,Mumbai,400005,49,150,67.3,1
2026-06-03-1401,2026-06-03,zepto,jivo-groundnut-peanut-cold-pressed-heathy-cooking-oil-na,Mumbai,400006,49,150,67.3,1
2026-06-03-1401,2026-06-03,zepto,jivo-groundnut-peanut-cold-pressed-heathy-cooking-oil-na,Mumbai,400007,49,150,67.3,1
2026-06-03-1401,2026-06-03,zepto,jivo-groundnut-peanut-cold-pressed-heathy-cooking-oil-na,Mumbai,400010,49,150,67.3,1
2026-06-03-1401,2026-06-03,zepto,jivo-groundnut-peanut-cold-pressed-heathy-cooking-oil-na,Mumbai,400011,49,150,67.3,1
2026-06-03-1401,2026-06-03,zepto,jivo-groundnut-peanut-cold-pressed-heathy-cooking-oil-na,Mumbai,400012,49,150,67.3,1
2026-06-03-1401,2026-06-03,zepto,jivo-groundnut-peanut-cold-pressed-heathy-cooking-oil-na,Mumbai,400013,49,150,67.3,1
2026-06-03-1401,2026-06-03,zepto,jivo-groundnut-peanut-cold-pressed-heathy-cooking-oil-na,Mumbai,400015,49,150,67.3,1
2026-06-03-1401,2026-06-03,zepto,jivo-groundnut-peanut-cold-pressed-heathy-cooking-oil-na,Mumbai,400017,49,150,67.3,1
2026-06-03-1401,2026-06-03,zepto,jivo-groundnut-peanut-cold-pressed-heathy-cooking-oil-na,Mumbai,400018,49,150,67.3,1
2026-06-03-1401,2026-06-03,zepto,jivo-groundnut-peanut-cold-pressed-heathy-cooking-oil-na,Mumbai,400019,49,150,67.3,1
2026-06-03-1401,2026-06-03,zepto,jivo-groundnut-peanut-cold-pressed-heathy-cooking-oil-na,Mumbai,400020,49,150,67.3,1
2026-06-03-1401,2026-06-03,zepto,jivo-groundnut-peanut-cold-pressed-heathy-cooking-oil-na,Mumbai,400021,49,150,67.3,1
2026-06-03-1401,2026-06-03,zepto,jivo-groundnut-peanut-cold-pressed-heathy-cooking-oil-na,Mumbai,400023,49,150,67.3,1
2026-06-03-1401,2026-06-03,zepto,jivo-groundnut-peanut-cold-pressed-heathy-cooking-oil-na,Mumbai,400025,49,150,67.3,1
2026-06-03-1401,2026-06-03,zepto,jivo-groundnut-peanut-cold-pressed-heathy-cooking-oil-na,Mumbai,400030,49,150,67.3,1
2026-06-03-1401,2026-06-03,zepto,jivo-groundnut-peanut-cold-pressed-heathy-cooking-oil-na,Mumbai,400033,49,150,67.3,1
2026-06-03-1401,2026-06-03,zepto,jivo-groundnut-peanut-cold-pressed-heathy-cooking-oil-na,Mumbai,400041,49,150,67.3,1
2026-06-03-1401,2026-06-03,zepto,jivo-groundnut-peanut-cold-pressed-heathy-cooking-oil-na,Mumbai,400090,49,150,67.3,1
2026-06-03-1401,2026-06-03,zepto,jivo-groundnut-peanut-cold-pressed-heathy-cooking-oil-na,Mumbai,400611,49,150,67.3,1
2026-06-03-1401,2026-06-03,zepto,jivo-groundnut-peanut-cold-pressed-heathy-cooking-oil-na,Indore,452001,49,150,67.3,1
2026-06-03-1401,2026-06-03,zepto,jivo-kachi-ghani-mustard-cold-pressed-oil-healthy-cooking-oil-1l,Delhi,110006,180,255,29.4,1
2026-06-03-1401,2026-06-03,zepto,jivo-kachi-ghani-mustard-cold-pressed-oil-healthy-cooking-oil-1l,Delhi,110007,180,255,29.4,1
2026-06-03-1401,2026-06-03,zepto,jivo-kachi-ghani-mustard-cold-pressed-oil-healthy-cooking-oil-1l,Delhi,110008,180,255,29.4,1
2026-06-03-1401,2026-06-03,zepto,jivo-kachi-ghani-mustard-cold-pressed-oil-healthy-cooking-oil-1l,Delhi,110009,180,255,29.4,1
2026-06-03-1401,2026-06-03,zepto,jivo-kachi-ghani-mustard-cold-pressed-oil-healthy-cooking-oil-1l,Delhi,110010,180,255,29.4,1
2026-06-03-1401,2026-06-03,zepto,jivo-kachi-ghani-mustard-cold-pressed-oil-healthy-cooking-oil-1l,Delhi,110013,181,255,29,1
2026-06-03-1401,2026-06-03,zepto,jivo-kachi-ghani-mustard-cold-pressed-oil-healthy-cooking-oil-1l,Delhi,110014,180,255,29.4,1
2026-06-03-1401,2026-06-03,zepto,jivo-kachi-ghani-mustard-cold-pressed-oil-healthy-cooking-oil-1l,Delhi,110015,181,255,29,1
2026-06-03-1401,2026-06-03,zepto,jivo-kachi-ghani-mustard-cold-pressed-oil-healthy-cooking-oil-1l,Delhi,110018,181,255,29,1
2026-06-03-1401,2026-06-03,zepto,jivo-kachi-ghani-mustard-cold-pressed-oil-healthy-cooking-oil-1l,Delhi,110021,181,255,29,1
2026-06-03-1401,2026-06-03,zepto,jivo-kachi-ghani-mustard-cold-pressed-oil-healthy-cooking-oil-1l,Delhi,110024,181,255,29,1
2026-06-03-1401,2026-06-03,zepto,jivo-kachi-ghani-mustard-cold-pressed-oil-healthy-cooking-oil-1l,Delhi,110025,179,255,29.8,1
2026-06-03-1401,2026-06-03,zepto,jivo-kachi-ghani-mustard-cold-pressed-oil-healthy-cooking-oil-1l,Delhi,110026,181,255,29,1
2026-06-03-1401,2026-06-03,zepto,jivo-kachi-ghani-mustard-cold-pressed-oil-healthy-cooking-oil-1l,Delhi,110031,180,255,29.4,1
2026-06-03-1401,2026-06-03,zepto,jivo-kachi-ghani-mustard-cold-pressed-oil-healthy-cooking-oil-1l,Delhi,110032,180,255,29.4,1
2026-06-03-1401,2026-06-03,zepto,jivo-kachi-ghani-mustard-cold-pressed-oil-healthy-cooking-oil-1l,Delhi,110035,180,255,29.4,1
2026-06-03-1401,2026-06-03,zepto,jivo-kachi-ghani-mustard-cold-pressed-oil-healthy-cooking-oil-1l,Delhi,110042,181,255,29,1
2026-06-03-1401,2026-06-03,zepto,jivo-kachi-ghani-mustard-cold-pressed-oil-healthy-cooking-oil-1l,Delhi,110046,181,255,29,1
2026-06-03-1401,2026-06-03,zepto,jivo-kachi-ghani-mustard-cold-pressed-oil-healthy-cooking-oil-1l,Delhi,110048,181,255,29,1
2026-06-03-1401,2026-06-03,zepto,jivo-kachi-ghani-mustard-cold-pressed-oil-healthy-cooking-oil-1l,Delhi,110051,180,255,29.4,1
2026-06-03-1401,2026-06-03,zepto,jivo-kachi-ghani-mustard-cold-pressed-oil-healthy-cooking-oil-1l,Delhi,110053,180,255,29.4,1
2026-06-03-1401,2026-06-03,zepto,jivo-kachi-ghani-mustard-cold-pressed-oil-healthy-cooking-oil-1l,Delhi,110062,180,255,29.4,1
2026-06-03-1401,2026-06-03,zepto,jivo-kachi-ghani-mustard-cold-pressed-oil-healthy-cooking-oil-1l,Delhi,110065,181,255,29,1
2026-06-03-1401,2026-06-03,zepto,jivo-kachi-ghani-mustard-cold-pressed-oil-healthy-cooking-oil-1l,Delhi,110067,181,255,29,1
2026-06-03-1401,2026-06-03,zepto,jivo-kachi-ghani-mustard-cold-pressed-oil-healthy-cooking-oil-1l,Delhi,110076,180,255,29.4,1
2026-06-03-1401,2026-06-03,zepto,jivo-kachi-ghani-mustard-cold-pressed-oil-healthy-cooking-oil-1l,Delhi,110084,181,255,29,1
2026-06-03-1401,2026-06-03,zepto,jivo-kachi-ghani-mustard-cold-pressed-oil-healthy-cooking-oil-1l,Delhi,110085,180,255,29.4,1
2026-06-03-1401,2026-06-03,zepto,jivo-kachi-ghani-mustard-cold-pressed-oil-healthy-cooking-oil-1l,Delhi,110090,181,255,29,1
2026-06-03-1401,2026-06-03,zepto,jivo-kachi-ghani-mustard-cold-pressed-oil-healthy-cooking-oil-1l,Delhi,110091,180,255,29.4,1
2026-06-03-1401,2026-06-03,zepto,jivo-kachi-ghani-mustard-cold-pressed-oil-healthy-cooking-oil-1l,Delhi,110092,180,255,29.4,1
2026-06-03-1401,2026-06-03,zepto,jivo-kachi-ghani-mustard-cold-pressed-oil-healthy-cooking-oil-1l,Delhi,110095,180,255,29.4,1
2026-06-03-1401,2026-06-03,zepto,jivo-kachi-ghani-mustard-cold-pressed-oil-healthy-cooking-oil-1l,Faridabad,121001,181,255,29,1
2026-06-03-1401,2026-06-03,zepto,jivo-kachi-ghani-mustard-cold-pressed-oil-healthy-cooking-oil-1l,Faridabad,121011,181,255,29,1
2026-06-03-1401,2026-06-03,zepto,jivo-kachi-ghani-mustard-cold-pressed-oil-healthy-cooking-oil-1l,Gurgaon,122004,181,255,29,1
2026-06-03-1401,2026-06-03,zepto,jivo-kachi-ghani-mustard-cold-pressed-oil-healthy-cooking-oil-1l,Gurgaon,122006,181,255,29,1
2026-06-03-1401,2026-06-03,zepto,jivo-kachi-ghani-mustard-cold-pressed-oil-healthy-cooking-oil-1l,Gurgaon,122010,181,255,29,1
2026-06-03-1401,2026-06-03,zepto,jivo-kachi-ghani-mustard-cold-pressed-oil-healthy-cooking-oil-1l,Gurgaon,122051,181,255,29,1
2026-06-03-1401,2026-06-03,zepto,jivo-kachi-ghani-mustard-cold-pressed-oil-healthy-cooking-oil-1l,Gurgaon,122101,181,255,29,1
2026-06-03-1401,2026-06-03,zepto,jivo-kachi-ghani-mustard-cold-pressed-oil-healthy-cooking-oil-1l,Ludhiana,141015,181,255,29,1
2026-06-03-1401,2026-06-03,zepto,jivo-kachi-ghani-mustard-cold-pressed-oil-healthy-cooking-oil-1l,Ludhiana,142022,181,255,29,1
2026-06-03-1401,2026-06-03,zepto,jivo-kachi-ghani-mustard-cold-pressed-oil-healthy-cooking-oil-1l,Ludhiana,142036,181,255,29,1
2026-06-03-1401,2026-06-03,zepto,jivo-kachi-ghani-mustard-cold-pressed-oil-healthy-cooking-oil-1l,Ghaziabad,201003,181,255,29,1
2026-06-03-1401,2026-06-03,zepto,jivo-kachi-ghani-mustard-cold-pressed-oil-healthy-cooking-oil-1l,Ghaziabad,201005,181,255,29,1
2026-06-03-1401,2026-06-03,zepto,jivo-kachi-ghani-mustard-cold-pressed-oil-healthy-cooking-oil-1l,Ghaziabad,201009,181,255,29,1
2026-06-03-1401,2026-06-03,zepto,jivo-kachi-ghani-mustard-cold-pressed-oil-healthy-cooking-oil-1l,Noida,201306,181,255,29,1
2026-06-03-1401,2026-06-03,zepto,jivo-kachi-ghani-mustard-cold-pressed-oil-healthy-cooking-oil-1l,Noida,201307,181,255,29,1
2026-06-03-1401,2026-06-03,zepto,jivo-kachi-ghani-mustard-cold-pressed-oil-healthy-cooking-oil-1l,Noida,201309,178,255,30.2,1
2026-06-03-1401,2026-06-03,zepto,jivo-kachi-ghani-mustard-cold-pressed-oil-healthy-cooking-oil-1l,Mumbai,400003,181,255,29,1
2026-06-03-1401,2026-06-03,zepto,jivo-kachi-ghani-mustard-cold-pressed-oil-healthy-cooking-oil-1l,Mumbai,400005,181,255,29,1
2026-06-03-1401,2026-06-03,zepto,jivo-kachi-ghani-mustard-cold-pressed-oil-healthy-cooking-oil-1l,Mumbai,400006,181,255,29,1
2026-06-03-1401,2026-06-03,zepto,jivo-kachi-ghani-mustard-cold-pressed-oil-healthy-cooking-oil-1l,Mumbai,400007,181,255,29,1
2026-06-03-1401,2026-06-03,zepto,jivo-kachi-ghani-mustard-cold-pressed-oil-healthy-cooking-oil-1l,Mumbai,400010,181,255,29,1
2026-06-03-1401,2026-06-03,zepto,jivo-kachi-ghani-mustard-cold-pressed-oil-healthy-cooking-oil-1l,Mumbai,400011,181,255,29,1
2026-06-03-1401,2026-06-03,zepto,jivo-kachi-ghani-mustard-cold-pressed-oil-healthy-cooking-oil-1l,Mumbai,400012,181,255,29,1
2026-06-03-1401,2026-06-03,zepto,jivo-kachi-ghani-mustard-cold-pressed-oil-healthy-cooking-oil-1l,Mumbai,400013,181,255,29,1
2026-06-03-1401,2026-06-03,zepto,jivo-kachi-ghani-mustard-cold-pressed-oil-healthy-cooking-oil-1l,Mumbai,400015,181,255,29,1
2026-06-03-1401,2026-06-03,zepto,jivo-kachi-ghani-mustard-cold-pressed-oil-healthy-cooking-oil-1l,Mumbai,400017,181,255,29,1
2026-06-03-1401,2026-06-03,zepto,jivo-kachi-ghani-mustard-cold-pressed-oil-healthy-cooking-oil-1l,Mumbai,400018,180,255,29.4,1
2026-06-03-1401,2026-06-03,zepto,jivo-kachi-ghani-mustard-cold-pressed-oil-healthy-cooking-oil-1l,Mumbai,400019,181,255,29,1
2026-06-03-1401,2026-06-03,zepto,jivo-kachi-ghani-mustard-cold-pressed-oil-healthy-cooking-oil-1l,Mumbai,400020,181,255,29,1
2026-06-03-1401,2026-06-03,zepto,jivo-kachi-ghani-mustard-cold-pressed-oil-healthy-cooking-oil-1l,Mumbai,400021,181,255,29,1
2026-06-03-1401,2026-06-03,zepto,jivo-kachi-ghani-mustard-cold-pressed-oil-healthy-cooking-oil-1l,Mumbai,400023,181,255,29,1
2026-06-03-1401,2026-06-03,zepto,jivo-kachi-ghani-mustard-cold-pressed-oil-healthy-cooking-oil-1l,Mumbai,400025,180,255,29.4,1
2026-06-03-1401,2026-06-03,zepto,jivo-kachi-ghani-mustard-cold-pressed-oil-healthy-cooking-oil-1l,Mumbai,400030,181,255,29,1
2026-06-03-1401,2026-06-03,zepto,jivo-kachi-ghani-mustard-cold-pressed-oil-healthy-cooking-oil-1l,Mumbai,400033,181,255,29,1
2026-06-03-1401,2026-06-03,zepto,jivo-kachi-ghani-mustard-cold-pressed-oil-healthy-cooking-oil-1l,Mumbai,400090,181,255,29,1
2026-06-03-1401,2026-06-03,zepto,jivo-kachi-ghani-mustard-cold-pressed-oil-healthy-cooking-oil-1l,Mumbai,400601,181,255,29,1
2026-06-03-1401,2026-06-03,zepto,jivo-kachi-ghani-mustard-cold-pressed-oil-healthy-cooking-oil-1l,Mumbai,400703,181,255,29,1
2026-06-03-1401,2026-06-03,zepto,jivo-kachi-ghani-mustard-cold-pressed-oil-healthy-cooking-oil-1l,Bengaluru,560019,181,255,29,1
2026-06-03-1401,2026-06-03,zepto,jivo-kachi-ghani-mustard-cold-pressed-oil-healthy-cooking-oil-1l,Bengaluru,560028,181,255,29,1
2026-06-03-1401,2026-06-03,zepto,jivo-kachi-ghani-mustard-cold-pressed-oil-healthy-cooking-oil-1l,Bengaluru,560039,181,255,29,1
2026-06-03-1401,2026-06-03,zepto,jivo-kachi-ghani-mustard-cold-pressed-oil-healthy-cooking-oil-1l,Bengaluru,560069,181,255,29,1
2026-06-03-1401,2026-06-03,zepto,jivo-kachi-ghani-mustard-cold-pressed-oil-healthy-cooking-oil-1l,Mysuru,570026,178,255,30.2,1
2026-06-03-1401,2026-06-03,zepto,jivo-pomace-olive-oil-1l,Delhi,110004,426,1049,59.4,1
2026-06-03-1401,2026-06-03,zepto,jivo-pomace-olive-oil-1l,Delhi,110006,426,1049,59.4,1
2026-06-03-1401,2026-06-03,zepto,jivo-pomace-olive-oil-1l,Delhi,110007,426,1049,59.4,1
2026-06-03-1401,2026-06-03,zepto,jivo-pomace-olive-oil-1l,Delhi,110009,426,1049,59.4,1
2026-06-03-1401,2026-06-03,zepto,jivo-pomace-olive-oil-1l,Delhi,110010,426,1049,59.4,1
2026-06-03-1401,2026-06-03,zepto,jivo-pomace-olive-oil-1l,Delhi,110013,426,1049,59.4,1
2026-06-03-1401,2026-06-03,zepto,jivo-pomace-olive-oil-1l,Delhi,110014,426,1049,59.4,1
2026-06-03-1401,2026-06-03,zepto,jivo-pomace-olive-oil-1l,Delhi,110015,426,1049,59.4,1
2026-06-03-1401,2026-06-03,zepto,jivo-pomace-olive-oil-1l,Delhi,110017,426,1049,59.4,1
2026-06-03-1401,2026-06-03,zepto,jivo-pomace-olive-oil-1l,Delhi,110018,426,1049,59.4,1
2026-06-03-1401,2026-06-03,zepto,jivo-pomace-olive-oil-1l,Delhi,110021,426,1049,59.4,1
2026-06-03-1401,2026-06-03,zepto,jivo-pomace-olive-oil-1l,Delhi,110024,426,1049,59.4,1
2026-06-03-1401,2026-06-03,zepto,jivo-pomace-olive-oil-1l,Delhi,110025,426,1049,59.4,1
2026-06-03-1401,2026-06-03,zepto,jivo-pomace-olive-oil-1l,Delhi,110026,426,1049,59.4,1
2026-06-03-1401,2026-06-03,zepto,jivo-pomace-olive-oil-1l,Delhi,110031,426,1049,59.4,1
2026-06-03-1401,2026-06-03,zepto,jivo-pomace-olive-oil-1l,Delhi,110032,426,1049,59.4,1
2026-06-03-1401,2026-06-03,zepto,jivo-pomace-olive-oil-1l,Delhi,110033,426,1049,59.4,1
2026-06-03-1401,2026-06-03,zepto,jivo-pomace-olive-oil-1l,Delhi,110035,426,1049,59.4,1
2026-06-03-1401,2026-06-03,zepto,jivo-pomace-olive-oil-1l,Delhi,110040,426,1049,59.4,1
2026-06-03-1401,2026-06-03,zepto,jivo-pomace-olive-oil-1l,Delhi,110042,425,1049,59.5,1
2026-06-03-1401,2026-06-03,zepto,jivo-pomace-olive-oil-1l,Delhi,110046,426,1049,59.4,1
2026-06-03-1401,2026-06-03,zepto,jivo-pomace-olive-oil-1l,Delhi,110048,426,1049,59.4,1
2026-06-03-1401,2026-06-03,zepto,jivo-pomace-olive-oil-1l,Delhi,110051,426,1049,59.4,1
2026-06-03-1401,2026-06-03,zepto,jivo-pomace-olive-oil-1l,Delhi,110053,426,1049,59.4,1
2026-06-03-1401,2026-06-03,zepto,jivo-pomace-olive-oil-1l,Delhi,110062,426,1049,59.4,1
2026-06-03-1401,2026-06-03,zepto,jivo-pomace-olive-oil-1l,Delhi,110065,426,1049,59.4,1
2026-06-03-1401,2026-06-03,zepto,jivo-pomace-olive-oil-1l,Delhi,110067,426,1049,59.4,1
2026-06-03-1401,2026-06-03,zepto,jivo-pomace-olive-oil-1l,Delhi,110076,426,1049,59.4,1
2026-06-03-1401,2026-06-03,zepto,jivo-pomace-olive-oil-1l,Delhi,110084,426,1049,59.4,1
2026-06-03-1401,2026-06-03,zepto,jivo-pomace-olive-oil-1l,Delhi,110085,426,1049,59.4,1
2026-06-03-1401,2026-06-03,zepto,jivo-pomace-olive-oil-1l,Delhi,110088,426,1049,59.4,1
2026-06-03-1401,2026-06-03,zepto,jivo-pomace-olive-oil-1l,Delhi,110090,424,1049,59.6,1
2026-06-03-1401,2026-06-03,zepto,jivo-pomace-olive-oil-1l,Delhi,110091,426,1049,59.4,1
2026-06-03-1401,2026-06-03,zepto,jivo-pomace-olive-oil-1l,Delhi,110092,426,1049,59.4,1
2026-06-03-1401,2026-06-03,zepto,jivo-pomace-olive-oil-1l,Delhi,110095,426,1049,59.4,1
2026-06-03-1401,2026-06-03,zepto,jivo-pomace-olive-oil-1l,Faridabad,121001,425,1049,59.5,1
2026-06-03-1401,2026-06-03,zepto,jivo-pomace-olive-oil-1l,Faridabad,121011,426,1049,59.4,1
2026-06-03-1401,2026-06-03,zepto,jivo-pomace-olive-oil-1l,Gurgaon,122004,426,1049,59.4,1
2026-06-03-1401,2026-06-03,zepto,jivo-pomace-olive-oil-1l,Gurgaon,122006,426,1049,59.4,1
2026-06-03-1401,2026-06-03,zepto,jivo-pomace-olive-oil-1l,Gurgaon,122010,426,1049,59.4,1
2026-06-03-1401,2026-06-03,zepto,jivo-pomace-olive-oil-1l,Gurgaon,122051,424,1049,59.6,1
2026-06-03-1401,2026-06-03,zepto,jivo-pomace-olive-oil-1l,Gurgaon,122101,424,1049,59.6,1
2026-06-03-1401,2026-06-03,zepto,jivo-pomace-olive-oil-1l,Ludhiana,141015,426,1049,59.4,1
2026-06-03-1401,2026-06-03,zepto,jivo-pomace-olive-oil-1l,Ludhiana,142022,426,1049,59.4,1
2026-06-03-1401,2026-06-03,zepto,jivo-pomace-olive-oil-1l,Ludhiana,142036,426,1049,59.4,1
2026-06-03-1401,2026-06-03,zepto,jivo-pomace-olive-oil-1l,Chandigarh,160011,425,1049,59.5,1
2026-06-03-1401,2026-06-03,zepto,jivo-pomace-olive-oil-1l,Chandigarh,160021,425,1049,59.5,1
2026-06-03-1401,2026-06-03,zepto,jivo-pomace-olive-oil-1l,Chandigarh,160035,425,1049,59.5,1
2026-06-03-1401,2026-06-03,zepto,jivo-pomace-olive-oil-1l,Chandigarh,160043,425,1049,59.5,1
2026-06-03-1401,2026-06-03,zepto,jivo-pomace-olive-oil-1l,Ghaziabad,201003,426,1049,59.4,1
2026-06-03-1401,2026-06-03,zepto,jivo-pomace-olive-oil-1l,Ghaziabad,201009,425,1049,59.5,1
2026-06-03-1401,2026-06-03,zepto,jivo-pomace-olive-oil-1l,Noida,201306,427,1049,59.3,1
2026-06-03-1401,2026-06-03,zepto,jivo-pomace-olive-oil-1l,Noida,201307,427,1049,59.3,1
2026-06-03-1401,2026-06-03,zepto,jivo-pomace-olive-oil-1l,Noida,201309,425,1049,59.5,1
2026-06-03-1401,2026-06-03,zepto,jivo-pomace-olive-oil-1l,Mumbai,400003,427,1049,59.3,1
2026-06-03-1401,2026-06-03,zepto,jivo-pomace-olive-oil-1l,Mumbai,400005,427,1049,59.3,1
2026-06-03-1401,2026-06-03,zepto,jivo-pomace-olive-oil-1l,Mumbai,400006,427,1049,59.3,1
2026-06-03-1401,2026-06-03,zepto,jivo-pomace-olive-oil-1l,Mumbai,400007,427,1049,59.3,1
2026-06-03-1401,2026-06-03,zepto,jivo-pomace-olive-oil-1l,Mumbai,400010,427,1049,59.3,1
2026-06-03-1401,2026-06-03,zepto,jivo-pomace-olive-oil-1l,Mumbai,400011,427,1049,59.3,1
2026-06-03-1401,2026-06-03,zepto,jivo-pomace-olive-oil-1l,Mumbai,400012,427,1049,59.3,1
2026-06-03-1401,2026-06-03,zepto,jivo-pomace-olive-oil-1l,Mumbai,400013,427,1049,59.3,1
2026-06-03-1401,2026-06-03,zepto,jivo-pomace-olive-oil-1l,Mumbai,400015,427,1049,59.3,1
2026-06-03-1401,2026-06-03,zepto,jivo-pomace-olive-oil-1l,Mumbai,400018,427,1049,59.3,1
2026-06-03-1401,2026-06-03,zepto,jivo-pomace-olive-oil-1l,Mumbai,400019,427,1049,59.3,1
2026-06-03-1401,2026-06-03,zepto,jivo-pomace-olive-oil-1l,Mumbai,400020,427,1049,59.3,1
2026-06-03-1401,2026-06-03,zepto,jivo-pomace-olive-oil-1l,Mumbai,400021,427,1049,59.3,1
2026-06-03-1401,2026-06-03,zepto,jivo-pomace-olive-oil-1l,Mumbai,400023,427,1049,59.3,1
2026-06-03-1401,2026-06-03,zepto,jivo-pomace-olive-oil-1l,Mumbai,400025,427,1049,59.3,1
2026-06-03-1401,2026-06-03,zepto,jivo-pomace-olive-oil-1l,Mumbai,400030,427,1049,59.3,1
2026-06-03-1401,2026-06-03,zepto,jivo-pomace-olive-oil-1l,Mumbai,400033,427,1049,59.3,1
2026-06-03-1401,2026-06-03,zepto,jivo-pomace-olive-oil-1l,Mumbai,400041,427,1049,59.3,1
2026-06-03-1401,2026-06-03,zepto,jivo-pomace-olive-oil-1l,Mumbai,400090,427,1049,59.3,1
2026-06-03-1401,2026-06-03,zepto,jivo-pomace-olive-oil-1l,Mumbai,400601,426,1049,59.4,1
2026-06-03-1401,2026-06-03,zepto,jivo-pomace-olive-oil-1l,Mumbai,400703,427,1049,59.3,1
2026-06-03-1401,2026-06-03,zepto,jivo-pomace-olive-oil-1l,Bengaluru,560014,427,1049,59.3,1
2026-06-03-1401,2026-06-03,zepto,jivo-pomace-olive-oil-1l,Bengaluru,560019,428,1049,59.2,1
2026-06-03-1401,2026-06-03,zepto,jivo-pomace-olive-oil-1l,Bengaluru,560028,428,1049,59.2,1
2026-06-03-1401,2026-06-03,zepto,jivo-pomace-olive-oil-1l,Bengaluru,560069,425,1049,59.5,1
2026-06-03-1401,2026-06-03,zepto,jivo-pomace-olive-oil-combo-1l,Delhi,110004,852,2098,59.4,1
2026-06-03-1401,2026-06-03,zepto,jivo-pomace-olive-oil-combo-1l,Delhi,110007,852,2098,59.4,1
2026-06-03-1401,2026-06-03,zepto,jivo-pomace-olive-oil-combo-1l,Delhi,110013,852,2098,59.4,1
2026-06-03-1401,2026-06-03,zepto,jivo-pomace-olive-oil-combo-1l,Delhi,110014,852,2098,59.4,1
2026-06-03-1401,2026-06-03,zepto,jivo-pomace-olive-oil-combo-1l,Delhi,110015,852,2098,59.4,1
2026-06-03-1401,2026-06-03,zepto,jivo-pomace-olive-oil-combo-1l,Delhi,110021,852,2098,59.4,1
2026-06-03-1401,2026-06-03,zepto,jivo-pomace-olive-oil-combo-1l,Delhi,110025,852,2098,59.4,1
2026-06-03-1401,2026-06-03,zepto,jivo-pomace-olive-oil-combo-1l,Delhi,110026,852,2098,59.4,1
2026-06-03-1401,2026-06-03,zepto,jivo-pomace-olive-oil-combo-1l,Delhi,110031,852,2098,59.4,1
2026-06-03-1401,2026-06-03,zepto,jivo-pomace-olive-oil-combo-1l,Delhi,110032,852,2098,59.4,1
2026-06-03-1401,2026-06-03,zepto,jivo-pomace-olive-oil-combo-1l,Delhi,110040,852,2098,59.4,1
2026-06-03-1401,2026-06-03,zepto,jivo-pomace-olive-oil-combo-1l,Delhi,110048,852,2098,59.4,1
2026-06-03-1401,2026-06-03,zepto,jivo-pomace-olive-oil-combo-1l,Delhi,110053,852,2098,59.4,1
2026-06-03-1401,2026-06-03,zepto,jivo-pomace-olive-oil-combo-1l,Delhi,110062,852,2098,59.4,1
2026-06-03-1401,2026-06-03,zepto,jivo-pomace-olive-oil-combo-1l,Delhi,110065,852,2098,59.4,1
2026-06-03-1401,2026-06-03,zepto,jivo-pomace-olive-oil-combo-1l,Delhi,110067,852,2098,59.4,1
2026-06-03-1401,2026-06-03,zepto,jivo-pomace-olive-oil-combo-1l,Delhi,110076,852,2098,59.4,1
2026-06-03-1401,2026-06-03,zepto,jivo-pomace-olive-oil-combo-1l,Delhi,110084,852,2098,59.4,1
2026-06-03-1401,2026-06-03,zepto,jivo-pomace-olive-oil-combo-1l,Delhi,110091,852,2098,59.4,1
2026-06-03-1401,2026-06-03,zepto,jivo-pomace-olive-oil-combo-1l,Delhi,110095,852,2098,59.4,1
2026-06-03-1401,2026-06-03,zepto,jivo-pomace-olive-oil-combo-1l,Faridabad,121001,850,2098,59.5,1
2026-06-03-1401,2026-06-03,zepto,jivo-pomace-olive-oil-combo-1l,Gurgaon,122004,852,2098,59.4,1
2026-06-03-1401,2026-06-03,zepto,jivo-pomace-olive-oil-combo-1l,Gurgaon,122006,852,2098,59.4,1
2026-06-03-1401,2026-06-03,zepto,jivo-pomace-olive-oil-combo-1l,Gurgaon,122010,852,2098,59.4,1
2026-06-03-1401,2026-06-03,zepto,jivo-pomace-olive-oil-combo-1l,Ghaziabad,201003,852,2098,59.4,1
2026-06-03-1401,2026-06-03,zepto,jivo-pomace-olive-oil-combo-1l,Noida,201306,854,2098,59.3,1
2026-06-03-1401,2026-06-03,zepto,jivo-pomace-olive-oil-combo-1l,Noida,201307,854,2098,59.3,1
2026-06-03-1401,2026-06-03,zepto,jivo-pomace-olive-oil-combo-1l,Noida,201309,850,2098,59.5,1
2026-06-03-1401,2026-06-03,zepto,jivo-pomace-olive-oil-combo-1l,Mumbai,400003,854,2098,59.3,1
2026-06-03-1401,2026-06-03,zepto,jivo-pomace-olive-oil-combo-1l,Mumbai,400005,854,2098,59.3,1
2026-06-03-1401,2026-06-03,zepto,jivo-pomace-olive-oil-combo-1l,Mumbai,400006,854,2098,59.3,1
2026-06-03-1401,2026-06-03,zepto,jivo-pomace-olive-oil-combo-1l,Mumbai,400007,854,2098,59.3,1
2026-06-03-1401,2026-06-03,zepto,jivo-pomace-olive-oil-combo-1l,Mumbai,400010,854,2098,59.3,1
2026-06-03-1401,2026-06-03,zepto,jivo-pomace-olive-oil-combo-1l,Mumbai,400012,854,2098,59.3,1
2026-06-03-1401,2026-06-03,zepto,jivo-pomace-olive-oil-combo-1l,Mumbai,400013,854,2098,59.3,1
2026-06-03-1401,2026-06-03,zepto,jivo-pomace-olive-oil-combo-1l,Mumbai,400015,854,2098,59.3,1
2026-06-03-1401,2026-06-03,zepto,jivo-pomace-olive-oil-combo-1l,Mumbai,400019,854,2098,59.3,1
2026-06-03-1401,2026-06-03,zepto,jivo-pomace-olive-oil-combo-1l,Mumbai,400021,854,2098,59.3,1
2026-06-03-1401,2026-06-03,zepto,jivo-pomace-olive-oil-combo-1l,Mumbai,400023,854,2098,59.3,1
2026-06-03-1401,2026-06-03,zepto,jivo-pomace-olive-oil-combo-1l,Mumbai,400030,854,2098,59.3,1
2026-06-03-1401,2026-06-03,zepto,jivo-pomace-olive-oil-combo-1l,Mumbai,400033,854,2098,59.3,1
2026-06-03-1401,2026-06-03,zepto,jivo-pomace-olive-oil-combo-1l,Mumbai,400090,854,2098,59.3,1
2026-06-03-1401,2026-06-03,zepto,jivo-pomace-olive-oil-combo-1l,Mumbai,400601,852,2098,59.4,1
2026-06-03-1401,2026-06-03,zepto,jivo-pomace-olive-oil-combo-1l,Bengaluru,560014,854,2098,59.3,1
2026-06-03-1401,2026-06-03,zepto,jivo-sunflower-cold-pressed-oil-healthy-cooking-oil-1l,Delhi,110004,192,275,30.2,1
2026-06-03-1401,2026-06-03,zepto,jivo-sunflower-cold-pressed-oil-healthy-cooking-oil-1l,Delhi,110006,192,275,30.2,1
2026-06-03-1401,2026-06-03,zepto,jivo-sunflower-cold-pressed-oil-healthy-cooking-oil-1l,Delhi,110007,192,275,30.2,1
2026-06-03-1401,2026-06-03,zepto,jivo-sunflower-cold-pressed-oil-healthy-cooking-oil-1l,Delhi,110008,192,275,30.2,1
2026-06-03-1401,2026-06-03,zepto,jivo-sunflower-cold-pressed-oil-healthy-cooking-oil-1l,Delhi,110009,192,275,30.2,1
2026-06-03-1401,2026-06-03,zepto,jivo-sunflower-cold-pressed-oil-healthy-cooking-oil-1l,Delhi,110010,192,275,30.2,1
2026-06-03-1401,2026-06-03,zepto,jivo-sunflower-cold-pressed-oil-healthy-cooking-oil-1l,Delhi,110013,192,275,30.2,1
2026-06-03-1401,2026-06-03,zepto,jivo-sunflower-cold-pressed-oil-healthy-cooking-oil-1l,Delhi,110014,192,275,30.2,1
2026-06-03-1401,2026-06-03,zepto,jivo-sunflower-cold-pressed-oil-healthy-cooking-oil-1l,Delhi,110015,192,275,30.2,1
2026-06-03-1401,2026-06-03,zepto,jivo-sunflower-cold-pressed-oil-healthy-cooking-oil-1l,Delhi,110017,192,275,30.2,1
2026-06-03-1401,2026-06-03,zepto,jivo-sunflower-cold-pressed-oil-healthy-cooking-oil-1l,Delhi,110018,192,275,30.2,1
2026-06-03-1401,2026-06-03,zepto,jivo-sunflower-cold-pressed-oil-healthy-cooking-oil-1l,Delhi,110021,192,275,30.2,1
2026-06-03-1401,2026-06-03,zepto,jivo-sunflower-cold-pressed-oil-healthy-cooking-oil-1l,Delhi,110024,192,275,30.2,1
2026-06-03-1401,2026-06-03,zepto,jivo-sunflower-cold-pressed-oil-healthy-cooking-oil-1l,Delhi,110025,192,275,30.2,1
2026-06-03-1401,2026-06-03,zepto,jivo-sunflower-cold-pressed-oil-healthy-cooking-oil-1l,Delhi,110026,192,275,30.2,1
2026-06-03-1401,2026-06-03,zepto,jivo-sunflower-cold-pressed-oil-healthy-cooking-oil-1l,Delhi,110031,192,275,30.2,1
2026-06-03-1401,2026-06-03,zepto,jivo-sunflower-cold-pressed-oil-healthy-cooking-oil-1l,Delhi,110032,192,275,30.2,1
2026-06-03-1401,2026-06-03,zepto,jivo-sunflower-cold-pressed-oil-healthy-cooking-oil-1l,Delhi,110035,192,275,30.2,1
2026-06-03-1401,2026-06-03,zepto,jivo-sunflower-cold-pressed-oil-healthy-cooking-oil-1l,Delhi,110040,192,275,30.2,1
2026-06-03-1401,2026-06-03,zepto,jivo-sunflower-cold-pressed-oil-healthy-cooking-oil-1l,Delhi,110042,182,275,33.8,1
2026-06-03-1401,2026-06-03,zepto,jivo-sunflower-cold-pressed-oil-healthy-cooking-oil-1l,Delhi,110046,192,275,30.2,1
2026-06-03-1401,2026-06-03,zepto,jivo-sunflower-cold-pressed-oil-healthy-cooking-oil-1l,Delhi,110048,192,275,30.2,1
2026-06-03-1401,2026-06-03,zepto,jivo-sunflower-cold-pressed-oil-healthy-cooking-oil-1l,Delhi,110051,192,275,30.2,1
2026-06-03-1401,2026-06-03,zepto,jivo-sunflower-cold-pressed-oil-healthy-cooking-oil-1l,Delhi,110053,192,275,30.2,1
2026-06-03-1401,2026-06-03,zepto,jivo-sunflower-cold-pressed-oil-healthy-cooking-oil-1l,Delhi,110062,192,275,30.2,1
2026-06-03-1401,2026-06-03,zepto,jivo-sunflower-cold-pressed-oil-healthy-cooking-oil-1l,Delhi,110065,192,275,30.2,1
2026-06-03-1401,2026-06-03,zepto,jivo-sunflower-cold-pressed-oil-healthy-cooking-oil-1l,Delhi,110067,192,275,30.2,1
2026-06-03-1401,2026-06-03,zepto,jivo-sunflower-cold-pressed-oil-healthy-cooking-oil-1l,Delhi,110076,192,275,30.2,1
2026-06-03-1401,2026-06-03,zepto,jivo-sunflower-cold-pressed-oil-healthy-cooking-oil-1l,Delhi,110084,192,275,30.2,1
2026-06-03-1401,2026-06-03,zepto,jivo-sunflower-cold-pressed-oil-healthy-cooking-oil-1l,Delhi,110085,192,275,30.2,1
2026-06-03-1401,2026-06-03,zepto,jivo-sunflower-cold-pressed-oil-healthy-cooking-oil-1l,Delhi,110088,192,275,30.2,1
2026-06-03-1401,2026-06-03,zepto,jivo-sunflower-cold-pressed-oil-healthy-cooking-oil-1l,Delhi,110090,191,275,30.5,1
2026-06-03-1401,2026-06-03,zepto,jivo-sunflower-cold-pressed-oil-healthy-cooking-oil-1l,Delhi,110091,192,275,30.2,1
2026-06-03-1401,2026-06-03,zepto,jivo-sunflower-cold-pressed-oil-healthy-cooking-oil-1l,Delhi,110092,192,275,30.2,1
2026-06-03-1401,2026-06-03,zepto,jivo-sunflower-cold-pressed-oil-healthy-cooking-oil-1l,Delhi,110095,192,275,30.2,1
2026-06-03-1401,2026-06-03,zepto,jivo-sunflower-cold-pressed-oil-healthy-cooking-oil-1l,Faridabad,121001,188,275,31.6,1
2026-06-03-1401,2026-06-03,zepto,jivo-sunflower-cold-pressed-oil-healthy-cooking-oil-1l,Faridabad,121011,192,275,30.2,1
2026-06-03-1401,2026-06-03,zepto,jivo-sunflower-cold-pressed-oil-healthy-cooking-oil-1l,Gurgaon,122004,192,275,30.2,1
2026-06-03-1401,2026-06-03,zepto,jivo-sunflower-cold-pressed-oil-healthy-cooking-oil-1l,Gurgaon,122006,192,275,30.2,1
2026-06-03-1401,2026-06-03,zepto,jivo-sunflower-cold-pressed-oil-healthy-cooking-oil-1l,Gurgaon,122010,192,275,30.2,1
2026-06-03-1401,2026-06-03,zepto,jivo-sunflower-cold-pressed-oil-healthy-cooking-oil-1l,Gurgaon,122051,192,275,30.2,1
2026-06-03-1401,2026-06-03,zepto,jivo-sunflower-cold-pressed-oil-healthy-cooking-oil-1l,Gurgaon,122101,192,275,30.2,1
2026-06-03-1401,2026-06-03,zepto,jivo-sunflower-cold-pressed-oil-healthy-cooking-oil-1l,Ghaziabad,201003,192,275,30.2,1
2026-06-03-1401,2026-06-03,zepto,jivo-sunflower-cold-pressed-oil-healthy-cooking-oil-1l,Ghaziabad,201005,191,275,30.5,1
2026-06-03-1401,2026-06-03,zepto,jivo-sunflower-cold-pressed-oil-healthy-cooking-oil-1l,Ghaziabad,201009,191,275,30.5,1
2026-06-03-1401,2026-06-03,zepto,jivo-sunflower-cold-pressed-oil-healthy-cooking-oil-1l,Noida,201307,192,275,30.2,1
2026-06-03-1401,2026-06-03,zepto,jivo-sunflower-cold-pressed-oil-healthy-cooking-oil-1l,Noida,201309,182,275,33.8,1
2026-06-03-1401,2026-06-03,zepto,jivo-sunflower-cold-pressed-oil-healthy-cooking-oil-1l,Mumbai,400005,192,275,30.2,1
2026-06-03-1401,2026-06-03,zepto,jivo-sunflower-cold-pressed-oil-healthy-cooking-oil-1l,Mumbai,400006,192,275,30.2,1
2026-06-03-1401,2026-06-03,zepto,jivo-sunflower-cold-pressed-oil-healthy-cooking-oil-1l,Mumbai,400007,192,275,30.2,1
2026-06-03-1401,2026-06-03,zepto,jivo-sunflower-cold-pressed-oil-healthy-cooking-oil-1l,Mumbai,400011,192,275,30.2,1
2026-06-03-1401,2026-06-03,zepto,jivo-sunflower-cold-pressed-oil-healthy-cooking-oil-1l,Mumbai,400012,192,275,30.2,1
2026-06-03-1401,2026-06-03,zepto,jivo-sunflower-cold-pressed-oil-healthy-cooking-oil-1l,Mumbai,400013,192,275,30.2,1
2026-06-03-1401,2026-06-03,zepto,jivo-sunflower-cold-pressed-oil-healthy-cooking-oil-1l,Mumbai,400015,192,275,30.2,1
2026-06-03-1401,2026-06-03,zepto,jivo-sunflower-cold-pressed-oil-healthy-cooking-oil-1l,Mumbai,400018,192,275,30.2,1
2026-06-03-1401,2026-06-03,zepto,jivo-sunflower-cold-pressed-oil-healthy-cooking-oil-1l,Mumbai,400019,192,275,30.2,1
2026-06-03-1401,2026-06-03,zepto,jivo-sunflower-cold-pressed-oil-healthy-cooking-oil-1l,Mumbai,400020,192,275,30.2,1
2026-06-03-1401,2026-06-03,zepto,jivo-sunflower-cold-pressed-oil-healthy-cooking-oil-1l,Mumbai,400023,192,275,30.2,1
2026-06-03-1401,2026-06-03,zepto,jivo-sunflower-cold-pressed-oil-healthy-cooking-oil-1l,Mumbai,400025,192,275,30.2,1
2026-06-03-1401,2026-06-03,zepto,jivo-sunflower-cold-pressed-oil-healthy-cooking-oil-1l,Mumbai,400030,192,275,30.2,1
2026-06-03-1401,2026-06-03,zepto,jivo-sunflower-cold-pressed-oil-healthy-cooking-oil-1l,Mumbai,400033,192,275,30.2,1
2026-06-03-1401,2026-06-03,zepto,jivo-sunflower-cold-pressed-oil-healthy-cooking-oil-1l,Mumbai,400090,192,275,30.2,1
2026-06-03-1401,2026-06-03,zepto,jivo-sunflower-cold-pressed-oil-healthy-cooking-oil-1l,Mumbai,400703,192,275,30.2,1
2026-06-03-1401,2026-06-03,zepto,jivo-sunflower-cold-pressed-oil-healthy-cooking-oil-1l,Bengaluru,560069,192,275,30.2,1
2026-06-04-1417,2026-06-04,zepto,jivo-cold-press-canola-oil-combo-bottle-2l,Delhi,110004,469,750,37.5,1
2026-06-04-1417,2026-06-04,zepto,jivo-cold-press-canola-oil-combo-bottle-2l,Delhi,110006,469,750,37.5,1
2026-06-04-1417,2026-06-04,zepto,jivo-cold-press-canola-oil-combo-bottle-2l,Delhi,110008,469,750,37.5,1
2026-06-04-1417,2026-06-04,zepto,jivo-cold-press-canola-oil-combo-bottle-2l,Delhi,110009,469,750,37.5,1
2026-06-04-1417,2026-06-04,zepto,jivo-cold-press-canola-oil-combo-bottle-2l,Delhi,110010,469,750,37.5,1
2026-06-04-1417,2026-06-04,zepto,jivo-cold-press-canola-oil-combo-bottle-2l,Delhi,110013,469,750,37.5,1
2026-06-04-1417,2026-06-04,zepto,jivo-cold-press-canola-oil-combo-bottle-2l,Delhi,110014,469,750,37.5,1
2026-06-04-1417,2026-06-04,zepto,jivo-cold-press-canola-oil-combo-bottle-2l,Delhi,110024,469,750,37.5,1
2026-06-04-1417,2026-06-04,zepto,jivo-cold-press-canola-oil-combo-bottle-2l,Delhi,110025,469,750,37.5,1
2026-06-04-1417,2026-06-04,zepto,jivo-cold-press-canola-oil-combo-bottle-2l,Delhi,110026,469,750,37.5,1
2026-06-04-1417,2026-06-04,zepto,jivo-cold-press-canola-oil-combo-bottle-2l,Delhi,110031,471,650,27.5,1
2026-06-04-1417,2026-06-04,zepto,jivo-cold-press-canola-oil-combo-bottle-2l,Delhi,110032,469,750,37.5,1
2026-06-04-1417,2026-06-04,zepto,jivo-cold-press-canola-oil-combo-bottle-2l,Delhi,110040,469,750,37.5,1
2026-06-04-1417,2026-06-04,zepto,jivo-cold-press-canola-oil-combo-bottle-2l,Delhi,110042,469,750,37.5,1
2026-06-04-1417,2026-06-04,zepto,jivo-cold-press-canola-oil-combo-bottle-2l,Delhi,110046,469,750,37.5,1
2026-06-04-1417,2026-06-04,zepto,jivo-cold-press-canola-oil-combo-bottle-2l,Delhi,110048,469,750,37.5,1
2026-06-04-1417,2026-06-04,zepto,jivo-cold-press-canola-oil-combo-bottle-2l,Delhi,110051,469,750,37.5,1
2026-06-04-1417,2026-06-04,zepto,jivo-cold-press-canola-oil-combo-bottle-2l,Delhi,110053,469,750,37.5,1
2026-06-04-1417,2026-06-04,zepto,jivo-cold-press-canola-oil-combo-bottle-2l,Delhi,110062,469,750,37.5,1
2026-06-04-1417,2026-06-04,zepto,jivo-cold-press-canola-oil-combo-bottle-2l,Delhi,110065,469,750,37.5,1
2026-06-04-1417,2026-06-04,zepto,jivo-cold-press-canola-oil-combo-bottle-2l,Delhi,110067,469,750,37.5,1
2026-06-04-1417,2026-06-04,zepto,jivo-cold-press-canola-oil-combo-bottle-2l,Delhi,110076,469,750,37.5,1
2026-06-04-1417,2026-06-04,zepto,jivo-cold-press-canola-oil-combo-bottle-2l,Delhi,110084,469,750,37.5,1
2026-06-04-1417,2026-06-04,zepto,jivo-cold-press-canola-oil-combo-bottle-2l,Delhi,110085,469,750,37.5,1
2026-06-04-1417,2026-06-04,zepto,jivo-cold-press-canola-oil-combo-bottle-2l,Delhi,110088,494,750,34.1,1
2026-06-04-1417,2026-06-04,zepto,jivo-cold-press-canola-oil-combo-bottle-2l,Delhi,110091,469,750,37.5,1
2026-06-04-1417,2026-06-04,zepto,jivo-cold-press-canola-oil-combo-bottle-2l,Delhi,110095,469,750,37.5,1
2026-06-04-1417,2026-06-04,zepto,jivo-cold-press-canola-oil-combo-bottle-2l,Ludhiana,141015,469,750,37.5,1
2026-06-04-1417,2026-06-04,zepto,jivo-cold-press-canola-oil-combo-bottle-2l,Ludhiana,142036,469,750,37.5,1
2026-06-04-1417,2026-06-04,zepto,jivo-cold-press-canola-oil-combo-bottle-2l,Chandigarh,160011,469,750,37.5,1
2026-06-04-1417,2026-06-04,zepto,jivo-cold-press-canola-oil-combo-bottle-2l,Chandigarh,160021,469,750,37.5,1
2026-06-04-1417,2026-06-04,zepto,jivo-cold-press-canola-oil-combo-bottle-2l,Chandigarh,160035,469,750,37.5,1
2026-06-04-1417,2026-06-04,zepto,jivo-cold-press-canola-oil-combo-bottle-2l,Chandigarh,160043,469,750,37.5,1
2026-06-04-1417,2026-06-04,zepto,jivo-cold-press-canola-oil-combo-bottle-2l,Bengaluru,560069,461,750,38.5,1
2026-06-04-1417,2026-06-04,zepto,jivo-daily-pomace-olive-oil-2l,Bengaluru,560014,959,1449,33.8,1
2026-06-04-1417,2026-06-04,zepto,jivo-extra-light-olive-oil-1l,Delhi,110004,499,1499,66.7,1
2026-06-04-1417,2026-06-04,zepto,jivo-extra-light-olive-oil-1l,Delhi,110006,499,1499,66.7,1
2026-06-04-1417,2026-06-04,zepto,jivo-extra-light-olive-oil-1l,Delhi,110007,499,1499,66.7,1
2026-06-04-1417,2026-06-04,zepto,jivo-extra-light-olive-oil-1l,Delhi,110008,499,1499,66.7,1
2026-06-04-1417,2026-06-04,zepto,jivo-extra-light-olive-oil-1l,Delhi,110009,499,1499,66.7,1
2026-06-04-1417,2026-06-04,zepto,jivo-extra-light-olive-oil-1l,Delhi,110010,499,1499,66.7,1
2026-06-04-1417,2026-06-04,zepto,jivo-extra-light-olive-oil-1l,Delhi,110013,499,1499,66.7,1
2026-06-04-1417,2026-06-04,zepto,jivo-extra-light-olive-oil-1l,Delhi,110014,499,1499,66.7,1
2026-06-04-1417,2026-06-04,zepto,jivo-extra-light-olive-oil-1l,Delhi,110015,499,1499,66.7,1
2026-06-04-1417,2026-06-04,zepto,jivo-extra-light-olive-oil-1l,Delhi,110017,499,1499,66.7,1
2026-06-04-1417,2026-06-04,zepto,jivo-extra-light-olive-oil-1l,Delhi,110018,499,1499,66.7,1
2026-06-04-1417,2026-06-04,zepto,jivo-extra-light-olive-oil-1l,Delhi,110021,499,1499,66.7,1
2026-06-04-1417,2026-06-04,zepto,jivo-extra-light-olive-oil-1l,Delhi,110024,499,1499,66.7,1
2026-06-04-1417,2026-06-04,zepto,jivo-extra-light-olive-oil-1l,Delhi,110025,499,1499,66.7,1
2026-06-04-1417,2026-06-04,zepto,jivo-extra-light-olive-oil-1l,Delhi,110026,499,1499,66.7,1
2026-06-04-1417,2026-06-04,zepto,jivo-extra-light-olive-oil-1l,Delhi,110031,499,1499,66.7,1
2026-06-04-1417,2026-06-04,zepto,jivo-extra-light-olive-oil-1l,Delhi,110032,499,1499,66.7,1
2026-06-04-1417,2026-06-04,zepto,jivo-extra-light-olive-oil-1l,Delhi,110033,499,1499,66.7,1
2026-06-04-1417,2026-06-04,zepto,jivo-extra-light-olive-oil-1l,Delhi,110035,499,1499,66.7,1
2026-06-04-1417,2026-06-04,zepto,jivo-extra-light-olive-oil-1l,Delhi,110040,499,1499,66.7,1
2026-06-04-1417,2026-06-04,zepto,jivo-extra-light-olive-oil-1l,Delhi,110042,499,1499,66.7,1
2026-06-04-1417,2026-06-04,zepto,jivo-extra-light-olive-oil-1l,Delhi,110046,499,1499,66.7,1
2026-06-04-1417,2026-06-04,zepto,jivo-extra-light-olive-oil-1l,Delhi,110048,499,1499,66.7,1
2026-06-04-1417,2026-06-04,zepto,jivo-extra-light-olive-oil-1l,Delhi,110051,499,1499,66.7,1
2026-06-04-1417,2026-06-04,zepto,jivo-extra-light-olive-oil-1l,Delhi,110053,499,1499,66.7,1
2026-06-04-1417,2026-06-04,zepto,jivo-extra-light-olive-oil-1l,Delhi,110062,499,1499,66.7,1
2026-06-04-1417,2026-06-04,zepto,jivo-extra-light-olive-oil-1l,Delhi,110065,499,1499,66.7,1
2026-06-04-1417,2026-06-04,zepto,jivo-extra-light-olive-oil-1l,Delhi,110067,499,1499,66.7,1
2026-06-04-1417,2026-06-04,zepto,jivo-extra-light-olive-oil-1l,Delhi,110076,499,1499,66.7,1
2026-06-04-1417,2026-06-04,zepto,jivo-extra-light-olive-oil-1l,Delhi,110084,499,1499,66.7,1
2026-06-04-1417,2026-06-04,zepto,jivo-extra-light-olive-oil-1l,Delhi,110085,499,1499,66.7,1
2026-06-04-1417,2026-06-04,zepto,jivo-extra-light-olive-oil-1l,Delhi,110088,499,1499,66.7,1
2026-06-04-1417,2026-06-04,zepto,jivo-extra-light-olive-oil-1l,Delhi,110090,499,1499,66.7,1
2026-06-04-1417,2026-06-04,zepto,jivo-extra-light-olive-oil-1l,Delhi,110091,499,1499,66.7,1
2026-06-04-1417,2026-06-04,zepto,jivo-extra-light-olive-oil-1l,Delhi,110092,499,1499,66.7,1
2026-06-04-1417,2026-06-04,zepto,jivo-extra-light-olive-oil-1l,Delhi,110095,499,1499,66.7,1
2026-06-04-1417,2026-06-04,zepto,jivo-extra-light-olive-oil-1l,Faridabad,121001,499,1499,66.7,1
2026-06-04-1417,2026-06-04,zepto,jivo-extra-light-olive-oil-1l,Faridabad,121011,499,1499,66.7,1
2026-06-04-1417,2026-06-04,zepto,jivo-extra-light-olive-oil-1l,Gurgaon,122004,499,1499,66.7,1
2026-06-04-1417,2026-06-04,zepto,jivo-extra-light-olive-oil-1l,Gurgaon,122006,499,1499,66.7,1
2026-06-04-1417,2026-06-04,zepto,jivo-extra-light-olive-oil-1l,Gurgaon,122010,499,1499,66.7,1
2026-06-04-1417,2026-06-04,zepto,jivo-extra-light-olive-oil-1l,Gurgaon,122051,499,1499,66.7,1
2026-06-04-1417,2026-06-04,zepto,jivo-extra-light-olive-oil-1l,Gurgaon,122101,499,1499,66.7,1
2026-06-04-1417,2026-06-04,zepto,jivo-extra-light-olive-oil-1l,Ludhiana,141015,499,1499,66.7,1
2026-06-04-1417,2026-06-04,zepto,jivo-extra-light-olive-oil-1l,Ludhiana,142036,499,1499,66.7,1
2026-06-04-1417,2026-06-04,zepto,jivo-extra-light-olive-oil-1l,Chandigarh,160011,499,1499,66.7,1
2026-06-04-1417,2026-06-04,zepto,jivo-extra-light-olive-oil-1l,Chandigarh,160021,499,1499,66.7,1
2026-06-04-1417,2026-06-04,zepto,jivo-extra-light-olive-oil-1l,Chandigarh,160035,499,1499,66.7,1
2026-06-04-1417,2026-06-04,zepto,jivo-extra-light-olive-oil-1l,Chandigarh,160043,499,1499,66.7,1
2026-06-04-1417,2026-06-04,zepto,jivo-extra-light-olive-oil-1l,Ghaziabad,201003,499,1499,66.7,1
2026-06-04-1417,2026-06-04,zepto,jivo-extra-light-olive-oil-1l,Ghaziabad,201005,499,1499,66.7,1
2026-06-04-1417,2026-06-04,zepto,jivo-extra-light-olive-oil-1l,Ghaziabad,201009,499,1499,66.7,1
2026-06-04-1417,2026-06-04,zepto,jivo-extra-light-olive-oil-1l,Noida,201306,499,1499,66.7,1
2026-06-04-1417,2026-06-04,zepto,jivo-extra-light-olive-oil-1l,Noida,201307,499,1499,66.7,1
2026-06-04-1417,2026-06-04,zepto,jivo-extra-light-olive-oil-1l,Noida,201309,499,1499,66.7,1
2026-06-04-1417,2026-06-04,zepto,jivo-extra-light-olive-oil-1l,Noida,201310,499,1499,66.7,1
2026-06-04-1417,2026-06-04,zepto,jivo-extra-light-olive-oil-1l,Mumbai,400003,499,1499,66.7,1
2026-06-04-1417,2026-06-04,zepto,jivo-extra-light-olive-oil-1l,Mumbai,400005,499,1499,66.7,1
2026-06-04-1417,2026-06-04,zepto,jivo-extra-light-olive-oil-1l,Mumbai,400006,499,1499,66.7,1
2026-06-04-1417,2026-06-04,zepto,jivo-extra-light-olive-oil-1l,Mumbai,400007,499,1499,66.7,1
2026-06-04-1417,2026-06-04,zepto,jivo-extra-light-olive-oil-1l,Mumbai,400010,499,1499,66.7,1
2026-06-04-1417,2026-06-04,zepto,jivo-extra-light-olive-oil-1l,Mumbai,400011,499,1499,66.7,1
2026-06-04-1417,2026-06-04,zepto,jivo-extra-light-olive-oil-1l,Mumbai,400012,499,1499,66.7,1
2026-06-04-1417,2026-06-04,zepto,jivo-extra-light-olive-oil-1l,Mumbai,400013,499,1499,66.7,1
2026-06-04-1417,2026-06-04,zepto,jivo-extra-light-olive-oil-1l,Mumbai,400015,499,1499,66.7,1
2026-06-04-1417,2026-06-04,zepto,jivo-extra-light-olive-oil-1l,Mumbai,400017,499,1499,66.7,1
2026-06-04-1417,2026-06-04,zepto,jivo-extra-light-olive-oil-1l,Mumbai,400018,499,1499,66.7,1
2026-06-04-1417,2026-06-04,zepto,jivo-extra-light-olive-oil-1l,Mumbai,400019,499,1499,66.7,1
2026-06-04-1417,2026-06-04,zepto,jivo-extra-light-olive-oil-1l,Mumbai,400020,499,1499,66.7,1
2026-06-04-1417,2026-06-04,zepto,jivo-extra-light-olive-oil-1l,Mumbai,400021,499,1499,66.7,1
2026-06-04-1417,2026-06-04,zepto,jivo-extra-light-olive-oil-1l,Mumbai,400023,499,1499,66.7,1
2026-06-04-1417,2026-06-04,zepto,jivo-extra-light-olive-oil-1l,Mumbai,400025,499,1499,66.7,1
2026-06-04-1417,2026-06-04,zepto,jivo-extra-light-olive-oil-1l,Mumbai,400030,499,1499,66.7,1
2026-06-04-1417,2026-06-04,zepto,jivo-extra-light-olive-oil-1l,Mumbai,400033,499,1499,66.7,1
2026-06-04-1417,2026-06-04,zepto,jivo-extra-light-olive-oil-1l,Mumbai,400041,499,1499,66.7,1
2026-06-04-1417,2026-06-04,zepto,jivo-extra-light-olive-oil-1l,Mumbai,400090,499,1499,66.7,1
2026-06-04-1417,2026-06-04,zepto,jivo-extra-light-olive-oil-1l,Mumbai,400601,499,1499,66.7,1
2026-06-04-1417,2026-06-04,zepto,jivo-extra-light-olive-oil-1l,Mumbai,400611,499,1499,66.7,1
2026-06-04-1417,2026-06-04,zepto,jivo-extra-light-olive-oil-1l,Pune,410506,499,1499,66.7,1
2026-06-04-1417,2026-06-04,zepto,jivo-extra-light-olive-oil-1l,Pune,411004,499,1499,66.7,1
2026-06-04-1417,2026-06-04,zepto,jivo-extra-light-olive-oil-1l,Pune,411006,499,1499,66.7,1
2026-06-04-1417,2026-06-04,zepto,jivo-extra-light-olive-oil-1l,Pune,411011,499,1499,66.7,1
2026-06-04-1417,2026-06-04,zepto,jivo-extra-light-olive-oil-1l,Pune,411014,499,1499,66.7,1
2026-06-04-1417,2026-06-04,zepto,jivo-extra-light-olive-oil-1l,Pune,411015,499,1499,66.7,1
2026-06-04-1417,2026-06-04,zepto,jivo-extra-light-olive-oil-1l,Pune,411021,499,1499,66.7,1
2026-06-04-1417,2026-06-04,zepto,jivo-extra-light-olive-oil-1l,Pune,411028,499,1499,66.7,1
2026-06-04-1417,2026-06-04,zepto,jivo-extra-light-olive-oil-1l,Pune,411036,499,1499,66.7,1
2026-06-04-1417,2026-06-04,zepto,jivo-extra-light-olive-oil-1l,Pune,411045,499,1499,66.7,1
2026-06-04-1417,2026-06-04,zepto,jivo-extra-light-olive-oil-1l,Pune,411047,499,1499,66.7,1
2026-06-04-1417,2026-06-04,zepto,jivo-extra-light-olive-oil-1l,Pune,411051,499,1499,66.7,1
2026-06-04-1417,2026-06-04,zepto,jivo-extra-light-olive-oil-1l,Bengaluru,560014,499,1499,66.7,1
2026-06-04-1417,2026-06-04,zepto,jivo-extra-light-olive-oil-1l,Bengaluru,560069,499,1499,66.7,1
2026-06-04-1417,2026-06-04,zepto,jivo-extra-light-olive-oil-2l,Delhi,110010,1134,2799,59.5,1
2026-06-04-1417,2026-06-04,zepto,jivo-extra-light-olive-oil-2l,Delhi,110014,1134,2799,59.5,1
2026-06-04-1417,2026-06-04,zepto,jivo-extra-light-olive-oil-2l,Delhi,110031,1134,2799,59.5,1
2026-06-04-1417,2026-06-04,zepto,jivo-extra-light-olive-oil-2l,Delhi,110040,1134,2799,59.5,1
2026-06-04-1417,2026-06-04,zepto,jivo-extra-light-olive-oil-2l,Delhi,110042,1134,2799,59.5,1
2026-06-04-1417,2026-06-04,zepto,jivo-extra-light-olive-oil-2l,Delhi,110062,1134,2799,59.5,1
2026-06-04-1417,2026-06-04,zepto,jivo-extra-light-olive-oil-2l,Delhi,110067,1134,2799,59.5,1
2026-06-04-1417,2026-06-04,zepto,jivo-extra-light-olive-oil-2l,Delhi,110084,1134,2799,59.5,1
2026-06-04-1417,2026-06-04,zepto,jivo-extra-light-olive-oil-2l,Delhi,110088,1134,2799,59.5,1
2026-06-04-1417,2026-06-04,zepto,jivo-extra-light-olive-oil-2l,Delhi,110090,1134,2799,59.5,1
2026-06-04-1417,2026-06-04,zepto,jivo-extra-light-olive-oil-2l,Gurgaon,122051,1134,2799,59.5,1
2026-06-04-1417,2026-06-04,zepto,jivo-extra-light-olive-oil-2l,Gurgaon,122101,1134,2799,59.5,1
2026-06-04-1417,2026-06-04,zepto,jivo-extra-light-olive-oil-2l,Ghaziabad,201003,1134,2799,59.5,1
2026-06-04-1417,2026-06-04,zepto,jivo-extra-light-olive-oil-2l,Ghaziabad,201009,1134,2799,59.5,1
2026-06-04-1417,2026-06-04,zepto,jivo-extra-light-olive-oil-2l,Noida,201309,1135,2799,59.4,1
2026-06-04-1417,2026-06-04,zepto,jivo-extra-light-olive-oil-2l,Noida,201310,1134,2799,59.5,1
2026-06-04-1417,2026-06-04,zepto,jivo-extra-light-olive-oil-2l,Mumbai,400005,1134,2799,59.5,1
2026-06-04-1417,2026-06-04,zepto,jivo-extra-light-olive-oil-2l,Mumbai,400006,1134,2799,59.5,1
2026-06-04-1417,2026-06-04,zepto,jivo-extra-light-olive-oil-2l,Mumbai,400007,1134,2799,59.5,1
2026-06-04-1417,2026-06-04,zepto,jivo-extra-light-olive-oil-2l,Mumbai,400010,1135,2799,59.4,1
2026-06-04-1417,2026-06-04,zepto,jivo-extra-light-olive-oil-2l,Mumbai,400011,1134,2799,59.5,1
2026-06-04-1417,2026-06-04,zepto,jivo-extra-light-olive-oil-2l,Mumbai,400012,1134,2799,59.5,1
2026-06-04-1417,2026-06-04,zepto,jivo-extra-light-olive-oil-2l,Mumbai,400013,1134,2799,59.5,1
2026-06-04-1417,2026-06-04,zepto,jivo-extra-light-olive-oil-2l,Mumbai,400015,1134,2799,59.5,1
2026-06-04-1417,2026-06-04,zepto,jivo-extra-light-olive-oil-2l,Mumbai,400017,1134,2799,59.5,1
2026-06-04-1417,2026-06-04,zepto,jivo-extra-light-olive-oil-2l,Mumbai,400018,1134,2799,59.5,1
2026-06-04-1417,2026-06-04,zepto,jivo-extra-light-olive-oil-2l,Mumbai,400019,1134,2799,59.5,1
2026-06-04-1417,2026-06-04,zepto,jivo-extra-light-olive-oil-2l,Mumbai,400020,1134,2799,59.5,1
2026-06-04-1417,2026-06-04,zepto,jivo-extra-light-olive-oil-2l,Mumbai,400023,1134,2799,59.5,1
2026-06-04-1417,2026-06-04,zepto,jivo-extra-light-olive-oil-2l,Mumbai,400025,1134,2799,59.5,1
2026-06-04-1417,2026-06-04,zepto,jivo-extra-light-olive-oil-2l,Mumbai,400030,1134,2799,59.5,1
2026-06-04-1417,2026-06-04,zepto,jivo-extra-light-olive-oil-2l,Mumbai,400033,1134,2799,59.5,1
2026-06-04-1417,2026-06-04,zepto,jivo-extra-light-olive-oil-2l,Mumbai,400090,1134,2799,59.5,1
2026-06-04-1417,2026-06-04,zepto,jivo-extra-light-olive-oil-2l,Mumbai,400601,1134,2799,59.5,1
2026-06-04-1417,2026-06-04,zepto,jivo-extra-light-olive-oil-2l,Mumbai,400611,1134,2799,59.5,1
2026-06-04-1417,2026-06-04,zepto,jivo-extra-light-olive-oil-2l,Mumbai,400703,1135,2799,59.4,1
2026-06-04-1417,2026-06-04,zepto,jivo-extra-light-olive-oil-combo-2l,Delhi,110004,998,2998,66.7,1
2026-06-04-1417,2026-06-04,zepto,jivo-extra-light-olive-oil-combo-2l,Delhi,110007,998,2998,66.7,1
2026-06-04-1417,2026-06-04,zepto,jivo-extra-light-olive-oil-combo-2l,Delhi,110013,998,2998,66.7,1
2026-06-04-1417,2026-06-04,zepto,jivo-extra-light-olive-oil-combo-2l,Delhi,110014,998,2998,66.7,1
2026-06-04-1417,2026-06-04,zepto,jivo-extra-light-olive-oil-combo-2l,Delhi,110015,998,2998,66.7,1
2026-06-04-1417,2026-06-04,zepto,jivo-extra-light-olive-oil-combo-2l,Delhi,110021,998,2998,66.7,1
2026-06-04-1417,2026-06-04,zepto,jivo-extra-light-olive-oil-combo-2l,Delhi,110024,998,2998,66.7,1
2026-06-04-1417,2026-06-04,zepto,jivo-extra-light-olive-oil-combo-2l,Delhi,110025,998,2998,66.7,1
2026-06-04-1417,2026-06-04,zepto,jivo-extra-light-olive-oil-combo-2l,Delhi,110026,998,2998,66.7,1
2026-06-04-1417,2026-06-04,zepto,jivo-extra-light-olive-oil-combo-2l,Delhi,110031,998,2998,66.7,1
2026-06-04-1417,2026-06-04,zepto,jivo-extra-light-olive-oil-combo-2l,Delhi,110032,998,2998,66.7,1
2026-06-04-1417,2026-06-04,zepto,jivo-extra-light-olive-oil-combo-2l,Delhi,110033,998,2998,66.7,1
2026-06-04-1417,2026-06-04,zepto,jivo-extra-light-olive-oil-combo-2l,Delhi,110040,998,2998,66.7,1
2026-06-04-1417,2026-06-04,zepto,jivo-extra-light-olive-oil-combo-2l,Delhi,110048,998,2998,66.7,1
2026-06-04-1417,2026-06-04,zepto,jivo-extra-light-olive-oil-combo-2l,Delhi,110051,998,2998,66.7,1
2026-06-04-1417,2026-06-04,zepto,jivo-extra-light-olive-oil-combo-2l,Delhi,110053,998,2998,66.7,1
2026-06-04-1417,2026-06-04,zepto,jivo-extra-light-olive-oil-combo-2l,Delhi,110062,998,2998,66.7,1
2026-06-04-1417,2026-06-04,zepto,jivo-extra-light-olive-oil-combo-2l,Delhi,110065,998,2998,66.7,1
2026-06-04-1417,2026-06-04,zepto,jivo-extra-light-olive-oil-combo-2l,Delhi,110067,998,2998,66.7,1
2026-06-04-1417,2026-06-04,zepto,jivo-extra-light-olive-oil-combo-2l,Delhi,110076,998,2998,66.7,1
2026-06-04-1417,2026-06-04,zepto,jivo-extra-light-olive-oil-combo-2l,Delhi,110084,998,2998,66.7,1
2026-06-04-1417,2026-06-04,zepto,jivo-extra-light-olive-oil-combo-2l,Delhi,110085,998,2998,66.7,1
2026-06-04-1417,2026-06-04,zepto,jivo-extra-light-olive-oil-combo-2l,Delhi,110091,998,2998,66.7,1
2026-06-04-1417,2026-06-04,zepto,jivo-extra-light-olive-oil-combo-2l,Delhi,110095,998,2998,66.7,1
2026-06-04-1417,2026-06-04,zepto,jivo-extra-light-olive-oil-combo-2l,Faridabad,121001,998,2998,66.7,1
2026-06-04-1417,2026-06-04,zepto,jivo-extra-light-olive-oil-combo-2l,Gurgaon,122004,998,2998,66.7,1
2026-06-04-1417,2026-06-04,zepto,jivo-extra-light-olive-oil-combo-2l,Gurgaon,122006,998,2998,66.7,1
2026-06-04-1417,2026-06-04,zepto,jivo-extra-light-olive-oil-combo-2l,Gurgaon,122010,998,2998,66.7,1
2026-06-04-1417,2026-06-04,zepto,jivo-extra-light-olive-oil-combo-2l,Gurgaon,122051,998,2998,66.7,1
2026-06-04-1417,2026-06-04,zepto,jivo-extra-light-olive-oil-combo-2l,Gurgaon,122101,998,2998,66.7,1
2026-06-04-1417,2026-06-04,zepto,jivo-extra-light-olive-oil-combo-2l,Noida,201306,998,2998,66.7,1
2026-06-04-1417,2026-06-04,zepto,jivo-extra-light-olive-oil-combo-2l,Noida,201307,998,2998,66.7,1
2026-06-04-1417,2026-06-04,zepto,jivo-extra-light-olive-oil-combo-2l,Noida,201309,998,2998,66.7,1
2026-06-04-1417,2026-06-04,zepto,jivo-extra-light-olive-oil-combo-2l,Noida,201310,998,2998,66.7,1
2026-06-04-1417,2026-06-04,zepto,jivo-extra-light-olive-oil-combo-2l,Mumbai,400003,998,2998,66.7,1
2026-06-04-1417,2026-06-04,zepto,jivo-extra-light-olive-oil-combo-2l,Mumbai,400005,998,2998,66.7,1
2026-06-04-1417,2026-06-04,zepto,jivo-extra-light-olive-oil-combo-2l,Mumbai,400006,998,2998,66.7,1
2026-06-04-1417,2026-06-04,zepto,jivo-extra-light-olive-oil-combo-2l,Mumbai,400007,998,2998,66.7,1
2026-06-04-1417,2026-06-04,zepto,jivo-extra-light-olive-oil-combo-2l,Mumbai,400010,998,2998,66.7,1
2026-06-04-1417,2026-06-04,zepto,jivo-extra-light-olive-oil-combo-2l,Mumbai,400012,998,2998,66.7,1
2026-06-04-1417,2026-06-04,zepto,jivo-extra-light-olive-oil-combo-2l,Mumbai,400013,998,2998,66.7,1
2026-06-04-1417,2026-06-04,zepto,jivo-extra-light-olive-oil-combo-2l,Mumbai,400015,998,2998,66.7,1
2026-06-04-1417,2026-06-04,zepto,jivo-extra-light-olive-oil-combo-2l,Mumbai,400019,998,2998,66.7,1
2026-06-04-1417,2026-06-04,zepto,jivo-extra-light-olive-oil-combo-2l,Mumbai,400021,998,2998,66.7,1
2026-06-04-1417,2026-06-04,zepto,jivo-extra-light-olive-oil-combo-2l,Mumbai,400023,998,2998,66.7,1
2026-06-04-1417,2026-06-04,zepto,jivo-extra-light-olive-oil-combo-2l,Mumbai,400030,998,2998,66.7,1
2026-06-04-1417,2026-06-04,zepto,jivo-extra-light-olive-oil-combo-2l,Mumbai,400033,998,2998,66.7,1
2026-06-04-1417,2026-06-04,zepto,jivo-extra-light-olive-oil-combo-2l,Mumbai,400601,998,2998,66.7,1
2026-06-04-1417,2026-06-04,zepto,jivo-extra-light-olive-oil-combo-2l,Mumbai,400611,998,2998,66.7,1
2026-06-04-1417,2026-06-04,zepto,jivo-extra-light-olive-oil-combo-2l,Pune,411011,998,2998,66.7,1
2026-06-04-1417,2026-06-04,zepto,jivo-extra-light-olive-oil-combo-2l,Pune,411015,998,2998,66.7,1
2026-06-04-1417,2026-06-04,zepto,jivo-extra-light-olive-oil-combo-2l,Pune,411021,998,2998,66.7,1
2026-06-04-1417,2026-06-04,zepto,jivo-extra-light-olive-oil-combo-2l,Pune,411036,998,2998,66.7,1
2026-06-04-1417,2026-06-04,zepto,jivo-extra-light-olive-oil-combo-2l,Pune,411045,998,2998,66.7,1
2026-06-04-1417,2026-06-04,zepto,jivo-extra-light-olive-oil-combo-2l,Pune,411047,998,2998,66.7,1
2026-06-04-1417,2026-06-04,zepto,jivo-extra-light-olive-oil-combo-2l,Pune,411051,998,2998,66.7,1
2026-06-04-1417,2026-06-04,zepto,jivo-extra-light-olive-oil-combo-4l,Delhi,110014,2268,5598,59.5,1
2026-06-04-1417,2026-06-04,zepto,jivo-extra-light-olive-oil-combo-4l,Delhi,110040,2268,5598,59.5,1
2026-06-04-1417,2026-06-04,zepto,jivo-extra-light-olive-oil-combo-4l,Delhi,110062,2268,5598,59.5,1
2026-06-04-1417,2026-06-04,zepto,jivo-extra-light-olive-oil-combo-4l,Delhi,110084,2268,5598,59.5,1
2026-06-04-1417,2026-06-04,zepto,jivo-extra-light-olive-oil-combo-4l,Gurgaon,122051,2268,5598,59.5,1
2026-06-04-1417,2026-06-04,zepto,jivo-extra-light-olive-oil-combo-4l,Gurgaon,122101,2268,5598,59.5,1
2026-06-04-1417,2026-06-04,zepto,jivo-extra-light-olive-oil-combo-4l,Noida,201310,2268,5598,59.5,1
2026-06-04-1417,2026-06-04,zepto,jivo-extra-light-olive-oil-combo-4l,Mumbai,400005,2268,5598,59.5,1
2026-06-04-1417,2026-06-04,zepto,jivo-extra-light-olive-oil-combo-4l,Mumbai,400006,2268,5598,59.5,1
2026-06-04-1417,2026-06-04,zepto,jivo-extra-light-olive-oil-combo-4l,Mumbai,400007,2268,5598,59.5,1
2026-06-04-1417,2026-06-04,zepto,jivo-extra-light-olive-oil-combo-4l,Mumbai,400010,2270,5598,59.4,1
2026-06-04-1417,2026-06-04,zepto,jivo-extra-light-olive-oil-combo-4l,Mumbai,400012,2268,5598,59.5,1
2026-06-04-1417,2026-06-04,zepto,jivo-extra-light-olive-oil-combo-4l,Mumbai,400033,2268,5598,59.5,1
2026-06-04-1417,2026-06-04,zepto,jivo-extra-light-olive-oil-combo-4l,Mumbai,400601,2268,5598,59.5,1
2026-06-04-1417,2026-06-04,zepto,jivo-extra-light-olive-oil-combo-4l,Mumbai,400611,2268,5598,59.5,1
2026-06-04-1417,2026-06-04,zepto,jivo-groundnut-cold-pressed-oil-healthy-cooking-oil-1l,Delhi,110004,199,560,64.5,1
2026-06-04-1417,2026-06-04,zepto,jivo-groundnut-cold-pressed-oil-healthy-cooking-oil-1l,Delhi,110006,199,560,64.5,1
2026-06-04-1417,2026-06-04,zepto,jivo-groundnut-cold-pressed-oil-healthy-cooking-oil-1l,Delhi,110007,199,560,64.5,1
2026-06-04-1417,2026-06-04,zepto,jivo-groundnut-cold-pressed-oil-healthy-cooking-oil-1l,Delhi,110008,199,560,64.5,1
2026-06-04-1417,2026-06-04,zepto,jivo-groundnut-cold-pressed-oil-healthy-cooking-oil-1l,Delhi,110009,199,560,64.5,1
2026-06-04-1417,2026-06-04,zepto,jivo-groundnut-cold-pressed-oil-healthy-cooking-oil-1l,Delhi,110010,199,560,64.5,1
2026-06-04-1417,2026-06-04,zepto,jivo-groundnut-cold-pressed-oil-healthy-cooking-oil-1l,Delhi,110013,199,560,64.5,1
2026-06-04-1417,2026-06-04,zepto,jivo-groundnut-cold-pressed-oil-healthy-cooking-oil-1l,Delhi,110014,199,560,64.5,1
2026-06-04-1417,2026-06-04,zepto,jivo-groundnut-cold-pressed-oil-healthy-cooking-oil-1l,Delhi,110015,199,560,64.5,1
2026-06-04-1417,2026-06-04,zepto,jivo-groundnut-cold-pressed-oil-healthy-cooking-oil-1l,Delhi,110017,199,560,64.5,1
2026-06-04-1417,2026-06-04,zepto,jivo-groundnut-cold-pressed-oil-healthy-cooking-oil-1l,Delhi,110018,199,560,64.5,1
2026-06-04-1417,2026-06-04,zepto,jivo-groundnut-cold-pressed-oil-healthy-cooking-oil-1l,Delhi,110021,199,560,64.5,1
2026-06-04-1417,2026-06-04,zepto,jivo-groundnut-cold-pressed-oil-healthy-cooking-oil-1l,Delhi,110024,199,560,64.5,1
2026-06-04-1417,2026-06-04,zepto,jivo-groundnut-cold-pressed-oil-healthy-cooking-oil-1l,Delhi,110025,199,560,64.5,1
2026-06-04-1417,2026-06-04,zepto,jivo-groundnut-cold-pressed-oil-healthy-cooking-oil-1l,Delhi,110026,199,560,64.5,1
2026-06-04-1417,2026-06-04,zepto,jivo-groundnut-cold-pressed-oil-healthy-cooking-oil-1l,Delhi,110031,199,560,64.5,1
2026-06-04-1417,2026-06-04,zepto,jivo-groundnut-cold-pressed-oil-healthy-cooking-oil-1l,Delhi,110032,199,560,64.5,1
2026-06-04-1417,2026-06-04,zepto,jivo-groundnut-cold-pressed-oil-healthy-cooking-oil-1l,Delhi,110033,199,560,64.5,1
2026-06-04-1417,2026-06-04,zepto,jivo-groundnut-cold-pressed-oil-healthy-cooking-oil-1l,Delhi,110035,199,560,64.5,1
2026-06-04-1417,2026-06-04,zepto,jivo-groundnut-cold-pressed-oil-healthy-cooking-oil-1l,Delhi,110040,199,560,64.5,1
2026-06-04-1417,2026-06-04,zepto,jivo-groundnut-cold-pressed-oil-healthy-cooking-oil-1l,Delhi,110042,199,560,64.5,1
2026-06-04-1417,2026-06-04,zepto,jivo-groundnut-cold-pressed-oil-healthy-cooking-oil-1l,Delhi,110046,199,560,64.5,1
2026-06-04-1417,2026-06-04,zepto,jivo-groundnut-cold-pressed-oil-healthy-cooking-oil-1l,Delhi,110048,199,560,64.5,1
2026-06-04-1417,2026-06-04,zepto,jivo-groundnut-cold-pressed-oil-healthy-cooking-oil-1l,Delhi,110051,199,560,64.5,1
2026-06-04-1417,2026-06-04,zepto,jivo-groundnut-cold-pressed-oil-healthy-cooking-oil-1l,Delhi,110053,199,560,64.5,1
2026-06-04-1417,2026-06-04,zepto,jivo-groundnut-cold-pressed-oil-healthy-cooking-oil-1l,Delhi,110062,199,560,64.5,1
2026-06-04-1417,2026-06-04,zepto,jivo-groundnut-cold-pressed-oil-healthy-cooking-oil-1l,Delhi,110065,199,560,64.5,1
2026-06-04-1417,2026-06-04,zepto,jivo-groundnut-cold-pressed-oil-healthy-cooking-oil-1l,Delhi,110067,199,560,64.5,1
2026-06-04-1417,2026-06-04,zepto,jivo-groundnut-cold-pressed-oil-healthy-cooking-oil-1l,Delhi,110076,199,560,64.5,1
2026-06-04-1417,2026-06-04,zepto,jivo-groundnut-cold-pressed-oil-healthy-cooking-oil-1l,Delhi,110084,199,560,64.5,1
2026-06-04-1417,2026-06-04,zepto,jivo-groundnut-cold-pressed-oil-healthy-cooking-oil-1l,Delhi,110085,199,560,64.5,1
2026-06-04-1417,2026-06-04,zepto,jivo-groundnut-cold-pressed-oil-healthy-cooking-oil-1l,Delhi,110090,199,560,64.5,1
2026-06-04-1417,2026-06-04,zepto,jivo-groundnut-cold-pressed-oil-healthy-cooking-oil-1l,Delhi,110091,199,560,64.5,1
2026-06-04-1417,2026-06-04,zepto,jivo-groundnut-cold-pressed-oil-healthy-cooking-oil-1l,Delhi,110092,199,560,64.5,1
2026-06-04-1417,2026-06-04,zepto,jivo-groundnut-cold-pressed-oil-healthy-cooking-oil-1l,Delhi,110095,199,560,64.5,1
2026-06-04-1417,2026-06-04,zepto,jivo-groundnut-cold-pressed-oil-healthy-cooking-oil-1l,Faridabad,121001,199,560,64.5,1
2026-06-04-1417,2026-06-04,zepto,jivo-groundnut-cold-pressed-oil-healthy-cooking-oil-1l,Faridabad,121011,199,560,64.5,1
2026-06-04-1417,2026-06-04,zepto,jivo-groundnut-cold-pressed-oil-healthy-cooking-oil-1l,Gurgaon,122004,199,560,64.5,1
2026-06-04-1417,2026-06-04,zepto,jivo-groundnut-cold-pressed-oil-healthy-cooking-oil-1l,Gurgaon,122006,199,560,64.5,1
2026-06-04-1417,2026-06-04,zepto,jivo-groundnut-cold-pressed-oil-healthy-cooking-oil-1l,Gurgaon,122010,199,560,64.5,1
2026-06-04-1417,2026-06-04,zepto,jivo-groundnut-cold-pressed-oil-healthy-cooking-oil-1l,Gurgaon,122051,199,560,64.5,1
2026-06-04-1417,2026-06-04,zepto,jivo-groundnut-cold-pressed-oil-healthy-cooking-oil-1l,Gurgaon,122101,199,560,64.5,1
2026-06-04-1417,2026-06-04,zepto,jivo-groundnut-cold-pressed-oil-healthy-cooking-oil-1l,Ghaziabad,201003,199,560,64.5,1
2026-06-04-1417,2026-06-04,zepto,jivo-groundnut-cold-pressed-oil-healthy-cooking-oil-1l,Ghaziabad,201005,199,560,64.5,1
2026-06-04-1417,2026-06-04,zepto,jivo-groundnut-cold-pressed-oil-healthy-cooking-oil-1l,Ghaziabad,201009,199,560,64.5,1
2026-06-04-1417,2026-06-04,zepto,jivo-groundnut-cold-pressed-oil-healthy-cooking-oil-1l,Noida,201306,199,560,64.5,1
2026-06-04-1417,2026-06-04,zepto,jivo-groundnut-cold-pressed-oil-healthy-cooking-oil-1l,Noida,201307,199,560,64.5,1
2026-06-04-1417,2026-06-04,zepto,jivo-groundnut-cold-pressed-oil-healthy-cooking-oil-1l,Noida,201309,199,560,64.5,1
2026-06-04-1417,2026-06-04,zepto,jivo-groundnut-cold-pressed-oil-healthy-cooking-oil-1l,Noida,201310,199,560,64.5,1
2026-06-04-1417,2026-06-04,zepto,jivo-groundnut-cold-pressed-oil-healthy-cooking-oil-1l,Mumbai,400003,199,560,64.5,1
2026-06-04-1417,2026-06-04,zepto,jivo-groundnut-cold-pressed-oil-healthy-cooking-oil-1l,Mumbai,400005,199,560,64.5,1
2026-06-04-1417,2026-06-04,zepto,jivo-groundnut-cold-pressed-oil-healthy-cooking-oil-1l,Mumbai,400006,199,560,64.5,1
2026-06-04-1417,2026-06-04,zepto,jivo-groundnut-cold-pressed-oil-healthy-cooking-oil-1l,Mumbai,400007,199,560,64.5,1
2026-06-04-1417,2026-06-04,zepto,jivo-groundnut-cold-pressed-oil-healthy-cooking-oil-1l,Mumbai,400010,199,560,64.5,1
2026-06-04-1417,2026-06-04,zepto,jivo-groundnut-cold-pressed-oil-healthy-cooking-oil-1l,Mumbai,400011,199,560,64.5,1
2026-06-04-1417,2026-06-04,zepto,jivo-groundnut-cold-pressed-oil-healthy-cooking-oil-1l,Mumbai,400012,199,560,64.5,1
2026-06-04-1417,2026-06-04,zepto,jivo-groundnut-cold-pressed-oil-healthy-cooking-oil-1l,Mumbai,400013,199,560,64.5,1
2026-06-04-1417,2026-06-04,zepto,jivo-groundnut-cold-pressed-oil-healthy-cooking-oil-1l,Mumbai,400015,199,560,64.5,1
2026-06-04-1417,2026-06-04,zepto,jivo-groundnut-cold-pressed-oil-healthy-cooking-oil-1l,Mumbai,400017,199,560,64.5,1
2026-06-04-1417,2026-06-04,zepto,jivo-groundnut-cold-pressed-oil-healthy-cooking-oil-1l,Mumbai,400018,199,560,64.5,1
2026-06-04-1417,2026-06-04,zepto,jivo-groundnut-cold-pressed-oil-healthy-cooking-oil-1l,Mumbai,400019,199,560,64.5,1
2026-06-04-1417,2026-06-04,zepto,jivo-groundnut-cold-pressed-oil-healthy-cooking-oil-1l,Mumbai,400020,199,560,64.5,1
2026-06-04-1417,2026-06-04,zepto,jivo-groundnut-cold-pressed-oil-healthy-cooking-oil-1l,Mumbai,400021,199,560,64.5,1
2026-06-04-1417,2026-06-04,zepto,jivo-groundnut-cold-pressed-oil-healthy-cooking-oil-1l,Mumbai,400023,199,560,64.5,1
2026-06-04-1417,2026-06-04,zepto,jivo-groundnut-cold-pressed-oil-healthy-cooking-oil-1l,Mumbai,400025,199,560,64.5,1
2026-06-04-1417,2026-06-04,zepto,jivo-groundnut-cold-pressed-oil-healthy-cooking-oil-1l,Mumbai,400030,199,560,64.5,1
2026-06-04-1417,2026-06-04,zepto,jivo-groundnut-cold-pressed-oil-healthy-cooking-oil-1l,Mumbai,400033,199,560,64.5,1
2026-06-04-1417,2026-06-04,zepto,jivo-groundnut-cold-pressed-oil-healthy-cooking-oil-1l,Mumbai,400041,199,560,64.5,1
2026-06-04-1417,2026-06-04,zepto,jivo-groundnut-cold-pressed-oil-healthy-cooking-oil-1l,Mumbai,400090,199,560,64.5,1
2026-06-04-1417,2026-06-04,zepto,jivo-groundnut-cold-pressed-oil-healthy-cooking-oil-1l,Mumbai,400601,199,560,64.5,1
2026-06-04-1417,2026-06-04,zepto,jivo-groundnut-cold-pressed-oil-healthy-cooking-oil-1l,Mumbai,400611,199,560,64.5,1
2026-06-04-1417,2026-06-04,zepto,jivo-groundnut-cold-pressed-oil-healthy-cooking-oil-1l,Mumbai,400703,199,560,64.5,1
2026-06-04-1417,2026-06-04,zepto,jivo-groundnut-cold-pressed-oil-healthy-cooking-oil-1l,Bengaluru,560014,199,560,64.5,1
2026-06-04-1417,2026-06-04,zepto,jivo-groundnut-cold-pressed-oil-healthy-cooking-oil-1l,Bengaluru,560069,199,560,64.5,1
2026-06-04-1417,2026-06-04,zepto,jivo-groundnut-peanut-cold-pressed-heathy-cooking-oil-na,Delhi,110004,49,150,67.3,1
2026-06-04-1417,2026-06-04,zepto,jivo-groundnut-peanut-cold-pressed-heathy-cooking-oil-na,Delhi,110006,49,150,67.3,1
2026-06-04-1417,2026-06-04,zepto,jivo-groundnut-peanut-cold-pressed-heathy-cooking-oil-na,Delhi,110008,49,150,67.3,1
2026-06-04-1417,2026-06-04,zepto,jivo-groundnut-peanut-cold-pressed-heathy-cooking-oil-na,Delhi,110009,49,150,67.3,1
2026-06-04-1417,2026-06-04,zepto,jivo-groundnut-peanut-cold-pressed-heathy-cooking-oil-na,Delhi,110010,49,150,67.3,1
2026-06-04-1417,2026-06-04,zepto,jivo-groundnut-peanut-cold-pressed-heathy-cooking-oil-na,Delhi,110014,49,150,67.3,1
2026-06-04-1417,2026-06-04,zepto,jivo-groundnut-peanut-cold-pressed-heathy-cooking-oil-na,Delhi,110021,49,150,67.3,1
2026-06-04-1417,2026-06-04,zepto,jivo-groundnut-peanut-cold-pressed-heathy-cooking-oil-na,Delhi,110024,49,150,67.3,1
2026-06-04-1417,2026-06-04,zepto,jivo-groundnut-peanut-cold-pressed-heathy-cooking-oil-na,Delhi,110025,49,150,67.3,1
2026-06-04-1417,2026-06-04,zepto,jivo-groundnut-peanut-cold-pressed-heathy-cooking-oil-na,Delhi,110026,49,150,67.3,1
2026-06-04-1417,2026-06-04,zepto,jivo-groundnut-peanut-cold-pressed-heathy-cooking-oil-na,Delhi,110031,49,150,67.3,1
2026-06-04-1417,2026-06-04,zepto,jivo-groundnut-peanut-cold-pressed-heathy-cooking-oil-na,Delhi,110032,49,150,67.3,1
2026-06-04-1417,2026-06-04,zepto,jivo-groundnut-peanut-cold-pressed-heathy-cooking-oil-na,Delhi,110042,49,150,67.3,1
2026-06-04-1417,2026-06-04,zepto,jivo-groundnut-peanut-cold-pressed-heathy-cooking-oil-na,Delhi,110046,49,150,67.3,1
2026-06-04-1417,2026-06-04,zepto,jivo-groundnut-peanut-cold-pressed-heathy-cooking-oil-na,Delhi,110051,49,150,67.3,1
2026-06-04-1417,2026-06-04,zepto,jivo-groundnut-peanut-cold-pressed-heathy-cooking-oil-na,Delhi,110053,49,150,67.3,1
2026-06-04-1417,2026-06-04,zepto,jivo-groundnut-peanut-cold-pressed-heathy-cooking-oil-na,Delhi,110062,49,150,67.3,1
2026-06-04-1417,2026-06-04,zepto,jivo-groundnut-peanut-cold-pressed-heathy-cooking-oil-na,Delhi,110067,49,150,67.3,1
2026-06-04-1417,2026-06-04,zepto,jivo-groundnut-peanut-cold-pressed-heathy-cooking-oil-na,Delhi,110076,49,150,67.3,1
2026-06-04-1417,2026-06-04,zepto,jivo-groundnut-peanut-cold-pressed-heathy-cooking-oil-na,Delhi,110084,49,150,67.3,1
2026-06-04-1417,2026-06-04,zepto,jivo-groundnut-peanut-cold-pressed-heathy-cooking-oil-na,Delhi,110085,49,150,67.3,1
2026-06-04-1417,2026-06-04,zepto,jivo-groundnut-peanut-cold-pressed-heathy-cooking-oil-na,Delhi,110090,49,150,67.3,1
2026-06-04-1417,2026-06-04,zepto,jivo-groundnut-peanut-cold-pressed-heathy-cooking-oil-na,Delhi,110091,49,150,67.3,1
2026-06-04-1417,2026-06-04,zepto,jivo-groundnut-peanut-cold-pressed-heathy-cooking-oil-na,Delhi,110092,49,150,67.3,1
2026-06-04-1417,2026-06-04,zepto,jivo-groundnut-peanut-cold-pressed-heathy-cooking-oil-na,Delhi,110095,49,150,67.3,1
2026-06-04-1417,2026-06-04,zepto,jivo-groundnut-peanut-cold-pressed-heathy-cooking-oil-na,Gurgaon,122006,49,150,67.3,1
2026-06-04-1417,2026-06-04,zepto,jivo-groundnut-peanut-cold-pressed-heathy-cooking-oil-na,Gurgaon,122051,49,150,67.3,1
2026-06-04-1417,2026-06-04,zepto,jivo-groundnut-peanut-cold-pressed-heathy-cooking-oil-na,Gurgaon,122101,49,150,67.3,1
2026-06-04-1417,2026-06-04,zepto,jivo-groundnut-peanut-cold-pressed-heathy-cooking-oil-na,Ghaziabad,201005,49,150,67.3,1
2026-06-04-1417,2026-06-04,zepto,jivo-groundnut-peanut-cold-pressed-heathy-cooking-oil-na,Jaipur,302016,49,150,67.3,1
2026-06-04-1417,2026-06-04,zepto,jivo-groundnut-peanut-cold-pressed-heathy-cooking-oil-na,Jaipur,302017,49,150,67.3,1
2026-06-04-1417,2026-06-04,zepto,jivo-groundnut-peanut-cold-pressed-heathy-cooking-oil-na,Jaipur,302018,49,150,67.3,1
2026-06-04-1417,2026-06-04,zepto,jivo-groundnut-peanut-cold-pressed-heathy-cooking-oil-na,Jaipur,302020,49,150,67.3,1
2026-06-04-1417,2026-06-04,zepto,jivo-groundnut-peanut-cold-pressed-heathy-cooking-oil-na,Jaipur,302021,49,150,67.3,1
2026-06-04-1417,2026-06-04,zepto,jivo-groundnut-peanut-cold-pressed-heathy-cooking-oil-na,Jaipur,302022,49,150,67.3,1
2026-06-04-1417,2026-06-04,zepto,jivo-groundnut-peanut-cold-pressed-heathy-cooking-oil-na,Jaipur,302023,49,150,67.3,1
2026-06-04-1417,2026-06-04,zepto,jivo-groundnut-peanut-cold-pressed-heathy-cooking-oil-na,Jaipur,302024,49,150,67.3,1
2026-06-04-1417,2026-06-04,zepto,jivo-groundnut-peanut-cold-pressed-heathy-cooking-oil-na,Jaipur,302025,49,150,67.3,1
2026-06-04-1417,2026-06-04,zepto,jivo-groundnut-peanut-cold-pressed-heathy-cooking-oil-na,Jaipur,302032,49,150,67.3,1
2026-06-04-1417,2026-06-04,zepto,jivo-groundnut-peanut-cold-pressed-heathy-cooking-oil-na,Jaipur,303602,49,150,67.3,1
2026-06-04-1417,2026-06-04,zepto,jivo-groundnut-peanut-cold-pressed-heathy-cooking-oil-na,Surat,394510,49,150,67.3,1
2026-06-04-1417,2026-06-04,zepto,jivo-groundnut-peanut-cold-pressed-heathy-cooking-oil-na,Mumbai,400003,49,150,67.3,1
2026-06-04-1417,2026-06-04,zepto,jivo-groundnut-peanut-cold-pressed-heathy-cooking-oil-na,Mumbai,400005,49,150,67.3,1
2026-06-04-1417,2026-06-04,zepto,jivo-groundnut-peanut-cold-pressed-heathy-cooking-oil-na,Mumbai,400006,49,150,67.3,1
2026-06-04-1417,2026-06-04,zepto,jivo-groundnut-peanut-cold-pressed-heathy-cooking-oil-na,Mumbai,400007,49,150,67.3,1
2026-06-04-1417,2026-06-04,zepto,jivo-groundnut-peanut-cold-pressed-heathy-cooking-oil-na,Mumbai,400010,49,150,67.3,1
2026-06-04-1417,2026-06-04,zepto,jivo-groundnut-peanut-cold-pressed-heathy-cooking-oil-na,Mumbai,400011,49,150,67.3,1
2026-06-04-1417,2026-06-04,zepto,jivo-groundnut-peanut-cold-pressed-heathy-cooking-oil-na,Mumbai,400012,49,150,67.3,1
2026-06-04-1417,2026-06-04,zepto,jivo-groundnut-peanut-cold-pressed-heathy-cooking-oil-na,Mumbai,400013,49,150,67.3,1
2026-06-04-1417,2026-06-04,zepto,jivo-groundnut-peanut-cold-pressed-heathy-cooking-oil-na,Mumbai,400015,49,150,67.3,1
2026-06-04-1417,2026-06-04,zepto,jivo-groundnut-peanut-cold-pressed-heathy-cooking-oil-na,Mumbai,400017,49,150,67.3,1
2026-06-04-1417,2026-06-04,zepto,jivo-groundnut-peanut-cold-pressed-heathy-cooking-oil-na,Mumbai,400018,49,150,67.3,1
2026-06-04-1417,2026-06-04,zepto,jivo-groundnut-peanut-cold-pressed-heathy-cooking-oil-na,Mumbai,400019,49,150,67.3,1
2026-06-04-1417,2026-06-04,zepto,jivo-groundnut-peanut-cold-pressed-heathy-cooking-oil-na,Mumbai,400020,49,150,67.3,1
2026-06-04-1417,2026-06-04,zepto,jivo-groundnut-peanut-cold-pressed-heathy-cooking-oil-na,Mumbai,400021,49,150,67.3,1
2026-06-04-1417,2026-06-04,zepto,jivo-groundnut-peanut-cold-pressed-heathy-cooking-oil-na,Mumbai,400023,49,150,67.3,1
2026-06-04-1417,2026-06-04,zepto,jivo-groundnut-peanut-cold-pressed-heathy-cooking-oil-na,Mumbai,400025,49,150,67.3,1
2026-06-04-1417,2026-06-04,zepto,jivo-groundnut-peanut-cold-pressed-heathy-cooking-oil-na,Mumbai,400030,49,150,67.3,1
2026-06-04-1417,2026-06-04,zepto,jivo-groundnut-peanut-cold-pressed-heathy-cooking-oil-na,Mumbai,400033,49,150,67.3,1
2026-06-04-1417,2026-06-04,zepto,jivo-groundnut-peanut-cold-pressed-heathy-cooking-oil-na,Mumbai,400041,49,150,67.3,1
2026-06-04-1417,2026-06-04,zepto,jivo-groundnut-peanut-cold-pressed-heathy-cooking-oil-na,Mumbai,400090,49,150,67.3,1
2026-06-04-1417,2026-06-04,zepto,jivo-groundnut-peanut-cold-pressed-heathy-cooking-oil-na,Mumbai,400611,49,150,67.3,1
2026-06-04-1417,2026-06-04,zepto,jivo-groundnut-peanut-cold-pressed-heathy-cooking-oil-na,Pune,411004,49,150,67.3,1
2026-06-04-1417,2026-06-04,zepto,jivo-groundnut-peanut-cold-pressed-heathy-cooking-oil-na,Pune,411011,49,150,67.3,1
2026-06-04-1417,2026-06-04,zepto,jivo-groundnut-peanut-cold-pressed-heathy-cooking-oil-na,Pune,411012,49,150,67.3,1
2026-06-04-1417,2026-06-04,zepto,jivo-groundnut-peanut-cold-pressed-heathy-cooking-oil-na,Pune,411014,49,150,67.3,1
2026-06-04-1417,2026-06-04,zepto,jivo-groundnut-peanut-cold-pressed-heathy-cooking-oil-na,Pune,411015,49,150,67.3,1
2026-06-04-1417,2026-06-04,zepto,jivo-groundnut-peanut-cold-pressed-heathy-cooking-oil-na,Pune,411021,49,150,67.3,1
2026-06-04-1417,2026-06-04,zepto,jivo-groundnut-peanut-cold-pressed-heathy-cooking-oil-na,Pune,411028,49,150,67.3,1
2026-06-04-1417,2026-06-04,zepto,jivo-groundnut-peanut-cold-pressed-heathy-cooking-oil-na,Pune,411036,49,150,67.3,1
2026-06-04-1417,2026-06-04,zepto,jivo-groundnut-peanut-cold-pressed-heathy-cooking-oil-na,Pune,411045,49,150,67.3,1
2026-06-04-1417,2026-06-04,zepto,jivo-groundnut-peanut-cold-pressed-heathy-cooking-oil-na,Pune,411047,49,150,67.3,1
2026-06-04-1417,2026-06-04,zepto,jivo-groundnut-peanut-cold-pressed-heathy-cooking-oil-na,Pune,411051,49,150,67.3,1
2026-06-04-1417,2026-06-04,zepto,jivo-groundnut-peanut-cold-pressed-heathy-cooking-oil-na,Indore,452001,49,150,67.3,1
2026-06-04-1417,2026-06-04,zepto,jivo-kachi-ghani-mustard-cold-pressed-oil-healthy-cooking-oil-1l,Delhi,110004,181,255,29,1
2026-06-04-1417,2026-06-04,zepto,jivo-kachi-ghani-mustard-cold-pressed-oil-healthy-cooking-oil-1l,Delhi,110006,180,255,29.4,1
2026-06-04-1417,2026-06-04,zepto,jivo-kachi-ghani-mustard-cold-pressed-oil-healthy-cooking-oil-1l,Delhi,110007,180,255,29.4,1
2026-06-04-1417,2026-06-04,zepto,jivo-kachi-ghani-mustard-cold-pressed-oil-healthy-cooking-oil-1l,Delhi,110008,180,255,29.4,1
2026-06-04-1417,2026-06-04,zepto,jivo-kachi-ghani-mustard-cold-pressed-oil-healthy-cooking-oil-1l,Delhi,110009,180,255,29.4,1
2026-06-04-1417,2026-06-04,zepto,jivo-kachi-ghani-mustard-cold-pressed-oil-healthy-cooking-oil-1l,Delhi,110010,180,255,29.4,1
2026-06-04-1417,2026-06-04,zepto,jivo-kachi-ghani-mustard-cold-pressed-oil-healthy-cooking-oil-1l,Delhi,110013,181,255,29,1
2026-06-04-1417,2026-06-04,zepto,jivo-kachi-ghani-mustard-cold-pressed-oil-healthy-cooking-oil-1l,Delhi,110015,181,255,29,1
2026-06-04-1417,2026-06-04,zepto,jivo-kachi-ghani-mustard-cold-pressed-oil-healthy-cooking-oil-1l,Delhi,110017,181,255,29,1
2026-06-04-1417,2026-06-04,zepto,jivo-kachi-ghani-mustard-cold-pressed-oil-healthy-cooking-oil-1l,Delhi,110018,181,255,29,1
2026-06-04-1417,2026-06-04,zepto,jivo-kachi-ghani-mustard-cold-pressed-oil-healthy-cooking-oil-1l,Delhi,110021,181,255,29,1
2026-06-04-1417,2026-06-04,zepto,jivo-kachi-ghani-mustard-cold-pressed-oil-healthy-cooking-oil-1l,Delhi,110024,181,255,29,1
2026-06-04-1417,2026-06-04,zepto,jivo-kachi-ghani-mustard-cold-pressed-oil-healthy-cooking-oil-1l,Delhi,110025,179,255,29.8,1
2026-06-04-1417,2026-06-04,zepto,jivo-kachi-ghani-mustard-cold-pressed-oil-healthy-cooking-oil-1l,Delhi,110026,181,255,29,1
2026-06-04-1417,2026-06-04,zepto,jivo-kachi-ghani-mustard-cold-pressed-oil-healthy-cooking-oil-1l,Delhi,110031,181,255,29,1
2026-06-04-1417,2026-06-04,zepto,jivo-kachi-ghani-mustard-cold-pressed-oil-healthy-cooking-oil-1l,Delhi,110032,181,255,29,1
2026-06-04-1417,2026-06-04,zepto,jivo-kachi-ghani-mustard-cold-pressed-oil-healthy-cooking-oil-1l,Delhi,110035,180,255,29.4,1
2026-06-04-1417,2026-06-04,zepto,jivo-kachi-ghani-mustard-cold-pressed-oil-healthy-cooking-oil-1l,Delhi,110040,181,255,29,1
2026-06-04-1417,2026-06-04,zepto,jivo-kachi-ghani-mustard-cold-pressed-oil-healthy-cooking-oil-1l,Delhi,110042,181,255,29,1
2026-06-04-1417,2026-06-04,zepto,jivo-kachi-ghani-mustard-cold-pressed-oil-healthy-cooking-oil-1l,Delhi,110046,181,255,29,1
2026-06-04-1417,2026-06-04,zepto,jivo-kachi-ghani-mustard-cold-pressed-oil-healthy-cooking-oil-1l,Delhi,110048,181,255,29,1
2026-06-04-1417,2026-06-04,zepto,jivo-kachi-ghani-mustard-cold-pressed-oil-healthy-cooking-oil-1l,Delhi,110051,181,255,29,1
2026-06-04-1417,2026-06-04,zepto,jivo-kachi-ghani-mustard-cold-pressed-oil-healthy-cooking-oil-1l,Delhi,110053,181,255,29,1
2026-06-04-1417,2026-06-04,zepto,jivo-kachi-ghani-mustard-cold-pressed-oil-healthy-cooking-oil-1l,Delhi,110065,181,255,29,1
2026-06-04-1417,2026-06-04,zepto,jivo-kachi-ghani-mustard-cold-pressed-oil-healthy-cooking-oil-1l,Delhi,110067,181,255,29,1
2026-06-04-1417,2026-06-04,zepto,jivo-kachi-ghani-mustard-cold-pressed-oil-healthy-cooking-oil-1l,Delhi,110076,180,255,29.4,1
2026-06-04-1417,2026-06-04,zepto,jivo-kachi-ghani-mustard-cold-pressed-oil-healthy-cooking-oil-1l,Delhi,110084,181,255,29,1
2026-06-04-1417,2026-06-04,zepto,jivo-kachi-ghani-mustard-cold-pressed-oil-healthy-cooking-oil-1l,Delhi,110085,180,255,29.4,1
2026-06-04-1417,2026-06-04,zepto,jivo-kachi-ghani-mustard-cold-pressed-oil-healthy-cooking-oil-1l,Delhi,110090,181,255,29,1
2026-06-04-1417,2026-06-04,zepto,jivo-kachi-ghani-mustard-cold-pressed-oil-healthy-cooking-oil-1l,Delhi,110091,180,255,29.4,1
2026-06-04-1417,2026-06-04,zepto,jivo-kachi-ghani-mustard-cold-pressed-oil-healthy-cooking-oil-1l,Delhi,110092,180,255,29.4,1
2026-06-04-1417,2026-06-04,zepto,jivo-kachi-ghani-mustard-cold-pressed-oil-healthy-cooking-oil-1l,Delhi,110095,180,255,29.4,1
2026-06-04-1417,2026-06-04,zepto,jivo-kachi-ghani-mustard-cold-pressed-oil-healthy-cooking-oil-1l,Faridabad,121001,181,255,29,1
2026-06-04-1417,2026-06-04,zepto,jivo-kachi-ghani-mustard-cold-pressed-oil-healthy-cooking-oil-1l,Faridabad,121011,181,255,29,1
2026-06-04-1417,2026-06-04,zepto,jivo-kachi-ghani-mustard-cold-pressed-oil-healthy-cooking-oil-1l,Gurgaon,122004,181,255,29,1
2026-06-04-1417,2026-06-04,zepto,jivo-kachi-ghani-mustard-cold-pressed-oil-healthy-cooking-oil-1l,Gurgaon,122006,181,255,29,1
2026-06-04-1417,2026-06-04,zepto,jivo-kachi-ghani-mustard-cold-pressed-oil-healthy-cooking-oil-1l,Gurgaon,122010,181,255,29,1
2026-06-04-1417,2026-06-04,zepto,jivo-kachi-ghani-mustard-cold-pressed-oil-healthy-cooking-oil-1l,Ludhiana,141015,181,255,29,1
2026-06-04-1417,2026-06-04,zepto,jivo-kachi-ghani-mustard-cold-pressed-oil-healthy-cooking-oil-1l,Ludhiana,142022,181,255,29,1
2026-06-04-1417,2026-06-04,zepto,jivo-kachi-ghani-mustard-cold-pressed-oil-healthy-cooking-oil-1l,Ludhiana,142036,181,255,29,1
2026-06-04-1417,2026-06-04,zepto,jivo-kachi-ghani-mustard-cold-pressed-oil-healthy-cooking-oil-1l,Chandigarh,160011,180,255,29.4,1
2026-06-04-1417,2026-06-04,zepto,jivo-kachi-ghani-mustard-cold-pressed-oil-healthy-cooking-oil-1l,Chandigarh,160021,180,255,29.4,1
2026-06-04-1417,2026-06-04,zepto,jivo-kachi-ghani-mustard-cold-pressed-oil-healthy-cooking-oil-1l,Chandigarh,160035,180,255,29.4,1
2026-06-04-1417,2026-06-04,zepto,jivo-kachi-ghani-mustard-cold-pressed-oil-healthy-cooking-oil-1l,Chandigarh,160043,180,255,29.4,1
2026-06-04-1417,2026-06-04,zepto,jivo-kachi-ghani-mustard-cold-pressed-oil-healthy-cooking-oil-1l,Ghaziabad,201003,181,255,29,1
2026-06-04-1417,2026-06-04,zepto,jivo-kachi-ghani-mustard-cold-pressed-oil-healthy-cooking-oil-1l,Ghaziabad,201005,181,255,29,1
2026-06-04-1417,2026-06-04,zepto,jivo-kachi-ghani-mustard-cold-pressed-oil-healthy-cooking-oil-1l,Ghaziabad,201009,181,255,29,1
2026-06-04-1417,2026-06-04,zepto,jivo-kachi-ghani-mustard-cold-pressed-oil-healthy-cooking-oil-1l,Noida,201306,181,255,29,1
2026-06-04-1417,2026-06-04,zepto,jivo-kachi-ghani-mustard-cold-pressed-oil-healthy-cooking-oil-1l,Noida,201307,181,255,29,1
2026-06-04-1417,2026-06-04,zepto,jivo-kachi-ghani-mustard-cold-pressed-oil-healthy-cooking-oil-1l,Noida,201309,178,255,30.2,1
2026-06-04-1417,2026-06-04,zepto,jivo-kachi-ghani-mustard-cold-pressed-oil-healthy-cooking-oil-1l,Noida,201310,180,255,29.4,1
2026-06-04-1417,2026-06-04,zepto,jivo-kachi-ghani-mustard-cold-pressed-oil-healthy-cooking-oil-1l,Mumbai,400003,181,255,29,1
2026-06-04-1417,2026-06-04,zepto,jivo-kachi-ghani-mustard-cold-pressed-oil-healthy-cooking-oil-1l,Mumbai,400005,181,255,29,1
2026-06-04-1417,2026-06-04,zepto,jivo-kachi-ghani-mustard-cold-pressed-oil-healthy-cooking-oil-1l,Mumbai,400006,181,255,29,1
2026-06-04-1417,2026-06-04,zepto,jivo-kachi-ghani-mustard-cold-pressed-oil-healthy-cooking-oil-1l,Mumbai,400007,181,255,29,1
2026-06-04-1417,2026-06-04,zepto,jivo-kachi-ghani-mustard-cold-pressed-oil-healthy-cooking-oil-1l,Mumbai,400010,181,255,29,1
2026-06-04-1417,2026-06-04,zepto,jivo-kachi-ghani-mustard-cold-pressed-oil-healthy-cooking-oil-1l,Mumbai,400011,181,255,29,1
2026-06-04-1417,2026-06-04,zepto,jivo-kachi-ghani-mustard-cold-pressed-oil-healthy-cooking-oil-1l,Mumbai,400012,181,255,29,1
2026-06-04-1417,2026-06-04,zepto,jivo-kachi-ghani-mustard-cold-pressed-oil-healthy-cooking-oil-1l,Mumbai,400013,181,255,29,1
2026-06-04-1417,2026-06-04,zepto,jivo-kachi-ghani-mustard-cold-pressed-oil-healthy-cooking-oil-1l,Mumbai,400015,181,255,29,1
2026-06-04-1417,2026-06-04,zepto,jivo-kachi-ghani-mustard-cold-pressed-oil-healthy-cooking-oil-1l,Mumbai,400017,181,255,29,1
2026-06-04-1417,2026-06-04,zepto,jivo-kachi-ghani-mustard-cold-pressed-oil-healthy-cooking-oil-1l,Mumbai,400018,180,255,29.4,1
2026-06-04-1417,2026-06-04,zepto,jivo-kachi-ghani-mustard-cold-pressed-oil-healthy-cooking-oil-1l,Mumbai,400019,181,255,29,1
2026-06-04-1417,2026-06-04,zepto,jivo-kachi-ghani-mustard-cold-pressed-oil-healthy-cooking-oil-1l,Mumbai,400020,181,255,29,1
2026-06-04-1417,2026-06-04,zepto,jivo-kachi-ghani-mustard-cold-pressed-oil-healthy-cooking-oil-1l,Mumbai,400021,181,255,29,1
2026-06-04-1417,2026-06-04,zepto,jivo-kachi-ghani-mustard-cold-pressed-oil-healthy-cooking-oil-1l,Mumbai,400023,181,255,29,1
2026-06-04-1417,2026-06-04,zepto,jivo-kachi-ghani-mustard-cold-pressed-oil-healthy-cooking-oil-1l,Mumbai,400025,180,255,29.4,1
2026-06-04-1417,2026-06-04,zepto,jivo-kachi-ghani-mustard-cold-pressed-oil-healthy-cooking-oil-1l,Mumbai,400030,181,255,29,1
2026-06-04-1417,2026-06-04,zepto,jivo-kachi-ghani-mustard-cold-pressed-oil-healthy-cooking-oil-1l,Mumbai,400033,181,255,29,1
2026-06-04-1417,2026-06-04,zepto,jivo-kachi-ghani-mustard-cold-pressed-oil-healthy-cooking-oil-1l,Mumbai,400090,181,255,29,1
2026-06-04-1417,2026-06-04,zepto,jivo-kachi-ghani-mustard-cold-pressed-oil-healthy-cooking-oil-1l,Mumbai,400601,181,255,29,1
2026-06-04-1417,2026-06-04,zepto,jivo-kachi-ghani-mustard-cold-pressed-oil-healthy-cooking-oil-1l,Mumbai,400703,181,255,29,1
2026-06-04-1417,2026-06-04,zepto,jivo-kachi-ghani-mustard-cold-pressed-oil-healthy-cooking-oil-1l,Bengaluru,560019,181,255,29,1
2026-06-04-1417,2026-06-04,zepto,jivo-kachi-ghani-mustard-cold-pressed-oil-healthy-cooking-oil-1l,Bengaluru,560028,181,255,29,1
2026-06-04-1417,2026-06-04,zepto,jivo-kachi-ghani-mustard-cold-pressed-oil-healthy-cooking-oil-1l,Bengaluru,560039,181,255,29,1
2026-06-04-1417,2026-06-04,zepto,jivo-kachi-ghani-mustard-cold-pressed-oil-healthy-cooking-oil-1l,Bengaluru,560069,181,255,29,1
2026-06-04-1417,2026-06-04,zepto,jivo-kachi-ghani-mustard-cold-pressed-oil-healthy-cooking-oil-1l,Mysuru,570016,172,255,32.5,0
2026-06-04-1417,2026-06-04,zepto,jivo-kachi-ghani-mustard-cold-pressed-oil-healthy-cooking-oil-1l,Mysuru,570026,178,255,30.2,1
2026-06-04-1417,2026-06-04,zepto,jivo-pomace-olive-oil-1l,Delhi,110004,379,1049,63.9,1
2026-06-04-1417,2026-06-04,zepto,jivo-pomace-olive-oil-1l,Delhi,110006,379,1049,63.9,1
2026-06-04-1417,2026-06-04,zepto,jivo-pomace-olive-oil-1l,Delhi,110007,379,1049,63.9,1
2026-06-04-1417,2026-06-04,zepto,jivo-pomace-olive-oil-1l,Delhi,110009,379,1049,63.9,1
2026-06-04-1417,2026-06-04,zepto,jivo-pomace-olive-oil-1l,Delhi,110010,379,1049,63.9,1
2026-06-04-1417,2026-06-04,zepto,jivo-pomace-olive-oil-1l,Delhi,110013,379,1049,63.9,1
2026-06-04-1417,2026-06-04,zepto,jivo-pomace-olive-oil-1l,Delhi,110014,379,1049,63.9,1
2026-06-04-1417,2026-06-04,zepto,jivo-pomace-olive-oil-1l,Delhi,110015,379,1049,63.9,1
2026-06-04-1417,2026-06-04,zepto,jivo-pomace-olive-oil-1l,Delhi,110017,379,1049,63.9,1
2026-06-04-1417,2026-06-04,zepto,jivo-pomace-olive-oil-1l,Delhi,110018,379,1049,63.9,1
2026-06-04-1417,2026-06-04,zepto,jivo-pomace-olive-oil-1l,Delhi,110021,379,1049,63.9,1
2026-06-04-1417,2026-06-04,zepto,jivo-pomace-olive-oil-1l,Delhi,110025,379,1049,63.9,1
2026-06-04-1417,2026-06-04,zepto,jivo-pomace-olive-oil-1l,Delhi,110026,379,1049,63.9,1
2026-06-04-1417,2026-06-04,zepto,jivo-pomace-olive-oil-1l,Delhi,110031,379,1049,63.9,1
2026-06-04-1417,2026-06-04,zepto,jivo-pomace-olive-oil-1l,Delhi,110032,379,1049,63.9,1
2026-06-04-1417,2026-06-04,zepto,jivo-pomace-olive-oil-1l,Delhi,110035,379,1049,63.9,1
2026-06-04-1417,2026-06-04,zepto,jivo-pomace-olive-oil-1l,Delhi,110040,379,1049,63.9,1
2026-06-04-1417,2026-06-04,zepto,jivo-pomace-olive-oil-1l,Delhi,110042,379,1049,63.9,1
2026-06-04-1417,2026-06-04,zepto,jivo-pomace-olive-oil-1l,Delhi,110046,379,1049,63.9,1
2026-06-04-1417,2026-06-04,zepto,jivo-pomace-olive-oil-1l,Delhi,110048,379,1049,63.9,1
2026-06-04-1417,2026-06-04,zepto,jivo-pomace-olive-oil-1l,Delhi,110051,379,1049,63.9,1
2026-06-04-1417,2026-06-04,zepto,jivo-pomace-olive-oil-1l,Delhi,110053,379,1049,63.9,1
2026-06-04-1417,2026-06-04,zepto,jivo-pomace-olive-oil-1l,Delhi,110062,379,1049,63.9,1
2026-06-04-1417,2026-06-04,zepto,jivo-pomace-olive-oil-1l,Delhi,110065,379,1049,63.9,1
2026-06-04-1417,2026-06-04,zepto,jivo-pomace-olive-oil-1l,Delhi,110067,379,1049,63.9,1
2026-06-04-1417,2026-06-04,zepto,jivo-pomace-olive-oil-1l,Delhi,110076,379,1049,63.9,1
2026-06-04-1417,2026-06-04,zepto,jivo-pomace-olive-oil-1l,Delhi,110084,379,1049,63.9,1
2026-06-04-1417,2026-06-04,zepto,jivo-pomace-olive-oil-1l,Delhi,110085,379,1049,63.9,1
2026-06-04-1417,2026-06-04,zepto,jivo-pomace-olive-oil-1l,Delhi,110088,379,1049,63.9,1
2026-06-04-1417,2026-06-04,zepto,jivo-pomace-olive-oil-1l,Delhi,110090,379,1049,63.9,1
2026-06-04-1417,2026-06-04,zepto,jivo-pomace-olive-oil-1l,Delhi,110091,379,1049,63.9,1
2026-06-04-1417,2026-06-04,zepto,jivo-pomace-olive-oil-1l,Delhi,110092,379,1049,63.9,1
2026-06-04-1417,2026-06-04,zepto,jivo-pomace-olive-oil-1l,Delhi,110095,379,1049,63.9,1
2026-06-04-1417,2026-06-04,zepto,jivo-pomace-olive-oil-1l,Faridabad,121001,379,1049,63.9,1
2026-06-04-1417,2026-06-04,zepto,jivo-pomace-olive-oil-1l,Faridabad,121011,379,1049,63.9,1
2026-06-04-1417,2026-06-04,zepto,jivo-pomace-olive-oil-1l,Gurgaon,122004,379,1049,63.9,1
2026-06-04-1417,2026-06-04,zepto,jivo-pomace-olive-oil-1l,Gurgaon,122006,379,1049,63.9,1
2026-06-04-1417,2026-06-04,zepto,jivo-pomace-olive-oil-1l,Gurgaon,122010,379,1049,63.9,1
2026-06-04-1417,2026-06-04,zepto,jivo-pomace-olive-oil-1l,Gurgaon,122051,379,1049,63.9,1
2026-06-04-1417,2026-06-04,zepto,jivo-pomace-olive-oil-1l,Gurgaon,122101,379,1049,63.9,1
2026-06-04-1417,2026-06-04,zepto,jivo-pomace-olive-oil-1l,Ludhiana,141015,379,1049,63.9,1
2026-06-04-1417,2026-06-04,zepto,jivo-pomace-olive-oil-1l,Ludhiana,142022,379,1049,63.9,1
2026-06-04-1417,2026-06-04,zepto,jivo-pomace-olive-oil-1l,Ludhiana,142036,379,1049,63.9,1
2026-06-04-1417,2026-06-04,zepto,jivo-pomace-olive-oil-1l,Chandigarh,160011,379,1049,63.9,1
2026-06-04-1417,2026-06-04,zepto,jivo-pomace-olive-oil-1l,Chandigarh,160021,379,1049,63.9,1
2026-06-04-1417,2026-06-04,zepto,jivo-pomace-olive-oil-1l,Chandigarh,160035,379,1049,63.9,1
2026-06-04-1417,2026-06-04,zepto,jivo-pomace-olive-oil-1l,Chandigarh,160043,379,1049,63.9,1
2026-06-04-1417,2026-06-04,zepto,jivo-pomace-olive-oil-1l,Ghaziabad,201003,379,1049,63.9,1
2026-06-04-1417,2026-06-04,zepto,jivo-pomace-olive-oil-1l,Ghaziabad,201005,379,1049,63.9,1
2026-06-04-1417,2026-06-04,zepto,jivo-pomace-olive-oil-1l,Ghaziabad,201009,379,1049,63.9,1
2026-06-04-1417,2026-06-04,zepto,jivo-pomace-olive-oil-1l,Noida,201306,379,1049,63.9,1
2026-06-04-1417,2026-06-04,zepto,jivo-pomace-olive-oil-1l,Noida,201307,379,1049,63.9,1
2026-06-04-1417,2026-06-04,zepto,jivo-pomace-olive-oil-1l,Noida,201309,379,1049,63.9,1
2026-06-04-1417,2026-06-04,zepto,jivo-pomace-olive-oil-1l,Noida,201310,379,1049,63.9,1
2026-06-04-1417,2026-06-04,zepto,jivo-pomace-olive-oil-1l,Mumbai,400003,379,1049,63.9,1
2026-06-04-1417,2026-06-04,zepto,jivo-pomace-olive-oil-1l,Mumbai,400005,379,1049,63.9,1
2026-06-04-1417,2026-06-04,zepto,jivo-pomace-olive-oil-1l,Mumbai,400006,379,1049,63.9,1
2026-06-04-1417,2026-06-04,zepto,jivo-pomace-olive-oil-1l,Mumbai,400007,379,1049,63.9,1
2026-06-04-1417,2026-06-04,zepto,jivo-pomace-olive-oil-1l,Mumbai,400010,379,1049,63.9,1
2026-06-04-1417,2026-06-04,zepto,jivo-pomace-olive-oil-1l,Mumbai,400012,379,1049,63.9,1
2026-06-04-1417,2026-06-04,zepto,jivo-pomace-olive-oil-1l,Mumbai,400013,379,1049,63.9,1
2026-06-04-1417,2026-06-04,zepto,jivo-pomace-olive-oil-1l,Mumbai,400015,379,1049,63.9,1
2026-06-04-1417,2026-06-04,zepto,jivo-pomace-olive-oil-1l,Mumbai,400018,379,1049,63.9,1
2026-06-04-1417,2026-06-04,zepto,jivo-pomace-olive-oil-1l,Mumbai,400019,379,1049,63.9,1
2026-06-04-1417,2026-06-04,zepto,jivo-pomace-olive-oil-1l,Mumbai,400021,379,1049,63.9,1
2026-06-04-1417,2026-06-04,zepto,jivo-pomace-olive-oil-1l,Mumbai,400023,379,1049,63.9,1
2026-06-04-1417,2026-06-04,zepto,jivo-pomace-olive-oil-1l,Mumbai,400025,379,1049,63.9,1
2026-06-04-1417,2026-06-04,zepto,jivo-pomace-olive-oil-1l,Mumbai,400030,379,1049,63.9,1
2026-06-04-1417,2026-06-04,zepto,jivo-pomace-olive-oil-1l,Mumbai,400033,379,1049,63.9,1
2026-06-04-1417,2026-06-04,zepto,jivo-pomace-olive-oil-1l,Mumbai,400041,379,1049,63.9,1
2026-06-04-1417,2026-06-04,zepto,jivo-pomace-olive-oil-1l,Mumbai,400090,379,1049,63.9,1
2026-06-04-1417,2026-06-04,zepto,jivo-pomace-olive-oil-1l,Mumbai,400601,379,1049,63.9,1
2026-06-04-1417,2026-06-04,zepto,jivo-pomace-olive-oil-1l,Mumbai,400611,379,1049,63.9,1
2026-06-04-1417,2026-06-04,zepto,jivo-pomace-olive-oil-1l,Mumbai,400703,379,1049,63.9,1
2026-06-04-1417,2026-06-04,zepto,jivo-pomace-olive-oil-1l,Pune,410506,997,1049,5,1
2026-06-04-1417,2026-06-04,zepto,jivo-pomace-olive-oil-1l,Pune,411004,379,1049,63.9,1
2026-06-04-1417,2026-06-04,zepto,jivo-pomace-olive-oil-1l,Pune,411006,379,1049,63.9,1
2026-06-04-1417,2026-06-04,zepto,jivo-pomace-olive-oil-1l,Pune,411011,379,1049,63.9,1
2026-06-04-1417,2026-06-04,zepto,jivo-pomace-olive-oil-1l,Pune,411012,379,1049,63.9,1
2026-06-04-1417,2026-06-04,zepto,jivo-pomace-olive-oil-1l,Pune,411014,379,1049,63.9,1
2026-06-04-1417,2026-06-04,zepto,jivo-pomace-olive-oil-1l,Pune,411015,379,1049,63.9,1
2026-06-04-1417,2026-06-04,zepto,jivo-pomace-olive-oil-1l,Pune,411021,379,1049,63.9,1
2026-06-04-1417,2026-06-04,zepto,jivo-pomace-olive-oil-1l,Pune,411028,379,1049,63.9,1
2026-06-04-1417,2026-06-04,zepto,jivo-pomace-olive-oil-1l,Pune,411036,379,1049,63.9,1
2026-06-04-1417,2026-06-04,zepto,jivo-pomace-olive-oil-1l,Pune,411045,379,1049,63.9,1
2026-06-04-1417,2026-06-04,zepto,jivo-pomace-olive-oil-1l,Pune,411051,379,1049,63.9,1
2026-06-04-1417,2026-06-04,zepto,jivo-pomace-olive-oil-1l,Bengaluru,560014,379,1049,63.9,1
2026-06-04-1417,2026-06-04,zepto,jivo-pomace-olive-oil-1l,Bengaluru,560019,379,1049,63.9,1
2026-06-04-1417,2026-06-04,zepto,jivo-pomace-olive-oil-1l,Bengaluru,560028,379,1049,63.9,1
2026-06-04-1417,2026-06-04,zepto,jivo-pomace-olive-oil-1l,Bengaluru,560069,379,1049,63.9,1
2026-06-04-1417,2026-06-04,zepto,jivo-pomace-olive-oil-combo-2l,Delhi,110004,758,2098,63.9,1
2026-06-04-1417,2026-06-04,zepto,jivo-pomace-olive-oil-combo-2l,Delhi,110007,758,2098,63.9,1
2026-06-04-1417,2026-06-04,zepto,jivo-pomace-olive-oil-combo-2l,Delhi,110013,758,2098,63.9,1
2026-06-04-1417,2026-06-04,zepto,jivo-pomace-olive-oil-combo-2l,Delhi,110014,758,2098,63.9,1
2026-06-04-1417,2026-06-04,zepto,jivo-pomace-olive-oil-combo-2l,Delhi,110015,758,2098,63.9,1
2026-06-04-1417,2026-06-04,zepto,jivo-pomace-olive-oil-combo-2l,Delhi,110021,758,2098,63.9,1
2026-06-04-1417,2026-06-04,zepto,jivo-pomace-olive-oil-combo-2l,Delhi,110025,758,2098,63.9,1
2026-06-04-1417,2026-06-04,zepto,jivo-pomace-olive-oil-combo-2l,Delhi,110026,758,2098,63.9,1
2026-06-04-1417,2026-06-04,zepto,jivo-pomace-olive-oil-combo-2l,Delhi,110031,758,2098,63.9,1
2026-06-04-1417,2026-06-04,zepto,jivo-pomace-olive-oil-combo-2l,Delhi,110032,758,2098,63.9,1
2026-06-04-1417,2026-06-04,zepto,jivo-pomace-olive-oil-combo-2l,Delhi,110040,758,2098,63.9,1
2026-06-04-1417,2026-06-04,zepto,jivo-pomace-olive-oil-combo-2l,Delhi,110048,758,2098,63.9,1
2026-06-04-1417,2026-06-04,zepto,jivo-pomace-olive-oil-combo-2l,Delhi,110053,758,2098,63.9,1
2026-06-04-1417,2026-06-04,zepto,jivo-pomace-olive-oil-combo-2l,Delhi,110062,758,2098,63.9,1
2026-06-04-1417,2026-06-04,zepto,jivo-pomace-olive-oil-combo-2l,Delhi,110065,758,2098,63.9,1
2026-06-04-1417,2026-06-04,zepto,jivo-pomace-olive-oil-combo-2l,Delhi,110067,758,2098,63.9,1
2026-06-04-1417,2026-06-04,zepto,jivo-pomace-olive-oil-combo-2l,Delhi,110076,758,2098,63.9,1
2026-06-04-1417,2026-06-04,zepto,jivo-pomace-olive-oil-combo-2l,Delhi,110084,758,2098,63.9,1
2026-06-04-1417,2026-06-04,zepto,jivo-pomace-olive-oil-combo-2l,Delhi,110091,758,2098,63.9,1
2026-06-04-1417,2026-06-04,zepto,jivo-pomace-olive-oil-combo-2l,Delhi,110095,758,2098,63.9,1
2026-06-04-1417,2026-06-04,zepto,jivo-pomace-olive-oil-combo-2l,Faridabad,121001,758,2098,63.9,1
2026-06-04-1417,2026-06-04,zepto,jivo-pomace-olive-oil-combo-2l,Gurgaon,122004,758,2098,63.9,1
2026-06-04-1417,2026-06-04,zepto,jivo-pomace-olive-oil-combo-2l,Gurgaon,122006,758,2098,63.9,1
2026-06-04-1417,2026-06-04,zepto,jivo-pomace-olive-oil-combo-2l,Gurgaon,122010,758,2098,63.9,1
2026-06-04-1417,2026-06-04,zepto,jivo-pomace-olive-oil-combo-2l,Ghaziabad,201003,758,2098,63.9,1
2026-06-04-1417,2026-06-04,zepto,jivo-pomace-olive-oil-combo-2l,Ghaziabad,201005,758,2098,63.9,1
2026-06-04-1417,2026-06-04,zepto,jivo-pomace-olive-oil-combo-2l,Noida,201306,758,2098,63.9,1
2026-06-04-1417,2026-06-04,zepto,jivo-pomace-olive-oil-combo-2l,Noida,201307,758,2098,63.9,1
2026-06-04-1417,2026-06-04,zepto,jivo-pomace-olive-oil-combo-2l,Noida,201309,758,2098,63.9,1
2026-06-04-1417,2026-06-04,zepto,jivo-pomace-olive-oil-combo-2l,Noida,201310,758,2098,63.9,1
2026-06-04-1417,2026-06-04,zepto,jivo-pomace-olive-oil-combo-2l,Mumbai,400003,758,2098,63.9,1
2026-06-04-1417,2026-06-04,zepto,jivo-pomace-olive-oil-combo-2l,Mumbai,400005,758,2098,63.9,1
2026-06-04-1417,2026-06-04,zepto,jivo-pomace-olive-oil-combo-2l,Mumbai,400006,758,2098,63.9,1
2026-06-04-1417,2026-06-04,zepto,jivo-pomace-olive-oil-combo-2l,Mumbai,400007,758,2098,63.9,1
2026-06-04-1417,2026-06-04,zepto,jivo-pomace-olive-oil-combo-2l,Mumbai,400010,758,2098,63.9,1
2026-06-04-1417,2026-06-04,zepto,jivo-pomace-olive-oil-combo-2l,Mumbai,400012,758,2098,63.9,1
2026-06-04-1417,2026-06-04,zepto,jivo-pomace-olive-oil-combo-2l,Mumbai,400013,758,2098,63.9,1
2026-06-04-1417,2026-06-04,zepto,jivo-pomace-olive-oil-combo-2l,Mumbai,400015,758,2098,63.9,1
2026-06-04-1417,2026-06-04,zepto,jivo-pomace-olive-oil-combo-2l,Mumbai,400019,758,2098,63.9,1
2026-06-04-1417,2026-06-04,zepto,jivo-pomace-olive-oil-combo-2l,Mumbai,400021,758,2098,63.9,1
2026-06-04-1417,2026-06-04,zepto,jivo-pomace-olive-oil-combo-2l,Mumbai,400023,758,2098,63.9,1
2026-06-04-1417,2026-06-04,zepto,jivo-pomace-olive-oil-combo-2l,Mumbai,400030,758,2098,63.9,1
2026-06-04-1417,2026-06-04,zepto,jivo-pomace-olive-oil-combo-2l,Mumbai,400033,758,2098,63.9,1
2026-06-04-1417,2026-06-04,zepto,jivo-pomace-olive-oil-combo-2l,Mumbai,400090,758,2098,63.9,1
2026-06-04-1417,2026-06-04,zepto,jivo-pomace-olive-oil-combo-2l,Mumbai,400601,758,2098,63.9,1
2026-06-04-1417,2026-06-04,zepto,jivo-pomace-olive-oil-combo-2l,Mumbai,400703,758,2098,63.9,1
2026-06-04-1417,2026-06-04,zepto,jivo-pomace-olive-oil-combo-2l,Pune,411006,758,2098,63.9,1
2026-06-04-1417,2026-06-04,zepto,jivo-pomace-olive-oil-combo-2l,Pune,411011,758,2098,63.9,1
2026-06-04-1417,2026-06-04,zepto,jivo-pomace-olive-oil-combo-2l,Pune,411012,758,2098,63.9,1
2026-06-04-1417,2026-06-04,zepto,jivo-pomace-olive-oil-combo-2l,Pune,411014,758,2098,63.9,1
2026-06-04-1417,2026-06-04,zepto,jivo-pomace-olive-oil-combo-2l,Pune,411015,758,2098,63.9,1
2026-06-04-1417,2026-06-04,zepto,jivo-pomace-olive-oil-combo-2l,Pune,411021,758,2098,63.9,1
2026-06-04-1417,2026-06-04,zepto,jivo-pomace-olive-oil-combo-2l,Pune,411036,758,2098,63.9,1
2026-06-04-1417,2026-06-04,zepto,jivo-pomace-olive-oil-combo-2l,Pune,411045,758,2098,63.9,1
2026-06-04-1417,2026-06-04,zepto,jivo-pomace-olive-oil-combo-2l,Bengaluru,560014,758,2098,63.9,1
2026-06-04-1417,2026-06-04,zepto,jivo-sunflower-cold-pressed-oil-healthy-cooking-oil-1l,Delhi,110004,192,275,30.2,1
2026-06-04-1417,2026-06-04,zepto,jivo-sunflower-cold-pressed-oil-healthy-cooking-oil-1l,Delhi,110006,192,275,30.2,1
2026-06-04-1417,2026-06-04,zepto,jivo-sunflower-cold-pressed-oil-healthy-cooking-oil-1l,Delhi,110007,192,275,30.2,1
2026-06-04-1417,2026-06-04,zepto,jivo-sunflower-cold-pressed-oil-healthy-cooking-oil-1l,Delhi,110008,192,275,30.2,1
2026-06-04-1417,2026-06-04,zepto,jivo-sunflower-cold-pressed-oil-healthy-cooking-oil-1l,Delhi,110009,192,275,30.2,1
2026-06-04-1417,2026-06-04,zepto,jivo-sunflower-cold-pressed-oil-healthy-cooking-oil-1l,Delhi,110010,192,275,30.2,1
2026-06-04-1417,2026-06-04,zepto,jivo-sunflower-cold-pressed-oil-healthy-cooking-oil-1l,Delhi,110013,192,275,30.2,1
2026-06-04-1417,2026-06-04,zepto,jivo-sunflower-cold-pressed-oil-healthy-cooking-oil-1l,Delhi,110014,192,275,30.2,1
2026-06-04-1417,2026-06-04,zepto,jivo-sunflower-cold-pressed-oil-healthy-cooking-oil-1l,Delhi,110015,192,275,30.2,1
2026-06-04-1417,2026-06-04,zepto,jivo-sunflower-cold-pressed-oil-healthy-cooking-oil-1l,Delhi,110017,192,275,30.2,1
2026-06-04-1417,2026-06-04,zepto,jivo-sunflower-cold-pressed-oil-healthy-cooking-oil-1l,Delhi,110021,192,275,30.2,1
2026-06-04-1417,2026-06-04,zepto,jivo-sunflower-cold-pressed-oil-healthy-cooking-oil-1l,Delhi,110024,192,275,30.2,1
2026-06-04-1417,2026-06-04,zepto,jivo-sunflower-cold-pressed-oil-healthy-cooking-oil-1l,Delhi,110025,192,275,30.2,1
2026-06-04-1417,2026-06-04,zepto,jivo-sunflower-cold-pressed-oil-healthy-cooking-oil-1l,Delhi,110026,192,275,30.2,1
2026-06-04-1417,2026-06-04,zepto,jivo-sunflower-cold-pressed-oil-healthy-cooking-oil-1l,Delhi,110031,192,275,30.2,1
2026-06-04-1417,2026-06-04,zepto,jivo-sunflower-cold-pressed-oil-healthy-cooking-oil-1l,Delhi,110032,192,275,30.2,1
2026-06-04-1417,2026-06-04,zepto,jivo-sunflower-cold-pressed-oil-healthy-cooking-oil-1l,Delhi,110035,192,275,30.2,1
2026-06-04-1417,2026-06-04,zepto,jivo-sunflower-cold-pressed-oil-healthy-cooking-oil-1l,Delhi,110040,192,275,30.2,1
2026-06-04-1417,2026-06-04,zepto,jivo-sunflower-cold-pressed-oil-healthy-cooking-oil-1l,Delhi,110042,182,275,33.8,1
2026-06-04-1417,2026-06-04,zepto,jivo-sunflower-cold-pressed-oil-healthy-cooking-oil-1l,Delhi,110046,192,275,30.2,1
2026-06-04-1417,2026-06-04,zepto,jivo-sunflower-cold-pressed-oil-healthy-cooking-oil-1l,Delhi,110048,192,275,30.2,1
2026-06-04-1417,2026-06-04,zepto,jivo-sunflower-cold-pressed-oil-healthy-cooking-oil-1l,Delhi,110051,192,275,30.2,1
2026-06-04-1417,2026-06-04,zepto,jivo-sunflower-cold-pressed-oil-healthy-cooking-oil-1l,Delhi,110053,192,275,30.2,1
2026-06-04-1417,2026-06-04,zepto,jivo-sunflower-cold-pressed-oil-healthy-cooking-oil-1l,Delhi,110062,192,275,30.2,1
2026-06-04-1417,2026-06-04,zepto,jivo-sunflower-cold-pressed-oil-healthy-cooking-oil-1l,Delhi,110065,192,275,30.2,1
2026-06-04-1417,2026-06-04,zepto,jivo-sunflower-cold-pressed-oil-healthy-cooking-oil-1l,Delhi,110067,192,275,30.2,1
2026-06-04-1417,2026-06-04,zepto,jivo-sunflower-cold-pressed-oil-healthy-cooking-oil-1l,Delhi,110076,192,275,30.2,1
2026-06-04-1417,2026-06-04,zepto,jivo-sunflower-cold-pressed-oil-healthy-cooking-oil-1l,Delhi,110084,192,275,30.2,1
2026-06-04-1417,2026-06-04,zepto,jivo-sunflower-cold-pressed-oil-healthy-cooking-oil-1l,Delhi,110085,192,275,30.2,1
2026-06-04-1417,2026-06-04,zepto,jivo-sunflower-cold-pressed-oil-healthy-cooking-oil-1l,Delhi,110088,192,275,30.2,1
2026-06-04-1417,2026-06-04,zepto,jivo-sunflower-cold-pressed-oil-healthy-cooking-oil-1l,Delhi,110090,191,275,30.5,1
2026-06-04-1417,2026-06-04,zepto,jivo-sunflower-cold-pressed-oil-healthy-cooking-oil-1l,Delhi,110091,192,275,30.2,1
2026-06-04-1417,2026-06-04,zepto,jivo-sunflower-cold-pressed-oil-healthy-cooking-oil-1l,Delhi,110092,192,275,30.2,1
2026-06-04-1417,2026-06-04,zepto,jivo-sunflower-cold-pressed-oil-healthy-cooking-oil-1l,Delhi,110095,192,275,30.2,1
2026-06-04-1417,2026-06-04,zepto,jivo-sunflower-cold-pressed-oil-healthy-cooking-oil-1l,Faridabad,121001,188,275,31.6,1
2026-06-04-1417,2026-06-04,zepto,jivo-sunflower-cold-pressed-oil-healthy-cooking-oil-1l,Faridabad,121011,192,275,30.2,1
2026-06-04-1417,2026-06-04,zepto,jivo-sunflower-cold-pressed-oil-healthy-cooking-oil-1l,Gurgaon,122004,192,275,30.2,1
2026-06-04-1417,2026-06-04,zepto,jivo-sunflower-cold-pressed-oil-healthy-cooking-oil-1l,Gurgaon,122006,192,275,30.2,1
2026-06-04-1417,2026-06-04,zepto,jivo-sunflower-cold-pressed-oil-healthy-cooking-oil-1l,Gurgaon,122010,192,275,30.2,1
2026-06-04-1417,2026-06-04,zepto,jivo-sunflower-cold-pressed-oil-healthy-cooking-oil-1l,Gurgaon,122051,192,275,30.2,1
2026-06-04-1417,2026-06-04,zepto,jivo-sunflower-cold-pressed-oil-healthy-cooking-oil-1l,Gurgaon,122101,192,275,30.2,1
2026-06-04-1417,2026-06-04,zepto,jivo-sunflower-cold-pressed-oil-healthy-cooking-oil-1l,Ghaziabad,201003,192,275,30.2,1
2026-06-04-1417,2026-06-04,zepto,jivo-sunflower-cold-pressed-oil-healthy-cooking-oil-1l,Ghaziabad,201005,191,275,30.5,1
2026-06-04-1417,2026-06-04,zepto,jivo-sunflower-cold-pressed-oil-healthy-cooking-oil-1l,Ghaziabad,201009,191,275,30.5,1
2026-06-04-1417,2026-06-04,zepto,jivo-sunflower-cold-pressed-oil-healthy-cooking-oil-1l,Noida,201306,192,275,30.2,1
2026-06-04-1417,2026-06-04,zepto,jivo-sunflower-cold-pressed-oil-healthy-cooking-oil-1l,Noida,201307,192,275,30.2,1
2026-06-04-1417,2026-06-04,zepto,jivo-sunflower-cold-pressed-oil-healthy-cooking-oil-1l,Noida,201309,182,275,33.8,1
2026-06-04-1417,2026-06-04,zepto,jivo-sunflower-cold-pressed-oil-healthy-cooking-oil-1l,Noida,201310,189,275,31.3,1
2026-06-04-1417,2026-06-04,zepto,jivo-sunflower-cold-pressed-oil-healthy-cooking-oil-1l,Mumbai,400005,192,275,30.2,1
2026-06-04-1417,2026-06-04,zepto,jivo-sunflower-cold-pressed-oil-healthy-cooking-oil-1l,Mumbai,400006,192,275,30.2,1
2026-06-04-1417,2026-06-04,zepto,jivo-sunflower-cold-pressed-oil-healthy-cooking-oil-1l,Mumbai,400007,192,275,30.2,1
2026-06-04-1417,2026-06-04,zepto,jivo-sunflower-cold-pressed-oil-healthy-cooking-oil-1l,Mumbai,400011,192,275,30.2,1
2026-06-04-1417,2026-06-04,zepto,jivo-sunflower-cold-pressed-oil-healthy-cooking-oil-1l,Mumbai,400012,192,275,30.2,1
2026-06-04-1417,2026-06-04,zepto,jivo-sunflower-cold-pressed-oil-healthy-cooking-oil-1l,Mumbai,400013,192,275,30.2,1
2026-06-04-1417,2026-06-04,zepto,jivo-sunflower-cold-pressed-oil-healthy-cooking-oil-1l,Mumbai,400015,192,275,30.2,1
2026-06-04-1417,2026-06-04,zepto,jivo-sunflower-cold-pressed-oil-healthy-cooking-oil-1l,Mumbai,400018,192,275,30.2,1
2026-06-04-1417,2026-06-04,zepto,jivo-sunflower-cold-pressed-oil-healthy-cooking-oil-1l,Mumbai,400019,192,275,30.2,1
2026-06-04-1417,2026-06-04,zepto,jivo-sunflower-cold-pressed-oil-healthy-cooking-oil-1l,Mumbai,400020,192,275,30.2,1
2026-06-04-1417,2026-06-04,zepto,jivo-sunflower-cold-pressed-oil-healthy-cooking-oil-1l,Mumbai,400023,192,275,30.2,1
2026-06-04-1417,2026-06-04,zepto,jivo-sunflower-cold-pressed-oil-healthy-cooking-oil-1l,Mumbai,400025,192,275,30.2,1
2026-06-04-1417,2026-06-04,zepto,jivo-sunflower-cold-pressed-oil-healthy-cooking-oil-1l,Mumbai,400030,192,275,30.2,1
2026-06-04-1417,2026-06-04,zepto,jivo-sunflower-cold-pressed-oil-healthy-cooking-oil-1l,Mumbai,400033,192,275,30.2,1
2026-06-04-1417,2026-06-04,zepto,jivo-sunflower-cold-pressed-oil-healthy-cooking-oil-1l,Mumbai,400090,192,275,30.2,1
2026-06-04-1417,2026-06-04,zepto,jivo-sunflower-cold-pressed-oil-healthy-cooking-oil-1l,Mumbai,400703,192,275,30.2,1
2026-06-04-1417,2026-06-04,zepto,jivo-sunflower-cold-pressed-oil-healthy-cooking-oil-1l,Bengaluru,560069,192,275,30.2,1
2026-06-05-0112,2026-06-05,zepto,jivo-canola-cold-pressed-edible-oil-cooking-oil-5l,Delhi,110004,1193,1650,27.7,0
2026-06-05-0112,2026-06-05,zepto,jivo-canola-cold-pressed-edible-oil-cooking-oil-5l,Delhi,110006,1584,1650,4,1
2026-06-05-0112,2026-06-05,zepto,jivo-canola-cold-pressed-edible-oil-cooking-oil-5l,Delhi,110007,1584,1650,4,1
2026-06-05-0112,2026-06-05,zepto,jivo-canola-cold-pressed-edible-oil-cooking-oil-5l,Delhi,110008,1193,1650,27.7,0
2026-06-05-0112,2026-06-05,zepto,jivo-canola-cold-pressed-edible-oil-cooking-oil-5l,Delhi,110009,1584,1650,4,1
2026-06-05-0112,2026-06-05,zepto,jivo-canola-cold-pressed-edible-oil-cooking-oil-5l,Delhi,110010,1584,1650,4,0
2026-06-05-0112,2026-06-05,zepto,jivo-canola-cold-pressed-edible-oil-cooking-oil-5l,Delhi,110013,1584,1650,4,0
2026-06-05-0112,2026-06-05,zepto,jivo-canola-cold-pressed-edible-oil-cooking-oil-5l,Delhi,110014,1584,1650,4,0
2026-06-05-0112,2026-06-05,zepto,jivo-canola-cold-pressed-edible-oil-cooking-oil-5l,Delhi,110015,1193,1650,27.7,1
2026-06-05-0112,2026-06-05,zepto,jivo-canola-cold-pressed-edible-oil-cooking-oil-5l,Delhi,110017,1584,1650,4,1
2026-06-05-0112,2026-06-05,zepto,jivo-canola-cold-pressed-edible-oil-cooking-oil-5l,Faridabad,121011,1193,1650,27.7,0
2026-06-05-0112,2026-06-05,zepto,jivo-canola-cold-pressed-edible-oil-cooking-oil-5l,Gurgaon,122004,1584,1650,4,1
2026-06-05-0112,2026-06-05,zepto,jivo-canola-cold-pressed-edible-oil-cooking-oil-5l,Gurgaon,122006,1193,1650,27.7,1
2026-06-05-0112,2026-06-05,zepto,jivo-canola-cold-pressed-edible-oil-cooking-oil-5l,Gurgaon,122010,1584,1650,4,1
2026-06-05-0112,2026-06-05,zepto,jivo-canola-cold-pressed-edible-oil-cooking-oil-5l,Gurgaon,122051,1584,1650,4,1
2026-06-05-0112,2026-06-05,zepto,jivo-canola-cold-pressed-edible-oil-cooking-oil-5l,Gurgaon,122101,1584,1650,4,1
2026-06-05-0112,2026-06-05,zepto,jivo-canola-cold-pressed-edible-oil-cooking-oil-5l,Ludhiana,142022,1584,1650,4,0
2026-06-05-0112,2026-06-05,zepto,jivo-canola-cold-pressed-edible-oil-cooking-oil-5l,Ludhiana,142036,1584,1650,4,0
2026-06-05-0112,2026-06-05,zepto,jivo-canola-cold-pressed-edible-oil-cooking-oil-5l,Chandigarh,160011,1584,1650,4,0
2026-06-05-0112,2026-06-05,zepto,jivo-canola-cold-pressed-edible-oil-cooking-oil-5l,Chandigarh,160021,1584,1650,4,0
2026-06-05-0112,2026-06-05,zepto,jivo-canola-cold-pressed-edible-oil-cooking-oil-5l,Chandigarh,160035,1584,1650,4,0
2026-06-05-0112,2026-06-05,zepto,jivo-canola-cold-pressed-edible-oil-cooking-oil-5l,Chandigarh,160043,1584,1650,4,0
2026-06-05-0112,2026-06-05,zepto,jivo-canola-cold-pressed-edible-oil-cooking-oil-5l,Ghaziabad,201003,1584,1650,4,0
2026-06-05-0112,2026-06-05,zepto,jivo-canola-cold-pressed-edible-oil-cooking-oil-5l,Ghaziabad,201005,1203,1650,27.1,1
2026-06-05-0112,2026-06-05,zepto,jivo-canola-cold-pressed-edible-oil-cooking-oil-5l,Ghaziabad,201009,1193,1650,27.7,1
2026-06-05-0112,2026-06-05,zepto,jivo-canola-cold-pressed-edible-oil-cooking-oil-5l,Jaipur,303602,1584,1650,4,0
2026-06-05-0112,2026-06-05,zepto,jivo-canola-cold-pressed-edible-oil-cooking-oil-5l,Surat,394510,1568,1650,5,0
2026-06-05-0112,2026-06-05,zepto,jivo-canola-cold-pressed-edible-oil-cooking-oil-5l,Mumbai,400003,1581,1650,4.2,1
2026-06-05-0112,2026-06-05,zepto,jivo-canola-cold-pressed-edible-oil-cooking-oil-5l,Mumbai,400005,1584,1650,4,0
2026-06-05-0112,2026-06-05,zepto,jivo-canola-cold-pressed-edible-oil-cooking-oil-5l,Mumbai,400006,1581,1650,4.2,1
2026-06-05-0112,2026-06-05,zepto,jivo-canola-cold-pressed-edible-oil-cooking-oil-5l,Mumbai,400007,1584,1650,4,0
2026-06-05-0112,2026-06-05,zepto,jivo-canola-cold-pressed-edible-oil-cooking-oil-5l,Mumbai,400010,1581,1650,4.2,1
2026-06-05-0112,2026-06-05,zepto,jivo-canola-cold-pressed-edible-oil-cooking-oil-5l,Mumbai,400011,1581,1650,4.2,1
2026-06-05-0112,2026-06-05,zepto,jivo-canola-cold-pressed-edible-oil-cooking-oil-5l,Mumbai,400012,1581,1650,4.2,1
2026-06-05-0112,2026-06-05,zepto,jivo-canola-cold-pressed-edible-oil-cooking-oil-5l,Mumbai,400013,1581,1650,4.2,1
2026-06-05-0112,2026-06-05,zepto,jivo-canola-cold-pressed-edible-oil-cooking-oil-5l,Mumbai,400015,1581,1650,4.2,1
2026-06-05-0112,2026-06-05,zepto,jivo-canola-cold-pressed-edible-oil-cooking-oil-5l,Mumbai,400017,1581,1650,4.2,1
2026-06-05-0112,2026-06-05,zepto,jivo-canola-cold-pressed-edible-oil-cooking-oil-5l,Mumbai,400018,1584,1650,4,0
2026-06-05-0112,2026-06-05,zepto,jivo-canola-cold-pressed-edible-oil-cooking-oil-5l,Mumbai,400019,1581,1650,4.2,0
2026-06-05-0112,2026-06-05,zepto,jivo-canola-cold-pressed-edible-oil-cooking-oil-5l,Mumbai,400020,1581,1650,4.2,1
2026-06-05-0112,2026-06-05,zepto,jivo-canola-cold-pressed-edible-oil-cooking-oil-5l,Mumbai,400021,1584,1650,4,0
2026-06-05-0112,2026-06-05,zepto,jivo-canola-cold-pressed-edible-oil-cooking-oil-5l,Mumbai,400023,1581,1650,4.2,1
2026-06-05-0112,2026-06-05,zepto,jivo-canola-cold-pressed-edible-oil-cooking-oil-5l,Mumbai,400025,1581,1650,4.2,0
2026-06-05-0112,2026-06-05,zepto,jivo-canola-cold-pressed-edible-oil-cooking-oil-5l,Mumbai,400030,1581,1650,4.2,1
2026-06-05-0112,2026-06-05,zepto,jivo-canola-cold-pressed-edible-oil-cooking-oil-5l,Indore,452001,1584,1650,4,0
2026-06-05-0112,2026-06-05,zepto,jivo-canola-cold-pressed-edible-oil-cooking-oil-5l,Bengaluru,560014,1584,1650,4,1
2026-06-05-0112,2026-06-05,zepto,jivo-canola-cold-pressed-edible-oil-cooking-oil-5l,Bengaluru,560019,1584,1650,4,0
2026-06-05-0112,2026-06-05,zepto,jivo-canola-cold-pressed-edible-oil-cooking-oil-5l,Bengaluru,560028,1584,1650,4,0
2026-06-05-0112,2026-06-05,zepto,jivo-canola-cold-pressed-edible-oil-cooking-oil-5l,Bengaluru,560039,1584,1650,4,1
2026-06-05-0112,2026-06-05,zepto,jivo-canola-cold-pressed-edible-oil-cooking-oil-5l,Bengaluru,560069,1584,1650,4,1
2026-06-05-0112,2026-06-05,zepto,jivo-canola-cold-pressed-edible-oil-cooking-oil-5l,Kolkata,700001,1568,1650,5,0
2026-06-05-0112,2026-06-05,zepto,jivo-canola-cold-pressed-edible-oil-cooking-oil-5l,Kolkata,700015,1568,1650,5,0
2026-06-05-0112,2026-06-05,zepto,jivo-canola-cold-pressed-edible-oil-cooking-oil-5l,Kolkata,700019,1568,1650,5,0
2026-06-05-0112,2026-06-05,zepto,jivo-canola-cold-pressed-edible-oil-cooking-oil-5l,Kolkata,700040,1568,1650,5,0
2026-06-05-0112,2026-06-05,zepto,jivo-canola-cold-pressed-edible-oil-cooking-oil-5l,Kolkata,700053,1568,1650,5,0
2026-06-05-0112,2026-06-05,zepto,jivo-cold-press-canola-oil-combo-bottle-2l,Delhi,110004,469,750,37.5,1
2026-06-05-0112,2026-06-05,zepto,jivo-cold-press-canola-oil-combo-bottle-2l,Delhi,110006,469,750,37.5,1
2026-06-05-0112,2026-06-05,zepto,jivo-cold-press-canola-oil-combo-bottle-2l,Delhi,110007,461,750,38.5,0
2026-06-05-0112,2026-06-05,zepto,jivo-cold-press-canola-oil-combo-bottle-2l,Delhi,110008,469,750,37.5,1
2026-06-05-0112,2026-06-05,zepto,jivo-cold-press-canola-oil-combo-bottle-2l,Delhi,110009,469,750,37.5,1
2026-06-05-0112,2026-06-05,zepto,jivo-cold-press-canola-oil-combo-bottle-2l,Delhi,110010,469,750,37.5,1
2026-06-05-0112,2026-06-05,zepto,jivo-cold-press-canola-oil-combo-bottle-2l,Delhi,110013,469,750,37.5,1
2026-06-05-0112,2026-06-05,zepto,jivo-cold-press-canola-oil-combo-bottle-2l,Delhi,110014,469,750,37.5,1
2026-06-05-0112,2026-06-05,zepto,jivo-cold-press-canola-oil-combo-bottle-2l,Delhi,110015,469,750,37.5,0
2026-06-05-0112,2026-06-05,zepto,jivo-cold-press-canola-oil-combo-bottle-2l,Delhi,110017,494,750,34.1,0
2026-06-05-0112,2026-06-05,zepto,jivo-cold-press-canola-oil-combo-bottle-2l,Gurgaon,122004,493,750,34.3,0
2026-06-05-0112,2026-06-05,zepto,jivo-cold-press-canola-oil-combo-bottle-2l,Gurgaon,122006,493,750,34.3,0
2026-06-05-0112,2026-06-05,zepto,jivo-cold-press-canola-oil-combo-bottle-2l,Gurgaon,122010,493,750,34.3,0
2026-06-05-0112,2026-06-05,zepto,jivo-cold-press-canola-oil-combo-bottle-2l,Gurgaon,122051,493,750,34.3,0
2026-06-05-0112,2026-06-05,zepto,jivo-cold-press-canola-oil-combo-bottle-2l,Gurgaon,122101,493,750,34.3,0
2026-06-05-0112,2026-06-05,zepto,jivo-cold-press-canola-oil-combo-bottle-2l,Ludhiana,142036,469,750,37.5,1
2026-06-05-0112,2026-06-05,zepto,jivo-cold-press-canola-oil-combo-bottle-2l,Chandigarh,160011,469,750,37.5,1
2026-06-05-0112,2026-06-05,zepto,jivo-cold-press-canola-oil-combo-bottle-2l,Chandigarh,160021,469,750,37.5,1
2026-06-05-0112,2026-06-05,zepto,jivo-cold-press-canola-oil-combo-bottle-2l,Chandigarh,160035,469,750,37.5,1
2026-06-05-0112,2026-06-05,zepto,jivo-cold-press-canola-oil-combo-bottle-2l,Chandigarh,160043,469,750,37.5,1
2026-06-05-0112,2026-06-05,zepto,jivo-cold-press-canola-oil-combo-bottle-2l,Bengaluru,560069,461,750,38.5,1
2026-06-05-0112,2026-06-05,zepto,jivo-daily-pomace-olive-oil-2l,Bengaluru,560014,948,1449,34.6,0
2026-06-05-0112,2026-06-05,zepto,jivo-daily-pomace-olive-oil-2l,Bengaluru,560039,959,1449,33.8,0
2026-06-05-0112,2026-06-05,zepto,jivo-extra-light-olive-oil-1l,Delhi,110004,499,1499,66.7,1
2026-06-05-0112,2026-06-05,zepto,jivo-extra-light-olive-oil-1l,Delhi,110006,499,1499,66.7,1
2026-06-05-0112,2026-06-05,zepto,jivo-extra-light-olive-oil-1l,Delhi,110007,499,1499,66.7,1
2026-06-05-0112,2026-06-05,zepto,jivo-extra-light-olive-oil-1l,Delhi,110008,499,1499,66.7,1
2026-06-05-0112,2026-06-05,zepto,jivo-extra-light-olive-oil-1l,Delhi,110009,499,1499,66.7,1
2026-06-05-0112,2026-06-05,zepto,jivo-extra-light-olive-oil-1l,Delhi,110010,499,1499,66.7,1
2026-06-05-0112,2026-06-05,zepto,jivo-extra-light-olive-oil-1l,Delhi,110013,499,1499,66.7,1
2026-06-05-0112,2026-06-05,zepto,jivo-extra-light-olive-oil-1l,Delhi,110014,499,1499,66.7,1
2026-06-05-0112,2026-06-05,zepto,jivo-extra-light-olive-oil-1l,Delhi,110015,499,1499,66.7,1
2026-06-05-0112,2026-06-05,zepto,jivo-extra-light-olive-oil-1l,Delhi,110017,499,1499,66.7,1
2026-06-05-0112,2026-06-05,zepto,jivo-extra-light-olive-oil-1l,Faridabad,121011,499,1499,66.7,1
2026-06-05-0112,2026-06-05,zepto,jivo-extra-light-olive-oil-1l,Gurgaon,122004,499,1499,66.7,1
2026-06-05-0112,2026-06-05,zepto,jivo-extra-light-olive-oil-1l,Gurgaon,122006,499,1499,66.7,1
2026-06-05-0112,2026-06-05,zepto,jivo-extra-light-olive-oil-1l,Gurgaon,122010,499,1499,66.7,1
2026-06-05-0112,2026-06-05,zepto,jivo-extra-light-olive-oil-1l,Gurgaon,122051,499,1499,66.7,1
2026-06-05-0112,2026-06-05,zepto,jivo-extra-light-olive-oil-1l,Gurgaon,122101,499,1499,66.7,1
2026-06-05-0112,2026-06-05,zepto,jivo-extra-light-olive-oil-1l,Ludhiana,142036,499,1499,66.7,1
2026-06-05-0112,2026-06-05,zepto,jivo-extra-light-olive-oil-1l,Chandigarh,160011,499,1499,66.7,1
2026-06-05-0112,2026-06-05,zepto,jivo-extra-light-olive-oil-1l,Chandigarh,160021,499,1499,66.7,1
2026-06-05-0112,2026-06-05,zepto,jivo-extra-light-olive-oil-1l,Chandigarh,160035,499,1499,66.7,1
2026-06-05-0112,2026-06-05,zepto,jivo-extra-light-olive-oil-1l,Chandigarh,160043,499,1499,66.7,1
2026-06-05-0112,2026-06-05,zepto,jivo-extra-light-olive-oil-1l,Ghaziabad,201003,499,1499,66.7,1
2026-06-05-0112,2026-06-05,zepto,jivo-extra-light-olive-oil-1l,Ghaziabad,201005,499,1499,66.7,1
2026-06-05-0112,2026-06-05,zepto,jivo-extra-light-olive-oil-1l,Ghaziabad,201009,499,1499,66.7,1
2026-06-05-0112,2026-06-05,zepto,jivo-extra-light-olive-oil-1l,Mumbai,400003,499,1499,66.7,1
2026-06-05-0112,2026-06-05,zepto,jivo-extra-light-olive-oil-1l,Mumbai,400005,499,1499,66.7,1
2026-06-05-0112,2026-06-05,zepto,jivo-extra-light-olive-oil-1l,Mumbai,400006,499,1499,66.7,1
2026-06-05-0112,2026-06-05,zepto,jivo-extra-light-olive-oil-1l,Mumbai,400007,499,1499,66.7,1
2026-06-05-0112,2026-06-05,zepto,jivo-extra-light-olive-oil-1l,Mumbai,400010,499,1499,66.7,1
2026-06-05-0112,2026-06-05,zepto,jivo-extra-light-olive-oil-1l,Mumbai,400011,499,1499,66.7,0
2026-06-05-0112,2026-06-05,zepto,jivo-extra-light-olive-oil-1l,Mumbai,400012,499,1499,66.7,1
2026-06-05-0112,2026-06-05,zepto,jivo-extra-light-olive-oil-1l,Mumbai,400013,499,1499,66.7,1
2026-06-05-0112,2026-06-05,zepto,jivo-extra-light-olive-oil-1l,Mumbai,400015,499,1499,66.7,1
2026-06-05-0112,2026-06-05,zepto,jivo-extra-light-olive-oil-1l,Mumbai,400017,499,1499,66.7,1
2026-06-05-0112,2026-06-05,zepto,jivo-extra-light-olive-oil-1l,Mumbai,400018,499,1499,66.7,0
2026-06-05-0112,2026-06-05,zepto,jivo-extra-light-olive-oil-1l,Mumbai,400019,499,1499,66.7,1
2026-06-05-0112,2026-06-05,zepto,jivo-extra-light-olive-oil-1l,Mumbai,400020,499,1499,66.7,0
2026-06-05-0112,2026-06-05,zepto,jivo-extra-light-olive-oil-1l,Mumbai,400021,499,1499,66.7,1
2026-06-05-0112,2026-06-05,zepto,jivo-extra-light-olive-oil-1l,Mumbai,400023,499,1499,66.7,1
2026-06-05-0112,2026-06-05,zepto,jivo-extra-light-olive-oil-1l,Mumbai,400025,499,1499,66.7,1
2026-06-05-0112,2026-06-05,zepto,jivo-extra-light-olive-oil-1l,Mumbai,400030,499,1499,66.7,1
2026-06-05-0112,2026-06-05,zepto,jivo-extra-light-olive-oil-1l,Mumbai,400033,499,1499,66.7,1
2026-06-05-0112,2026-06-05,zepto,jivo-extra-light-olive-oil-1l,Bengaluru,560014,499,1499,66.7,1
2026-06-05-0112,2026-06-05,zepto,jivo-extra-light-olive-oil-1l,Bengaluru,560019,499,1499,66.7,1
2026-06-05-0112,2026-06-05,zepto,jivo-extra-light-olive-oil-1l,Bengaluru,560028,499,1499,66.7,1
2026-06-05-0112,2026-06-05,zepto,jivo-extra-light-olive-oil-1l,Bengaluru,560069,499,1499,66.7,1
2026-06-05-0112,2026-06-05,zepto,jivo-extra-light-olive-oil-2l,Delhi,110010,1135,2799,59.4,1
2026-06-05-0112,2026-06-05,zepto,jivo-extra-light-olive-oil-2l,Delhi,110014,1135,2799,59.4,1
2026-06-05-0112,2026-06-05,zepto,jivo-extra-light-olive-oil-2l,Faridabad,121011,1135,2799,59.4,0
2026-06-05-0112,2026-06-05,zepto,jivo-extra-light-olive-oil-2l,Gurgaon,122004,1135,2799,59.4,0
2026-06-05-0112,2026-06-05,zepto,jivo-extra-light-olive-oil-2l,Gurgaon,122006,1135,2799,59.4,0
2026-06-05-0112,2026-06-05,zepto,jivo-extra-light-olive-oil-2l,Gurgaon,122010,1135,2799,59.4,0
2026-06-05-0112,2026-06-05,zepto,jivo-extra-light-olive-oil-2l,Gurgaon,122051,1135,2799,59.4,1
2026-06-05-0112,2026-06-05,zepto,jivo-extra-light-olive-oil-2l,Gurgaon,122101,1135,2799,59.4,1
2026-06-05-0112,2026-06-05,zepto,jivo-extra-light-olive-oil-2l,Ghaziabad,201003,1135,2799,59.4,1
2026-06-05-0112,2026-06-05,zepto,jivo-extra-light-olive-oil-2l,Ghaziabad,201005,1135,2799,59.4,0
2026-06-05-0112,2026-06-05,zepto,jivo-extra-light-olive-oil-2l,Ghaziabad,201009,1135,2799,59.4,1
2026-06-05-0112,2026-06-05,zepto,jivo-extra-light-olive-oil-2l,Mumbai,400003,1135,2799,59.4,0
2026-06-05-0112,2026-06-05,zepto,jivo-extra-light-olive-oil-2l,Mumbai,400005,1135,2799,59.4,1
2026-06-05-0112,2026-06-05,zepto,jivo-extra-light-olive-oil-2l,Mumbai,400006,1135,2799,59.4,1
2026-06-05-0112,2026-06-05,zepto,jivo-extra-light-olive-oil-2l,Mumbai,400007,1135,2799,59.4,1
2026-06-05-0112,2026-06-05,zepto,jivo-extra-light-olive-oil-2l,Mumbai,400010,1135,2799,59.4,1
2026-06-05-0112,2026-06-05,zepto,jivo-extra-light-olive-oil-2l,Mumbai,400011,1135,2799,59.4,1
2026-06-05-0112,2026-06-05,zepto,jivo-extra-light-olive-oil-2l,Mumbai,400012,1135,2799,59.4,1
2026-06-05-0112,2026-06-05,zepto,jivo-extra-light-olive-oil-2l,Mumbai,400013,1135,2799,59.4,1
2026-06-05-0112,2026-06-05,zepto,jivo-extra-light-olive-oil-2l,Mumbai,400015,1135,2799,59.4,1
2026-06-05-0112,2026-06-05,zepto,jivo-extra-light-olive-oil-2l,Mumbai,400017,1135,2799,59.4,1
2026-06-05-0112,2026-06-05,zepto,jivo-extra-light-olive-oil-2l,Mumbai,400018,1135,2799,59.4,1
2026-06-05-0112,2026-06-05,zepto,jivo-extra-light-olive-oil-2l,Mumbai,400019,1135,2799,59.4,1
2026-06-05-0112,2026-06-05,zepto,jivo-extra-light-olive-oil-2l,Mumbai,400020,1135,2799,59.4,1
2026-06-05-0112,2026-06-05,zepto,jivo-extra-light-olive-oil-2l,Mumbai,400021,1135,2799,59.4,0
2026-06-05-0112,2026-06-05,zepto,jivo-extra-light-olive-oil-2l,Mumbai,400023,1135,2799,59.4,1
2026-06-05-0112,2026-06-05,zepto,jivo-extra-light-olive-oil-2l,Mumbai,400025,1135,2799,59.4,1
2026-06-05-0112,2026-06-05,zepto,jivo-extra-light-olive-oil-2l,Mumbai,400030,1135,2799,59.4,1
2026-06-05-0112,2026-06-05,zepto,jivo-extra-light-olive-oil-2l,Mumbai,400033,1135,2799,59.4,1
2026-06-05-0112,2026-06-05,zepto,jivo-extra-light-olive-oil-combo-2l,Delhi,110004,998,2998,66.7,1
2026-06-05-0112,2026-06-05,zepto,jivo-extra-light-olive-oil-combo-2l,Delhi,110007,998,2998,66.7,1
2026-06-05-0112,2026-06-05,zepto,jivo-extra-light-olive-oil-combo-2l,Delhi,110013,998,2998,66.7,1
2026-06-05-0112,2026-06-05,zepto,jivo-extra-light-olive-oil-combo-2l,Delhi,110014,998,2998,66.7,1
2026-06-05-0112,2026-06-05,zepto,jivo-extra-light-olive-oil-combo-2l,Delhi,110015,998,2998,66.7,1
2026-06-05-0112,2026-06-05,zepto,jivo-extra-light-olive-oil-combo-2l,Gurgaon,122004,998,2998,66.7,1
2026-06-05-0112,2026-06-05,zepto,jivo-extra-light-olive-oil-combo-2l,Gurgaon,122006,998,2998,66.7,1
2026-06-05-0112,2026-06-05,zepto,jivo-extra-light-olive-oil-combo-2l,Gurgaon,122010,998,2998,66.7,1
2026-06-05-0112,2026-06-05,zepto,jivo-extra-light-olive-oil-combo-2l,Gurgaon,122051,998,2998,66.7,1
2026-06-05-0112,2026-06-05,zepto,jivo-extra-light-olive-oil-combo-2l,Gurgaon,122101,998,2998,66.7,1
2026-06-05-0112,2026-06-05,zepto,jivo-extra-light-olive-oil-combo-2l,Mumbai,400003,998,2998,66.7,1
2026-06-05-0112,2026-06-05,zepto,jivo-extra-light-olive-oil-combo-2l,Mumbai,400005,998,2998,66.7,1
2026-06-05-0112,2026-06-05,zepto,jivo-extra-light-olive-oil-combo-2l,Mumbai,400010,998,2998,66.7,1
2026-06-05-0112,2026-06-05,zepto,jivo-extra-light-olive-oil-combo-2l,Mumbai,400012,998,2998,66.7,1
2026-06-05-0112,2026-06-05,zepto,jivo-extra-light-olive-oil-combo-2l,Mumbai,400013,998,2998,66.7,1
2026-06-05-0112,2026-06-05,zepto,jivo-extra-light-olive-oil-combo-2l,Mumbai,400015,998,2998,66.7,1
2026-06-05-0112,2026-06-05,zepto,jivo-extra-light-olive-oil-combo-2l,Mumbai,400019,998,2998,66.7,1
2026-06-05-0112,2026-06-05,zepto,jivo-extra-light-olive-oil-combo-2l,Mumbai,400021,998,2998,66.7,1
2026-06-05-0112,2026-06-05,zepto,jivo-extra-light-olive-oil-combo-2l,Mumbai,400023,998,2998,66.7,1
2026-06-05-0112,2026-06-05,zepto,jivo-extra-light-olive-oil-combo-2l,Mumbai,400025,998,2998,66.7,1
2026-06-05-0112,2026-06-05,zepto,jivo-extra-light-olive-oil-combo-2l,Mumbai,400030,998,2998,66.7,1
2026-06-05-0112,2026-06-05,zepto,jivo-extra-light-olive-oil-combo-2l,Mumbai,400033,998,2998,66.7,1
2026-06-05-0112,2026-06-05,zepto,jivo-extra-light-olive-oil-combo-4l,Delhi,110014,2270,5598,59.4,1
2026-06-05-0112,2026-06-05,zepto,jivo-extra-light-olive-oil-combo-4l,Gurgaon,122051,2270,5598,59.4,1
2026-06-05-0112,2026-06-05,zepto,jivo-extra-light-olive-oil-combo-4l,Gurgaon,122101,2270,5598,59.4,1
2026-06-05-0112,2026-06-05,zepto,jivo-extra-light-olive-oil-combo-4l,Mumbai,400005,2270,5598,59.4,1
2026-06-05-0112,2026-06-05,zepto,jivo-extra-light-olive-oil-combo-4l,Mumbai,400006,2270,5598,59.4,1
2026-06-05-0112,2026-06-05,zepto,jivo-extra-light-olive-oil-combo-4l,Mumbai,400007,2270,5598,59.4,1
2026-06-05-0112,2026-06-05,zepto,jivo-extra-light-olive-oil-combo-4l,Mumbai,400010,2270,5598,59.4,1
2026-06-05-0112,2026-06-05,zepto,jivo-extra-light-olive-oil-combo-4l,Mumbai,400012,2270,5598,59.4,1
2026-06-05-0112,2026-06-05,zepto,jivo-extra-light-olive-oil-combo-4l,Mumbai,400033,2270,5598,59.4,1
2026-06-05-0112,2026-06-05,zepto,jivo-extra-virgin-cooking-olive-oil-5l,Delhi,110004,5606,7999,29.9,0
2026-06-05-0112,2026-06-05,zepto,jivo-extra-virgin-cooking-olive-oil-5l,Delhi,110006,5606,7999,29.9,0
2026-06-05-0112,2026-06-05,zepto,jivo-extra-virgin-cooking-olive-oil-5l,Delhi,110007,5606,7999,29.9,0
2026-06-05-0112,2026-06-05,zepto,jivo-extra-virgin-cooking-olive-oil-5l,Delhi,110008,5606,7999,29.9,0
2026-06-05-0112,2026-06-05,zepto,jivo-extra-virgin-cooking-olive-oil-5l,Delhi,110009,5606,7999,29.9,0
2026-06-05-0112,2026-06-05,zepto,jivo-extra-virgin-cooking-olive-oil-5l,Delhi,110010,7599,7999,5,0
2026-06-05-0112,2026-06-05,zepto,jivo-extra-virgin-cooking-olive-oil-5l,Delhi,110013,7599,7999,5,0
2026-06-05-0112,2026-06-05,zepto,jivo-extra-virgin-cooking-olive-oil-5l,Delhi,110014,7599,7999,5,0
2026-06-05-0112,2026-06-05,zepto,jivo-extra-virgin-cooking-olive-oil-5l,Delhi,110015,5605,7999,29.9,0
2026-06-05-0112,2026-06-05,zepto,jivo-extra-virgin-cooking-olive-oil-5l,Delhi,110017,5606,7999,29.9,0
2026-06-05-0112,2026-06-05,zepto,jivo-extra-virgin-cooking-olive-oil-5l,Faridabad,121011,7599,7999,5,0
2026-06-05-0112,2026-06-05,zepto,jivo-extra-virgin-cooking-olive-oil-5l,Gurgaon,122004,7599,7999,5,0
2026-06-05-0112,2026-06-05,zepto,jivo-extra-virgin-cooking-olive-oil-5l,Gurgaon,122006,7599,7999,5,0
2026-06-05-0112,2026-06-05,zepto,jivo-extra-virgin-cooking-olive-oil-5l,Gurgaon,122010,7599,7999,5,0
2026-06-05-0112,2026-06-05,zepto,jivo-extra-virgin-cooking-olive-oil-5l,Gurgaon,122051,7599,7999,5,0
2026-06-05-0112,2026-06-05,zepto,jivo-extra-virgin-cooking-olive-oil-5l,Gurgaon,122101,7599,7999,5,0
2026-06-05-0112,2026-06-05,zepto,jivo-extra-virgin-cooking-olive-oil-5l,Ludhiana,142022,7599,7999,5,0
2026-06-05-0112,2026-06-05,zepto,jivo-extra-virgin-cooking-olive-oil-5l,Ludhiana,142036,7599,7999,5,0
2026-06-05-0112,2026-06-05,zepto,jivo-extra-virgin-cooking-olive-oil-5l,Chandigarh,160011,7599,7999,5,0
2026-06-05-0112,2026-06-05,zepto,jivo-extra-virgin-cooking-olive-oil-5l,Chandigarh,160021,7599,7999,5,0
2026-06-05-0112,2026-06-05,zepto,jivo-extra-virgin-cooking-olive-oil-5l,Chandigarh,160035,7599,7999,5,0
2026-06-05-0112,2026-06-05,zepto,jivo-extra-virgin-cooking-olive-oil-5l,Chandigarh,160043,7599,7999,5,0
2026-06-05-0112,2026-06-05,zepto,jivo-extra-virgin-cooking-olive-oil-5l,Ghaziabad,201003,7599,7999,5,0
2026-06-05-0112,2026-06-05,zepto,jivo-extra-virgin-cooking-olive-oil-5l,Ghaziabad,201005,7599,7999,5,0
2026-06-05-0112,2026-06-05,zepto,jivo-extra-virgin-cooking-olive-oil-5l,Ghaziabad,201009,7599,7999,5,0
2026-06-05-0112,2026-06-05,zepto,jivo-extra-virgin-cooking-olive-oil-5l,Jaipur,303602,7599,7999,5,0
2026-06-05-0112,2026-06-05,zepto,jivo-extra-virgin-cooking-olive-oil-5l,Surat,394510,7599,7999,5,0
2026-06-05-0112,2026-06-05,zepto,jivo-extra-virgin-cooking-olive-oil-5l,Mumbai,400003,4314,7999,46.1,0
2026-06-05-0112,2026-06-05,zepto,jivo-extra-virgin-cooking-olive-oil-5l,Mumbai,400005,7599,7999,5,0
2026-06-05-0112,2026-06-05,zepto,jivo-extra-virgin-cooking-olive-oil-5l,Mumbai,400006,4314,7999,46.1,0
2026-06-05-0112,2026-06-05,zepto,jivo-extra-virgin-cooking-olive-oil-5l,Mumbai,400007,4314,7999,46.1,0
2026-06-05-0112,2026-06-05,zepto,jivo-extra-virgin-cooking-olive-oil-5l,Mumbai,400010,4314,7999,46.1,0
2026-06-05-0112,2026-06-05,zepto,jivo-extra-virgin-cooking-olive-oil-5l,Mumbai,400011,4314,7999,46.1,0
2026-06-05-0112,2026-06-05,zepto,jivo-extra-virgin-cooking-olive-oil-5l,Mumbai,400012,4314,7999,46.1,0
2026-06-05-0112,2026-06-05,zepto,jivo-extra-virgin-cooking-olive-oil-5l,Mumbai,400013,4314,7999,46.1,0
2026-06-05-0112,2026-06-05,zepto,jivo-extra-virgin-cooking-olive-oil-5l,Mumbai,400017,4314,7999,46.1,0
2026-06-05-0112,2026-06-05,zepto,jivo-extra-virgin-cooking-olive-oil-5l,Mumbai,400018,4314,7999,46.1,0
2026-06-05-0112,2026-06-05,zepto,jivo-extra-virgin-cooking-olive-oil-5l,Mumbai,400019,4314,7999,46.1,0
2026-06-05-0112,2026-06-05,zepto,jivo-extra-virgin-cooking-olive-oil-5l,Mumbai,400020,4314,7999,46.1,0
2026-06-05-0112,2026-06-05,zepto,jivo-extra-virgin-cooking-olive-oil-5l,Mumbai,400021,4314,7999,46.1,0
2026-06-05-0112,2026-06-05,zepto,jivo-extra-virgin-cooking-olive-oil-5l,Mumbai,400023,4314,7999,46.1,0
2026-06-05-0112,2026-06-05,zepto,jivo-extra-virgin-cooking-olive-oil-5l,Mumbai,400025,4314,7999,46.1,0
2026-06-05-0112,2026-06-05,zepto,jivo-extra-virgin-cooking-olive-oil-5l,Mumbai,400030,4314,7999,46.1,0
2026-06-05-0112,2026-06-05,zepto,jivo-extra-virgin-cooking-olive-oil-5l,Mumbai,400033,4314,7999,46.1,0
2026-06-05-0112,2026-06-05,zepto,jivo-extra-virgin-cooking-olive-oil-5l,Indore,452001,7599,7999,5,0
2026-06-05-0112,2026-06-05,zepto,jivo-extra-virgin-cooking-olive-oil-5l,Bengaluru,560014,7599,7999,5,0
2026-06-05-0112,2026-06-05,zepto,jivo-extra-virgin-cooking-olive-oil-5l,Bengaluru,560019,7599,7999,5,0
2026-06-05-0112,2026-06-05,zepto,jivo-extra-virgin-cooking-olive-oil-5l,Bengaluru,560028,7599,7999,5,0
2026-06-05-0112,2026-06-05,zepto,jivo-extra-virgin-cooking-olive-oil-5l,Bengaluru,560039,7599,7999,5,0
2026-06-05-0112,2026-06-05,zepto,jivo-extra-virgin-cooking-olive-oil-5l,Bengaluru,560069,7599,7999,5,0
2026-06-05-0112,2026-06-05,zepto,jivo-extra-virgin-cooking-olive-oil-5l,Kolkata,700001,7599,7999,5,0
2026-06-05-0112,2026-06-05,zepto,jivo-extra-virgin-cooking-olive-oil-5l,Kolkata,700015,7599,7999,5,0
2026-06-05-0112,2026-06-05,zepto,jivo-extra-virgin-cooking-olive-oil-5l,Kolkata,700019,7599,7999,5,0
2026-06-05-0112,2026-06-05,zepto,jivo-extra-virgin-cooking-olive-oil-5l,Kolkata,700040,7599,7999,5,0
2026-06-05-0112,2026-06-05,zepto,jivo-extra-virgin-cooking-olive-oil-5l,Kolkata,700053,7599,7999,5,0
2026-06-05-0112,2026-06-05,zepto,jivo-extra-virgin-olive-oil-bottle-1l,Delhi,110004,934,1799,48.1,1
2026-06-05-0112,2026-06-05,zepto,jivo-extra-virgin-olive-oil-bottle-1l,Delhi,110006,934,1799,48.1,1
2026-06-05-0112,2026-06-05,zepto,jivo-extra-virgin-olive-oil-bottle-1l,Delhi,110007,934,1799,48.1,1
2026-06-05-0112,2026-06-05,zepto,jivo-extra-virgin-olive-oil-bottle-1l,Delhi,110008,934,1799,48.1,1
2026-06-05-0112,2026-06-05,zepto,jivo-extra-virgin-olive-oil-bottle-1l,Delhi,110009,934,1799,48.1,1
2026-06-05-0112,2026-06-05,zepto,jivo-extra-virgin-olive-oil-bottle-1l,Delhi,110010,934,1799,48.1,0
2026-06-05-0112,2026-06-05,zepto,jivo-extra-virgin-olive-oil-bottle-1l,Delhi,110013,934,1799,48.1,0
2026-06-05-0112,2026-06-05,zepto,jivo-extra-virgin-olive-oil-bottle-1l,Delhi,110014,934,1799,48.1,0
2026-06-05-0112,2026-06-05,zepto,jivo-extra-virgin-olive-oil-bottle-1l,Delhi,110015,934,1799,48.1,1
2026-06-05-0112,2026-06-05,zepto,jivo-extra-virgin-olive-oil-bottle-1l,Delhi,110017,934,1799,48.1,1
2026-06-05-0112,2026-06-05,zepto,jivo-extra-virgin-olive-oil-bottle-1l,Faridabad,121011,934,1799,48.1,1
2026-06-05-0112,2026-06-05,zepto,jivo-extra-virgin-olive-oil-bottle-1l,Gurgaon,122004,934,1799,48.1,1
2026-06-05-0112,2026-06-05,zepto,jivo-extra-virgin-olive-oil-bottle-1l,Gurgaon,122006,934,1799,48.1,1
2026-06-05-0112,2026-06-05,zepto,jivo-extra-virgin-olive-oil-bottle-1l,Gurgaon,122010,934,1799,48.1,1
2026-06-05-0112,2026-06-05,zepto,jivo-extra-virgin-olive-oil-bottle-1l,Gurgaon,122051,934,1799,48.1,1
2026-06-05-0112,2026-06-05,zepto,jivo-extra-virgin-olive-oil-bottle-1l,Gurgaon,122101,934,1799,48.1,1
2026-06-05-0112,2026-06-05,zepto,jivo-extra-virgin-olive-oil-bottle-1l,Ludhiana,142022,907,1799,49.6,0
2026-06-05-0112,2026-06-05,zepto,jivo-extra-virgin-olive-oil-bottle-1l,Ludhiana,142036,1709,1799,5,0
2026-06-05-0112,2026-06-05,zepto,jivo-extra-virgin-olive-oil-bottle-1l,Chandigarh,160011,1044,1799,42,0
2026-06-05-0112,2026-06-05,zepto,jivo-extra-virgin-olive-oil-bottle-1l,Chandigarh,160021,1044,1799,42,0
2026-06-05-0112,2026-06-05,zepto,jivo-extra-virgin-olive-oil-bottle-1l,Chandigarh,160035,1044,1799,42,0
2026-06-05-0112,2026-06-05,zepto,jivo-extra-virgin-olive-oil-bottle-1l,Chandigarh,160043,1044,1799,42,0
2026-06-05-0112,2026-06-05,zepto,jivo-extra-virgin-olive-oil-bottle-1l,Ghaziabad,201003,934,1799,48.1,0
2026-06-05-0112,2026-06-05,zepto,jivo-extra-virgin-olive-oil-bottle-1l,Ghaziabad,201005,934,1799,48.1,1
2026-06-05-0112,2026-06-05,zepto,jivo-extra-virgin-olive-oil-bottle-1l,Ghaziabad,201009,934,1799,48.1,1
2026-06-05-0112,2026-06-05,zepto,jivo-extra-virgin-olive-oil-bottle-1l,Jaipur,303602,934,1799,48.1,0
2026-06-05-0112,2026-06-05,zepto,jivo-extra-virgin-olive-oil-bottle-1l,Surat,394510,1709,1799,5,0
2026-06-05-0112,2026-06-05,zepto,jivo-extra-virgin-olive-oil-bottle-1l,Mumbai,400003,934,1799,48.1,1
2026-06-05-0112,2026-06-05,zepto,jivo-extra-virgin-olive-oil-bottle-1l,Mumbai,400005,934,1799,48.1,0
2026-06-05-0112,2026-06-05,zepto,jivo-extra-virgin-olive-oil-bottle-1l,Mumbai,400006,934,1799,48.1,1
2026-06-05-0112,2026-06-05,zepto,jivo-extra-virgin-olive-oil-bottle-1l,Mumbai,400007,934,1799,48.1,1
2026-06-05-0112,2026-06-05,zepto,jivo-extra-virgin-olive-oil-bottle-1l,Mumbai,400010,934,1799,48.1,1
2026-06-05-0112,2026-06-05,zepto,jivo-extra-virgin-olive-oil-bottle-1l,Mumbai,400011,934,1799,48.1,1
2026-06-05-0112,2026-06-05,zepto,jivo-extra-virgin-olive-oil-bottle-1l,Mumbai,400012,934,1799,48.1,1
2026-06-05-0112,2026-06-05,zepto,jivo-extra-virgin-olive-oil-bottle-1l,Mumbai,400013,934,1799,48.1,1
2026-06-05-0112,2026-06-05,zepto,jivo-extra-virgin-olive-oil-bottle-1l,Mumbai,400015,934,1799,48.1,1
2026-06-05-0112,2026-06-05,zepto,jivo-extra-virgin-olive-oil-bottle-1l,Mumbai,400017,934,1799,48.1,1
2026-06-05-0112,2026-06-05,zepto,jivo-extra-virgin-olive-oil-bottle-1l,Mumbai,400018,934,1799,48.1,1
2026-06-05-0112,2026-06-05,zepto,jivo-extra-virgin-olive-oil-bottle-1l,Mumbai,400019,934,1799,48.1,1
2026-06-05-0112,2026-06-05,zepto,jivo-extra-virgin-olive-oil-bottle-1l,Mumbai,400020,934,1799,48.1,1
2026-06-05-0112,2026-06-05,zepto,jivo-extra-virgin-olive-oil-bottle-1l,Mumbai,400021,934,1799,48.1,1
2026-06-05-0112,2026-06-05,zepto,jivo-extra-virgin-olive-oil-bottle-1l,Mumbai,400023,934,1799,48.1,1
2026-06-05-0112,2026-06-05,zepto,jivo-extra-virgin-olive-oil-bottle-1l,Mumbai,400025,934,1799,48.1,1
2026-06-05-0112,2026-06-05,zepto,jivo-extra-virgin-olive-oil-bottle-1l,Mumbai,400030,934,1799,48.1,1
2026-06-05-0112,2026-06-05,zepto,jivo-extra-virgin-olive-oil-bottle-1l,Indore,452001,1245,1799,30.8,0
2026-06-05-0112,2026-06-05,zepto,jivo-extra-virgin-olive-oil-bottle-1l,Bengaluru,560014,934,1799,48.1,1
2026-06-05-0112,2026-06-05,zepto,jivo-extra-virgin-olive-oil-bottle-1l,Bengaluru,560019,934,1799,48.1,0
2026-06-05-0112,2026-06-05,zepto,jivo-extra-virgin-olive-oil-bottle-1l,Bengaluru,560028,934,1799,48.1,0
2026-06-05-0112,2026-06-05,zepto,jivo-extra-virgin-olive-oil-bottle-1l,Bengaluru,560039,934,1799,48.1,1
2026-06-05-0112,2026-06-05,zepto,jivo-extra-virgin-olive-oil-bottle-1l,Bengaluru,560069,934,1799,48.1,1
2026-06-05-0112,2026-06-05,zepto,jivo-extra-virgin-olive-oil-bottle-1l,Kolkata,700001,934,1799,48.1,0
2026-06-05-0112,2026-06-05,zepto,jivo-extra-virgin-olive-oil-bottle-1l,Kolkata,700015,934,1799,48.1,0
2026-06-05-0112,2026-06-05,zepto,jivo-extra-virgin-olive-oil-bottle-1l,Kolkata,700019,934,1799,48.1,0
2026-06-05-0112,2026-06-05,zepto,jivo-extra-virgin-olive-oil-bottle-1l,Kolkata,700040,934,1799,48.1,0
2026-06-05-0112,2026-06-05,zepto,jivo-extra-virgin-olive-oil-bottle-1l,Kolkata,700053,934,1799,48.1,0
2026-06-05-0112,2026-06-05,zepto,jivo-gold-refined-oil-blend-of-rice-bran-oil-and-sunflower-oil-1l,Delhi,110004,168,225,25.3,0
2026-06-05-0112,2026-06-05,zepto,jivo-gold-refined-oil-blend-of-rice-bran-oil-and-sunflower-oil-1l,Delhi,110006,169,225,24.9,0
2026-06-05-0112,2026-06-05,zepto,jivo-gold-refined-oil-blend-of-rice-bran-oil-and-sunflower-oil-1l,Delhi,110007,168,225,25.3,0
2026-06-05-0112,2026-06-05,zepto,jivo-gold-refined-oil-blend-of-rice-bran-oil-and-sunflower-oil-1l,Delhi,110008,169,225,24.9,0
2026-06-05-0112,2026-06-05,zepto,jivo-gold-refined-oil-blend-of-rice-bran-oil-and-sunflower-oil-1l,Delhi,110009,169,225,24.9,0
2026-06-05-0112,2026-06-05,zepto,jivo-gold-refined-oil-blend-of-rice-bran-oil-and-sunflower-oil-1l,Delhi,110010,169,225,24.9,0
2026-06-05-0112,2026-06-05,zepto,jivo-gold-refined-oil-blend-of-rice-bran-oil-and-sunflower-oil-1l,Delhi,110013,168,225,25.3,0
2026-06-05-0112,2026-06-05,zepto,jivo-gold-refined-oil-blend-of-rice-bran-oil-and-sunflower-oil-1l,Delhi,110014,169,225,24.9,0
2026-06-05-0112,2026-06-05,zepto,jivo-gold-refined-oil-blend-of-rice-bran-oil-and-sunflower-oil-1l,Delhi,110015,169,225,24.9,0
2026-06-05-0112,2026-06-05,zepto,jivo-gold-refined-oil-blend-of-rice-bran-oil-and-sunflower-oil-1l,Delhi,110017,169,225,24.9,0
2026-06-05-0112,2026-06-05,zepto,jivo-gold-refined-oil-blend-of-rice-bran-oil-and-sunflower-oil-1l,Faridabad,121011,169,225,24.9,0
2026-06-05-0112,2026-06-05,zepto,jivo-gold-refined-oil-blend-of-rice-bran-oil-and-sunflower-oil-1l,Gurgaon,122004,173,225,23.1,0
2026-06-05-0112,2026-06-05,zepto,jivo-gold-refined-oil-blend-of-rice-bran-oil-and-sunflower-oil-1l,Gurgaon,122006,168,225,25.3,0
2026-06-05-0112,2026-06-05,zepto,jivo-gold-refined-oil-blend-of-rice-bran-oil-and-sunflower-oil-1l,Gurgaon,122010,173,225,23.1,0
2026-06-05-0112,2026-06-05,zepto,jivo-gold-refined-oil-blend-of-rice-bran-oil-and-sunflower-oil-1l,Gurgaon,122051,169,225,24.9,0
2026-06-05-0112,2026-06-05,zepto,jivo-gold-refined-oil-blend-of-rice-bran-oil-and-sunflower-oil-1l,Gurgaon,122101,169,225,24.9,0
2026-06-05-0112,2026-06-05,zepto,jivo-gold-refined-oil-blend-of-rice-bran-oil-and-sunflower-oil-1l,Ludhiana,142022,169,225,24.9,0
2026-06-05-0112,2026-06-05,zepto,jivo-gold-refined-oil-blend-of-rice-bran-oil-and-sunflower-oil-1l,Ludhiana,142036,169,225,24.9,0
2026-06-05-0112,2026-06-05,zepto,jivo-gold-refined-oil-blend-of-rice-bran-oil-and-sunflower-oil-1l,Chandigarh,160011,169,225,24.9,0
2026-06-05-0112,2026-06-05,zepto,jivo-gold-refined-oil-blend-of-rice-bran-oil-and-sunflower-oil-1l,Chandigarh,160021,169,225,24.9,0
2026-06-05-0112,2026-06-05,zepto,jivo-gold-refined-oil-blend-of-rice-bran-oil-and-sunflower-oil-1l,Chandigarh,160035,169,225,24.9,0
2026-06-05-0112,2026-06-05,zepto,jivo-gold-refined-oil-blend-of-rice-bran-oil-and-sunflower-oil-1l,Chandigarh,160043,169,225,24.9,0
2026-06-05-0112,2026-06-05,zepto,jivo-gold-refined-oil-blend-of-rice-bran-oil-and-sunflower-oil-1l,Ghaziabad,201003,169,225,24.9,0
2026-06-05-0112,2026-06-05,zepto,jivo-gold-refined-oil-blend-of-rice-bran-oil-and-sunflower-oil-1l,Ghaziabad,201005,173,225,23.1,0
2026-06-05-0112,2026-06-05,zepto,jivo-gold-refined-oil-blend-of-rice-bran-oil-and-sunflower-oil-1l,Ghaziabad,201009,169,225,24.9,0
2026-06-05-0112,2026-06-05,zepto,jivo-gold-refined-oil-blend-of-rice-bran-oil-and-sunflower-oil-1l,Jaipur,303602,168,225,25.3,0
2026-06-05-0112,2026-06-05,zepto,jivo-gold-refined-oil-blend-of-rice-bran-oil-and-sunflower-oil-1l,Surat,394510,168,225,25.3,0
2026-06-05-0112,2026-06-05,zepto,jivo-gold-refined-oil-blend-of-rice-bran-oil-and-sunflower-oil-1l,Mumbai,400003,169,225,24.9,0
2026-06-05-0112,2026-06-05,zepto,jivo-gold-refined-oil-blend-of-rice-bran-oil-and-sunflower-oil-1l,Mumbai,400005,170,225,24.4,0
2026-06-05-0112,2026-06-05,zepto,jivo-gold-refined-oil-blend-of-rice-bran-oil-and-sunflower-oil-1l,Mumbai,400006,168,225,25.3,0
2026-06-05-0112,2026-06-05,zepto,jivo-gold-refined-oil-blend-of-rice-bran-oil-and-sunflower-oil-1l,Mumbai,400007,169,225,24.9,0
2026-06-05-0112,2026-06-05,zepto,jivo-gold-refined-oil-blend-of-rice-bran-oil-and-sunflower-oil-1l,Mumbai,400010,168,225,25.3,0
2026-06-05-0112,2026-06-05,zepto,jivo-gold-refined-oil-blend-of-rice-bran-oil-and-sunflower-oil-1l,Mumbai,400011,168,225,25.3,0
2026-06-05-0112,2026-06-05,zepto,jivo-gold-refined-oil-blend-of-rice-bran-oil-and-sunflower-oil-1l,Mumbai,400012,168,225,25.3,0
2026-06-05-0112,2026-06-05,zepto,jivo-gold-refined-oil-blend-of-rice-bran-oil-and-sunflower-oil-1l,Mumbai,400013,168,225,25.3,0
2026-06-05-0112,2026-06-05,zepto,jivo-gold-refined-oil-blend-of-rice-bran-oil-and-sunflower-oil-1l,Mumbai,400015,168,225,25.3,0
2026-06-05-0112,2026-06-05,zepto,jivo-gold-refined-oil-blend-of-rice-bran-oil-and-sunflower-oil-1l,Mumbai,400017,169,225,24.9,0
2026-06-05-0112,2026-06-05,zepto,jivo-gold-refined-oil-blend-of-rice-bran-oil-and-sunflower-oil-1l,Mumbai,400018,168,225,25.3,0
2026-06-05-0112,2026-06-05,zepto,jivo-gold-refined-oil-blend-of-rice-bran-oil-and-sunflower-oil-1l,Mumbai,400019,168,225,25.3,0
2026-06-05-0112,2026-06-05,zepto,jivo-gold-refined-oil-blend-of-rice-bran-oil-and-sunflower-oil-1l,Mumbai,400020,168,225,25.3,0
2026-06-05-0112,2026-06-05,zepto,jivo-gold-refined-oil-blend-of-rice-bran-oil-and-sunflower-oil-1l,Mumbai,400021,169,225,24.9,0
2026-06-05-0112,2026-06-05,zepto,jivo-gold-refined-oil-blend-of-rice-bran-oil-and-sunflower-oil-1l,Mumbai,400023,168,225,25.3,0
2026-06-05-0112,2026-06-05,zepto,jivo-gold-refined-oil-blend-of-rice-bran-oil-and-sunflower-oil-1l,Mumbai,400025,168,225,25.3,0
2026-06-05-0112,2026-06-05,zepto,jivo-gold-refined-oil-blend-of-rice-bran-oil-and-sunflower-oil-1l,Mumbai,400030,168,225,25.3,0
2026-06-05-0112,2026-06-05,zepto,jivo-gold-refined-oil-blend-of-rice-bran-oil-and-sunflower-oil-1l,Mumbai,400033,168,225,25.3,0
2026-06-05-0112,2026-06-05,zepto,jivo-gold-refined-oil-blend-of-rice-bran-oil-and-sunflower-oil-1l,Indore,452001,171,225,24,0
2026-06-05-0112,2026-06-05,zepto,jivo-gold-refined-oil-blend-of-rice-bran-oil-and-sunflower-oil-1l,Bengaluru,560014,173,225,23.1,0
2026-06-05-0112,2026-06-05,zepto,jivo-gold-refined-oil-blend-of-rice-bran-oil-and-sunflower-oil-1l,Bengaluru,560019,169,225,24.9,0
2026-06-05-0112,2026-06-05,zepto,jivo-gold-refined-oil-blend-of-rice-bran-oil-and-sunflower-oil-1l,Bengaluru,560028,169,225,24.9,0
2026-06-05-0112,2026-06-05,zepto,jivo-gold-refined-oil-blend-of-rice-bran-oil-and-sunflower-oil-1l,Bengaluru,560039,168,225,25.3,0
2026-06-05-0112,2026-06-05,zepto,jivo-gold-refined-oil-blend-of-rice-bran-oil-and-sunflower-oil-1l,Bengaluru,560069,169,225,24.9,0
2026-06-05-0112,2026-06-05,zepto,jivo-gold-refined-oil-blend-of-rice-bran-oil-and-sunflower-oil-1l,Kolkata,700001,168,225,25.3,0
2026-06-05-0112,2026-06-05,zepto,jivo-gold-refined-oil-blend-of-rice-bran-oil-and-sunflower-oil-1l,Kolkata,700015,169,225,24.9,0
2026-06-05-0112,2026-06-05,zepto,jivo-gold-refined-oil-blend-of-rice-bran-oil-and-sunflower-oil-1l,Kolkata,700019,168,225,25.3,0
2026-06-05-0112,2026-06-05,zepto,jivo-gold-refined-oil-blend-of-rice-bran-oil-and-sunflower-oil-1l,Kolkata,700040,169,225,24.9,0
2026-06-05-0112,2026-06-05,zepto,jivo-gold-refined-oil-blend-of-rice-bran-oil-and-sunflower-oil-1l,Kolkata,700053,169,225,24.9,0
2026-06-05-0112,2026-06-05,zepto,jivo-gold-refined-oil-blend-of-rice-bran-oil-and-sunflower-oil-5l,Delhi,110004,909,1050,13.4,0
2026-06-05-0112,2026-06-05,zepto,jivo-gold-refined-oil-blend-of-rice-bran-oil-and-sunflower-oil-5l,Delhi,110006,909,1050,13.4,0
2026-06-05-0112,2026-06-05,zepto,jivo-gold-refined-oil-blend-of-rice-bran-oil-and-sunflower-oil-5l,Delhi,110007,909,1050,13.4,0
2026-06-05-0112,2026-06-05,zepto,jivo-gold-refined-oil-blend-of-rice-bran-oil-and-sunflower-oil-5l,Delhi,110008,909,1050,13.4,0
2026-06-05-0112,2026-06-05,zepto,jivo-gold-refined-oil-blend-of-rice-bran-oil-and-sunflower-oil-5l,Delhi,110009,909,1050,13.4,0
2026-06-05-0112,2026-06-05,zepto,jivo-gold-refined-oil-blend-of-rice-bran-oil-and-sunflower-oil-5l,Delhi,110010,909,1050,13.4,0
2026-06-05-0112,2026-06-05,zepto,jivo-gold-refined-oil-blend-of-rice-bran-oil-and-sunflower-oil-5l,Delhi,110013,909,1050,13.4,0
2026-06-05-0112,2026-06-05,zepto,jivo-gold-refined-oil-blend-of-rice-bran-oil-and-sunflower-oil-5l,Delhi,110014,909,1050,13.4,0
2026-06-05-0112,2026-06-05,zepto,jivo-gold-refined-oil-blend-of-rice-bran-oil-and-sunflower-oil-5l,Delhi,110015,909,1050,13.4,0
2026-06-05-0112,2026-06-05,zepto,jivo-gold-refined-oil-blend-of-rice-bran-oil-and-sunflower-oil-5l,Delhi,110017,909,1050,13.4,0
2026-06-05-0112,2026-06-05,zepto,jivo-gold-refined-oil-blend-of-rice-bran-oil-and-sunflower-oil-5l,Faridabad,121011,936,1050,10.9,0
2026-06-05-0112,2026-06-05,zepto,jivo-gold-refined-oil-blend-of-rice-bran-oil-and-sunflower-oil-5l,Gurgaon,122004,909,1050,13.4,0
2026-06-05-0112,2026-06-05,zepto,jivo-gold-refined-oil-blend-of-rice-bran-oil-and-sunflower-oil-5l,Gurgaon,122006,909,1050,13.4,0
2026-06-05-0112,2026-06-05,zepto,jivo-gold-refined-oil-blend-of-rice-bran-oil-and-sunflower-oil-5l,Gurgaon,122010,909,1050,13.4,0
2026-06-05-0112,2026-06-05,zepto,jivo-gold-refined-oil-blend-of-rice-bran-oil-and-sunflower-oil-5l,Gurgaon,122051,909,1050,13.4,0
2026-06-05-0112,2026-06-05,zepto,jivo-gold-refined-oil-blend-of-rice-bran-oil-and-sunflower-oil-5l,Gurgaon,122101,909,1050,13.4,0
2026-06-05-0112,2026-06-05,zepto,jivo-gold-refined-oil-blend-of-rice-bran-oil-and-sunflower-oil-5l,Ludhiana,142022,909,1050,13.4,0
2026-06-05-0112,2026-06-05,zepto,jivo-gold-refined-oil-blend-of-rice-bran-oil-and-sunflower-oil-5l,Ludhiana,142036,909,1050,13.4,0
2026-06-05-0112,2026-06-05,zepto,jivo-gold-refined-oil-blend-of-rice-bran-oil-and-sunflower-oil-5l,Chandigarh,160011,909,1050,13.4,0
2026-06-05-0112,2026-06-05,zepto,jivo-gold-refined-oil-blend-of-rice-bran-oil-and-sunflower-oil-5l,Chandigarh,160021,909,1050,13.4,0
2026-06-05-0112,2026-06-05,zepto,jivo-gold-refined-oil-blend-of-rice-bran-oil-and-sunflower-oil-5l,Chandigarh,160035,909,1050,13.4,0
2026-06-05-0112,2026-06-05,zepto,jivo-gold-refined-oil-blend-of-rice-bran-oil-and-sunflower-oil-5l,Chandigarh,160043,909,1050,13.4,0
2026-06-05-0112,2026-06-05,zepto,jivo-gold-refined-oil-blend-of-rice-bran-oil-and-sunflower-oil-5l,Ghaziabad,201003,909,1050,13.4,0
2026-06-05-0112,2026-06-05,zepto,jivo-gold-refined-oil-blend-of-rice-bran-oil-and-sunflower-oil-5l,Ghaziabad,201005,909,1050,13.4,0
2026-06-05-0112,2026-06-05,zepto,jivo-gold-refined-oil-blend-of-rice-bran-oil-and-sunflower-oil-5l,Ghaziabad,201009,909,1050,13.4,0
2026-06-05-0112,2026-06-05,zepto,jivo-gold-refined-oil-blend-of-rice-bran-oil-and-sunflower-oil-5l,Jaipur,303602,909,1050,13.4,0
2026-06-05-0112,2026-06-05,zepto,jivo-gold-refined-oil-blend-of-rice-bran-oil-and-sunflower-oil-5l,Surat,394510,909,1050,13.4,0
2026-06-05-0112,2026-06-05,zepto,jivo-gold-refined-oil-blend-of-rice-bran-oil-and-sunflower-oil-5l,Mumbai,400003,909,1049,13.3,0
2026-06-05-0112,2026-06-05,zepto,jivo-gold-refined-oil-blend-of-rice-bran-oil-and-sunflower-oil-5l,Mumbai,400005,909,1050,13.4,0
2026-06-05-0112,2026-06-05,zepto,jivo-gold-refined-oil-blend-of-rice-bran-oil-and-sunflower-oil-5l,Mumbai,400006,909,1049,13.3,0
2026-06-05-0112,2026-06-05,zepto,jivo-gold-refined-oil-blend-of-rice-bran-oil-and-sunflower-oil-5l,Mumbai,400007,909,1050,13.4,0
2026-06-05-0112,2026-06-05,zepto,jivo-gold-refined-oil-blend-of-rice-bran-oil-and-sunflower-oil-5l,Mumbai,400010,909,1049,13.3,0
2026-06-05-0112,2026-06-05,zepto,jivo-gold-refined-oil-blend-of-rice-bran-oil-and-sunflower-oil-5l,Mumbai,400011,909,1049,13.3,0
2026-06-05-0112,2026-06-05,zepto,jivo-gold-refined-oil-blend-of-rice-bran-oil-and-sunflower-oil-5l,Mumbai,400012,909,1049,13.3,0
2026-06-05-0112,2026-06-05,zepto,jivo-gold-refined-oil-blend-of-rice-bran-oil-and-sunflower-oil-5l,Mumbai,400013,909,1049,13.3,0
2026-06-05-0112,2026-06-05,zepto,jivo-gold-refined-oil-blend-of-rice-bran-oil-and-sunflower-oil-5l,Mumbai,400015,909,1049,13.3,0
2026-06-05-0112,2026-06-05,zepto,jivo-gold-refined-oil-blend-of-rice-bran-oil-and-sunflower-oil-5l,Mumbai,400017,909,1050,13.4,0
2026-06-05-0112,2026-06-05,zepto,jivo-gold-refined-oil-blend-of-rice-bran-oil-and-sunflower-oil-5l,Mumbai,400018,909,1050,13.4,0
2026-06-05-0112,2026-06-05,zepto,jivo-gold-refined-oil-blend-of-rice-bran-oil-and-sunflower-oil-5l,Mumbai,400019,909,1050,13.4,0
2026-06-05-0112,2026-06-05,zepto,jivo-gold-refined-oil-blend-of-rice-bran-oil-and-sunflower-oil-5l,Mumbai,400020,909,1049,13.3,0
2026-06-05-0112,2026-06-05,zepto,jivo-gold-refined-oil-blend-of-rice-bran-oil-and-sunflower-oil-5l,Mumbai,400021,909,1050,13.4,0
2026-06-05-0112,2026-06-05,zepto,jivo-gold-refined-oil-blend-of-rice-bran-oil-and-sunflower-oil-5l,Mumbai,400023,909,1049,13.3,0
2026-06-05-0112,2026-06-05,zepto,jivo-gold-refined-oil-blend-of-rice-bran-oil-and-sunflower-oil-5l,Mumbai,400025,909,1050,13.4,0
2026-06-05-0112,2026-06-05,zepto,jivo-gold-refined-oil-blend-of-rice-bran-oil-and-sunflower-oil-5l,Mumbai,400030,909,1049,13.3,0
2026-06-05-0112,2026-06-05,zepto,jivo-gold-refined-oil-blend-of-rice-bran-oil-and-sunflower-oil-5l,Mumbai,400033,909,1049,13.3,0
2026-06-05-0112,2026-06-05,zepto,jivo-gold-refined-oil-blend-of-rice-bran-oil-and-sunflower-oil-5l,Bengaluru,560014,909,1050,13.4,0
2026-06-05-0112,2026-06-05,zepto,jivo-gold-refined-oil-blend-of-rice-bran-oil-and-sunflower-oil-5l,Bengaluru,560019,909,1050,13.4,0
2026-06-05-0112,2026-06-05,zepto,jivo-gold-refined-oil-blend-of-rice-bran-oil-and-sunflower-oil-5l,Bengaluru,560028,909,1050,13.4,0
2026-06-05-0112,2026-06-05,zepto,jivo-gold-refined-oil-blend-of-rice-bran-oil-and-sunflower-oil-5l,Bengaluru,560039,909,1050,13.4,0
2026-06-05-0112,2026-06-05,zepto,jivo-gold-refined-oil-blend-of-rice-bran-oil-and-sunflower-oil-5l,Bengaluru,560069,909,1050,13.4,0
2026-06-05-0112,2026-06-05,zepto,jivo-gold-refined-oil-blend-of-rice-bran-oil-and-sunflower-oil-5l,Kolkata,700001,998,1050,5,0
2026-06-05-0112,2026-06-05,zepto,jivo-gold-refined-oil-blend-of-rice-bran-oil-and-sunflower-oil-5l,Kolkata,700015,998,1050,5,0
2026-06-05-0112,2026-06-05,zepto,jivo-gold-refined-oil-blend-of-rice-bran-oil-and-sunflower-oil-5l,Kolkata,700019,998,1050,5,0
2026-06-05-0112,2026-06-05,zepto,jivo-groundnut-cold-pressed-oil-healthy-cooking-oil-1l,Delhi,110004,199,560,64.5,1
2026-06-05-0112,2026-06-05,zepto,jivo-groundnut-cold-pressed-oil-healthy-cooking-oil-1l,Delhi,110006,199,560,64.5,1
2026-06-05-0112,2026-06-05,zepto,jivo-groundnut-cold-pressed-oil-healthy-cooking-oil-1l,Delhi,110007,199,560,64.5,1
2026-06-05-0112,2026-06-05,zepto,jivo-groundnut-cold-pressed-oil-healthy-cooking-oil-1l,Delhi,110008,199,560,64.5,1
2026-06-05-0112,2026-06-05,zepto,jivo-groundnut-cold-pressed-oil-healthy-cooking-oil-1l,Delhi,110009,199,560,64.5,1
2026-06-05-0112,2026-06-05,zepto,jivo-groundnut-cold-pressed-oil-healthy-cooking-oil-1l,Delhi,110010,199,560,64.5,1
2026-06-05-0112,2026-06-05,zepto,jivo-groundnut-cold-pressed-oil-healthy-cooking-oil-1l,Delhi,110013,199,560,64.5,1
2026-06-05-0112,2026-06-05,zepto,jivo-groundnut-cold-pressed-oil-healthy-cooking-oil-1l,Delhi,110014,199,560,64.5,1
2026-06-05-0112,2026-06-05,zepto,jivo-groundnut-cold-pressed-oil-healthy-cooking-oil-1l,Delhi,110015,199,560,64.5,1
2026-06-05-0112,2026-06-05,zepto,jivo-groundnut-cold-pressed-oil-healthy-cooking-oil-1l,Delhi,110017,199,560,64.5,1
2026-06-05-0112,2026-06-05,zepto,jivo-groundnut-cold-pressed-oil-healthy-cooking-oil-1l,Faridabad,121011,199,560,64.5,1
2026-06-05-0112,2026-06-05,zepto,jivo-groundnut-cold-pressed-oil-healthy-cooking-oil-1l,Gurgaon,122004,199,560,64.5,1
2026-06-05-0112,2026-06-05,zepto,jivo-groundnut-cold-pressed-oil-healthy-cooking-oil-1l,Gurgaon,122006,199,560,64.5,1
2026-06-05-0112,2026-06-05,zepto,jivo-groundnut-cold-pressed-oil-healthy-cooking-oil-1l,Gurgaon,122010,199,560,64.5,1
2026-06-05-0112,2026-06-05,zepto,jivo-groundnut-cold-pressed-oil-healthy-cooking-oil-1l,Gurgaon,122051,199,560,64.5,1
2026-06-05-0112,2026-06-05,zepto,jivo-groundnut-cold-pressed-oil-healthy-cooking-oil-1l,Gurgaon,122101,199,560,64.5,1
2026-06-05-0112,2026-06-05,zepto,jivo-groundnut-cold-pressed-oil-healthy-cooking-oil-1l,Ghaziabad,201003,199,560,64.5,1
2026-06-05-0112,2026-06-05,zepto,jivo-groundnut-cold-pressed-oil-healthy-cooking-oil-1l,Ghaziabad,201005,199,560,64.5,1
2026-06-05-0112,2026-06-05,zepto,jivo-groundnut-cold-pressed-oil-healthy-cooking-oil-1l,Ghaziabad,201009,199,560,64.5,1
2026-06-05-0112,2026-06-05,zepto,jivo-groundnut-cold-pressed-oil-healthy-cooking-oil-1l,Mumbai,400003,199,560,64.5,1
2026-06-05-0112,2026-06-05,zepto,jivo-groundnut-cold-pressed-oil-healthy-cooking-oil-1l,Mumbai,400005,199,560,64.5,1
2026-06-05-0112,2026-06-05,zepto,jivo-groundnut-cold-pressed-oil-healthy-cooking-oil-1l,Mumbai,400006,199,560,64.5,1
2026-06-05-0112,2026-06-05,zepto,jivo-groundnut-cold-pressed-oil-healthy-cooking-oil-1l,Mumbai,400007,199,560,64.5,1
2026-06-05-0112,2026-06-05,zepto,jivo-groundnut-cold-pressed-oil-healthy-cooking-oil-1l,Mumbai,400010,199,560,64.5,1
2026-06-05-0112,2026-06-05,zepto,jivo-groundnut-cold-pressed-oil-healthy-cooking-oil-1l,Mumbai,400011,199,560,64.5,1
2026-06-05-0112,2026-06-05,zepto,jivo-groundnut-cold-pressed-oil-healthy-cooking-oil-1l,Mumbai,400012,199,560,64.5,1
2026-06-05-0112,2026-06-05,zepto,jivo-groundnut-cold-pressed-oil-healthy-cooking-oil-1l,Mumbai,400013,199,560,64.5,1
2026-06-05-0112,2026-06-05,zepto,jivo-groundnut-cold-pressed-oil-healthy-cooking-oil-1l,Mumbai,400015,199,560,64.5,1
2026-06-05-0112,2026-06-05,zepto,jivo-groundnut-cold-pressed-oil-healthy-cooking-oil-1l,Mumbai,400017,199,560,64.5,1
2026-06-05-0112,2026-06-05,zepto,jivo-groundnut-cold-pressed-oil-healthy-cooking-oil-1l,Mumbai,400018,199,560,64.5,1
2026-06-05-0112,2026-06-05,zepto,jivo-groundnut-cold-pressed-oil-healthy-cooking-oil-1l,Mumbai,400019,199,560,64.5,1
2026-06-05-0112,2026-06-05,zepto,jivo-groundnut-cold-pressed-oil-healthy-cooking-oil-1l,Mumbai,400020,199,560,64.5,1
2026-06-05-0112,2026-06-05,zepto,jivo-groundnut-cold-pressed-oil-healthy-cooking-oil-1l,Mumbai,400021,199,560,64.5,1
2026-06-05-0112,2026-06-05,zepto,jivo-groundnut-cold-pressed-oil-healthy-cooking-oil-1l,Mumbai,400023,199,560,64.5,1
2026-06-05-0112,2026-06-05,zepto,jivo-groundnut-cold-pressed-oil-healthy-cooking-oil-1l,Mumbai,400025,199,560,64.5,1
2026-06-05-0112,2026-06-05,zepto,jivo-groundnut-cold-pressed-oil-healthy-cooking-oil-1l,Mumbai,400030,199,560,64.5,1
2026-06-05-0112,2026-06-05,zepto,jivo-groundnut-cold-pressed-oil-healthy-cooking-oil-1l,Mumbai,400033,199,560,64.5,1
2026-06-05-0112,2026-06-05,zepto,jivo-groundnut-cold-pressed-oil-healthy-cooking-oil-1l,Bengaluru,560014,199,560,64.5,1
2026-06-05-0112,2026-06-05,zepto,jivo-groundnut-cold-pressed-oil-healthy-cooking-oil-1l,Bengaluru,560069,199,560,64.5,1
2026-06-05-0112,2026-06-05,zepto,jivo-groundnut-peanut-cold-pressed-heathy-cooking-oil-200ml,Delhi,110004,49,150,67.3,1
2026-06-05-0112,2026-06-05,zepto,jivo-groundnut-peanut-cold-pressed-heathy-cooking-oil-200ml,Delhi,110006,49,150,67.3,1
2026-06-05-0112,2026-06-05,zepto,jivo-groundnut-peanut-cold-pressed-heathy-cooking-oil-200ml,Delhi,110008,49,150,67.3,1
2026-06-05-0112,2026-06-05,zepto,jivo-groundnut-peanut-cold-pressed-heathy-cooking-oil-200ml,Delhi,110009,49,150,67.3,1
2026-06-05-0112,2026-06-05,zepto,jivo-groundnut-peanut-cold-pressed-heathy-cooking-oil-200ml,Delhi,110010,49,150,67.3,1
2026-06-05-0112,2026-06-05,zepto,jivo-groundnut-peanut-cold-pressed-heathy-cooking-oil-200ml,Delhi,110013,49,150,67.3,1
2026-06-05-0112,2026-06-05,zepto,jivo-groundnut-peanut-cold-pressed-heathy-cooking-oil-200ml,Delhi,110014,49,150,67.3,1
2026-06-05-0112,2026-06-05,zepto,jivo-groundnut-peanut-cold-pressed-heathy-cooking-oil-200ml,Delhi,110015,49,150,67.3,1
2026-06-05-0112,2026-06-05,zepto,jivo-groundnut-peanut-cold-pressed-heathy-cooking-oil-200ml,Gurgaon,122006,49,150,67.3,1
2026-06-05-0112,2026-06-05,zepto,jivo-groundnut-peanut-cold-pressed-heathy-cooking-oil-200ml,Gurgaon,122051,49,150,67.3,1
2026-06-05-0112,2026-06-05,zepto,jivo-groundnut-peanut-cold-pressed-heathy-cooking-oil-200ml,Gurgaon,122101,49,150,67.3,1
2026-06-05-0112,2026-06-05,zepto,jivo-groundnut-peanut-cold-pressed-heathy-cooking-oil-200ml,Ghaziabad,201005,49,150,67.3,1
2026-06-05-0112,2026-06-05,zepto,jivo-groundnut-peanut-cold-pressed-heathy-cooking-oil-200ml,Jaipur,303602,49,150,67.3,1
2026-06-05-0112,2026-06-05,zepto,jivo-groundnut-peanut-cold-pressed-heathy-cooking-oil-200ml,Surat,394510,49,150,67.3,1
2026-06-05-0112,2026-06-05,zepto,jivo-groundnut-peanut-cold-pressed-heathy-cooking-oil-200ml,Mumbai,400003,49,150,67.3,1
2026-06-05-0112,2026-06-05,zepto,jivo-groundnut-peanut-cold-pressed-heathy-cooking-oil-200ml,Mumbai,400005,49,150,67.3,1
2026-06-05-0112,2026-06-05,zepto,jivo-groundnut-peanut-cold-pressed-heathy-cooking-oil-200ml,Mumbai,400006,49,150,67.3,1
2026-06-05-0112,2026-06-05,zepto,jivo-groundnut-peanut-cold-pressed-heathy-cooking-oil-200ml,Mumbai,400007,49,150,67.3,1
2026-06-05-0112,2026-06-05,zepto,jivo-groundnut-peanut-cold-pressed-heathy-cooking-oil-200ml,Mumbai,400010,49,150,67.3,1
2026-06-05-0112,2026-06-05,zepto,jivo-groundnut-peanut-cold-pressed-heathy-cooking-oil-200ml,Mumbai,400011,49,150,67.3,1
2026-06-05-0112,2026-06-05,zepto,jivo-groundnut-peanut-cold-pressed-heathy-cooking-oil-200ml,Mumbai,400012,49,150,67.3,1
2026-06-05-0112,2026-06-05,zepto,jivo-groundnut-peanut-cold-pressed-heathy-cooking-oil-200ml,Mumbai,400013,49,150,67.3,1
2026-06-05-0112,2026-06-05,zepto,jivo-groundnut-peanut-cold-pressed-heathy-cooking-oil-200ml,Mumbai,400015,49,150,67.3,1
2026-06-05-0112,2026-06-05,zepto,jivo-groundnut-peanut-cold-pressed-heathy-cooking-oil-200ml,Mumbai,400017,49,150,67.3,1
2026-06-05-0112,2026-06-05,zepto,jivo-groundnut-peanut-cold-pressed-heathy-cooking-oil-200ml,Mumbai,400018,49,150,67.3,1
2026-06-05-0112,2026-06-05,zepto,jivo-groundnut-peanut-cold-pressed-heathy-cooking-oil-200ml,Mumbai,400019,49,150,67.3,1
2026-06-05-0112,2026-06-05,zepto,jivo-groundnut-peanut-cold-pressed-heathy-cooking-oil-200ml,Mumbai,400020,49,150,67.3,1
2026-06-05-0112,2026-06-05,zepto,jivo-groundnut-peanut-cold-pressed-heathy-cooking-oil-200ml,Mumbai,400021,49,150,67.3,1
2026-06-05-0112,2026-06-05,zepto,jivo-groundnut-peanut-cold-pressed-heathy-cooking-oil-200ml,Mumbai,400023,49,150,67.3,1
2026-06-05-0112,2026-06-05,zepto,jivo-groundnut-peanut-cold-pressed-heathy-cooking-oil-200ml,Mumbai,400025,49,150,67.3,1
2026-06-05-0112,2026-06-05,zepto,jivo-groundnut-peanut-cold-pressed-heathy-cooking-oil-200ml,Mumbai,400030,49,150,67.3,1
2026-06-05-0112,2026-06-05,zepto,jivo-groundnut-peanut-cold-pressed-heathy-cooking-oil-200ml,Mumbai,400033,49,150,67.3,1
2026-06-05-0112,2026-06-05,zepto,jivo-groundnut-peanut-cold-pressed-heathy-cooking-oil-200ml,Indore,452001,49,150,67.3,1
2026-06-05-0112,2026-06-05,zepto,jivo-kachi-ghani-mustard-cold-pressed-oil-healthy-cooking-oil-1l,Delhi,110004,181,255,29,1
2026-06-05-0112,2026-06-05,zepto,jivo-kachi-ghani-mustard-cold-pressed-oil-healthy-cooking-oil-1l,Delhi,110006,180,255,29.4,1
2026-06-05-0112,2026-06-05,zepto,jivo-kachi-ghani-mustard-cold-pressed-oil-healthy-cooking-oil-1l,Delhi,110007,180,255,29.4,1
2026-06-05-0112,2026-06-05,zepto,jivo-kachi-ghani-mustard-cold-pressed-oil-healthy-cooking-oil-1l,Delhi,110008,180,255,29.4,1
2026-06-05-0112,2026-06-05,zepto,jivo-kachi-ghani-mustard-cold-pressed-oil-healthy-cooking-oil-1l,Delhi,110009,180,255,29.4,1
2026-06-05-0112,2026-06-05,zepto,jivo-kachi-ghani-mustard-cold-pressed-oil-healthy-cooking-oil-1l,Delhi,110010,180,255,29.4,1
2026-06-05-0112,2026-06-05,zepto,jivo-kachi-ghani-mustard-cold-pressed-oil-healthy-cooking-oil-1l,Delhi,110013,181,255,29,1
2026-06-05-0112,2026-06-05,zepto,jivo-kachi-ghani-mustard-cold-pressed-oil-healthy-cooking-oil-1l,Delhi,110014,181,255,29,1
2026-06-05-0112,2026-06-05,zepto,jivo-kachi-ghani-mustard-cold-pressed-oil-healthy-cooking-oil-1l,Delhi,110015,181,255,29,1
2026-06-05-0112,2026-06-05,zepto,jivo-kachi-ghani-mustard-cold-pressed-oil-healthy-cooking-oil-1l,Delhi,110017,181,255,29,1
2026-06-05-0112,2026-06-05,zepto,jivo-kachi-ghani-mustard-cold-pressed-oil-healthy-cooking-oil-1l,Faridabad,121011,181,255,29,1
2026-06-05-0112,2026-06-05,zepto,jivo-kachi-ghani-mustard-cold-pressed-oil-healthy-cooking-oil-1l,Gurgaon,122004,181,255,29,1
2026-06-05-0112,2026-06-05,zepto,jivo-kachi-ghani-mustard-cold-pressed-oil-healthy-cooking-oil-1l,Gurgaon,122006,181,255,29,1
2026-06-05-0112,2026-06-05,zepto,jivo-kachi-ghani-mustard-cold-pressed-oil-healthy-cooking-oil-1l,Gurgaon,122010,181,255,29,1
2026-06-05-0112,2026-06-05,zepto,jivo-kachi-ghani-mustard-cold-pressed-oil-healthy-cooking-oil-1l,Gurgaon,122051,181,255,29,1
2026-06-05-0112,2026-06-05,zepto,jivo-kachi-ghani-mustard-cold-pressed-oil-healthy-cooking-oil-1l,Gurgaon,122101,181,255,29,1
2026-06-05-0112,2026-06-05,zepto,jivo-kachi-ghani-mustard-cold-pressed-oil-healthy-cooking-oil-1l,Ludhiana,142022,181,255,29,1
2026-06-05-0112,2026-06-05,zepto,jivo-kachi-ghani-mustard-cold-pressed-oil-healthy-cooking-oil-1l,Ludhiana,142036,181,255,29,1
2026-06-05-0112,2026-06-05,zepto,jivo-kachi-ghani-mustard-cold-pressed-oil-healthy-cooking-oil-1l,Chandigarh,160011,180,255,29.4,1
2026-06-05-0112,2026-06-05,zepto,jivo-kachi-ghani-mustard-cold-pressed-oil-healthy-cooking-oil-1l,Chandigarh,160021,180,255,29.4,1
2026-06-05-0112,2026-06-05,zepto,jivo-kachi-ghani-mustard-cold-pressed-oil-healthy-cooking-oil-1l,Chandigarh,160035,180,255,29.4,1
2026-06-05-0112,2026-06-05,zepto,jivo-kachi-ghani-mustard-cold-pressed-oil-healthy-cooking-oil-1l,Chandigarh,160043,180,255,29.4,1
2026-06-05-0112,2026-06-05,zepto,jivo-kachi-ghani-mustard-cold-pressed-oil-healthy-cooking-oil-1l,Ghaziabad,201003,181,255,29,1
2026-06-05-0112,2026-06-05,zepto,jivo-kachi-ghani-mustard-cold-pressed-oil-healthy-cooking-oil-1l,Ghaziabad,201005,181,255,29,1
2026-06-05-0112,2026-06-05,zepto,jivo-kachi-ghani-mustard-cold-pressed-oil-healthy-cooking-oil-1l,Ghaziabad,201009,181,255,29,1
2026-06-05-0112,2026-06-05,zepto,jivo-kachi-ghani-mustard-cold-pressed-oil-healthy-cooking-oil-1l,Mumbai,400003,181,255,29,1
2026-06-05-0112,2026-06-05,zepto,jivo-kachi-ghani-mustard-cold-pressed-oil-healthy-cooking-oil-1l,Mumbai,400005,181,255,29,1
2026-06-05-0112,2026-06-05,zepto,jivo-kachi-ghani-mustard-cold-pressed-oil-healthy-cooking-oil-1l,Mumbai,400006,181,255,29,1
2026-06-05-0112,2026-06-05,zepto,jivo-kachi-ghani-mustard-cold-pressed-oil-healthy-cooking-oil-1l,Mumbai,400007,181,255,29,1
2026-06-05-0112,2026-06-05,zepto,jivo-kachi-ghani-mustard-cold-pressed-oil-healthy-cooking-oil-1l,Mumbai,400010,181,255,29,1
2026-06-05-0112,2026-06-05,zepto,jivo-kachi-ghani-mustard-cold-pressed-oil-healthy-cooking-oil-1l,Mumbai,400011,181,255,29,1
2026-06-05-0112,2026-06-05,zepto,jivo-kachi-ghani-mustard-cold-pressed-oil-healthy-cooking-oil-1l,Mumbai,400012,181,255,29,1
2026-06-05-0112,2026-06-05,zepto,jivo-kachi-ghani-mustard-cold-pressed-oil-healthy-cooking-oil-1l,Mumbai,400013,181,255,29,1
2026-06-05-0112,2026-06-05,zepto,jivo-kachi-ghani-mustard-cold-pressed-oil-healthy-cooking-oil-1l,Mumbai,400015,181,255,29,1
2026-06-05-0112,2026-06-05,zepto,jivo-kachi-ghani-mustard-cold-pressed-oil-healthy-cooking-oil-1l,Mumbai,400017,181,255,29,1
2026-06-05-0112,2026-06-05,zepto,jivo-kachi-ghani-mustard-cold-pressed-oil-healthy-cooking-oil-1l,Mumbai,400018,181,255,29,1
2026-06-05-0112,2026-06-05,zepto,jivo-kachi-ghani-mustard-cold-pressed-oil-healthy-cooking-oil-1l,Mumbai,400019,181,255,29,1
2026-06-05-0112,2026-06-05,zepto,jivo-kachi-ghani-mustard-cold-pressed-oil-healthy-cooking-oil-1l,Mumbai,400020,181,255,29,1
2026-06-05-0112,2026-06-05,zepto,jivo-kachi-ghani-mustard-cold-pressed-oil-healthy-cooking-oil-1l,Mumbai,400021,181,255,29,1
2026-06-05-0112,2026-06-05,zepto,jivo-kachi-ghani-mustard-cold-pressed-oil-healthy-cooking-oil-1l,Mumbai,400023,181,255,29,1
2026-06-05-0112,2026-06-05,zepto,jivo-kachi-ghani-mustard-cold-pressed-oil-healthy-cooking-oil-1l,Mumbai,400025,181,255,29,1
2026-06-05-0112,2026-06-05,zepto,jivo-kachi-ghani-mustard-cold-pressed-oil-healthy-cooking-oil-1l,Mumbai,400030,181,255,29,1
2026-06-05-0112,2026-06-05,zepto,jivo-kachi-ghani-mustard-cold-pressed-oil-healthy-cooking-oil-1l,Mumbai,400033,181,255,29,1
2026-06-05-0112,2026-06-05,zepto,jivo-kachi-ghani-mustard-cold-pressed-oil-healthy-cooking-oil-1l,Bengaluru,560014,181,255,29,1
2026-06-05-0112,2026-06-05,zepto,jivo-kachi-ghani-mustard-cold-pressed-oil-healthy-cooking-oil-1l,Bengaluru,560019,181,255,29,1
2026-06-05-0112,2026-06-05,zepto,jivo-kachi-ghani-mustard-cold-pressed-oil-healthy-cooking-oil-1l,Bengaluru,560028,181,255,29,1
2026-06-05-0112,2026-06-05,zepto,jivo-kachi-ghani-mustard-cold-pressed-oil-healthy-cooking-oil-1l,Bengaluru,560039,181,255,29,1
2026-06-05-0112,2026-06-05,zepto,jivo-kachi-ghani-mustard-cold-pressed-oil-healthy-cooking-oil-1l,Bengaluru,560069,181,255,29,1
2026-06-05-0112,2026-06-05,zepto,jivo-kachi-ghani-mustard-cold-pressed-oil-healthy-cooking-oil-5l,Delhi,110004,960,1250,23.2,1
2026-06-05-0112,2026-06-05,zepto,jivo-kachi-ghani-mustard-cold-pressed-oil-healthy-cooking-oil-5l,Delhi,110006,960,1250,23.2,1
2026-06-05-0112,2026-06-05,zepto,jivo-kachi-ghani-mustard-cold-pressed-oil-healthy-cooking-oil-5l,Delhi,110007,960,1250,23.2,1
2026-06-05-0112,2026-06-05,zepto,jivo-kachi-ghani-mustard-cold-pressed-oil-healthy-cooking-oil-5l,Delhi,110008,960,1250,23.2,1
2026-06-05-0112,2026-06-05,zepto,jivo-kachi-ghani-mustard-cold-pressed-oil-healthy-cooking-oil-5l,Delhi,110009,960,1250,23.2,1
2026-06-05-0112,2026-06-05,zepto,jivo-kachi-ghani-mustard-cold-pressed-oil-healthy-cooking-oil-5l,Delhi,110010,960,1250,23.2,0
2026-06-05-0112,2026-06-05,zepto,jivo-kachi-ghani-mustard-cold-pressed-oil-healthy-cooking-oil-5l,Delhi,110013,960,1250,23.2,0
2026-06-05-0112,2026-06-05,zepto,jivo-kachi-ghani-mustard-cold-pressed-oil-healthy-cooking-oil-5l,Delhi,110014,960,1250,23.2,0
2026-06-05-0112,2026-06-05,zepto,jivo-kachi-ghani-mustard-cold-pressed-oil-healthy-cooking-oil-5l,Delhi,110015,960,1250,23.2,1
2026-06-05-0112,2026-06-05,zepto,jivo-kachi-ghani-mustard-cold-pressed-oil-healthy-cooking-oil-5l,Delhi,110017,960,1250,23.2,1
2026-06-05-0112,2026-06-05,zepto,jivo-kachi-ghani-mustard-cold-pressed-oil-healthy-cooking-oil-5l,Faridabad,121011,960,1250,23.2,1
2026-06-05-0112,2026-06-05,zepto,jivo-kachi-ghani-mustard-cold-pressed-oil-healthy-cooking-oil-5l,Gurgaon,122004,960,1250,23.2,1
2026-06-05-0112,2026-06-05,zepto,jivo-kachi-ghani-mustard-cold-pressed-oil-healthy-cooking-oil-5l,Gurgaon,122006,960,1250,23.2,1
2026-06-05-0112,2026-06-05,zepto,jivo-kachi-ghani-mustard-cold-pressed-oil-healthy-cooking-oil-5l,Gurgaon,122010,960,1250,23.2,1
2026-06-05-0112,2026-06-05,zepto,jivo-kachi-ghani-mustard-cold-pressed-oil-healthy-cooking-oil-5l,Gurgaon,122051,960,1250,23.2,1
2026-06-05-0112,2026-06-05,zepto,jivo-kachi-ghani-mustard-cold-pressed-oil-healthy-cooking-oil-5l,Gurgaon,122101,960,1250,23.2,1
2026-06-05-0112,2026-06-05,zepto,jivo-kachi-ghani-mustard-cold-pressed-oil-healthy-cooking-oil-5l,Ludhiana,142022,975,1250,22,0
2026-06-05-0112,2026-06-05,zepto,jivo-kachi-ghani-mustard-cold-pressed-oil-healthy-cooking-oil-5l,Ludhiana,142036,975,1250,22,0
2026-06-05-0112,2026-06-05,zepto,jivo-kachi-ghani-mustard-cold-pressed-oil-healthy-cooking-oil-5l,Chandigarh,160011,871,1250,30.3,0
2026-06-05-0112,2026-06-05,zepto,jivo-kachi-ghani-mustard-cold-pressed-oil-healthy-cooking-oil-5l,Chandigarh,160021,871,1250,30.3,0
2026-06-05-0112,2026-06-05,zepto,jivo-kachi-ghani-mustard-cold-pressed-oil-healthy-cooking-oil-5l,Chandigarh,160035,871,1250,30.3,0
2026-06-05-0112,2026-06-05,zepto,jivo-kachi-ghani-mustard-cold-pressed-oil-healthy-cooking-oil-5l,Chandigarh,160043,871,1250,30.3,0
2026-06-05-0112,2026-06-05,zepto,jivo-kachi-ghani-mustard-cold-pressed-oil-healthy-cooking-oil-5l,Ghaziabad,201003,960,1250,23.2,0
2026-06-05-0112,2026-06-05,zepto,jivo-kachi-ghani-mustard-cold-pressed-oil-healthy-cooking-oil-5l,Ghaziabad,201005,960,1250,23.2,1
2026-06-05-0112,2026-06-05,zepto,jivo-kachi-ghani-mustard-cold-pressed-oil-healthy-cooking-oil-5l,Ghaziabad,201009,960,1250,23.2,1
2026-06-05-0112,2026-06-05,zepto,jivo-kachi-ghani-mustard-cold-pressed-oil-healthy-cooking-oil-5l,Jaipur,303602,960,1250,23.2,0
2026-06-05-0112,2026-06-05,zepto,jivo-kachi-ghani-mustard-cold-pressed-oil-healthy-cooking-oil-5l,Surat,394510,845,1250,32.4,0
2026-06-05-0112,2026-06-05,zepto,jivo-kachi-ghani-mustard-cold-pressed-oil-healthy-cooking-oil-5l,Mumbai,400003,975,1250,22,1
2026-06-05-0112,2026-06-05,zepto,jivo-kachi-ghani-mustard-cold-pressed-oil-healthy-cooking-oil-5l,Mumbai,400005,960,1250,23.2,0
2026-06-05-0112,2026-06-05,zepto,jivo-kachi-ghani-mustard-cold-pressed-oil-healthy-cooking-oil-5l,Mumbai,400006,975,1250,22,1
2026-06-05-0112,2026-06-05,zepto,jivo-kachi-ghani-mustard-cold-pressed-oil-healthy-cooking-oil-5l,Mumbai,400007,975,1250,22,1
2026-06-05-0112,2026-06-05,zepto,jivo-kachi-ghani-mustard-cold-pressed-oil-healthy-cooking-oil-5l,Mumbai,400010,975,1250,22,1
2026-06-05-0112,2026-06-05,zepto,jivo-kachi-ghani-mustard-cold-pressed-oil-healthy-cooking-oil-5l,Mumbai,400011,975,1250,22,1
2026-06-05-0112,2026-06-05,zepto,jivo-kachi-ghani-mustard-cold-pressed-oil-healthy-cooking-oil-5l,Mumbai,400012,975,1250,22,1
2026-06-05-0112,2026-06-05,zepto,jivo-kachi-ghani-mustard-cold-pressed-oil-healthy-cooking-oil-5l,Mumbai,400013,975,1250,22,1
2026-06-05-0112,2026-06-05,zepto,jivo-kachi-ghani-mustard-cold-pressed-oil-healthy-cooking-oil-5l,Mumbai,400015,975,1250,22,1
2026-06-05-0112,2026-06-05,zepto,jivo-kachi-ghani-mustard-cold-pressed-oil-healthy-cooking-oil-5l,Mumbai,400017,975,1250,22,1
2026-06-05-0112,2026-06-05,zepto,jivo-kachi-ghani-mustard-cold-pressed-oil-healthy-cooking-oil-5l,Mumbai,400018,975,1250,22,1
2026-06-05-0112,2026-06-05,zepto,jivo-kachi-ghani-mustard-cold-pressed-oil-healthy-cooking-oil-5l,Mumbai,400019,975,1250,22,0
2026-06-05-0112,2026-06-05,zepto,jivo-kachi-ghani-mustard-cold-pressed-oil-healthy-cooking-oil-5l,Mumbai,400020,975,1250,22,1
2026-06-05-0112,2026-06-05,zepto,jivo-kachi-ghani-mustard-cold-pressed-oil-healthy-cooking-oil-5l,Mumbai,400021,975,1250,22,1
2026-06-05-0112,2026-06-05,zepto,jivo-kachi-ghani-mustard-cold-pressed-oil-healthy-cooking-oil-5l,Mumbai,400023,975,1250,22,1
2026-06-05-0112,2026-06-05,zepto,jivo-kachi-ghani-mustard-cold-pressed-oil-healthy-cooking-oil-5l,Mumbai,400025,975,1250,22,0
2026-06-05-0112,2026-06-05,zepto,jivo-kachi-ghani-mustard-cold-pressed-oil-healthy-cooking-oil-5l,Mumbai,400030,975,1250,22,1
2026-06-05-0112,2026-06-05,zepto,jivo-kachi-ghani-mustard-cold-pressed-oil-healthy-cooking-oil-5l,Mumbai,400033,975,1250,22,1
2026-06-05-0112,2026-06-05,zepto,jivo-kachi-ghani-mustard-cold-pressed-oil-healthy-cooking-oil-5l,Indore,452001,960,1250,23.2,0
2026-06-05-0112,2026-06-05,zepto,jivo-kachi-ghani-mustard-cold-pressed-oil-healthy-cooking-oil-5l,Bengaluru,560014,960,1250,23.2,0
2026-06-05-0112,2026-06-05,zepto,jivo-kachi-ghani-mustard-cold-pressed-oil-healthy-cooking-oil-5l,Bengaluru,560019,960,1250,23.2,0
2026-06-05-0112,2026-06-05,zepto,jivo-kachi-ghani-mustard-cold-pressed-oil-healthy-cooking-oil-5l,Bengaluru,560028,960,1250,23.2,0
2026-06-05-0112,2026-06-05,zepto,jivo-kachi-ghani-mustard-cold-pressed-oil-healthy-cooking-oil-5l,Bengaluru,560039,960,1250,23.2,0
2026-06-05-0112,2026-06-05,zepto,jivo-kachi-ghani-mustard-cold-pressed-oil-healthy-cooking-oil-5l,Bengaluru,560069,960,1250,23.2,0
2026-06-05-0112,2026-06-05,zepto,jivo-kachi-ghani-mustard-cold-pressed-oil-healthy-cooking-oil-5l,Kolkata,700001,960,1250,23.2,0
2026-06-05-0112,2026-06-05,zepto,jivo-kachi-ghani-mustard-cold-pressed-oil-healthy-cooking-oil-5l,Kolkata,700015,960,1250,23.2,0
2026-06-05-0112,2026-06-05,zepto,jivo-kachi-ghani-mustard-cold-pressed-oil-healthy-cooking-oil-5l,Kolkata,700019,960,1250,23.2,0
2026-06-05-0112,2026-06-05,zepto,jivo-kachi-ghani-mustard-cold-pressed-oil-healthy-cooking-oil-5l,Kolkata,700040,960,1250,23.2,0
2026-06-05-0112,2026-06-05,zepto,jivo-kachi-ghani-mustard-cold-pressed-oil-healthy-cooking-oil-5l,Kolkata,700053,960,1250,23.2,0
2026-06-05-0112,2026-06-05,zepto,jivo-pomace-olive-oil-1l,Delhi,110004,379,1049,63.9,1
2026-06-05-0112,2026-06-05,zepto,jivo-pomace-olive-oil-1l,Delhi,110006,379,1049,63.9,1
2026-06-05-0112,2026-06-05,zepto,jivo-pomace-olive-oil-1l,Delhi,110007,379,1049,63.9,1
2026-06-05-0112,2026-06-05,zepto,jivo-pomace-olive-oil-1l,Delhi,110008,379,1049,63.9,0
2026-06-05-0112,2026-06-05,zepto,jivo-pomace-olive-oil-1l,Delhi,110009,379,1049,63.9,1
2026-06-05-0112,2026-06-05,zepto,jivo-pomace-olive-oil-1l,Delhi,110010,379,1049,63.9,1
2026-06-05-0112,2026-06-05,zepto,jivo-pomace-olive-oil-1l,Delhi,110013,379,1049,63.9,1
2026-06-05-0112,2026-06-05,zepto,jivo-pomace-olive-oil-1l,Delhi,110014,379,1049,63.9,1
2026-06-05-0112,2026-06-05,zepto,jivo-pomace-olive-oil-1l,Delhi,110015,379,1049,63.9,1
2026-06-05-0112,2026-06-05,zepto,jivo-pomace-olive-oil-1l,Delhi,110017,379,1049,63.9,1
2026-06-05-0112,2026-06-05,zepto,jivo-pomace-olive-oil-1l,Faridabad,121011,379,1049,63.9,1
2026-06-05-0112,2026-06-05,zepto,jivo-pomace-olive-oil-1l,Gurgaon,122004,379,1049,63.9,1
2026-06-05-0112,2026-06-05,zepto,jivo-pomace-olive-oil-1l,Gurgaon,122006,379,1049,63.9,1
2026-06-05-0112,2026-06-05,zepto,jivo-pomace-olive-oil-1l,Gurgaon,122010,379,1049,63.9,1
2026-06-05-0112,2026-06-05,zepto,jivo-pomace-olive-oil-1l,Gurgaon,122051,379,1049,63.9,1
2026-06-05-0112,2026-06-05,zepto,jivo-pomace-olive-oil-1l,Gurgaon,122101,379,1049,63.9,1
2026-06-05-0112,2026-06-05,zepto,jivo-pomace-olive-oil-1l,Ludhiana,142022,379,1049,63.9,1
2026-06-05-0112,2026-06-05,zepto,jivo-pomace-olive-oil-1l,Ludhiana,142036,379,1049,63.9,1
2026-06-05-0112,2026-06-05,zepto,jivo-pomace-olive-oil-1l,Ghaziabad,201003,379,1049,63.9,1
2026-06-05-0112,2026-06-05,zepto,jivo-pomace-olive-oil-1l,Ghaziabad,201005,379,1049,63.9,1
2026-06-05-0112,2026-06-05,zepto,jivo-pomace-olive-oil-1l,Ghaziabad,201009,379,1049,63.9,1
2026-06-05-0112,2026-06-05,zepto,jivo-pomace-olive-oil-1l,Mumbai,400003,379,1049,63.9,1
2026-06-05-0112,2026-06-05,zepto,jivo-pomace-olive-oil-1l,Mumbai,400005,379,1049,63.9,1
2026-06-05-0112,2026-06-05,zepto,jivo-pomace-olive-oil-1l,Mumbai,400006,379,1049,63.9,1
2026-06-05-0112,2026-06-05,zepto,jivo-pomace-olive-oil-1l,Mumbai,400007,379,1049,63.9,1
2026-06-05-0112,2026-06-05,zepto,jivo-pomace-olive-oil-1l,Mumbai,400010,379,1049,63.9,1
2026-06-05-0112,2026-06-05,zepto,jivo-pomace-olive-oil-1l,Mumbai,400011,379,1049,63.9,0
2026-06-05-0112,2026-06-05,zepto,jivo-pomace-olive-oil-1l,Mumbai,400012,379,1049,63.9,1
2026-06-05-0112,2026-06-05,zepto,jivo-pomace-olive-oil-1l,Mumbai,400013,379,1049,63.9,1
2026-06-05-0112,2026-06-05,zepto,jivo-pomace-olive-oil-1l,Mumbai,400015,379,1049,63.9,1
2026-06-05-0112,2026-06-05,zepto,jivo-pomace-olive-oil-1l,Mumbai,400017,379,1049,63.9,1
2026-06-05-0112,2026-06-05,zepto,jivo-pomace-olive-oil-1l,Mumbai,400018,379,1049,63.9,0
2026-06-05-0112,2026-06-05,zepto,jivo-pomace-olive-oil-1l,Mumbai,400019,379,1049,63.9,1
2026-06-05-0112,2026-06-05,zepto,jivo-pomace-olive-oil-1l,Mumbai,400020,379,1049,63.9,0
2026-06-05-0112,2026-06-05,zepto,jivo-pomace-olive-oil-1l,Mumbai,400021,379,1049,63.9,1
2026-06-05-0112,2026-06-05,zepto,jivo-pomace-olive-oil-1l,Mumbai,400023,379,1049,63.9,1
2026-06-05-0112,2026-06-05,zepto,jivo-pomace-olive-oil-1l,Mumbai,400025,379,1049,63.9,1
2026-06-05-0112,2026-06-05,zepto,jivo-pomace-olive-oil-1l,Mumbai,400030,379,1049,63.9,1
2026-06-05-0112,2026-06-05,zepto,jivo-pomace-olive-oil-1l,Mumbai,400033,379,1049,63.9,1
2026-06-05-0112,2026-06-05,zepto,jivo-pomace-olive-oil-1l,Bengaluru,560014,379,1049,63.9,1
2026-06-05-0112,2026-06-05,zepto,jivo-pomace-olive-oil-5l,Delhi,110004,2127,4999,57.5,1
2026-06-05-0112,2026-06-05,zepto,jivo-pomace-olive-oil-5l,Delhi,110006,2127,4999,57.5,1
2026-06-05-0112,2026-06-05,zepto,jivo-pomace-olive-oil-5l,Delhi,110007,2127,4999,57.5,1
2026-06-05-0112,2026-06-05,zepto,jivo-pomace-olive-oil-5l,Delhi,110008,2127,4999,57.5,1
2026-06-05-0112,2026-06-05,zepto,jivo-pomace-olive-oil-5l,Delhi,110009,2127,4999,57.5,1
2026-06-05-0112,2026-06-05,zepto,jivo-pomace-olive-oil-5l,Delhi,110010,2076,4999,58.5,0
2026-06-05-0112,2026-06-05,zepto,jivo-pomace-olive-oil-5l,Delhi,110013,2076,4999,58.5,0
2026-06-05-0112,2026-06-05,zepto,jivo-pomace-olive-oil-5l,Delhi,110014,2076,4999,58.5,0
2026-06-05-0112,2026-06-05,zepto,jivo-pomace-olive-oil-5l,Delhi,110015,2130,4999,57.4,1
2026-06-05-0112,2026-06-05,zepto,jivo-pomace-olive-oil-5l,Delhi,110017,2114,4999,57.7,1
2026-06-05-0112,2026-06-05,zepto,jivo-pomace-olive-oil-5l,Faridabad,121011,2125,4999,57.5,1
2026-06-05-0112,2026-06-05,zepto,jivo-pomace-olive-oil-5l,Gurgaon,122004,2132,4999,57.4,1
2026-06-05-0112,2026-06-05,zepto,jivo-pomace-olive-oil-5l,Gurgaon,122006,2121,4999,57.6,1
2026-06-05-0112,2026-06-05,zepto,jivo-pomace-olive-oil-5l,Gurgaon,122010,2132,4999,57.4,1
2026-06-05-0112,2026-06-05,zepto,jivo-pomace-olive-oil-5l,Gurgaon,122051,2132,4999,57.4,1
2026-06-05-0112,2026-06-05,zepto,jivo-pomace-olive-oil-5l,Gurgaon,122101,2132,4999,57.4,1
2026-06-05-0112,2026-06-05,zepto,jivo-pomace-olive-oil-5l,Ludhiana,142022,2474,4999,50.5,0
2026-06-05-0112,2026-06-05,zepto,jivo-pomace-olive-oil-5l,Ludhiana,142036,2474,4999,50.5,0
2026-06-05-0112,2026-06-05,zepto,jivo-pomace-olive-oil-5l,Chandigarh,160011,2474,4999,50.5,0
2026-06-05-0112,2026-06-05,zepto,jivo-pomace-olive-oil-5l,Chandigarh,160021,2474,4999,50.5,0
2026-06-05-0112,2026-06-05,zepto,jivo-pomace-olive-oil-5l,Chandigarh,160035,2474,4999,50.5,0
2026-06-05-0112,2026-06-05,zepto,jivo-pomace-olive-oil-5l,Chandigarh,160043,2474,4999,50.5,0
2026-06-05-0112,2026-06-05,zepto,jivo-pomace-olive-oil-5l,Ghaziabad,201003,2076,4999,58.5,0
2026-06-05-0112,2026-06-05,zepto,jivo-pomace-olive-oil-5l,Ghaziabad,201005,2130,4999,57.4,1
2026-06-05-0112,2026-06-05,zepto,jivo-pomace-olive-oil-5l,Ghaziabad,201009,2124,4999,57.5,1
2026-06-05-0112,2026-06-05,zepto,jivo-pomace-olive-oil-5l,Jaipur,303602,2474,4999,50.5,0
2026-06-05-0112,2026-06-05,zepto,jivo-pomace-olive-oil-5l,Surat,394510,2474,4999,50.5,0
2026-06-05-0112,2026-06-05,zepto,jivo-pomace-olive-oil-5l,Mumbai,400003,2100,4999,58,1
2026-06-05-0112,2026-06-05,zepto,jivo-pomace-olive-oil-5l,Mumbai,400005,2076,4999,58.5,0
2026-06-05-0112,2026-06-05,zepto,jivo-pomace-olive-oil-5l,Mumbai,400006,2100,4999,58,1
2026-06-05-0112,2026-06-05,zepto,jivo-pomace-olive-oil-5l,Mumbai,400007,2146,4999,57.1,1
2026-06-05-0112,2026-06-05,zepto,jivo-pomace-olive-oil-5l,Mumbai,400010,2100,4999,58,1
2026-06-05-0112,2026-06-05,zepto,jivo-pomace-olive-oil-5l,Mumbai,400011,2100,4999,58,1
2026-06-05-0112,2026-06-05,zepto,jivo-pomace-olive-oil-5l,Mumbai,400012,2100,4999,58,1
2026-06-05-0112,2026-06-05,zepto,jivo-pomace-olive-oil-5l,Mumbai,400013,2100,4999,58,1
2026-06-05-0112,2026-06-05,zepto,jivo-pomace-olive-oil-5l,Mumbai,400015,2100,4999,58,1
2026-06-05-0112,2026-06-05,zepto,jivo-pomace-olive-oil-5l,Mumbai,400017,2123,4999,57.5,1
2026-06-05-0112,2026-06-05,zepto,jivo-pomace-olive-oil-5l,Mumbai,400018,2146,4999,57.1,1
2026-06-05-0112,2026-06-05,zepto,jivo-pomace-olive-oil-5l,Mumbai,400019,2076,4999,58.5,0
2026-06-05-0112,2026-06-05,zepto,jivo-pomace-olive-oil-5l,Mumbai,400020,2100,4999,58,1
2026-06-05-0112,2026-06-05,zepto,jivo-pomace-olive-oil-5l,Mumbai,400021,2146,4999,57.1,1
2026-06-05-0112,2026-06-05,zepto,jivo-pomace-olive-oil-5l,Mumbai,400023,2100,4999,58,1
2026-06-05-0112,2026-06-05,zepto,jivo-pomace-olive-oil-5l,Mumbai,400025,2076,4999,58.5,0
2026-06-05-0112,2026-06-05,zepto,jivo-pomace-olive-oil-5l,Mumbai,400030,2100,4999,58,1
2026-06-05-0112,2026-06-05,zepto,jivo-pomace-olive-oil-5l,Mumbai,400033,2100,4999,58,1
2026-06-05-0112,2026-06-05,zepto,jivo-pomace-olive-oil-5l,Indore,452001,2474,4999,50.5,0
2026-06-05-0112,2026-06-05,zepto,jivo-pomace-olive-oil-5l,Bengaluru,560014,2474,4999,50.5,1
2026-06-05-0112,2026-06-05,zepto,jivo-pomace-olive-oil-5l,Bengaluru,560019,2474,4999,50.5,0
2026-06-05-0112,2026-06-05,zepto,jivo-pomace-olive-oil-5l,Bengaluru,560028,2474,4999,50.5,0
2026-06-05-0112,2026-06-05,zepto,jivo-pomace-olive-oil-5l,Bengaluru,560039,2474,4999,50.5,1
2026-06-05-0112,2026-06-05,zepto,jivo-pomace-olive-oil-5l,Bengaluru,560069,2474,4999,50.5,1
2026-06-05-0112,2026-06-05,zepto,jivo-pomace-olive-oil-5l,Kolkata,700001,2474,4999,50.5,1
2026-06-05-0112,2026-06-05,zepto,jivo-pomace-olive-oil-5l,Kolkata,700015,2474,4999,50.5,1
2026-06-05-0112,2026-06-05,zepto,jivo-pomace-olive-oil-5l,Kolkata,700019,2474,4999,50.5,1
2026-06-05-0112,2026-06-05,zepto,jivo-pomace-olive-oil-5l,Kolkata,700040,2474,4999,50.5,1
2026-06-05-0112,2026-06-05,zepto,jivo-pomace-olive-oil-5l,Kolkata,700053,2474,4999,50.5,1
2026-06-05-0112,2026-06-05,zepto,jivo-pomace-olive-oil-combo-2l,Delhi,110004,758,2098,63.9,1
2026-06-05-0112,2026-06-05,zepto,jivo-pomace-olive-oil-combo-2l,Delhi,110007,758,2098,63.9,1
2026-06-05-0112,2026-06-05,zepto,jivo-pomace-olive-oil-combo-2l,Delhi,110013,758,2098,63.9,1
2026-06-05-0112,2026-06-05,zepto,jivo-pomace-olive-oil-combo-2l,Delhi,110014,758,2098,63.9,1
2026-06-05-0112,2026-06-05,zepto,jivo-pomace-olive-oil-combo-2l,Delhi,110015,758,2098,63.9,1
2026-06-05-0112,2026-06-05,zepto,jivo-pomace-olive-oil-combo-2l,Gurgaon,122004,758,2098,63.9,1
2026-06-05-0112,2026-06-05,zepto,jivo-pomace-olive-oil-combo-2l,Gurgaon,122010,758,2098,63.9,1
2026-06-05-0112,2026-06-05,zepto,jivo-pomace-olive-oil-combo-2l,Ghaziabad,201003,758,2098,63.9,1
2026-06-05-0112,2026-06-05,zepto,jivo-pomace-olive-oil-combo-2l,Ghaziabad,201005,758,2098,63.9,1
2026-06-05-0112,2026-06-05,zepto,jivo-pomace-olive-oil-combo-2l,Mumbai,400003,758,2098,63.9,1
2026-06-05-0112,2026-06-05,zepto,jivo-pomace-olive-oil-combo-2l,Mumbai,400005,758,2098,63.9,1
2026-06-05-0112,2026-06-05,zepto,jivo-pomace-olive-oil-combo-2l,Mumbai,400010,758,2098,63.9,1
2026-06-05-0112,2026-06-05,zepto,jivo-pomace-olive-oil-combo-2l,Mumbai,400012,758,2098,63.9,1
2026-06-05-0112,2026-06-05,zepto,jivo-pomace-olive-oil-combo-2l,Mumbai,400013,758,2098,63.9,1
2026-06-05-0112,2026-06-05,zepto,jivo-pomace-olive-oil-combo-2l,Mumbai,400015,758,2098,63.9,1
2026-06-05-0112,2026-06-05,zepto,jivo-pomace-olive-oil-combo-2l,Mumbai,400019,758,2098,63.9,1
2026-06-05-0112,2026-06-05,zepto,jivo-pomace-olive-oil-combo-2l,Mumbai,400021,758,2098,63.9,1
2026-06-05-0112,2026-06-05,zepto,jivo-pomace-olive-oil-combo-2l,Mumbai,400023,758,2098,63.9,1
2026-06-05-0112,2026-06-05,zepto,jivo-pomace-olive-oil-combo-2l,Mumbai,400025,758,2098,63.9,1
2026-06-05-0112,2026-06-05,zepto,jivo-pomace-olive-oil-combo-2l,Mumbai,400030,758,2098,63.9,1
2026-06-05-0112,2026-06-05,zepto,jivo-pomace-olive-oil-combo-2l,Mumbai,400033,758,2098,63.9,1
2026-06-05-0112,2026-06-05,zepto,jivo-pomace-olive-oil-combo-2l,Bengaluru,560014,758,2098,63.9,1
2026-06-05-0112,2026-06-05,zepto,jivo-refine-canola-oil-tin-15l,Delhi,110004,3028,3500,13.5,0
2026-06-05-0112,2026-06-05,zepto,jivo-refine-canola-oil-tin-15l,Delhi,110006,3325,3500,5,0
2026-06-05-0112,2026-06-05,zepto,jivo-refine-canola-oil-tin-15l,Delhi,110007,3028,3500,13.5,0
2026-06-05-0112,2026-06-05,zepto,jivo-refine-canola-oil-tin-15l,Delhi,110008,3028,3500,13.5,0
2026-06-05-0112,2026-06-05,zepto,jivo-refine-canola-oil-tin-15l,Delhi,110009,3028,3500,13.5,0
2026-06-05-0112,2026-06-05,zepto,jivo-refine-canola-oil-tin-15l,Delhi,110010,3325,3500,5,0
2026-06-05-0112,2026-06-05,zepto,jivo-refine-canola-oil-tin-15l,Delhi,110013,3028,3500,13.5,0
2026-06-05-0112,2026-06-05,zepto,jivo-refine-canola-oil-tin-15l,Delhi,110014,3028,3500,13.5,0
2026-06-05-0112,2026-06-05,zepto,jivo-refine-canola-oil-tin-15l,Delhi,110015,3028,3500,13.5,0
2026-06-05-0112,2026-06-05,zepto,jivo-refine-canola-oil-tin-15l,Delhi,110017,3028,3500,13.5,1
2026-06-05-0112,2026-06-05,zepto,jivo-refine-canola-oil-tin-15l,Faridabad,121011,3325,3500,5,0
2026-06-05-0112,2026-06-05,zepto,jivo-refine-canola-oil-tin-15l,Gurgaon,122004,3325,3500,5,0
2026-06-05-0112,2026-06-05,zepto,jivo-refine-canola-oil-tin-15l,Gurgaon,122006,3325,3500,5,0
2026-06-05-0112,2026-06-05,zepto,jivo-refine-canola-oil-tin-15l,Gurgaon,122010,3028,3500,13.5,0
2026-06-05-0112,2026-06-05,zepto,jivo-refine-canola-oil-tin-15l,Gurgaon,122051,3325,3500,5,0
2026-06-05-0112,2026-06-05,zepto,jivo-refine-canola-oil-tin-15l,Gurgaon,122101,3028,3500,13.5,0
2026-06-05-0112,2026-06-05,zepto,jivo-refine-canola-oil-tin-15l,Ludhiana,142022,3325,3500,5,0
2026-06-05-0112,2026-06-05,zepto,jivo-refine-canola-oil-tin-15l,Ludhiana,142036,3028,3500,13.5,0
2026-06-05-0112,2026-06-05,zepto,jivo-refine-canola-oil-tin-15l,Chandigarh,160011,3028,3500,13.5,0
2026-06-05-0112,2026-06-05,zepto,jivo-refine-canola-oil-tin-15l,Chandigarh,160021,3325,3500,5,0
2026-06-05-0112,2026-06-05,zepto,jivo-refine-canola-oil-tin-15l,Chandigarh,160035,3028,3500,13.5,0
2026-06-05-0112,2026-06-05,zepto,jivo-refine-canola-oil-tin-15l,Chandigarh,160043,3028,3500,13.5,0
2026-06-05-0112,2026-06-05,zepto,jivo-refine-canola-oil-tin-15l,Ghaziabad,201003,3028,3500,13.5,0
2026-06-05-0112,2026-06-05,zepto,jivo-refine-canola-oil-tin-15l,Ghaziabad,201005,3325,3500,5,0
2026-06-05-0112,2026-06-05,zepto,jivo-refine-canola-oil-tin-15l,Ghaziabad,201009,3325,3500,5,0
2026-06-05-0112,2026-06-05,zepto,jivo-refine-canola-oil-tin-15l,Jaipur,303602,3028,3500,13.5,0
2026-06-05-0112,2026-06-05,zepto,jivo-refine-canola-oil-tin-15l,Surat,394510,3325,3500,5,0
2026-06-05-0112,2026-06-05,zepto,jivo-refine-canola-oil-tin-15l,Mumbai,400003,3325,3500,5,0
2026-06-05-0112,2026-06-05,zepto,jivo-refine-canola-oil-tin-15l,Mumbai,400005,3028,3500,13.5,0
2026-06-05-0112,2026-06-05,zepto,jivo-refine-canola-oil-tin-15l,Mumbai,400006,3028,3500,13.5,0
2026-06-05-0112,2026-06-05,zepto,jivo-refine-canola-oil-tin-15l,Mumbai,400007,3028,3500,13.5,0
2026-06-05-0112,2026-06-05,zepto,jivo-refine-canola-oil-tin-15l,Mumbai,400010,3028,3500,13.5,0
2026-06-05-0112,2026-06-05,zepto,jivo-refine-canola-oil-tin-15l,Mumbai,400011,3325,3500,5,0
2026-06-05-0112,2026-06-05,zepto,jivo-refine-canola-oil-tin-15l,Mumbai,400012,3028,3500,13.5,0
2026-06-05-0112,2026-06-05,zepto,jivo-refine-canola-oil-tin-15l,Mumbai,400013,3028,3500,13.5,0
2026-06-05-0112,2026-06-05,zepto,jivo-refine-canola-oil-tin-15l,Mumbai,400015,3325,3500,5,0
2026-06-05-0112,2026-06-05,zepto,jivo-refine-canola-oil-tin-15l,Mumbai,400017,3325,3500,5,0
2026-06-05-0112,2026-06-05,zepto,jivo-refine-canola-oil-tin-15l,Mumbai,400018,3325,3500,5,0
2026-06-05-0112,2026-06-05,zepto,jivo-refine-canola-oil-tin-15l,Mumbai,400019,3325,3500,5,0
2026-06-05-0112,2026-06-05,zepto,jivo-refine-canola-oil-tin-15l,Mumbai,400020,3325,3500,5,0
2026-06-05-0112,2026-06-05,zepto,jivo-refine-canola-oil-tin-15l,Mumbai,400021,3028,3500,13.5,0
2026-06-05-0112,2026-06-05,zepto,jivo-refine-canola-oil-tin-15l,Mumbai,400023,3028,3500,13.5,0
2026-06-05-0112,2026-06-05,zepto,jivo-refine-canola-oil-tin-15l,Mumbai,400025,3028,3500,13.5,0
2026-06-05-0112,2026-06-05,zepto,jivo-refine-canola-oil-tin-15l,Mumbai,400030,3028,3500,13.5,0
2026-06-05-0112,2026-06-05,zepto,jivo-refine-canola-oil-tin-15l,Mumbai,400033,3028,3500,13.5,0
2026-06-05-0112,2026-06-05,zepto,jivo-refine-canola-oil-tin-15l,Indore,452001,3028,3500,13.5,0
2026-06-05-0112,2026-06-05,zepto,jivo-refine-canola-oil-tin-15l,Bengaluru,560014,3028,3500,13.5,0
2026-06-05-0112,2026-06-05,zepto,jivo-refine-canola-oil-tin-15l,Bengaluru,560019,3325,3500,5,0
2026-06-05-0112,2026-06-05,zepto,jivo-refine-canola-oil-tin-15l,Bengaluru,560028,3028,3500,13.5,0
2026-06-05-0112,2026-06-05,zepto,jivo-refine-canola-oil-tin-15l,Bengaluru,560039,3028,3500,13.5,1
2026-06-05-0112,2026-06-05,zepto,jivo-refine-canola-oil-tin-15l,Bengaluru,560069,3028,3500,13.5,1
2026-06-05-0112,2026-06-05,zepto,jivo-refine-canola-oil-tin-15l,Kolkata,700001,3325,3500,5,0
2026-06-05-0112,2026-06-05,zepto,jivo-refine-canola-oil-tin-15l,Kolkata,700015,3028,3500,13.5,0
2026-06-05-0112,2026-06-05,zepto,jivo-refine-canola-oil-tin-15l,Kolkata,700019,3028,3500,13.5,0
2026-06-05-0112,2026-06-05,zepto,jivo-refine-canola-oil-tin-15l,Kolkata,700040,3028,3500,13.5,0
2026-06-05-0112,2026-06-05,zepto,jivo-refine-canola-oil-tin-15l,Kolkata,700053,3028,3500,13.5,0
2026-06-05-0112,2026-06-05,zepto,jivo-rice-bran-daily-cooking-oil-1l,Delhi,110004,188,285,34,0
2026-06-05-0112,2026-06-05,zepto,jivo-rice-bran-daily-cooking-oil-1l,Delhi,110006,188,285,34,0
2026-06-05-0112,2026-06-05,zepto,jivo-rice-bran-daily-cooking-oil-1l,Delhi,110007,183,285,35.8,0
2026-06-05-0112,2026-06-05,zepto,jivo-rice-bran-daily-cooking-oil-1l,Delhi,110008,183,285,35.8,0
2026-06-05-0112,2026-06-05,zepto,jivo-rice-bran-daily-cooking-oil-1l,Delhi,110009,183,285,35.8,0
2026-06-05-0112,2026-06-05,zepto,jivo-rice-bran-daily-cooking-oil-1l,Delhi,110010,183,285,35.8,0
2026-06-05-0112,2026-06-05,zepto,jivo-rice-bran-daily-cooking-oil-1l,Delhi,110013,183,285,35.8,0
2026-06-05-0112,2026-06-05,zepto,jivo-rice-bran-daily-cooking-oil-1l,Delhi,110014,183,285,35.8,0
2026-06-05-0112,2026-06-05,zepto,jivo-rice-bran-daily-cooking-oil-1l,Delhi,110017,188,285,34,0
2026-06-05-0112,2026-06-05,zepto,jivo-rice-bran-daily-cooking-oil-1l,Faridabad,121011,188,285,34,0
2026-06-05-0112,2026-06-05,zepto,jivo-rice-bran-daily-cooking-oil-1l,Gurgaon,122004,183,285,35.8,0
2026-06-05-0112,2026-06-05,zepto,jivo-rice-bran-daily-cooking-oil-1l,Gurgaon,122006,183,285,35.8,0
2026-06-05-0112,2026-06-05,zepto,jivo-rice-bran-daily-cooking-oil-1l,Gurgaon,122010,183,285,35.8,0
2026-06-05-0112,2026-06-05,zepto,jivo-rice-bran-daily-cooking-oil-1l,Gurgaon,122051,183,285,35.8,0
2026-06-05-0112,2026-06-05,zepto,jivo-rice-bran-daily-cooking-oil-1l,Ludhiana,142022,188,285,34,0
2026-06-05-0112,2026-06-05,zepto,jivo-rice-bran-daily-cooking-oil-1l,Ludhiana,142036,183,285,35.8,0
2026-06-05-0112,2026-06-05,zepto,jivo-rice-bran-daily-cooking-oil-1l,Chandigarh,160011,183,285,35.8,0
2026-06-05-0112,2026-06-05,zepto,jivo-rice-bran-daily-cooking-oil-1l,Chandigarh,160021,183,285,35.8,0
2026-06-05-0112,2026-06-05,zepto,jivo-rice-bran-daily-cooking-oil-1l,Chandigarh,160035,188,285,34,0
2026-06-05-0112,2026-06-05,zepto,jivo-rice-bran-daily-cooking-oil-1l,Chandigarh,160043,183,285,35.8,0
2026-06-05-0112,2026-06-05,zepto,jivo-rice-bran-daily-cooking-oil-1l,Ghaziabad,201003,183,285,35.8,0
2026-06-05-0112,2026-06-05,zepto,jivo-rice-bran-daily-cooking-oil-1l,Ghaziabad,201005,183,285,35.8,0
2026-06-05-0112,2026-06-05,zepto,jivo-rice-bran-daily-cooking-oil-1l,Ghaziabad,201009,188,285,34,0
2026-06-05-0112,2026-06-05,zepto,jivo-rice-bran-daily-cooking-oil-1l,Jaipur,303602,269,285,5.6,0
2026-06-05-0112,2026-06-05,zepto,jivo-rice-bran-daily-cooking-oil-1l,Surat,394510,183,285,35.8,0
2026-06-05-0112,2026-06-05,zepto,jivo-rice-bran-daily-cooking-oil-1l,Mumbai,400003,183,285,35.8,0
2026-06-05-0112,2026-06-05,zepto,jivo-rice-bran-daily-cooking-oil-1l,Mumbai,400005,183,285,35.8,0
2026-06-05-0112,2026-06-05,zepto,jivo-rice-bran-daily-cooking-oil-1l,Mumbai,400006,183,285,35.8,0
2026-06-05-0112,2026-06-05,zepto,jivo-rice-bran-daily-cooking-oil-1l,Mumbai,400007,183,285,35.8,0
2026-06-05-0112,2026-06-05,zepto,jivo-rice-bran-daily-cooking-oil-1l,Mumbai,400010,183,285,35.8,0
2026-06-05-0112,2026-06-05,zepto,jivo-rice-bran-daily-cooking-oil-1l,Mumbai,400011,183,285,35.8,0
2026-06-05-0112,2026-06-05,zepto,jivo-rice-bran-daily-cooking-oil-1l,Mumbai,400012,183,285,35.8,0
2026-06-05-0112,2026-06-05,zepto,jivo-rice-bran-daily-cooking-oil-1l,Mumbai,400013,183,285,35.8,0
2026-06-05-0112,2026-06-05,zepto,jivo-rice-bran-daily-cooking-oil-1l,Mumbai,400015,183,285,35.8,0
2026-06-05-0112,2026-06-05,zepto,jivo-rice-bran-daily-cooking-oil-1l,Mumbai,400017,188,285,34,0
2026-06-05-0112,2026-06-05,zepto,jivo-rice-bran-daily-cooking-oil-1l,Mumbai,400018,183,285,35.8,0
2026-06-05-0112,2026-06-05,zepto,jivo-rice-bran-daily-cooking-oil-1l,Mumbai,400019,183,285,35.8,0
2026-06-05-0112,2026-06-05,zepto,jivo-rice-bran-daily-cooking-oil-1l,Mumbai,400020,183,285,35.8,0
2026-06-05-0112,2026-06-05,zepto,jivo-rice-bran-daily-cooking-oil-1l,Mumbai,400021,188,285,34,0
2026-06-05-0112,2026-06-05,zepto,jivo-rice-bran-daily-cooking-oil-1l,Mumbai,400023,183,285,35.8,0
2026-06-05-0112,2026-06-05,zepto,jivo-rice-bran-daily-cooking-oil-1l,Mumbai,400025,183,285,35.8,0
2026-06-05-0112,2026-06-05,zepto,jivo-rice-bran-daily-cooking-oil-1l,Mumbai,400030,183,285,35.8,0
2026-06-05-0112,2026-06-05,zepto,jivo-rice-bran-daily-cooking-oil-1l,Mumbai,400033,183,285,35.8,0
2026-06-05-0112,2026-06-05,zepto,jivo-rice-bran-daily-cooking-oil-1l,Indore,452001,188,285,34,0
2026-06-05-0112,2026-06-05,zepto,jivo-rice-bran-daily-cooking-oil-1l,Bengaluru,560014,183,285,35.8,0
2026-06-05-0112,2026-06-05,zepto,jivo-rice-bran-daily-cooking-oil-1l,Bengaluru,560019,183,285,35.8,0
2026-06-05-0112,2026-06-05,zepto,jivo-rice-bran-daily-cooking-oil-1l,Bengaluru,560028,183,285,35.8,0
2026-06-05-0112,2026-06-05,zepto,jivo-rice-bran-daily-cooking-oil-1l,Bengaluru,560039,188,285,34,0
2026-06-05-0112,2026-06-05,zepto,jivo-rice-bran-daily-cooking-oil-1l,Bengaluru,560069,183,285,35.8,0
2026-06-05-0112,2026-06-05,zepto,jivo-rice-bran-daily-cooking-oil-1l,Kolkata,700001,183,285,35.8,0
2026-06-05-0112,2026-06-05,zepto,jivo-rice-bran-daily-cooking-oil-1l,Kolkata,700015,185,285,35.1,0
2026-06-05-0112,2026-06-05,zepto,jivo-rice-bran-daily-cooking-oil-1l,Kolkata,700019,188,285,34,0
2026-06-05-0112,2026-06-05,zepto,jivo-rice-bran-daily-cooking-oil-1l,Kolkata,700040,185,285,35.1,0
2026-06-05-0112,2026-06-05,zepto,jivo-rice-bran-daily-cooking-oil-1l,Kolkata,700053,185,285,35.1,0
2026-06-05-0112,2026-06-05,zepto,jivo-soolive-blend-of-rice-bran-and-olive-oil-1l,Delhi,110004,257,325,20.9,0
2026-06-05-0112,2026-06-05,zepto,jivo-soolive-blend-of-rice-bran-and-olive-oil-1l,Delhi,110006,257,325,20.9,0
2026-06-05-0112,2026-06-05,zepto,jivo-soolive-blend-of-rice-bran-and-olive-oil-1l,Delhi,110007,258,325,20.6,0
2026-06-05-0112,2026-06-05,zepto,jivo-soolive-blend-of-rice-bran-and-olive-oil-1l,Delhi,110008,257,325,20.9,0
2026-06-05-0112,2026-06-05,zepto,jivo-soolive-blend-of-rice-bran-and-olive-oil-1l,Delhi,110009,257,325,20.9,0
2026-06-05-0112,2026-06-05,zepto,jivo-soolive-blend-of-rice-bran-and-olive-oil-1l,Delhi,110010,258,325,20.6,0
2026-06-05-0112,2026-06-05,zepto,jivo-soolive-blend-of-rice-bran-and-olive-oil-1l,Delhi,110013,258,325,20.6,0
2026-06-05-0112,2026-06-05,zepto,jivo-soolive-blend-of-rice-bran-and-olive-oil-1l,Delhi,110014,258,325,20.6,0
2026-06-05-0112,2026-06-05,zepto,jivo-soolive-blend-of-rice-bran-and-olive-oil-1l,Delhi,110015,258,325,20.6,0
2026-06-05-0112,2026-06-05,zepto,jivo-soolive-blend-of-rice-bran-and-olive-oil-1l,Delhi,110017,257,325,20.9,0
2026-06-05-0112,2026-06-05,zepto,jivo-soolive-blend-of-rice-bran-and-olive-oil-1l,Faridabad,121011,265,325,18.5,0
2026-06-05-0112,2026-06-05,zepto,jivo-soolive-blend-of-rice-bran-and-olive-oil-1l,Gurgaon,122004,257,325,20.9,0
2026-06-05-0112,2026-06-05,zepto,jivo-soolive-blend-of-rice-bran-and-olive-oil-1l,Gurgaon,122006,257,325,20.9,0
2026-06-05-0112,2026-06-05,zepto,jivo-soolive-blend-of-rice-bran-and-olive-oil-1l,Gurgaon,122010,257,325,20.9,0
2026-06-05-0112,2026-06-05,zepto,jivo-soolive-blend-of-rice-bran-and-olive-oil-1l,Gurgaon,122051,258,325,20.6,0
2026-06-05-0112,2026-06-05,zepto,jivo-soolive-blend-of-rice-bran-and-olive-oil-1l,Gurgaon,122101,258,325,20.6,0
2026-06-05-0112,2026-06-05,zepto,jivo-soolive-blend-of-rice-bran-and-olive-oil-1l,Ludhiana,142022,258,325,20.6,0
2026-06-05-0112,2026-06-05,zepto,jivo-soolive-blend-of-rice-bran-and-olive-oil-1l,Ludhiana,142036,257,325,20.9,0
2026-06-05-0112,2026-06-05,zepto,jivo-soolive-blend-of-rice-bran-and-olive-oil-1l,Chandigarh,160011,257,325,20.9,0
2026-06-05-0112,2026-06-05,zepto,jivo-soolive-blend-of-rice-bran-and-olive-oil-1l,Chandigarh,160021,258,325,20.6,0
2026-06-05-0112,2026-06-05,zepto,jivo-soolive-blend-of-rice-bran-and-olive-oil-1l,Chandigarh,160035,257,325,20.9,0
2026-06-05-0112,2026-06-05,zepto,jivo-soolive-blend-of-rice-bran-and-olive-oil-1l,Chandigarh,160043,258,325,20.6,0
2026-06-05-0112,2026-06-05,zepto,jivo-soolive-blend-of-rice-bran-and-olive-oil-1l,Ghaziabad,201003,258,325,20.6,0
2026-06-05-0112,2026-06-05,zepto,jivo-soolive-blend-of-rice-bran-and-olive-oil-1l,Ghaziabad,201005,258,325,20.6,0
2026-06-05-0112,2026-06-05,zepto,jivo-soolive-blend-of-rice-bran-and-olive-oil-1l,Ghaziabad,201009,257,325,20.9,0
2026-06-05-0112,2026-06-05,zepto,jivo-soolive-blend-of-rice-bran-and-olive-oil-1l,Jaipur,303602,257,325,20.9,0
2026-06-05-0112,2026-06-05,zepto,jivo-soolive-blend-of-rice-bran-and-olive-oil-1l,Surat,394510,309,325,4.9,0
2026-06-05-0112,2026-06-05,zepto,jivo-soolive-blend-of-rice-bran-and-olive-oil-1l,Mumbai,400003,257,325,20.9,0
2026-06-05-0112,2026-06-05,zepto,jivo-soolive-blend-of-rice-bran-and-olive-oil-1l,Mumbai,400005,258,325,20.6,0
2026-06-05-0112,2026-06-05,zepto,jivo-soolive-blend-of-rice-bran-and-olive-oil-1l,Mumbai,400006,257,325,20.9,0
2026-06-05-0112,2026-06-05,zepto,jivo-soolive-blend-of-rice-bran-and-olive-oil-1l,Mumbai,400007,258,325,20.6,0
2026-06-05-0112,2026-06-05,zepto,jivo-soolive-blend-of-rice-bran-and-olive-oil-1l,Mumbai,400010,257,325,20.9,0
2026-06-05-0112,2026-06-05,zepto,jivo-soolive-blend-of-rice-bran-and-olive-oil-1l,Mumbai,400011,258,325,20.6,0
2026-06-05-0112,2026-06-05,zepto,jivo-soolive-blend-of-rice-bran-and-olive-oil-1l,Mumbai,400012,257,325,20.9,0
2026-06-05-0112,2026-06-05,zepto,jivo-soolive-blend-of-rice-bran-and-olive-oil-1l,Mumbai,400013,257,325,20.9,0
2026-06-05-0112,2026-06-05,zepto,jivo-soolive-blend-of-rice-bran-and-olive-oil-1l,Mumbai,400015,257,325,20.9,0
2026-06-05-0112,2026-06-05,zepto,jivo-soolive-blend-of-rice-bran-and-olive-oil-1l,Mumbai,400017,257,325,20.9,1
2026-06-05-0112,2026-06-05,zepto,jivo-soolive-blend-of-rice-bran-and-olive-oil-1l,Mumbai,400018,258,325,20.6,0
2026-06-05-0112,2026-06-05,zepto,jivo-soolive-blend-of-rice-bran-and-olive-oil-1l,Mumbai,400019,257,325,20.9,0
2026-06-05-0112,2026-06-05,zepto,jivo-soolive-blend-of-rice-bran-and-olive-oil-1l,Mumbai,400020,258,325,20.6,0
2026-06-05-0112,2026-06-05,zepto,jivo-soolive-blend-of-rice-bran-and-olive-oil-1l,Mumbai,400021,257,325,20.9,0
2026-06-05-0112,2026-06-05,zepto,jivo-soolive-blend-of-rice-bran-and-olive-oil-1l,Mumbai,400023,257,325,20.9,0
2026-06-05-0112,2026-06-05,zepto,jivo-soolive-blend-of-rice-bran-and-olive-oil-1l,Mumbai,400025,257,325,20.9,0
2026-06-05-0112,2026-06-05,zepto,jivo-soolive-blend-of-rice-bran-and-olive-oil-1l,Mumbai,400030,257,325,20.9,0
2026-06-05-0112,2026-06-05,zepto,jivo-soolive-blend-of-rice-bran-and-olive-oil-1l,Mumbai,400033,257,325,20.9,0
2026-06-05-0112,2026-06-05,zepto,jivo-soolive-blend-of-rice-bran-and-olive-oil-1l,Indore,452001,258,325,20.6,0
2026-06-05-0112,2026-06-05,zepto,jivo-soolive-blend-of-rice-bran-and-olive-oil-1l,Bengaluru,560014,257,325,20.9,1
2026-06-05-0112,2026-06-05,zepto,jivo-soolive-blend-of-rice-bran-and-olive-oil-1l,Bengaluru,560019,258,325,20.6,0
2026-06-05-0112,2026-06-05,zepto,jivo-soolive-blend-of-rice-bran-and-olive-oil-1l,Bengaluru,560028,258,325,20.6,0
2026-06-05-0112,2026-06-05,zepto,jivo-soolive-blend-of-rice-bran-and-olive-oil-1l,Bengaluru,560039,257,325,20.9,0
2026-06-05-0112,2026-06-05,zepto,jivo-soolive-blend-of-rice-bran-and-olive-oil-1l,Bengaluru,560069,257,325,20.9,0
2026-06-05-0112,2026-06-05,zepto,jivo-soolive-blend-of-rice-bran-and-olive-oil-1l,Kolkata,700001,309,325,4.9,0
2026-06-05-0112,2026-06-05,zepto,jivo-soolive-blend-of-rice-bran-and-olive-oil-1l,Kolkata,700015,309,325,4.9,0
2026-06-05-0112,2026-06-05,zepto,jivo-soolive-blend-of-rice-bran-and-olive-oil-1l,Kolkata,700019,309,325,4.9,0
2026-06-05-0112,2026-06-05,zepto,jivo-soolive-blend-of-rice-bran-and-olive-oil-1l,Kolkata,700040,309,325,4.9,0
2026-06-05-0112,2026-06-05,zepto,jivo-soolive-blend-of-rice-bran-and-olive-oil-1l,Kolkata,700053,309,325,4.9,0
2026-06-05-0112,2026-06-05,zepto,jivo-sunflower-cold-pressed-oil-healthy-cooking-oil-1l,Delhi,110004,192,275,30.2,1
2026-06-05-0112,2026-06-05,zepto,jivo-sunflower-cold-pressed-oil-healthy-cooking-oil-1l,Delhi,110006,192,275,30.2,1
2026-06-05-0112,2026-06-05,zepto,jivo-sunflower-cold-pressed-oil-healthy-cooking-oil-1l,Delhi,110007,192,275,30.2,1
2026-06-05-0112,2026-06-05,zepto,jivo-sunflower-cold-pressed-oil-healthy-cooking-oil-1l,Delhi,110008,192,275,30.2,1
2026-06-05-0112,2026-06-05,zepto,jivo-sunflower-cold-pressed-oil-healthy-cooking-oil-1l,Delhi,110009,192,275,30.2,1
2026-06-05-0112,2026-06-05,zepto,jivo-sunflower-cold-pressed-oil-healthy-cooking-oil-1l,Delhi,110010,192,275,30.2,1
2026-06-05-0112,2026-06-05,zepto,jivo-sunflower-cold-pressed-oil-healthy-cooking-oil-1l,Delhi,110013,192,275,30.2,1
2026-06-05-0112,2026-06-05,zepto,jivo-sunflower-cold-pressed-oil-healthy-cooking-oil-1l,Delhi,110014,192,275,30.2,1
2026-06-05-0112,2026-06-05,zepto,jivo-sunflower-cold-pressed-oil-healthy-cooking-oil-1l,Delhi,110015,192,275,30.2,1
2026-06-05-0112,2026-06-05,zepto,jivo-sunflower-cold-pressed-oil-healthy-cooking-oil-1l,Delhi,110017,192,275,30.2,1
2026-06-05-0112,2026-06-05,zepto,jivo-sunflower-cold-pressed-oil-healthy-cooking-oil-1l,Faridabad,121011,192,275,30.2,1
2026-06-05-0112,2026-06-05,zepto,jivo-sunflower-cold-pressed-oil-healthy-cooking-oil-1l,Gurgaon,122004,192,275,30.2,1
2026-06-05-0112,2026-06-05,zepto,jivo-sunflower-cold-pressed-oil-healthy-cooking-oil-1l,Gurgaon,122006,192,275,30.2,1
2026-06-05-0112,2026-06-05,zepto,jivo-sunflower-cold-pressed-oil-healthy-cooking-oil-1l,Gurgaon,122010,192,275,30.2,1
2026-06-05-0112,2026-06-05,zepto,jivo-sunflower-cold-pressed-oil-healthy-cooking-oil-1l,Gurgaon,122051,192,275,30.2,1
2026-06-05-0112,2026-06-05,zepto,jivo-sunflower-cold-pressed-oil-healthy-cooking-oil-1l,Gurgaon,122101,192,275,30.2,1
2026-06-05-0112,2026-06-05,zepto,jivo-sunflower-cold-pressed-oil-healthy-cooking-oil-1l,Ghaziabad,201003,192,275,30.2,1
2026-06-05-0112,2026-06-05,zepto,jivo-sunflower-cold-pressed-oil-healthy-cooking-oil-1l,Ghaziabad,201005,191,275,30.5,1
2026-06-05-0112,2026-06-05,zepto,jivo-sunflower-cold-pressed-oil-healthy-cooking-oil-1l,Ghaziabad,201009,191,275,30.5,1
2026-06-05-0112,2026-06-05,zepto,jivo-sunflower-cold-pressed-oil-healthy-cooking-oil-1l,Mumbai,400005,192,275,30.2,1
2026-06-05-0112,2026-06-05,zepto,jivo-sunflower-cold-pressed-oil-healthy-cooking-oil-1l,Mumbai,400006,192,275,30.2,1
2026-06-05-0112,2026-06-05,zepto,jivo-sunflower-cold-pressed-oil-healthy-cooking-oil-1l,Mumbai,400007,192,275,30.2,1
2026-06-05-0112,2026-06-05,zepto,jivo-sunflower-cold-pressed-oil-healthy-cooking-oil-1l,Mumbai,400012,192,275,30.2,1
2026-06-05-0112,2026-06-05,zepto,jivo-sunflower-cold-pressed-oil-healthy-cooking-oil-1l,Mumbai,400013,192,275,30.2,1
2026-06-05-0112,2026-06-05,zepto,jivo-sunflower-cold-pressed-oil-healthy-cooking-oil-1l,Mumbai,400015,192,275,30.2,1
2026-06-05-0112,2026-06-05,zepto,jivo-sunflower-cold-pressed-oil-healthy-cooking-oil-1l,Mumbai,400019,192,275,30.2,1
2026-06-05-0112,2026-06-05,zepto,jivo-sunflower-cold-pressed-oil-healthy-cooking-oil-1l,Mumbai,400023,192,275,30.2,1
2026-06-05-0112,2026-06-05,zepto,jivo-sunflower-cold-pressed-oil-healthy-cooking-oil-1l,Mumbai,400025,192,275,30.2,1
2026-06-05-0112,2026-06-05,zepto,jivo-sunflower-cold-pressed-oil-healthy-cooking-oil-1l,Mumbai,400030,192,275,30.2,1
2026-06-05-0112,2026-06-05,zepto,jivo-sunflower-cold-pressed-oil-healthy-cooking-oil-1l,Mumbai,400033,192,275,30.2,1
2026-06-05-0112,2026-06-05,zepto,jivo-sunflower-cold-pressed-oil-healthy-cooking-oil-1l,Bengaluru,560014,192,275,30.2,1
2026-06-05-0112,2026-06-05,zepto,jivo-sunflower-cold-pressed-oil-healthy-cooking-oil-1l,Bengaluru,560069,192,275,30.2,1
2026-06-05-0112,2026-06-05,zepto,jivo-sunflower-cold-pressed-oil-healthy-cooking-oil-5l,Delhi,110004,976,1350,27.7,0
2026-06-05-0112,2026-06-05,zepto,jivo-sunflower-cold-pressed-oil-healthy-cooking-oil-5l,Delhi,110006,976,1350,27.7,0
2026-06-05-0112,2026-06-05,zepto,jivo-sunflower-cold-pressed-oil-healthy-cooking-oil-5l,Delhi,110007,976,1350,27.7,0
2026-06-05-0112,2026-06-05,zepto,jivo-sunflower-cold-pressed-oil-healthy-cooking-oil-5l,Delhi,110008,976,1350,27.7,0
2026-06-05-0112,2026-06-05,zepto,jivo-sunflower-cold-pressed-oil-healthy-cooking-oil-5l,Delhi,110009,976,1350,27.7,0
2026-06-05-0112,2026-06-05,zepto,jivo-sunflower-cold-pressed-oil-healthy-cooking-oil-5l,Delhi,110010,976,1350,27.7,0
2026-06-05-0112,2026-06-05,zepto,jivo-sunflower-cold-pressed-oil-healthy-cooking-oil-5l,Delhi,110013,976,1350,27.7,0
2026-06-05-0112,2026-06-05,zepto,jivo-sunflower-cold-pressed-oil-healthy-cooking-oil-5l,Delhi,110014,976,1350,27.7,0
2026-06-05-0112,2026-06-05,zepto,jivo-sunflower-cold-pressed-oil-healthy-cooking-oil-5l,Delhi,110015,976,1350,27.7,0
2026-06-05-0112,2026-06-05,zepto,jivo-sunflower-cold-pressed-oil-healthy-cooking-oil-5l,Delhi,110017,976,1350,27.7,0
2026-06-05-0112,2026-06-05,zepto,jivo-sunflower-cold-pressed-oil-healthy-cooking-oil-5l,Faridabad,121011,976,1350,27.7,0
2026-06-05-0112,2026-06-05,zepto,jivo-sunflower-cold-pressed-oil-healthy-cooking-oil-5l,Gurgaon,122004,976,1350,27.7,0
2026-06-05-0112,2026-06-05,zepto,jivo-sunflower-cold-pressed-oil-healthy-cooking-oil-5l,Gurgaon,122006,976,1350,27.7,0
2026-06-05-0112,2026-06-05,zepto,jivo-sunflower-cold-pressed-oil-healthy-cooking-oil-5l,Gurgaon,122010,976,1350,27.7,0
2026-06-05-0112,2026-06-05,zepto,jivo-sunflower-cold-pressed-oil-healthy-cooking-oil-5l,Gurgaon,122051,976,1350,27.7,0
2026-06-05-0112,2026-06-05,zepto,jivo-sunflower-cold-pressed-oil-healthy-cooking-oil-5l,Gurgaon,122101,976,1350,27.7,0
2026-06-05-0112,2026-06-05,zepto,jivo-sunflower-cold-pressed-oil-healthy-cooking-oil-5l,Ludhiana,142022,976,1350,27.7,0
2026-06-05-0112,2026-06-05,zepto,jivo-sunflower-cold-pressed-oil-healthy-cooking-oil-5l,Ludhiana,142036,976,1350,27.7,0
2026-06-05-0112,2026-06-05,zepto,jivo-sunflower-cold-pressed-oil-healthy-cooking-oil-5l,Chandigarh,160011,976,1350,27.7,0
2026-06-05-0112,2026-06-05,zepto,jivo-sunflower-cold-pressed-oil-healthy-cooking-oil-5l,Chandigarh,160021,976,1350,27.7,0
2026-06-05-0112,2026-06-05,zepto,jivo-sunflower-cold-pressed-oil-healthy-cooking-oil-5l,Chandigarh,160035,976,1350,27.7,0
2026-06-05-0112,2026-06-05,zepto,jivo-sunflower-cold-pressed-oil-healthy-cooking-oil-5l,Chandigarh,160043,976,1350,27.7,0
2026-06-05-0112,2026-06-05,zepto,jivo-sunflower-cold-pressed-oil-healthy-cooking-oil-5l,Ghaziabad,201003,976,1350,27.7,0
2026-06-05-0112,2026-06-05,zepto,jivo-sunflower-cold-pressed-oil-healthy-cooking-oil-5l,Ghaziabad,201005,976,1350,27.7,0
2026-06-05-0112,2026-06-05,zepto,jivo-sunflower-cold-pressed-oil-healthy-cooking-oil-5l,Ghaziabad,201009,976,1350,27.7,0
2026-06-05-0112,2026-06-05,zepto,jivo-sunflower-cold-pressed-oil-healthy-cooking-oil-5l,Jaipur,303602,976,1350,27.7,0
2026-06-05-0112,2026-06-05,zepto,jivo-sunflower-cold-pressed-oil-healthy-cooking-oil-5l,Surat,394510,976,1350,27.7,0
2026-06-05-0112,2026-06-05,zepto,jivo-sunflower-cold-pressed-oil-healthy-cooking-oil-5l,Mumbai,400003,976,1350,27.7,0
2026-06-05-0112,2026-06-05,zepto,jivo-sunflower-cold-pressed-oil-healthy-cooking-oil-5l,Mumbai,400005,976,1350,27.7,0
2026-06-05-0112,2026-06-05,zepto,jivo-sunflower-cold-pressed-oil-healthy-cooking-oil-5l,Mumbai,400006,976,1350,27.7,0
2026-06-05-0112,2026-06-05,zepto,jivo-sunflower-cold-pressed-oil-healthy-cooking-oil-5l,Mumbai,400007,976,1350,27.7,0
2026-06-05-0112,2026-06-05,zepto,jivo-sunflower-cold-pressed-oil-healthy-cooking-oil-5l,Mumbai,400010,976,1350,27.7,0
2026-06-05-0112,2026-06-05,zepto,jivo-sunflower-cold-pressed-oil-healthy-cooking-oil-5l,Mumbai,400011,976,1350,27.7,0
2026-06-05-0112,2026-06-05,zepto,jivo-sunflower-cold-pressed-oil-healthy-cooking-oil-5l,Mumbai,400012,976,1350,27.7,0
2026-06-05-0112,2026-06-05,zepto,jivo-sunflower-cold-pressed-oil-healthy-cooking-oil-5l,Mumbai,400013,976,1350,27.7,0
2026-06-05-0112,2026-06-05,zepto,jivo-sunflower-cold-pressed-oil-healthy-cooking-oil-5l,Mumbai,400015,976,1350,27.7,0
2026-06-05-0112,2026-06-05,zepto,jivo-sunflower-cold-pressed-oil-healthy-cooking-oil-5l,Mumbai,400017,976,1350,27.7,0
2026-06-05-0112,2026-06-05,zepto,jivo-sunflower-cold-pressed-oil-healthy-cooking-oil-5l,Mumbai,400018,976,1350,27.7,0
2026-06-05-0112,2026-06-05,zepto,jivo-sunflower-cold-pressed-oil-healthy-cooking-oil-5l,Mumbai,400019,976,1350,27.7,0
2026-06-05-0112,2026-06-05,zepto,jivo-sunflower-cold-pressed-oil-healthy-cooking-oil-5l,Mumbai,400020,976,1350,27.7,0
2026-06-05-0112,2026-06-05,zepto,jivo-sunflower-cold-pressed-oil-healthy-cooking-oil-5l,Mumbai,400021,976,1350,27.7,0
2026-06-05-0112,2026-06-05,zepto,jivo-sunflower-cold-pressed-oil-healthy-cooking-oil-5l,Mumbai,400023,976,1350,27.7,0
2026-06-05-0112,2026-06-05,zepto,jivo-sunflower-cold-pressed-oil-healthy-cooking-oil-5l,Mumbai,400025,976,1350,27.7,0
2026-06-05-0112,2026-06-05,zepto,jivo-sunflower-cold-pressed-oil-healthy-cooking-oil-5l,Mumbai,400030,976,1350,27.7,0
2026-06-05-0112,2026-06-05,zepto,jivo-sunflower-cold-pressed-oil-healthy-cooking-oil-5l,Mumbai,400033,976,1350,27.7,0
2026-06-05-0112,2026-06-05,zepto,jivo-sunflower-cold-pressed-oil-healthy-cooking-oil-5l,Indore,452001,976,1350,27.7,0
2026-06-05-0112,2026-06-05,zepto,jivo-sunflower-cold-pressed-oil-healthy-cooking-oil-5l,Bengaluru,560014,976,1350,27.7,0
2026-06-05-0112,2026-06-05,zepto,jivo-sunflower-cold-pressed-oil-healthy-cooking-oil-5l,Bengaluru,560019,976,1350,27.7,0
2026-06-05-0112,2026-06-05,zepto,jivo-sunflower-cold-pressed-oil-healthy-cooking-oil-5l,Bengaluru,560028,976,1350,27.7,0
2026-06-05-0112,2026-06-05,zepto,jivo-sunflower-cold-pressed-oil-healthy-cooking-oil-5l,Bengaluru,560039,976,1350,27.7,0
2026-06-05-0112,2026-06-05,zepto,jivo-sunflower-cold-pressed-oil-healthy-cooking-oil-5l,Bengaluru,560069,976,1350,27.7,0
2026-06-05-0112,2026-06-05,zepto,jivo-sunflower-cold-pressed-oil-healthy-cooking-oil-5l,Kolkata,700001,1283,1350,5,0
2026-06-05-0112,2026-06-05,zepto,jivo-sunflower-cold-pressed-oil-healthy-cooking-oil-5l,Kolkata,700015,1283,1350,5,0
2026-06-05-0112,2026-06-05,zepto,jivo-sunflower-cold-pressed-oil-healthy-cooking-oil-5l,Kolkata,700019,1283,1350,5,0
2026-06-05-0112,2026-06-05,zepto,jivo-sunflower-cold-pressed-oil-healthy-cooking-oil-5l,Kolkata,700053,1283,1350,5,0
