platform,pincode,city,date_ist,run_id,status,sku_count,price_seen
blinkit,680667,Kochi,2026-06-29,2026-06-29-0316,not_serviceable,0,
blinkit,682001,Kochi,2026-06-29,2026-06-29-0316,serviceable_no_jivo,0,
blinkit,682002,Kochi,2026-06-29,2026-06-29-0316,serviceable_no_jivo,0,
blinkit,682003,Kochi,2026-06-29,2026-06-29-0316,not_serviceable,0,
blinkit,682004,Kochi,2026-06-29,2026-06-29-0316,not_serviceable,0,
blinkit,682005,Kochi,2026-06-29,2026-06-29-0316,serviceable_no_jivo,0,
blinkit,682006,Kochi,2026-06-29,2026-06-29-0316,serviceable_no_jivo,0,
blinkit,682007,Kochi,2026-06-29,2026-06-29-0316,serviceable_no_jivo,0,
blinkit,682008,Kochi,2026-06-29,2026-06-29-0316,not_serviceable,0,
blinkit,682009,Kochi,2026-06-29,2026-06-29-0316,not_serviceable,0,
blinkit,682010,Kochi,2026-06-29,2026-06-29-0316,not_serviceable,0,
blinkit,682011,Kochi,2026-06-29,2026-06-29-0316,serviceable_no_jivo,0,
blinkit,682012,Kochi,2026-06-29,2026-06-29-0316,serviceable_no_jivo,0,
blinkit,682013,Kochi,2026-06-29,2026-06-29-0316,serviceable_no_jivo,0,
blinkit,682015,Kochi,2026-06-29,2026-06-29-0316,serviceable_no_jivo,0,
blinkit,682016,Kochi,2026-06-29,2026-06-29-0316,serviceable_no_jivo,0,
blinkit,682017,Kochi,2026-06-29,2026-06-29-0316,serviceable_no_jivo,0,
blinkit,682018,Kochi,2026-06-29,2026-06-29-0316,serviceable_no_jivo,0,
blinkit,682019,Kochi,2026-06-29,2026-06-29-0316,serviceable_no_jivo,0,
blinkit,682020,Kochi,2026-06-29,2026-06-29-0316,serviceable_no_jivo,0,
blinkit,682021,Kochi,2026-06-29,2026-06-29-0316,serviceable_no_jivo,0,
blinkit,682022,Kochi,2026-06-29,2026-06-29-0316,not_serviceable,0,
blinkit,682023,Kochi,2026-06-29,2026-06-29-0316,serviceable_no_jivo,0,
blinkit,682024,Kochi,2026-06-29,2026-06-29-0316,serviceable_no_jivo,0,
blinkit,682025,Kochi,2026-06-29,2026-06-29-0316,serviceable_no_jivo,0,
blinkit,682026,Kochi,2026-06-29,2026-06-29-0316,not_serviceable,0,
blinkit,682027,Kochi,2026-06-29,2026-06-29-0316,not_serviceable,0,
blinkit,682028,Kochi,2026-06-29,2026-06-29-0316,serviceable_no_jivo,0,
blinkit,682029,Kochi,2026-06-29,2026-06-29-0316,not_serviceable,0,
blinkit,682030,Kochi,2026-06-29,2026-06-29-0316,not_serviceable,0,
blinkit,682031,Kochi,2026-06-29,2026-06-29-0316,serviceable_no_jivo,0,
blinkit,682032,Kochi,2026-06-29,2026-06-29-0316,serviceable_no_jivo,0,
blinkit,682033,Kochi,2026-06-29,2026-06-29-0316,serviceable_no_jivo,0,
blinkit,682034,Kochi,2026-06-29,2026-06-29-0316,serviceable_no_jivo,0,
blinkit,682035,Kochi,2026-06-29,2026-06-29-0316,not_serviceable,0,
blinkit,682036,Kochi,2026-06-29,2026-06-29-0316,serviceable_no_jivo,0,
blinkit,682037,Kochi,2026-06-29,2026-06-29-0316,serviceable_no_jivo,0,
blinkit,682038,Kochi,2026-06-29,2026-06-29-0316,serviceable_no_jivo,0,
blinkit,682039,Kochi,2026-06-29,2026-06-29-0316,serviceable_no_jivo,0,
blinkit,682040,Kochi,2026-06-29,2026-06-29-0316,serviceable_no_jivo,0,
blinkit,682041,Kochi,2026-06-29,2026-06-29-0316,serviceable_no_jivo,0,
blinkit,682042,Kochi,2026-06-29,2026-06-29-0316,serviceable_no_jivo,0,
blinkit,682050,Kochi,2026-06-29,2026-06-29-0316,serviceable_no_jivo,0,
blinkit,682051,Kochi,2026-06-29,2026-06-29-0316,serviceable_no_jivo,0,
blinkit,682052,Kochi,2026-06-29,2026-06-29-0316,serviceable_no_jivo,0,
blinkit,682301,Kochi,2026-06-29,2026-06-29-0316,not_serviceable,0,
blinkit,682302,Kochi,2026-06-29,2026-06-29-0316,not_serviceable,0,
blinkit,682303,Kochi,2026-06-29,2026-06-29-0316,not_serviceable,0,
blinkit,682304,Kochi,2026-06-29,2026-06-29-0316,serviceable_no_jivo,0,
blinkit,682305,Kochi,2026-06-29,2026-06-29-0316,not_serviceable,0,
blinkit,682306,Kochi,2026-06-29,2026-06-29-0316,serviceable_no_jivo,0,
blinkit,682307,Kochi,2026-06-29,2026-06-29-0316,not_serviceable,0,
blinkit,682308,Kochi,2026-06-29,2026-06-29-0316,not_serviceable,0,
blinkit,682309,Kochi,2026-06-29,2026-06-29-0316,serviceable_no_jivo,0,
blinkit,682310,Kochi,2026-06-29,2026-06-29-0316,not_serviceable,0,
blinkit,682311,Kochi,2026-06-29,2026-06-29-0316,not_serviceable,0,
blinkit,682312,Kochi,2026-06-29,2026-06-29-0316,not_serviceable,0,
blinkit,682313,Kochi,2026-06-29,2026-06-29-0316,not_serviceable,0,
blinkit,682314,Kochi,2026-06-29,2026-06-29-0316,not_serviceable,0,
blinkit,682315,Kochi,2026-06-29,2026-06-29-0316,not_serviceable,0,
blinkit,682316,Kochi,2026-06-29,2026-06-29-0316,not_serviceable,0,
blinkit,682317,Kochi,2026-06-29,2026-06-29-0316,not_serviceable,0,
blinkit,682501,Kochi,2026-06-29,2026-06-29-0316,not_serviceable,0,
blinkit,682502,Kochi,2026-06-29,2026-06-29-0316,not_serviceable,0,
blinkit,682503,Kochi,2026-06-29,2026-06-29-0316,not_serviceable,0,
blinkit,682504,Kochi,2026-06-29,2026-06-29-0316,not_serviceable,0,
blinkit,682505,Kochi,2026-06-29,2026-06-29-0316,not_serviceable,0,
blinkit,682506,Kochi,2026-06-29,2026-06-29-0316,serviceable_no_jivo,0,
blinkit,682507,Kochi,2026-06-29,2026-06-29-0316,serviceable_no_jivo,0,
blinkit,682508,Kochi,2026-06-29,2026-06-29-0316,not_serviceable,0,
blinkit,682509,Kochi,2026-06-29,2026-06-29-0316,not_serviceable,0,
blinkit,682511,Kochi,2026-06-29,2026-06-29-0316,serviceable_no_jivo,0,
blinkit,683101,Kochi,2026-06-29,2026-06-29-0316,not_serviceable,0,
blinkit,683102,Kochi,2026-06-29,2026-06-29-0316,not_serviceable,0,
blinkit,683104,Kochi,2026-06-29,2026-06-29-0316,not_serviceable,0,
blinkit,683105,Kochi,2026-06-29,2026-06-29-0316,not_serviceable,0,
blinkit,683106,Kochi,2026-06-29,2026-06-29-0316,not_serviceable,0,
blinkit,683108,Kochi,2026-06-29,2026-06-29-0316,serviceable_no_jivo,0,
blinkit,683110,Kochi,2026-06-29,2026-06-29-0316,not_serviceable,0,
blinkit,683111,Kochi,2026-06-29,2026-06-29-0316,serviceable_no_jivo,0,
blinkit,683112,Kochi,2026-06-29,2026-06-29-0316,serviceable_no_jivo,0,
blinkit,683501,Kochi,2026-06-29,2026-06-29-0316,serviceable_no_jivo,0,
blinkit,683502,Kochi,2026-06-29,2026-06-29-0316,not_serviceable,0,
blinkit,683503,Kochi,2026-06-29,2026-06-29-0316,serviceable_no_jivo,0,
blinkit,683511,Kochi,2026-06-29,2026-06-29-0316,not_serviceable,0,
blinkit,683512,Kochi,2026-06-29,2026-06-29-0316,not_serviceable,0,
blinkit,683513,Kochi,2026-06-29,2026-06-29-0316,not_serviceable,0,
blinkit,683514,Kochi,2026-06-29,2026-06-29-0316,not_serviceable,0,
blinkit,683515,Kochi,2026-06-29,2026-06-29-0316,not_serviceable,0,
blinkit,683516,Kochi,2026-06-29,2026-06-29-0316,not_serviceable,0,
blinkit,683517,Kochi,2026-06-29,2026-06-29-0316,not_serviceable,0,
blinkit,683518,Kochi,2026-06-29,2026-06-29-0316,not_serviceable,0,
blinkit,683519,Kochi,2026-06-29,2026-06-29-0316,not_serviceable,0,
blinkit,683520,Kochi,2026-06-29,2026-06-29-0316,not_serviceable,0,
blinkit,683521,Kochi,2026-06-29,2026-06-29-0316,not_serviceable,0,
blinkit,683522,Kochi,2026-06-29,2026-06-29-0316,not_serviceable,0,
blinkit,683541,Kochi,2026-06-29,2026-06-29-0316,not_serviceable,0,
blinkit,683542,Kochi,2026-06-29,2026-06-29-0316,not_serviceable,0,
blinkit,683543,Kochi,2026-06-29,2026-06-29-0316,not_serviceable,0,
blinkit,683544,Kochi,2026-06-29,2026-06-29-0316,not_serviceable,0,
blinkit,683545,Kochi,2026-06-29,2026-06-29-0316,not_serviceable,0,
blinkit,683546,Kochi,2026-06-29,2026-06-29-0316,not_serviceable,0,
blinkit,683547,Kochi,2026-06-29,2026-06-29-0316,not_serviceable,0,
blinkit,683548,Kochi,2026-06-29,2026-06-29-0316,not_serviceable,0,
blinkit,683549,Kochi,2026-06-29,2026-06-29-0316,not_serviceable,0,
blinkit,683550,Kochi,2026-06-29,2026-06-29-0316,not_serviceable,0,
blinkit,683556,Kochi,2026-06-29,2026-06-29-0316,not_serviceable,0,
blinkit,683561,Kochi,2026-06-29,2026-06-29-0316,serviceable_no_jivo,0,
blinkit,683562,Kochi,2026-06-29,2026-06-29-0316,not_serviceable,0,
blinkit,683563,Kochi,2026-06-29,2026-06-29-0316,serviceable_no_jivo,0,
blinkit,683565,Kochi,2026-06-29,2026-06-29-0316,not_serviceable,0,
blinkit,683571,Kochi,2026-06-29,2026-06-29-0316,not_serviceable,0,
blinkit,683572,Kochi,2026-06-29,2026-06-29-0316,not_serviceable,0,
blinkit,683573,Kochi,2026-06-29,2026-06-29-0316,not_serviceable,0,
blinkit,683574,Kochi,2026-06-29,2026-06-29-0316,not_serviceable,0,
blinkit,683575,Kochi,2026-06-29,2026-06-29-0316,not_serviceable,0,
blinkit,683576,Kochi,2026-06-29,2026-06-29-0316,not_serviceable,0,
blinkit,683577,Kochi,2026-06-29,2026-06-29-0316,not_serviceable,0,
blinkit,683578,Kochi,2026-06-29,2026-06-29-0316,not_serviceable,0,
blinkit,683579,Kochi,2026-06-29,2026-06-29-0316,not_serviceable,0,
blinkit,683580,Kochi,2026-06-29,2026-06-29-0316,not_serviceable,0,
blinkit,683581,Kochi,2026-06-29,2026-06-29-0316,not_serviceable,0,
blinkit,683585,Kochi,2026-06-29,2026-06-29-0316,not_serviceable,0,
blinkit,683587,Kochi,2026-06-29,2026-06-29-0316,not_serviceable,0,
blinkit,683589,Kochi,2026-06-29,2026-06-29-0316,not_serviceable,0,
blinkit,683594,Kochi,2026-06-29,2026-06-29-0316,not_serviceable,0,
blinkit,686661,Kochi,2026-06-29,2026-06-29-0316,not_serviceable,0,
blinkit,686662,Kochi,2026-06-29,2026-06-29-0316,not_serviceable,0,
blinkit,686663,Kochi,2026-06-29,2026-06-29-0316,not_serviceable,0,
blinkit,686664,Kochi,2026-06-29,2026-06-29-0316,not_serviceable,0,
blinkit,686665,Kochi,2026-06-29,2026-06-29-0316,not_serviceable,0,
blinkit,686666,Kochi,2026-06-29,2026-06-29-0316,not_serviceable,0,
blinkit,686667,Kochi,2026-06-29,2026-06-29-0316,not_serviceable,0,
blinkit,686668,Kochi,2026-06-29,2026-06-29-0316,not_serviceable,0,
blinkit,686669,Kochi,2026-06-29,2026-06-29-0316,not_serviceable,0,
blinkit,686670,Kochi,2026-06-29,2026-06-29-0316,not_serviceable,0,
blinkit,686671,Kochi,2026-06-29,2026-06-29-0316,not_serviceable,0,
blinkit,686672,Kochi,2026-06-29,2026-06-29-0316,not_serviceable,0,
blinkit,686673,Kochi,2026-06-29,2026-06-29-0316,not_serviceable,0,
blinkit,686681,Kochi,2026-06-29,2026-06-29-0316,not_serviceable,0,
blinkit,686691,Kochi,2026-06-29,2026-06-29-0316,not_serviceable,0,
blinkit,686692,Kochi,2026-06-29,2026-06-29-0316,not_serviceable,0,
blinkit,686693,Kochi,2026-06-29,2026-06-29-0316,not_serviceable,0,
blinkit,751001,Bhubaneswar,2026-06-29,2026-06-29-0316,serviceable_no_jivo,0,
blinkit,751002,Bhubaneswar,2026-06-29,2026-06-29-0316,serviceable_no_jivo,0,
blinkit,751003,Bhubaneswar,2026-06-29,2026-06-29-0316,serviceable_no_jivo,0,
blinkit,751004,Bhubaneswar,2026-06-29,2026-06-29-0316,serviceable_no_jivo,0,
blinkit,751005,Bhubaneswar,2026-06-29,2026-06-29-0316,not_serviceable,0,
blinkit,751006,Bhubaneswar,2026-06-29,2026-06-29-0316,serviceable_no_jivo,0,
blinkit,751007,Bhubaneswar,2026-06-29,2026-06-29-0316,serviceable_no_jivo,0,
blinkit,751008,Bhubaneswar,2026-06-29,2026-06-29-0316,serviceable_no_jivo,0,
blinkit,751009,Bhubaneswar,2026-06-29,2026-06-29-0316,serviceable_no_jivo,0,
blinkit,751010,Bhubaneswar,2026-06-29,2026-06-29-0316,not_serviceable,0,
blinkit,751011,Bhubaneswar,2026-06-29,2026-06-29-0316,serviceable_no_jivo,0,
blinkit,751012,Bhubaneswar,2026-06-29,2026-06-29-0316,serviceable_no_jivo,0,
blinkit,751013,Bhubaneswar,2026-06-29,2026-06-29-0316,serviceable_no_jivo,0,
blinkit,751014,Bhubaneswar,2026-06-29,2026-06-29-0316,serviceable_no_jivo,0,
blinkit,751015,Bhubaneswar,2026-06-29,2026-06-29-0316,serviceable_no_jivo,0,
blinkit,751016,Bhubaneswar,2026-06-29,2026-06-29-0316,serviceable_no_jivo,0,
blinkit,751017,Bhubaneswar,2026-06-29,2026-06-29-0316,serviceable_no_jivo,0,
blinkit,751018,Bhubaneswar,2026-06-29,2026-06-29-0316,not_serviceable,0,
blinkit,751019,Bhubaneswar,2026-06-29,2026-06-29-0316,serviceable_no_jivo,0,
blinkit,751020,Bhubaneswar,2026-06-29,2026-06-29-0316,not_serviceable,0,
blinkit,751021,Bhubaneswar,2026-06-29,2026-06-29-0316,serviceable_no_jivo,0,
blinkit,751022,Bhubaneswar,2026-06-29,2026-06-29-0316,serviceable_no_jivo,0,
blinkit,751023,Bhubaneswar,2026-06-29,2026-06-29-0316,serviceable_no_jivo,0,
blinkit,751024,Bhubaneswar,2026-06-29,2026-06-29-0316,serviceable_no_jivo,0,
blinkit,751025,Bhubaneswar,2026-06-29,2026-06-29-0316,not_serviceable,0,
blinkit,751026,Bhubaneswar,2026-06-29,2026-06-29-0316,serviceable_no_jivo,0,
blinkit,751027,Bhubaneswar,2026-06-29,2026-06-29-0316,serviceable_no_jivo,0,
blinkit,751028,Bhubaneswar,2026-06-29,2026-06-29-0316,serviceable_no_jivo,0,
blinkit,751029,Bhubaneswar,2026-06-29,2026-06-29-0316,serviceable_no_jivo,0,
blinkit,751030,Bhubaneswar,2026-06-29,2026-06-29-0316,serviceable_no_jivo,0,
blinkit,751031,Bhubaneswar,2026-06-29,2026-06-29-0316,serviceable_no_jivo,0,
blinkit,751032,Bhubaneswar,2026-06-29,2026-06-29-0316,serviceable_no_jivo,0,
blinkit,751033,Bhubaneswar,2026-06-29,2026-06-29-0316,serviceable_no_jivo,0,
blinkit,751034,Bhubaneswar,2026-06-29,2026-06-29-0316,serviceable_no_jivo,0,
blinkit,752018,Bhubaneswar,2026-06-29,2026-06-29-0316,not_serviceable,0,
blinkit,752019,Bhubaneswar,2026-06-29,2026-06-29-0316,not_serviceable,0,
blinkit,752020,Bhubaneswar,2026-06-29,2026-06-29-0316,not_serviceable,0,
blinkit,752021,Bhubaneswar,2026-06-29,2026-06-29-0316,not_serviceable,0,
blinkit,752022,Bhubaneswar,2026-06-29,2026-06-29-0316,not_serviceable,0,
blinkit,752023,Bhubaneswar,2026-06-29,2026-06-29-0316,not_serviceable,0,
blinkit,752027,Bhubaneswar,2026-06-29,2026-06-29-0316,not_serviceable,0,
blinkit,752030,Bhubaneswar,2026-06-29,2026-06-29-0316,not_serviceable,0,
blinkit,752031,Bhubaneswar,2026-06-29,2026-06-29-0316,not_serviceable,0,
blinkit,752034,Bhubaneswar,2026-06-29,2026-06-29-0316,not_serviceable,0,
blinkit,752035,Bhubaneswar,2026-06-29,2026-06-29-0316,not_serviceable,0,
blinkit,752037,Bhubaneswar,2026-06-29,2026-06-29-0316,not_serviceable,0,
blinkit,752038,Bhubaneswar,2026-06-29,2026-06-29-0316,not_serviceable,0,
blinkit,752050,Bhubaneswar,2026-06-29,2026-06-29-0316,serviceable_no_jivo,0,
blinkit,752054,Bhubaneswar,2026-06-29,2026-06-29-0316,not_serviceable,0,
blinkit,752055,Bhubaneswar,2026-06-29,2026-06-29-0316,not_serviceable,0,
blinkit,752056,Bhubaneswar,2026-06-29,2026-06-29-0316,not_serviceable,0,
blinkit,752057,Bhubaneswar,2026-06-29,2026-06-29-0316,not_serviceable,0,
blinkit,752060,Bhubaneswar,2026-06-29,2026-06-29-0316,not_serviceable,0,
blinkit,752061,Bhubaneswar,2026-06-29,2026-06-29-0316,not_serviceable,0,
blinkit,752062,Bhubaneswar,2026-06-29,2026-06-29-0316,not_serviceable,0,
blinkit,752064,Bhubaneswar,2026-06-29,2026-06-29-0316,not_serviceable,0,
blinkit,752066,Bhubaneswar,2026-06-29,2026-06-29-0316,not_serviceable,0,
blinkit,752100,Bhubaneswar,2026-06-29,2026-06-29-0316,not_serviceable,0,
blinkit,752101,Bhubaneswar,2026-06-29,2026-06-29-0316,serviceable_no_jivo,0,
blinkit,752102,Bhubaneswar,2026-06-29,2026-06-29-0316,not_serviceable,0,
blinkit,752103,Bhubaneswar,2026-06-29,2026-06-29-0316,not_serviceable,0,
blinkit,752104,Bhubaneswar,2026-06-29,2026-06-29-0316,not_serviceable,0,
blinkit,752106,Bhubaneswar,2026-06-29,2026-06-29-0316,not_serviceable,0,
blinkit,752114,Bhubaneswar,2026-06-29,2026-06-29-0316,not_serviceable,0,
blinkit,752115,Bhubaneswar,2026-06-29,2026-06-29-0316,serviceable_no_jivo,0,
blinkit,754001,Bhubaneswar,2026-06-29,2026-06-29-0316,not_serviceable,0,
blinkit,754004,Bhubaneswar,2026-06-29,2026-06-29-0316,not_serviceable,0,
blinkit,754005,Bhubaneswar,2026-06-29,2026-06-29-0316,not_serviceable,0,
blinkit,754012,Bhubaneswar,2026-06-29,2026-06-29-0316,not_serviceable,0,
blinkit,422001,Nashik,2026-06-29,2026-06-29-0316,price_captured,5,258
blinkit,422002,Nashik,2026-06-29,2026-06-29-0316,price_captured,5,272
blinkit,422003,Nashik,2026-06-29,2026-06-29-0316,not_serviceable,0,
blinkit,422004,Nashik,2026-06-29,2026-06-29-0316,not_serviceable,0,
blinkit,422005,Nashik,2026-06-29,2026-06-29-0316,price_captured,5,297
blinkit,422006,Nashik,2026-06-29,2026-06-29-0316,price_captured,3,272
blinkit,422007,Nashik,2026-06-29,2026-06-29-0316,not_serviceable,0,
blinkit,422008,Nashik,2026-06-29,2026-06-29-0316,price_captured,5,272
blinkit,422009,Nashik,2026-06-29,2026-06-29-0316,not_serviceable,0,
blinkit,422010,Nashik,2026-06-29,2026-06-29-0316,price_captured,2,1304
blinkit,422011,Nashik,2026-06-29,2026-06-29-0316,price_captured,5,297
blinkit,422012,Nashik,2026-06-29,2026-06-29-0316,price_captured,5,297
blinkit,422013,Nashik,2026-06-29,2026-06-29-0316,serviceable_no_jivo,0,
blinkit,422101,Nashik,2026-06-29,2026-06-29-0316,price_captured,5,276
blinkit,422102,Nashik,2026-06-29,2026-06-29-0316,not_serviceable,0,
blinkit,422103,Nashik,2026-06-29,2026-06-29-0316,not_serviceable,0,
blinkit,422104,Nashik,2026-06-29,2026-06-29-0316,not_serviceable,0,
blinkit,422105,Nashik,2026-06-29,2026-06-29-0316,price_captured,5,276
blinkit,422112,Nashik,2026-06-29,2026-06-29-0316,not_serviceable,0,
blinkit,422113,Nashik,2026-06-29,2026-06-29-0316,not_serviceable,0,
blinkit,422201,Nashik,2026-06-29,2026-06-29-0316,not_serviceable,0,
blinkit,422202,Nashik,2026-06-29,2026-06-29-0316,not_serviceable,0,
blinkit,422203,Nashik,2026-06-29,2026-06-29-0316,not_serviceable,0,
blinkit,422204,Nashik,2026-06-29,2026-06-29-0316,not_serviceable,0,
blinkit,422205,Nashik,2026-06-29,2026-06-29-0316,not_serviceable,0,
blinkit,422206,Nashik,2026-06-29,2026-06-29-0316,not_serviceable,0,
blinkit,422207,Nashik,2026-06-29,2026-06-29-0316,not_serviceable,0,
blinkit,422208,Nashik,2026-06-29,2026-06-29-0316,not_serviceable,0,
blinkit,422209,Nashik,2026-06-29,2026-06-29-0316,not_serviceable,0,
blinkit,422210,Nashik,2026-06-29,2026-06-29-0316,not_serviceable,0,
blinkit,422211,Nashik,2026-06-29,2026-06-29-0316,not_serviceable,0,
blinkit,422212,Nashik,2026-06-29,2026-06-29-0316,not_serviceable,0,
blinkit,422213,Nashik,2026-06-29,2026-06-29-0316,not_serviceable,0,
blinkit,422214,Nashik,2026-06-29,2026-06-29-0316,not_serviceable,0,
blinkit,422215,Nashik,2026-06-29,2026-06-29-0316,not_serviceable,0,
blinkit,422221,Nashik,2026-06-29,2026-06-29-0316,price_captured,5,297
blinkit,422222,Nashik,2026-06-29,2026-06-29-0316,not_serviceable,0,
blinkit,422301,Nashik,2026-06-29,2026-06-29-0316,not_serviceable,0,
blinkit,422302,Nashik,2026-06-29,2026-06-29-0316,not_serviceable,0,
blinkit,422303,Nashik,2026-06-29,2026-06-29-0316,not_serviceable,0,
blinkit,422304,Nashik,2026-06-29,2026-06-29-0316,not_serviceable,0,
blinkit,422305,Nashik,2026-06-29,2026-06-29-0316,not_serviceable,0,
blinkit,422306,Nashik,2026-06-29,2026-06-29-0316,not_serviceable,0,
blinkit,422308,Nashik,2026-06-29,2026-06-29-0316,not_serviceable,0,
blinkit,422401,Nashik,2026-06-29,2026-06-29-0316,not_serviceable,0,
blinkit,422402,Nashik,2026-06-29,2026-06-29-0316,not_serviceable,0,
blinkit,422403,Nashik,2026-06-29,2026-06-29-0316,not_serviceable,0,
blinkit,422501,Nashik,2026-06-29,2026-06-29-0316,price_captured,5,276
blinkit,422502,Nashik,2026-06-29,2026-06-29-0316,not_serviceable,0,
blinkit,422606,Nashik,2026-06-29,2026-06-29-0316,not_serviceable,0,
blinkit,423101,Nashik,2026-06-29,2026-06-29-0316,not_serviceable,0,
blinkit,423102,Nashik,2026-06-29,2026-06-29-0316,not_serviceable,0,
blinkit,423104,Nashik,2026-06-29,2026-06-29-0316,not_serviceable,0,
blinkit,423105,Nashik,2026-06-29,2026-06-29-0316,not_serviceable,0,
blinkit,423106,Nashik,2026-06-29,2026-06-29-0316,not_serviceable,0,
blinkit,423108,Nashik,2026-06-29,2026-06-29-0316,not_serviceable,0,
blinkit,423110,Nashik,2026-06-29,2026-06-29-0316,not_serviceable,0,
blinkit,423111,Nashik,2026-06-29,2026-06-29-0316,not_serviceable,0,
blinkit,423117,Nashik,2026-06-29,2026-06-29-0316,not_serviceable,0,
blinkit,423201,Nashik,2026-06-29,2026-06-29-0316,not_serviceable,0,
blinkit,423202,Nashik,2026-06-29,2026-06-29-0316,not_serviceable,0,
blinkit,423203,Nashik,2026-06-29,2026-06-29-0316,not_serviceable,0,
blinkit,423204,Nashik,2026-06-29,2026-06-29-0316,not_serviceable,0,
blinkit,423205,Nashik,2026-06-29,2026-06-29-0316,not_serviceable,0,
blinkit,423206,Nashik,2026-06-29,2026-06-29-0316,not_serviceable,0,
blinkit,423208,Nashik,2026-06-29,2026-06-29-0316,not_serviceable,0,
blinkit,423212,Nashik,2026-06-29,2026-06-29-0316,not_serviceable,0,
blinkit,423213,Nashik,2026-06-29,2026-06-29-0316,not_serviceable,0,
blinkit,423301,Nashik,2026-06-29,2026-06-29-0316,not_serviceable,0,
blinkit,423302,Nashik,2026-06-29,2026-06-29-0316,not_serviceable,0,
blinkit,423303,Nashik,2026-06-29,2026-06-29-0316,not_serviceable,0,
blinkit,423401,Nashik,2026-06-29,2026-06-29-0316,not_serviceable,0,
blinkit,423402,Nashik,2026-06-29,2026-06-29-0316,not_serviceable,0,
blinkit,423403,Nashik,2026-06-29,2026-06-29-0316,not_serviceable,0,
blinkit,423501,Nashik,2026-06-29,2026-06-29-0316,not_serviceable,0,
blinkit,423502,Nashik,2026-06-29,2026-06-29-0316,not_serviceable,0,
blinkit,424109,Nashik,2026-06-29,2026-06-29-0316,not_serviceable,0,
blinkit,509132,Vijayawada,2026-06-29,2026-06-29-0316,not_serviceable,0,
blinkit,520001,Vijayawada,2026-06-29,2026-06-29-0316,serviceable_no_jivo,0,
blinkit,520002,Vijayawada,2026-06-29,2026-06-29-0316,serviceable_no_jivo,0,
blinkit,520003,Vijayawada,2026-06-29,2026-06-29-0316,serviceable_no_jivo,0,
blinkit,520004,Vijayawada,2026-06-29,2026-06-29-0316,not_serviceable,0,
blinkit,520007,Vijayawada,2026-06-29,2026-06-29-0316,not_serviceable,0,
blinkit,520008,Vijayawada,2026-06-29,2026-06-29-0316,serviceable_no_jivo,0,
blinkit,520010,Vijayawada,2026-06-29,2026-06-29-0316,serviceable_no_jivo,0,
blinkit,520011,Vijayawada,2026-06-29,2026-06-29-0316,not_serviceable,0,
blinkit,520012,Vijayawada,2026-06-29,2026-06-29-0316,not_serviceable,0,
blinkit,520013,Vijayawada,2026-06-29,2026-06-29-0316,serviceable_no_jivo,0,
blinkit,520015,Vijayawada,2026-06-29,2026-06-29-0316,serviceable_no_jivo,0,
blinkit,521101,Vijayawada,2026-06-29,2026-06-29-0316,not_serviceable,0,
blinkit,521102,Vijayawada,2026-06-29,2026-06-29-0316,not_serviceable,0,
blinkit,521104,Vijayawada,2026-06-29,2026-06-29-0316,not_serviceable,0,
blinkit,521107,Vijayawada,2026-06-29,2026-06-29-0316,not_serviceable,0,
blinkit,521108,Vijayawada,2026-06-29,2026-06-29-0316,serviceable_no_jivo,0,
blinkit,521109,Vijayawada,2026-06-29,2026-06-29-0316,not_serviceable,0,
blinkit,521110,Vijayawada,2026-06-29,2026-06-29-0316,not_serviceable,0,
blinkit,521134,Vijayawada,2026-06-29,2026-06-29-0316,not_serviceable,0,
blinkit,521137,Vijayawada,2026-06-29,2026-06-29-0316,serviceable_no_jivo,0,
blinkit,521139,Vijayawada,2026-06-29,2026-06-29-0316,serviceable_no_jivo,0,
blinkit,521151,Vijayawada,2026-06-29,2026-06-29-0316,not_serviceable,0,
blinkit,521153,Vijayawada,2026-06-29,2026-06-29-0316,not_serviceable,0,
blinkit,521163,Vijayawada,2026-06-29,2026-06-29-0316,not_serviceable,0,
blinkit,521164,Vijayawada,2026-06-29,2026-06-29-0316,not_serviceable,0,
blinkit,521165,Vijayawada,2026-06-29,2026-06-29-0316,not_serviceable,0,
blinkit,521170,Vijayawada,2026-06-29,2026-06-29-0316,not_serviceable,0,
blinkit,521175,Vijayawada,2026-06-29,2026-06-29-0316,not_serviceable,0,
blinkit,521178,Vijayawada,2026-06-29,2026-06-29-0316,not_serviceable,0,
blinkit,521180,Vijayawada,2026-06-29,2026-06-29-0316,not_serviceable,0,
blinkit,521181,Vijayawada,2026-06-29,2026-06-29-0316,not_serviceable,0,
blinkit,521182,Vijayawada,2026-06-29,2026-06-29-0316,not_serviceable,0,
blinkit,521183,Vijayawada,2026-06-29,2026-06-29-0316,not_serviceable,0,
blinkit,521184,Vijayawada,2026-06-29,2026-06-29-0316,not_serviceable,0,
blinkit,521185,Vijayawada,2026-06-29,2026-06-29-0316,not_serviceable,0,
blinkit,521190,Vijayawada,2026-06-29,2026-06-29-0316,not_serviceable,0,
blinkit,521211,Vijayawada,2026-06-29,2026-06-29-0316,not_serviceable,0,
blinkit,521212,Vijayawada,2026-06-29,2026-06-29-0316,not_serviceable,0,
blinkit,521225,Vijayawada,2026-06-29,2026-06-29-0316,serviceable_no_jivo,0,
blinkit,521226,Vijayawada,2026-06-29,2026-06-29-0316,not_serviceable,0,
blinkit,521227,Vijayawada,2026-06-29,2026-06-29-0316,not_serviceable,0,
blinkit,521228,Vijayawada,2026-06-29,2026-06-29-0316,not_serviceable,0,
blinkit,521229,Vijayawada,2026-06-29,2026-06-29-0316,not_serviceable,0,
blinkit,521230,Vijayawada,2026-06-29,2026-06-29-0316,not_serviceable,0,
blinkit,521231,Vijayawada,2026-06-29,2026-06-29-0316,not_serviceable,0,
blinkit,521235,Vijayawada,2026-06-29,2026-06-29-0316,not_serviceable,0,
blinkit,521241,Vijayawada,2026-06-29,2026-06-29-0316,not_serviceable,0,
blinkit,521245,Vijayawada,2026-06-29,2026-06-29-0316,not_serviceable,0,
blinkit,521246,Vijayawada,2026-06-29,2026-06-29-0316,not_serviceable,0,
blinkit,521247,Vijayawada,2026-06-29,2026-06-29-0316,not_serviceable,0,
blinkit,521250,Vijayawada,2026-06-29,2026-06-29-0316,not_serviceable,0,
blinkit,521256,Vijayawada,2026-06-29,2026-06-29-0316,not_serviceable,0,
blinkit,521286,Vijayawada,2026-06-29,2026-06-29-0316,not_serviceable,0,
blinkit,521401,Vijayawada,2026-06-29,2026-06-29-0316,not_serviceable,0,
blinkit,521402,Vijayawada,2026-06-29,2026-06-29-0316,not_serviceable,0,
blinkit,521403,Vijayawada,2026-06-29,2026-06-29-0316,not_serviceable,0,
blinkit,521456,Vijayawada,2026-06-29,2026-06-29-0316,not_serviceable,0,
blinkit,521457,Vijayawada,2026-06-29,2026-06-29-0316,not_serviceable,0,
blinkit,695001,Thiruvananthapuram,2026-06-29,2026-06-29-0316,not_serviceable,0,
blinkit,695002,Thiruvananthapuram,2026-06-29,2026-06-29-0316,not_serviceable,0,
blinkit,695003,Thiruvananthapuram,2026-06-29,2026-06-29-0316,not_serviceable,0,
blinkit,695004,Thiruvananthapuram,2026-06-29,2026-06-29-0316,not_serviceable,0,
blinkit,695005,Thiruvananthapuram,2026-06-29,2026-06-29-0316,not_serviceable,0,
blinkit,695006,Thiruvananthapuram,2026-06-29,2026-06-29-0316,not_serviceable,0,
blinkit,695007,Thiruvananthapuram,2026-06-29,2026-06-29-0316,not_serviceable,0,
blinkit,695008,Thiruvananthapuram,2026-06-29,2026-06-29-0316,not_serviceable,0,
blinkit,695009,Thiruvananthapuram,2026-06-29,2026-06-29-0316,not_serviceable,0,
blinkit,695010,Thiruvananthapuram,2026-06-29,2026-06-29-0316,serviceable_no_jivo,0,
blinkit,695011,Thiruvananthapuram,2026-06-29,2026-06-29-0316,not_serviceable,0,
blinkit,695012,Thiruvananthapuram,2026-06-29,2026-06-29-0316,not_serviceable,0,
blinkit,695013,Thiruvananthapuram,2026-06-29,2026-06-29-0316,not_serviceable,0,
blinkit,695014,Thiruvananthapuram,2026-06-29,2026-06-29-0316,not_serviceable,0,
blinkit,695015,Thiruvananthapuram,2026-06-29,2026-06-29-0316,not_serviceable,0,
blinkit,695016,Thiruvananthapuram,2026-06-29,2026-06-29-0316,not_serviceable,0,
blinkit,695017,Thiruvananthapuram,2026-06-29,2026-06-29-0316,serviceable_no_jivo,0,
blinkit,695018,Thiruvananthapuram,2026-06-29,2026-06-29-0316,not_serviceable,0,
blinkit,695019,Thiruvananthapuram,2026-06-29,2026-06-29-0316,not_serviceable,0,
blinkit,695020,Thiruvananthapuram,2026-06-29,2026-06-29-0316,not_serviceable,0,
blinkit,695021,Thiruvananthapuram,2026-06-29,2026-06-29-0316,not_serviceable,0,
blinkit,695022,Thiruvananthapuram,2026-06-29,2026-06-29-0316,not_serviceable,0,
blinkit,695023,Thiruvananthapuram,2026-06-29,2026-06-29-0316,not_serviceable,0,
blinkit,695024,Thiruvananthapuram,2026-06-29,2026-06-29-0316,not_serviceable,0,
blinkit,695025,Thiruvananthapuram,2026-06-29,2026-06-29-0316,not_serviceable,0,
blinkit,695026,Thiruvananthapuram,2026-06-29,2026-06-29-0316,not_serviceable,0,
blinkit,695027,Thiruvananthapuram,2026-06-29,2026-06-29-0316,not_serviceable,0,
blinkit,695028,Thiruvananthapuram,2026-06-29,2026-06-29-0316,not_serviceable,0,
blinkit,695029,Thiruvananthapuram,2026-06-29,2026-06-29-0316,serviceable_no_jivo,0,
blinkit,695030,Thiruvananthapuram,2026-06-29,2026-06-29-0316,not_serviceable,0,
blinkit,695032,Thiruvananthapuram,2026-06-29,2026-06-29-0316,not_serviceable,0,
blinkit,695033,Thiruvananthapuram,2026-06-29,2026-06-29-0316,serviceable_no_jivo,0,
blinkit,695034,Thiruvananthapuram,2026-06-29,2026-06-29-0316,not_serviceable,0,
blinkit,695035,Thiruvananthapuram,2026-06-29,2026-06-29-0316,serviceable_no_jivo,0,
blinkit,695036,Thiruvananthapuram,2026-06-29,2026-06-29-0316,not_serviceable,0,
blinkit,695038,Thiruvananthapuram,2026-06-29,2026-06-29-0316,not_serviceable,0,
blinkit,695040,Thiruvananthapuram,2026-06-29,2026-06-29-0316,not_serviceable,0,
blinkit,695042,Thiruvananthapuram,2026-06-29,2026-06-29-0316,not_serviceable,0,
blinkit,695043,Thiruvananthapuram,2026-06-29,2026-06-29-0316,not_serviceable,0,
blinkit,695051,Thiruvananthapuram,2026-06-29,2026-06-29-0316,serviceable_no_jivo,0,
blinkit,695099,Thiruvananthapuram,2026-06-29,2026-06-29-0316,not_serviceable,0,
blinkit,695101,Thiruvananthapuram,2026-06-29,2026-06-29-0316,not_serviceable,0,
blinkit,695102,Thiruvananthapuram,2026-06-29,2026-06-29-0316,not_serviceable,0,
blinkit,695103,Thiruvananthapuram,2026-06-29,2026-06-29-0316,not_serviceable,0,
blinkit,695104,Thiruvananthapuram,2026-06-29,2026-06-29-0316,not_serviceable,0,
blinkit,695121,Thiruvananthapuram,2026-06-29,2026-06-29-0316,not_serviceable,0,
blinkit,695122,Thiruvananthapuram,2026-06-29,2026-06-29-0316,not_serviceable,0,
blinkit,695123,Thiruvananthapuram,2026-06-29,2026-06-29-0316,not_serviceable,0,
blinkit,695124,Thiruvananthapuram,2026-06-29,2026-06-29-0316,not_serviceable,0,
blinkit,695125,Thiruvananthapuram,2026-06-29,2026-06-29-0316,not_serviceable,0,
blinkit,695126,Thiruvananthapuram,2026-06-29,2026-06-29-0316,not_serviceable,0,
blinkit,695132,Thiruvananthapuram,2026-06-29,2026-06-29-0316,not_serviceable,0,
blinkit,695133,Thiruvananthapuram,2026-06-29,2026-06-29-0316,not_serviceable,0,
blinkit,695134,Thiruvananthapuram,2026-06-29,2026-06-29-0316,not_serviceable,0,
blinkit,695141,Thiruvananthapuram,2026-06-29,2026-06-29-0316,not_serviceable,0,
blinkit,695142,Thiruvananthapuram,2026-06-29,2026-06-29-0316,not_serviceable,0,
blinkit,695143,Thiruvananthapuram,2026-06-29,2026-06-29-0316,not_serviceable,0,
blinkit,695144,Thiruvananthapuram,2026-06-29,2026-06-29-0316,not_serviceable,0,
blinkit,695145,Thiruvananthapuram,2026-06-29,2026-06-29-0316,not_serviceable,0,
blinkit,695146,Thiruvananthapuram,2026-06-29,2026-06-29-0316,not_serviceable,0,
blinkit,695301,Thiruvananthapuram,2026-06-29,2026-06-29-0316,not_serviceable,0,
blinkit,695302,Thiruvananthapuram,2026-06-29,2026-06-29-0316,not_serviceable,0,
blinkit,695303,Thiruvananthapuram,2026-06-29,2026-06-29-0316,not_serviceable,0,
blinkit,695304,Thiruvananthapuram,2026-06-29,2026-06-29-0316,not_serviceable,0,
blinkit,695305,Thiruvananthapuram,2026-06-29,2026-06-29-0316,not_serviceable,0,
blinkit,695306,Thiruvananthapuram,2026-06-29,2026-06-29-0316,not_serviceable,0,
blinkit,695307,Thiruvananthapuram,2026-06-29,2026-06-29-0316,not_serviceable,0,
blinkit,695308,Thiruvananthapuram,2026-06-29,2026-06-29-0316,not_serviceable,0,
blinkit,695309,Thiruvananthapuram,2026-06-29,2026-06-29-0316,not_serviceable,0,
blinkit,695310,Thiruvananthapuram,2026-06-29,2026-06-29-0316,not_serviceable,0,
blinkit,695311,Thiruvananthapuram,2026-06-29,2026-06-29-0316,not_serviceable,0,
blinkit,695312,Thiruvananthapuram,2026-06-29,2026-06-29-0316,not_serviceable,0,
blinkit,695313,Thiruvananthapuram,2026-06-29,2026-06-29-0316,not_serviceable,0,
blinkit,695316,Thiruvananthapuram,2026-06-29,2026-06-29-0316,not_serviceable,0,
blinkit,695317,Thiruvananthapuram,2026-06-29,2026-06-29-0316,not_serviceable,0,
blinkit,695318,Thiruvananthapuram,2026-06-29,2026-06-29-0316,not_serviceable,0,
blinkit,695501,Thiruvananthapuram,2026-06-29,2026-06-29-0316,not_serviceable,0,
blinkit,695502,Thiruvananthapuram,2026-06-29,2026-06-29-0316,not_serviceable,0,
blinkit,695503,Thiruvananthapuram,2026-06-29,2026-06-29-0316,not_serviceable,0,
blinkit,695504,Thiruvananthapuram,2026-06-29,2026-06-29-0316,not_serviceable,0,
blinkit,695505,Thiruvananthapuram,2026-06-29,2026-06-29-0316,not_serviceable,0,
blinkit,695506,Thiruvananthapuram,2026-06-29,2026-06-29-0316,not_serviceable,0,
blinkit,695507,Thiruvananthapuram,2026-06-29,2026-06-29-0316,not_serviceable,0,
blinkit,695508,Thiruvananthapuram,2026-06-29,2026-06-29-0316,not_serviceable,0,
blinkit,695512,Thiruvananthapuram,2026-06-29,2026-06-29-0316,not_serviceable,0,
blinkit,695513,Thiruvananthapuram,2026-06-29,2026-06-29-0316,not_serviceable,0,
blinkit,695521,Thiruvananthapuram,2026-06-29,2026-06-29-0316,not_serviceable,0,
blinkit,695522,Thiruvananthapuram,2026-06-29,2026-06-29-0316,not_serviceable,0,
blinkit,695523,Thiruvananthapuram,2026-06-29,2026-06-29-0316,not_serviceable,0,
blinkit,695524,Thiruvananthapuram,2026-06-29,2026-06-29-0316,not_serviceable,0,
blinkit,695525,Thiruvananthapuram,2026-06-29,2026-06-29-0316,not_serviceable,0,
blinkit,695526,Thiruvananthapuram,2026-06-29,2026-06-29-0316,not_serviceable,0,
blinkit,695527,Thiruvananthapuram,2026-06-29,2026-06-29-0316,not_serviceable,0,
blinkit,695528,Thiruvananthapuram,2026-06-29,2026-06-29-0316,not_serviceable,0,
blinkit,695541,Thiruvananthapuram,2026-06-29,2026-06-29-0316,not_serviceable,0,
blinkit,695542,Thiruvananthapuram,2026-06-29,2026-06-29-0316,not_serviceable,0,
blinkit,695543,Thiruvananthapuram,2026-06-29,2026-06-29-0316,not_serviceable,0,
blinkit,695547,Thiruvananthapuram,2026-06-29,2026-06-29-0316,not_serviceable,0,
blinkit,695551,Thiruvananthapuram,2026-06-29,2026-06-29-0316,not_serviceable,0,
blinkit,695561,Thiruvananthapuram,2026-06-29,2026-06-29-0316,not_serviceable,0,
blinkit,695562,Thiruvananthapuram,2026-06-29,2026-06-29-0316,not_serviceable,0,
blinkit,695563,Thiruvananthapuram,2026-06-29,2026-06-29-0316,not_serviceable,0,
blinkit,695564,Thiruvananthapuram,2026-06-29,2026-06-29-0316,not_serviceable,0,
blinkit,695568,Thiruvananthapuram,2026-06-29,2026-06-29-0316,not_serviceable,0,
blinkit,695570,Thiruvananthapuram,2026-06-29,2026-06-29-0316,not_serviceable,0,
blinkit,695571,Thiruvananthapuram,2026-06-29,2026-06-29-0316,not_serviceable,0,
blinkit,695572,Thiruvananthapuram,2026-06-29,2026-06-29-0316,not_serviceable,0,
blinkit,695573,Thiruvananthapuram,2026-06-29,2026-06-29-0316,not_serviceable,0,
blinkit,695574,Thiruvananthapuram,2026-06-29,2026-06-29-0316,not_serviceable,0,
blinkit,695575,Thiruvananthapuram,2026-06-29,2026-06-29-0316,not_serviceable,0,
blinkit,695581,Thiruvananthapuram,2026-06-29,2026-06-29-0316,not_serviceable,0,
blinkit,695582,Thiruvananthapuram,2026-06-29,2026-06-29-0316,serviceable_no_jivo,0,
blinkit,695583,Thiruvananthapuram,2026-06-29,2026-06-29-0316,serviceable_no_jivo,0,
blinkit,695584,Thiruvananthapuram,2026-06-29,2026-06-29-0316,not_serviceable,0,
blinkit,695585,Thiruvananthapuram,2026-06-29,2026-06-29-0316,serviceable_no_jivo,0,
blinkit,695586,Thiruvananthapuram,2026-06-29,2026-06-29-0316,not_serviceable,0,
blinkit,695587,Thiruvananthapuram,2026-06-29,2026-06-29-0316,not_serviceable,0,
blinkit,695588,Thiruvananthapuram,2026-06-29,2026-06-29-0316,serviceable_no_jivo,0,
blinkit,695589,Thiruvananthapuram,2026-06-29,2026-06-29-0316,not_serviceable,0,
blinkit,695601,Thiruvananthapuram,2026-06-29,2026-06-29-0316,not_serviceable,0,
blinkit,695602,Thiruvananthapuram,2026-06-29,2026-06-29-0316,not_serviceable,0,
blinkit,695603,Thiruvananthapuram,2026-06-29,2026-06-29-0316,not_serviceable,0,
blinkit,695604,Thiruvananthapuram,2026-06-29,2026-06-29-0316,not_serviceable,0,
blinkit,695605,Thiruvananthapuram,2026-06-29,2026-06-29-0316,not_serviceable,0,
blinkit,695606,Thiruvananthapuram,2026-06-29,2026-06-29-0316,not_serviceable,0,
blinkit,695607,Thiruvananthapuram,2026-06-29,2026-06-29-0316,not_serviceable,0,
blinkit,695608,Thiruvananthapuram,2026-06-29,2026-06-29-0316,not_serviceable,0,
blinkit,695609,Thiruvananthapuram,2026-06-29,2026-06-29-0316,not_serviceable,0,
blinkit,695610,Thiruvananthapuram,2026-06-29,2026-06-29-0316,not_serviceable,0,
blinkit,695611,Thiruvananthapuram,2026-06-29,2026-06-29-0316,not_serviceable,0,
blinkit,695612,Thiruvananthapuram,2026-06-29,2026-06-29-0316,not_serviceable,0,
blinkit,695614,Thiruvananthapuram,2026-06-29,2026-06-29-0316,not_serviceable,0,
blinkit,695615,Thiruvananthapuram,2026-06-29,2026-06-29-0316,not_serviceable,0,
zepto,400001,Mumbai,2026-06-29,2026-06-29-1319,price_captured,23,1617
zepto,400002,Mumbai,2026-06-29,2026-06-29-1319,price_captured,23,1617
zepto,400003,Mumbai,2026-06-29,2026-06-29-1319,price_captured,46,1617
zepto,400004,Mumbai,2026-06-29,2026-06-29-1319,price_captured,23,1617
zepto,400005,Mumbai,2026-06-29,2026-06-29-1319,price_captured,46,1617
zepto,400006,Mumbai,2026-06-29,2026-06-29-1319,price_captured,46,1617
zepto,400007,Mumbai,2026-06-29,2026-06-29-1319,price_captured,46,1617
zepto,400008,Mumbai,2026-06-29,2026-06-29-1319,price_captured,23,1617
zepto,400009,Mumbai,2026-06-29,2026-06-29-1319,price_captured,23,1617
zepto,400010,Mumbai,2026-06-29,2026-06-29-1319,price_captured,46,1617
zepto,400011,Mumbai,2026-06-29,2026-06-29-1319,price_captured,46,1617
zepto,400012,Mumbai,2026-06-29,2026-06-29-1319,price_captured,46,1617
zepto,400013,Mumbai,2026-06-29,2026-06-29-1319,price_captured,46,1617
zepto,400014,Mumbai,2026-06-29,2026-06-29-1319,price_captured,23,1617
zepto,400015,Mumbai,2026-06-29,2026-06-29-1319,price_captured,23,1617
zepto,400016,Mumbai,2026-06-29,2026-06-29-1319,price_captured,23,1617
zepto,400017,Mumbai,2026-06-29,2026-06-29-1319,price_captured,46,1617
zepto,400018,Mumbai,2026-06-29,2026-06-29-1319,price_captured,46,1617
zepto,400019,Mumbai,2026-06-29,2026-06-29-1319,price_captured,46,1617
zepto,400020,Mumbai,2026-06-29,2026-06-29-1319,price_captured,46,1617
zepto,400021,Mumbai,2026-06-29,2026-06-29-1319,price_captured,46,1617
zepto,400022,Mumbai,2026-06-29,2026-06-29-1319,not_serviceable,0,
zepto,400024,Mumbai,2026-06-29,2026-06-29-1319,price_captured,23,1617
zepto,400025,Mumbai,2026-06-29,2026-06-29-1319,price_captured,46,1617
zepto,400026,Mumbai,2026-06-29,2026-06-29-1319,price_captured,23,1617
zepto,400027,Mumbai,2026-06-29,2026-06-29-1319,price_captured,23,1193
zepto,400028,Mumbai,2026-06-29,2026-06-29-1319,price_captured,23,1617
zepto,400029,Mumbai,2026-06-29,2026-06-29-1319,price_captured,23,1617
zepto,400030,Mumbai,2026-06-29,2026-06-29-1319,price_captured,46,1617
zepto,400031,Mumbai,2026-06-29,2026-06-29-1319,price_captured,23,1617
zepto,400032,Mumbai,2026-06-29,2026-06-29-1319,not_serviceable,0,
zepto,400033,Mumbai,2026-06-29,2026-06-29-1319,price_captured,46,1617
zepto,400034,Mumbai,2026-06-29,2026-06-29-1319,price_captured,23,1193
zepto,400035,Mumbai,2026-06-29,2026-06-29-1319,price_captured,23,1617
zepto,400037,Mumbai,2026-06-29,2026-06-29-1319,not_serviceable,0,
zepto,400042,Mumbai,2026-06-29,2026-06-29-1319,price_captured,23,1617
zepto,400043,Mumbai,2026-06-29,2026-06-29-1319,not_serviceable,0,
zepto,400049,Mumbai,2026-06-29,2026-06-29-1319,price_captured,23,1617
zepto,400050,Mumbai,2026-06-29,2026-06-29-1319,price_captured,23,1617
zepto,400051,Mumbai,2026-06-29,2026-06-29-1319,price_captured,23,1617
zepto,400052,Mumbai,2026-06-29,2026-06-29-1319,price_captured,23,1617
zepto,400053,Mumbai,2026-06-29,2026-06-29-1319,price_captured,23,1617
zepto,400054,Mumbai,2026-06-29,2026-06-29-1319,price_captured,23,1617
zepto,400055,Mumbai,2026-06-29,2026-06-29-1319,price_captured,23,1617
zepto,400056,Mumbai,2026-06-29,2026-06-29-1319,price_captured,23,1617
zepto,400057,Mumbai,2026-06-29,2026-06-29-1319,price_captured,23,1617
zepto,400058,Mumbai,2026-06-29,2026-06-29-1319,price_captured,23,1617
zepto,400059,Mumbai,2026-06-29,2026-06-29-1319,price_captured,23,1617
zepto,400060,Mumbai,2026-06-29,2026-06-29-1319,price_captured,23,1617
zepto,400061,Mumbai,2026-06-29,2026-06-29-1319,price_captured,23,1617
zepto,400063,Mumbai,2026-06-29,2026-06-29-1319,price_captured,23,1617
zepto,400064,Mumbai,2026-06-29,2026-06-29-1319,price_captured,23,1617
zepto,400065,Mumbai,2026-06-29,2026-06-29-1319,not_serviceable,0,
zepto,400066,Mumbai,2026-06-29,2026-06-29-1319,price_captured,23,1617
zepto,400067,Mumbai,2026-06-29,2026-06-29-1319,price_captured,23,1617
zepto,400068,Mumbai,2026-06-29,2026-06-29-1319,price_captured,23,1617
zepto,400069,Mumbai,2026-06-29,2026-06-29-1319,price_captured,23,1617
zepto,400070,Mumbai,2026-06-29,2026-06-29-1319,price_captured,23,1617
zepto,400071,Mumbai,2026-06-29,2026-06-29-1319,price_captured,23,1617
zepto,400072,Mumbai,2026-06-29,2026-06-29-1319,price_captured,23,1617
zepto,400074,Mumbai,2026-06-29,2026-06-29-1319,price_captured,23,1617
zepto,400075,Mumbai,2026-06-29,2026-06-29-1319,price_captured,23,1617
zepto,400076,Mumbai,2026-06-29,2026-06-29-1319,price_captured,23,1617
zepto,400077,Mumbai,2026-06-29,2026-06-29-1319,price_captured,23,1617
zepto,400078,Mumbai,2026-06-29,2026-06-29-1319,price_captured,23,1617
zepto,400079,Mumbai,2026-06-29,2026-06-29-1319,price_captured,23,1617
zepto,400080,Mumbai,2026-06-29,2026-06-29-1319,price_captured,23,1617
zepto,400081,Mumbai,2026-06-29,2026-06-29-1319,price_captured,23,1617
zepto,400082,Mumbai,2026-06-29,2026-06-29-1319,price_captured,23,1617
zepto,400083,Mumbai,2026-06-29,2026-06-29-1319,not_serviceable,0,
zepto,400084,Mumbai,2026-06-29,2026-06-29-1319,price_captured,23,1617
zepto,400085,Mumbai,2026-06-29,2026-06-29-1319,price_captured,23,1617
zepto,400086,Mumbai,2026-06-29,2026-06-29-1319,price_captured,23,1617
zepto,400087,Mumbai,2026-06-29,2026-06-29-1319,price_captured,23,1617
zepto,400088,Mumbai,2026-06-29,2026-06-29-1319,price_captured,23,1617
zepto,400089,Mumbai,2026-06-29,2026-06-29-1319,price_captured,23,1617
zepto,400091,Mumbai,2026-06-29,2026-06-29-1319,price_captured,23,1617
zepto,400092,Mumbai,2026-06-29,2026-06-29-1319,price_captured,23,1617
zepto,400093,Mumbai,2026-06-29,2026-06-29-1319,price_captured,23,1617
zepto,400094,Mumbai,2026-06-29,2026-06-29-1319,price_captured,23,1617
zepto,400095,Mumbai,2026-06-29,2026-06-29-1319,not_serviceable,0,
zepto,400096,Mumbai,2026-06-29,2026-06-29-1319,price_captured,23,1617
zepto,400097,Mumbai,2026-06-29,2026-06-29-1319,price_captured,23,1617
zepto,400098,Mumbai,2026-06-29,2026-06-29-1319,price_captured,23,1617
zepto,400099,Mumbai,2026-06-29,2026-06-29-1319,price_captured,23,1617
zepto,400101,Mumbai,2026-06-29,2026-06-29-1319,price_captured,23,1617
zepto,400102,Mumbai,2026-06-29,2026-06-29-1319,price_captured,23,1617
zepto,400103,Mumbai,2026-06-29,2026-06-29-1319,price_captured,23,1617
zepto,400104,Mumbai,2026-06-29,2026-06-29-1319,price_captured,23,1617
zepto,110001,Delhi,2026-06-29,2026-06-29-1319,not_serviceable,0,
zepto,110002,Delhi,2026-06-29,2026-06-29-1319,price_captured,23,1193
zepto,110003,Delhi,2026-06-29,2026-06-29-1319,price_captured,23,1193
zepto,110004,Delhi,2026-06-29,2026-06-29-1319,price_captured,23,1193
zepto,110005,Delhi,2026-06-29,2026-06-29-1319,not_serviceable,0,
zepto,110006,Delhi,2026-06-29,2026-06-29-1319,price_captured,46,1193
zepto,110007,Delhi,2026-06-29,2026-06-29-1319,price_captured,46,1193
zepto,110008,Delhi,2026-06-29,2026-06-29-1319,price_captured,46,1193
zepto,110009,Delhi,2026-06-29,2026-06-29-1319,price_captured,46,1193
zepto,110010,Delhi,2026-06-29,2026-06-29-1319,price_captured,23,1193
zepto,110011,Delhi,2026-06-29,2026-06-29-1319,not_serviceable,0,
zepto,110012,Delhi,2026-06-29,2026-06-29-1319,price_captured,23,1193
zepto,110013,Delhi,2026-06-29,2026-06-29-1319,price_captured,46,1617
zepto,110014,Delhi,2026-06-29,2026-06-29-1319,price_captured,46,1198
zepto,110015,Delhi,2026-06-29,2026-06-29-1319,price_captured,46,1193
zepto,110016,Delhi,2026-06-29,2026-06-29-1319,price_captured,23,1193
zepto,110017,Delhi,2026-06-29,2026-06-29-1319,price_captured,46,1198
zepto,110018,Delhi,2026-06-29,2026-06-29-1319,price_captured,23,1193
zepto,110019,Delhi,2026-06-29,2026-06-29-1319,price_captured,23,1193
zepto,110020,Delhi,2026-06-29,2026-06-29-1319,not_serviceable,0,
zepto,110021,Delhi,2026-06-29,2026-06-29-1319,price_captured,23,1617
zepto,110022,Delhi,2026-06-29,2026-06-29-1319,price_captured,23,1193
zepto,110023,Delhi,2026-06-29,2026-06-29-1319,not_serviceable,0,
zepto,110024,Delhi,2026-06-29,2026-06-29-1319,price_captured,46,1193
zepto,110025,Delhi,2026-06-29,2026-06-29-1319,price_captured,46,1193
zepto,110026,Delhi,2026-06-29,2026-06-29-1319,price_captured,46,1193
zepto,110027,Delhi,2026-06-29,2026-06-29-1319,price_captured,23,1193
zepto,110028,Delhi,2026-06-29,2026-06-29-1319,price_captured,23,1193
zepto,110029,Delhi,2026-06-29,2026-06-29-1319,price_captured,23,1193
zepto,110030,Delhi,2026-06-29,2026-06-29-1319,not_serviceable,0,
zepto,110031,Delhi,2026-06-29,2026-06-29-1319,price_captured,46,1193
zepto,110032,Delhi,2026-06-29,2026-06-29-1319,price_captured,46,1193
zepto,110033,Delhi,2026-06-29,2026-06-29-1319,price_captured,46,1193
zepto,110034,Delhi,2026-06-29,2026-06-29-1319,price_captured,23,1193
zepto,110035,Delhi,2026-06-29,2026-06-29-1319,price_captured,46,1193
zepto,110036,Delhi,2026-06-29,2026-06-29-1319,not_serviceable,0,
zepto,110037,Delhi,2026-06-29,2026-06-29-1319,not_serviceable,0,
zepto,110038,Delhi,2026-06-29,2026-06-29-1319,not_serviceable,0,
zepto,110039,Delhi,2026-06-29,2026-06-29-1319,not_serviceable,0,
zepto,110040,Delhi,2026-06-29,2026-06-29-1319,price_captured,46,1617
zepto,110041,Delhi,2026-06-29,2026-06-29-1319,not_serviceable,0,
zepto,110042,Delhi,2026-06-29,2026-06-29-1319,price_captured,46,1193
zepto,110043,Delhi,2026-06-29,2026-06-29-1319,not_serviceable,0,
zepto,110044,Delhi,2026-06-29,2026-06-29-1319,not_serviceable,0,
zepto,110045,Delhi,2026-06-29,2026-06-29-1319,not_serviceable,0,
zepto,110046,Delhi,2026-06-29,2026-06-29-1319,price_captured,46,1193
zepto,110047,Delhi,2026-06-29,2026-06-29-1319,not_serviceable,0,
zepto,110048,Delhi,2026-06-29,2026-06-29-1319,price_captured,46,1193
zepto,110049,Delhi,2026-06-29,2026-06-29-1319,price_captured,23,1193
zepto,110051,Delhi,2026-06-29,2026-06-29-1319,price_captured,46,1193
zepto,110052,Delhi,2026-06-29,2026-06-29-1319,price_captured,23,1193
zepto,110053,Delhi,2026-06-29,2026-06-29-1319,price_captured,23,1193
zepto,110054,Delhi,2026-06-29,2026-06-29-1319,price_captured,23,1193
zepto,110055,Delhi,2026-06-29,2026-06-29-1319,not_serviceable,0,
zepto,110056,Delhi,2026-06-29,2026-06-29-1319,not_serviceable,0,
zepto,110057,Delhi,2026-06-29,2026-06-29-1319,price_captured,23,1193
zepto,110058,Delhi,2026-06-29,2026-06-29-1319,price_captured,23,1193
zepto,110059,Delhi,2026-06-29,2026-06-29-1319,not_serviceable,0,
zepto,110060,Delhi,2026-06-29,2026-06-29-1319,price_captured,23,1193
zepto,110061,Delhi,2026-06-29,2026-06-29-1319,not_serviceable,0,
zepto,110062,Delhi,2026-06-29,2026-06-29-1319,price_captured,23,1198
zepto,110063,Delhi,2026-06-29,2026-06-29-1319,price_captured,23,1193
zepto,110064,Delhi,2026-06-29,2026-06-29-1319,not_serviceable,0,
zepto,110065,Delhi,2026-06-29,2026-06-29-1319,price_captured,46,1193
zepto,110066,Delhi,2026-06-29,2026-06-29-1319,price_captured,23,1193
zepto,110067,Delhi,2026-06-29,2026-06-29-1319,price_captured,46,1193
zepto,110068,Delhi,2026-06-29,2026-06-29-1319,price_captured,23,1198
zepto,110069,Delhi,2026-06-29,2026-06-29-1319,not_serviceable,0,
zepto,110070,Delhi,2026-06-29,2026-06-29-1319,price_captured,23,1193
zepto,110071,Delhi,2026-06-29,2026-06-29-1319,price_captured,23,1193
zepto,110072,Delhi,2026-06-29,2026-06-29-1319,not_serviceable,0,
zepto,110073,Delhi,2026-06-29,2026-06-29-1319,not_serviceable,0,
zepto,110074,Delhi,2026-06-29,2026-06-29-1319,price_captured,23,1198
zepto,110075,Delhi,2026-06-29,2026-06-29-1319,price_captured,23,1193
zepto,110076,Delhi,2026-06-29,2026-06-29-1319,price_captured,46,1193
zepto,110077,Delhi,2026-06-29,2026-06-29-1319,price_captured,23,1193
zepto,110078,Delhi,2026-06-29,2026-06-29-1319,price_captured,23,1193
zepto,110080,Delhi,2026-06-29,2026-06-29-1319,not_serviceable,0,
zepto,110081,Delhi,2026-06-29,2026-06-29-1319,not_serviceable,0,
zepto,110082,Delhi,2026-06-29,2026-06-29-1319,not_serviceable,0,
zepto,110083,Delhi,2026-06-29,2026-06-29-1319,price_captured,23,1193
zepto,110084,Delhi,2026-06-29,2026-06-29-1319,price_captured,23,1617
zepto,110085,Delhi,2026-06-29,2026-06-29-1319,price_captured,46,1193
zepto,110086,Delhi,2026-06-29,2026-06-29-1319,price_captured,23,1196
zepto,110087,Delhi,2026-06-29,2026-06-29-1319,price_captured,23,1617
zepto,110088,Delhi,2026-06-29,2026-06-29-1319,price_captured,46,1193
zepto,110089,Delhi,2026-06-29,2026-06-29-1319,price_captured,23,1196
zepto,110090,Delhi,2026-06-29,2026-06-29-1319,price_captured,46,1193
zepto,110091,Delhi,2026-06-29,2026-06-29-1319,price_captured,46,1193
zepto,110092,Delhi,2026-06-29,2026-06-29-1319,price_captured,46,1193
zepto,110093,Delhi,2026-06-29,2026-06-29-1319,price_captured,23,1193
zepto,110094,Delhi,2026-06-29,2026-06-29-1319,price_captured,23,1193
zepto,110095,Delhi,2026-06-29,2026-06-29-1319,price_captured,23,1193
zepto,110096,Delhi,2026-06-29,2026-06-29-1319,price_captured,23,1219
zepto,110097,Delhi,2026-06-29,2026-06-29-1319,not_serviceable,0,
zepto,110099,Delhi,2026-06-29,2026-06-29-1319,price_captured,23,1196
zepto,110110,Delhi,2026-06-29,2026-06-29-1319,price_captured,23,1193
zepto,560001,Bengaluru,2026-06-29,2026-06-29-1319,price_captured,23,1617
zepto,560002,Bengaluru,2026-06-29,2026-06-29-1319,price_captured,23,1617
zepto,560003,Bengaluru,2026-06-29,2026-06-29-1319,price_captured,23,1617
zepto,560004,Bengaluru,2026-06-29,2026-06-29-1319,price_captured,23,1617
zepto,560005,Bengaluru,2026-06-29,2026-06-29-1319,price_captured,23,1617
zepto,560006,Bengaluru,2026-06-29,2026-06-29-1319,price_captured,23,1617
zepto,560007,Bengaluru,2026-06-29,2026-06-29-1319,not_serviceable,0,
zepto,560008,Bengaluru,2026-06-29,2026-06-29-1319,not_serviceable,0,
zepto,560009,Bengaluru,2026-06-29,2026-06-29-1319,price_captured,23,1193
zepto,560010,Bengaluru,2026-06-29,2026-06-29-1319,price_captured,23,1617
zepto,560011,Bengaluru,2026-06-29,2026-06-29-1319,price_captured,23,1617
zepto,560012,Bengaluru,2026-06-29,2026-06-29-1319,price_captured,23,1617
zepto,560013,Bengaluru,2026-06-29,2026-06-29-1319,price_captured,23,1617
zepto,560015,Bengaluru,2026-06-29,2026-06-29-1319,price_captured,23,1617
zepto,560016,Bengaluru,2026-06-29,2026-06-29-1319,price_captured,23,1617
zepto,560017,Bengaluru,2026-06-29,2026-06-29-1319,not_serviceable,0,
zepto,560018,Bengaluru,2026-06-29,2026-06-29-1319,price_captured,23,1617
zepto,560020,Bengaluru,2026-06-29,2026-06-29-1319,price_captured,23,1617
zepto,560021,Bengaluru,2026-06-29,2026-06-29-1319,price_captured,23,1617
zepto,560022,Bengaluru,2026-06-29,2026-06-29-1319,price_captured,23,1617
zepto,560023,Bengaluru,2026-06-29,2026-06-29-1319,price_captured,23,1617
zepto,560024,Bengaluru,2026-06-29,2026-06-29-1319,not_serviceable,0,
zepto,560025,Bengaluru,2026-06-29,2026-06-29-1319,not_serviceable,0,
zepto,560026,Bengaluru,2026-06-29,2026-06-29-1319,price_captured,23,1617
zepto,560027,Bengaluru,2026-06-29,2026-06-29-1319,price_captured,23,1617
zepto,560029,Bengaluru,2026-06-29,2026-06-29-1319,price_captured,23,1617
zepto,560030,Bengaluru,2026-06-29,2026-06-29-1319,price_captured,23,1617
zepto,560032,Bengaluru,2026-06-29,2026-06-29-1319,price_captured,23,1617
zepto,560033,Bengaluru,2026-06-29,2026-06-29-1319,not_serviceable,0,
zepto,560034,Bengaluru,2026-06-29,2026-06-29-1319,price_captured,23,1617
zepto,560035,Bengaluru,2026-06-29,2026-06-29-1319,price_captured,23,1617
zepto,560036,Bengaluru,2026-06-29,2026-06-29-1319,price_captured,23,1617
zepto,560037,Bengaluru,2026-06-29,2026-06-29-1319,not_serviceable,0,
zepto,560038,Bengaluru,2026-06-29,2026-06-29-1319,price_captured,23,1617
zepto,560040,Bengaluru,2026-06-29,2026-06-29-1319,price_captured,23,1617
zepto,560041,Bengaluru,2026-06-29,2026-06-29-1319,price_captured,23,1617
zepto,560042,Bengaluru,2026-06-29,2026-06-29-1319,price_captured,23,1617
zepto,560043,Bengaluru,2026-06-29,2026-06-29-1319,price_captured,23,1617
zepto,560045,Bengaluru,2026-06-29,2026-06-29-1319,price_captured,23,1617
zepto,560046,Bengaluru,2026-06-29,2026-06-29-1319,not_serviceable,0,
zepto,560047,Bengaluru,2026-06-29,2026-06-29-1319,price_captured,23,1617
zepto,560048,Bengaluru,2026-06-29,2026-06-29-1319,price_captured,23,1617
zepto,560049,Bengaluru,2026-06-29,2026-06-29-1319,not_serviceable,0,
zepto,560050,Bengaluru,2026-06-29,2026-06-29-1319,price_captured,23,1617
zepto,560051,Bengaluru,2026-06-29,2026-06-29-1319,not_serviceable,0,
zepto,560053,Bengaluru,2026-06-29,2026-06-29-1319,price_captured,23,1617
zepto,560054,Bengaluru,2026-06-29,2026-06-29-1319,price_captured,23,1617
zepto,560055,Bengaluru,2026-06-29,2026-06-29-1319,price_captured,23,1617
zepto,560056,Bengaluru,2026-06-29,2026-06-29-1319,price_captured,23,1617
zepto,560057,Bengaluru,2026-06-29,2026-06-29-1319,price_captured,23,1617
zepto,560058,Bengaluru,2026-06-29,2026-06-29-1319,price_captured,23,1617
zepto,560059,Bengaluru,2026-06-29,2026-06-29-1319,price_captured,23,1617
zepto,560060,Bengaluru,2026-06-29,2026-06-29-1319,price_captured,23,1617
zepto,560061,Bengaluru,2026-06-29,2026-06-29-1319,price_captured,23,1617
zepto,560062,Bengaluru,2026-06-29,2026-06-29-1319,price_captured,23,1617
zepto,560063,Bengaluru,2026-06-29,2026-06-29-1319,not_serviceable,0,
zepto,560064,Bengaluru,2026-06-29,2026-06-29-1319,price_captured,23,1617
zepto,560065,Bengaluru,2026-06-29,2026-06-29-1319,price_captured,23,1617
zepto,560066,Bengaluru,2026-06-29,2026-06-29-1319,not_serviceable,0,
zepto,560067,Bengaluru,2026-06-29,2026-06-29-1319,not_serviceable,0,
zepto,560068,Bengaluru,2026-06-29,2026-06-29-1319,price_captured,23,1617
zepto,560070,Bengaluru,2026-06-29,2026-06-29-1319,price_captured,23,1617
zepto,560071,Bengaluru,2026-06-29,2026-06-29-1319,not_serviceable,0,
zepto,560072,Bengaluru,2026-06-29,2026-06-29-1319,price_captured,23,1617
zepto,560073,Bengaluru,2026-06-29,2026-06-29-1319,not_serviceable,0,
zepto,560074,Bengaluru,2026-06-29,2026-06-29-1319,not_serviceable,0,
zepto,560075,Bengaluru,2026-06-29,2026-06-29-1319,not_serviceable,0,
zepto,560076,Bengaluru,2026-06-29,2026-06-29-1319,price_captured,23,1617
zepto,560077,Bengaluru,2026-06-29,2026-06-29-1319,price_captured,23,1617
zepto,560078,Bengaluru,2026-06-29,2026-06-29-1319,price_captured,23,1617
zepto,560079,Bengaluru,2026-06-29,2026-06-29-1319,price_captured,23,1617
zepto,560080,Bengaluru,2026-06-29,2026-06-29-1319,not_serviceable,0,
zepto,560081,Bengaluru,2026-06-29,2026-06-29-1319,price_captured,23,1617
zepto,560082,Bengaluru,2026-06-29,2026-06-29-1319,not_serviceable,0,
zepto,560083,Bengaluru,2026-06-29,2026-06-29-1319,not_serviceable,0,
zepto,560084,Bengaluru,2026-06-29,2026-06-29-1319,price_captured,23,1617
zepto,560085,Bengaluru,2026-06-29,2026-06-29-1319,price_captured,23,1617
zepto,560086,Bengaluru,2026-06-29,2026-06-29-1319,price_captured,23,1617
zepto,560087,Bengaluru,2026-06-29,2026-06-29-1319,not_serviceable,0,
zepto,560088,Bengaluru,2026-06-29,2026-06-29-1319,not_serviceable,0,
zepto,560089,Bengaluru,2026-06-29,2026-06-29-1319,not_serviceable,0,
zepto,560090,Bengaluru,2026-06-29,2026-06-29-1319,not_serviceable,0,
zepto,560091,Bengaluru,2026-06-29,2026-06-29-1319,price_captured,23,1617
zepto,560092,Bengaluru,2026-06-29,2026-06-29-1319,price_captured,23,1617
zepto,560093,Bengaluru,2026-06-29,2026-06-29-1319,not_serviceable,0,
zepto,560094,Bengaluru,2026-06-29,2026-06-29-1319,not_serviceable,0,
zepto,560095,Bengaluru,2026-06-29,2026-06-29-1319,price_captured,23,1617
zepto,560096,Bengaluru,2026-06-29,2026-06-29-1319,price_captured,23,1617
zepto,560097,Bengaluru,2026-06-29,2026-06-29-1319,price_captured,23,1617
zepto,560098,Bengaluru,2026-06-29,2026-06-29-1319,price_captured,23,1617
zepto,560099,Bengaluru,2026-06-29,2026-06-29-1319,price_captured,23,1617
zepto,560100,Bengaluru,2026-06-29,2026-06-29-1319,price_captured,23,1617
zepto,560102,Bengaluru,2026-06-29,2026-06-29-1319,price_captured,23,1617
zepto,560103,Bengaluru,2026-06-29,2026-06-29-1319,price_captured,23,1617
zepto,560104,Bengaluru,2026-06-29,2026-06-29-1319,price_captured,23,1617
zepto,560105,Bengaluru,2026-06-29,2026-06-29-1319,price_captured,23,1617
zepto,560107,Bengaluru,2026-06-29,2026-06-29-1319,not_serviceable,0,
zepto,560108,Bengaluru,2026-06-29,2026-06-29-1319,price_captured,23,1617
zepto,560109,Bengaluru,2026-06-29,2026-06-29-1319,price_captured,23,1617
zepto,560110,Bengaluru,2026-06-29,2026-06-29-1319,price_captured,23,1617
zepto,560111,Bengaluru,2026-06-29,2026-06-29-1319,price_captured,23,1617
zepto,560112,Bengaluru,2026-06-29,2026-06-29-1319,not_serviceable,0,
zepto,560113,Bengaluru,2026-06-29,2026-06-29-1319,price_captured,23,1617
zepto,560114,Bengaluru,2026-06-29,2026-06-29-1319,price_captured,23,1617
zepto,560115,Bengaluru,2026-06-29,2026-06-29-1319,price_captured,23,1617
zepto,560116,Bengaluru,2026-06-29,2026-06-29-1319,not_serviceable,0,
zepto,560300,Bengaluru,2026-06-29,2026-06-29-1319,not_serviceable,0,
zepto,560500,Bengaluru,2026-06-29,2026-06-29-1319,price_captured,23,1617
zepto,562106,Bengaluru,2026-06-29,2026-06-29-1319,not_serviceable,0,
zepto,562107,Bengaluru,2026-06-29,2026-06-29-1319,not_serviceable,0,
zepto,562120,Bengaluru,2026-06-29,2026-06-29-1319,not_serviceable,0,
zepto,562125,Bengaluru,2026-06-29,2026-06-29-1319,not_serviceable,0,
zepto,562130,Bengaluru,2026-06-29,2026-06-29-1319,not_serviceable,0,
zepto,562149,Bengaluru,2026-06-29,2026-06-29-1319,price_captured,23,1617
zepto,562157,Bengaluru,2026-06-29,2026-06-29-1319,not_serviceable,0,
zepto,562162,Bengaluru,2026-06-29,2026-06-29-1319,not_serviceable,0,
zepto,562163,Bengaluru,2026-06-29,2026-06-29-1319,not_serviceable,0,
zepto,500001,Hyderabad,2026-06-29,2026-06-29-1319,price_captured,23,1617
zepto,500002,Hyderabad,2026-06-29,2026-06-29-1319,price_captured,46,1617
zepto,500003,Hyderabad,2026-06-29,2026-06-29-1319,price_captured,23,1617
zepto,500004,Hyderabad,2026-06-29,2026-06-29-1319,price_captured,23,1617
zepto,500005,Hyderabad,2026-06-29,2026-06-29-1319,price_captured,46,1617
zepto,500006,Hyderabad,2026-06-29,2026-06-29-1319,price_captured,23,1617
zepto,500007,Hyderabad,2026-06-29,2026-06-29-1319,not_serviceable,0,
zepto,500008,Hyderabad,2026-06-29,2026-06-29-1319,not_serviceable,0,
zepto,500009,Hyderabad,2026-06-29,2026-06-29-1319,price_captured,23,1617
zepto,500010,Hyderabad,2026-06-29,2026-06-29-1319,price_captured,23,1617
zepto,500011,Hyderabad,2026-06-29,2026-06-29-1319,price_captured,46,1617
zepto,500012,Hyderabad,2026-06-29,2026-06-29-1319,price_captured,23,1617
zepto,500013,Hyderabad,2026-06-29,2026-06-29-1319,price_captured,46,1617
zepto,500014,Hyderabad,2026-06-29,2026-06-29-1319,price_captured,46,1617
zepto,500015,Hyderabad,2026-06-29,2026-06-29-1319,not_serviceable,0,
zepto,500016,Hyderabad,2026-06-29,2026-06-29-1319,price_captured,46,1617
zepto,500017,Hyderabad,2026-06-29,2026-06-29-1319,price_captured,23,1617
zepto,500018,Hyderabad,2026-06-29,2026-06-29-1319,not_serviceable,0,
zepto,500020,Hyderabad,2026-06-29,2026-06-29-1319,price_captured,23,1617
zepto,500022,Hyderabad,2026-06-29,2026-06-29-1319,price_captured,23,1617
zepto,500023,Hyderabad,2026-06-29,2026-06-29-1319,price_captured,23,1617
zepto,500024,Hyderabad,2026-06-29,2026-06-29-1319,price_captured,23,1617
zepto,500025,Hyderabad,2026-06-29,2026-06-29-1319,not_serviceable,0,
zepto,500026,Hyderabad,2026-06-29,2026-06-29-1319,price_captured,23,1617
zepto,500027,Hyderabad,2026-06-29,2026-06-29-1319,not_serviceable,0,
zepto,500028,Hyderabad,2026-06-29,2026-06-29-1319,not_serviceable,0,
zepto,500029,Hyderabad,2026-06-29,2026-06-29-1319,price_captured,23,1617
zepto,500031,Hyderabad,2026-06-29,2026-06-29-1319,not_serviceable,0,
zepto,500032,Hyderabad,2026-06-29,2026-06-29-1319,not_serviceable,0,
zepto,500033,Hyderabad,2026-06-29,2026-06-29-1319,price_captured,23,1617
zepto,500034,Hyderabad,2026-06-29,2026-06-29-1319,price_captured,23,1617
zepto,500036,Hyderabad,2026-06-29,2026-06-29-1319,price_captured,23,1617
zepto,500038,Hyderabad,2026-06-29,2026-06-29-1319,not_serviceable,0,
zepto,500040,Hyderabad,2026-06-29,2026-06-29-1319,not_serviceable,0,
zepto,500041,Hyderabad,2026-06-29,2026-06-29-1319,price_captured,23,1617
zepto,500044,Hyderabad,2026-06-29,2026-06-29-1319,not_serviceable,0,
zepto,500045,Hyderabad,2026-06-29,2026-06-29-1319,price_captured,46,1617
zepto,500047,Hyderabad,2026-06-29,2026-06-29-1319,not_serviceable,0,
zepto,500053,Hyderabad,2026-06-29,2026-06-29-1319,price_captured,23,1617
zepto,500056,Hyderabad,2026-06-29,2026-06-29-1319,not_serviceable,0,
zepto,500057,Hyderabad,2026-06-29,2026-06-29-1319,price_captured,23,1617
zepto,500058,Hyderabad,2026-06-29,2026-06-29-1319,not_serviceable,0,
zepto,500059,Hyderabad,2026-06-29,2026-06-29-1319,price_captured,23,1617
zepto,500061,Hyderabad,2026-06-29,2026-06-29-1319,not_serviceable,0,
zepto,500063,Hyderabad,2026-06-29,2026-06-29-1319,price_captured,23,1617
zepto,500064,Hyderabad,2026-06-29,2026-06-29-1319,not_serviceable,0,
zepto,500065,Hyderabad,2026-06-29,2026-06-29-1319,price_captured,23,1617
zepto,500066,Hyderabad,2026-06-29,2026-06-29-1319,price_captured,46,1617
zepto,500073,Hyderabad,2026-06-29,2026-06-29-1319,price_captured,23,1617
zepto,500080,Hyderabad,2026-06-29,2026-06-29-1319,price_captured,23,1617
zepto,500081,Hyderabad,2026-06-29,2026-06-29-1319,price_captured,23,1617
zepto,500082,Hyderabad,2026-06-29,2026-06-29-1319,price_captured,23,1617
zepto,500084,Hyderabad,2026-06-29,2026-06-29-1319,price_captured,23,1617
zepto,500094,Hyderabad,2026-06-29,2026-06-29-1319,not_serviceable,0,
zepto,500095,Hyderabad,2026-06-29,2026-06-29-1319,price_captured,23,1617
zepto,500096,Hyderabad,2026-06-29,2026-06-29-1319,not_serviceable,0,
zepto,500107,Hyderabad,2026-06-29,2026-06-29-1319,price_captured,23,1617
zepto,500109,Hyderabad,2026-06-29,2026-06-29-1319,not_serviceable,0,
zepto,500110,Hyderabad,2026-06-29,2026-06-29-1319,price_captured,46,1617
zepto,500112,Hyderabad,2026-06-29,2026-06-29-1319,price_captured,23,1193
zepto,600001,Chennai,2026-06-29,2026-06-29-1319,price_captured,23,1193
zepto,600002,Chennai,2026-06-29,2026-06-29-1319,price_captured,46,1617
zepto,600003,Chennai,2026-06-29,2026-06-29-1319,price_captured,23,1617
zepto,600004,Chennai,2026-06-29,2026-06-29-1319,not_serviceable,0,
zepto,600005,Chennai,2026-06-29,2026-06-29-1319,price_captured,46,1617
zepto,600006,Chennai,2026-06-29,2026-06-29-1319,price_captured,23,1617
zepto,600007,Chennai,2026-06-29,2026-06-29-1319,not_serviceable,0,
zepto,600008,Chennai,2026-06-29,2026-06-29-1319,price_captured,23,1617
zepto,600009,Chennai,2026-06-29,2026-06-29-1319,not_serviceable,0,
zepto,600010,Chennai,2026-06-29,2026-06-29-1319,price_captured,23,1617
zepto,600011,Chennai,2026-06-29,2026-06-29-1319,price_captured,46,1617
zepto,600012,Chennai,2026-06-29,2026-06-29-1319,not_serviceable,0,
zepto,600013,Chennai,2026-06-29,2026-06-29-1319,price_captured,23,1617
zepto,600014,Chennai,2026-06-29,2026-06-29-1319,not_serviceable,0,
zepto,600015,Chennai,2026-06-29,2026-06-29-1319,price_captured,46,1617
zepto,600016,Chennai,2026-06-29,2026-06-29-1319,price_captured,46,1193
zepto,600017,Chennai,2026-06-29,2026-06-29-1319,price_captured,46,1617
zepto,600018,Chennai,2026-06-29,2026-06-29-1319,price_captured,23,1617
zepto,600019,Chennai,2026-06-29,2026-06-29-1319,price_captured,23,1617
zepto,600020,Chennai,2026-06-29,2026-06-29-1319,price_captured,23,1617
zepto,600021,Chennai,2026-06-29,2026-06-29-1319,price_captured,23,1617
zepto,600022,Chennai,2026-06-29,2026-06-29-1319,price_captured,23,1617
zepto,600023,Chennai,2026-06-29,2026-06-29-1319,price_captured,23,1617
zepto,600024,Chennai,2026-06-29,2026-06-29-1319,price_captured,23,1617
zepto,600025,Chennai,2026-06-29,2026-06-29-1319,price_captured,46,1617
zepto,600026,Chennai,2026-06-29,2026-06-29-1319,price_captured,23,1617
zepto,600028,Chennai,2026-06-29,2026-06-29-1319,not_serviceable,0,
zepto,600030,Chennai,2026-06-29,2026-06-29-1319,price_captured,23,1617
zepto,600031,Chennai,2026-06-29,2026-06-29-1319,price_captured,46,1617
zepto,600032,Chennai,2026-06-29,2026-06-29-1319,price_captured,23,1617
zepto,600033,Chennai,2026-06-29,2026-06-29-1319,price_captured,23,1617
zepto,600034,Chennai,2026-06-29,2026-06-29-1319,not_serviceable,0,
zepto,600035,Chennai,2026-06-29,2026-06-29-1319,price_captured,23,1617
zepto,600036,Chennai,2026-06-29,2026-06-29-1319,price_captured,23,1617
zepto,600037,Chennai,2026-06-29,2026-06-29-1319,price_captured,46,1617
zepto,600038,Chennai,2026-06-29,2026-06-29-1319,price_captured,46,1617
zepto,600039,Chennai,2026-06-29,2026-06-29-1319,not_serviceable,0,
zepto,600040,Chennai,2026-06-29,2026-06-29-1319,price_captured,23,1617
zepto,600041,Chennai,2026-06-29,2026-06-29-1319,price_captured,23,1617
zepto,600042,Chennai,2026-06-29,2026-06-29-1319,price_captured,23,1617
zepto,600049,Chennai,2026-06-29,2026-06-29-1319,price_captured,23,1617
zepto,600050,Chennai,2026-06-29,2026-06-29-1319,price_captured,23,1617
zepto,600051,Chennai,2026-06-29,2026-06-29-1319,price_captured,23,1617
zepto,600053,Chennai,2026-06-29,2026-06-29-1319,price_captured,23,1617
zepto,600057,Chennai,2026-06-29,2026-06-29-1319,not_serviceable,0,
zepto,600058,Chennai,2026-06-29,2026-06-29-1319,price_captured,23,1617
zepto,600060,Chennai,2026-06-29,2026-06-29-1319,price_captured,23,1617
zepto,600061,Chennai,2026-06-29,2026-06-29-1319,price_captured,23,1617
zepto,600066,Chennai,2026-06-29,2026-06-29-1319,not_serviceable,0,
zepto,600068,Chennai,2026-06-29,2026-06-29-1319,not_serviceable,0,
zepto,600076,Chennai,2026-06-29,2026-06-29-1319,price_captured,23,1617
zepto,600077,Chennai,2026-06-29,2026-06-29-1319,not_serviceable,0,
zepto,600078,Chennai,2026-06-29,2026-06-29-1319,price_captured,23,1617
zepto,600081,Chennai,2026-06-29,2026-06-29-1319,price_captured,23,1617
zepto,600082,Chennai,2026-06-29,2026-06-29-1319,not_serviceable,0,
zepto,600083,Chennai,2026-06-29,2026-06-29-1319,price_captured,46,1617
zepto,600084,Chennai,2026-06-29,2026-06-29-1319,price_captured,23,1617
zepto,600085,Chennai,2026-06-29,2026-06-29-1319,price_captured,23,1617
zepto,600086,Chennai,2026-06-29,2026-06-29-1319,price_captured,46,1617
zepto,600087,Chennai,2026-06-29,2026-06-29-1319,price_captured,46,1617
zepto,600088,Chennai,2026-06-29,2026-06-29-1319,not_serviceable,0,
zepto,600089,Chennai,2026-06-29,2026-06-29-1319,price_captured,23,1617
zepto,600090,Chennai,2026-06-29,2026-06-29-1319,price_captured,23,1617
zepto,600091,Chennai,2026-06-29,2026-06-29-1319,not_serviceable,0,
zepto,600092,Chennai,2026-06-29,2026-06-29-1319,price_captured,46,1617
zepto,600093,Chennai,2026-06-29,2026-06-29-1319,price_captured,23,1617
zepto,600094,Chennai,2026-06-29,2026-06-29-1319,not_serviceable,0,
zepto,600095,Chennai,2026-06-29,2026-06-29-1319,price_captured,23,1617
zepto,600096,Chennai,2026-06-29,2026-06-29-1319,price_captured,46,1617
zepto,600097,Chennai,2026-06-29,2026-06-29-1319,price_captured,46,1617
zepto,600099,Chennai,2026-06-29,2026-06-29-1319,not_serviceable,0,
zepto,600101,Chennai,2026-06-29,2026-06-29-1319,not_serviceable,0,
zepto,600102,Chennai,2026-06-29,2026-06-29-1319,not_serviceable,0,
zepto,600103,Chennai,2026-06-29,2026-06-29-1319,not_serviceable,0,
zepto,600104,Chennai,2026-06-29,2026-06-29-1319,price_captured,23,1617
zepto,600106,Chennai,2026-06-29,2026-06-29-1319,not_serviceable,0,
zepto,600107,Chennai,2026-06-29,2026-06-29-1319,price_captured,23,1617
zepto,600113,Chennai,2026-06-29,2026-06-29-1319,price_captured,23,1617
zepto,600115,Chennai,2026-06-29,2026-06-29-1319,price_captured,23,1617
zepto,600116,Chennai,2026-06-29,2026-06-29-1319,not_serviceable,0,
zepto,600118,Chennai,2026-06-29,2026-06-29-1319,price_captured,46,1617
zepto,600119,Chennai,2026-06-29,2026-06-29-1319,price_captured,23,1617
zepto,600125,Chennai,2026-06-29,2026-06-29-1319,price_captured,23,1617
zepto,410301,Pune,2026-06-29,2026-06-29-1319,not_serviceable,0,
zepto,410302,Pune,2026-06-29,2026-06-29-1319,not_serviceable,0,
zepto,410401,Pune,2026-06-29,2026-06-29-1319,not_serviceable,0,
zepto,410402,Pune,2026-06-29,2026-06-29-1319,not_serviceable,0,
zepto,410403,Pune,2026-06-29,2026-06-29-1319,not_serviceable,0,
zepto,410405,Pune,2026-06-29,2026-06-29-1319,not_serviceable,0,
zepto,410406,Pune,2026-06-29,2026-06-29-1319,not_serviceable,0,
zepto,410501,Pune,2026-06-29,2026-06-29-1319,not_serviceable,0,
zepto,410502,Pune,2026-06-29,2026-06-29-1319,not_serviceable,0,
zepto,410503,Pune,2026-06-29,2026-06-29-1319,not_serviceable,0,
zepto,410504,Pune,2026-06-29,2026-06-29-1319,not_serviceable,0,
zepto,410505,Pune,2026-06-29,2026-06-29-1319,not_serviceable,0,
zepto,410506,Pune,2026-06-29,2026-06-29-1319,price_captured,23,1617
zepto,410507,Pune,2026-06-29,2026-06-29-1319,not_serviceable,0,
zepto,410508,Pune,2026-06-29,2026-06-29-1319,not_serviceable,0,
zepto,410509,Pune,2026-06-29,2026-06-29-1319,not_serviceable,0,
zepto,410510,Pune,2026-06-29,2026-06-29-1319,not_serviceable,0,
zepto,410511,Pune,2026-06-29,2026-06-29-1319,not_serviceable,0,
zepto,410512,Pune,2026-06-29,2026-06-29-1319,not_serviceable,0,
zepto,410513,Pune,2026-06-29,2026-06-29-1319,not_serviceable,0,
zepto,410515,Pune,2026-06-29,2026-06-29-1319,not_serviceable,0,
zepto,410516,Pune,2026-06-29,2026-06-29-1319,not_serviceable,0,
zepto,411001,Pune,2026-06-29,2026-06-29-1319,not_serviceable,0,
zepto,411002,Pune,2026-06-29,2026-06-29-1319,not_serviceable,0,
zepto,411003,Pune,2026-06-29,2026-06-29-1319,not_serviceable,0,
zepto,411004,Pune,2026-06-29,2026-06-29-1319,price_captured,46,1617
zepto,411005,Pune,2026-06-29,2026-06-29-1319,not_serviceable,0,
zepto,411006,Pune,2026-06-29,2026-06-29-1319,price_captured,23,1617
zepto,411007,Pune,2026-06-29,2026-06-29-1319,price_captured,23,1617
zepto,411008,Pune,2026-06-29,2026-06-29-1319,price_captured,23,1617
zepto,411009,Pune,2026-06-29,2026-06-29-1319,price_captured,23,1193
zepto,411011,Pune,2026-06-29,2026-06-29-1319,price_captured,23,1617
zepto,411012,Pune,2026-06-29,2026-06-29-1319,price_captured,46,1617
zepto,411013,Pune,2026-06-29,2026-06-29-1319,not_serviceable,0,
zepto,411014,Pune,2026-06-29,2026-06-29-1319,price_captured,23,1617
zepto,411015,Pune,2026-06-29,2026-06-29-1319,price_captured,23,1617
zepto,411016,Pune,2026-06-29,2026-06-29-1319,not_serviceable,0,
zepto,411017,Pune,2026-06-29,2026-06-29-1319,not_serviceable,0,
zepto,411018,Pune,2026-06-29,2026-06-29-1319,price_captured,23,1617
zepto,411019,Pune,2026-06-29,2026-06-29-1319,not_serviceable,0,
zepto,411020,Pune,2026-06-29,2026-06-29-1319,not_serviceable,0,
zepto,411021,Pune,2026-06-29,2026-06-29-1319,price_captured,46,1617
zepto,411022,Pune,2026-06-29,2026-06-29-1319,price_captured,23,1617
zepto,411023,Pune,2026-06-29,2026-06-29-1319,price_captured,23,1617
zepto,411024,Pune,2026-06-29,2026-06-29-1319,price_captured,23,1617
zepto,411025,Pune,2026-06-29,2026-06-29-1319,not_serviceable,0,
zepto,411026,Pune,2026-06-29,2026-06-29-1319,not_serviceable,0,
zepto,411027,Pune,2026-06-29,2026-06-29-1319,price_captured,23,1617
zepto,411028,Pune,2026-06-29,2026-06-29-1319,price_captured,46,1617
zepto,411030,Pune,2026-06-29,2026-06-29-1319,not_serviceable,0,
zepto,411031,Pune,2026-06-29,2026-06-29-1319,not_serviceable,0,
zepto,411032,Pune,2026-06-29,2026-06-29-1319,not_serviceable,0,
zepto,411033,Pune,2026-06-29,2026-06-29-1319,price_captured,23,1617
zepto,411034,Pune,2026-06-29,2026-06-29-1319,not_serviceable,0,
zepto,411035,Pune,2026-06-29,2026-06-29-1319,price_captured,23,1617
zepto,411036,Pune,2026-06-29,2026-06-29-1319,price_captured,46,1617
zepto,411037,Pune,2026-06-29,2026-06-29-1319,not_serviceable,0,
zepto,411038,Pune,2026-06-29,2026-06-29-1319,price_captured,23,1617
zepto,411039,Pune,2026-06-29,2026-06-29-1319,price_captured,23,1617
zepto,411040,Pune,2026-06-29,2026-06-29-1319,not_serviceable,0,
zepto,411041,Pune,2026-06-29,2026-06-29-1319,price_captured,23,1617
zepto,411042,Pune,2026-06-29,2026-06-29-1319,not_serviceable,0,
zepto,411043,Pune,2026-06-29,2026-06-29-1319,price_captured,23,1617
zepto,411044,Pune,2026-06-29,2026-06-29-1319,price_captured,23,1617
zepto,411045,Pune,2026-06-29,2026-06-29-1319,price_captured,46,1617
zepto,411046,Pune,2026-06-29,2026-06-29-1319,price_captured,23,1617
zepto,411047,Pune,2026-06-29,2026-06-29-1319,price_captured,23,1617
zepto,411048,Pune,2026-06-29,2026-06-29-1319,not_serviceable,0,
zepto,411051,Pune,2026-06-29,2026-06-29-1319,price_captured,23,1617
zepto,411052,Pune,2026-06-29,2026-06-29-1319,price_captured,23,1617
zepto,411057,Pune,2026-06-29,2026-06-29-1319,not_serviceable,0,
zepto,411058,Pune,2026-06-29,2026-06-29-1319,price_captured,23,1617
zepto,411060,Pune,2026-06-29,2026-06-29-1319,not_serviceable,0,
zepto,411061,Pune,2026-06-29,2026-06-29-1319,not_serviceable,0,
zepto,411062,Pune,2026-06-29,2026-06-29-1319,not_serviceable,0,
zepto,411067,Pune,2026-06-29,2026-06-29-1319,price_captured,46,1617
zepto,411068,Pune,2026-06-29,2026-06-29-1319,price_captured,23,1617
zepto,411069,Pune,2026-06-29,2026-06-29-1319,price_captured,23,1617
zepto,412101,Pune,2026-06-29,2026-06-29-1319,not_serviceable,0,
zepto,412102,Pune,2026-06-29,2026-06-29-1319,not_serviceable,0,
zepto,412103,Pune,2026-06-29,2026-06-29-1319,not_serviceable,0,
zepto,412104,Pune,2026-06-29,2026-06-29-1319,not_serviceable,0,
zepto,412105,Pune,2026-06-29,2026-06-29-1319,not_serviceable,0,
zepto,412106,Pune,2026-06-29,2026-06-29-1319,not_serviceable,0,
zepto,412107,Pune,2026-06-29,2026-06-29-1319,price_captured,23,1617
zepto,412108,Pune,2026-06-29,2026-06-29-1319,not_serviceable,0,
zepto,412109,Pune,2026-06-29,2026-06-29-1319,not_serviceable,0,
zepto,412110,Pune,2026-06-29,2026-06-29-1319,not_serviceable,0,
zepto,412112,Pune,2026-06-29,2026-06-29-1319,not_serviceable,0,
zepto,412115,Pune,2026-06-29,2026-06-29-1319,not_serviceable,0,
zepto,412201,Pune,2026-06-29,2026-06-29-1319,not_serviceable,0,
zepto,412202,Pune,2026-06-29,2026-06-29-1319,not_serviceable,0,
zepto,412203,Pune,2026-06-29,2026-06-29-1319,not_serviceable,0,
zepto,412204,Pune,2026-06-29,2026-06-29-1319,not_serviceable,0,
zepto,412205,Pune,2026-06-29,2026-06-29-1319,not_serviceable,0,
zepto,412206,Pune,2026-06-29,2026-06-29-1319,not_serviceable,0,
zepto,412207,Pune,2026-06-29,2026-06-29-1319,not_serviceable,0,
zepto,412208,Pune,2026-06-29,2026-06-29-1319,not_serviceable,0,
zepto,412209,Pune,2026-06-29,2026-06-29-1319,not_serviceable,0,
zepto,412210,Pune,2026-06-29,2026-06-29-1319,not_serviceable,0,
zepto,412211,Pune,2026-06-29,2026-06-29-1319,not_serviceable,0,
zepto,412212,Pune,2026-06-29,2026-06-29-1319,not_serviceable,0,
zepto,412213,Pune,2026-06-29,2026-06-29-1319,not_serviceable,0,
zepto,412214,Pune,2026-06-29,2026-06-29-1319,not_serviceable,0,
zepto,412215,Pune,2026-06-29,2026-06-29-1319,not_serviceable,0,
zepto,412216,Pune,2026-06-29,2026-06-29-1319,not_serviceable,0,
zepto,412218,Pune,2026-06-29,2026-06-29-1319,not_serviceable,0,
zepto,412219,Pune,2026-06-29,2026-06-29-1319,not_serviceable,0,
zepto,412220,Pune,2026-06-29,2026-06-29-1319,price_captured,23,1193
zepto,412301,Pune,2026-06-29,2026-06-29-1319,not_serviceable,0,
zepto,412303,Pune,2026-06-29,2026-06-29-1319,not_serviceable,0,
zepto,412304,Pune,2026-06-29,2026-06-29-1319,not_serviceable,0,
zepto,412305,Pune,2026-06-29,2026-06-29-1319,not_serviceable,0,
zepto,412306,Pune,2026-06-29,2026-06-29-1319,not_serviceable,0,
zepto,412307,Pune,2026-06-29,2026-06-29-1319,price_captured,23,1617
zepto,412308,Pune,2026-06-29,2026-06-29-1319,not_serviceable,0,
zepto,412311,Pune,2026-06-29,2026-06-29-1319,not_serviceable,0,
zepto,412312,Pune,2026-06-29,2026-06-29-1319,not_serviceable,0,
zepto,412401,Pune,2026-06-29,2026-06-29-1319,not_serviceable,0,
zepto,412402,Pune,2026-06-29,2026-06-29-1319,not_serviceable,0,
zepto,412403,Pune,2026-06-29,2026-06-29-1319,not_serviceable,0,
zepto,412404,Pune,2026-06-29,2026-06-29-1319,not_serviceable,0,
zepto,412405,Pune,2026-06-29,2026-06-29-1319,not_serviceable,0,
zepto,412406,Pune,2026-06-29,2026-06-29-1319,not_serviceable,0,
zepto,412408,Pune,2026-06-29,2026-06-29-1319,not_serviceable,0,
zepto,412409,Pune,2026-06-29,2026-06-29-1319,not_serviceable,0,
zepto,412410,Pune,2026-06-29,2026-06-29-1319,not_serviceable,0,
zepto,412411,Pune,2026-06-29,2026-06-29-1319,not_serviceable,0,
zepto,412412,Pune,2026-06-29,2026-06-29-1319,not_serviceable,0,
zepto,413102,Pune,2026-06-29,2026-06-29-1319,not_serviceable,0,
zepto,413103,Pune,2026-06-29,2026-06-29-1319,not_serviceable,0,
zepto,413104,Pune,2026-06-29,2026-06-29-1319,not_serviceable,0,
zepto,413105,Pune,2026-06-29,2026-06-29-1319,not_serviceable,0,
zepto,413106,Pune,2026-06-29,2026-06-29-1319,not_serviceable,0,
zepto,413110,Pune,2026-06-29,2026-06-29-1319,not_serviceable,0,
zepto,413114,Pune,2026-06-29,2026-06-29-1319,not_serviceable,0,
zepto,413115,Pune,2026-06-29,2026-06-29-1319,not_serviceable,0,
zepto,413116,Pune,2026-06-29,2026-06-29-1319,not_serviceable,0,
zepto,413120,Pune,2026-06-29,2026-06-29-1319,not_serviceable,0,
zepto,413130,Pune,2026-06-29,2026-06-29-1319,not_serviceable,0,
zepto,413132,Pune,2026-06-29,2026-06-29-1319,not_serviceable,0,
zepto,413133,Pune,2026-06-29,2026-06-29-1319,not_serviceable,0,
zepto,413211,Pune,2026-06-29,2026-06-29-1319,not_serviceable,0,
zepto,413801,Pune,2026-06-29,2026-06-29-1319,not_serviceable,0,
zepto,413802,Pune,2026-06-29,2026-06-29-1319,not_serviceable,0,
zepto,363423,Ahmedabad,2026-06-29,2026-06-29-1319,not_serviceable,0,
zepto,380001,Ahmedabad,2026-06-29,2026-06-29-1319,price_captured,23,1617
zepto,380002,Ahmedabad,2026-06-29,2026-06-29-1319,not_serviceable,0,
zepto,380003,Ahmedabad,2026-06-29,2026-06-29-1319,price_captured,23,1193
zepto,380004,Ahmedabad,2026-06-29,2026-06-29-1319,price_captured,46,1617
zepto,380005,Ahmedabad,2026-06-29,2026-06-29-1319,price_captured,23,1617
zepto,380006,Ahmedabad,2026-06-29,2026-06-29-1319,price_captured,46,1617
zepto,380007,Ahmedabad,2026-06-29,2026-06-29-1319,price_captured,23,1617
zepto,380008,Ahmedabad,2026-06-29,2026-06-29-1319,not_serviceable,0,
zepto,380009,Ahmedabad,2026-06-29,2026-06-29-1319,price_captured,23,1193
zepto,380013,Ahmedabad,2026-06-29,2026-06-29-1319,price_captured,23,1617
zepto,380014,Ahmedabad,2026-06-29,2026-06-29-1319,price_captured,23,1193
zepto,380015,Ahmedabad,2026-06-29,2026-06-29-1319,not_serviceable,0,
zepto,380016,Ahmedabad,2026-06-29,2026-06-29-1319,not_serviceable,0,
zepto,380018,Ahmedabad,2026-06-29,2026-06-29-1319,not_serviceable,0,
zepto,380019,Ahmedabad,2026-06-29,2026-06-29-1319,price_captured,23,1617
zepto,380021,Ahmedabad,2026-06-29,2026-06-29-1319,not_serviceable,0,
zepto,380022,Ahmedabad,2026-06-29,2026-06-29-1319,price_captured,23,1193
zepto,380023,Ahmedabad,2026-06-29,2026-06-29-1319,not_serviceable,0,
zepto,380024,Ahmedabad,2026-06-29,2026-06-29-1319,not_serviceable,0,
zepto,380026,Ahmedabad,2026-06-29,2026-06-29-1319,price_captured,23,1617
zepto,380027,Ahmedabad,2026-06-29,2026-06-29-1319,price_captured,23,1617
zepto,380028,Ahmedabad,2026-06-29,2026-06-29-1319,not_serviceable,0,
zepto,380049,Ahmedabad,2026-06-29,2026-06-29-1319,price_captured,23,1617
zepto,380050,Ahmedabad,2026-06-29,2026-06-29-1319,price_captured,23,1617
zepto,380051,Ahmedabad,2026-06-29,2026-06-29-1319,price_captured,46,1193
zepto,380052,Ahmedabad,2026-06-29,2026-06-29-1319,price_captured,23,1617
zepto,380054,Ahmedabad,2026-06-29,2026-06-29-1319,price_captured,23,1193
zepto,380055,Ahmedabad,2026-06-29,2026-06-29-1319,price_captured,23,1193
zepto,380058,Ahmedabad,2026-06-29,2026-06-29-1319,price_captured,46,1617
zepto,380059,Ahmedabad,2026-06-29,2026-06-29-1319,price_captured,23,1617
zepto,380060,Ahmedabad,2026-06-29,2026-06-29-1319,not_serviceable,0,
zepto,380061,Ahmedabad,2026-06-29,2026-06-29-1319,price_captured,46,1617
zepto,380063,Ahmedabad,2026-06-29,2026-06-29-1319,price_captured,46,1617
zepto,382110,Ahmedabad,2026-06-29,2026-06-29-1319,not_serviceable,0,
zepto,382115,Ahmedabad,2026-06-29,2026-06-29-1319,not_serviceable,0,
zepto,382120,Ahmedabad,2026-06-29,2026-06-29-1319,not_serviceable,0,
zepto,382130,Ahmedabad,2026-06-29,2026-06-29-1319,not_serviceable,0,
zepto,382140,Ahmedabad,2026-06-29,2026-06-29-1319,not_serviceable,0,
zepto,382145,Ahmedabad,2026-06-29,2026-06-29-1319,not_serviceable,0,
zepto,382150,Ahmedabad,2026-06-29,2026-06-29-1319,not_serviceable,0,
zepto,382170,Ahmedabad,2026-06-29,2026-06-29-1319,not_serviceable,0,
zepto,382210,Ahmedabad,2026-06-29,2026-06-29-1319,not_serviceable,0,
zepto,382213,Ahmedabad,2026-06-29,2026-06-29-1319,not_serviceable,0,
zepto,382220,Ahmedabad,2026-06-29,2026-06-29-1319,not_serviceable,0,
zepto,382225,Ahmedabad,2026-06-29,2026-06-29-1319,not_serviceable,0,
zepto,382230,Ahmedabad,2026-06-29,2026-06-29-1319,not_serviceable,0,
zepto,382240,Ahmedabad,2026-06-29,2026-06-29-1319,not_serviceable,0,
zepto,382245,Ahmedabad,2026-06-29,2026-06-29-1319,not_serviceable,0,
zepto,382250,Ahmedabad,2026-06-29,2026-06-29-1319,not_serviceable,0,
zepto,382260,Ahmedabad,2026-06-29,2026-06-29-1319,not_serviceable,0,
zepto,382265,Ahmedabad,2026-06-29,2026-06-29-1319,not_serviceable,0,
zepto,382308,Ahmedabad,2026-06-29,2026-06-29-1319,not_serviceable,0,
zepto,382330,Ahmedabad,2026-06-29,2026-06-29-1319,not_serviceable,0,
zepto,382340,Ahmedabad,2026-06-29,2026-06-29-1319,not_serviceable,0,
zepto,382345,Ahmedabad,2026-06-29,2026-06-29-1319,not_serviceable,0,
zepto,382350,Ahmedabad,2026-06-29,2026-06-29-1319,price_captured,22,1193
zepto,382405,Ahmedabad,2026-06-29,2026-06-29-1319,not_serviceable,0,
zepto,382415,Ahmedabad,2026-06-29,2026-06-29-1319,not_serviceable,0,
zepto,382418,Ahmedabad,2026-06-29,2026-06-29-1319,price_captured,23,1193
zepto,382421,Ahmedabad,2026-06-29,2026-06-29-1319,not_serviceable,0,
zepto,382424,Ahmedabad,2026-06-29,2026-06-29-1319,price_captured,23,1617
zepto,382425,Ahmedabad,2026-06-29,2026-06-29-1319,not_serviceable,0,
zepto,382427,Ahmedabad,2026-06-29,2026-06-29-1319,not_serviceable,0,
zepto,382428,Ahmedabad,2026-06-29,2026-06-29-1319,not_serviceable,0,
zepto,382430,Ahmedabad,2026-06-29,2026-06-29-1319,not_serviceable,0,
zepto,382433,Ahmedabad,2026-06-29,2026-06-29-1319,not_serviceable,0,
zepto,382435,Ahmedabad,2026-06-29,2026-06-29-1319,not_serviceable,0,
zepto,382443,Ahmedabad,2026-06-29,2026-06-29-1319,not_serviceable,0,
zepto,382445,Ahmedabad,2026-06-29,2026-06-29-1319,not_serviceable,0,
zepto,382449,Ahmedabad,2026-06-29,2026-06-29-1319,not_serviceable,0,
zepto,382450,Ahmedabad,2026-06-29,2026-06-29-1319,not_serviceable,0,
zepto,382455,Ahmedabad,2026-06-29,2026-06-29-1319,not_serviceable,0,
zepto,382460,Ahmedabad,2026-06-29,2026-06-29-1319,not_serviceable,0,
zepto,382463,Ahmedabad,2026-06-29,2026-06-29-1319,not_serviceable,0,
zepto,382465,Ahmedabad,2026-06-29,2026-06-29-1319,not_serviceable,0,
zepto,382470,Ahmedabad,2026-06-29,2026-06-29-1319,not_serviceable,0,
zepto,382475,Ahmedabad,2026-06-29,2026-06-29-1319,not_serviceable,0,
zepto,382480,Ahmedabad,2026-06-29,2026-06-29-1319,price_captured,23,1617
zepto,382481,Ahmedabad,2026-06-29,2026-06-29-1319,price_captured,23,1193
zepto,382722,Ahmedabad,2026-06-29,2026-06-29-1319,not_serviceable,0,
zepto,700001,Kolkata,2026-06-29,2026-06-29-1319,price_captured,23,1617
zepto,700002,Kolkata,2026-06-29,2026-06-29-1319,price_captured,23,1617
zepto,700003,Kolkata,2026-06-29,2026-06-29-1319,price_captured,23,1350
zepto,700004,Kolkata,2026-06-29,2026-06-29-1319,price_captured,23,1350
zepto,700005,Kolkata,2026-06-29,2026-06-29-1319,price_captured,46,1350
zepto,700006,Kolkata,2026-06-29,2026-06-29-1319,price_captured,46,1350
zepto,700007,Kolkata,2026-06-29,2026-06-29-1319,price_captured,23,1617
zepto,700008,Kolkata,2026-06-29,2026-06-29-1319,price_captured,23,1617
zepto,700009,Kolkata,2026-06-29,2026-06-29-1319,not_serviceable,0,
zepto,700010,Kolkata,2026-06-29,2026-06-29-1319,not_serviceable,0,
zepto,700011,Kolkata,2026-06-29,2026-06-29-1319,not_serviceable,0,
zepto,700012,Kolkata,2026-06-29,2026-06-29-1319,not_serviceable,0,
zepto,700013,Kolkata,2026-06-29,2026-06-29-1319,price_captured,23,1617
zepto,700014,Kolkata,2026-06-29,2026-06-29-1319,not_serviceable,0,
zepto,700015,Kolkata,2026-06-29,2026-06-29-1319,price_captured,23,1617
zepto,700016,Kolkata,2026-06-29,2026-06-29-1319,price_captured,23,1617
zepto,700017,Kolkata,2026-06-29,2026-06-29-1319,not_serviceable,0,
zepto,700018,Kolkata,2026-06-29,2026-06-29-1319,not_serviceable,0,
zepto,700019,Kolkata,2026-06-29,2026-06-29-1319,price_captured,23,1617
zepto,700020,Kolkata,2026-06-29,2026-06-29-1319,price_captured,23,1617
zepto,700021,Kolkata,2026-06-29,2026-06-29-1319,not_serviceable,0,
zepto,700022,Kolkata,2026-06-29,2026-06-29-1319,not_serviceable,0,
zepto,700023,Kolkata,2026-06-29,2026-06-29-1319,not_serviceable,0,
zepto,700024,Kolkata,2026-06-29,2026-06-29-1319,not_serviceable,0,
zepto,700025,Kolkata,2026-06-29,2026-06-29-1319,price_captured,23,1617
zepto,700026,Kolkata,2026-06-29,2026-06-29-1319,price_captured,23,1617
zepto,700027,Kolkata,2026-06-29,2026-06-29-1319,price_captured,23,1617
zepto,700029,Kolkata,2026-06-29,2026-06-29-1319,price_captured,23,1617
zepto,700030,Kolkata,2026-06-29,2026-06-29-1319,price_captured,23,1193
zepto,700031,Kolkata,2026-06-29,2026-06-29-1319,price_captured,23,1617
zepto,700032,Kolkata,2026-06-29,2026-06-29-1319,price_captured,23,1617
zepto,700033,Kolkata,2026-06-29,2026-06-29-1319,price_captured,23,1617
zepto,700034,Kolkata,2026-06-29,2026-06-29-1319,price_captured,23,1617
zepto,700037,Kolkata,2026-06-29,2026-06-29-1319,not_serviceable,0,
zepto,700038,Kolkata,2026-06-29,2026-06-29-1319,price_captured,23,1617
zepto,700039,Kolkata,2026-06-29,2026-06-29-1319,not_serviceable,0,
zepto,700040,Kolkata,2026-06-29,2026-06-29-1319,price_captured,46,1617
zepto,700041,Kolkata,2026-06-29,2026-06-29-1319,price_captured,23,1617
zepto,700042,Kolkata,2026-06-29,2026-06-29-1319,price_captured,23,1617
zepto,700043,Kolkata,2026-06-29,2026-06-29-1319,price_captured,23,1617
zepto,700044,Kolkata,2026-06-29,2026-06-29-1319,not_serviceable,0,
zepto,700045,Kolkata,2026-06-29,2026-06-29-1319,price_captured,23,1617
zepto,700046,Kolkata,2026-06-29,2026-06-29-1319,not_serviceable,0,
zepto,700047,Kolkata,2026-06-29,2026-06-29-1319,price_captured,23,1617
zepto,700050,Kolkata,2026-06-29,2026-06-29-1319,price_captured,23,1617
zepto,700053,Kolkata,2026-06-29,2026-06-29-1319,price_captured,46,1617
zepto,700054,Kolkata,2026-06-29,2026-06-29-1319,not_serviceable,0,
zepto,700060,Kolkata,2026-06-29,2026-06-29-1319,not_serviceable,0,
zepto,700061,Kolkata,2026-06-29,2026-06-29-1319,price_captured,23,1617
zepto,700062,Kolkata,2026-06-29,2026-06-29-1319,not_serviceable,0,
zepto,700063,Kolkata,2026-06-29,2026-06-29-1319,price_captured,23,1193
zepto,700066,Kolkata,2026-06-29,2026-06-29-1319,not_serviceable,0,
zepto,700067,Kolkata,2026-06-29,2026-06-29-1319,price_captured,46,1350
zepto,700068,Kolkata,2026-06-29,2026-06-29-1319,price_captured,23,1617
zepto,700069,Kolkata,2026-06-29,2026-06-29-1319,not_serviceable,0,
zepto,700070,Kolkata,2026-06-29,2026-06-29-1319,not_serviceable,0,
zepto,700071,Kolkata,2026-06-29,2026-06-29-1319,price_captured,23,1617
zepto,700072,Kolkata,2026-06-29,2026-06-29-1319,price_captured,23,1617
zepto,700073,Kolkata,2026-06-29,2026-06-29-1319,not_serviceable,0,
zepto,700075,Kolkata,2026-06-29,2026-06-29-1319,price_captured,23,1193
zepto,700078,Kolkata,2026-06-29,2026-06-29-1319,price_captured,23,1617
zepto,700082,Kolkata,2026-06-29,2026-06-29-1319,price_captured,23,1617
zepto,700085,Kolkata,2026-06-29,2026-06-29-1319,not_serviceable,0,
zepto,700086,Kolkata,2026-06-29,2026-06-29-1319,price_captured,23,1617
zepto,700087,Kolkata,2026-06-29,2026-06-29-1319,price_captured,23,1617
zepto,700088,Kolkata,2026-06-29,2026-06-29-1319,price_captured,23,1617
zepto,700092,Kolkata,2026-06-29,2026-06-29-1319,price_captured,23,1617
zepto,700094,Kolkata,2026-06-29,2026-06-29-1319,price_captured,23,1617
zepto,700095,Kolkata,2026-06-29,2026-06-29-1319,price_captured,23,1617
zepto,700099,Kolkata,2026-06-29,2026-06-29-1319,price_captured,23,1617
zepto,700100,Kolkata,2026-06-29,2026-06-29-1319,not_serviceable,0,
zepto,700105,Kolkata,2026-06-29,2026-06-29-1319,not_serviceable,0,
zepto,700107,Kolkata,2026-06-29,2026-06-29-1319,price_captured,23,1617
zepto,900099,Kolkata,2026-06-29,2026-06-29-1319,not_serviceable,0,
zepto,394101,Surat,2026-06-29,2026-06-29-1319,price_captured,23,1193
zepto,394105,Surat,2026-06-29,2026-06-29-1319,not_serviceable,0,
zepto,394107,Surat,2026-06-29,2026-06-29-1319,not_serviceable,0,
zepto,394110,Surat,2026-06-29,2026-06-29-1319,not_serviceable,0,
zepto,394111,Surat,2026-06-29,2026-06-29-1319,price_captured,23,1193
zepto,394112,Surat,2026-06-29,2026-06-29-1319,not_serviceable,0,
zepto,394120,Surat,2026-06-29,2026-06-29-1319,not_serviceable,0,
zepto,394125,Surat,2026-06-29,2026-06-29-1319,not_serviceable,0,
zepto,394130,Surat,2026-06-29,2026-06-29-1319,not_serviceable,0,
zepto,394140,Surat,2026-06-29,2026-06-29-1319,not_serviceable,0,
zepto,394150,Surat,2026-06-29,2026-06-29-1319,not_serviceable,0,
zepto,394155,Surat,2026-06-29,2026-06-29-1319,not_serviceable,0,
zepto,394160,Surat,2026-06-29,2026-06-29-1319,not_serviceable,0,
zepto,394163,Surat,2026-06-29,2026-06-29-1319,not_serviceable,0,
zepto,394170,Surat,2026-06-29,2026-06-29-1319,not_serviceable,0,
zepto,394180,Surat,2026-06-29,2026-06-29-1319,not_serviceable,0,
zepto,394185,Surat,2026-06-29,2026-06-29-1319,not_serviceable,0,
zepto,394190,Surat,2026-06-29,2026-06-29-1319,not_serviceable,0,
zepto,394210,Surat,2026-06-29,2026-06-29-1319,not_serviceable,0,
zepto,394221,Surat,2026-06-29,2026-06-29-1319,not_serviceable,0,
zepto,394230,Surat,2026-06-29,2026-06-29-1319,price_captured,23,1617
zepto,394235,Surat,2026-06-29,2026-06-29-1319,not_serviceable,0,
zepto,394240,Surat,2026-06-29,2026-06-29-1319,not_serviceable,0,
zepto,394245,Surat,2026-06-29,2026-06-29-1319,not_serviceable,0,
zepto,394246,Surat,2026-06-29,2026-06-29-1319,not_serviceable,0,
zepto,394248,Surat,2026-06-29,2026-06-29-1319,not_serviceable,0,
zepto,394250,Surat,2026-06-29,2026-06-29-1319,not_serviceable,0,
zepto,394270,Surat,2026-06-29,2026-06-29-1319,not_serviceable,0,
zepto,394305,Surat,2026-06-29,2026-06-29-1319,not_serviceable,0,
zepto,394310,Surat,2026-06-29,2026-06-29-1319,not_serviceable,0,
zepto,394315,Surat,2026-06-29,2026-06-29-1319,not_serviceable,0,
zepto,394317,Surat,2026-06-29,2026-06-29-1319,not_serviceable,0,
zepto,394320,Surat,2026-06-29,2026-06-29-1319,not_serviceable,0,
zepto,394325,Surat,2026-06-29,2026-06-29-1319,not_serviceable,0,
zepto,394326,Surat,2026-06-29,2026-06-29-1319,not_serviceable,0,
zepto,394327,Surat,2026-06-29,2026-06-29-1319,not_serviceable,0,
zepto,394330,Surat,2026-06-29,2026-06-29-1319,not_serviceable,0,
zepto,394335,Surat,2026-06-29,2026-06-29-1319,not_serviceable,0,
zepto,394340,Surat,2026-06-29,2026-06-29-1319,price_captured,23,1617
zepto,394345,Surat,2026-06-29,2026-06-29-1319,not_serviceable,0,
zepto,394350,Surat,2026-06-29,2026-06-29-1319,not_serviceable,0,
zepto,394352,Surat,2026-06-29,2026-06-29-1319,not_serviceable,0,
zepto,394355,Surat,2026-06-29,2026-06-29-1319,not_serviceable,0,
zepto,394360,Surat,2026-06-29,2026-06-29-1319,not_serviceable,0,
zepto,394405,Surat,2026-06-29,2026-06-29-1319,not_serviceable,0,
zepto,394410,Surat,2026-06-29,2026-06-29-1319,not_serviceable,0,
zepto,394421,Surat,2026-06-29,2026-06-29-1319,not_serviceable,0,
zepto,394430,Surat,2026-06-29,2026-06-29-1319,not_serviceable,0,
zepto,394440,Surat,2026-06-29,2026-06-29-1319,not_serviceable,0,
zepto,394445,Surat,2026-06-29,2026-06-29-1319,not_serviceable,0,
zepto,394510,Surat,2026-06-29,2026-06-29-1319,price_captured,23,1617
zepto,394515,Surat,2026-06-29,2026-06-29-1319,not_serviceable,0,
zepto,394516,Surat,2026-06-29,2026-06-29-1319,price_captured,23,1617
zepto,394517,Surat,2026-06-29,2026-06-29-1319,not_serviceable,0,
zepto,394518,Surat,2026-06-29,2026-06-29-1319,price_captured,23,1617
zepto,394520,Surat,2026-06-29,2026-06-29-1319,not_serviceable,0,
zepto,394530,Surat,2026-06-29,2026-06-29-1319,not_serviceable,0,
zepto,394540,Surat,2026-06-29,2026-06-29-1319,not_serviceable,0,
zepto,394541,Surat,2026-06-29,2026-06-29-1319,not_serviceable,0,
zepto,394550,Surat,2026-06-29,2026-06-29-1319,not_serviceable,0,
zepto,394601,Surat,2026-06-29,2026-06-29-1319,not_serviceable,0,
zepto,394620,Surat,2026-06-29,2026-06-29-1319,not_serviceable,0,
zepto,394651,Surat,2026-06-29,2026-06-29-1319,not_serviceable,0,
zepto,395001,Surat,2026-06-29,2026-06-29-1319,not_serviceable,0,
zepto,395002,Surat,2026-06-29,2026-06-29-1319,price_captured,23,1617
zepto,395003,Surat,2026-06-29,2026-06-29-1319,not_serviceable,0,
zepto,395004,Surat,2026-06-29,2026-06-29-1319,not_serviceable,0,
zepto,395005,Surat,2026-06-29,2026-06-29-1319,not_serviceable,0,
zepto,395006,Surat,2026-06-29,2026-06-29-1319,not_serviceable,0,
zepto,395007,Surat,2026-06-29,2026-06-29-1319,not_serviceable,0,
zepto,395008,Surat,2026-06-29,2026-06-29-1319,price_captured,23,1617
zepto,395009,Surat,2026-06-29,2026-06-29-1319,price_captured,23,1617
zepto,395010,Surat,2026-06-29,2026-06-29-1319,not_serviceable,0,
zepto,395011,Surat,2026-06-29,2026-06-29-1319,price_captured,23,1617
zepto,395012,Surat,2026-06-29,2026-06-29-1319,price_captured,23,1617
zepto,395013,Surat,2026-06-29,2026-06-29-1319,not_serviceable,0,
zepto,395017,Surat,2026-06-29,2026-06-29-1319,not_serviceable,0,
zepto,395023,Surat,2026-06-29,2026-06-29-1319,not_serviceable,0,
zepto,396510,Surat,2026-06-29,2026-06-29-1319,not_serviceable,0,
zepto,201008,Noida,2026-06-29,2026-06-29-1319,not_serviceable,0,
zepto,201009,Noida,2026-06-29,2026-06-29-1319,price_captured,46,1193
zepto,201301,Noida,2026-06-29,2026-06-29-1319,not_serviceable,0,
zepto,201302,Noida,2026-06-29,2026-06-29-1319,price_captured,23,1219
zepto,201303,Noida,2026-06-29,2026-06-29-1319,not_serviceable,0,
zepto,201304,Noida,2026-06-29,2026-06-29-1319,not_serviceable,0,
zepto,201305,Noida,2026-06-29,2026-06-29-1319,not_serviceable,0,
zepto,201306,Noida,2026-06-29,2026-06-29-1319,price_captured,23,1195
zepto,201307,Noida,2026-06-29,2026-06-29-1319,price_captured,23,1195
zepto,201309,Noida,2026-06-29,2026-06-29-1319,price_captured,23,1211
zepto,201310,Noida,2026-06-29,2026-06-29-1319,price_captured,23,1617
zepto,201311,Noida,2026-06-29,2026-06-29-1319,not_serviceable,0,
zepto,201312,Noida,2026-06-29,2026-06-29-1319,not_serviceable,0,
zepto,201313,Noida,2026-06-29,2026-06-29-1319,not_serviceable,0,
zepto,201314,Noida,2026-06-29,2026-06-29-1319,not_serviceable,0,
zepto,201315,Noida,2026-06-29,2026-06-29-1319,not_serviceable,0,
zepto,201316,Noida,2026-06-29,2026-06-29-1319,not_serviceable,0,
zepto,201317,Noida,2026-06-29,2026-06-29-1319,not_serviceable,0,
zepto,201318,Noida,2026-06-29,2026-06-29-1319,price_captured,23,1195
zepto,203135,Noida,2026-06-29,2026-06-29-1319,not_serviceable,0,
zepto,203141,Noida,2026-06-29,2026-06-29-1319,not_serviceable,0,
zepto,203155,Noida,2026-06-29,2026-06-29-1319,not_serviceable,0,
zepto,203201,Noida,2026-06-29,2026-06-29-1319,not_serviceable,0,
zepto,203202,Noida,2026-06-29,2026-06-29-1319,not_serviceable,0,
zepto,203203,Noida,2026-06-29,2026-06-29-1319,not_serviceable,0,
zepto,203207,Noida,2026-06-29,2026-06-29-1319,not_serviceable,0,
zepto,203209,Noida,2026-06-29,2026-06-29-1319,not_serviceable,0,
zepto,212652,Noida,2026-06-29,2026-06-29-1319,not_serviceable,0,
zepto,122001,Gurugram,2026-06-29,2026-06-29-1319,price_captured,23,1193
zepto,122002,Gurugram,2026-06-29,2026-06-29-1319,price_captured,23,1193
zepto,122003,Gurugram,2026-06-29,2026-06-29-1319,price_captured,23,1193
zepto,122004,Gurugram,2026-06-29,2026-06-29-1319,price_captured,23,1193
zepto,122005,Gurugram,2026-06-29,2026-06-29-1319,price_captured,23,1193
zepto,122006,Gurugram,2026-06-29,2026-06-29-1319,price_captured,46,1193
zepto,122007,Gurugram,2026-06-29,2026-06-29-1319,price_captured,23,1193
zepto,122008,Gurugram,2026-06-29,2026-06-29-1319,price_captured,23,1193
zepto,122009,Gurugram,2026-06-29,2026-06-29-1319,not_serviceable,0,
zepto,122010,Gurugram,2026-06-29,2026-06-29-1319,price_captured,46,1193
zepto,122011,Gurugram,2026-06-29,2026-06-29-1319,price_captured,23,1193
zepto,122012,Gurugram,2026-06-29,2026-06-29-1319,not_serviceable,0,
zepto,122015,Gurugram,2026-06-29,2026-06-29-1319,price_captured,23,1193
zepto,122016,Gurugram,2026-06-29,2026-06-29-1319,price_captured,23,1193
zepto,122017,Gurugram,2026-06-29,2026-06-29-1319,price_captured,23,1193
zepto,122018,Gurugram,2026-06-29,2026-06-29-1319,price_captured,23,1193
zepto,122051,Gurugram,2026-06-29,2026-06-29-1319,price_captured,23,1193
zepto,122052,Gurugram,2026-06-29,2026-06-29-1319,not_serviceable,0,
zepto,122098,Gurugram,2026-06-29,2026-06-29-1319,price_captured,23,1193
zepto,122101,Gurugram,2026-06-29,2026-06-29-1319,price_captured,46,1193
zepto,122102,Gurugram,2026-06-29,2026-06-29-1319,not_serviceable,0,
zepto,122103,Gurugram,2026-06-29,2026-06-29-1319,price_captured,23,1193
zepto,122413,Gurugram,2026-06-29,2026-06-29-1319,not_serviceable,0,
zepto,122414,Gurugram,2026-06-29,2026-06-29-1319,not_serviceable,0,
zepto,122502,Gurugram,2026-06-29,2026-06-29-1319,not_serviceable,0,
zepto,122503,Gurugram,2026-06-29,2026-06-29-1319,not_serviceable,0,
zepto,122504,Gurugram,2026-06-29,2026-06-29-1319,price_captured,23,1193
zepto,122505,Gurugram,2026-06-29,2026-06-29-1319,price_captured,23,1193
zepto,122506,Gurugram,2026-06-29,2026-06-29-1319,not_serviceable,0,
zepto,302001,Jaipur,2026-06-29,2026-06-29-1319,price_captured,23,1617
zepto,302002,Jaipur,2026-06-29,2026-06-29-1319,not_serviceable,0,
zepto,302003,Jaipur,2026-06-29,2026-06-29-1319,price_captured,23,1617
zepto,302004,Jaipur,2026-06-29,2026-06-29-1319,price_captured,23,1617
zepto,302005,Jaipur,2026-06-29,2026-06-29-1319,price_captured,23,1193
zepto,302006,Jaipur,2026-06-29,2026-06-29-1319,not_serviceable,0,
zepto,302012,Jaipur,2026-06-29,2026-06-29-1319,not_serviceable,0,
zepto,302013,Jaipur,2026-06-29,2026-06-29-1319,not_serviceable,0,
zepto,302015,Jaipur,2026-06-29,2026-06-29-1319,not_serviceable,0,
zepto,302016,Jaipur,2026-06-29,2026-06-29-1319,price_captured,23,1617
zepto,302017,Jaipur,2026-06-29,2026-06-29-1319,price_captured,46,1531
zepto,302018,Jaipur,2026-06-29,2026-06-29-1319,price_captured,46,1499
zepto,302019,Jaipur,2026-06-29,2026-06-29-1319,price_captured,23,1193
zepto,302020,Jaipur,2026-06-29,2026-06-29-1319,price_captured,46,1499
zepto,302021,Jaipur,2026-06-29,2026-06-29-1319,price_captured,46,1617
zepto,302022,Jaipur,2026-06-29,2026-06-29-1319,price_captured,23,1617
zepto,302026,Jaipur,2026-06-29,2026-06-29-1319,not_serviceable,0,
zepto,302027,Jaipur,2026-06-29,2026-06-29-1319,not_serviceable,0,
zepto,302028,Jaipur,2026-06-29,2026-06-29-1319,not_serviceable,0,
zepto,302029,Jaipur,2026-06-29,2026-06-29-1319,not_serviceable,0,
zepto,302031,Jaipur,2026-06-29,2026-06-29-1319,not_serviceable,0,
zepto,302033,Jaipur,2026-06-29,2026-06-29-1319,price_captured,23,1499
zepto,302034,Jaipur,2026-06-29,2026-06-29-1319,price_captured,23,1193
zepto,302036,Jaipur,2026-06-29,2026-06-29-1319,price_captured,23,1617
zepto,302037,Jaipur,2026-06-29,2026-06-29-1319,price_captured,23,1617
zepto,302038,Jaipur,2026-06-29,2026-06-29-1319,not_serviceable,0,
zepto,302039,Jaipur,2026-06-29,2026-06-29-1319,price_captured,23,1617
zepto,302040,Jaipur,2026-06-29,2026-06-29-1319,not_serviceable,0,
zepto,302041,Jaipur,2026-06-29,2026-06-29-1319,price_captured,23,1617
zepto,302042,Jaipur,2026-06-29,2026-06-29-1319,not_serviceable,0,
zepto,302043,Jaipur,2026-06-29,2026-06-29-1319,not_serviceable,0,
zepto,302044,Jaipur,2026-06-29,2026-06-29-1319,price_captured,23,1193
zepto,302045,Jaipur,2026-06-29,2026-06-29-1319,not_serviceable,0,
zepto,302046,Jaipur,2026-06-29,2026-06-29-1319,price_captured,23,1617
zepto,303001,Jaipur,2026-06-29,2026-06-29-1319,not_serviceable,0,
zepto,303002,Jaipur,2026-06-29,2026-06-29-1319,not_serviceable,0,
zepto,303003,Jaipur,2026-06-29,2026-06-29-1319,not_serviceable,0,
zepto,303005,Jaipur,2026-06-29,2026-06-29-1319,not_serviceable,0,
zepto,303006,Jaipur,2026-06-29,2026-06-29-1319,not_serviceable,0,
zepto,303007,Jaipur,2026-06-29,2026-06-29-1319,not_serviceable,0,
zepto,303008,Jaipur,2026-06-29,2026-06-29-1319,not_serviceable,0,
zepto,303009,Jaipur,2026-06-29,2026-06-29-1319,not_serviceable,0,
zepto,303012,Jaipur,2026-06-29,2026-06-29-1319,not_serviceable,0,
zepto,303102,Jaipur,2026-06-29,2026-06-29-1319,not_serviceable,0,
zepto,303103,Jaipur,2026-06-29,2026-06-29-1319,not_serviceable,0,
zepto,303104,Jaipur,2026-06-29,2026-06-29-1319,price_captured,23,1617
zepto,303105,Jaipur,2026-06-29,2026-06-29-1319,not_serviceable,0,
zepto,303106,Jaipur,2026-06-29,2026-06-29-1319,not_serviceable,0,
zepto,303107,Jaipur,2026-06-29,2026-06-29-1319,not_serviceable,0,
zepto,303108,Jaipur,2026-06-29,2026-06-29-1319,not_serviceable,0,
zepto,303109,Jaipur,2026-06-29,2026-06-29-1319,not_serviceable,0,
zepto,303110,Jaipur,2026-06-29,2026-06-29-1319,not_serviceable,0,
zepto,303119,Jaipur,2026-06-29,2026-06-29-1319,not_serviceable,0,
zepto,303120,Jaipur,2026-06-29,2026-06-29-1319,not_serviceable,0,
zepto,303121,Jaipur,2026-06-29,2026-06-29-1319,price_captured,23,1193
zepto,303122,Jaipur,2026-06-29,2026-06-29-1319,price_captured,23,1193
zepto,303123,Jaipur,2026-06-29,2026-06-29-1319,not_serviceable,0,
zepto,303124,Jaipur,2026-06-29,2026-06-29-1319,not_serviceable,0,
zepto,303301,Jaipur,2026-06-29,2026-06-29-1319,not_serviceable,0,
zepto,303305,Jaipur,2026-06-29,2026-06-29-1319,not_serviceable,0,
zepto,303328,Jaipur,2026-06-29,2026-06-29-1319,not_serviceable,0,
zepto,303329,Jaipur,2026-06-29,2026-06-29-1319,not_serviceable,0,
zepto,303338,Jaipur,2026-06-29,2026-06-29-1319,not_serviceable,0,
zepto,303348,Jaipur,2026-06-29,2026-06-29-1319,not_serviceable,0,
zepto,303601,Jaipur,2026-06-29,2026-06-29-1319,not_serviceable,0,
zepto,303602,Jaipur,2026-06-29,2026-06-29-1319,price_captured,23,1617
zepto,303603,Jaipur,2026-06-29,2026-06-29-1319,not_serviceable,0,
zepto,303604,Jaipur,2026-06-29,2026-06-29-1319,not_serviceable,0,
zepto,303701,Jaipur,2026-06-29,2026-06-29-1319,not_serviceable,0,
zepto,303702,Jaipur,2026-06-29,2026-06-29-1319,not_serviceable,0,
zepto,303704,Jaipur,2026-06-29,2026-06-29-1319,not_serviceable,0,
zepto,303706,Jaipur,2026-06-29,2026-06-29-1319,not_serviceable,0,
zepto,303712,Jaipur,2026-06-29,2026-06-29-1319,not_serviceable,0,
zepto,303801,Jaipur,2026-06-29,2026-06-29-1319,not_serviceable,0,
zepto,303803,Jaipur,2026-06-29,2026-06-29-1319,not_serviceable,0,
zepto,303804,Jaipur,2026-06-29,2026-06-29-1319,not_serviceable,0,
zepto,303805,Jaipur,2026-06-29,2026-06-29-1319,not_serviceable,0,
zepto,303806,Jaipur,2026-06-29,2026-06-29-1319,not_serviceable,0,
zepto,303807,Jaipur,2026-06-29,2026-06-29-1319,not_serviceable,0,
zepto,303901,Jaipur,2026-06-29,2026-06-29-1319,not_serviceable,0,
zepto,303903,Jaipur,2026-06-29,2026-06-29-1319,not_serviceable,0,
zepto,303904,Jaipur,2026-06-29,2026-06-29-1319,not_serviceable,0,
zepto,303905,Jaipur,2026-06-29,2026-06-29-1319,not_serviceable,0,
zepto,303908,Jaipur,2026-06-29,2026-06-29-1319,not_serviceable,0,
zepto,226001,Lucknow,2026-06-29,2026-06-29-1319,price_captured,23,1617
zepto,226002,Lucknow,2026-06-29,2026-06-29-1319,not_serviceable,0,
zepto,226003,Lucknow,2026-06-29,2026-06-29-1319,price_captured,23,1617
zepto,226004,Lucknow,2026-06-29,2026-06-29-1319,price_captured,23,1617
zepto,226005,Lucknow,2026-06-29,2026-06-29-1319,price_captured,23,1617
zepto,226006,Lucknow,2026-06-29,2026-06-29-1319,price_captured,23,1617
zepto,226007,Lucknow,2026-06-29,2026-06-29-1319,price_captured,23,1617
zepto,226008,Lucknow,2026-06-29,2026-06-29-1319,not_serviceable,0,
zepto,226009,Lucknow,2026-06-29,2026-06-29-1319,price_captured,23,1617
zepto,226010,Lucknow,2026-06-29,2026-06-29-1319,price_captured,23,1617
zepto,226011,Lucknow,2026-06-29,2026-06-29-1319,price_captured,23,1617
zepto,226012,Lucknow,2026-06-29,2026-06-29-1319,price_captured,23,1617
zepto,226013,Lucknow,2026-06-29,2026-06-29-1319,price_captured,23,1617
zepto,226014,Lucknow,2026-06-29,2026-06-29-1319,price_captured,23,1617
zepto,226015,Lucknow,2026-06-29,2026-06-29-1319,price_captured,23,1617
zepto,226016,Lucknow,2026-06-29,2026-06-29-1319,price_captured,23,1617
zepto,226017,Lucknow,2026-06-29,2026-06-29-1319,not_serviceable,0,
zepto,226018,Lucknow,2026-06-29,2026-06-29-1319,price_captured,23,1617
zepto,226019,Lucknow,2026-06-29,2026-06-29-1319,not_serviceable,0,
zepto,226020,Lucknow,2026-06-29,2026-06-29-1319,price_captured,23,1617
zepto,226021,Lucknow,2026-06-29,2026-06-29-1319,price_captured,23,1617
zepto,226022,Lucknow,2026-06-29,2026-06-29-1319,price_captured,23,1617
zepto,226023,Lucknow,2026-06-29,2026-06-29-1319,price_captured,23,1193
zepto,226024,Lucknow,2026-06-29,2026-06-29-1319,price_captured,23,1617
zepto,226025,Lucknow,2026-06-29,2026-06-29-1319,price_captured,23,1617
zepto,226026,Lucknow,2026-06-29,2026-06-29-1319,not_serviceable,0,
zepto,226027,Lucknow,2026-06-29,2026-06-29-1319,price_captured,23,1617
zepto,226028,Lucknow,2026-06-29,2026-06-29-1319,price_captured,23,1617
zepto,226029,Lucknow,2026-06-29,2026-06-29-1319,price_captured,23,1617
zepto,226030,Lucknow,2026-06-29,2026-06-29-1319,price_captured,23,1617
zepto,226031,Lucknow,2026-06-29,2026-06-29-1319,price_captured,23,1617
zepto,226101,Lucknow,2026-06-29,2026-06-29-1319,not_serviceable,0,
zepto,226102,Lucknow,2026-06-29,2026-06-29-1319,not_serviceable,0,
zepto,226103,Lucknow,2026-06-29,2026-06-29-1319,not_serviceable,0,
zepto,226104,Lucknow,2026-06-29,2026-06-29-1319,not_serviceable,0,
zepto,226201,Lucknow,2026-06-29,2026-06-29-1319,not_serviceable,0,
zepto,226202,Lucknow,2026-06-29,2026-06-29-1319,not_serviceable,0,
zepto,226203,Lucknow,2026-06-29,2026-06-29-1319,not_serviceable,0,
zepto,226301,Lucknow,2026-06-29,2026-06-29-1319,not_serviceable,0,
zepto,226302,Lucknow,2026-06-29,2026-06-29-1319,price_captured,23,1617
zepto,226303,Lucknow,2026-06-29,2026-06-29-1319,not_serviceable,0,
zepto,226401,Lucknow,2026-06-29,2026-06-29-1319,not_serviceable,0,
zepto,226501,Lucknow,2026-06-29,2026-06-29-1319,not_serviceable,0,
zepto,160001,Chandigarh,2026-06-29,2026-06-29-1319,price_captured,23,1193
zepto,160002,Chandigarh,2026-06-29,2026-06-29-1319,not_serviceable,0,
zepto,160003,Chandigarh,2026-06-29,2026-06-29-1319,price_captured,23,1194
zepto,160004,Chandigarh,2026-06-29,2026-06-29-1319,not_serviceable,0,
zepto,160005,Chandigarh,2026-06-29,2026-06-29-1319,not_serviceable,0,
zepto,160006,Chandigarh,2026-06-29,2026-06-29-1319,price_captured,23,1617
zepto,160009,Chandigarh,2026-06-29,2026-06-29-1319,price_captured,23,1617
zepto,160011,Chandigarh,2026-06-29,2026-06-29-1319,price_captured,46,1193
zepto,160012,Chandigarh,2026-06-29,2026-06-29-1319,price_captured,23,1617
zepto,160014,Chandigarh,2026-06-29,2026-06-29-1319,price_captured,23,1194
zepto,160015,Chandigarh,2026-06-29,2026-06-29-1319,price_captured,23,1617
zepto,160016,Chandigarh,2026-06-29,2026-06-29-1319,price_captured,23,1194
zepto,160017,Chandigarh,2026-06-29,2026-06-29-1319,price_captured,23,1617
zepto,160018,Chandigarh,2026-06-29,2026-06-29-1319,price_captured,23,1617
zepto,160019,Chandigarh,2026-06-29,2026-06-29-1319,price_captured,23,1193
zepto,160020,Chandigarh,2026-06-29,2026-06-29-1319,price_captured,23,1617
zepto,160022,Chandigarh,2026-06-29,2026-06-29-1319,price_captured,23,1617
zepto,160023,Chandigarh,2026-06-29,2026-06-29-1319,price_captured,23,1193
zepto,160025,Chandigarh,2026-06-29,2026-06-29-1319,not_serviceable,0,
zepto,160030,Chandigarh,2026-06-29,2026-06-29-1319,price_captured,46,1193
zepto,160036,Chandigarh,2026-06-29,2026-06-29-1319,price_captured,23,1194
zepto,160043,Chandigarh,2026-06-29,2026-06-29-1319,price_captured,46,1617
zepto,160047,Chandigarh,2026-06-29,2026-06-29-1319,not_serviceable,0,
zepto,160101,Chandigarh,2026-06-29,2026-06-29-1319,not_serviceable,0,
zepto,160102,Chandigarh,2026-06-29,2026-06-29-1319,not_serviceable,0,
zepto,680667,Kochi,2026-06-29,2026-06-29-1319,not_serviceable,0,
zepto,682001,Kochi,2026-06-29,2026-06-29-1319,not_serviceable,0,
zepto,682002,Kochi,2026-06-29,2026-06-29-1319,not_serviceable,0,
zepto,682003,Kochi,2026-06-29,2026-06-29-1319,not_serviceable,0,
zepto,682004,Kochi,2026-06-29,2026-06-29-1319,not_serviceable,0,
zepto,682005,Kochi,2026-06-29,2026-06-29-1319,price_captured,23,1617
zepto,682006,Kochi,2026-06-29,2026-06-29-1319,price_captured,23,1193
zepto,682007,Kochi,2026-06-29,2026-06-29-1319,not_serviceable,0,
zepto,682008,Kochi,2026-06-29,2026-06-29-1319,not_serviceable,0,
zepto,682009,Kochi,2026-06-29,2026-06-29-1319,not_serviceable,0,
zepto,682010,Kochi,2026-06-29,2026-06-29-1319,not_serviceable,0,
zepto,682011,Kochi,2026-06-29,2026-06-29-1319,price_captured,23,1193
zepto,682012,Kochi,2026-06-29,2026-06-29-1319,price_captured,23,1617
zepto,682013,Kochi,2026-06-29,2026-06-29-1319,not_serviceable,0,
zepto,682015,Kochi,2026-06-29,2026-06-29-1319,not_serviceable,0,
zepto,682016,Kochi,2026-06-29,2026-06-29-1319,price_captured,23,1617
zepto,682017,Kochi,2026-06-29,2026-06-29-1319,price_captured,23,1617
zepto,682018,Kochi,2026-06-29,2026-06-29-1319,price_captured,23,1617
zepto,682019,Kochi,2026-06-29,2026-06-29-1319,not_serviceable,0,
zepto,682020,Kochi,2026-06-29,2026-06-29-1319,not_serviceable,0,
zepto,682021,Kochi,2026-06-29,2026-06-29-1319,price_captured,23,1617
zepto,682022,Kochi,2026-06-29,2026-06-29-1319,not_serviceable,0,
zepto,682023,Kochi,2026-06-29,2026-06-29-1319,not_serviceable,0,
zepto,682024,Kochi,2026-06-29,2026-06-29-1319,price_captured,23,1617
zepto,682025,Kochi,2026-06-29,2026-06-29-1319,price_captured,23,1617
zepto,682026,Kochi,2026-06-29,2026-06-29-1319,not_serviceable,0,
zepto,682027,Kochi,2026-06-29,2026-06-29-1319,not_serviceable,0,
zepto,682028,Kochi,2026-06-29,2026-06-29-1319,price_captured,23,1617
zepto,682029,Kochi,2026-06-29,2026-06-29-1319,not_serviceable,0,
zepto,682030,Kochi,2026-06-29,2026-06-29-1319,not_serviceable,0,
zepto,682031,Kochi,2026-06-29,2026-06-29-1319,price_captured,23,1617
zepto,682032,Kochi,2026-06-29,2026-06-29-1319,price_captured,23,1617
zepto,682033,Kochi,2026-06-29,2026-06-29-1319,price_captured,23,1617
zepto,682034,Kochi,2026-06-29,2026-06-29-1319,not_serviceable,0,
zepto,682035,Kochi,2026-06-29,2026-06-29-1319,price_captured,23,1617
zepto,682036,Kochi,2026-06-29,2026-06-29-1319,not_serviceable,0,
zepto,682037,Kochi,2026-06-29,2026-06-29-1319,price_captured,23,1617
zepto,682038,Kochi,2026-06-29,2026-06-29-1319,price_captured,23,1617
zepto,682039,Kochi,2026-06-29,2026-06-29-1319,price_captured,23,1617
zepto,682040,Kochi,2026-06-29,2026-06-29-1319,not_serviceable,0,
zepto,682041,Kochi,2026-06-29,2026-06-29-1319,price_captured,23,1617
zepto,682042,Kochi,2026-06-29,2026-06-29-1319,price_captured,23,1617
zepto,682050,Kochi,2026-06-29,2026-06-29-1319,price_captured,23,1617
zepto,682051,Kochi,2026-06-29,2026-06-29-1319,price_captured,23,1193
zepto,682052,Kochi,2026-06-29,2026-06-29-1319,price_captured,23,1617
zepto,682301,Kochi,2026-06-29,2026-06-29-1319,not_serviceable,0,
zepto,682302,Kochi,2026-06-29,2026-06-29-1319,not_serviceable,0,
zepto,682303,Kochi,2026-06-29,2026-06-29-1319,not_serviceable,0,
zepto,682304,Kochi,2026-06-29,2026-06-29-1319,not_serviceable,0,
zepto,682305,Kochi,2026-06-29,2026-06-29-1319,not_serviceable,0,
zepto,682306,Kochi,2026-06-29,2026-06-29-1319,price_captured,23,1617
zepto,682307,Kochi,2026-06-29,2026-06-29-1319,not_serviceable,0,
zepto,682308,Kochi,2026-06-29,2026-06-29-1319,not_serviceable,0,
zepto,682309,Kochi,2026-06-29,2026-06-29-1319,price_captured,23,1617
zepto,682310,Kochi,2026-06-29,2026-06-29-1319,not_serviceable,0,
zepto,682311,Kochi,2026-06-29,2026-06-29-1319,not_serviceable,0,
zepto,682312,Kochi,2026-06-29,2026-06-29-1319,not_serviceable,0,
zepto,682313,Kochi,2026-06-29,2026-06-29-1319,not_serviceable,0,
zepto,682314,Kochi,2026-06-29,2026-06-29-1319,not_serviceable,0,
zepto,682315,Kochi,2026-06-29,2026-06-29-1319,not_serviceable,0,
zepto,682316,Kochi,2026-06-29,2026-06-29-1319,not_serviceable,0,
zepto,682317,Kochi,2026-06-29,2026-06-29-1319,not_serviceable,0,
zepto,682501,Kochi,2026-06-29,2026-06-29-1319,not_serviceable,0,
zepto,682502,Kochi,2026-06-29,2026-06-29-1319,not_serviceable,0,
zepto,682503,Kochi,2026-06-29,2026-06-29-1319,not_serviceable,0,
zepto,682504,Kochi,2026-06-29,2026-06-29-1319,not_serviceable,0,
zepto,682505,Kochi,2026-06-29,2026-06-29-1319,not_serviceable,0,
zepto,682506,Kochi,2026-06-29,2026-06-29-1319,price_captured,23,1617
zepto,682507,Kochi,2026-06-29,2026-06-29-1319,price_captured,23,1193
zepto,682508,Kochi,2026-06-29,2026-06-29-1319,not_serviceable,0,
zepto,682509,Kochi,2026-06-29,2026-06-29-1319,not_serviceable,0,
zepto,682511,Kochi,2026-06-29,2026-06-29-1319,price_captured,23,1617
zepto,683101,Kochi,2026-06-29,2026-06-29-1319,not_serviceable,0,
zepto,683102,Kochi,2026-06-29,2026-06-29-1319,not_serviceable,0,
zepto,683104,Kochi,2026-06-29,2026-06-29-1319,not_serviceable,0,
zepto,683105,Kochi,2026-06-29,2026-06-29-1319,not_serviceable,0,
zepto,683106,Kochi,2026-06-29,2026-06-29-1319,not_serviceable,0,
zepto,683108,Kochi,2026-06-29,2026-06-29-1319,price_captured,23,1617
zepto,683110,Kochi,2026-06-29,2026-06-29-1319,not_serviceable,0,
zepto,683111,Kochi,2026-06-29,2026-06-29-1319,price_captured,23,1193
zepto,683112,Kochi,2026-06-29,2026-06-29-1319,price_captured,23,1617
zepto,683501,Kochi,2026-06-29,2026-06-29-1319,not_serviceable,0,
zepto,683502,Kochi,2026-06-29,2026-06-29-1319,not_serviceable,0,
zepto,683503,Kochi,2026-06-29,2026-06-29-1319,price_captured,23,1617
zepto,683511,Kochi,2026-06-29,2026-06-29-1319,not_serviceable,0,
zepto,683512,Kochi,2026-06-29,2026-06-29-1319,not_serviceable,0,
zepto,683513,Kochi,2026-06-29,2026-06-29-1319,not_serviceable,0,
zepto,683514,Kochi,2026-06-29,2026-06-29-1319,not_serviceable,0,
zepto,683515,Kochi,2026-06-29,2026-06-29-1319,not_serviceable,0,
zepto,683516,Kochi,2026-06-29,2026-06-29-1319,not_serviceable,0,
zepto,683517,Kochi,2026-06-29,2026-06-29-1319,not_serviceable,0,
zepto,683518,Kochi,2026-06-29,2026-06-29-1319,not_serviceable,0,
zepto,683519,Kochi,2026-06-29,2026-06-29-1319,not_serviceable,0,
zepto,683520,Kochi,2026-06-29,2026-06-29-1319,not_serviceable,0,
zepto,683521,Kochi,2026-06-29,2026-06-29-1319,not_serviceable,0,
zepto,683522,Kochi,2026-06-29,2026-06-29-1319,not_serviceable,0,
zepto,683541,Kochi,2026-06-29,2026-06-29-1319,not_serviceable,0,
zepto,683542,Kochi,2026-06-29,2026-06-29-1319,not_serviceable,0,
zepto,683543,Kochi,2026-06-29,2026-06-29-1319,not_serviceable,0,
zepto,683544,Kochi,2026-06-29,2026-06-29-1319,not_serviceable,0,
zepto,683545,Kochi,2026-06-29,2026-06-29-1319,not_serviceable,0,
zepto,683546,Kochi,2026-06-29,2026-06-29-1319,not_serviceable,0,
zepto,683547,Kochi,2026-06-29,2026-06-29-1319,not_serviceable,0,
zepto,683548,Kochi,2026-06-29,2026-06-29-1319,not_serviceable,0,
zepto,683549,Kochi,2026-06-29,2026-06-29-1319,not_serviceable,0,
zepto,683550,Kochi,2026-06-29,2026-06-29-1319,not_serviceable,0,
zepto,683556,Kochi,2026-06-29,2026-06-29-1319,not_serviceable,0,
zepto,683561,Kochi,2026-06-29,2026-06-29-1319,not_serviceable,0,
zepto,683562,Kochi,2026-06-29,2026-06-29-1319,not_serviceable,0,
zepto,683563,Kochi,2026-06-29,2026-06-29-1319,price_captured,23,1617
zepto,683565,Kochi,2026-06-29,2026-06-29-1319,not_serviceable,0,
zepto,683571,Kochi,2026-06-29,2026-06-29-1319,not_serviceable,0,
zepto,683572,Kochi,2026-06-29,2026-06-29-1319,not_serviceable,0,
zepto,683573,Kochi,2026-06-29,2026-06-29-1319,not_serviceable,0,
zepto,683574,Kochi,2026-06-29,2026-06-29-1319,not_serviceable,0,
zepto,683575,Kochi,2026-06-29,2026-06-29-1319,not_serviceable,0,
zepto,683576,Kochi,2026-06-29,2026-06-29-1319,not_serviceable,0,
zepto,683577,Kochi,2026-06-29,2026-06-29-1319,not_serviceable,0,
zepto,683578,Kochi,2026-06-29,2026-06-29-1319,not_serviceable,0,
zepto,683579,Kochi,2026-06-29,2026-06-29-1319,not_serviceable,0,
zepto,683580,Kochi,2026-06-29,2026-06-29-1319,not_serviceable,0,
zepto,683581,Kochi,2026-06-29,2026-06-29-1319,not_serviceable,0,
zepto,683585,Kochi,2026-06-29,2026-06-29-1319,not_serviceable,0,
zepto,683587,Kochi,2026-06-29,2026-06-29-1319,not_serviceable,0,
zepto,683589,Kochi,2026-06-29,2026-06-29-1319,not_serviceable,0,
zepto,683594,Kochi,2026-06-29,2026-06-29-1319,not_serviceable,0,
zepto,686661,Kochi,2026-06-29,2026-06-29-1319,not_serviceable,0,
zepto,686662,Kochi,2026-06-29,2026-06-29-1319,not_serviceable,0,
zepto,686663,Kochi,2026-06-29,2026-06-29-1319,not_serviceable,0,
zepto,686664,Kochi,2026-06-29,2026-06-29-1319,not_serviceable,0,
zepto,686665,Kochi,2026-06-29,2026-06-29-1319,not_serviceable,0,
zepto,686666,Kochi,2026-06-29,2026-06-29-1319,not_serviceable,0,
zepto,686667,Kochi,2026-06-29,2026-06-29-1319,not_serviceable,0,
zepto,686668,Kochi,2026-06-29,2026-06-29-1319,not_serviceable,0,
zepto,686669,Kochi,2026-06-29,2026-06-29-1319,not_serviceable,0,
zepto,686670,Kochi,2026-06-29,2026-06-29-1319,not_serviceable,0,
zepto,686671,Kochi,2026-06-29,2026-06-29-1319,not_serviceable,0,
zepto,686672,Kochi,2026-06-29,2026-06-29-1319,not_serviceable,0,
zepto,686673,Kochi,2026-06-29,2026-06-29-1319,not_serviceable,0,
zepto,686681,Kochi,2026-06-29,2026-06-29-1319,not_serviceable,0,
zepto,686691,Kochi,2026-06-29,2026-06-29-1319,not_serviceable,0,
zepto,686692,Kochi,2026-06-29,2026-06-29-1319,not_serviceable,0,
zepto,686693,Kochi,2026-06-29,2026-06-29-1319,not_serviceable,0,
zepto,452001,Indore,2026-06-29,2026-06-29-1319,price_captured,23,1193
zepto,452002,Indore,2026-06-29,2026-06-29-1319,price_captured,23,1617
zepto,452003,Indore,2026-06-29,2026-06-29-1319,not_serviceable,0,
zepto,452005,Indore,2026-06-29,2026-06-29-1319,price_captured,23,1193
zepto,452006,Indore,2026-06-29,2026-06-29-1319,price_captured,23,1617
zepto,452007,Indore,2026-06-29,2026-06-29-1319,price_captured,23,1193
zepto,452009,Indore,2026-06-29,2026-06-29-1319,price_captured,23,1617
zepto,452010,Indore,2026-06-29,2026-06-29-1319,not_serviceable,0,
zepto,452011,Indore,2026-06-29,2026-06-29-1319,price_captured,23,1617
zepto,452012,Indore,2026-06-29,2026-06-29-1319,not_serviceable,0,
zepto,452013,Indore,2026-06-29,2026-06-29-1319,price_captured,23,1617
zepto,452014,Indore,2026-06-29,2026-06-29-1319,price_captured,23,1193
zepto,452015,Indore,2026-06-29,2026-06-29-1319,not_serviceable,0,
zepto,452016,Indore,2026-06-29,2026-06-29-1319,not_serviceable,0,
zepto,452018,Indore,2026-06-29,2026-06-29-1319,price_captured,23,1617
zepto,452020,Indore,2026-06-29,2026-06-29-1319,not_serviceable,0,
zepto,453001,Indore,2026-06-29,2026-06-29-1319,not_serviceable,0,
zepto,453111,Indore,2026-06-29,2026-06-29-1319,not_serviceable,0,
zepto,453112,Indore,2026-06-29,2026-06-29-1319,price_captured,23,1617
zepto,453115,Indore,2026-06-29,2026-06-29-1319,not_serviceable,0,
zepto,453220,Indore,2026-06-29,2026-06-29-1319,not_serviceable,0,
zepto,453331,Indore,2026-06-29,2026-06-29-1319,not_serviceable,0,
zepto,453441,Indore,2026-06-29,2026-06-29-1319,not_serviceable,0,
zepto,453446,Indore,2026-06-29,2026-06-29-1319,not_serviceable,0,
zepto,453551,Indore,2026-06-29,2026-06-29-1319,not_serviceable,0,
zepto,453552,Indore,2026-06-29,2026-06-29-1319,not_serviceable,0,
zepto,453555,Indore,2026-06-29,2026-06-29-1319,price_captured,23,1617
zepto,453556,Indore,2026-06-29,2026-06-29-1319,price_captured,23,1617
zepto,453661,Indore,2026-06-29,2026-06-29-1319,not_serviceable,0,
zepto,453771,Indore,2026-06-29,2026-06-29-1319,not_serviceable,0,
zepto,638459,Coimbatore,2026-06-29,2026-06-29-1319,not_serviceable,0,
zepto,641001,Coimbatore,2026-06-29,2026-06-29-1319,price_captured,23,1617
zepto,641002,Coimbatore,2026-06-29,2026-06-29-1319,price_captured,23,1617
zepto,641003,Coimbatore,2026-06-29,2026-06-29-1319,price_captured,23,1617
zepto,641004,Coimbatore,2026-06-29,2026-06-29-1319,not_serviceable,0,
zepto,641005,Coimbatore,2026-06-29,2026-06-29-1319,price_captured,23,1617
zepto,641006,Coimbatore,2026-06-29,2026-06-29-1319,price_captured,23,1617
zepto,641007,Coimbatore,2026-06-29,2026-06-29-1319,not_serviceable,0,
zepto,641008,Coimbatore,2026-06-29,2026-06-29-1319,price_captured,23,1617
zepto,641009,Coimbatore,2026-06-29,2026-06-29-1319,price_captured,23,1617
zepto,641010,Coimbatore,2026-06-29,2026-06-29-1319,not_serviceable,0,
zepto,641011,Coimbatore,2026-06-29,2026-06-29-1319,price_captured,23,1617
zepto,641012,Coimbatore,2026-06-29,2026-06-29-1319,price_captured,23,1617
zepto,641013,Coimbatore,2026-06-29,2026-06-29-1319,price_captured,23,1193
zepto,641014,Coimbatore,2026-06-29,2026-06-29-1319,not_serviceable,0,
zepto,641015,Coimbatore,2026-06-29,2026-06-29-1319,price_captured,23,1617
zepto,641016,Coimbatore,2026-06-29,2026-06-29-1319,price_captured,23,1617
zepto,641017,Coimbatore,2026-06-29,2026-06-29-1319,not_serviceable,0,
zepto,641018,Coimbatore,2026-06-29,2026-06-29-1319,price_captured,23,1617
zepto,641019,Coimbatore,2026-06-29,2026-06-29-1319,not_serviceable,0,
zepto,641020,Coimbatore,2026-06-29,2026-06-29-1319,not_serviceable,0,
zepto,641021,Coimbatore,2026-06-29,2026-06-29-1319,price_captured,23,1617
zepto,641022,Coimbatore,2026-06-29,2026-06-29-1319,not_serviceable,0,
zepto,641023,Coimbatore,2026-06-29,2026-06-29-1319,not_serviceable,0,
zepto,641024,Coimbatore,2026-06-29,2026-06-29-1319,not_serviceable,0,
zepto,641025,Coimbatore,2026-06-29,2026-06-29-1319,price_captured,23,1617
zepto,641026,Coimbatore,2026-06-29,2026-06-29-1319,price_captured,23,1617
zepto,641027,Coimbatore,2026-06-29,2026-06-29-1319,price_captured,23,1617
zepto,641028,Coimbatore,2026-06-29,2026-06-29-1319,price_captured,23,1617
zepto,641029,Coimbatore,2026-06-29,2026-06-29-1319,not_serviceable,0,
zepto,641030,Coimbatore,2026-06-29,2026-06-29-1319,price_captured,23,1617
zepto,641031,Coimbatore,2026-06-29,2026-06-29-1319,not_serviceable,0,
zepto,641032,Coimbatore,2026-06-29,2026-06-29-1319,not_serviceable,0,
zepto,641033,Coimbatore,2026-06-29,2026-06-29-1319,price_captured,23,1193
zepto,641034,Coimbatore,2026-06-29,2026-06-29-1319,not_serviceable,0,
zepto,641035,Coimbatore,2026-06-29,2026-06-29-1319,not_serviceable,0,
zepto,641036,Coimbatore,2026-06-29,2026-06-29-1319,not_serviceable,0,
zepto,641037,Coimbatore,2026-06-29,2026-06-29-1319,price_captured,23,1193
zepto,641038,Coimbatore,2026-06-29,2026-06-29-1319,price_captured,23,1617
zepto,641039,Coimbatore,2026-06-29,2026-06-29-1319,not_serviceable,0,
zepto,641040,Coimbatore,2026-06-29,2026-06-29-1319,price_captured,23,1193
zepto,641041,Coimbatore,2026-06-29,2026-06-29-1319,price_captured,23,1193
zepto,641042,Coimbatore,2026-06-29,2026-06-29-1319,not_serviceable,0,
zepto,641043,Coimbatore,2026-06-29,2026-06-29-1319,price_captured,23,1193
zepto,641044,Coimbatore,2026-06-29,2026-06-29-1319,price_captured,23,1617
zepto,641045,Coimbatore,2026-06-29,2026-06-29-1319,price_captured,23,1193
zepto,641046,Coimbatore,2026-06-29,2026-06-29-1319,not_serviceable,0,
zepto,641047,Coimbatore,2026-06-29,2026-06-29-1319,not_serviceable,0,
zepto,641048,Coimbatore,2026-06-29,2026-06-29-1319,not_serviceable,0,
zepto,641049,Coimbatore,2026-06-29,2026-06-29-1319,price_captured,23,1193
zepto,641050,Coimbatore,2026-06-29,2026-06-29-1319,not_serviceable,0,
zepto,641062,Coimbatore,2026-06-29,2026-06-29-1319,not_serviceable,0,
zepto,641101,Coimbatore,2026-06-29,2026-06-29-1319,not_serviceable,0,
zepto,641103,Coimbatore,2026-06-29,2026-06-29-1319,not_serviceable,0,
zepto,641104,Coimbatore,2026-06-29,2026-06-29-1319,not_serviceable,0,
zepto,641105,Coimbatore,2026-06-29,2026-06-29-1319,not_serviceable,0,
zepto,641107,Coimbatore,2026-06-29,2026-06-29-1319,not_serviceable,0,
zepto,641108,Coimbatore,2026-06-29,2026-06-29-1319,not_serviceable,0,
zepto,641109,Coimbatore,2026-06-29,2026-06-29-1319,not_serviceable,0,
zepto,641110,Coimbatore,2026-06-29,2026-06-29-1319,not_serviceable,0,
zepto,641111,Coimbatore,2026-06-29,2026-06-29-1319,price_captured,23,1617
zepto,641112,Coimbatore,2026-06-29,2026-06-29-1319,not_serviceable,0,
zepto,641113,Coimbatore,2026-06-29,2026-06-29-1319,not_serviceable,0,
zepto,641114,Coimbatore,2026-06-29,2026-06-29-1319,not_serviceable,0,
zepto,641201,Coimbatore,2026-06-29,2026-06-29-1319,not_serviceable,0,
zepto,641202,Coimbatore,2026-06-29,2026-06-29-1319,not_serviceable,0,
zepto,641301,Coimbatore,2026-06-29,2026-06-29-1319,not_serviceable,0,
zepto,641302,Coimbatore,2026-06-29,2026-06-29-1319,not_serviceable,0,
zepto,641305,Coimbatore,2026-06-29,2026-06-29-1319,not_serviceable,0,
zepto,641401,Coimbatore,2026-06-29,2026-06-29-1319,not_serviceable,0,
zepto,641402,Coimbatore,2026-06-29,2026-06-29-1319,not_serviceable,0,
zepto,641407,Coimbatore,2026-06-29,2026-06-29-1319,not_serviceable,0,
zepto,641653,Coimbatore,2026-06-29,2026-06-29-1319,not_serviceable,0,
zepto,641658,Coimbatore,2026-06-29,2026-06-29-1319,not_serviceable,0,
zepto,641659,Coimbatore,2026-06-29,2026-06-29-1319,not_serviceable,0,
zepto,641668,Coimbatore,2026-06-29,2026-06-29-1319,not_serviceable,0,
zepto,641669,Coimbatore,2026-06-29,2026-06-29-1319,not_serviceable,0,
zepto,641671,Coimbatore,2026-06-29,2026-06-29-1319,not_serviceable,0,
zepto,641697,Coimbatore,2026-06-29,2026-06-29-1319,not_serviceable,0,
zepto,642001,Coimbatore,2026-06-29,2026-06-29-1319,not_serviceable,0,
zepto,642002,Coimbatore,2026-06-29,2026-06-29-1319,not_serviceable,0,
zepto,642003,Coimbatore,2026-06-29,2026-06-29-1319,not_serviceable,0,
zepto,642004,Coimbatore,2026-06-29,2026-06-29-1319,not_serviceable,0,
zepto,642005,Coimbatore,2026-06-29,2026-06-29-1319,not_serviceable,0,
zepto,642006,Coimbatore,2026-06-29,2026-06-29-1319,price_captured,23,1617
zepto,642007,Coimbatore,2026-06-29,2026-06-29-1319,not_serviceable,0,
zepto,642101,Coimbatore,2026-06-29,2026-06-29-1319,not_serviceable,0,
zepto,642103,Coimbatore,2026-06-29,2026-06-29-1319,not_serviceable,0,
zepto,642104,Coimbatore,2026-06-29,2026-06-29-1319,not_serviceable,0,
zepto,642105,Coimbatore,2026-06-29,2026-06-29-1319,not_serviceable,0,
zepto,642106,Coimbatore,2026-06-29,2026-06-29-1319,not_serviceable,0,
zepto,642107,Coimbatore,2026-06-29,2026-06-29-1319,not_serviceable,0,
zepto,642108,Coimbatore,2026-06-29,2026-06-29-1319,not_serviceable,0,
zepto,642109,Coimbatore,2026-06-29,2026-06-29-1319,not_serviceable,0,
zepto,642110,Coimbatore,2026-06-29,2026-06-29-1319,not_serviceable,0,
zepto,642114,Coimbatore,2026-06-29,2026-06-29-1319,not_serviceable,0,
zepto,642117,Coimbatore,2026-06-29,2026-06-29-1319,not_serviceable,0,
zepto,642120,Coimbatore,2026-06-29,2026-06-29-1319,not_serviceable,0,
zepto,642123,Coimbatore,2026-06-29,2026-06-29-1319,not_serviceable,0,
zepto,642125,Coimbatore,2026-06-29,2026-06-29-1319,not_serviceable,0,
zepto,642127,Coimbatore,2026-06-29,2026-06-29-1319,not_serviceable,0,
zepto,642129,Coimbatore,2026-06-29,2026-06-29-1319,not_serviceable,0,
zepto,642130,Coimbatore,2026-06-29,2026-06-29-1319,not_serviceable,0,
zepto,642133,Coimbatore,2026-06-29,2026-06-29-1319,not_serviceable,0,
zepto,642134,Coimbatore,2026-06-29,2026-06-29-1319,not_serviceable,0,
zepto,642202,Coimbatore,2026-06-29,2026-06-29-1319,not_serviceable,0,
zepto,642205,Coimbatore,2026-06-29,2026-06-29-1319,not_serviceable,0,
zepto,440001,Nagpur,2026-06-29,2026-06-29-1319,price_captured,23,1617
zepto,440002,Nagpur,2026-06-29,2026-06-29-1319,not_serviceable,0,
zepto,440003,Nagpur,2026-06-29,2026-06-29-1319,price_captured,23,1617
zepto,440005,Nagpur,2026-06-29,2026-06-29-1319,not_serviceable,0,
zepto,440006,Nagpur,2026-06-29,2026-06-29-1319,price_captured,23,1193
zepto,440007,Nagpur,2026-06-29,2026-06-29-1319,not_serviceable,0,
zepto,440008,Nagpur,2026-06-29,2026-06-29-1319,price_captured,23,1617
zepto,440010,Nagpur,2026-06-29,2026-06-29-1319,price_captured,23,1193
zepto,440012,Nagpur,2026-06-29,2026-06-29-1319,price_captured,23,1617
zepto,440013,Nagpur,2026-06-29,2026-06-29-1319,price_captured,23,1617
zepto,440014,Nagpur,2026-06-29,2026-06-29-1319,price_captured,23,1193
zepto,440015,Nagpur,2026-06-29,2026-06-29-1319,not_serviceable,0,
zepto,440016,Nagpur,2026-06-29,2026-06-29-1319,not_serviceable,0,
zepto,440017,Nagpur,2026-06-29,2026-06-29-1319,price_captured,23,1617
zepto,440018,Nagpur,2026-06-29,2026-06-29-1319,price_captured,23,1617
zepto,440019,Nagpur,2026-06-29,2026-06-29-1319,not_serviceable,0,
zepto,440020,Nagpur,2026-06-29,2026-06-29-1319,price_captured,23,1617
zepto,440021,Nagpur,2026-06-29,2026-06-29-1319,price_captured,23,1617
zepto,440022,Nagpur,2026-06-29,2026-06-29-1319,price_captured,23,1617
zepto,440023,Nagpur,2026-06-29,2026-06-29-1319,not_serviceable,0,
zepto,440024,Nagpur,2026-06-29,2026-06-29-1319,price_captured,23,1617
zepto,440025,Nagpur,2026-06-29,2026-06-29-1319,price_captured,23,1193
zepto,440026,Nagpur,2026-06-29,2026-06-29-1319,not_serviceable,0,
zepto,440027,Nagpur,2026-06-29,2026-06-29-1319,price_captured,23,1617
zepto,440030,Nagpur,2026-06-29,2026-06-29-1319,not_serviceable,0,
zepto,440032,Nagpur,2026-06-29,2026-06-29-1319,price_captured,23,1193
zepto,440033,Nagpur,2026-06-29,2026-06-29-1319,price_captured,23,1617
zepto,440034,Nagpur,2026-06-29,2026-06-29-1319,price_captured,23,1193
zepto,440035,Nagpur,2026-06-29,2026-06-29-1319,not_serviceable,0,
zepto,440036,Nagpur,2026-06-29,2026-06-29-1319,not_serviceable,0,
zepto,440037,Nagpur,2026-06-29,2026-06-29-1319,price_captured,23,1193
zepto,441001,Nagpur,2026-06-29,2026-06-29-1319,not_serviceable,0,
zepto,441101,Nagpur,2026-06-29,2026-06-29-1319,not_serviceable,0,
zepto,441102,Nagpur,2026-06-29,2026-06-29-1319,not_serviceable,0,
zepto,441103,Nagpur,2026-06-29,2026-06-29-1319,not_serviceable,0,
zepto,441104,Nagpur,2026-06-29,2026-06-29-1319,not_serviceable,0,
zepto,441105,Nagpur,2026-06-29,2026-06-29-1319,not_serviceable,0,
zepto,441106,Nagpur,2026-06-29,2026-06-29-1319,not_serviceable,0,
zepto,441107,Nagpur,2026-06-29,2026-06-29-1319,not_serviceable,0,
zepto,441108,Nagpur,2026-06-29,2026-06-29-1319,not_serviceable,0,
zepto,441109,Nagpur,2026-06-29,2026-06-29-1319,not_serviceable,0,
zepto,441110,Nagpur,2026-06-29,2026-06-29-1319,not_serviceable,0,
zepto,441111,Nagpur,2026-06-29,2026-06-29-1319,not_serviceable,0,
zepto,441112,Nagpur,2026-06-29,2026-06-29-1319,not_serviceable,0,
zepto,441113,Nagpur,2026-06-29,2026-06-29-1319,not_serviceable,0,
zepto,441122,Nagpur,2026-06-29,2026-06-29-1319,not_serviceable,0,
zepto,441123,Nagpur,2026-06-29,2026-06-29-1319,price_captured,23,1617
zepto,441201,Nagpur,2026-06-29,2026-06-29-1319,not_serviceable,0,
zepto,441202,Nagpur,2026-06-29,2026-06-29-1319,not_serviceable,0,
zepto,441203,Nagpur,2026-06-29,2026-06-29-1319,not_serviceable,0,
zepto,441204,Nagpur,2026-06-29,2026-06-29-1319,not_serviceable,0,
zepto,441210,Nagpur,2026-06-29,2026-06-29-1319,not_serviceable,0,
zepto,441214,Nagpur,2026-06-29,2026-06-29-1319,not_serviceable,0,
zepto,441301,Nagpur,2026-06-29,2026-06-29-1319,not_serviceable,0,
zepto,441302,Nagpur,2026-06-29,2026-06-29-1319,not_serviceable,0,
zepto,441303,Nagpur,2026-06-29,2026-06-29-1319,not_serviceable,0,
zepto,441304,Nagpur,2026-06-29,2026-06-29-1319,not_serviceable,0,
zepto,441305,Nagpur,2026-06-29,2026-06-29-1319,not_serviceable,0,
zepto,441306,Nagpur,2026-06-29,2026-06-29-1319,not_serviceable,0,
zepto,441401,Nagpur,2026-06-29,2026-06-29-1319,not_serviceable,0,
zepto,441404,Nagpur,2026-06-29,2026-06-29-1319,not_serviceable,0,
zepto,441501,Nagpur,2026-06-29,2026-06-29-1319,not_serviceable,0,
zepto,441502,Nagpur,2026-06-29,2026-06-29-1319,not_serviceable,0,
zepto,530001,Visakhapatnam,2026-06-29,2026-06-29-1319,not_serviceable,0,
zepto,530002,Visakhapatnam,2026-06-29,2026-06-29-1319,not_serviceable,0,
zepto,530003,Visakhapatnam,2026-06-29,2026-06-29-1319,not_serviceable,0,
zepto,530004,Visakhapatnam,2026-06-29,2026-06-29-1319,not_serviceable,0,
zepto,530005,Visakhapatnam,2026-06-29,2026-06-29-1319,not_serviceable,0,
zepto,530007,Visakhapatnam,2026-06-29,2026-06-29-1319,not_serviceable,0,
zepto,530008,Visakhapatnam,2026-06-29,2026-06-29-1319,not_serviceable,0,
zepto,530009,Visakhapatnam,2026-06-29,2026-06-29-1319,not_serviceable,0,
zepto,530011,Visakhapatnam,2026-06-29,2026-06-29-1319,not_serviceable,0,
zepto,530012,Visakhapatnam,2026-06-29,2026-06-29-1319,not_serviceable,0,
zepto,530013,Visakhapatnam,2026-06-29,2026-06-29-1319,not_serviceable,0,
zepto,530014,Visakhapatnam,2026-06-29,2026-06-29-1319,not_serviceable,0,
zepto,530015,Visakhapatnam,2026-06-29,2026-06-29-1319,not_serviceable,0,
zepto,530016,Visakhapatnam,2026-06-29,2026-06-29-1319,not_serviceable,0,
zepto,530017,Visakhapatnam,2026-06-29,2026-06-29-1319,not_serviceable,0,
zepto,530018,Visakhapatnam,2026-06-29,2026-06-29-1319,not_serviceable,0,
zepto,530020,Visakhapatnam,2026-06-29,2026-06-29-1319,not_serviceable,0,
zepto,530022,Visakhapatnam,2026-06-29,2026-06-29-1319,not_serviceable,0,
zepto,530024,Visakhapatnam,2026-06-29,2026-06-29-1319,not_serviceable,0,
zepto,530026,Visakhapatnam,2026-06-29,2026-06-29-1319,not_serviceable,0,
zepto,530027,Visakhapatnam,2026-06-29,2026-06-29-1319,not_serviceable,0,
zepto,530028,Visakhapatnam,2026-06-29,2026-06-29-1319,not_serviceable,0,
zepto,530029,Visakhapatnam,2026-06-29,2026-06-29-1319,not_serviceable,0,
zepto,530031,Visakhapatnam,2026-06-29,2026-06-29-1319,not_serviceable,0,
zepto,530032,Visakhapatnam,2026-06-29,2026-06-29-1319,not_serviceable,0,
zepto,530040,Visakhapatnam,2026-06-29,2026-06-29-1319,not_serviceable,0,
zepto,530041,Visakhapatnam,2026-06-29,2026-06-29-1319,not_serviceable,0,
zepto,530043,Visakhapatnam,2026-06-29,2026-06-29-1319,not_serviceable,0,
zepto,530044,Visakhapatnam,2026-06-29,2026-06-29-1319,not_serviceable,0,
zepto,530045,Visakhapatnam,2026-06-29,2026-06-29-1319,not_serviceable,0,
zepto,530046,Visakhapatnam,2026-06-29,2026-06-29-1319,not_serviceable,0,
zepto,530047,Visakhapatnam,2026-06-29,2026-06-29-1319,not_serviceable,0,
zepto,530048,Visakhapatnam,2026-06-29,2026-06-29-1319,not_serviceable,0,
zepto,530049,Visakhapatnam,2026-06-29,2026-06-29-1319,not_serviceable,0,
zepto,530051,Visakhapatnam,2026-06-29,2026-06-29-1319,not_serviceable,0,
zepto,530052,Visakhapatnam,2026-06-29,2026-06-29-1319,not_serviceable,0,
zepto,530053,Visakhapatnam,2026-06-29,2026-06-29-1319,not_serviceable,0,
zepto,531162,Visakhapatnam,2026-06-29,2026-06-29-1319,not_serviceable,0,
zepto,531163,Visakhapatnam,2026-06-29,2026-06-29-1319,not_serviceable,0,
zepto,531173,Visakhapatnam,2026-06-29,2026-06-29-1319,not_serviceable,0,
zepto,531219,Visakhapatnam,2026-06-29,2026-06-29-1319,not_serviceable,0,
zepto,390001,Vadodara,2026-06-29,2026-06-29-1319,not_serviceable,0,
zepto,390002,Vadodara,2026-06-29,2026-06-29-1319,not_serviceable,0,
zepto,390003,Vadodara,2026-06-29,2026-06-29-1319,not_serviceable,0,
zepto,390004,Vadodara,2026-06-29,2026-06-29-1319,not_serviceable,0,
zepto,390006,Vadodara,2026-06-29,2026-06-29-1319,not_serviceable,0,
zepto,390007,Vadodara,2026-06-29,2026-06-29-1319,price_captured,23,1617
zepto,390009,Vadodara,2026-06-29,2026-06-29-1319,not_serviceable,0,
zepto,390010,Vadodara,2026-06-29,2026-06-29-1319,not_serviceable,0,
zepto,390011,Vadodara,2026-06-29,2026-06-29-1319,not_serviceable,0,
zepto,390012,Vadodara,2026-06-29,2026-06-29-1319,not_serviceable,0,
zepto,390013,Vadodara,2026-06-29,2026-06-29-1319,not_serviceable,0,
zepto,390014,Vadodara,2026-06-29,2026-06-29-1319,not_serviceable,0,
zepto,390016,Vadodara,2026-06-29,2026-06-29-1319,not_serviceable,0,
zepto,390017,Vadodara,2026-06-29,2026-06-29-1319,not_serviceable,0,
zepto,390018,Vadodara,2026-06-29,2026-06-29-1319,not_serviceable,0,
zepto,390019,Vadodara,2026-06-29,2026-06-29-1319,not_serviceable,0,
zepto,390020,Vadodara,2026-06-29,2026-06-29-1319,price_captured,23,1617
zepto,390021,Vadodara,2026-06-29,2026-06-29-1319,not_serviceable,0,
zepto,390022,Vadodara,2026-06-29,2026-06-29-1319,not_serviceable,0,
zepto,390023,Vadodara,2026-06-29,2026-06-29-1319,price_captured,23,1193
zepto,390024,Vadodara,2026-06-29,2026-06-29-1319,price_captured,23,1193
zepto,390025,Vadodara,2026-06-29,2026-06-29-1319,not_serviceable,0,
zepto,391101,Vadodara,2026-06-29,2026-06-29-1319,not_serviceable,0,
zepto,391105,Vadodara,2026-06-29,2026-06-29-1319,not_serviceable,0,
zepto,391107,Vadodara,2026-06-29,2026-06-29-1319,not_serviceable,0,
zepto,391110,Vadodara,2026-06-29,2026-06-29-1319,not_serviceable,0,
zepto,391115,Vadodara,2026-06-29,2026-06-29-1319,not_serviceable,0,
zepto,391210,Vadodara,2026-06-29,2026-06-29-1319,not_serviceable,0,
zepto,391220,Vadodara,2026-06-29,2026-06-29-1319,not_serviceable,0,
zepto,391240,Vadodara,2026-06-29,2026-06-29-1319,not_serviceable,0,
zepto,391243,Vadodara,2026-06-29,2026-06-29-1319,not_serviceable,0,
zepto,391244,Vadodara,2026-06-29,2026-06-29-1319,not_serviceable,0,
zepto,391250,Vadodara,2026-06-29,2026-06-29-1319,not_serviceable,0,
zepto,391310,Vadodara,2026-06-29,2026-06-29-1319,not_serviceable,0,
zepto,391320,Vadodara,2026-06-29,2026-06-29-1319,not_serviceable,0,
zepto,391330,Vadodara,2026-06-29,2026-06-29-1319,not_serviceable,0,
zepto,391340,Vadodara,2026-06-29,2026-06-29-1319,not_serviceable,0,
zepto,391345,Vadodara,2026-06-29,2026-06-29-1319,not_serviceable,0,
zepto,391350,Vadodara,2026-06-29,2026-06-29-1319,not_serviceable,0,
zepto,391410,Vadodara,2026-06-29,2026-06-29-1319,not_serviceable,0,
zepto,391421,Vadodara,2026-06-29,2026-06-29-1319,not_serviceable,0,
zepto,391430,Vadodara,2026-06-29,2026-06-29-1319,not_serviceable,0,
zepto,391440,Vadodara,2026-06-29,2026-06-29-1319,not_serviceable,0,
zepto,391445,Vadodara,2026-06-29,2026-06-29-1319,not_serviceable,0,
zepto,391450,Vadodara,2026-06-29,2026-06-29-1319,not_serviceable,0,
zepto,391510,Vadodara,2026-06-29,2026-06-29-1319,not_serviceable,0,
zepto,391520,Vadodara,2026-06-29,2026-06-29-1319,not_serviceable,0,
zepto,391530,Vadodara,2026-06-29,2026-06-29-1319,not_serviceable,0,
zepto,391740,Vadodara,2026-06-29,2026-06-29-1319,not_serviceable,0,
zepto,391745,Vadodara,2026-06-29,2026-06-29-1319,not_serviceable,0,
zepto,391750,Vadodara,2026-06-29,2026-06-29-1319,not_serviceable,0,
zepto,391760,Vadodara,2026-06-29,2026-06-29-1319,not_serviceable,0,
zepto,391761,Vadodara,2026-06-29,2026-06-29-1319,not_serviceable,0,
zepto,391770,Vadodara,2026-06-29,2026-06-29-1319,not_serviceable,0,
zepto,391774,Vadodara,2026-06-29,2026-06-29-1319,not_serviceable,0,
zepto,391775,Vadodara,2026-06-29,2026-06-29-1319,not_serviceable,0,
zepto,391776,Vadodara,2026-06-29,2026-06-29-1319,not_serviceable,0,
zepto,391780,Vadodara,2026-06-29,2026-06-29-1319,not_serviceable,0,
zepto,392220,Vadodara,2026-06-29,2026-06-29-1319,not_serviceable,0,
zepto,392310,Vadodara,2026-06-29,2026-06-29-1319,not_serviceable,0,
zepto,393105,Vadodara,2026-06-29,2026-06-29-1319,not_serviceable,0,
zepto,751001,Bhubaneswar,2026-06-29,2026-06-29-1319,not_serviceable,0,
zepto,751002,Bhubaneswar,2026-06-29,2026-06-29-1319,not_serviceable,0,
zepto,751003,Bhubaneswar,2026-06-29,2026-06-29-1319,not_serviceable,0,
zepto,751004,Bhubaneswar,2026-06-29,2026-06-29-1319,not_serviceable,0,
zepto,751005,Bhubaneswar,2026-06-29,2026-06-29-1319,not_serviceable,0,
zepto,751006,Bhubaneswar,2026-06-29,2026-06-29-1319,not_serviceable,0,
zepto,751007,Bhubaneswar,2026-06-29,2026-06-29-1319,not_serviceable,0,
zepto,751008,Bhubaneswar,2026-06-29,2026-06-29-1319,not_serviceable,0,
zepto,751009,Bhubaneswar,2026-06-29,2026-06-29-1319,not_serviceable,0,
zepto,751010,Bhubaneswar,2026-06-29,2026-06-29-1319,not_serviceable,0,
zepto,751011,Bhubaneswar,2026-06-29,2026-06-29-1319,not_serviceable,0,
zepto,751012,Bhubaneswar,2026-06-29,2026-06-29-1319,not_serviceable,0,
zepto,751013,Bhubaneswar,2026-06-29,2026-06-29-1319,not_serviceable,0,
zepto,751014,Bhubaneswar,2026-06-29,2026-06-29-1319,not_serviceable,0,
zepto,751015,Bhubaneswar,2026-06-29,2026-06-29-1319,not_serviceable,0,
zepto,751016,Bhubaneswar,2026-06-29,2026-06-29-1319,not_serviceable,0,
zepto,751017,Bhubaneswar,2026-06-29,2026-06-29-1319,not_serviceable,0,
zepto,751018,Bhubaneswar,2026-06-29,2026-06-29-1319,not_serviceable,0,
zepto,751019,Bhubaneswar,2026-06-29,2026-06-29-1319,not_serviceable,0,
zepto,751020,Bhubaneswar,2026-06-29,2026-06-29-1319,not_serviceable,0,
zepto,751021,Bhubaneswar,2026-06-29,2026-06-29-1319,not_serviceable,0,
zepto,751022,Bhubaneswar,2026-06-29,2026-06-29-1319,not_serviceable,0,
zepto,751023,Bhubaneswar,2026-06-29,2026-06-29-1319,not_serviceable,0,
zepto,751024,Bhubaneswar,2026-06-29,2026-06-29-1319,not_serviceable,0,
zepto,751025,Bhubaneswar,2026-06-29,2026-06-29-1319,not_serviceable,0,
zepto,751026,Bhubaneswar,2026-06-29,2026-06-29-1319,not_serviceable,0,
zepto,751027,Bhubaneswar,2026-06-29,2026-06-29-1319,not_serviceable,0,
zepto,751028,Bhubaneswar,2026-06-29,2026-06-29-1319,not_serviceable,0,
zepto,751029,Bhubaneswar,2026-06-29,2026-06-29-1319,not_serviceable,0,
zepto,751030,Bhubaneswar,2026-06-29,2026-06-29-1319,not_serviceable,0,
zepto,751031,Bhubaneswar,2026-06-29,2026-06-29-1319,not_serviceable,0,
zepto,751032,Bhubaneswar,2026-06-29,2026-06-29-1319,not_serviceable,0,
zepto,751033,Bhubaneswar,2026-06-29,2026-06-29-1319,not_serviceable,0,
zepto,751034,Bhubaneswar,2026-06-29,2026-06-29-1319,not_serviceable,0,
zepto,752018,Bhubaneswar,2026-06-29,2026-06-29-1319,not_serviceable,0,
zepto,752019,Bhubaneswar,2026-06-29,2026-06-29-1319,not_serviceable,0,
zepto,752020,Bhubaneswar,2026-06-29,2026-06-29-1319,not_serviceable,0,
zepto,752021,Bhubaneswar,2026-06-29,2026-06-29-1319,not_serviceable,0,
zepto,752022,Bhubaneswar,2026-06-29,2026-06-29-1319,not_serviceable,0,
zepto,752023,Bhubaneswar,2026-06-29,2026-06-29-1319,not_serviceable,0,
zepto,752027,Bhubaneswar,2026-06-29,2026-06-29-1319,not_serviceable,0,
zepto,752030,Bhubaneswar,2026-06-29,2026-06-29-1319,not_serviceable,0,
zepto,752031,Bhubaneswar,2026-06-29,2026-06-29-1319,not_serviceable,0,
zepto,752034,Bhubaneswar,2026-06-29,2026-06-29-1319,not_serviceable,0,
zepto,752035,Bhubaneswar,2026-06-29,2026-06-29-1319,not_serviceable,0,
zepto,752037,Bhubaneswar,2026-06-29,2026-06-29-1319,not_serviceable,0,
zepto,752038,Bhubaneswar,2026-06-29,2026-06-29-1319,not_serviceable,0,
zepto,752050,Bhubaneswar,2026-06-29,2026-06-29-1319,not_serviceable,0,
zepto,752054,Bhubaneswar,2026-06-29,2026-06-29-1319,not_serviceable,0,
zepto,752055,Bhubaneswar,2026-06-29,2026-06-29-1319,not_serviceable,0,
zepto,752056,Bhubaneswar,2026-06-29,2026-06-29-1319,not_serviceable,0,
zepto,752057,Bhubaneswar,2026-06-29,2026-06-29-1319,not_serviceable,0,
zepto,752060,Bhubaneswar,2026-06-29,2026-06-29-1319,not_serviceable,0,
zepto,752061,Bhubaneswar,2026-06-29,2026-06-29-1319,not_serviceable,0,
zepto,752062,Bhubaneswar,2026-06-29,2026-06-29-1319,not_serviceable,0,
zepto,752064,Bhubaneswar,2026-06-29,2026-06-29-1319,not_serviceable,0,
zepto,752066,Bhubaneswar,2026-06-29,2026-06-29-1319,not_serviceable,0,
zepto,752100,Bhubaneswar,2026-06-29,2026-06-29-1319,not_serviceable,0,
zepto,752101,Bhubaneswar,2026-06-29,2026-06-29-1319,not_serviceable,0,
zepto,752102,Bhubaneswar,2026-06-29,2026-06-29-1319,not_serviceable,0,
zepto,752103,Bhubaneswar,2026-06-29,2026-06-29-1319,not_serviceable,0,
zepto,752104,Bhubaneswar,2026-06-29,2026-06-29-1319,not_serviceable,0,
zepto,752106,Bhubaneswar,2026-06-29,2026-06-29-1319,not_serviceable,0,
zepto,752114,Bhubaneswar,2026-06-29,2026-06-29-1319,not_serviceable,0,
zepto,752115,Bhubaneswar,2026-06-29,2026-06-29-1319,not_serviceable,0,
zepto,754001,Bhubaneswar,2026-06-29,2026-06-29-1319,not_serviceable,0,
zepto,754004,Bhubaneswar,2026-06-29,2026-06-29-1319,not_serviceable,0,
zepto,754005,Bhubaneswar,2026-06-29,2026-06-29-1319,not_serviceable,0,
zepto,754012,Bhubaneswar,2026-06-29,2026-06-29-1319,not_serviceable,0,
zepto,422001,Nashik,2026-06-29,2026-06-29-1319,price_captured,23,1617
zepto,422002,Nashik,2026-06-29,2026-06-29-1319,not_serviceable,0,
zepto,422003,Nashik,2026-06-29,2026-06-29-1319,not_serviceable,0,
zepto,422004,Nashik,2026-06-29,2026-06-29-1319,not_serviceable,0,
zepto,422005,Nashik,2026-06-29,2026-06-29-1319,not_serviceable,0,
zepto,422006,Nashik,2026-06-29,2026-06-29-1319,price_captured,23,1617
zepto,422007,Nashik,2026-06-29,2026-06-29-1319,not_serviceable,0,
zepto,422008,Nashik,2026-06-29,2026-06-29-1319,price_captured,23,1617
zepto,422009,Nashik,2026-06-29,2026-06-29-1319,not_serviceable,0,
zepto,422010,Nashik,2026-06-29,2026-06-29-1319,not_serviceable,0,
zepto,422011,Nashik,2026-06-29,2026-06-29-1319,not_serviceable,0,
zepto,422012,Nashik,2026-06-29,2026-06-29-1319,not_serviceable,0,
zepto,422013,Nashik,2026-06-29,2026-06-29-1319,price_captured,23,1617
zepto,422101,Nashik,2026-06-29,2026-06-29-1319,not_serviceable,0,
zepto,422102,Nashik,2026-06-29,2026-06-29-1319,not_serviceable,0,
zepto,422103,Nashik,2026-06-29,2026-06-29-1319,not_serviceable,0,
zepto,422104,Nashik,2026-06-29,2026-06-29-1319,not_serviceable,0,
zepto,422105,Nashik,2026-06-29,2026-06-29-1319,price_captured,23,1193
zepto,422112,Nashik,2026-06-29,2026-06-29-1319,not_serviceable,0,
zepto,422113,Nashik,2026-06-29,2026-06-29-1319,not_serviceable,0,
zepto,422201,Nashik,2026-06-29,2026-06-29-1319,not_serviceable,0,
zepto,422202,Nashik,2026-06-29,2026-06-29-1319,not_serviceable,0,
zepto,422203,Nashik,2026-06-29,2026-06-29-1319,not_serviceable,0,
zepto,422204,Nashik,2026-06-29,2026-06-29-1319,not_serviceable,0,
zepto,422205,Nashik,2026-06-29,2026-06-29-1319,not_serviceable,0,
zepto,422206,Nashik,2026-06-29,2026-06-29-1319,not_serviceable,0,
zepto,422207,Nashik,2026-06-29,2026-06-29-1319,not_serviceable,0,
zepto,422208,Nashik,2026-06-29,2026-06-29-1319,not_serviceable,0,
zepto,422209,Nashik,2026-06-29,2026-06-29-1319,not_serviceable,0,
zepto,422210,Nashik,2026-06-29,2026-06-29-1319,not_serviceable,0,
zepto,422211,Nashik,2026-06-29,2026-06-29-1319,not_serviceable,0,
zepto,422212,Nashik,2026-06-29,2026-06-29-1319,not_serviceable,0,
zepto,422213,Nashik,2026-06-29,2026-06-29-1319,not_serviceable,0,
zepto,422214,Nashik,2026-06-29,2026-06-29-1319,not_serviceable,0,
zepto,422215,Nashik,2026-06-29,2026-06-29-1319,not_serviceable,0,
zepto,422221,Nashik,2026-06-29,2026-06-29-1319,not_serviceable,0,
zepto,422222,Nashik,2026-06-29,2026-06-29-1319,not_serviceable,0,
zepto,422301,Nashik,2026-06-29,2026-06-29-1319,not_serviceable,0,
zepto,422302,Nashik,2026-06-29,2026-06-29-1319,not_serviceable,0,
zepto,422303,Nashik,2026-06-29,2026-06-29-1319,not_serviceable,0,
zepto,422304,Nashik,2026-06-29,2026-06-29-1319,not_serviceable,0,
zepto,422305,Nashik,2026-06-29,2026-06-29-1319,not_serviceable,0,
zepto,422306,Nashik,2026-06-29,2026-06-29-1319,not_serviceable,0,
zepto,422308,Nashik,2026-06-29,2026-06-29-1319,not_serviceable,0,
zepto,422401,Nashik,2026-06-29,2026-06-29-1319,not_serviceable,0,
zepto,422402,Nashik,2026-06-29,2026-06-29-1319,not_serviceable,0,
zepto,422403,Nashik,2026-06-29,2026-06-29-1319,not_serviceable,0,
zepto,422501,Nashik,2026-06-29,2026-06-29-1319,price_captured,23,1193
zepto,422502,Nashik,2026-06-29,2026-06-29-1319,not_serviceable,0,
zepto,422606,Nashik,2026-06-29,2026-06-29-1319,not_serviceable,0,
zepto,423101,Nashik,2026-06-29,2026-06-29-1319,not_serviceable,0,
zepto,423102,Nashik,2026-06-29,2026-06-29-1319,not_serviceable,0,
zepto,423104,Nashik,2026-06-29,2026-06-29-1319,not_serviceable,0,
zepto,423105,Nashik,2026-06-29,2026-06-29-1319,not_serviceable,0,
zepto,423106,Nashik,2026-06-29,2026-06-29-1319,not_serviceable,0,
zepto,423108,Nashik,2026-06-29,2026-06-29-1319,not_serviceable,0,
zepto,423110,Nashik,2026-06-29,2026-06-29-1319,not_serviceable,0,
zepto,423111,Nashik,2026-06-29,2026-06-29-1319,not_serviceable,0,
zepto,423117,Nashik,2026-06-29,2026-06-29-1319,not_serviceable,0,
zepto,423201,Nashik,2026-06-29,2026-06-29-1319,not_serviceable,0,
zepto,423202,Nashik,2026-06-29,2026-06-29-1319,not_serviceable,0,
zepto,423203,Nashik,2026-06-29,2026-06-29-1319,not_serviceable,0,
zepto,423204,Nashik,2026-06-29,2026-06-29-1319,not_serviceable,0,
zepto,423205,Nashik,2026-06-29,2026-06-29-1319,not_serviceable,0,
zepto,423206,Nashik,2026-06-29,2026-06-29-1319,not_serviceable,0,
zepto,423208,Nashik,2026-06-29,2026-06-29-1319,not_serviceable,0,
zepto,423212,Nashik,2026-06-29,2026-06-29-1319,not_serviceable,0,
zepto,423213,Nashik,2026-06-29,2026-06-29-1319,not_serviceable,0,
zepto,423301,Nashik,2026-06-29,2026-06-29-1319,not_serviceable,0,
zepto,423302,Nashik,2026-06-29,2026-06-29-1319,not_serviceable,0,
zepto,423303,Nashik,2026-06-29,2026-06-29-1319,not_serviceable,0,
zepto,423401,Nashik,2026-06-29,2026-06-29-1319,not_serviceable,0,
zepto,423402,Nashik,2026-06-29,2026-06-29-1319,not_serviceable,0,
zepto,423403,Nashik,2026-06-29,2026-06-29-1319,not_serviceable,0,
zepto,423501,Nashik,2026-06-29,2026-06-29-1319,not_serviceable,0,
zepto,423502,Nashik,2026-06-29,2026-06-29-1319,not_serviceable,0,
zepto,424109,Nashik,2026-06-29,2026-06-29-1319,not_serviceable,0,
zepto,570001,Mysuru,2026-06-29,2026-06-29-1319,price_captured,23,1617
zepto,570002,Mysuru,2026-06-29,2026-06-29-1319,price_captured,23,1617
zepto,570003,Mysuru,2026-06-29,2026-06-29-1319,not_serviceable,0,
zepto,570004,Mysuru,2026-06-29,2026-06-29-1319,price_captured,23,1617
zepto,570005,Mysuru,2026-06-29,2026-06-29-1319,price_captured,23,1617
zepto,570006,Mysuru,2026-06-29,2026-06-29-1319,price_captured,23,1617
zepto,570007,Mysuru,2026-06-29,2026-06-29-1319,price_captured,23,1617
zepto,570008,Mysuru,2026-06-29,2026-06-29-1319,not_serviceable,0,
zepto,570009,Mysuru,2026-06-29,2026-06-29-1319,price_captured,23,1617
zepto,570010,Mysuru,2026-06-29,2026-06-29-1319,price_captured,23,1617
zepto,570011,Mysuru,2026-06-29,2026-06-29-1319,price_captured,23,1617
zepto,570012,Mysuru,2026-06-29,2026-06-29-1319,price_captured,23,1617
zepto,570014,Mysuru,2026-06-29,2026-06-29-1319,price_captured,23,1617
zepto,570015,Mysuru,2026-06-29,2026-06-29-1319,price_captured,23,1617
zepto,570016,Mysuru,2026-06-29,2026-06-29-1319,price_captured,46,1617
zepto,570017,Mysuru,2026-06-29,2026-06-29-1319,price_captured,23,1617
zepto,570018,Mysuru,2026-06-29,2026-06-29-1319,not_serviceable,0,
zepto,570019,Mysuru,2026-06-29,2026-06-29-1319,price_captured,23,1193
zepto,570020,Mysuru,2026-06-29,2026-06-29-1319,price_captured,23,1617
zepto,570022,Mysuru,2026-06-29,2026-06-29-1319,price_captured,23,1617
zepto,570023,Mysuru,2026-06-29,2026-06-29-1319,price_captured,23,1617
zepto,570025,Mysuru,2026-06-29,2026-06-29-1319,not_serviceable,0,
zepto,570026,Mysuru,2026-06-29,2026-06-29-1319,price_captured,46,1617
zepto,570027,Mysuru,2026-06-29,2026-06-29-1319,not_serviceable,0,
zepto,570028,Mysuru,2026-06-29,2026-06-29-1319,price_captured,23,1193
zepto,570029,Mysuru,2026-06-29,2026-06-29-1319,price_captured,23,1617
zepto,570030,Mysuru,2026-06-29,2026-06-29-1319,price_captured,23,1617
zepto,570031,Mysuru,2026-06-29,2026-06-29-1319,price_captured,23,1617
zepto,570032,Mysuru,2026-06-29,2026-06-29-1319,price_captured,23,1617
zepto,570033,Mysuru,2026-06-29,2026-06-29-1319,not_serviceable,0,
zepto,570034,Mysuru,2026-06-29,2026-06-29-1319,price_captured,23,1193
zepto,571101,Mysuru,2026-06-29,2026-06-29-1319,not_serviceable,0,
zepto,571102,Mysuru,2026-06-29,2026-06-29-1319,not_serviceable,0,
zepto,571103,Mysuru,2026-06-29,2026-06-29-1319,not_serviceable,0,
zepto,571104,Mysuru,2026-06-29,2026-06-29-1319,not_serviceable,0,
zepto,571105,Mysuru,2026-06-29,2026-06-29-1319,not_serviceable,0,
zepto,571106,Mysuru,2026-06-29,2026-06-29-1319,price_captured,23,1617
zepto,571107,Mysuru,2026-06-29,2026-06-29-1319,not_serviceable,0,
zepto,571108,Mysuru,2026-06-29,2026-06-29-1319,not_serviceable,0,
zepto,571110,Mysuru,2026-06-29,2026-06-29-1319,not_serviceable,0,
zepto,571114,Mysuru,2026-06-29,2026-06-29-1319,price_captured,23,1617
zepto,571116,Mysuru,2026-06-29,2026-06-29-1319,not_serviceable,0,
zepto,571118,Mysuru,2026-06-29,2026-06-29-1319,not_serviceable,0,
zepto,571119,Mysuru,2026-06-29,2026-06-29-1319,not_serviceable,0,
zepto,571120,Mysuru,2026-06-29,2026-06-29-1319,not_serviceable,0,
zepto,571121,Mysuru,2026-06-29,2026-06-29-1319,not_serviceable,0,
zepto,571122,Mysuru,2026-06-29,2026-06-29-1319,not_serviceable,0,
zepto,571124,Mysuru,2026-06-29,2026-06-29-1319,not_serviceable,0,
zepto,571125,Mysuru,2026-06-29,2026-06-29-1319,not_serviceable,0,
zepto,571129,Mysuru,2026-06-29,2026-06-29-1319,not_serviceable,0,
zepto,571130,Mysuru,2026-06-29,2026-06-29-1319,not_serviceable,0,
zepto,571134,Mysuru,2026-06-29,2026-06-29-1319,not_serviceable,0,
zepto,571187,Mysuru,2026-06-29,2026-06-29-1319,not_serviceable,0,
zepto,571189,Mysuru,2026-06-29,2026-06-29-1319,not_serviceable,0,
zepto,571301,Mysuru,2026-06-29,2026-06-29-1319,not_serviceable,0,
zepto,571302,Mysuru,2026-06-29,2026-06-29-1319,not_serviceable,0,
zepto,571311,Mysuru,2026-06-29,2026-06-29-1319,not_serviceable,0,
zepto,571312,Mysuru,2026-06-29,2026-06-29-1319,not_serviceable,0,
zepto,571314,Mysuru,2026-06-29,2026-06-29-1319,not_serviceable,0,
zepto,571315,Mysuru,2026-06-29,2026-06-29-1319,price_captured,23,1617
zepto,571316,Mysuru,2026-06-29,2026-06-29-1319,not_serviceable,0,
zepto,571442,Mysuru,2026-06-29,2026-06-29-1319,not_serviceable,0,
zepto,571601,Mysuru,2026-06-29,2026-06-29-1319,not_serviceable,0,
zepto,571602,Mysuru,2026-06-29,2026-06-29-1319,not_serviceable,0,
zepto,571603,Mysuru,2026-06-29,2026-06-29-1319,not_serviceable,0,
zepto,571604,Mysuru,2026-06-29,2026-06-29-1319,price_captured,23,1617
zepto,571610,Mysuru,2026-06-29,2026-06-29-1319,not_serviceable,0,
zepto,571617,Mysuru,2026-06-29,2026-06-29-1319,not_serviceable,0,
zepto,509132,Vijayawada,2026-06-29,2026-06-29-1319,not_serviceable,0,
zepto,520001,Vijayawada,2026-06-29,2026-06-29-1319,not_serviceable,0,
zepto,520002,Vijayawada,2026-06-29,2026-06-29-1319,price_captured,23,1617
zepto,520003,Vijayawada,2026-06-29,2026-06-29-1319,not_serviceable,0,
zepto,520004,Vijayawada,2026-06-29,2026-06-29-1319,not_serviceable,0,
zepto,520007,Vijayawada,2026-06-29,2026-06-29-1319,not_serviceable,0,
zepto,520008,Vijayawada,2026-06-29,2026-06-29-1319,price_captured,23,1617
zepto,520010,Vijayawada,2026-06-29,2026-06-29-1319,not_serviceable,0,
zepto,520011,Vijayawada,2026-06-29,2026-06-29-1319,not_serviceable,0,
zepto,520012,Vijayawada,2026-06-29,2026-06-29-1319,not_serviceable,0,
zepto,520013,Vijayawada,2026-06-29,2026-06-29-1319,not_serviceable,0,
zepto,520015,Vijayawada,2026-06-29,2026-06-29-1319,price_captured,23,1193
zepto,521101,Vijayawada,2026-06-29,2026-06-29-1319,not_serviceable,0,
zepto,521102,Vijayawada,2026-06-29,2026-06-29-1319,not_serviceable,0,
zepto,521104,Vijayawada,2026-06-29,2026-06-29-1319,not_serviceable,0,
zepto,521107,Vijayawada,2026-06-29,2026-06-29-1319,not_serviceable,0,
zepto,521108,Vijayawada,2026-06-29,2026-06-29-1319,price_captured,23,1617
zepto,521109,Vijayawada,2026-06-29,2026-06-29-1319,not_serviceable,0,
zepto,521110,Vijayawada,2026-06-29,2026-06-29-1319,not_serviceable,0,
zepto,521134,Vijayawada,2026-06-29,2026-06-29-1319,not_serviceable,0,
zepto,521137,Vijayawada,2026-06-29,2026-06-29-1319,not_serviceable,0,
zepto,521139,Vijayawada,2026-06-29,2026-06-29-1319,not_serviceable,0,
zepto,521151,Vijayawada,2026-06-29,2026-06-29-1319,not_serviceable,0,
zepto,521153,Vijayawada,2026-06-29,2026-06-29-1319,not_serviceable,0,
zepto,521163,Vijayawada,2026-06-29,2026-06-29-1319,not_serviceable,0,
zepto,521164,Vijayawada,2026-06-29,2026-06-29-1319,not_serviceable,0,
zepto,521165,Vijayawada,2026-06-29,2026-06-29-1319,not_serviceable,0,
zepto,521170,Vijayawada,2026-06-29,2026-06-29-1319,not_serviceable,0,
zepto,521175,Vijayawada,2026-06-29,2026-06-29-1319,not_serviceable,0,
zepto,521178,Vijayawada,2026-06-29,2026-06-29-1319,not_serviceable,0,
zepto,521180,Vijayawada,2026-06-29,2026-06-29-1319,not_serviceable,0,
zepto,521181,Vijayawada,2026-06-29,2026-06-29-1319,not_serviceable,0,
zepto,521182,Vijayawada,2026-06-29,2026-06-29-1319,not_serviceable,0,
zepto,521183,Vijayawada,2026-06-29,2026-06-29-1319,not_serviceable,0,
zepto,521184,Vijayawada,2026-06-29,2026-06-29-1319,not_serviceable,0,
zepto,521185,Vijayawada,2026-06-29,2026-06-29-1319,not_serviceable,0,
zepto,521190,Vijayawada,2026-06-29,2026-06-29-1319,not_serviceable,0,
zepto,521211,Vijayawada,2026-06-29,2026-06-29-1319,not_serviceable,0,
zepto,521212,Vijayawada,2026-06-29,2026-06-29-1319,not_serviceable,0,
zepto,521225,Vijayawada,2026-06-29,2026-06-29-1319,price_captured,23,1617
zepto,521226,Vijayawada,2026-06-29,2026-06-29-1319,not_serviceable,0,
zepto,521227,Vijayawada,2026-06-29,2026-06-29-1319,not_serviceable,0,
zepto,521228,Vijayawada,2026-06-29,2026-06-29-1319,not_serviceable,0,
zepto,521229,Vijayawada,2026-06-29,2026-06-29-1319,not_serviceable,0,
zepto,521230,Vijayawada,2026-06-29,2026-06-29-1319,not_serviceable,0,
zepto,521231,Vijayawada,2026-06-29,2026-06-29-1319,not_serviceable,0,
zepto,521235,Vijayawada,2026-06-29,2026-06-29-1319,not_serviceable,0,
zepto,521241,Vijayawada,2026-06-29,2026-06-29-1319,not_serviceable,0,
zepto,521245,Vijayawada,2026-06-29,2026-06-29-1319,not_serviceable,0,
zepto,521246,Vijayawada,2026-06-29,2026-06-29-1319,not_serviceable,0,
zepto,521247,Vijayawada,2026-06-29,2026-06-29-1319,not_serviceable,0,
zepto,521250,Vijayawada,2026-06-29,2026-06-29-1319,not_serviceable,0,
zepto,521256,Vijayawada,2026-06-29,2026-06-29-1319,not_serviceable,0,
zepto,521286,Vijayawada,2026-06-29,2026-06-29-1319,not_serviceable,0,
zepto,521401,Vijayawada,2026-06-29,2026-06-29-1319,not_serviceable,0,
zepto,521402,Vijayawada,2026-06-29,2026-06-29-1319,not_serviceable,0,
zepto,521403,Vijayawada,2026-06-29,2026-06-29-1319,not_serviceable,0,
zepto,521456,Vijayawada,2026-06-29,2026-06-29-1319,not_serviceable,0,
zepto,521457,Vijayawada,2026-06-29,2026-06-29-1319,not_serviceable,0,
zepto,695001,Thiruvananthapuram,2026-06-29,2026-06-29-1319,not_serviceable,0,
zepto,695002,Thiruvananthapuram,2026-06-29,2026-06-29-1319,not_serviceable,0,
zepto,695003,Thiruvananthapuram,2026-06-29,2026-06-29-1319,not_serviceable,0,
zepto,695004,Thiruvananthapuram,2026-06-29,2026-06-29-1319,not_serviceable,0,
zepto,695005,Thiruvananthapuram,2026-06-29,2026-06-29-1319,not_serviceable,0,
zepto,695006,Thiruvananthapuram,2026-06-29,2026-06-29-1319,not_serviceable,0,
zepto,695007,Thiruvananthapuram,2026-06-29,2026-06-29-1319,not_serviceable,0,
zepto,695008,Thiruvananthapuram,2026-06-29,2026-06-29-1319,not_serviceable,0,
zepto,695009,Thiruvananthapuram,2026-06-29,2026-06-29-1319,not_serviceable,0,
zepto,695010,Thiruvananthapuram,2026-06-29,2026-06-29-1319,not_serviceable,0,
zepto,695011,Thiruvananthapuram,2026-06-29,2026-06-29-1319,not_serviceable,0,
zepto,695012,Thiruvananthapuram,2026-06-29,2026-06-29-1319,not_serviceable,0,
zepto,695013,Thiruvananthapuram,2026-06-29,2026-06-29-1319,not_serviceable,0,
zepto,695014,Thiruvananthapuram,2026-06-29,2026-06-29-1319,not_serviceable,0,
zepto,695015,Thiruvananthapuram,2026-06-29,2026-06-29-1319,not_serviceable,0,
zepto,695016,Thiruvananthapuram,2026-06-29,2026-06-29-1319,not_serviceable,0,
zepto,695017,Thiruvananthapuram,2026-06-29,2026-06-29-1319,not_serviceable,0,
zepto,695018,Thiruvananthapuram,2026-06-29,2026-06-29-1319,not_serviceable,0,
zepto,695019,Thiruvananthapuram,2026-06-29,2026-06-29-1319,not_serviceable,0,
zepto,695020,Thiruvananthapuram,2026-06-29,2026-06-29-1319,not_serviceable,0,
zepto,695021,Thiruvananthapuram,2026-06-29,2026-06-29-1319,not_serviceable,0,
zepto,695022,Thiruvananthapuram,2026-06-29,2026-06-29-1319,not_serviceable,0,
zepto,695023,Thiruvananthapuram,2026-06-29,2026-06-29-1319,not_serviceable,0,
zepto,695024,Thiruvananthapuram,2026-06-29,2026-06-29-1319,not_serviceable,0,
zepto,695025,Thiruvananthapuram,2026-06-29,2026-06-29-1319,not_serviceable,0,
zepto,695026,Thiruvananthapuram,2026-06-29,2026-06-29-1319,not_serviceable,0,
zepto,695027,Thiruvananthapuram,2026-06-29,2026-06-29-1319,not_serviceable,0,
zepto,695028,Thiruvananthapuram,2026-06-29,2026-06-29-1319,not_serviceable,0,
zepto,695029,Thiruvananthapuram,2026-06-29,2026-06-29-1319,not_serviceable,0,
zepto,695030,Thiruvananthapuram,2026-06-29,2026-06-29-1319,not_serviceable,0,
zepto,695032,Thiruvananthapuram,2026-06-29,2026-06-29-1319,not_serviceable,0,
zepto,695033,Thiruvananthapuram,2026-06-29,2026-06-29-1319,not_serviceable,0,
zepto,695034,Thiruvananthapuram,2026-06-29,2026-06-29-1319,not_serviceable,0,
zepto,695035,Thiruvananthapuram,2026-06-29,2026-06-29-1319,not_serviceable,0,
zepto,695036,Thiruvananthapuram,2026-06-29,2026-06-29-1319,not_serviceable,0,
zepto,695038,Thiruvananthapuram,2026-06-29,2026-06-29-1319,not_serviceable,0,
zepto,695040,Thiruvananthapuram,2026-06-29,2026-06-29-1319,not_serviceable,0,
zepto,695042,Thiruvananthapuram,2026-06-29,2026-06-29-1319,not_serviceable,0,
zepto,695043,Thiruvananthapuram,2026-06-29,2026-06-29-1319,not_serviceable,0,
zepto,695051,Thiruvananthapuram,2026-06-29,2026-06-29-1319,not_serviceable,0,
zepto,695099,Thiruvananthapuram,2026-06-29,2026-06-29-1319,not_serviceable,0,
zepto,695101,Thiruvananthapuram,2026-06-29,2026-06-29-1319,not_serviceable,0,
zepto,695102,Thiruvananthapuram,2026-06-29,2026-06-29-1319,not_serviceable,0,
zepto,695103,Thiruvananthapuram,2026-06-29,2026-06-29-1319,not_serviceable,0,
zepto,695104,Thiruvananthapuram,2026-06-29,2026-06-29-1319,not_serviceable,0,
zepto,695121,Thiruvananthapuram,2026-06-29,2026-06-29-1319,not_serviceable,0,
zepto,695122,Thiruvananthapuram,2026-06-29,2026-06-29-1319,not_serviceable,0,
zepto,695123,Thiruvananthapuram,2026-06-29,2026-06-29-1319,not_serviceable,0,
zepto,695124,Thiruvananthapuram,2026-06-29,2026-06-29-1319,not_serviceable,0,
zepto,695125,Thiruvananthapuram,2026-06-29,2026-06-29-1319,not_serviceable,0,
zepto,695126,Thiruvananthapuram,2026-06-29,2026-06-29-1319,not_serviceable,0,
zepto,695132,Thiruvananthapuram,2026-06-29,2026-06-29-1319,not_serviceable,0,
zepto,695133,Thiruvananthapuram,2026-06-29,2026-06-29-1319,not_serviceable,0,
zepto,695134,Thiruvananthapuram,2026-06-29,2026-06-29-1319,not_serviceable,0,
zepto,695141,Thiruvananthapuram,2026-06-29,2026-06-29-1319,not_serviceable,0,
zepto,695142,Thiruvananthapuram,2026-06-29,2026-06-29-1319,not_serviceable,0,
zepto,695143,Thiruvananthapuram,2026-06-29,2026-06-29-1319,not_serviceable,0,
zepto,695144,Thiruvananthapuram,2026-06-29,2026-06-29-1319,not_serviceable,0,
zepto,695145,Thiruvananthapuram,2026-06-29,2026-06-29-1319,not_serviceable,0,
zepto,695146,Thiruvananthapuram,2026-06-29,2026-06-29-1319,not_serviceable,0,
zepto,695301,Thiruvananthapuram,2026-06-29,2026-06-29-1319,not_serviceable,0,
zepto,695302,Thiruvananthapuram,2026-06-29,2026-06-29-1319,not_serviceable,0,
zepto,695303,Thiruvananthapuram,2026-06-29,2026-06-29-1319,not_serviceable,0,
zepto,695304,Thiruvananthapuram,2026-06-29,2026-06-29-1319,not_serviceable,0,
zepto,695305,Thiruvananthapuram,2026-06-29,2026-06-29-1319,not_serviceable,0,
zepto,695306,Thiruvananthapuram,2026-06-29,2026-06-29-1319,not_serviceable,0,
zepto,695307,Thiruvananthapuram,2026-06-29,2026-06-29-1319,not_serviceable,0,
zepto,695308,Thiruvananthapuram,2026-06-29,2026-06-29-1319,not_serviceable,0,
zepto,695309,Thiruvananthapuram,2026-06-29,2026-06-29-1319,not_serviceable,0,
zepto,695310,Thiruvananthapuram,2026-06-29,2026-06-29-1319,not_serviceable,0,
zepto,695311,Thiruvananthapuram,2026-06-29,2026-06-29-1319,not_serviceable,0,
zepto,695312,Thiruvananthapuram,2026-06-29,2026-06-29-1319,not_serviceable,0,
zepto,695313,Thiruvananthapuram,2026-06-29,2026-06-29-1319,not_serviceable,0,
zepto,695316,Thiruvananthapuram,2026-06-29,2026-06-29-1319,not_serviceable,0,
zepto,695317,Thiruvananthapuram,2026-06-29,2026-06-29-1319,not_serviceable,0,
zepto,695318,Thiruvananthapuram,2026-06-29,2026-06-29-1319,not_serviceable,0,
zepto,695501,Thiruvananthapuram,2026-06-29,2026-06-29-1319,not_serviceable,0,
zepto,695502,Thiruvananthapuram,2026-06-29,2026-06-29-1319,not_serviceable,0,
zepto,695503,Thiruvananthapuram,2026-06-29,2026-06-29-1319,not_serviceable,0,
zepto,695504,Thiruvananthapuram,2026-06-29,2026-06-29-1319,not_serviceable,0,
zepto,695505,Thiruvananthapuram,2026-06-29,2026-06-29-1319,not_serviceable,0,
zepto,695506,Thiruvananthapuram,2026-06-29,2026-06-29-1319,not_serviceable,0,
zepto,695507,Thiruvananthapuram,2026-06-29,2026-06-29-1319,not_serviceable,0,
zepto,695508,Thiruvananthapuram,2026-06-29,2026-06-29-1319,not_serviceable,0,
zepto,695512,Thiruvananthapuram,2026-06-29,2026-06-29-1319,not_serviceable,0,
zepto,695513,Thiruvananthapuram,2026-06-29,2026-06-29-1319,not_serviceable,0,
zepto,695521,Thiruvananthapuram,2026-06-29,2026-06-29-1319,not_serviceable,0,
zepto,695522,Thiruvananthapuram,2026-06-29,2026-06-29-1319,not_serviceable,0,
zepto,695523,Thiruvananthapuram,2026-06-29,2026-06-29-1319,not_serviceable,0,
zepto,695524,Thiruvananthapuram,2026-06-29,2026-06-29-1319,not_serviceable,0,
zepto,695525,Thiruvananthapuram,2026-06-29,2026-06-29-1319,not_serviceable,0,
zepto,695526,Thiruvananthapuram,2026-06-29,2026-06-29-1319,not_serviceable,0,
zepto,695527,Thiruvananthapuram,2026-06-29,2026-06-29-1319,not_serviceable,0,
zepto,695528,Thiruvananthapuram,2026-06-29,2026-06-29-1319,not_serviceable,0,
zepto,695541,Thiruvananthapuram,2026-06-29,2026-06-29-1319,not_serviceable,0,
zepto,695542,Thiruvananthapuram,2026-06-29,2026-06-29-1319,not_serviceable,0,
zepto,695543,Thiruvananthapuram,2026-06-29,2026-06-29-1319,not_serviceable,0,
zepto,695547,Thiruvananthapuram,2026-06-29,2026-06-29-1319,not_serviceable,0,
zepto,695551,Thiruvananthapuram,2026-06-29,2026-06-29-1319,not_serviceable,0,
zepto,695561,Thiruvananthapuram,2026-06-29,2026-06-29-1319,not_serviceable,0,
zepto,695562,Thiruvananthapuram,2026-06-29,2026-06-29-1319,not_serviceable,0,
zepto,695563,Thiruvananthapuram,2026-06-29,2026-06-29-1319,not_serviceable,0,
zepto,695564,Thiruvananthapuram,2026-06-29,2026-06-29-1319,not_serviceable,0,
zepto,695568,Thiruvananthapuram,2026-06-29,2026-06-29-1319,not_serviceable,0,
zepto,695570,Thiruvananthapuram,2026-06-29,2026-06-29-1319,not_serviceable,0,
zepto,695571,Thiruvananthapuram,2026-06-29,2026-06-29-1319,not_serviceable,0,
zepto,695572,Thiruvananthapuram,2026-06-29,2026-06-29-1319,not_serviceable,0,
zepto,695573,Thiruvananthapuram,2026-06-29,2026-06-29-1319,not_serviceable,0,
zepto,695574,Thiruvananthapuram,2026-06-29,2026-06-29-1319,not_serviceable,0,
zepto,695575,Thiruvananthapuram,2026-06-29,2026-06-29-1319,not_serviceable,0,
zepto,695581,Thiruvananthapuram,2026-06-29,2026-06-29-1319,not_serviceable,0,
zepto,695582,Thiruvananthapuram,2026-06-29,2026-06-29-1319,not_serviceable,0,
zepto,695583,Thiruvananthapuram,2026-06-29,2026-06-29-1319,not_serviceable,0,
zepto,695584,Thiruvananthapuram,2026-06-29,2026-06-29-1319,not_serviceable,0,
zepto,695585,Thiruvananthapuram,2026-06-29,2026-06-29-1319,not_serviceable,0,
zepto,695586,Thiruvananthapuram,2026-06-29,2026-06-29-1319,not_serviceable,0,
zepto,695587,Thiruvananthapuram,2026-06-29,2026-06-29-1319,not_serviceable,0,
zepto,695588,Thiruvananthapuram,2026-06-29,2026-06-29-1319,not_serviceable,0,
zepto,695589,Thiruvananthapuram,2026-06-29,2026-06-29-1319,not_serviceable,0,
zepto,695601,Thiruvananthapuram,2026-06-29,2026-06-29-1319,not_serviceable,0,
zepto,695602,Thiruvananthapuram,2026-06-29,2026-06-29-1319,not_serviceable,0,
zepto,695603,Thiruvananthapuram,2026-06-29,2026-06-29-1319,not_serviceable,0,
zepto,695604,Thiruvananthapuram,2026-06-29,2026-06-29-1319,not_serviceable,0,
zepto,695605,Thiruvananthapuram,2026-06-29,2026-06-29-1319,not_serviceable,0,
zepto,695606,Thiruvananthapuram,2026-06-29,2026-06-29-1319,not_serviceable,0,
zepto,695607,Thiruvananthapuram,2026-06-29,2026-06-29-1319,not_serviceable,0,
zepto,695608,Thiruvananthapuram,2026-06-29,2026-06-29-1319,not_serviceable,0,
zepto,695609,Thiruvananthapuram,2026-06-29,2026-06-29-1319,not_serviceable,0,
zepto,695610,Thiruvananthapuram,2026-06-29,2026-06-29-1319,not_serviceable,0,
zepto,695611,Thiruvananthapuram,2026-06-29,2026-06-29-1319,not_serviceable,0,
zepto,695612,Thiruvananthapuram,2026-06-29,2026-06-29-1319,not_serviceable,0,
zepto,695614,Thiruvananthapuram,2026-06-29,2026-06-29-1319,not_serviceable,0,
zepto,695615,Thiruvananthapuram,2026-06-29,2026-06-29-1319,not_serviceable,0,
