run_id,date_ist,platform,canonical_sku,city,pincode,price,mrp,discount_pct,in_stock
2026-05-21-1305,2026-05-21,flipkart-minutes,jivo-cold-press-canola-oil-plastic-bottle-1l,Delhi,110027,261,375,30.4,1
2026-05-21-1305,2026-05-21,flipkart-minutes,jivo-cold-press-canola-oil-plastic-bottle-1l,Faridabad,121007,232,375,38.1,1
2026-05-21-1305,2026-05-21,flipkart-minutes,jivo-cold-press-canola-oil-plastic-bottle-1l,Gurgaon,122002,232,375,38.1,1
2026-05-21-1305,2026-05-21,flipkart-minutes,jivo-cold-press-canola-oil-plastic-bottle-1l,Gurgaon,122011,232,375,38.1,1
2026-05-21-1305,2026-05-21,flipkart-minutes,jivo-cold-press-canola-oil-plastic-bottle-1l,Chandigarh,160017,261,375,30.4,1
2026-05-21-1305,2026-05-21,flipkart-minutes,jivo-cold-press-canola-oil-plastic-bottle-1l,Ghaziabad,201014,232,375,38.1,1
2026-05-21-1305,2026-05-21,flipkart-minutes,jivo-cold-press-canola-oil-plastic-bottle-1l,Noida,201301,232,375,38.1,1
2026-05-21-1305,2026-05-21,flipkart-minutes,jivo-cold-press-canola-oil-plastic-bottle-1l,Kanpur,208001,261,375,30.4,1
2026-05-21-1305,2026-05-21,flipkart-minutes,jivo-cold-press-canola-oil-plastic-bottle-1l,Lucknow,226010,261,375,30.4,1
2026-05-21-1305,2026-05-21,flipkart-minutes,jivo-cold-press-canola-oil-plastic-bottle-1l,Jaipur,302017,261,375,30.4,1
2026-05-21-1305,2026-05-21,flipkart-minutes,jivo-cold-press-canola-oil-plastic-bottle-1l,Ahmedabad,380009,250,250,0,0
2026-05-21-1305,2026-05-21,flipkart-minutes,jivo-cold-press-canola-oil-plastic-bottle-1l,Ahmedabad,380054,250,250,0,0
2026-05-21-1305,2026-05-21,flipkart-minutes,jivo-cold-press-canola-oil-plastic-bottle-1l,Mumbai,400013,251,251,0,0
2026-05-21-1305,2026-05-21,flipkart-minutes,jivo-cold-press-canola-oil-plastic-bottle-1l,Pune,411014,251,251,0,0
2026-05-21-1305,2026-05-21,flipkart-minutes,jivo-cold-press-canola-oil-plastic-bottle-1l,Hyderabad,500034,269,375,28.3,1
2026-05-21-1305,2026-05-21,flipkart-minutes,jivo-cold-press-canola-oil-plastic-bottle-1l,Visakhapatnam,530017,269,375,28.3,1
2026-05-21-1305,2026-05-21,flipkart-minutes,jivo-cold-press-canola-oil-plastic-bottle-1l,Bengaluru,560038,256,256,0,0
2026-05-21-1305,2026-05-21,flipkart-minutes,jivo-cold-press-canola-oil-plastic-bottle-1l,Bengaluru,560066,257,257,0,0
2026-05-21-1305,2026-05-21,flipkart-minutes,jivo-cold-press-canola-oil-plastic-bottle-1l,Mysuru,570023,256,256,0,0
2026-05-21-1305,2026-05-21,flipkart-minutes,jivo-cold-press-canola-oil-plastic-bottle-1l,Chennai,600040,269,375,28.3,1
2026-05-21-1305,2026-05-21,flipkart-minutes,jivo-cold-press-canola-oil-plastic-bottle-1l,Chennai,600042,269,375,28.3,1
2026-05-21-1305,2026-05-21,flipkart-minutes,jivo-cold-press-canola-oil-plastic-bottle-1l,Coimbatore,641002,269,375,28.3,1
2026-05-21-1305,2026-05-21,flipkart-minutes,jivo-cold-press-canola-oil-plastic-bottle-1l,Kolkata,700019,271,375,27.7,1
2026-05-21-1305,2026-05-21,flipkart-minutes,jivo-cold-press-canola-oil-plastic-bottle-1l,Kolkata,700064,271,271,0,0
2026-05-21-1305,2026-05-21,flipkart-minutes,jivo-cold-press-canola-oil-plastic-bottle-1l,Patna,800013,271,375,27.7,1
2026-05-21-1305,2026-05-21,flipkart-minutes,jivo-cold-pressed-pure-cooking-mustard-oil-can-4l,Faridabad,121007,695,1000,30.5,1
2026-05-21-1305,2026-05-21,flipkart-minutes,jivo-cold-pressed-pure-cooking-mustard-oil-can-4l,Gurgaon,122002,695,1000,30.5,1
2026-05-21-1305,2026-05-21,flipkart-minutes,jivo-cold-pressed-pure-cooking-mustard-oil-can-5l,Delhi,110027,931,1250,25.5,1
2026-05-21-1305,2026-05-21,flipkart-minutes,jivo-cold-pressed-pure-cooking-mustard-oil-can-5l,Gurgaon,122011,931,1250,25.5,1
2026-05-21-1305,2026-05-21,flipkart-minutes,jivo-cold-pressed-pure-cooking-mustard-oil-plastic-bottle-1l,Delhi,110027,173,255,32.2,1
2026-05-21-1305,2026-05-21,flipkart-minutes,jivo-cold-pressed-pure-cooking-mustard-oil-plastic-bottle-1l,Faridabad,121007,173,255,32.2,1
2026-05-21-1305,2026-05-21,flipkart-minutes,jivo-cold-pressed-pure-cooking-mustard-oil-plastic-bottle-1l,Gurgaon,122002,173,255,32.2,1
2026-05-21-1305,2026-05-21,flipkart-minutes,jivo-cold-pressed-pure-cooking-mustard-oil-plastic-bottle-1l,Gurgaon,122011,173,255,32.2,1
2026-05-21-1305,2026-05-21,flipkart-minutes,jivo-cold-pressed-pure-cooking-mustard-oil-plastic-bottle-1l,Chandigarh,160017,173,255,32.2,1
2026-05-21-1305,2026-05-21,flipkart-minutes,jivo-cold-pressed-pure-cooking-mustard-oil-plastic-bottle-1l,Ghaziabad,201014,173,255,32.2,1
2026-05-21-1305,2026-05-21,flipkart-minutes,jivo-cold-pressed-pure-cooking-mustard-oil-plastic-bottle-1l,Noida,201301,173,255,32.2,1
2026-05-21-1305,2026-05-21,flipkart-minutes,jivo-cold-pressed-pure-cooking-mustard-oil-plastic-bottle-1l,Kanpur,208001,173,255,32.2,1
2026-05-21-1305,2026-05-21,flipkart-minutes,jivo-cold-pressed-pure-cooking-mustard-oil-plastic-bottle-1l,Lucknow,226010,173,255,32.2,1
2026-05-21-1305,2026-05-21,flipkart-minutes,jivo-cold-pressed-pure-cooking-mustard-oil-plastic-bottle-1l,Jaipur,302017,173,310,44.2,1
2026-05-21-1305,2026-05-21,flipkart-minutes,jivo-cooking-sunflower-oil-can-4l,Hyderabad,500034,738,738,0,0
2026-05-21-1305,2026-05-21,flipkart-minutes,jivo-extra-light-olive-oil-can-2l,Delhi,110027,1903,2799,32,1
2026-05-21-1305,2026-05-21,flipkart-minutes,jivo-extra-light-olive-oil-can-2l,Faridabad,121007,1903,2799,32,1
2026-05-21-1305,2026-05-21,flipkart-minutes,jivo-extra-light-olive-oil-can-2l,Gurgaon,122002,1903,2799,32,1
2026-05-21-1305,2026-05-21,flipkart-minutes,jivo-extra-light-olive-oil-can-2l,Gurgaon,122011,1903,2799,32,1
2026-05-21-1305,2026-05-21,flipkart-minutes,jivo-extra-light-olive-oil-can-2l,Ghaziabad,201014,1903,2799,32,1
2026-05-21-1305,2026-05-21,flipkart-minutes,jivo-extra-light-olive-oil-can-2l,Noida,201301,1903,2799,32,1
2026-05-21-1305,2026-05-21,flipkart-minutes,jivo-mineral-water-na,Gurgaon,122002,23,23,0,0
2026-05-21-1305,2026-05-21,flipkart-minutes,jivo-mineral-water-na,Noida,201301,23,23,0,0
2026-05-21-1305,2026-05-21,flipkart-minutes,jivo-mineral-water-na,Ahmedabad,380009,22,22,0,0
2026-05-21-1305,2026-05-21,flipkart-minutes,jivo-mineral-water-na,Ahmedabad,380054,22,22,0,0
2026-05-21-1305,2026-05-21,flipkart-minutes,jivo-mineral-water-na,Mumbai,400013,22,22,0,0
2026-05-21-1305,2026-05-21,flipkart-minutes,jivo-mineral-water-na,Mumbai,400069,22,22,0,0
2026-05-21-1305,2026-05-21,flipkart-minutes,jivo-mineral-water-na,Pune,411014,22,22,0,0
2026-05-21-1305,2026-05-21,flipkart-minutes,jivo-mineral-water-na,Kolkata,700064,23,23,0,0
2026-05-21-1305,2026-05-21,flipkart-minutes,jivo-mineral-water-na,Patna,800013,23,23,0,0
2026-05-21-1305,2026-05-21,flipkart-minutes,jivo-pomace-olive-oil-plastic-bottle-1l,Delhi,110027,373,1043,64.2,1
2026-05-21-1305,2026-05-21,flipkart-minutes,jivo-pomace-olive-oil-plastic-bottle-1l,Faridabad,121007,373,1049,64.4,1
2026-05-21-1305,2026-05-21,flipkart-minutes,jivo-pomace-olive-oil-plastic-bottle-1l,Gurgaon,122002,373,1049,64.4,1
2026-05-21-1305,2026-05-21,flipkart-minutes,jivo-pomace-olive-oil-plastic-bottle-1l,Gurgaon,122011,373,1043,64.2,1
2026-05-21-1305,2026-05-21,flipkart-minutes,jivo-pomace-olive-oil-plastic-bottle-1l,Chandigarh,160017,373,1049,64.4,1
2026-05-21-1305,2026-05-21,flipkart-minutes,jivo-pomace-olive-oil-plastic-bottle-1l,Noida,201301,373,1043,64.2,1
2026-05-21-1305,2026-05-21,flipkart-minutes,jivo-pomace-olive-oil-plastic-bottle-1l,Ahmedabad,380054,433,433,0,0
2026-05-21-1305,2026-05-21,flipkart-minutes,jivo-pomace-olive-oil-plastic-bottle-1l,Mumbai,400013,409,409,0,0
2026-05-21-1305,2026-05-21,flipkart-minutes,jivo-pomace-olive-oil-plastic-bottle-1l,Pune,411014,409,409,0,0
2026-05-21-1305,2026-05-21,flipkart-minutes,jivo-pomace-olive-oil-plastic-bottle-1l,Kolkata,700064,447,447,0,0
2026-05-21-1305,2026-05-21,flipkart-minutes,jivo-pomace-olive-oil-tin-5l,Faridabad,121007,2071,4999,58.6,1
2026-05-21-1305,2026-05-21,flipkart-minutes,jivo-pomace-olive-oil-tin-5l,Chandigarh,160017,2119,4999,57.6,1
2026-05-21-1305,2026-05-21,flipkart-minutes,jivo-pomace-olive-oil-tin-5l,Noida,201301,2071,4999,58.6,1
2026-05-21-1305,2026-05-21,flipkart-minutes,jivo-soybean-oil-soyabean-oil-pouch-1l,Gurgaon,122002,164,164,0,0
2026-05-21-1305,2026-05-21,flipkart-minutes,jivo-soybean-oil-soyabean-oil-pouch-1l,Chandigarh,160017,164,164,0,0
2026-05-21-1305,2026-05-21,flipkart-minutes,jivo-soybean-oil-soyabean-oil-pouch-1l,Noida,201301,164,164,0,0
2026-05-21-1305,2026-05-21,flipkart-minutes,jivo-soybean-oil-soyabean-oil-pouch-1l,Kolkata,700064,169,169,0,0
2026-05-22-0900,2026-05-22,flipkart-minutes,jivo-cold-press-canola-oil-plastic-bottle-1l,Delhi,110027,261,375,30.4,1
2026-05-22-0900,2026-05-22,flipkart-minutes,jivo-cold-press-canola-oil-plastic-bottle-1l,Gurgaon,122011,232,375,38.1,1
2026-05-22-0900,2026-05-22,flipkart-minutes,jivo-cold-press-canola-oil-plastic-bottle-1l,Chandigarh,160017,261,375,30.4,1
2026-05-22-0900,2026-05-22,flipkart-minutes,jivo-cold-press-canola-oil-plastic-bottle-1l,Noida,201309,232,375,38.1,1
2026-05-22-0900,2026-05-22,flipkart-minutes,jivo-cold-press-canola-oil-plastic-bottle-1l,Kanpur,208001,261,375,30.4,1
2026-05-22-0900,2026-05-22,flipkart-minutes,jivo-cold-press-canola-oil-plastic-bottle-1l,Ahmedabad,380054,250,250,0,0
2026-05-22-0900,2026-05-22,flipkart-minutes,jivo-cold-press-canola-oil-plastic-bottle-1l,Pune,411014,251,251,0,0
2026-05-22-0900,2026-05-22,flipkart-minutes,jivo-cold-press-canola-oil-plastic-bottle-1l,Hyderabad,500034,269,375,28.3,1
2026-05-22-0900,2026-05-22,flipkart-minutes,jivo-cold-press-canola-oil-plastic-bottle-1l,Visakhapatnam,530017,269,375,28.3,1
2026-05-22-0900,2026-05-22,flipkart-minutes,jivo-cold-press-canola-oil-plastic-bottle-1l,Mysuru,570023,256,256,0,0
2026-05-22-0900,2026-05-22,flipkart-minutes,jivo-cold-press-canola-oil-plastic-bottle-1l,Chennai,600040,269,375,28.3,1
2026-05-22-0900,2026-05-22,flipkart-minutes,jivo-cold-press-canola-oil-plastic-bottle-1l,Kolkata,700019,271,271,0,0
2026-05-22-0900,2026-05-22,flipkart-minutes,jivo-cold-press-canola-oil-plastic-bottle-1l,Kolkata,700064,271,271,0,0
2026-05-22-0900,2026-05-22,flipkart-minutes,jivo-cold-press-canola-oil-plastic-bottle-1l,Patna,800013,271,375,27.7,1
2026-05-22-0900,2026-05-22,flipkart-minutes,jivo-cold-pressed-pure-cooking-mustard-oil-can-5l,Delhi,110027,931,1250,25.5,1
2026-05-22-0900,2026-05-22,flipkart-minutes,jivo-cold-pressed-pure-cooking-mustard-oil-can-5l,Gurgaon,122011,931,1250,25.5,1
2026-05-22-0900,2026-05-22,flipkart-minutes,jivo-cold-pressed-pure-cooking-mustard-oil-can-5l,Noida,201309,931,1250,25.5,1
2026-05-22-0900,2026-05-22,flipkart-minutes,jivo-cold-pressed-pure-cooking-mustard-oil-plastic-bottle-1l,Delhi,110027,173,255,32.2,1
2026-05-22-0900,2026-05-22,flipkart-minutes,jivo-cold-pressed-pure-cooking-mustard-oil-plastic-bottle-1l,Gurgaon,122011,173,255,32.2,1
2026-05-22-0900,2026-05-22,flipkart-minutes,jivo-cold-pressed-pure-cooking-mustard-oil-plastic-bottle-1l,Chandigarh,160017,173,255,32.2,1
2026-05-22-0900,2026-05-22,flipkart-minutes,jivo-cold-pressed-pure-cooking-mustard-oil-plastic-bottle-1l,Noida,201309,173,255,32.2,1
2026-05-22-0900,2026-05-22,flipkart-minutes,jivo-cold-pressed-pure-cooking-mustard-oil-plastic-bottle-1l,Kanpur,208001,173,255,32.2,1
2026-05-22-0900,2026-05-22,flipkart-minutes,jivo-cooking-sunflower-oil-can-4l,Hyderabad,500034,738,738,0,0
2026-05-22-0900,2026-05-22,flipkart-minutes,jivo-extra-light-olive-oil-can-2l,Delhi,110027,1903,2799,32,1
2026-05-22-0900,2026-05-22,flipkart-minutes,jivo-extra-light-olive-oil-can-2l,Gurgaon,122011,1903,2799,32,1
2026-05-22-0900,2026-05-22,flipkart-minutes,jivo-extra-light-olive-oil-can-2l,Noida,201309,1903,2799,32,1
2026-05-22-0900,2026-05-22,flipkart-minutes,jivo-mineral-water-na,Ahmedabad,380054,22,22,0,0
2026-05-22-0900,2026-05-22,flipkart-minutes,jivo-mineral-water-na,Mumbai,400069,22,22,0,0
2026-05-22-0900,2026-05-22,flipkart-minutes,jivo-mineral-water-na,Pune,411014,22,22,0,0
2026-05-22-0900,2026-05-22,flipkart-minutes,jivo-mineral-water-na,Kolkata,700019,23,23,0,0
2026-05-22-0900,2026-05-22,flipkart-minutes,jivo-mineral-water-na,Kolkata,700064,23,23,0,0
2026-05-22-0900,2026-05-22,flipkart-minutes,jivo-mineral-water-na,Patna,800013,23,23,0,0
2026-05-22-0900,2026-05-22,flipkart-minutes,jivo-pomace-olive-oil-plastic-bottle-1l,Delhi,110027,373,1043,64.2,1
2026-05-22-0900,2026-05-22,flipkart-minutes,jivo-pomace-olive-oil-plastic-bottle-1l,Chandigarh,160017,373,1049,64.4,1
2026-05-22-0900,2026-05-22,flipkart-minutes,jivo-pomace-olive-oil-plastic-bottle-1l,Noida,201309,373,1049,64.4,1
2026-05-22-0900,2026-05-22,flipkart-minutes,jivo-pomace-olive-oil-plastic-bottle-1l,Ahmedabad,380054,433,433,0,0
2026-05-22-0900,2026-05-22,flipkart-minutes,jivo-pomace-olive-oil-plastic-bottle-1l,Pune,411014,409,409,0,0
2026-05-22-0900,2026-05-22,flipkart-minutes,jivo-pomace-olive-oil-plastic-bottle-1l,Kolkata,700019,447,447,0,0
2026-05-22-0900,2026-05-22,flipkart-minutes,jivo-pomace-olive-oil-plastic-bottle-1l,Kolkata,700064,447,447,0,0
2026-05-22-0900,2026-05-22,flipkart-minutes,jivo-pomace-olive-oil-tin-5l,Chandigarh,160017,2119,4999,57.6,1
2026-05-22-0900,2026-05-22,flipkart-minutes,jivo-pomace-olive-oil-tin-5l,Noida,201309,2071,4999,58.6,1
2026-05-22-0900,2026-05-22,flipkart-minutes,jivo-soybean-oil-soyabean-oil-pouch-1l,Chandigarh,160017,164,164,0,0
2026-05-22-0900,2026-05-22,flipkart-minutes,jivo-soybean-oil-soyabean-oil-pouch-1l,Kolkata,700019,169,169,0,0
2026-05-22-0900,2026-05-22,flipkart-minutes,jivo-soybean-oil-soyabean-oil-pouch-1l,Kolkata,700064,169,169,0,0
2026-05-22-1200,2026-05-22,flipkart-minutes,jivo-cold-press-canola-oil-plastic-bottle-1l,Chandigarh,160017,255,375,32,1
2026-05-22-1200,2026-05-22,flipkart-minutes,jivo-cold-press-canola-oil-plastic-bottle-1l,Lucknow,226010,255,375,32,1
2026-05-22-1200,2026-05-22,flipkart-minutes,jivo-cold-press-canola-oil-plastic-bottle-1l,Jaipur,302017,255,375,32,1
2026-05-22-1200,2026-05-22,flipkart-minutes,jivo-cold-press-canola-oil-plastic-bottle-1l,Ahmedabad,380054,245,250,2,0
2026-05-22-1200,2026-05-22,flipkart-minutes,jivo-cold-press-canola-oil-plastic-bottle-1l,Mumbai,400013,245,251,2.4,0
2026-05-22-1200,2026-05-22,flipkart-minutes,jivo-cold-press-canola-oil-plastic-bottle-1l,Hyderabad,500034,263,375,29.9,1
2026-05-22-1200,2026-05-22,flipkart-minutes,jivo-cold-press-canola-oil-plastic-bottle-1l,Visakhapatnam,530017,263,375,29.9,1
2026-05-22-1200,2026-05-22,flipkart-minutes,jivo-cold-press-canola-oil-plastic-bottle-1l,Bengaluru,560038,250,256,2.3,0
2026-05-22-1200,2026-05-22,flipkart-minutes,jivo-cold-press-canola-oil-plastic-bottle-1l,Bengaluru,560066,251,257,2.3,0
2026-05-22-1200,2026-05-22,flipkart-minutes,jivo-cold-press-canola-oil-plastic-bottle-1l,Mysuru,570023,250,256,2.3,0
2026-05-22-1200,2026-05-22,flipkart-minutes,jivo-cold-press-canola-oil-plastic-bottle-1l,Chennai,600040,263,375,29.9,1
2026-05-22-1200,2026-05-22,flipkart-minutes,jivo-cold-press-canola-oil-plastic-bottle-1l,Coimbatore,641002,263,375,29.9,1
2026-05-22-1200,2026-05-22,flipkart-minutes,jivo-cold-press-canola-oil-plastic-bottle-1l,Kolkata,700064,265,271,2.2,0
2026-05-22-1200,2026-05-22,flipkart-minutes,jivo-cold-pressed-pure-cooking-mustard-oil-plastic-bottle-1l,Chandigarh,160017,169,255,33.7,1
2026-05-22-1200,2026-05-22,flipkart-minutes,jivo-cold-pressed-pure-cooking-mustard-oil-plastic-bottle-1l,Jaipur,302017,169,310,45.5,1
2026-05-22-1200,2026-05-22,flipkart-minutes,jivo-cooking-sunflower-oil-can-4l,Hyderabad,500034,738,738,0,0
2026-05-22-1200,2026-05-22,flipkart-minutes,jivo-mineral-water-na,Ahmedabad,380054,22,22,0,0
2026-05-22-1200,2026-05-22,flipkart-minutes,jivo-mineral-water-na,Mumbai,400013,22,22,0,0
2026-05-22-1200,2026-05-22,flipkart-minutes,jivo-mineral-water-na,Mumbai,400069,22,22,0,0
2026-05-22-1200,2026-05-22,flipkart-minutes,jivo-mineral-water-na,Kolkata,700064,23,23,0,0
2026-05-22-1200,2026-05-22,flipkart-minutes,jivo-pomace-olive-oil-plastic-bottle-1l,Chandigarh,160017,365,1049,65.2,1
2026-05-22-1200,2026-05-22,flipkart-minutes,jivo-pomace-olive-oil-plastic-bottle-1l,Ahmedabad,380054,424,433,2.1,0
2026-05-22-1200,2026-05-22,flipkart-minutes,jivo-pomace-olive-oil-plastic-bottle-1l,Mumbai,400013,400,409,2.2,0
2026-05-22-1200,2026-05-22,flipkart-minutes,jivo-pomace-olive-oil-plastic-bottle-1l,Kolkata,700064,438,447,2,0
2026-05-22-1200,2026-05-22,flipkart-minutes,jivo-pomace-olive-oil-tin-5l,Chandigarh,160017,2119,4999,57.6,1
2026-05-22-1200,2026-05-22,flipkart-minutes,jivo-soybean-oil-soyabean-oil-pouch-1l,Chandigarh,160017,160,164,2.4,0
2026-05-22-1200,2026-05-22,flipkart-minutes,jivo-soybean-oil-soyabean-oil-pouch-1l,Kolkata,700064,165,169,2.4,0
2026-05-22-1600,2026-05-22,flipkart-minutes,jivo-cold-press-canola-oil-plastic-bottle-1l,Delhi,110027,242,375,35.5,1
2026-05-22-1600,2026-05-22,flipkart-minutes,jivo-cold-press-canola-oil-plastic-bottle-1l,Gurgaon,122002,253,375,32.5,1
2026-05-22-1600,2026-05-22,flipkart-minutes,jivo-cold-press-canola-oil-plastic-bottle-1l,Gurgaon,122011,253,375,32.5,1
2026-05-22-1600,2026-05-22,flipkart-minutes,jivo-cold-press-canola-oil-plastic-bottle-1l,Chandigarh,160017,242,375,35.5,1
2026-05-22-1600,2026-05-22,flipkart-minutes,jivo-cold-press-canola-oil-plastic-bottle-1l,Ghaziabad,201014,255,375,32,1
2026-05-22-1600,2026-05-22,flipkart-minutes,jivo-cold-press-canola-oil-plastic-bottle-1l,Noida,201301,253,375,32.5,1
2026-05-22-1600,2026-05-22,flipkart-minutes,jivo-cold-press-canola-oil-plastic-bottle-1l,Kanpur,208001,242,375,35.5,1
2026-05-22-1600,2026-05-22,flipkart-minutes,jivo-cold-press-canola-oil-plastic-bottle-1l,Lucknow,226010,242,375,35.5,1
2026-05-22-1600,2026-05-22,flipkart-minutes,jivo-cold-press-canola-oil-plastic-bottle-1l,Jaipur,302017,242,375,35.5,1
2026-05-22-1600,2026-05-22,flipkart-minutes,jivo-cold-press-canola-oil-plastic-bottle-1l,Ahmedabad,380009,245,250,2,0
2026-05-22-1600,2026-05-22,flipkart-minutes,jivo-cold-press-canola-oil-plastic-bottle-1l,Ahmedabad,380054,245,250,2,0
2026-05-22-1600,2026-05-22,flipkart-minutes,jivo-cold-press-canola-oil-plastic-bottle-1l,Hyderabad,500034,263,375,29.9,1
2026-05-22-1600,2026-05-22,flipkart-minutes,jivo-cold-press-canola-oil-plastic-bottle-1l,Visakhapatnam,530017,263,375,29.9,1
2026-05-22-1600,2026-05-22,flipkart-minutes,jivo-cold-press-canola-oil-plastic-bottle-1l,Bengaluru,560066,251,257,2.3,0
2026-05-22-1600,2026-05-22,flipkart-minutes,jivo-cold-press-canola-oil-plastic-bottle-1l,Chennai,600040,263,375,29.9,1
2026-05-22-1600,2026-05-22,flipkart-minutes,jivo-cold-press-canola-oil-plastic-bottle-1l,Coimbatore,641002,263,375,29.9,1
2026-05-22-1600,2026-05-22,flipkart-minutes,jivo-cold-press-canola-oil-plastic-bottle-1l,Kolkata,700064,265,271,2.2,0
2026-05-22-1600,2026-05-22,flipkart-minutes,jivo-cold-press-canola-oil-plastic-bottle-1l,Patna,800013,265,375,29.3,1
2026-05-22-1600,2026-05-22,flipkart-minutes,jivo-cold-pressed-pure-cooking-mustard-oil-can-4l,Gurgaon,122002,681,1000,31.9,1
2026-05-22-1600,2026-05-22,flipkart-minutes,jivo-cold-pressed-pure-cooking-mustard-oil-can-4l,Ghaziabad,201014,681,1000,31.9,1
2026-05-22-1600,2026-05-22,flipkart-minutes,jivo-cold-pressed-pure-cooking-mustard-oil-can-5l,Delhi,110027,929,1250,25.7,1
2026-05-22-1600,2026-05-22,flipkart-minutes,jivo-cold-pressed-pure-cooking-mustard-oil-can-5l,Gurgaon,122011,929,1250,25.7,1
2026-05-22-1600,2026-05-22,flipkart-minutes,jivo-cold-pressed-pure-cooking-mustard-oil-can-5l,Noida,201301,929,1250,25.7,1
2026-05-22-1600,2026-05-22,flipkart-minutes,jivo-cold-pressed-pure-cooking-mustard-oil-plastic-bottle-1l,Delhi,110027,174,255,31.8,1
2026-05-22-1600,2026-05-22,flipkart-minutes,jivo-cold-pressed-pure-cooking-mustard-oil-plastic-bottle-1l,Gurgaon,122002,174,255,31.8,1
2026-05-22-1600,2026-05-22,flipkart-minutes,jivo-cold-pressed-pure-cooking-mustard-oil-plastic-bottle-1l,Gurgaon,122011,174,255,31.8,1
2026-05-22-1600,2026-05-22,flipkart-minutes,jivo-cold-pressed-pure-cooking-mustard-oil-plastic-bottle-1l,Chandigarh,160017,174,255,31.8,1
2026-05-22-1600,2026-05-22,flipkart-minutes,jivo-cold-pressed-pure-cooking-mustard-oil-plastic-bottle-1l,Ghaziabad,201014,174,255,31.8,1
2026-05-22-1600,2026-05-22,flipkart-minutes,jivo-cold-pressed-pure-cooking-mustard-oil-plastic-bottle-1l,Noida,201301,174,255,31.8,1
2026-05-22-1600,2026-05-22,flipkart-minutes,jivo-cold-pressed-pure-cooking-mustard-oil-plastic-bottle-1l,Kanpur,208001,174,255,31.8,1
2026-05-22-1600,2026-05-22,flipkart-minutes,jivo-cold-pressed-pure-cooking-mustard-oil-plastic-bottle-1l,Jaipur,302017,179,310,42.3,1
2026-05-22-1600,2026-05-22,flipkart-minutes,jivo-cooking-sunflower-oil-can-4l,Hyderabad,500034,738,738,0,0
2026-05-22-1600,2026-05-22,flipkart-minutes,jivo-extra-light-olive-oil-can-2l,Delhi,110027,1864,2799,33.4,1
2026-05-22-1600,2026-05-22,flipkart-minutes,jivo-extra-light-olive-oil-can-2l,Gurgaon,122002,1864,2799,33.4,1
2026-05-22-1600,2026-05-22,flipkart-minutes,jivo-extra-light-olive-oil-can-2l,Gurgaon,122011,1864,2799,33.4,1
2026-05-22-1600,2026-05-22,flipkart-minutes,jivo-extra-light-olive-oil-can-2l,Ghaziabad,201014,1864,2799,33.4,1
2026-05-22-1600,2026-05-22,flipkart-minutes,jivo-extra-light-olive-oil-can-2l,Noida,201301,1864,2799,33.4,1
2026-05-22-1600,2026-05-22,flipkart-minutes,jivo-mineral-water-na,Gurgaon,122002,23,23,0,0
2026-05-22-1600,2026-05-22,flipkart-minutes,jivo-mineral-water-na,Noida,201301,23,23,0,0
2026-05-22-1600,2026-05-22,flipkart-minutes,jivo-mineral-water-na,Ahmedabad,380009,22,22,0,0
2026-05-22-1600,2026-05-22,flipkart-minutes,jivo-mineral-water-na,Ahmedabad,380054,22,22,0,0
2026-05-22-1600,2026-05-22,flipkart-minutes,jivo-mineral-water-na,Kolkata,700064,23,23,0,0
2026-05-22-1600,2026-05-22,flipkart-minutes,jivo-mineral-water-na,Patna,800013,23,23,0,0
2026-05-22-1600,2026-05-22,flipkart-minutes,jivo-pomace-olive-oil-plastic-bottle-1l,Delhi,110027,377,1043,63.9,1
2026-05-22-1600,2026-05-22,flipkart-minutes,jivo-pomace-olive-oil-plastic-bottle-1l,Gurgaon,122002,380,1049,63.8,1
2026-05-22-1600,2026-05-22,flipkart-minutes,jivo-pomace-olive-oil-plastic-bottle-1l,Chandigarh,160017,404,1049,61.5,1
2026-05-22-1600,2026-05-22,flipkart-minutes,jivo-pomace-olive-oil-plastic-bottle-1l,Noida,201301,380,1049,63.8,1
2026-05-22-1600,2026-05-22,flipkart-minutes,jivo-pomace-olive-oil-plastic-bottle-1l,Ahmedabad,380054,427,436,2.1,0
2026-05-22-1600,2026-05-22,flipkart-minutes,jivo-pomace-olive-oil-plastic-bottle-1l,Kolkata,700064,438,447,2,0
2026-05-22-1600,2026-05-22,flipkart-minutes,jivo-pomace-olive-oil-tin-5l,Chandigarh,160017,2264,4999,54.7,1
2026-05-22-1600,2026-05-22,flipkart-minutes,jivo-pomace-olive-oil-tin-5l,Noida,201301,2071,4999,58.6,1
2026-05-22-1600,2026-05-22,flipkart-minutes,jivo-soybean-oil-soyabean-oil-pouch-1l,Gurgaon,122002,174,178,2.2,0
2026-05-22-1600,2026-05-22,flipkart-minutes,jivo-soybean-oil-soyabean-oil-pouch-1l,Chandigarh,160017,174,178,2.2,0
2026-05-22-1600,2026-05-22,flipkart-minutes,jivo-soybean-oil-soyabean-oil-pouch-1l,Noida,201301,174,178,2.2,0
2026-05-22-1600,2026-05-22,flipkart-minutes,jivo-soybean-oil-soyabean-oil-pouch-1l,Kolkata,700064,139,142,2.1,0
2026-05-23-0900,2026-05-23,flipkart-minutes,jivo-cold-press-canola-oil-plastic-bottle-1l,Delhi,110027,242,375,35.5,1
2026-05-23-0900,2026-05-23,flipkart-minutes,jivo-cold-press-canola-oil-plastic-bottle-1l,Gurgaon,122011,253,375,32.5,1
2026-05-23-0900,2026-05-23,flipkart-minutes,jivo-cold-press-canola-oil-plastic-bottle-1l,Chandigarh,160017,242,375,35.5,1
2026-05-23-0900,2026-05-23,flipkart-minutes,jivo-cold-press-canola-oil-plastic-bottle-1l,Ghaziabad,201014,255,375,32,1
2026-05-23-0900,2026-05-23,flipkart-minutes,jivo-cold-press-canola-oil-plastic-bottle-1l,Noida,201301,259,375,30.9,1
2026-05-23-0900,2026-05-23,flipkart-minutes,jivo-cold-press-canola-oil-plastic-bottle-1l,Noida,201309,253,375,32.5,1
2026-05-23-0900,2026-05-23,flipkart-minutes,jivo-cold-press-canola-oil-plastic-bottle-1l,Kanpur,208001,242,375,35.5,1
2026-05-23-0900,2026-05-23,flipkart-minutes,jivo-cold-press-canola-oil-plastic-bottle-1l,Ahmedabad,380009,245,250,2,0
2026-05-23-0900,2026-05-23,flipkart-minutes,jivo-cold-press-canola-oil-plastic-bottle-1l,Visakhapatnam,530017,263,375,29.9,1
2026-05-23-0900,2026-05-23,flipkart-minutes,jivo-cold-press-canola-oil-plastic-bottle-1l,Bengaluru,560066,251,257,2.3,0
2026-05-23-0900,2026-05-23,flipkart-minutes,jivo-cold-press-canola-oil-plastic-bottle-1l,Chennai,600040,263,375,29.9,1
2026-05-23-0900,2026-05-23,flipkart-minutes,jivo-cold-press-canola-oil-plastic-bottle-1l,Chennai,600042,263,375,29.9,1
2026-05-23-0900,2026-05-23,flipkart-minutes,jivo-cold-press-canola-oil-plastic-bottle-1l,Coimbatore,641002,263,375,29.9,1
2026-05-23-0900,2026-05-23,flipkart-minutes,jivo-cold-press-canola-oil-plastic-bottle-1l,Patna,800013,265,271,2.2,0
2026-05-23-0900,2026-05-23,flipkart-minutes,jivo-cold-pressed-pure-cooking-mustard-oil-can-4l,Ghaziabad,201014,681,1000,31.9,1
2026-05-23-0900,2026-05-23,flipkart-minutes,jivo-cold-pressed-pure-cooking-mustard-oil-can-5l,Delhi,110027,929,1250,25.7,1
2026-05-23-0900,2026-05-23,flipkart-minutes,jivo-cold-pressed-pure-cooking-mustard-oil-can-5l,Gurgaon,122011,929,1250,25.7,1
2026-05-23-0900,2026-05-23,flipkart-minutes,jivo-cold-pressed-pure-cooking-mustard-oil-can-5l,Noida,201301,929,1250,25.7,1
2026-05-23-0900,2026-05-23,flipkart-minutes,jivo-cold-pressed-pure-cooking-mustard-oil-can-5l,Noida,201309,929,1250,25.7,1
2026-05-23-0900,2026-05-23,flipkart-minutes,jivo-cold-pressed-pure-cooking-mustard-oil-plastic-bottle-1l,Delhi,110027,169,255,33.7,1
2026-05-23-0900,2026-05-23,flipkart-minutes,jivo-cold-pressed-pure-cooking-mustard-oil-plastic-bottle-1l,Gurgaon,122011,169,255,33.7,1
2026-05-23-0900,2026-05-23,flipkart-minutes,jivo-cold-pressed-pure-cooking-mustard-oil-plastic-bottle-1l,Chandigarh,160017,174,255,31.8,1
2026-05-23-0900,2026-05-23,flipkart-minutes,jivo-cold-pressed-pure-cooking-mustard-oil-plastic-bottle-1l,Ghaziabad,201014,169,255,33.7,1
2026-05-23-0900,2026-05-23,flipkart-minutes,jivo-cold-pressed-pure-cooking-mustard-oil-plastic-bottle-1l,Noida,201301,169,255,33.7,1
2026-05-23-0900,2026-05-23,flipkart-minutes,jivo-cold-pressed-pure-cooking-mustard-oil-plastic-bottle-1l,Noida,201309,169,255,33.7,1
2026-05-23-0900,2026-05-23,flipkart-minutes,jivo-cold-pressed-pure-cooking-mustard-oil-plastic-bottle-1l,Kanpur,208001,174,255,31.8,1
2026-05-23-0900,2026-05-23,flipkart-minutes,jivo-extra-light-olive-oil-can-2l,Delhi,110027,1864,2799,33.4,1
2026-05-23-0900,2026-05-23,flipkart-minutes,jivo-extra-light-olive-oil-can-2l,Gurgaon,122011,1864,2799,33.4,1
2026-05-23-0900,2026-05-23,flipkart-minutes,jivo-extra-light-olive-oil-can-2l,Ghaziabad,201014,1864,2799,33.4,1
2026-05-23-0900,2026-05-23,flipkart-minutes,jivo-extra-light-olive-oil-can-2l,Noida,201301,1864,2799,33.4,1
2026-05-23-0900,2026-05-23,flipkart-minutes,jivo-extra-light-olive-oil-can-2l,Noida,201309,1864,2799,33.4,1
2026-05-23-0900,2026-05-23,flipkart-minutes,jivo-mineral-water-na,Noida,201301,23,23,0,0
2026-05-23-0900,2026-05-23,flipkart-minutes,jivo-mineral-water-na,Ahmedabad,380009,22,22,0,0
2026-05-23-0900,2026-05-23,flipkart-minutes,jivo-mineral-water-na,Patna,800013,23,23,0,0
2026-05-23-0900,2026-05-23,flipkart-minutes,jivo-pomace-olive-oil-plastic-bottle-1l,Delhi,110027,377,1043,63.9,1
2026-05-23-0900,2026-05-23,flipkart-minutes,jivo-pomace-olive-oil-plastic-bottle-1l,Chandigarh,160017,404,1049,61.5,1
2026-05-23-0900,2026-05-23,flipkart-minutes,jivo-pomace-olive-oil-plastic-bottle-1l,Noida,201301,380,1049,63.8,1
2026-05-23-0900,2026-05-23,flipkart-minutes,jivo-pomace-olive-oil-plastic-bottle-1l,Noida,201309,380,1049,63.8,1
2026-05-23-0900,2026-05-23,flipkart-minutes,jivo-pomace-olive-oil-tin-5l,Chandigarh,160017,2264,4999,54.7,1
2026-05-23-0900,2026-05-23,flipkart-minutes,jivo-pomace-olive-oil-tin-5l,Noida,201301,2071,4999,58.6,1
2026-05-23-0900,2026-05-23,flipkart-minutes,jivo-pomace-olive-oil-tin-5l,Noida,201309,2071,4999,58.6,1
2026-05-23-0900,2026-05-23,flipkart-minutes,jivo-soybean-oil-soyabean-oil-pouch-1l,Chandigarh,160017,174,178,2.2,0
2026-05-23-0900,2026-05-23,flipkart-minutes,jivo-soybean-oil-soyabean-oil-pouch-1l,Noida,201301,174,178,2.2,0
2026-05-23-1200,2026-05-23,flipkart-minutes,jivo-cold-press-canola-oil-plastic-bottle-1l,Delhi,110027,242,375,35.5,1
2026-05-23-1200,2026-05-23,flipkart-minutes,jivo-cold-press-canola-oil-plastic-bottle-1l,Gurgaon,122002,253,375,32.5,1
2026-05-23-1200,2026-05-23,flipkart-minutes,jivo-cold-press-canola-oil-plastic-bottle-1l,Chandigarh,160017,242,375,35.5,1
2026-05-23-1200,2026-05-23,flipkart-minutes,jivo-cold-press-canola-oil-plastic-bottle-1l,Ghaziabad,201014,255,375,32,1
2026-05-23-1200,2026-05-23,flipkart-minutes,jivo-cold-press-canola-oil-plastic-bottle-1l,Noida,201301,259,375,30.9,1
2026-05-23-1200,2026-05-23,flipkart-minutes,jivo-cold-press-canola-oil-plastic-bottle-1l,Noida,201309,253,375,32.5,1
2026-05-23-1200,2026-05-23,flipkart-minutes,jivo-cold-press-canola-oil-plastic-bottle-1l,Lucknow,226010,242,375,35.5,1
2026-05-23-1200,2026-05-23,flipkart-minutes,jivo-cold-press-canola-oil-plastic-bottle-1l,Jaipur,302017,242,375,35.5,1
2026-05-23-1200,2026-05-23,flipkart-minutes,jivo-cold-press-canola-oil-plastic-bottle-1l,Ahmedabad,380009,245,250,2,0
2026-05-23-1200,2026-05-23,flipkart-minutes,jivo-cold-press-canola-oil-plastic-bottle-1l,Pune,411014,245,251,2.4,0
2026-05-23-1200,2026-05-23,flipkart-minutes,jivo-cold-press-canola-oil-plastic-bottle-1l,Hyderabad,500034,263,375,29.9,1
2026-05-23-1200,2026-05-23,flipkart-minutes,jivo-cold-press-canola-oil-plastic-bottle-1l,Visakhapatnam,530017,263,375,29.9,1
2026-05-23-1200,2026-05-23,flipkart-minutes,jivo-cold-press-canola-oil-plastic-bottle-1l,Bengaluru,560066,251,257,2.3,0
2026-05-23-1200,2026-05-23,flipkart-minutes,jivo-cold-press-canola-oil-plastic-bottle-1l,Chennai,600042,263,375,29.9,1
2026-05-23-1200,2026-05-23,flipkart-minutes,jivo-cold-press-canola-oil-plastic-bottle-1l,Coimbatore,641002,263,375,29.9,1
2026-05-23-1200,2026-05-23,flipkart-minutes,jivo-cold-press-canola-oil-plastic-bottle-1l,Kolkata,700064,265,271,2.2,0
2026-05-23-1200,2026-05-23,flipkart-minutes,jivo-cold-press-canola-oil-plastic-bottle-1l,Patna,800013,265,271,2.2,0
2026-05-23-1200,2026-05-23,flipkart-minutes,jivo-cold-pressed-pure-cooking-mustard-oil-can-4l,Gurgaon,122002,681,1000,31.9,1
2026-05-23-1200,2026-05-23,flipkart-minutes,jivo-cold-pressed-pure-cooking-mustard-oil-can-4l,Ghaziabad,201014,681,1000,31.9,1
2026-05-23-1200,2026-05-23,flipkart-minutes,jivo-cold-pressed-pure-cooking-mustard-oil-can-5l,Delhi,110027,929,1250,25.7,1
2026-05-23-1200,2026-05-23,flipkart-minutes,jivo-cold-pressed-pure-cooking-mustard-oil-can-5l,Ghaziabad,201014,929,1250,25.7,1
2026-05-23-1200,2026-05-23,flipkart-minutes,jivo-cold-pressed-pure-cooking-mustard-oil-can-5l,Noida,201301,929,1250,25.7,1
2026-05-23-1200,2026-05-23,flipkart-minutes,jivo-cold-pressed-pure-cooking-mustard-oil-can-5l,Noida,201309,929,1250,25.7,1
2026-05-23-1200,2026-05-23,flipkart-minutes,jivo-cold-pressed-pure-cooking-mustard-oil-plastic-bottle-1l,Delhi,110027,169,255,33.7,1
2026-05-23-1200,2026-05-23,flipkart-minutes,jivo-cold-pressed-pure-cooking-mustard-oil-plastic-bottle-1l,Gurgaon,122002,169,255,33.7,1
2026-05-23-1200,2026-05-23,flipkart-minutes,jivo-cold-pressed-pure-cooking-mustard-oil-plastic-bottle-1l,Chandigarh,160017,174,255,31.8,1
2026-05-23-1200,2026-05-23,flipkart-minutes,jivo-cold-pressed-pure-cooking-mustard-oil-plastic-bottle-1l,Ghaziabad,201014,169,255,33.7,1
2026-05-23-1200,2026-05-23,flipkart-minutes,jivo-cold-pressed-pure-cooking-mustard-oil-plastic-bottle-1l,Noida,201301,169,255,33.7,1
2026-05-23-1200,2026-05-23,flipkart-minutes,jivo-cold-pressed-pure-cooking-mustard-oil-plastic-bottle-1l,Noida,201309,169,255,33.7,1
2026-05-23-1200,2026-05-23,flipkart-minutes,jivo-cold-pressed-pure-cooking-mustard-oil-plastic-bottle-1l,Lucknow,226010,168,255,34.1,1
2026-05-23-1200,2026-05-23,flipkart-minutes,jivo-cold-pressed-pure-cooking-mustard-oil-plastic-bottle-1l,Jaipur,302017,179,310,42.3,1
2026-05-23-1200,2026-05-23,flipkart-minutes,jivo-cooking-sunflower-oil-can-4l,Hyderabad,500034,738,738,0,0
2026-05-23-1200,2026-05-23,flipkart-minutes,jivo-extra-light-olive-oil-can-2l,Delhi,110027,1864,2799,33.4,1
2026-05-23-1200,2026-05-23,flipkart-minutes,jivo-extra-light-olive-oil-can-2l,Gurgaon,122002,1864,2799,33.4,1
2026-05-23-1200,2026-05-23,flipkart-minutes,jivo-extra-light-olive-oil-can-2l,Ghaziabad,201014,1864,2799,33.4,1
2026-05-23-1200,2026-05-23,flipkart-minutes,jivo-extra-light-olive-oil-can-2l,Noida,201301,1864,2799,33.4,1
2026-05-23-1200,2026-05-23,flipkart-minutes,jivo-extra-light-olive-oil-can-2l,Noida,201309,1864,2799,33.4,1
2026-05-23-1200,2026-05-23,flipkart-minutes,jivo-mineral-water-na,Gurgaon,122002,23,23,0,0
2026-05-23-1200,2026-05-23,flipkart-minutes,jivo-mineral-water-na,Noida,201301,23,23,0,0
2026-05-23-1200,2026-05-23,flipkart-minutes,jivo-mineral-water-na,Ahmedabad,380009,22,22,0,0
2026-05-23-1200,2026-05-23,flipkart-minutes,jivo-mineral-water-na,Mumbai,400069,22,22,0,0
2026-05-23-1200,2026-05-23,flipkart-minutes,jivo-mineral-water-na,Pune,411014,22,22,0,0
2026-05-23-1200,2026-05-23,flipkart-minutes,jivo-mineral-water-na,Kolkata,700064,23,23,0,0
2026-05-23-1200,2026-05-23,flipkart-minutes,jivo-mineral-water-na,Patna,800013,23,23,0,0
2026-05-23-1200,2026-05-23,flipkart-minutes,jivo-pomace-olive-oil-plastic-bottle-1l,Delhi,110027,377,1043,63.9,1
2026-05-23-1200,2026-05-23,flipkart-minutes,jivo-pomace-olive-oil-plastic-bottle-1l,Gurgaon,122002,380,1049,63.8,1
2026-05-23-1200,2026-05-23,flipkart-minutes,jivo-pomace-olive-oil-plastic-bottle-1l,Chandigarh,160017,404,1049,61.5,1
2026-05-23-1200,2026-05-23,flipkart-minutes,jivo-pomace-olive-oil-plastic-bottle-1l,Noida,201301,380,1049,63.8,1
2026-05-23-1200,2026-05-23,flipkart-minutes,jivo-pomace-olive-oil-plastic-bottle-1l,Noida,201309,380,1049,63.8,1
2026-05-23-1200,2026-05-23,flipkart-minutes,jivo-pomace-olive-oil-plastic-bottle-1l,Pune,411014,400,409,2.2,0
2026-05-23-1200,2026-05-23,flipkart-minutes,jivo-pomace-olive-oil-plastic-bottle-1l,Kolkata,700064,438,447,2,0
2026-05-23-1200,2026-05-23,flipkart-minutes,jivo-pomace-olive-oil-tin-5l,Chandigarh,160017,2264,4999,54.7,1
2026-05-23-1200,2026-05-23,flipkart-minutes,jivo-pomace-olive-oil-tin-5l,Noida,201301,2071,4999,58.6,1
2026-05-23-1200,2026-05-23,flipkart-minutes,jivo-pomace-olive-oil-tin-5l,Noida,201309,2071,4999,58.6,1
2026-05-23-1200,2026-05-23,flipkart-minutes,jivo-soybean-oil-soyabean-oil-pouch-1l,Gurgaon,122002,174,178,2.2,0
2026-05-23-1200,2026-05-23,flipkart-minutes,jivo-soybean-oil-soyabean-oil-pouch-1l,Chandigarh,160017,174,178,2.2,0
2026-05-23-1200,2026-05-23,flipkart-minutes,jivo-soybean-oil-soyabean-oil-pouch-1l,Noida,201301,174,178,2.2,0
2026-05-23-1200,2026-05-23,flipkart-minutes,jivo-soybean-oil-soyabean-oil-pouch-1l,Kolkata,700064,139,142,2.1,0
2026-05-23-1600,2026-05-23,flipkart-minutes,jivo-cold-press-canola-oil-plastic-bottle-1l,Delhi,110027,242,375,35.5,1
2026-05-23-1600,2026-05-23,flipkart-minutes,jivo-cold-press-canola-oil-plastic-bottle-1l,Faridabad,121007,253,375,32.5,1
2026-05-23-1600,2026-05-23,flipkart-minutes,jivo-cold-press-canola-oil-plastic-bottle-1l,Gurgaon,122002,253,375,32.5,1
2026-05-23-1600,2026-05-23,flipkart-minutes,jivo-cold-press-canola-oil-plastic-bottle-1l,Gurgaon,122011,253,375,32.5,1
2026-05-23-1600,2026-05-23,flipkart-minutes,jivo-cold-press-canola-oil-plastic-bottle-1l,Chandigarh,160017,242,375,35.5,1
2026-05-23-1600,2026-05-23,flipkart-minutes,jivo-cold-press-canola-oil-plastic-bottle-1l,Noida,201309,253,375,32.5,1
2026-05-23-1600,2026-05-23,flipkart-minutes,jivo-cold-press-canola-oil-plastic-bottle-1l,Lucknow,226010,242,375,35.5,1
2026-05-23-1600,2026-05-23,flipkart-minutes,jivo-cold-press-canola-oil-plastic-bottle-1l,Mumbai,400013,245,251,2.4,0
2026-05-23-1600,2026-05-23,flipkart-minutes,jivo-cold-press-canola-oil-plastic-bottle-1l,Pune,411014,245,251,2.4,0
2026-05-23-1600,2026-05-23,flipkart-minutes,jivo-cold-press-canola-oil-plastic-bottle-1l,Hyderabad,500034,263,375,29.9,1
2026-05-23-1600,2026-05-23,flipkart-minutes,jivo-cold-press-canola-oil-plastic-bottle-1l,Mysuru,570023,250,256,2.3,0
2026-05-23-1600,2026-05-23,flipkart-minutes,jivo-cold-press-canola-oil-plastic-bottle-1l,Chennai,600040,263,375,29.9,1
2026-05-23-1600,2026-05-23,flipkart-minutes,jivo-cold-press-canola-oil-plastic-bottle-1l,Chennai,600042,263,375,29.9,1
2026-05-23-1600,2026-05-23,flipkart-minutes,jivo-cold-press-canola-oil-plastic-bottle-1l,Coimbatore,641002,263,375,29.9,1
2026-05-23-1600,2026-05-23,flipkart-minutes,jivo-cold-press-canola-oil-plastic-bottle-1l,Kolkata,700064,265,271,2.2,0
2026-05-23-1600,2026-05-23,flipkart-minutes,jivo-cold-pressed-pure-cooking-mustard-oil-can-4l,Faridabad,121007,681,1000,31.9,1
2026-05-23-1600,2026-05-23,flipkart-minutes,jivo-cold-pressed-pure-cooking-mustard-oil-can-4l,Gurgaon,122002,681,1000,31.9,1
2026-05-23-1600,2026-05-23,flipkart-minutes,jivo-cold-pressed-pure-cooking-mustard-oil-can-5l,Delhi,110027,929,1250,25.7,1
2026-05-23-1600,2026-05-23,flipkart-minutes,jivo-cold-pressed-pure-cooking-mustard-oil-can-5l,Gurgaon,122011,929,1250,25.7,1
2026-05-23-1600,2026-05-23,flipkart-minutes,jivo-cold-pressed-pure-cooking-mustard-oil-can-5l,Noida,201309,929,1250,25.7,1
2026-05-23-1600,2026-05-23,flipkart-minutes,jivo-cold-pressed-pure-cooking-mustard-oil-plastic-bottle-1l,Delhi,110027,169,255,33.7,1
2026-05-23-1600,2026-05-23,flipkart-minutes,jivo-cold-pressed-pure-cooking-mustard-oil-plastic-bottle-1l,Faridabad,121007,169,255,33.7,1
2026-05-23-1600,2026-05-23,flipkart-minutes,jivo-cold-pressed-pure-cooking-mustard-oil-plastic-bottle-1l,Gurgaon,122002,169,255,33.7,1
2026-05-23-1600,2026-05-23,flipkart-minutes,jivo-cold-pressed-pure-cooking-mustard-oil-plastic-bottle-1l,Gurgaon,122011,169,255,33.7,1
2026-05-23-1600,2026-05-23,flipkart-minutes,jivo-cold-pressed-pure-cooking-mustard-oil-plastic-bottle-1l,Chandigarh,160017,174,255,31.8,1
2026-05-23-1600,2026-05-23,flipkart-minutes,jivo-cold-pressed-pure-cooking-mustard-oil-plastic-bottle-1l,Noida,201309,169,255,33.7,1
2026-05-23-1600,2026-05-23,flipkart-minutes,jivo-cold-pressed-pure-cooking-mustard-oil-plastic-bottle-1l,Lucknow,226010,168,255,34.1,1
2026-05-23-1600,2026-05-23,flipkart-minutes,jivo-cooking-sunflower-oil-can-4l,Hyderabad,500034,738,738,0,0
2026-05-23-1600,2026-05-23,flipkart-minutes,jivo-extra-light-olive-oil-can-2l,Delhi,110027,1864,2799,33.4,1
2026-05-23-1600,2026-05-23,flipkart-minutes,jivo-extra-light-olive-oil-can-2l,Faridabad,121007,1864,2799,33.4,1
2026-05-23-1600,2026-05-23,flipkart-minutes,jivo-extra-light-olive-oil-can-2l,Gurgaon,122002,1864,2799,33.4,1
2026-05-23-1600,2026-05-23,flipkart-minutes,jivo-extra-light-olive-oil-can-2l,Gurgaon,122011,1864,2799,33.4,1
2026-05-23-1600,2026-05-23,flipkart-minutes,jivo-extra-light-olive-oil-can-2l,Noida,201309,1864,2799,33.4,1
2026-05-23-1600,2026-05-23,flipkart-minutes,jivo-mineral-water-na,Gurgaon,122002,23,23,0,0
2026-05-23-1600,2026-05-23,flipkart-minutes,jivo-mineral-water-na,Noida,201309,23,23,0,0
2026-05-23-1600,2026-05-23,flipkart-minutes,jivo-mineral-water-na,Mumbai,400013,22,22,0,0
2026-05-23-1600,2026-05-23,flipkart-minutes,jivo-mineral-water-na,Mumbai,400069,22,22,0,0
2026-05-23-1600,2026-05-23,flipkart-minutes,jivo-mineral-water-na,Pune,411014,22,22,0,0
2026-05-23-1600,2026-05-23,flipkart-minutes,jivo-mineral-water-na,Kolkata,700064,23,23,0,0
2026-05-23-1600,2026-05-23,flipkart-minutes,jivo-pomace-olive-oil-plastic-bottle-1l,Delhi,110027,377,1043,63.9,1
2026-05-23-1600,2026-05-23,flipkart-minutes,jivo-pomace-olive-oil-plastic-bottle-1l,Gurgaon,122002,380,1049,63.8,1
2026-05-23-1600,2026-05-23,flipkart-minutes,jivo-pomace-olive-oil-plastic-bottle-1l,Chandigarh,160017,404,1049,61.5,1
2026-05-23-1600,2026-05-23,flipkart-minutes,jivo-pomace-olive-oil-plastic-bottle-1l,Noida,201309,380,1049,63.8,1
2026-05-23-1600,2026-05-23,flipkart-minutes,jivo-pomace-olive-oil-plastic-bottle-1l,Mumbai,400013,400,409,2.2,0
2026-05-23-1600,2026-05-23,flipkart-minutes,jivo-pomace-olive-oil-plastic-bottle-1l,Pune,411014,400,409,2.2,0
2026-05-23-1600,2026-05-23,flipkart-minutes,jivo-pomace-olive-oil-plastic-bottle-1l,Kolkata,700064,438,447,2,0
2026-05-23-1600,2026-05-23,flipkart-minutes,jivo-pomace-olive-oil-tin-5l,Faridabad,121007,2071,4999,58.6,1
2026-05-23-1600,2026-05-23,flipkart-minutes,jivo-pomace-olive-oil-tin-5l,Chandigarh,160017,2264,4999,54.7,1
2026-05-23-1600,2026-05-23,flipkart-minutes,jivo-pomace-olive-oil-tin-5l,Noida,201309,2071,4999,58.6,1
2026-05-23-1600,2026-05-23,flipkart-minutes,jivo-soybean-oil-soyabean-oil-pouch-1l,Gurgaon,122002,174,178,2.2,0
2026-05-23-1600,2026-05-23,flipkart-minutes,jivo-soybean-oil-soyabean-oil-pouch-1l,Chandigarh,160017,174,178,2.2,0
2026-05-23-1600,2026-05-23,flipkart-minutes,jivo-soybean-oil-soyabean-oil-pouch-1l,Noida,201309,174,178,2.2,0
2026-05-23-1600,2026-05-23,flipkart-minutes,jivo-soybean-oil-soyabean-oil-pouch-1l,Kolkata,700064,139,142,2.1,0
2026-05-24-0900,2026-05-24,flipkart-minutes,jivo-cold-press-canola-oil-plastic-bottle-1l,Delhi,110027,242,375,35.5,1
2026-05-24-0900,2026-05-24,flipkart-minutes,jivo-cold-press-canola-oil-plastic-bottle-1l,Gurgaon,122002,253,375,32.5,1
2026-05-24-0900,2026-05-24,flipkart-minutes,jivo-cold-press-canola-oil-plastic-bottle-1l,Chandigarh,160017,242,375,35.5,1
2026-05-24-0900,2026-05-24,flipkart-minutes,jivo-cold-press-canola-oil-plastic-bottle-1l,Ghaziabad,201014,255,375,32,1
2026-05-24-0900,2026-05-24,flipkart-minutes,jivo-cold-press-canola-oil-plastic-bottle-1l,Jaipur,302017,242,375,35.5,1
2026-05-24-0900,2026-05-24,flipkart-minutes,jivo-cold-press-canola-oil-plastic-bottle-1l,Ahmedabad,380009,245,250,2,0
2026-05-24-0900,2026-05-24,flipkart-minutes,jivo-cold-press-canola-oil-plastic-bottle-1l,Ahmedabad,380054,245,250,2,0
2026-05-24-0900,2026-05-24,flipkart-minutes,jivo-cold-press-canola-oil-plastic-bottle-1l,Hyderabad,500034,263,375,29.9,1
2026-05-24-0900,2026-05-24,flipkart-minutes,jivo-cold-press-canola-oil-plastic-bottle-1l,Visakhapatnam,530017,263,375,29.9,1
2026-05-24-0900,2026-05-24,flipkart-minutes,jivo-cold-press-canola-oil-plastic-bottle-1l,Chennai,600040,263,375,29.9,1
2026-05-24-0900,2026-05-24,flipkart-minutes,jivo-cold-press-canola-oil-plastic-bottle-1l,Coimbatore,641002,263,375,29.9,1
2026-05-24-0900,2026-05-24,flipkart-minutes,jivo-cold-press-canola-oil-plastic-bottle-1l,Kolkata,700064,265,271,2.2,0
2026-05-24-0900,2026-05-24,flipkart-minutes,jivo-cold-press-canola-oil-plastic-bottle-1l,Patna,800013,265,271,2.2,0
2026-05-24-0900,2026-05-24,flipkart-minutes,jivo-cold-pressed-pure-cooking-mustard-oil-can-4l,Gurgaon,122002,681,1000,31.9,1
2026-05-24-0900,2026-05-24,flipkart-minutes,jivo-cold-pressed-pure-cooking-mustard-oil-can-4l,Ghaziabad,201014,681,1000,31.9,1
2026-05-24-0900,2026-05-24,flipkart-minutes,jivo-cold-pressed-pure-cooking-mustard-oil-can-5l,Delhi,110027,929,1250,25.7,1
2026-05-24-0900,2026-05-24,flipkart-minutes,jivo-cold-pressed-pure-cooking-mustard-oil-plastic-bottle-1l,Delhi,110027,169,255,33.7,1
2026-05-24-0900,2026-05-24,flipkart-minutes,jivo-cold-pressed-pure-cooking-mustard-oil-plastic-bottle-1l,Gurgaon,122002,169,255,33.7,1
2026-05-24-0900,2026-05-24,flipkart-minutes,jivo-cold-pressed-pure-cooking-mustard-oil-plastic-bottle-1l,Chandigarh,160017,174,255,31.8,1
2026-05-24-0900,2026-05-24,flipkart-minutes,jivo-cold-pressed-pure-cooking-mustard-oil-plastic-bottle-1l,Ghaziabad,201014,169,255,33.7,1
2026-05-24-0900,2026-05-24,flipkart-minutes,jivo-cold-pressed-pure-cooking-mustard-oil-plastic-bottle-1l,Jaipur,302017,179,310,42.3,1
2026-05-24-0900,2026-05-24,flipkart-minutes,jivo-cooking-sunflower-oil-can-4l,Hyderabad,500034,738,738,0,0
2026-05-24-0900,2026-05-24,flipkart-minutes,jivo-extra-light-olive-oil-can-2l,Delhi,110027,1864,2799,33.4,1
2026-05-24-0900,2026-05-24,flipkart-minutes,jivo-extra-light-olive-oil-can-2l,Gurgaon,122002,1864,2799,33.4,1
2026-05-24-0900,2026-05-24,flipkart-minutes,jivo-extra-light-olive-oil-can-2l,Ghaziabad,201014,1864,2799,33.4,1
2026-05-24-0900,2026-05-24,flipkart-minutes,jivo-mineral-water-na,Gurgaon,122002,23,23,0,0
2026-05-24-0900,2026-05-24,flipkart-minutes,jivo-mineral-water-na,Ahmedabad,380009,22,22,0,0
2026-05-24-0900,2026-05-24,flipkart-minutes,jivo-mineral-water-na,Ahmedabad,380054,22,22,0,0
2026-05-24-0900,2026-05-24,flipkart-minutes,jivo-mineral-water-na,Kolkata,700064,23,23,0,0
2026-05-24-0900,2026-05-24,flipkart-minutes,jivo-mineral-water-na,Patna,800013,23,23,0,0
2026-05-24-0900,2026-05-24,flipkart-minutes,jivo-pomace-olive-oil-plastic-bottle-1l,Delhi,110027,377,1043,63.9,1
2026-05-24-0900,2026-05-24,flipkart-minutes,jivo-pomace-olive-oil-plastic-bottle-1l,Gurgaon,122002,380,1049,63.8,1
2026-05-24-0900,2026-05-24,flipkart-minutes,jivo-pomace-olive-oil-plastic-bottle-1l,Chandigarh,160017,404,1049,61.5,1
2026-05-24-0900,2026-05-24,flipkart-minutes,jivo-pomace-olive-oil-plastic-bottle-1l,Ahmedabad,380054,427,436,2.1,0
2026-05-24-0900,2026-05-24,flipkart-minutes,jivo-pomace-olive-oil-plastic-bottle-1l,Kolkata,700064,438,447,2,0
2026-05-24-0900,2026-05-24,flipkart-minutes,jivo-pomace-olive-oil-tin-5l,Chandigarh,160017,2264,4999,54.7,1
2026-05-24-0900,2026-05-24,flipkart-minutes,jivo-soybean-oil-soyabean-oil-pouch-1l,Gurgaon,122002,174,178,2.2,0
2026-05-24-0900,2026-05-24,flipkart-minutes,jivo-soybean-oil-soyabean-oil-pouch-1l,Chandigarh,160017,174,178,2.2,0
2026-05-24-0900,2026-05-24,flipkart-minutes,jivo-soybean-oil-soyabean-oil-pouch-1l,Kolkata,700064,139,142,2.1,0
2026-05-24-1200,2026-05-24,flipkart-minutes,jivo-cold-press-canola-oil-plastic-bottle-1l,Gurgaon,122002,253,375,32.5,1
2026-05-24-1200,2026-05-24,flipkart-minutes,jivo-cold-press-canola-oil-plastic-bottle-1l,Gurgaon,122011,253,375,32.5,1
2026-05-24-1200,2026-05-24,flipkart-minutes,jivo-cold-press-canola-oil-plastic-bottle-1l,Chandigarh,160017,242,375,35.5,1
2026-05-24-1200,2026-05-24,flipkart-minutes,jivo-cold-press-canola-oil-plastic-bottle-1l,Ghaziabad,201014,255,375,32,1
2026-05-24-1200,2026-05-24,flipkart-minutes,jivo-cold-press-canola-oil-plastic-bottle-1l,Noida,201309,253,375,32.5,1
2026-05-24-1200,2026-05-24,flipkart-minutes,jivo-cold-press-canola-oil-plastic-bottle-1l,Kanpur,208001,242,375,35.5,1
2026-05-24-1200,2026-05-24,flipkart-minutes,jivo-cold-press-canola-oil-plastic-bottle-1l,Ahmedabad,380054,245,250,2,0
2026-05-24-1200,2026-05-24,flipkart-minutes,jivo-cold-press-canola-oil-plastic-bottle-1l,Mumbai,400013,245,251,2.4,0
2026-05-24-1200,2026-05-24,flipkart-minutes,jivo-cold-press-canola-oil-plastic-bottle-1l,Pune,411014,245,251,2.4,0
2026-05-24-1200,2026-05-24,flipkart-minutes,jivo-cold-press-canola-oil-plastic-bottle-1l,Hyderabad,500034,263,375,29.9,1
2026-05-24-1200,2026-05-24,flipkart-minutes,jivo-cold-press-canola-oil-plastic-bottle-1l,Visakhapatnam,530017,263,375,29.9,1
2026-05-24-1200,2026-05-24,flipkart-minutes,jivo-cold-press-canola-oil-plastic-bottle-1l,Bengaluru,560066,251,257,2.3,0
2026-05-24-1200,2026-05-24,flipkart-minutes,jivo-cold-press-canola-oil-plastic-bottle-1l,Chennai,600042,263,375,29.9,1
2026-05-24-1200,2026-05-24,flipkart-minutes,jivo-cold-press-canola-oil-plastic-bottle-1l,Patna,800013,265,271,2.2,0
2026-05-24-1200,2026-05-24,flipkart-minutes,jivo-cold-pressed-pure-cooking-mustard-oil-can-4l,Gurgaon,122002,681,1000,31.9,1
2026-05-24-1200,2026-05-24,flipkart-minutes,jivo-cold-pressed-pure-cooking-mustard-oil-can-5l,Gurgaon,122011,929,1250,25.7,1
2026-05-24-1200,2026-05-24,flipkart-minutes,jivo-cold-pressed-pure-cooking-mustard-oil-can-5l,Ghaziabad,201014,929,1250,25.7,1
2026-05-24-1200,2026-05-24,flipkart-minutes,jivo-cold-pressed-pure-cooking-mustard-oil-can-5l,Noida,201309,929,1250,25.7,1
2026-05-24-1200,2026-05-24,flipkart-minutes,jivo-cold-pressed-pure-cooking-mustard-oil-plastic-bottle-1l,Gurgaon,122002,169,255,33.7,1
2026-05-24-1200,2026-05-24,flipkart-minutes,jivo-cold-pressed-pure-cooking-mustard-oil-plastic-bottle-1l,Gurgaon,122011,169,255,33.7,1
2026-05-24-1200,2026-05-24,flipkart-minutes,jivo-cold-pressed-pure-cooking-mustard-oil-plastic-bottle-1l,Chandigarh,160017,174,255,31.8,1
2026-05-24-1200,2026-05-24,flipkart-minutes,jivo-cold-pressed-pure-cooking-mustard-oil-plastic-bottle-1l,Ghaziabad,201014,169,255,33.7,1
2026-05-24-1200,2026-05-24,flipkart-minutes,jivo-cold-pressed-pure-cooking-mustard-oil-plastic-bottle-1l,Noida,201309,169,255,33.7,1
2026-05-24-1200,2026-05-24,flipkart-minutes,jivo-cold-pressed-pure-cooking-mustard-oil-plastic-bottle-1l,Kanpur,208001,174,255,31.8,1
2026-05-24-1200,2026-05-24,flipkart-minutes,jivo-cooking-sunflower-oil-can-4l,Hyderabad,500034,738,738,0,0
2026-05-24-1200,2026-05-24,flipkart-minutes,jivo-extra-light-olive-oil-can-2l,Gurgaon,122002,1864,2799,33.4,1
2026-05-24-1200,2026-05-24,flipkart-minutes,jivo-extra-light-olive-oil-can-2l,Gurgaon,122011,1864,2799,33.4,1
2026-05-24-1200,2026-05-24,flipkart-minutes,jivo-extra-light-olive-oil-can-2l,Ghaziabad,201014,1864,2799,33.4,1
2026-05-24-1200,2026-05-24,flipkart-minutes,jivo-extra-light-olive-oil-can-2l,Noida,201309,1864,2799,33.4,1
2026-05-24-1200,2026-05-24,flipkart-minutes,jivo-mineral-water-na,Gurgaon,122002,23,23,0,0
2026-05-24-1200,2026-05-24,flipkart-minutes,jivo-mineral-water-na,Noida,201309,23,23,0,0
2026-05-24-1200,2026-05-24,flipkart-minutes,jivo-mineral-water-na,Ahmedabad,380054,22,22,0,0
2026-05-24-1200,2026-05-24,flipkart-minutes,jivo-mineral-water-na,Mumbai,400013,22,22,0,0
2026-05-24-1200,2026-05-24,flipkart-minutes,jivo-mineral-water-na,Pune,411014,22,22,0,0
2026-05-24-1200,2026-05-24,flipkart-minutes,jivo-mineral-water-na,Patna,800013,23,23,0,0
2026-05-24-1200,2026-05-24,flipkart-minutes,jivo-pomace-olive-oil-plastic-bottle-1l,Gurgaon,122002,380,1049,63.8,1
2026-05-24-1200,2026-05-24,flipkart-minutes,jivo-pomace-olive-oil-plastic-bottle-1l,Chandigarh,160017,404,1049,61.5,1
2026-05-24-1200,2026-05-24,flipkart-minutes,jivo-pomace-olive-oil-plastic-bottle-1l,Noida,201309,380,1049,63.8,1
2026-05-24-1200,2026-05-24,flipkart-minutes,jivo-pomace-olive-oil-plastic-bottle-1l,Ahmedabad,380054,427,436,2.1,0
2026-05-24-1200,2026-05-24,flipkart-minutes,jivo-pomace-olive-oil-plastic-bottle-1l,Mumbai,400013,400,409,2.2,0
2026-05-24-1200,2026-05-24,flipkart-minutes,jivo-pomace-olive-oil-plastic-bottle-1l,Pune,411014,400,409,2.2,0
2026-05-24-1200,2026-05-24,flipkart-minutes,jivo-pomace-olive-oil-tin-5l,Chandigarh,160017,2264,4999,54.7,1
2026-05-24-1200,2026-05-24,flipkart-minutes,jivo-pomace-olive-oil-tin-5l,Noida,201309,2071,4999,58.6,1
2026-05-24-1200,2026-05-24,flipkart-minutes,jivo-soybean-oil-soyabean-oil-pouch-1l,Gurgaon,122002,174,178,2.2,0
2026-05-24-1200,2026-05-24,flipkart-minutes,jivo-soybean-oil-soyabean-oil-pouch-1l,Chandigarh,160017,174,178,2.2,0
2026-05-24-1200,2026-05-24,flipkart-minutes,jivo-soybean-oil-soyabean-oil-pouch-1l,Noida,201309,174,178,2.2,0
2026-05-24-1600,2026-05-24,flipkart-minutes,jivo-cold-press-canola-oil-plastic-bottle-1l,Delhi,110027,242,375,35.5,1
2026-05-24-1600,2026-05-24,flipkart-minutes,jivo-cold-press-canola-oil-plastic-bottle-1l,Faridabad,121007,253,375,32.5,1
2026-05-24-1600,2026-05-24,flipkart-minutes,jivo-cold-press-canola-oil-plastic-bottle-1l,Gurgaon,122002,253,375,32.5,1
2026-05-24-1600,2026-05-24,flipkart-minutes,jivo-cold-press-canola-oil-plastic-bottle-1l,Chandigarh,160017,242,375,35.5,1
2026-05-24-1600,2026-05-24,flipkart-minutes,jivo-cold-press-canola-oil-plastic-bottle-1l,Ghaziabad,201014,255,375,32,1
2026-05-24-1600,2026-05-24,flipkart-minutes,jivo-cold-press-canola-oil-plastic-bottle-1l,Noida,201301,259,375,30.9,1
2026-05-24-1600,2026-05-24,flipkart-minutes,jivo-cold-press-canola-oil-plastic-bottle-1l,Noida,201309,253,375,32.5,1
2026-05-24-1600,2026-05-24,flipkart-minutes,jivo-cold-press-canola-oil-plastic-bottle-1l,Ahmedabad,380054,245,250,2,0
2026-05-24-1600,2026-05-24,flipkart-minutes,jivo-cold-press-canola-oil-plastic-bottle-1l,Hyderabad,500034,263,375,29.9,1
2026-05-24-1600,2026-05-24,flipkart-minutes,jivo-cold-press-canola-oil-plastic-bottle-1l,Visakhapatnam,530017,263,375,29.9,1
2026-05-24-1600,2026-05-24,flipkart-minutes,jivo-cold-press-canola-oil-plastic-bottle-1l,Bengaluru,560038,250,256,2.3,0
2026-05-24-1600,2026-05-24,flipkart-minutes,jivo-cold-press-canola-oil-plastic-bottle-1l,Mysuru,570023,250,256,2.3,0
2026-05-24-1600,2026-05-24,flipkart-minutes,jivo-cold-press-canola-oil-plastic-bottle-1l,Chennai,600042,263,375,29.9,1
2026-05-24-1600,2026-05-24,flipkart-minutes,jivo-cold-press-canola-oil-plastic-bottle-1l,Coimbatore,641002,263,375,29.9,1
2026-05-24-1600,2026-05-24,flipkart-minutes,jivo-cold-press-canola-oil-plastic-bottle-1l,Patna,800013,265,271,2.2,0
2026-05-24-1600,2026-05-24,flipkart-minutes,jivo-cold-pressed-pure-cooking-mustard-oil-can-4l,Faridabad,121007,681,1000,31.9,1
2026-05-24-1600,2026-05-24,flipkart-minutes,jivo-cold-pressed-pure-cooking-mustard-oil-can-4l,Gurgaon,122002,681,1000,31.9,1
2026-05-24-1600,2026-05-24,flipkart-minutes,jivo-cold-pressed-pure-cooking-mustard-oil-can-5l,Delhi,110027,929,1250,25.7,1
2026-05-24-1600,2026-05-24,flipkart-minutes,jivo-cold-pressed-pure-cooking-mustard-oil-can-5l,Noida,201309,929,1250,25.7,1
2026-05-24-1600,2026-05-24,flipkart-minutes,jivo-cold-pressed-pure-cooking-mustard-oil-plastic-bottle-1l,Delhi,110027,169,255,33.7,1
2026-05-24-1600,2026-05-24,flipkart-minutes,jivo-cold-pressed-pure-cooking-mustard-oil-plastic-bottle-1l,Faridabad,121007,169,255,33.7,1
2026-05-24-1600,2026-05-24,flipkart-minutes,jivo-cold-pressed-pure-cooking-mustard-oil-plastic-bottle-1l,Gurgaon,122002,169,255,33.7,1
2026-05-24-1600,2026-05-24,flipkart-minutes,jivo-cold-pressed-pure-cooking-mustard-oil-plastic-bottle-1l,Chandigarh,160017,174,255,31.8,1
2026-05-24-1600,2026-05-24,flipkart-minutes,jivo-cold-pressed-pure-cooking-mustard-oil-plastic-bottle-1l,Ghaziabad,201014,169,255,33.7,1
2026-05-24-1600,2026-05-24,flipkart-minutes,jivo-cold-pressed-pure-cooking-mustard-oil-plastic-bottle-1l,Noida,201301,169,255,33.7,1
2026-05-24-1600,2026-05-24,flipkart-minutes,jivo-cold-pressed-pure-cooking-mustard-oil-plastic-bottle-1l,Noida,201309,169,255,33.7,1
2026-05-24-1600,2026-05-24,flipkart-minutes,jivo-cooking-sunflower-oil-can-4l,Hyderabad,500034,738,738,0,0
2026-05-24-1600,2026-05-24,flipkart-minutes,jivo-extra-light-olive-oil-can-2l,Delhi,110027,1864,2799,33.4,1
2026-05-24-1600,2026-05-24,flipkart-minutes,jivo-extra-light-olive-oil-can-2l,Faridabad,121007,1864,2799,33.4,1
2026-05-24-1600,2026-05-24,flipkart-minutes,jivo-extra-light-olive-oil-can-2l,Gurgaon,122002,1864,2799,33.4,1
2026-05-24-1600,2026-05-24,flipkart-minutes,jivo-extra-light-olive-oil-can-2l,Ghaziabad,201014,1864,2799,33.4,1
2026-05-24-1600,2026-05-24,flipkart-minutes,jivo-extra-light-olive-oil-can-2l,Noida,201301,1864,2799,33.4,1
2026-05-24-1600,2026-05-24,flipkart-minutes,jivo-extra-light-olive-oil-can-2l,Noida,201309,1864,2799,33.4,1
2026-05-24-1600,2026-05-24,flipkart-minutes,jivo-mineral-water-na,Gurgaon,122002,23,23,0,0
2026-05-24-1600,2026-05-24,flipkart-minutes,jivo-mineral-water-na,Noida,201309,23,23,0,0
2026-05-24-1600,2026-05-24,flipkart-minutes,jivo-mineral-water-na,Ahmedabad,380054,22,22,0,0
2026-05-24-1600,2026-05-24,flipkart-minutes,jivo-mineral-water-na,Mumbai,400069,22,22,0,0
2026-05-24-1600,2026-05-24,flipkart-minutes,jivo-mineral-water-na,Patna,800013,23,23,0,0
2026-05-24-1600,2026-05-24,flipkart-minutes,jivo-pomace-olive-oil-plastic-bottle-1l,Gurgaon,122002,380,1049,63.8,1
2026-05-24-1600,2026-05-24,flipkart-minutes,jivo-pomace-olive-oil-plastic-bottle-1l,Chandigarh,160017,404,1049,61.5,1
2026-05-24-1600,2026-05-24,flipkart-minutes,jivo-pomace-olive-oil-plastic-bottle-1l,Noida,201309,380,1049,63.8,1
2026-05-24-1600,2026-05-24,flipkart-minutes,jivo-pomace-olive-oil-plastic-bottle-1l,Ahmedabad,380054,427,436,2.1,0
2026-05-24-1600,2026-05-24,flipkart-minutes,jivo-pomace-olive-oil-tin-5l,Faridabad,121007,2071,4999,58.6,1
2026-05-24-1600,2026-05-24,flipkart-minutes,jivo-pomace-olive-oil-tin-5l,Chandigarh,160017,2264,4999,54.7,1
2026-05-24-1600,2026-05-24,flipkart-minutes,jivo-pomace-olive-oil-tin-5l,Noida,201301,2071,4999,58.6,1
2026-05-24-1600,2026-05-24,flipkart-minutes,jivo-pomace-olive-oil-tin-5l,Noida,201309,2071,4999,58.6,1
2026-05-24-1600,2026-05-24,flipkart-minutes,jivo-soybean-oil-soyabean-oil-pouch-1l,Gurgaon,122002,174,178,2.2,0
2026-05-24-1600,2026-05-24,flipkart-minutes,jivo-soybean-oil-soyabean-oil-pouch-1l,Chandigarh,160017,174,178,2.2,0
2026-05-24-1600,2026-05-24,flipkart-minutes,jivo-soybean-oil-soyabean-oil-pouch-1l,Noida,201309,174,178,2.2,0
2026-05-25-0900,2026-05-25,flipkart-minutes,jivo-cold-press-canola-oil-plastic-bottle-1l,Faridabad,121007,253,375,32.5,1
2026-05-25-0900,2026-05-25,flipkart-minutes,jivo-cold-press-canola-oil-plastic-bottle-1l,Gurgaon,122002,253,375,32.5,1
2026-05-25-0900,2026-05-25,flipkart-minutes,jivo-cold-press-canola-oil-plastic-bottle-1l,Chandigarh,160017,242,375,35.5,1
2026-05-25-0900,2026-05-25,flipkart-minutes,jivo-cold-press-canola-oil-plastic-bottle-1l,Ghaziabad,201014,255,375,32,1
2026-05-25-0900,2026-05-25,flipkart-minutes,jivo-cold-press-canola-oil-plastic-bottle-1l,Noida,201301,260,375,30.7,1
2026-05-25-0900,2026-05-25,flipkart-minutes,jivo-cold-press-canola-oil-plastic-bottle-1l,Noida,201309,253,375,32.5,1
2026-05-25-0900,2026-05-25,flipkart-minutes,jivo-cold-press-canola-oil-plastic-bottle-1l,Lucknow,226010,242,375,35.5,1
2026-05-25-0900,2026-05-25,flipkart-minutes,jivo-cold-press-canola-oil-plastic-bottle-1l,Ahmedabad,380054,245,250,2,0
2026-05-25-0900,2026-05-25,flipkart-minutes,jivo-cold-press-canola-oil-plastic-bottle-1l,Mumbai,400013,245,251,2.4,0
2026-05-25-0900,2026-05-25,flipkart-minutes,jivo-cold-press-canola-oil-plastic-bottle-1l,Visakhapatnam,530017,263,375,29.9,1
2026-05-25-0900,2026-05-25,flipkart-minutes,jivo-cold-press-canola-oil-plastic-bottle-1l,Mysuru,570023,250,256,2.3,0
2026-05-25-0900,2026-05-25,flipkart-minutes,jivo-cold-press-canola-oil-plastic-bottle-1l,Chennai,600040,263,375,29.9,1
2026-05-25-0900,2026-05-25,flipkart-minutes,jivo-cold-pressed-pure-cooking-mustard-oil-can-4l,Faridabad,121007,681,1000,31.9,1
2026-05-25-0900,2026-05-25,flipkart-minutes,jivo-cold-pressed-pure-cooking-mustard-oil-can-4l,Gurgaon,122002,681,1000,31.9,1
2026-05-25-0900,2026-05-25,flipkart-minutes,jivo-cold-pressed-pure-cooking-mustard-oil-can-5l,Noida,201309,929,1250,25.7,1
2026-05-25-0900,2026-05-25,flipkart-minutes,jivo-cold-pressed-pure-cooking-mustard-oil-plastic-bottle-1l,Gurgaon,122002,169,255,33.7,1
2026-05-25-0900,2026-05-25,flipkart-minutes,jivo-cold-pressed-pure-cooking-mustard-oil-plastic-bottle-1l,Chandigarh,160017,174,255,31.8,1
2026-05-25-0900,2026-05-25,flipkart-minutes,jivo-cold-pressed-pure-cooking-mustard-oil-plastic-bottle-1l,Ghaziabad,201014,169,255,33.7,1
2026-05-25-0900,2026-05-25,flipkart-minutes,jivo-cold-pressed-pure-cooking-mustard-oil-plastic-bottle-1l,Noida,201301,169,255,33.7,1
2026-05-25-0900,2026-05-25,flipkart-minutes,jivo-cold-pressed-pure-cooking-mustard-oil-plastic-bottle-1l,Noida,201309,169,255,33.7,1
2026-05-25-0900,2026-05-25,flipkart-minutes,jivo-cold-pressed-pure-cooking-mustard-oil-plastic-bottle-1l,Lucknow,226010,168,255,34.1,1
2026-05-25-0900,2026-05-25,flipkart-minutes,jivo-extra-light-olive-oil-can-2l,Faridabad,121007,1864,2799,33.4,1
2026-05-25-0900,2026-05-25,flipkart-minutes,jivo-extra-light-olive-oil-can-2l,Gurgaon,122002,1864,2799,33.4,1
2026-05-25-0900,2026-05-25,flipkart-minutes,jivo-extra-light-olive-oil-can-2l,Ghaziabad,201014,1864,2799,33.4,1
2026-05-25-0900,2026-05-25,flipkart-minutes,jivo-extra-light-olive-oil-can-2l,Noida,201301,1864,2799,33.4,1
2026-05-25-0900,2026-05-25,flipkart-minutes,jivo-extra-light-olive-oil-can-2l,Noida,201309,1864,2799,33.4,1
2026-05-25-0900,2026-05-25,flipkart-minutes,jivo-mineral-water-na,Gurgaon,122002,23,23,0,0
2026-05-25-0900,2026-05-25,flipkart-minutes,jivo-mineral-water-na,Noida,201309,23,23,0,0
2026-05-25-0900,2026-05-25,flipkart-minutes,jivo-mineral-water-na,Ahmedabad,380054,22,22,0,0
2026-05-25-0900,2026-05-25,flipkart-minutes,jivo-mineral-water-na,Mumbai,400013,22,22,0,0
2026-05-25-0900,2026-05-25,flipkart-minutes,jivo-mineral-water-na,Mumbai,400069,22,22,0,0
2026-05-25-0900,2026-05-25,flipkart-minutes,jivo-pomace-olive-oil-plastic-bottle-1l,Gurgaon,122002,380,1049,63.8,1
2026-05-25-0900,2026-05-25,flipkart-minutes,jivo-pomace-olive-oil-plastic-bottle-1l,Chandigarh,160017,404,1049,61.5,1
2026-05-25-0900,2026-05-25,flipkart-minutes,jivo-pomace-olive-oil-plastic-bottle-1l,Noida,201301,380,1049,63.8,1
2026-05-25-0900,2026-05-25,flipkart-minutes,jivo-pomace-olive-oil-plastic-bottle-1l,Noida,201309,380,1049,63.8,1
2026-05-25-0900,2026-05-25,flipkart-minutes,jivo-pomace-olive-oil-plastic-bottle-1l,Ahmedabad,380054,427,436,2.1,0
2026-05-25-0900,2026-05-25,flipkart-minutes,jivo-pomace-olive-oil-plastic-bottle-1l,Mumbai,400013,400,409,2.2,0
2026-05-25-0900,2026-05-25,flipkart-minutes,jivo-pomace-olive-oil-tin-5l,Faridabad,121007,2071,4999,58.6,1
2026-05-25-0900,2026-05-25,flipkart-minutes,jivo-pomace-olive-oil-tin-5l,Chandigarh,160017,2264,4999,54.7,1
2026-05-25-0900,2026-05-25,flipkart-minutes,jivo-pomace-olive-oil-tin-5l,Noida,201301,2071,4999,58.6,1
2026-05-25-0900,2026-05-25,flipkart-minutes,jivo-pomace-olive-oil-tin-5l,Noida,201309,2071,4999,58.6,1
2026-05-25-0900,2026-05-25,flipkart-minutes,jivo-soybean-oil-soyabean-oil-pouch-1l,Gurgaon,122002,174,178,2.2,0
2026-05-25-0900,2026-05-25,flipkart-minutes,jivo-soybean-oil-soyabean-oil-pouch-1l,Chandigarh,160017,174,178,2.2,0
2026-05-25-0900,2026-05-25,flipkart-minutes,jivo-soybean-oil-soyabean-oil-pouch-1l,Noida,201309,174,178,2.2,0
2026-05-25-1200,2026-05-25,flipkart-minutes,jivo-cold-press-canola-oil-plastic-bottle-1l,Delhi,110027,242,375,35.5,1
2026-05-25-1200,2026-05-25,flipkart-minutes,jivo-cold-press-canola-oil-plastic-bottle-1l,Gurgaon,122002,253,375,32.5,1
2026-05-25-1200,2026-05-25,flipkart-minutes,jivo-cold-press-canola-oil-plastic-bottle-1l,Gurgaon,122011,253,375,32.5,1
2026-05-25-1200,2026-05-25,flipkart-minutes,jivo-cold-press-canola-oil-plastic-bottle-1l,Noida,201309,253,375,32.5,1
2026-05-25-1200,2026-05-25,flipkart-minutes,jivo-cold-press-canola-oil-plastic-bottle-1l,Kanpur,208001,242,375,35.5,1
2026-05-25-1200,2026-05-25,flipkart-minutes,jivo-cold-press-canola-oil-plastic-bottle-1l,Jaipur,302017,242,375,35.5,1
2026-05-25-1200,2026-05-25,flipkart-minutes,jivo-cold-press-canola-oil-plastic-bottle-1l,Ahmedabad,380054,245,250,2,0
2026-05-25-1200,2026-05-25,flipkart-minutes,jivo-cold-press-canola-oil-plastic-bottle-1l,Mumbai,400013,245,251,2.4,0
2026-05-25-1200,2026-05-25,flipkart-minutes,jivo-cold-press-canola-oil-plastic-bottle-1l,Hyderabad,500034,263,375,29.9,1
2026-05-25-1200,2026-05-25,flipkart-minutes,jivo-cold-press-canola-oil-plastic-bottle-1l,Bengaluru,560066,253,259,2.3,0
2026-05-25-1200,2026-05-25,flipkart-minutes,jivo-cold-press-canola-oil-plastic-bottle-1l,Mysuru,570023,252,258,2.3,0
2026-05-25-1200,2026-05-25,flipkart-minutes,jivo-cold-press-canola-oil-plastic-bottle-1l,Chennai,600040,263,375,29.9,1
2026-05-25-1200,2026-05-25,flipkart-minutes,jivo-cold-press-canola-oil-plastic-bottle-1l,Chennai,600042,263,375,29.9,1
2026-05-25-1200,2026-05-25,flipkart-minutes,jivo-cold-press-canola-oil-plastic-bottle-1l,Coimbatore,641002,263,375,29.9,1
2026-05-25-1200,2026-05-25,flipkart-minutes,jivo-cold-press-canola-oil-plastic-bottle-1l,Kolkata,700019,265,271,2.2,0
2026-05-25-1200,2026-05-25,flipkart-minutes,jivo-cold-press-canola-oil-plastic-bottle-1l,Patna,800013,265,271,2.2,0
2026-05-25-1200,2026-05-25,flipkart-minutes,jivo-cold-pressed-pure-cooking-mustard-oil-can-4l,Gurgaon,122002,681,1000,31.9,1
2026-05-25-1200,2026-05-25,flipkart-minutes,jivo-cold-pressed-pure-cooking-mustard-oil-can-5l,Delhi,110027,929,1250,25.7,1
2026-05-25-1200,2026-05-25,flipkart-minutes,jivo-cold-pressed-pure-cooking-mustard-oil-can-5l,Gurgaon,122011,929,1250,25.7,1
2026-05-25-1200,2026-05-25,flipkart-minutes,jivo-cold-pressed-pure-cooking-mustard-oil-can-5l,Noida,201309,929,1250,25.7,1
2026-05-25-1200,2026-05-25,flipkart-minutes,jivo-cold-pressed-pure-cooking-mustard-oil-plastic-bottle-1l,Delhi,110027,169,255,33.7,1
2026-05-25-1200,2026-05-25,flipkart-minutes,jivo-cold-pressed-pure-cooking-mustard-oil-plastic-bottle-1l,Gurgaon,122002,169,255,33.7,1
2026-05-25-1200,2026-05-25,flipkart-minutes,jivo-cold-pressed-pure-cooking-mustard-oil-plastic-bottle-1l,Gurgaon,122011,169,255,33.7,1
2026-05-25-1200,2026-05-25,flipkart-minutes,jivo-cold-pressed-pure-cooking-mustard-oil-plastic-bottle-1l,Noida,201309,169,255,33.7,1
2026-05-25-1200,2026-05-25,flipkart-minutes,jivo-cold-pressed-pure-cooking-mustard-oil-plastic-bottle-1l,Kanpur,208001,174,255,31.8,1
2026-05-25-1200,2026-05-25,flipkart-minutes,jivo-cold-pressed-pure-cooking-mustard-oil-plastic-bottle-1l,Jaipur,302017,179,255,29.8,1
2026-05-25-1200,2026-05-25,flipkart-minutes,jivo-cooking-sunflower-oil-can-4l,Hyderabad,500034,738,738,0,0
2026-05-25-1200,2026-05-25,flipkart-minutes,jivo-extra-light-olive-oil-can-2l,Delhi,110027,1864,2799,33.4,1
2026-05-25-1200,2026-05-25,flipkart-minutes,jivo-extra-light-olive-oil-can-2l,Gurgaon,122002,1864,2799,33.4,1
2026-05-25-1200,2026-05-25,flipkart-minutes,jivo-extra-light-olive-oil-can-2l,Gurgaon,122011,1864,2799,33.4,1
2026-05-25-1200,2026-05-25,flipkart-minutes,jivo-extra-light-olive-oil-can-2l,Noida,201309,1864,2799,33.4,1
2026-05-25-1200,2026-05-25,flipkart-minutes,jivo-mineral-water-na,Gurgaon,122002,23,23,0,0
2026-05-25-1200,2026-05-25,flipkart-minutes,jivo-mineral-water-na,Noida,201309,23,23,0,0
2026-05-25-1200,2026-05-25,flipkart-minutes,jivo-mineral-water-na,Ahmedabad,380054,22,22,0,0
2026-05-25-1200,2026-05-25,flipkart-minutes,jivo-mineral-water-na,Mumbai,400013,22,22,0,0
2026-05-25-1200,2026-05-25,flipkart-minutes,jivo-mineral-water-na,Mumbai,400069,22,22,0,0
2026-05-25-1200,2026-05-25,flipkart-minutes,jivo-mineral-water-na,Kolkata,700019,23,23,0,0
2026-05-25-1200,2026-05-25,flipkart-minutes,jivo-mineral-water-na,Patna,800013,23,23,0,0
2026-05-25-1200,2026-05-25,flipkart-minutes,jivo-pomace-olive-oil-plastic-bottle-1l,Gurgaon,122002,380,1049,63.8,1
2026-05-25-1200,2026-05-25,flipkart-minutes,jivo-pomace-olive-oil-plastic-bottle-1l,Noida,201309,380,1049,63.8,1
2026-05-25-1200,2026-05-25,flipkart-minutes,jivo-pomace-olive-oil-plastic-bottle-1l,Ahmedabad,380054,427,436,2.1,0
2026-05-25-1200,2026-05-25,flipkart-minutes,jivo-pomace-olive-oil-plastic-bottle-1l,Mumbai,400013,400,409,2.2,0
2026-05-25-1200,2026-05-25,flipkart-minutes,jivo-pomace-olive-oil-plastic-bottle-1l,Kolkata,700019,438,447,2,0
2026-05-25-1200,2026-05-25,flipkart-minutes,jivo-pomace-olive-oil-tin-5l,Noida,201309,2071,4999,58.6,1
2026-05-25-1200,2026-05-25,flipkart-minutes,jivo-soybean-oil-soyabean-oil-pouch-1l,Gurgaon,122002,174,178,2.2,0
2026-05-25-1200,2026-05-25,flipkart-minutes,jivo-soybean-oil-soyabean-oil-pouch-1l,Noida,201309,174,178,2.2,0
2026-05-25-1200,2026-05-25,flipkart-minutes,jivo-soybean-oil-soyabean-oil-pouch-1l,Kolkata,700019,139,142,2.1,0
2026-05-25-1600,2026-05-25,flipkart-minutes,jivo-cold-press-canola-oil-plastic-bottle-1l,Delhi,110027,242,375,35.5,1
2026-05-25-1600,2026-05-25,flipkart-minutes,jivo-cold-press-canola-oil-plastic-bottle-1l,Gurgaon,122002,253,375,32.5,1
2026-05-25-1600,2026-05-25,flipkart-minutes,jivo-cold-press-canola-oil-plastic-bottle-1l,Chandigarh,160017,242,375,35.5,1
2026-05-25-1600,2026-05-25,flipkart-minutes,jivo-cold-press-canola-oil-plastic-bottle-1l,Noida,201301,260,375,30.7,1
2026-05-25-1600,2026-05-25,flipkart-minutes,jivo-cold-press-canola-oil-plastic-bottle-1l,Noida,201309,253,375,32.5,1
2026-05-25-1600,2026-05-25,flipkart-minutes,jivo-cold-press-canola-oil-plastic-bottle-1l,Kanpur,208001,242,375,35.5,1
2026-05-25-1600,2026-05-25,flipkart-minutes,jivo-cold-press-canola-oil-plastic-bottle-1l,Lucknow,226010,242,375,35.5,1
2026-05-25-1600,2026-05-25,flipkart-minutes,jivo-cold-press-canola-oil-plastic-bottle-1l,Mumbai,400013,245,251,2.4,0
2026-05-25-1600,2026-05-25,flipkart-minutes,jivo-cold-press-canola-oil-plastic-bottle-1l,Pune,411014,245,251,2.4,0
2026-05-25-1600,2026-05-25,flipkart-minutes,jivo-cold-press-canola-oil-plastic-bottle-1l,Visakhapatnam,530017,263,375,29.9,1
2026-05-25-1600,2026-05-25,flipkart-minutes,jivo-cold-press-canola-oil-plastic-bottle-1l,Bengaluru,560038,252,258,2.3,0
2026-05-25-1600,2026-05-25,flipkart-minutes,jivo-cold-press-canola-oil-plastic-bottle-1l,Mysuru,570023,252,258,2.3,0
2026-05-25-1600,2026-05-25,flipkart-minutes,jivo-cold-press-canola-oil-plastic-bottle-1l,Chennai,600040,263,375,29.9,1
2026-05-25-1600,2026-05-25,flipkart-minutes,jivo-cold-press-canola-oil-plastic-bottle-1l,Coimbatore,641002,263,375,29.9,1
2026-05-25-1600,2026-05-25,flipkart-minutes,jivo-cold-pressed-pure-cooking-mustard-oil-can-4l,Gurgaon,122002,681,1000,31.9,1
2026-05-25-1600,2026-05-25,flipkart-minutes,jivo-cold-pressed-pure-cooking-mustard-oil-can-5l,Delhi,110027,929,1250,25.7,1
2026-05-25-1600,2026-05-25,flipkart-minutes,jivo-cold-pressed-pure-cooking-mustard-oil-can-5l,Noida,201309,929,1250,25.7,1
2026-05-25-1600,2026-05-25,flipkart-minutes,jivo-cold-pressed-pure-cooking-mustard-oil-plastic-bottle-1l,Delhi,110027,169,255,33.7,1
2026-05-25-1600,2026-05-25,flipkart-minutes,jivo-cold-pressed-pure-cooking-mustard-oil-plastic-bottle-1l,Gurgaon,122002,169,255,33.7,1
2026-05-25-1600,2026-05-25,flipkart-minutes,jivo-cold-pressed-pure-cooking-mustard-oil-plastic-bottle-1l,Chandigarh,160017,174,255,31.8,1
2026-05-25-1600,2026-05-25,flipkart-minutes,jivo-cold-pressed-pure-cooking-mustard-oil-plastic-bottle-1l,Noida,201301,169,255,33.7,1
2026-05-25-1600,2026-05-25,flipkart-minutes,jivo-cold-pressed-pure-cooking-mustard-oil-plastic-bottle-1l,Noida,201309,169,255,33.7,1
2026-05-25-1600,2026-05-25,flipkart-minutes,jivo-cold-pressed-pure-cooking-mustard-oil-plastic-bottle-1l,Kanpur,208001,174,255,31.8,1
2026-05-25-1600,2026-05-25,flipkart-minutes,jivo-extra-light-olive-oil-can-2l,Delhi,110027,1864,2799,33.4,1
2026-05-25-1600,2026-05-25,flipkart-minutes,jivo-extra-light-olive-oil-can-2l,Gurgaon,122002,1864,2799,33.4,1
2026-05-25-1600,2026-05-25,flipkart-minutes,jivo-extra-light-olive-oil-can-2l,Noida,201301,1864,2799,33.4,1
2026-05-25-1600,2026-05-25,flipkart-minutes,jivo-extra-light-olive-oil-can-2l,Noida,201309,1864,2799,33.4,1
2026-05-25-1600,2026-05-25,flipkart-minutes,jivo-mineral-water-na,Gurgaon,122002,23,23,0,0
2026-05-25-1600,2026-05-25,flipkart-minutes,jivo-mineral-water-na,Noida,201309,23,23,0,0
2026-05-25-1600,2026-05-25,flipkart-minutes,jivo-mineral-water-na,Mumbai,400013,22,22,0,0
2026-05-25-1600,2026-05-25,flipkart-minutes,jivo-mineral-water-na,Mumbai,400069,22,22,0,0
2026-05-25-1600,2026-05-25,flipkart-minutes,jivo-pomace-olive-oil-plastic-bottle-1l,Gurgaon,122002,380,1049,63.8,1
2026-05-25-1600,2026-05-25,flipkart-minutes,jivo-pomace-olive-oil-plastic-bottle-1l,Chandigarh,160017,404,1049,61.5,1
2026-05-25-1600,2026-05-25,flipkart-minutes,jivo-pomace-olive-oil-plastic-bottle-1l,Noida,201301,380,1049,63.8,1
2026-05-25-1600,2026-05-25,flipkart-minutes,jivo-pomace-olive-oil-plastic-bottle-1l,Noida,201309,380,1049,63.8,1
2026-05-25-1600,2026-05-25,flipkart-minutes,jivo-pomace-olive-oil-plastic-bottle-1l,Mumbai,400013,400,409,2.2,0
2026-05-25-1600,2026-05-25,flipkart-minutes,jivo-pomace-olive-oil-plastic-bottle-1l,Pune,411014,400,409,2.2,0
2026-05-25-1600,2026-05-25,flipkart-minutes,jivo-pomace-olive-oil-tin-5l,Chandigarh,160017,2264,4999,54.7,1
2026-05-25-1600,2026-05-25,flipkart-minutes,jivo-pomace-olive-oil-tin-5l,Noida,201301,2071,4999,58.6,1
2026-05-25-1600,2026-05-25,flipkart-minutes,jivo-pomace-olive-oil-tin-5l,Noida,201309,2071,4999,58.6,1
2026-05-25-1600,2026-05-25,flipkart-minutes,jivo-soybean-oil-soyabean-oil-pouch-1l,Gurgaon,122002,174,178,2.2,0
2026-05-25-1600,2026-05-25,flipkart-minutes,jivo-soybean-oil-soyabean-oil-pouch-1l,Chandigarh,160017,174,178,2.2,0
2026-05-25-1600,2026-05-25,flipkart-minutes,jivo-soybean-oil-soyabean-oil-pouch-1l,Noida,201309,174,178,2.2,0
2026-05-26-0900,2026-05-26,flipkart-minutes,jivo-cold-press-canola-oil-plastic-bottle-1l,Faridabad,121007,254,375,32.3,1
2026-05-26-0900,2026-05-26,flipkart-minutes,jivo-cold-press-canola-oil-plastic-bottle-1l,Gurgaon,122011,254,375,32.3,1
2026-05-26-0900,2026-05-26,flipkart-minutes,jivo-cold-press-canola-oil-plastic-bottle-1l,Noida,201309,254,375,32.3,1
2026-05-26-0900,2026-05-26,flipkart-minutes,jivo-cold-press-canola-oil-plastic-bottle-1l,Ahmedabad,380054,245,250,2,0
2026-05-26-0900,2026-05-26,flipkart-minutes,jivo-cold-press-canola-oil-plastic-bottle-1l,Visakhapatnam,530017,263,375,29.9,1
2026-05-26-0900,2026-05-26,flipkart-minutes,jivo-cold-press-canola-oil-plastic-bottle-1l,Bengaluru,560066,253,259,2.3,0
2026-05-26-0900,2026-05-26,flipkart-minutes,jivo-cold-press-canola-oil-plastic-bottle-1l,Mysuru,570023,252,258,2.3,0
2026-05-26-0900,2026-05-26,flipkart-minutes,jivo-cold-press-canola-oil-plastic-bottle-1l,Chennai,600042,263,375,29.9,1
2026-05-26-0900,2026-05-26,flipkart-minutes,jivo-cold-press-canola-oil-plastic-bottle-1l,Coimbatore,641002,263,375,29.9,1
2026-05-26-0900,2026-05-26,flipkart-minutes,jivo-cold-press-canola-oil-plastic-bottle-1l,Kolkata,700019,265,271,2.2,0
2026-05-26-0900,2026-05-26,flipkart-minutes,jivo-cold-press-canola-oil-plastic-bottle-1l,Patna,800013,265,271,2.2,0
2026-05-26-0900,2026-05-26,flipkart-minutes,jivo-cold-pressed-pure-cooking-mustard-oil-can-4l,Faridabad,121007,681,1000,31.9,1
2026-05-26-0900,2026-05-26,flipkart-minutes,jivo-cold-pressed-pure-cooking-mustard-oil-can-5l,Gurgaon,122011,929,1250,25.7,1
2026-05-26-0900,2026-05-26,flipkart-minutes,jivo-cold-pressed-pure-cooking-mustard-oil-can-5l,Noida,201309,929,1250,25.7,1
2026-05-26-0900,2026-05-26,flipkart-minutes,jivo-cold-pressed-pure-cooking-mustard-oil-plastic-bottle-1l,Faridabad,121007,169,255,33.7,1
2026-05-26-0900,2026-05-26,flipkart-minutes,jivo-cold-pressed-pure-cooking-mustard-oil-plastic-bottle-1l,Gurgaon,122011,169,255,33.7,1
2026-05-26-0900,2026-05-26,flipkart-minutes,jivo-cold-pressed-pure-cooking-mustard-oil-plastic-bottle-1l,Noida,201309,169,255,33.7,1
2026-05-26-0900,2026-05-26,flipkart-minutes,jivo-extra-light-olive-oil-can-2l,Faridabad,121007,1864,2799,33.4,1
2026-05-26-0900,2026-05-26,flipkart-minutes,jivo-extra-light-olive-oil-can-2l,Gurgaon,122011,1864,2799,33.4,1
2026-05-26-0900,2026-05-26,flipkart-minutes,jivo-extra-light-olive-oil-can-2l,Noida,201309,1864,2799,33.4,1
2026-05-26-0900,2026-05-26,flipkart-minutes,jivo-mineral-water-na,Noida,201309,23,23,0,0
2026-05-26-0900,2026-05-26,flipkart-minutes,jivo-mineral-water-na,Ahmedabad,380054,22,22,0,0
2026-05-26-0900,2026-05-26,flipkart-minutes,jivo-mineral-water-na,Kolkata,700019,23,23,0,0
2026-05-26-0900,2026-05-26,flipkart-minutes,jivo-mineral-water-na,Patna,800013,23,23,0,0
2026-05-26-0900,2026-05-26,flipkart-minutes,jivo-pomace-olive-oil-plastic-bottle-1l,Noida,201309,380,1049,63.8,1
2026-05-26-0900,2026-05-26,flipkart-minutes,jivo-pomace-olive-oil-plastic-bottle-1l,Ahmedabad,380054,427,436,2.1,0
2026-05-26-0900,2026-05-26,flipkart-minutes,jivo-pomace-olive-oil-plastic-bottle-1l,Kolkata,700019,438,447,2,0
2026-05-26-0900,2026-05-26,flipkart-minutes,jivo-pomace-olive-oil-tin-5l,Faridabad,121007,2071,4999,58.6,1
2026-05-26-0900,2026-05-26,flipkart-minutes,jivo-pomace-olive-oil-tin-5l,Noida,201309,2071,4999,58.6,1
2026-05-26-0900,2026-05-26,flipkart-minutes,jivo-soybean-oil-soyabean-oil-pouch-1l,Noida,201309,174,178,2.2,0
2026-05-26-0900,2026-05-26,flipkart-minutes,jivo-soybean-oil-soyabean-oil-pouch-1l,Kolkata,700019,139,142,2.1,0
2026-05-26-1200,2026-05-26,flipkart-minutes,jivo-cold-press-canola-oil-plastic-bottle-1l,Delhi,110027,242,375,35.5,1
2026-05-26-1200,2026-05-26,flipkart-minutes,jivo-cold-press-canola-oil-plastic-bottle-1l,Gurgaon,122002,254,375,32.3,1
2026-05-26-1200,2026-05-26,flipkart-minutes,jivo-cold-press-canola-oil-plastic-bottle-1l,Chandigarh,160017,242,375,35.5,1
2026-05-26-1200,2026-05-26,flipkart-minutes,jivo-cold-press-canola-oil-plastic-bottle-1l,Noida,201309,254,375,32.3,1
2026-05-26-1200,2026-05-26,flipkart-minutes,jivo-cold-press-canola-oil-plastic-bottle-1l,Kanpur,208001,242,375,35.5,1
2026-05-26-1200,2026-05-26,flipkart-minutes,jivo-cold-press-canola-oil-plastic-bottle-1l,Jaipur,302017,242,375,35.5,1
2026-05-26-1200,2026-05-26,flipkart-minutes,jivo-cold-press-canola-oil-plastic-bottle-1l,Pune,411014,245,251,2.4,0
2026-05-26-1200,2026-05-26,flipkart-minutes,jivo-cold-press-canola-oil-plastic-bottle-1l,Hyderabad,500034,263,375,29.9,1
2026-05-26-1200,2026-05-26,flipkart-minutes,jivo-cold-press-canola-oil-plastic-bottle-1l,Chennai,600040,263,375,29.9,1
2026-05-26-1200,2026-05-26,flipkart-minutes,jivo-cold-press-canola-oil-plastic-bottle-1l,Chennai,600042,263,375,29.9,1
2026-05-26-1200,2026-05-26,flipkart-minutes,jivo-cold-press-canola-oil-plastic-bottle-1l,Coimbatore,641002,263,375,29.9,1
2026-05-26-1200,2026-05-26,flipkart-minutes,jivo-cold-press-canola-oil-plastic-bottle-1l,Kolkata,700019,265,271,2.2,0
2026-05-26-1200,2026-05-26,flipkart-minutes,jivo-cold-press-canola-oil-plastic-bottle-1l,Kolkata,700064,265,271,2.2,0
2026-05-26-1200,2026-05-26,flipkart-minutes,jivo-cold-pressed-pure-cooking-mustard-oil-can-4l,Gurgaon,122002,681,1000,31.9,1
2026-05-26-1200,2026-05-26,flipkart-minutes,jivo-cold-pressed-pure-cooking-mustard-oil-can-5l,Delhi,110027,929,1250,25.7,1
2026-05-26-1200,2026-05-26,flipkart-minutes,jivo-cold-pressed-pure-cooking-mustard-oil-can-5l,Noida,201309,929,1250,25.7,1
2026-05-26-1200,2026-05-26,flipkart-minutes,jivo-cold-pressed-pure-cooking-mustard-oil-plastic-bottle-1l,Delhi,110027,169,255,33.7,1
2026-05-26-1200,2026-05-26,flipkart-minutes,jivo-cold-pressed-pure-cooking-mustard-oil-plastic-bottle-1l,Gurgaon,122002,169,255,33.7,1
2026-05-26-1200,2026-05-26,flipkart-minutes,jivo-cold-pressed-pure-cooking-mustard-oil-plastic-bottle-1l,Chandigarh,160017,187,255,26.7,1
2026-05-26-1200,2026-05-26,flipkart-minutes,jivo-cold-pressed-pure-cooking-mustard-oil-plastic-bottle-1l,Noida,201309,169,255,33.7,1
2026-05-26-1200,2026-05-26,flipkart-minutes,jivo-cold-pressed-pure-cooking-mustard-oil-plastic-bottle-1l,Kanpur,208001,187,255,26.7,1
2026-05-26-1200,2026-05-26,flipkart-minutes,jivo-cold-pressed-pure-cooking-mustard-oil-plastic-bottle-1l,Jaipur,302017,187,255,26.7,1
2026-05-26-1200,2026-05-26,flipkart-minutes,jivo-cooking-sunflower-oil-can-4l,Hyderabad,500034,738,738,0,0
2026-05-26-1200,2026-05-26,flipkart-minutes,jivo-extra-light-olive-oil-can-2l,Delhi,110027,1864,2799,33.4,1
2026-05-26-1200,2026-05-26,flipkart-minutes,jivo-extra-light-olive-oil-can-2l,Gurgaon,122002,1864,2799,33.4,1
2026-05-26-1200,2026-05-26,flipkart-minutes,jivo-extra-light-olive-oil-can-2l,Noida,201309,1864,2799,33.4,1
2026-05-26-1200,2026-05-26,flipkart-minutes,jivo-mineral-water-na,Noida,201309,23,23,0,0
2026-05-26-1200,2026-05-26,flipkart-minutes,jivo-mineral-water-na,Mumbai,400069,22,22,0,0
2026-05-26-1200,2026-05-26,flipkart-minutes,jivo-mineral-water-na,Kolkata,700019,23,23,0,0
2026-05-26-1200,2026-05-26,flipkart-minutes,jivo-mineral-water-na,Kolkata,700064,23,23,0,0
2026-05-26-1200,2026-05-26,flipkart-minutes,jivo-pomace-olive-oil-plastic-bottle-1l,Chandigarh,160017,404,1049,61.5,1
2026-05-26-1200,2026-05-26,flipkart-minutes,jivo-pomace-olive-oil-plastic-bottle-1l,Noida,201309,380,1049,63.8,1
2026-05-26-1200,2026-05-26,flipkart-minutes,jivo-pomace-olive-oil-plastic-bottle-1l,Pune,411014,400,409,2.2,0
2026-05-26-1200,2026-05-26,flipkart-minutes,jivo-pomace-olive-oil-plastic-bottle-1l,Kolkata,700019,438,447,2,0
2026-05-26-1200,2026-05-26,flipkart-minutes,jivo-pomace-olive-oil-plastic-bottle-1l,Kolkata,700064,438,447,2,0
2026-05-26-1200,2026-05-26,flipkart-minutes,jivo-pomace-olive-oil-tin-5l,Chandigarh,160017,2264,4999,54.7,1
2026-05-26-1200,2026-05-26,flipkart-minutes,jivo-pomace-olive-oil-tin-5l,Noida,201309,2071,4999,58.6,1
2026-05-26-1200,2026-05-26,flipkart-minutes,jivo-soybean-oil-soyabean-oil-pouch-1l,Chandigarh,160017,174,178,2.2,0
2026-05-26-1200,2026-05-26,flipkart-minutes,jivo-soybean-oil-soyabean-oil-pouch-1l,Noida,201309,174,178,2.2,0
2026-05-26-1200,2026-05-26,flipkart-minutes,jivo-soybean-oil-soyabean-oil-pouch-1l,Kolkata,700019,139,142,2.1,0
2026-05-26-1200,2026-05-26,flipkart-minutes,jivo-soybean-oil-soyabean-oil-pouch-1l,Kolkata,700064,139,142,2.1,0
2026-05-26-1600,2026-05-26,flipkart-minutes,jivo-cold-press-canola-oil-plastic-bottle-1l,Delhi,110027,242,375,35.5,1
2026-05-26-1600,2026-05-26,flipkart-minutes,jivo-cold-press-canola-oil-plastic-bottle-1l,Gurgaon,122002,254,375,32.3,1
2026-05-26-1600,2026-05-26,flipkart-minutes,jivo-cold-press-canola-oil-plastic-bottle-1l,Chandigarh,160017,242,375,35.5,1
2026-05-26-1600,2026-05-26,flipkart-minutes,jivo-cold-press-canola-oil-plastic-bottle-1l,Ghaziabad,201014,257,375,31.5,1
2026-05-26-1600,2026-05-26,flipkart-minutes,jivo-cold-press-canola-oil-plastic-bottle-1l,Noida,201301,260,375,30.7,1
2026-05-26-1600,2026-05-26,flipkart-minutes,jivo-cold-press-canola-oil-plastic-bottle-1l,Mumbai,400013,245,251,2.4,0
2026-05-26-1600,2026-05-26,flipkart-minutes,jivo-cold-press-canola-oil-plastic-bottle-1l,Pune,411014,245,251,2.4,0
2026-05-26-1600,2026-05-26,flipkart-minutes,jivo-cold-press-canola-oil-plastic-bottle-1l,Hyderabad,500034,263,375,29.9,1
2026-05-26-1600,2026-05-26,flipkart-minutes,jivo-cold-press-canola-oil-plastic-bottle-1l,Visakhapatnam,530017,263,375,29.9,1
2026-05-26-1600,2026-05-26,flipkart-minutes,jivo-cold-press-canola-oil-plastic-bottle-1l,Chennai,600040,263,375,29.9,1
2026-05-26-1600,2026-05-26,flipkart-minutes,jivo-cold-press-canola-oil-plastic-bottle-1l,Coimbatore,641002,263,375,29.9,1
2026-05-26-1600,2026-05-26,flipkart-minutes,jivo-cold-press-canola-oil-plastic-bottle-1l,Patna,800013,265,271,2.2,0
2026-05-26-1600,2026-05-26,flipkart-minutes,jivo-cold-pressed-pure-cooking-mustard-oil-can-4l,Gurgaon,122002,681,1000,31.9,1
2026-05-26-1600,2026-05-26,flipkart-minutes,jivo-cold-pressed-pure-cooking-mustard-oil-can-5l,Delhi,110027,929,1250,25.7,1
2026-05-26-1600,2026-05-26,flipkart-minutes,jivo-cold-pressed-pure-cooking-mustard-oil-plastic-bottle-1l,Delhi,110027,169,255,33.7,1
2026-05-26-1600,2026-05-26,flipkart-minutes,jivo-cold-pressed-pure-cooking-mustard-oil-plastic-bottle-1l,Gurgaon,122002,169,255,33.7,1
2026-05-26-1600,2026-05-26,flipkart-minutes,jivo-cold-pressed-pure-cooking-mustard-oil-plastic-bottle-1l,Chandigarh,160017,187,255,26.7,1
2026-05-26-1600,2026-05-26,flipkart-minutes,jivo-cold-pressed-pure-cooking-mustard-oil-plastic-bottle-1l,Ghaziabad,201014,169,255,33.7,1
2026-05-26-1600,2026-05-26,flipkart-minutes,jivo-cold-pressed-pure-cooking-mustard-oil-plastic-bottle-1l,Noida,201301,169,255,33.7,1
2026-05-26-1600,2026-05-26,flipkart-minutes,jivo-cooking-sunflower-oil-can-4l,Hyderabad,500034,738,738,0,0
2026-05-26-1600,2026-05-26,flipkart-minutes,jivo-extra-light-olive-oil-can-2l,Delhi,110027,1864,2799,33.4,1
2026-05-26-1600,2026-05-26,flipkart-minutes,jivo-extra-light-olive-oil-can-2l,Gurgaon,122002,1864,2799,33.4,1
2026-05-26-1600,2026-05-26,flipkart-minutes,jivo-extra-light-olive-oil-can-2l,Ghaziabad,201014,1864,2799,33.4,1
2026-05-26-1600,2026-05-26,flipkart-minutes,jivo-extra-light-olive-oil-can-2l,Noida,201301,1864,2799,33.4,1
2026-05-26-1600,2026-05-26,flipkart-minutes,jivo-mineral-water-na,Mumbai,400013,22,22,0,0
2026-05-26-1600,2026-05-26,flipkart-minutes,jivo-mineral-water-na,Mumbai,400069,22,22,0,0
2026-05-26-1600,2026-05-26,flipkart-minutes,jivo-mineral-water-na,Patna,800013,23,23,0,0
2026-05-26-1600,2026-05-26,flipkart-minutes,jivo-pomace-olive-oil-plastic-bottle-1l,Chandigarh,160017,404,1049,61.5,1
2026-05-26-1600,2026-05-26,flipkart-minutes,jivo-pomace-olive-oil-plastic-bottle-1l,Noida,201301,380,1049,63.8,1
2026-05-26-1600,2026-05-26,flipkart-minutes,jivo-pomace-olive-oil-plastic-bottle-1l,Mumbai,400013,400,409,2.2,0
2026-05-26-1600,2026-05-26,flipkart-minutes,jivo-pomace-olive-oil-plastic-bottle-1l,Pune,411014,400,409,2.2,0
2026-05-26-1600,2026-05-26,flipkart-minutes,jivo-pomace-olive-oil-tin-5l,Chandigarh,160017,2264,4999,54.7,1
2026-05-26-1600,2026-05-26,flipkart-minutes,jivo-pomace-olive-oil-tin-5l,Noida,201301,2071,4999,58.6,1
2026-05-26-1600,2026-05-26,flipkart-minutes,jivo-soybean-oil-soyabean-oil-pouch-1l,Chandigarh,160017,174,178,2.2,0
2026-05-27-0900,2026-05-27,flipkart-minutes,jivo-cold-press-canola-oil-plastic-bottle-1l,Delhi,110027,242,375,35.5,1
2026-05-27-0900,2026-05-27,flipkart-minutes,jivo-cold-press-canola-oil-plastic-bottle-1l,Gurgaon,122002,254,375,32.3,1
2026-05-27-0900,2026-05-27,flipkart-minutes,jivo-cold-press-canola-oil-plastic-bottle-1l,Gurgaon,122011,254,375,32.3,1
2026-05-27-0900,2026-05-27,flipkart-minutes,jivo-cold-press-canola-oil-plastic-bottle-1l,Ghaziabad,201014,257,375,31.5,1
2026-05-27-0900,2026-05-27,flipkart-minutes,jivo-cold-press-canola-oil-plastic-bottle-1l,Noida,201301,260,375,30.7,1
2026-05-27-0900,2026-05-27,flipkart-minutes,jivo-cold-press-canola-oil-plastic-bottle-1l,Kanpur,208001,242,375,35.5,1
2026-05-27-0900,2026-05-27,flipkart-minutes,jivo-cold-press-canola-oil-plastic-bottle-1l,Jaipur,302017,242,375,35.5,1
2026-05-27-0900,2026-05-27,flipkart-minutes,jivo-cold-press-canola-oil-plastic-bottle-1l,Ahmedabad,380009,245,250,2,0
2026-05-27-0900,2026-05-27,flipkart-minutes,jivo-cold-press-canola-oil-plastic-bottle-1l,Mumbai,400013,245,251,2.4,0
2026-05-27-0900,2026-05-27,flipkart-minutes,jivo-cold-press-canola-oil-plastic-bottle-1l,Visakhapatnam,530017,263,375,29.9,1
2026-05-27-0900,2026-05-27,flipkart-minutes,jivo-cold-press-canola-oil-plastic-bottle-1l,Bengaluru,560038,255,261,2.3,0
2026-05-27-0900,2026-05-27,flipkart-minutes,jivo-cold-press-canola-oil-plastic-bottle-1l,Mysuru,570023,255,261,2.3,0
2026-05-27-0900,2026-05-27,flipkart-minutes,jivo-cold-press-canola-oil-plastic-bottle-1l,Chennai,600040,263,375,29.9,1
2026-05-27-0900,2026-05-27,flipkart-minutes,jivo-cold-press-canola-oil-plastic-bottle-1l,Chennai,600042,263,375,29.9,1
2026-05-27-0900,2026-05-27,flipkart-minutes,jivo-cold-press-canola-oil-plastic-bottle-1l,Coimbatore,641002,263,375,29.9,1
2026-05-27-0900,2026-05-27,flipkart-minutes,jivo-cold-press-canola-oil-plastic-bottle-1l,Kolkata,700064,265,271,2.2,0
2026-05-27-0900,2026-05-27,flipkart-minutes,jivo-cold-press-canola-oil-plastic-bottle-1l,Patna,800013,265,271,2.2,0
2026-05-27-0900,2026-05-27,flipkart-minutes,jivo-cold-pressed-pure-cooking-mustard-oil-can-4l,Gurgaon,122002,669,1000,33.1,1
2026-05-27-0900,2026-05-27,flipkart-minutes,jivo-cold-pressed-pure-cooking-mustard-oil-can-4l,Gurgaon,122011,669,1000,33.1,1
2026-05-27-0900,2026-05-27,flipkart-minutes,jivo-cold-pressed-pure-cooking-mustard-oil-can-5l,Delhi,110027,929,1250,25.7,1
2026-05-27-0900,2026-05-27,flipkart-minutes,jivo-cold-pressed-pure-cooking-mustard-oil-can-5l,Noida,201301,929,1250,25.7,1
2026-05-27-0900,2026-05-27,flipkart-minutes,jivo-cold-pressed-pure-cooking-mustard-oil-plastic-bottle-1l,Delhi,110027,169,255,33.7,1
2026-05-27-0900,2026-05-27,flipkart-minutes,jivo-cold-pressed-pure-cooking-mustard-oil-plastic-bottle-1l,Gurgaon,122002,169,255,33.7,1
2026-05-27-0900,2026-05-27,flipkart-minutes,jivo-cold-pressed-pure-cooking-mustard-oil-plastic-bottle-1l,Gurgaon,122011,169,255,33.7,1
2026-05-27-0900,2026-05-27,flipkart-minutes,jivo-cold-pressed-pure-cooking-mustard-oil-plastic-bottle-1l,Ghaziabad,201014,169,255,33.7,1
2026-05-27-0900,2026-05-27,flipkart-minutes,jivo-cold-pressed-pure-cooking-mustard-oil-plastic-bottle-1l,Noida,201301,169,255,33.7,1
2026-05-27-0900,2026-05-27,flipkart-minutes,jivo-cold-pressed-pure-cooking-mustard-oil-plastic-bottle-1l,Kanpur,208001,183,255,28.2,1
2026-05-27-0900,2026-05-27,flipkart-minutes,jivo-cold-pressed-pure-cooking-mustard-oil-plastic-bottle-1l,Jaipur,302017,183,255,28.2,1
2026-05-27-0900,2026-05-27,flipkart-minutes,jivo-extra-light-olive-oil-can-2l,Delhi,110027,1864,2799,33.4,1
2026-05-27-0900,2026-05-27,flipkart-minutes,jivo-extra-light-olive-oil-can-2l,Gurgaon,122002,1864,2799,33.4,1
2026-05-27-0900,2026-05-27,flipkart-minutes,jivo-extra-light-olive-oil-can-2l,Gurgaon,122011,1864,2799,33.4,1
2026-05-27-0900,2026-05-27,flipkart-minutes,jivo-extra-light-olive-oil-can-2l,Ghaziabad,201014,1864,2799,33.4,1
2026-05-27-0900,2026-05-27,flipkart-minutes,jivo-extra-light-olive-oil-can-2l,Noida,201301,1864,2799,33.4,1
2026-05-27-0900,2026-05-27,flipkart-minutes,jivo-mineral-water-na,Noida,201301,23,23,0,0
2026-05-27-0900,2026-05-27,flipkart-minutes,jivo-mineral-water-na,Ahmedabad,380009,22,22,0,0
2026-05-27-0900,2026-05-27,flipkart-minutes,jivo-mineral-water-na,Mumbai,400013,22,22,0,0
2026-05-27-0900,2026-05-27,flipkart-minutes,jivo-mineral-water-na,Kolkata,700064,23,23,0,0
2026-05-27-0900,2026-05-27,flipkart-minutes,jivo-mineral-water-na,Patna,800013,23,23,0,0
2026-05-27-0900,2026-05-27,flipkart-minutes,jivo-pomace-olive-oil-plastic-bottle-1l,Gurgaon,122011,380,1049,63.8,1
2026-05-27-0900,2026-05-27,flipkart-minutes,jivo-pomace-olive-oil-plastic-bottle-1l,Noida,201301,380,1049,63.8,1
2026-05-27-0900,2026-05-27,flipkart-minutes,jivo-pomace-olive-oil-plastic-bottle-1l,Mumbai,400013,400,409,2.2,0
2026-05-27-0900,2026-05-27,flipkart-minutes,jivo-pomace-olive-oil-plastic-bottle-1l,Kolkata,700064,438,447,2,0
2026-05-27-0900,2026-05-27,flipkart-minutes,jivo-pomace-olive-oil-tin-5l,Noida,201301,2071,4999,58.6,1
2026-05-27-0900,2026-05-27,flipkart-minutes,jivo-soybean-oil-soyabean-oil-pouch-1l,Noida,201301,174,178,2.2,0
2026-05-27-0900,2026-05-27,flipkart-minutes,jivo-soybean-oil-soyabean-oil-pouch-1l,Kolkata,700064,139,142,2.1,0
2026-05-27-1200,2026-05-27,flipkart-minutes,jivo-cold-press-canola-oil-plastic-bottle-1l,Delhi,110027,242,375,35.5,1
2026-05-27-1200,2026-05-27,flipkart-minutes,jivo-cold-press-canola-oil-plastic-bottle-1l,Faridabad,121007,254,375,32.3,1
2026-05-27-1200,2026-05-27,flipkart-minutes,jivo-cold-press-canola-oil-plastic-bottle-1l,Gurgaon,122002,254,375,32.3,1
2026-05-27-1200,2026-05-27,flipkart-minutes,jivo-cold-press-canola-oil-plastic-bottle-1l,Chandigarh,160017,242,375,35.5,1
2026-05-27-1200,2026-05-27,flipkart-minutes,jivo-cold-press-canola-oil-plastic-bottle-1l,Ghaziabad,201014,257,375,31.5,1
2026-05-27-1200,2026-05-27,flipkart-minutes,jivo-cold-press-canola-oil-plastic-bottle-1l,Kanpur,208001,242,375,35.5,1
2026-05-27-1200,2026-05-27,flipkart-minutes,jivo-cold-press-canola-oil-plastic-bottle-1l,Lucknow,226010,242,375,35.5,1
2026-05-27-1200,2026-05-27,flipkart-minutes,jivo-cold-press-canola-oil-plastic-bottle-1l,Jaipur,302017,242,375,35.5,1
2026-05-27-1200,2026-05-27,flipkart-minutes,jivo-cold-press-canola-oil-plastic-bottle-1l,Ahmedabad,380054,245,250,2,0
2026-05-27-1200,2026-05-27,flipkart-minutes,jivo-cold-press-canola-oil-plastic-bottle-1l,Hyderabad,500034,263,375,29.9,1
2026-05-27-1200,2026-05-27,flipkart-minutes,jivo-cold-press-canola-oil-plastic-bottle-1l,Visakhapatnam,530017,263,375,29.9,1
2026-05-27-1200,2026-05-27,flipkart-minutes,jivo-cold-press-canola-oil-plastic-bottle-1l,Bengaluru,560066,253,259,2.3,0
2026-05-27-1200,2026-05-27,flipkart-minutes,jivo-cold-press-canola-oil-plastic-bottle-1l,Chennai,600040,263,375,29.9,1
2026-05-27-1200,2026-05-27,flipkart-minutes,jivo-cold-press-canola-oil-plastic-bottle-1l,Chennai,600042,263,375,29.9,1
2026-05-27-1200,2026-05-27,flipkart-minutes,jivo-cold-press-canola-oil-plastic-bottle-1l,Coimbatore,641002,263,375,29.9,1
2026-05-27-1200,2026-05-27,flipkart-minutes,jivo-cold-press-canola-oil-plastic-bottle-1l,Kolkata,700064,265,271,2.2,0
2026-05-27-1200,2026-05-27,flipkart-minutes,jivo-cold-pressed-pure-cooking-mustard-oil-can-4l,Faridabad,121007,669,1000,33.1,1
2026-05-27-1200,2026-05-27,flipkart-minutes,jivo-cold-pressed-pure-cooking-mustard-oil-can-4l,Gurgaon,122002,669,1000,33.1,1
2026-05-27-1200,2026-05-27,flipkart-minutes,jivo-cold-pressed-pure-cooking-mustard-oil-can-5l,Delhi,110027,929,1250,25.7,1
2026-05-27-1200,2026-05-27,flipkart-minutes,jivo-cold-pressed-pure-cooking-mustard-oil-plastic-bottle-1l,Delhi,110027,169,255,33.7,1
2026-05-27-1200,2026-05-27,flipkart-minutes,jivo-cold-pressed-pure-cooking-mustard-oil-plastic-bottle-1l,Gurgaon,122002,169,255,33.7,1
2026-05-27-1200,2026-05-27,flipkart-minutes,jivo-cold-pressed-pure-cooking-mustard-oil-plastic-bottle-1l,Chandigarh,160017,169,255,33.7,1
2026-05-27-1200,2026-05-27,flipkart-minutes,jivo-cold-pressed-pure-cooking-mustard-oil-plastic-bottle-1l,Ghaziabad,201014,169,255,33.7,1
2026-05-27-1200,2026-05-27,flipkart-minutes,jivo-cold-pressed-pure-cooking-mustard-oil-plastic-bottle-1l,Kanpur,208001,169,255,33.7,1
2026-05-27-1200,2026-05-27,flipkart-minutes,jivo-cold-pressed-pure-cooking-mustard-oil-plastic-bottle-1l,Lucknow,226010,169,255,33.7,1
2026-05-27-1200,2026-05-27,flipkart-minutes,jivo-cold-pressed-pure-cooking-mustard-oil-plastic-bottle-1l,Jaipur,302017,169,255,33.7,1
2026-05-27-1200,2026-05-27,flipkart-minutes,jivo-cooking-sunflower-oil-can-4l,Hyderabad,500034,738,738,0,0
2026-05-27-1200,2026-05-27,flipkart-minutes,jivo-extra-light-olive-oil-can-2l,Delhi,110027,1864,2799,33.4,1
2026-05-27-1200,2026-05-27,flipkart-minutes,jivo-extra-light-olive-oil-can-2l,Faridabad,121007,1864,2799,33.4,1
2026-05-27-1200,2026-05-27,flipkart-minutes,jivo-extra-light-olive-oil-can-2l,Gurgaon,122002,1864,2799,33.4,1
2026-05-27-1200,2026-05-27,flipkart-minutes,jivo-extra-light-olive-oil-can-2l,Ghaziabad,201014,1864,2799,33.4,1
2026-05-27-1200,2026-05-27,flipkart-minutes,jivo-mineral-water-na,Ahmedabad,380054,22,22,0,0
2026-05-27-1200,2026-05-27,flipkart-minutes,jivo-mineral-water-na,Kolkata,700064,23,23,0,0
2026-05-27-1200,2026-05-27,flipkart-minutes,jivo-pomace-olive-oil-plastic-bottle-1l,Chandigarh,160017,404,1049,61.5,1
2026-05-27-1200,2026-05-27,flipkart-minutes,jivo-pomace-olive-oil-plastic-bottle-1l,Ahmedabad,380054,427,436,2.1,0
2026-05-27-1200,2026-05-27,flipkart-minutes,jivo-pomace-olive-oil-plastic-bottle-1l,Kolkata,700064,438,447,2,0
2026-05-27-1200,2026-05-27,flipkart-minutes,jivo-pomace-olive-oil-tin-5l,Faridabad,121007,2071,4999,58.6,1
2026-05-27-1200,2026-05-27,flipkart-minutes,jivo-pomace-olive-oil-tin-5l,Chandigarh,160017,2264,4999,54.7,1
2026-05-27-1200,2026-05-27,flipkart-minutes,jivo-soybean-oil-soyabean-oil-pouch-1l,Chandigarh,160017,174,178,2.2,0
2026-05-27-1200,2026-05-27,flipkart-minutes,jivo-soybean-oil-soyabean-oil-pouch-1l,Kolkata,700064,139,142,2.1,0
2026-05-27-1600,2026-05-27,flipkart-minutes,jivo-cold-press-canola-oil-plastic-bottle-1l,Delhi,110027,242,375,35.5,1
2026-05-27-1600,2026-05-27,flipkart-minutes,jivo-cold-press-canola-oil-plastic-bottle-1l,Gurgaon,122002,254,375,32.3,1
2026-05-27-1600,2026-05-27,flipkart-minutes,jivo-cold-press-canola-oil-plastic-bottle-1l,Gurgaon,122011,254,375,32.3,1
2026-05-27-1600,2026-05-27,flipkart-minutes,jivo-cold-press-canola-oil-plastic-bottle-1l,Chandigarh,160017,242,375,35.5,1
2026-05-27-1600,2026-05-27,flipkart-minutes,jivo-cold-press-canola-oil-plastic-bottle-1l,Ghaziabad,201014,257,375,31.5,1
2026-05-27-1600,2026-05-27,flipkart-minutes,jivo-cold-press-canola-oil-plastic-bottle-1l,Noida,201301,260,375,30.7,1
2026-05-27-1600,2026-05-27,flipkart-minutes,jivo-cold-press-canola-oil-plastic-bottle-1l,Jaipur,302017,242,375,35.5,1
2026-05-27-1600,2026-05-27,flipkart-minutes,jivo-cold-press-canola-oil-plastic-bottle-1l,Visakhapatnam,530017,263,375,29.9,1
2026-05-27-1600,2026-05-27,flipkart-minutes,jivo-cold-press-canola-oil-plastic-bottle-1l,Mysuru,570023,255,261,2.3,0
2026-05-27-1600,2026-05-27,flipkart-minutes,jivo-cold-press-canola-oil-plastic-bottle-1l,Chennai,600040,263,375,29.9,1
2026-05-27-1600,2026-05-27,flipkart-minutes,jivo-cold-press-canola-oil-plastic-bottle-1l,Coimbatore,641002,263,375,29.9,1
2026-05-27-1600,2026-05-27,flipkart-minutes,jivo-cold-press-canola-oil-plastic-bottle-1l,Kolkata,700064,265,271,2.2,0
2026-05-27-1600,2026-05-27,flipkart-minutes,jivo-cold-press-canola-oil-plastic-bottle-1l,Patna,800013,265,271,2.2,0
2026-05-27-1600,2026-05-27,flipkart-minutes,jivo-cold-pressed-pure-cooking-mustard-oil-can-4l,Gurgaon,122002,669,1000,33.1,1
2026-05-27-1600,2026-05-27,flipkart-minutes,jivo-cold-pressed-pure-cooking-mustard-oil-can-4l,Gurgaon,122011,669,1000,33.1,1
2026-05-27-1600,2026-05-27,flipkart-minutes,jivo-cold-pressed-pure-cooking-mustard-oil-can-5l,Delhi,110027,929,1250,25.7,1
2026-05-27-1600,2026-05-27,flipkart-minutes,jivo-cold-pressed-pure-cooking-mustard-oil-can-5l,Noida,201301,929,1250,25.7,1
2026-05-27-1600,2026-05-27,flipkart-minutes,jivo-cold-pressed-pure-cooking-mustard-oil-plastic-bottle-1l,Delhi,110027,169,255,33.7,1
2026-05-27-1600,2026-05-27,flipkart-minutes,jivo-cold-pressed-pure-cooking-mustard-oil-plastic-bottle-1l,Gurgaon,122002,169,255,33.7,1
2026-05-27-1600,2026-05-27,flipkart-minutes,jivo-cold-pressed-pure-cooking-mustard-oil-plastic-bottle-1l,Gurgaon,122011,169,255,33.7,1
2026-05-27-1600,2026-05-27,flipkart-minutes,jivo-cold-pressed-pure-cooking-mustard-oil-plastic-bottle-1l,Chandigarh,160017,169,255,33.7,1
2026-05-27-1600,2026-05-27,flipkart-minutes,jivo-cold-pressed-pure-cooking-mustard-oil-plastic-bottle-1l,Ghaziabad,201014,169,255,33.7,1
2026-05-27-1600,2026-05-27,flipkart-minutes,jivo-cold-pressed-pure-cooking-mustard-oil-plastic-bottle-1l,Noida,201301,169,255,33.7,1
2026-05-27-1600,2026-05-27,flipkart-minutes,jivo-cold-pressed-pure-cooking-mustard-oil-plastic-bottle-1l,Jaipur,302017,169,255,33.7,1
2026-05-27-1600,2026-05-27,flipkart-minutes,jivo-extra-light-olive-oil-can-2l,Delhi,110027,1919,2799,31.4,1
2026-05-27-1600,2026-05-27,flipkart-minutes,jivo-extra-light-olive-oil-can-2l,Gurgaon,122002,1919,2799,31.4,1
2026-05-27-1600,2026-05-27,flipkart-minutes,jivo-extra-light-olive-oil-can-2l,Gurgaon,122011,1919,2799,31.4,1
2026-05-27-1600,2026-05-27,flipkart-minutes,jivo-extra-light-olive-oil-can-2l,Ghaziabad,201014,1919,2799,31.4,1
2026-05-27-1600,2026-05-27,flipkart-minutes,jivo-extra-light-olive-oil-can-2l,Noida,201301,1919,2799,31.4,1
2026-05-27-1600,2026-05-27,flipkart-minutes,jivo-mineral-water-na,Noida,201301,23,23,0,0
2026-05-27-1600,2026-05-27,flipkart-minutes,jivo-mineral-water-na,Mumbai,400069,22,22,0,0
2026-05-27-1600,2026-05-27,flipkart-minutes,jivo-mineral-water-na,Kolkata,700064,23,23,0,0
2026-05-27-1600,2026-05-27,flipkart-minutes,jivo-mineral-water-na,Patna,800013,23,23,0,0
2026-05-27-1600,2026-05-27,flipkart-minutes,jivo-pomace-olive-oil-plastic-bottle-1l,Gurgaon,122011,390,1049,62.8,1
2026-05-27-1600,2026-05-27,flipkart-minutes,jivo-pomace-olive-oil-plastic-bottle-1l,Chandigarh,160017,404,1049,61.5,1
2026-05-27-1600,2026-05-27,flipkart-minutes,jivo-pomace-olive-oil-plastic-bottle-1l,Noida,201301,390,1049,62.8,1
2026-05-27-1600,2026-05-27,flipkart-minutes,jivo-pomace-olive-oil-plastic-bottle-1l,Kolkata,700064,438,447,2,0
2026-05-27-1600,2026-05-27,flipkart-minutes,jivo-pomace-olive-oil-tin-5l,Chandigarh,160017,2264,4999,54.7,1
2026-05-27-1600,2026-05-27,flipkart-minutes,jivo-pomace-olive-oil-tin-5l,Noida,201301,2099,4999,58,1
2026-05-27-1600,2026-05-27,flipkart-minutes,jivo-soybean-oil-soyabean-oil-pouch-1l,Chandigarh,160017,174,178,2.2,0
2026-05-27-1600,2026-05-27,flipkart-minutes,jivo-soybean-oil-soyabean-oil-pouch-1l,Noida,201301,174,178,2.2,0
2026-05-27-1600,2026-05-27,flipkart-minutes,jivo-soybean-oil-soyabean-oil-pouch-1l,Kolkata,700064,139,142,2.1,0
2026-05-28-0900,2026-05-28,flipkart-minutes,jivo-cold-press-canola-oil-plastic-bottle-1l,Gurgaon,122002,254,375,32.3,1
2026-05-28-0900,2026-05-28,flipkart-minutes,jivo-cold-press-canola-oil-plastic-bottle-1l,Gurgaon,122011,254,375,32.3,1
2026-05-28-0900,2026-05-28,flipkart-minutes,jivo-cold-press-canola-oil-plastic-bottle-1l,Ghaziabad,201014,254,375,32.3,1
2026-05-28-0900,2026-05-28,flipkart-minutes,jivo-cold-press-canola-oil-plastic-bottle-1l,Noida,201301,254,375,32.3,1
2026-05-28-0900,2026-05-28,flipkart-minutes,jivo-cold-press-canola-oil-plastic-bottle-1l,Noida,201309,254,375,32.3,1
2026-05-28-0900,2026-05-28,flipkart-minutes,jivo-cold-press-canola-oil-plastic-bottle-1l,Kanpur,208001,242,375,35.5,1
2026-05-28-0900,2026-05-28,flipkart-minutes,jivo-cold-press-canola-oil-plastic-bottle-1l,Lucknow,226010,242,375,35.5,1
2026-05-28-0900,2026-05-28,flipkart-minutes,jivo-cold-press-canola-oil-plastic-bottle-1l,Mumbai,400013,245,251,2.4,0
2026-05-28-0900,2026-05-28,flipkart-minutes,jivo-cold-press-canola-oil-plastic-bottle-1l,Visakhapatnam,530017,255,375,32,1
2026-05-28-0900,2026-05-28,flipkart-minutes,jivo-cold-press-canola-oil-plastic-bottle-1l,Bengaluru,560038,255,261,2.3,0
2026-05-28-0900,2026-05-28,flipkart-minutes,jivo-cold-press-canola-oil-plastic-bottle-1l,Bengaluru,560066,253,259,2.3,0
2026-05-28-0900,2026-05-28,flipkart-minutes,jivo-cold-press-canola-oil-plastic-bottle-1l,Chennai,600042,263,375,29.9,1
2026-05-28-0900,2026-05-28,flipkart-minutes,jivo-cold-press-canola-oil-plastic-bottle-1l,Kolkata,700064,265,271,2.2,0
2026-05-28-0900,2026-05-28,flipkart-minutes,jivo-cold-press-canola-oil-plastic-bottle-1l,Patna,800013,265,271,2.2,0
2026-05-28-0900,2026-05-28,flipkart-minutes,jivo-cold-pressed-pure-cooking-mustard-oil-can-4l,Gurgaon,122002,669,1000,33.1,1
2026-05-28-0900,2026-05-28,flipkart-minutes,jivo-cold-pressed-pure-cooking-mustard-oil-can-4l,Gurgaon,122011,669,1000,33.1,1
2026-05-28-0900,2026-05-28,flipkart-minutes,jivo-cold-pressed-pure-cooking-mustard-oil-can-5l,Noida,201301,929,1250,25.7,1
2026-05-28-0900,2026-05-28,flipkart-minutes,jivo-cold-pressed-pure-cooking-mustard-oil-can-5l,Noida,201309,929,1250,25.7,1
2026-05-28-0900,2026-05-28,flipkart-minutes,jivo-cold-pressed-pure-cooking-mustard-oil-plastic-bottle-1l,Gurgaon,122002,171,255,32.9,1
2026-05-28-0900,2026-05-28,flipkart-minutes,jivo-cold-pressed-pure-cooking-mustard-oil-plastic-bottle-1l,Gurgaon,122011,171,255,32.9,1
2026-05-28-0900,2026-05-28,flipkart-minutes,jivo-cold-pressed-pure-cooking-mustard-oil-plastic-bottle-1l,Ghaziabad,201014,171,255,32.9,1
2026-05-28-0900,2026-05-28,flipkart-minutes,jivo-cold-pressed-pure-cooking-mustard-oil-plastic-bottle-1l,Noida,201301,171,255,32.9,1
2026-05-28-0900,2026-05-28,flipkart-minutes,jivo-cold-pressed-pure-cooking-mustard-oil-plastic-bottle-1l,Noida,201309,171,255,32.9,1
2026-05-28-0900,2026-05-28,flipkart-minutes,jivo-cold-pressed-pure-cooking-mustard-oil-plastic-bottle-1l,Kanpur,208001,183,255,28.2,1
2026-05-28-0900,2026-05-28,flipkart-minutes,jivo-cold-pressed-pure-cooking-mustard-oil-plastic-bottle-1l,Lucknow,226010,183,255,28.2,1
2026-05-28-0900,2026-05-28,flipkart-minutes,jivo-extra-light-olive-oil-can-2l,Gurgaon,122002,1919,2799,31.4,1
2026-05-28-0900,2026-05-28,flipkart-minutes,jivo-extra-light-olive-oil-can-2l,Gurgaon,122011,1919,2799,31.4,1
2026-05-28-0900,2026-05-28,flipkart-minutes,jivo-extra-light-olive-oil-can-2l,Ghaziabad,201014,1919,2799,31.4,1
2026-05-28-0900,2026-05-28,flipkart-minutes,jivo-extra-light-olive-oil-can-2l,Noida,201301,1919,2799,31.4,1
2026-05-28-0900,2026-05-28,flipkart-minutes,jivo-extra-light-olive-oil-can-2l,Noida,201309,1919,2799,31.4,1
2026-05-28-0900,2026-05-28,flipkart-minutes,jivo-mineral-water-na,Noida,201301,23,23,0,0
2026-05-28-0900,2026-05-28,flipkart-minutes,jivo-mineral-water-na,Noida,201309,23,23,0,0
2026-05-28-0900,2026-05-28,flipkart-minutes,jivo-mineral-water-na,Mumbai,400013,22,22,0,0
2026-05-28-0900,2026-05-28,flipkart-minutes,jivo-mineral-water-na,Kolkata,700064,23,23,0,0
2026-05-28-0900,2026-05-28,flipkart-minutes,jivo-mineral-water-na,Patna,800013,23,23,0,0
2026-05-28-0900,2026-05-28,flipkart-minutes,jivo-pomace-olive-oil-plastic-bottle-1l,Gurgaon,122011,390,1049,62.8,1
2026-05-28-0900,2026-05-28,flipkart-minutes,jivo-pomace-olive-oil-plastic-bottle-1l,Noida,201301,390,1049,62.8,1
2026-05-28-0900,2026-05-28,flipkart-minutes,jivo-pomace-olive-oil-plastic-bottle-1l,Noida,201309,390,1049,62.8,1
2026-05-28-0900,2026-05-28,flipkart-minutes,jivo-pomace-olive-oil-plastic-bottle-1l,Mumbai,400013,421,430,2.1,0
2026-05-28-0900,2026-05-28,flipkart-minutes,jivo-pomace-olive-oil-plastic-bottle-1l,Kolkata,700064,438,447,2,0
2026-05-28-0900,2026-05-28,flipkart-minutes,jivo-pomace-olive-oil-tin-5l,Noida,201301,2191,4999,56.2,1
2026-05-28-0900,2026-05-28,flipkart-minutes,jivo-pomace-olive-oil-tin-5l,Noida,201309,2191,4999,56.2,1
2026-05-28-0900,2026-05-28,flipkart-minutes,jivo-soybean-oil-soyabean-oil-pouch-1l,Noida,201301,174,178,2.2,0
2026-05-28-0900,2026-05-28,flipkart-minutes,jivo-soybean-oil-soyabean-oil-pouch-1l,Noida,201309,174,178,2.2,0
2026-05-28-0900,2026-05-28,flipkart-minutes,jivo-soybean-oil-soyabean-oil-pouch-1l,Kolkata,700064,139,142,2.1,0
2026-05-28-1200,2026-05-28,flipkart-minutes,jivo-cold-press-canola-oil-plastic-bottle-1l,Gurgaon,122002,254,375,32.3,1
2026-05-28-1200,2026-05-28,flipkart-minutes,jivo-cold-press-canola-oil-plastic-bottle-1l,Gurgaon,122011,254,375,32.3,1
2026-05-28-1200,2026-05-28,flipkart-minutes,jivo-cold-press-canola-oil-plastic-bottle-1l,Chandigarh,160017,242,375,35.5,1
2026-05-28-1200,2026-05-28,flipkart-minutes,jivo-cold-press-canola-oil-plastic-bottle-1l,Ghaziabad,201014,254,375,32.3,1
2026-05-28-1200,2026-05-28,flipkart-minutes,jivo-cold-press-canola-oil-plastic-bottle-1l,Noida,201309,254,375,32.3,1
2026-05-28-1200,2026-05-28,flipkart-minutes,jivo-cold-press-canola-oil-plastic-bottle-1l,Lucknow,226010,242,375,35.5,1
2026-05-28-1200,2026-05-28,flipkart-minutes,jivo-cold-press-canola-oil-plastic-bottle-1l,Ahmedabad,380009,245,250,2,0
2026-05-28-1200,2026-05-28,flipkart-minutes,jivo-cold-press-canola-oil-plastic-bottle-1l,Ahmedabad,380054,245,250,2,0
2026-05-28-1200,2026-05-28,flipkart-minutes,jivo-cold-press-canola-oil-plastic-bottle-1l,Mumbai,400013,245,251,2.4,0
2026-05-28-1200,2026-05-28,flipkart-minutes,jivo-cold-press-canola-oil-plastic-bottle-1l,Hyderabad,500034,263,375,29.9,1
2026-05-28-1200,2026-05-28,flipkart-minutes,jivo-cold-press-canola-oil-plastic-bottle-1l,Bengaluru,560038,252,258,2.3,0
2026-05-28-1200,2026-05-28,flipkart-minutes,jivo-cold-press-canola-oil-plastic-bottle-1l,Bengaluru,560066,253,259,2.3,0
2026-05-28-1200,2026-05-28,flipkart-minutes,jivo-cold-press-canola-oil-plastic-bottle-1l,Mysuru,570023,255,261,2.3,0
2026-05-28-1200,2026-05-28,flipkart-minutes,jivo-cold-press-canola-oil-plastic-bottle-1l,Chennai,600040,263,375,29.9,1
2026-05-28-1200,2026-05-28,flipkart-minutes,jivo-cold-press-canola-oil-plastic-bottle-1l,Chennai,600042,263,375,29.9,1
2026-05-28-1200,2026-05-28,flipkart-minutes,jivo-cold-press-canola-oil-plastic-bottle-1l,Coimbatore,641002,252,375,32.8,1
2026-05-28-1200,2026-05-28,flipkart-minutes,jivo-cold-press-canola-oil-plastic-bottle-1l,Patna,800013,265,271,2.2,0
2026-05-28-1200,2026-05-28,flipkart-minutes,jivo-cold-pressed-pure-cooking-mustard-oil-can-4l,Gurgaon,122002,669,1000,33.1,1
2026-05-28-1200,2026-05-28,flipkart-minutes,jivo-cold-pressed-pure-cooking-mustard-oil-can-4l,Gurgaon,122011,669,1000,33.1,1
2026-05-28-1200,2026-05-28,flipkart-minutes,jivo-cold-pressed-pure-cooking-mustard-oil-can-4l,Noida,201309,669,1000,33.1,1
2026-05-28-1200,2026-05-28,flipkart-minutes,jivo-cold-pressed-pure-cooking-mustard-oil-plastic-bottle-1l,Gurgaon,122002,171,255,32.9,1
2026-05-28-1200,2026-05-28,flipkart-minutes,jivo-cold-pressed-pure-cooking-mustard-oil-plastic-bottle-1l,Gurgaon,122011,171,255,32.9,1
2026-05-28-1200,2026-05-28,flipkart-minutes,jivo-cold-pressed-pure-cooking-mustard-oil-plastic-bottle-1l,Chandigarh,160017,183,255,28.2,1
2026-05-28-1200,2026-05-28,flipkart-minutes,jivo-cold-pressed-pure-cooking-mustard-oil-plastic-bottle-1l,Ghaziabad,201014,171,255,32.9,1
2026-05-28-1200,2026-05-28,flipkart-minutes,jivo-cold-pressed-pure-cooking-mustard-oil-plastic-bottle-1l,Noida,201309,171,255,32.9,1
2026-05-28-1200,2026-05-28,flipkart-minutes,jivo-cold-pressed-pure-cooking-mustard-oil-plastic-bottle-1l,Lucknow,226010,183,255,28.2,1
2026-05-28-1200,2026-05-28,flipkart-minutes,jivo-cooking-sunflower-oil-can-4l,Hyderabad,500034,738,738,0,0
2026-05-28-1200,2026-05-28,flipkart-minutes,jivo-extra-light-olive-oil-can-2l,Gurgaon,122002,1919,2799,31.4,1
2026-05-28-1200,2026-05-28,flipkart-minutes,jivo-extra-light-olive-oil-can-2l,Gurgaon,122011,1919,2799,31.4,1
2026-05-28-1200,2026-05-28,flipkart-minutes,jivo-extra-light-olive-oil-can-2l,Ghaziabad,201014,1919,2799,31.4,1
2026-05-28-1200,2026-05-28,flipkart-minutes,jivo-extra-light-olive-oil-can-2l,Noida,201309,1919,2799,31.4,1
2026-05-28-1200,2026-05-28,flipkart-minutes,jivo-mineral-water-na,Noida,201309,23,23,0,0
2026-05-28-1200,2026-05-28,flipkart-minutes,jivo-mineral-water-na,Ahmedabad,380009,22,22,0,0
2026-05-28-1200,2026-05-28,flipkart-minutes,jivo-mineral-water-na,Ahmedabad,380054,22,22,0,0
2026-05-28-1200,2026-05-28,flipkart-minutes,jivo-mineral-water-na,Mumbai,400013,22,22,0,0
2026-05-28-1200,2026-05-28,flipkart-minutes,jivo-mineral-water-na,Patna,800013,23,23,0,0
2026-05-28-1200,2026-05-28,flipkart-minutes,jivo-pomace-olive-oil-plastic-bottle-1l,Gurgaon,122011,390,1049,62.8,1
2026-05-28-1200,2026-05-28,flipkart-minutes,jivo-pomace-olive-oil-plastic-bottle-1l,Chandigarh,160017,404,1049,61.5,1
2026-05-28-1200,2026-05-28,flipkart-minutes,jivo-pomace-olive-oil-plastic-bottle-1l,Noida,201309,390,1049,62.8,1
2026-05-28-1200,2026-05-28,flipkart-minutes,jivo-pomace-olive-oil-plastic-bottle-1l,Ahmedabad,380054,427,436,2.1,0
2026-05-28-1200,2026-05-28,flipkart-minutes,jivo-pomace-olive-oil-plastic-bottle-1l,Mumbai,400013,421,430,2.1,0
2026-05-28-1200,2026-05-28,flipkart-minutes,jivo-pomace-olive-oil-tin-5l,Chandigarh,160017,2264,4999,54.7,1
2026-05-28-1200,2026-05-28,flipkart-minutes,jivo-pomace-olive-oil-tin-5l,Noida,201309,2191,4999,56.2,1
2026-05-28-1200,2026-05-28,flipkart-minutes,jivo-soybean-oil-soyabean-oil-pouch-1l,Chandigarh,160017,174,178,2.2,0
2026-05-28-1200,2026-05-28,flipkart-minutes,jivo-soybean-oil-soyabean-oil-pouch-1l,Noida,201309,174,178,2.2,0
2026-05-28-1600,2026-05-28,flipkart-minutes,jivo-cold-press-canola-oil-plastic-bottle-1l,Faridabad,121007,227,375,39.5,1
2026-05-28-1600,2026-05-28,flipkart-minutes,jivo-cold-press-canola-oil-plastic-bottle-1l,Gurgaon,122002,227,375,39.5,1
2026-05-28-1600,2026-05-28,flipkart-minutes,jivo-cold-press-canola-oil-plastic-bottle-1l,Chandigarh,160017,255,375,32,1
2026-05-28-1600,2026-05-28,flipkart-minutes,jivo-cold-press-canola-oil-plastic-bottle-1l,Ghaziabad,201014,227,375,39.5,1
2026-05-28-1600,2026-05-28,flipkart-minutes,jivo-cold-press-canola-oil-plastic-bottle-1l,Noida,201309,227,375,39.5,1
2026-05-28-1600,2026-05-28,flipkart-minutes,jivo-cold-press-canola-oil-plastic-bottle-1l,Kanpur,208001,255,375,32,1
2026-05-28-1600,2026-05-28,flipkart-minutes,jivo-cold-press-canola-oil-plastic-bottle-1l,Lucknow,226010,255,375,32,1
2026-05-28-1600,2026-05-28,flipkart-minutes,jivo-cold-press-canola-oil-plastic-bottle-1l,Jaipur,302017,255,375,32,1
2026-05-28-1600,2026-05-28,flipkart-minutes,jivo-cold-press-canola-oil-plastic-bottle-1l,Ahmedabad,380009,245,250,2,0
2026-05-28-1600,2026-05-28,flipkart-minutes,jivo-cold-press-canola-oil-plastic-bottle-1l,Ahmedabad,380054,245,250,2,0
2026-05-28-1600,2026-05-28,flipkart-minutes,jivo-cold-press-canola-oil-plastic-bottle-1l,Mumbai,400013,245,251,2.4,0
2026-05-28-1600,2026-05-28,flipkart-minutes,jivo-cold-press-canola-oil-plastic-bottle-1l,Hyderabad,500034,263,375,29.9,1
2026-05-28-1600,2026-05-28,flipkart-minutes,jivo-cold-press-canola-oil-plastic-bottle-1l,Visakhapatnam,530017,252,375,32.8,1
2026-05-28-1600,2026-05-28,flipkart-minutes,jivo-cold-press-canola-oil-plastic-bottle-1l,Bengaluru,560038,252,258,2.3,0
2026-05-28-1600,2026-05-28,flipkart-minutes,jivo-cold-press-canola-oil-plastic-bottle-1l,Bengaluru,560066,253,259,2.3,0
2026-05-28-1600,2026-05-28,flipkart-minutes,jivo-cold-press-canola-oil-plastic-bottle-1l,Chennai,600040,263,375,29.9,1
2026-05-28-1600,2026-05-28,flipkart-minutes,jivo-cold-press-canola-oil-plastic-bottle-1l,Chennai,600042,263,375,29.9,1
2026-05-28-1600,2026-05-28,flipkart-minutes,jivo-cold-press-canola-oil-plastic-bottle-1l,Coimbatore,641002,252,375,32.8,1
2026-05-28-1600,2026-05-28,flipkart-minutes,jivo-cold-pressed-pure-cooking-mustard-oil-can-4l,Gurgaon,122002,669,1000,33.1,1
2026-05-28-1600,2026-05-28,flipkart-minutes,jivo-cold-pressed-pure-cooking-mustard-oil-can-4l,Noida,201309,669,1000,33.1,1
2026-05-28-1600,2026-05-28,flipkart-minutes,jivo-cold-pressed-pure-cooking-mustard-oil-plastic-bottle-1l,Delhi,110027,174,255,31.8,1
2026-05-28-1600,2026-05-28,flipkart-minutes,jivo-cold-pressed-pure-cooking-mustard-oil-plastic-bottle-1l,Gurgaon,122002,174,255,31.8,1
2026-05-28-1600,2026-05-28,flipkart-minutes,jivo-cold-pressed-pure-cooking-mustard-oil-plastic-bottle-1l,Chandigarh,160017,187,255,26.7,1
2026-05-28-1600,2026-05-28,flipkart-minutes,jivo-cold-pressed-pure-cooking-mustard-oil-plastic-bottle-1l,Ghaziabad,201014,174,255,31.8,1
2026-05-28-1600,2026-05-28,flipkart-minutes,jivo-cold-pressed-pure-cooking-mustard-oil-plastic-bottle-1l,Noida,201309,174,255,31.8,1
2026-05-28-1600,2026-05-28,flipkart-minutes,jivo-cold-pressed-pure-cooking-mustard-oil-plastic-bottle-1l,Kanpur,208001,187,255,26.7,1
2026-05-28-1600,2026-05-28,flipkart-minutes,jivo-cold-pressed-pure-cooking-mustard-oil-plastic-bottle-1l,Lucknow,226010,187,255,26.7,1
2026-05-28-1600,2026-05-28,flipkart-minutes,jivo-cold-pressed-pure-cooking-mustard-oil-plastic-bottle-1l,Jaipur,302017,187,255,26.7,1
2026-05-28-1600,2026-05-28,flipkart-minutes,jivo-cooking-sunflower-oil-can-4l,Hyderabad,500034,738,738,0,0
2026-05-28-1600,2026-05-28,flipkart-minutes,jivo-extra-light-olive-oil-can-2l,Delhi,110027,1919,2799,31.4,1
2026-05-28-1600,2026-05-28,flipkart-minutes,jivo-extra-light-olive-oil-can-2l,Faridabad,121007,1919,2799,31.4,1
2026-05-28-1600,2026-05-28,flipkart-minutes,jivo-extra-light-olive-oil-can-2l,Gurgaon,122002,1919,2799,31.4,1
2026-05-28-1600,2026-05-28,flipkart-minutes,jivo-extra-light-olive-oil-can-2l,Ghaziabad,201014,1919,2799,31.4,1
2026-05-28-1600,2026-05-28,flipkart-minutes,jivo-extra-light-olive-oil-can-2l,Noida,201309,1919,2799,31.4,1
2026-05-28-1600,2026-05-28,flipkart-minutes,jivo-mineral-water-na,Noida,201309,23,23,0,0
2026-05-28-1600,2026-05-28,flipkart-minutes,jivo-mineral-water-na,Ahmedabad,380009,22,22,0,0
2026-05-28-1600,2026-05-28,flipkart-minutes,jivo-mineral-water-na,Ahmedabad,380054,22,22,0,0
2026-05-28-1600,2026-05-28,flipkart-minutes,jivo-mineral-water-na,Mumbai,400013,22,22,0,0
2026-05-28-1600,2026-05-28,flipkart-minutes,jivo-pomace-olive-oil-plastic-bottle-1l,Chandigarh,160017,404,1049,61.5,1
2026-05-28-1600,2026-05-28,flipkart-minutes,jivo-pomace-olive-oil-plastic-bottle-1l,Noida,201309,390,1049,62.8,1
2026-05-28-1600,2026-05-28,flipkart-minutes,jivo-pomace-olive-oil-plastic-bottle-1l,Ahmedabad,380054,427,436,2.1,0
2026-05-28-1600,2026-05-28,flipkart-minutes,jivo-pomace-olive-oil-plastic-bottle-1l,Mumbai,400013,421,430,2.1,0
2026-05-28-1600,2026-05-28,flipkart-minutes,jivo-pomace-olive-oil-tin-5l,Faridabad,121007,2191,4999,56.2,1
2026-05-28-1600,2026-05-28,flipkart-minutes,jivo-pomace-olive-oil-tin-5l,Chandigarh,160017,2264,4999,54.7,1
2026-05-28-1600,2026-05-28,flipkart-minutes,jivo-pomace-olive-oil-tin-5l,Noida,201309,2191,4999,56.2,1
2026-05-28-1600,2026-05-28,flipkart-minutes,jivo-soybean-oil-soyabean-oil-pouch-1l,Chandigarh,160017,174,178,2.2,0
2026-05-28-1600,2026-05-28,flipkart-minutes,jivo-soybean-oil-soyabean-oil-pouch-1l,Noida,201309,174,178,2.2,0
2026-05-28-1600,2026-05-28,flipkart-minutes,jivo-soybean-oil-soyabean-oil-pouch-1l,Jaipur,302017,151,199,24.1,1
2026-05-29-0900,2026-05-29,flipkart-minutes,jivo-cold-press-canola-oil-plastic-bottle-1l,Delhi,110027,255,375,32,1
2026-05-29-0900,2026-05-29,flipkart-minutes,jivo-cold-press-canola-oil-plastic-bottle-1l,Faridabad,121007,227,375,39.5,1
2026-05-29-0900,2026-05-29,flipkart-minutes,jivo-cold-press-canola-oil-plastic-bottle-1l,Gurgaon,122002,227,375,39.5,1
2026-05-29-0900,2026-05-29,flipkart-minutes,jivo-cold-press-canola-oil-plastic-bottle-1l,Chandigarh,160017,255,375,32,1
2026-05-29-0900,2026-05-29,flipkart-minutes,jivo-cold-press-canola-oil-plastic-bottle-1l,Ghaziabad,201014,227,375,39.5,1
2026-05-29-0900,2026-05-29,flipkart-minutes,jivo-cold-press-canola-oil-plastic-bottle-1l,Noida,201301,227,375,39.5,1
2026-05-29-0900,2026-05-29,flipkart-minutes,jivo-cold-press-canola-oil-plastic-bottle-1l,Kanpur,208001,255,375,32,1
2026-05-29-0900,2026-05-29,flipkart-minutes,jivo-cold-press-canola-oil-plastic-bottle-1l,Lucknow,226010,255,375,32,1
2026-05-29-0900,2026-05-29,flipkart-minutes,jivo-cold-press-canola-oil-plastic-bottle-1l,Ahmedabad,380054,245,250,2,0
2026-05-29-0900,2026-05-29,flipkart-minutes,jivo-cold-press-canola-oil-plastic-bottle-1l,Mumbai,400013,245,251,2.4,0
2026-05-29-0900,2026-05-29,flipkart-minutes,jivo-cold-press-canola-oil-plastic-bottle-1l,Bengaluru,560038,250,256,2.3,0
2026-05-29-0900,2026-05-29,flipkart-minutes,jivo-cold-press-canola-oil-plastic-bottle-1l,Mysuru,570023,263,269,2.2,0
2026-05-29-0900,2026-05-29,flipkart-minutes,jivo-cold-press-canola-oil-plastic-bottle-1l,Chennai,600042,263,375,29.9,1
2026-05-29-0900,2026-05-29,flipkart-minutes,jivo-cold-press-canola-oil-plastic-bottle-1l,Coimbatore,641002,250,375,33.3,1
2026-05-29-0900,2026-05-29,flipkart-minutes,jivo-cold-press-canola-oil-plastic-bottle-1l,Kolkata,700064,265,271,2.2,0
2026-05-29-0900,2026-05-29,flipkart-minutes,jivo-cold-press-combo-canola-oil-plastic-bottle-na,Chandigarh,160017,375,375,0,1
2026-05-29-0900,2026-05-29,flipkart-minutes,jivo-cold-pressed-pure-cooking-mustard-oil-can-4l,Gurgaon,122002,669,1000,33.1,1
2026-05-29-0900,2026-05-29,flipkart-minutes,jivo-cold-pressed-pure-cooking-mustard-oil-can-5l,Delhi,110027,929,1250,25.7,1
2026-05-29-0900,2026-05-29,flipkart-minutes,jivo-cold-pressed-pure-cooking-mustard-oil-can-5l,Noida,201301,929,1250,25.7,1
2026-05-29-0900,2026-05-29,flipkart-minutes,jivo-cold-pressed-pure-cooking-mustard-oil-plastic-bottle-1l,Delhi,110027,174,255,31.8,1
2026-05-29-0900,2026-05-29,flipkart-minutes,jivo-cold-pressed-pure-cooking-mustard-oil-plastic-bottle-1l,Gurgaon,122002,174,255,31.8,1
2026-05-29-0900,2026-05-29,flipkart-minutes,jivo-cold-pressed-pure-cooking-mustard-oil-plastic-bottle-1l,Chandigarh,160017,187,255,26.7,1
2026-05-29-0900,2026-05-29,flipkart-minutes,jivo-cold-pressed-pure-cooking-mustard-oil-plastic-bottle-1l,Ghaziabad,201014,174,255,31.8,1
2026-05-29-0900,2026-05-29,flipkart-minutes,jivo-cold-pressed-pure-cooking-mustard-oil-plastic-bottle-1l,Noida,201301,174,255,31.8,1
2026-05-29-0900,2026-05-29,flipkart-minutes,jivo-cold-pressed-pure-cooking-mustard-oil-plastic-bottle-1l,Kanpur,208001,187,255,26.7,1
2026-05-29-0900,2026-05-29,flipkart-minutes,jivo-cold-pressed-pure-cooking-mustard-oil-plastic-bottle-1l,Lucknow,226010,187,255,26.7,1
2026-05-29-0900,2026-05-29,flipkart-minutes,jivo-extra-light-olive-oil-can-2l,Delhi,110027,1919,2799,31.4,1
2026-05-29-0900,2026-05-29,flipkart-minutes,jivo-extra-light-olive-oil-can-2l,Faridabad,121007,1919,2799,31.4,1
2026-05-29-0900,2026-05-29,flipkart-minutes,jivo-extra-light-olive-oil-can-2l,Gurgaon,122002,1919,2799,31.4,1
2026-05-29-0900,2026-05-29,flipkart-minutes,jivo-extra-light-olive-oil-can-2l,Ghaziabad,201014,1919,2799,31.4,1
2026-05-29-0900,2026-05-29,flipkart-minutes,jivo-extra-light-olive-oil-can-2l,Noida,201301,1919,2799,31.4,1
2026-05-29-0900,2026-05-29,flipkart-minutes,jivo-mineral-water-na,Noida,201301,23,23,0,0
2026-05-29-0900,2026-05-29,flipkart-minutes,jivo-mineral-water-na,Ahmedabad,380054,22,22,0,0
2026-05-29-0900,2026-05-29,flipkart-minutes,jivo-mineral-water-na,Mumbai,400013,22,22,0,0
2026-05-29-0900,2026-05-29,flipkart-minutes,jivo-mineral-water-na,Kolkata,700064,23,23,0,0
2026-05-29-0900,2026-05-29,flipkart-minutes,jivo-pomace-olive-oil-plastic-bottle-1l,Chandigarh,160017,404,1049,61.5,1
2026-05-29-0900,2026-05-29,flipkart-minutes,jivo-pomace-olive-oil-plastic-bottle-1l,Noida,201301,390,1049,62.8,1
2026-05-29-0900,2026-05-29,flipkart-minutes,jivo-pomace-olive-oil-plastic-bottle-1l,Ahmedabad,380054,427,436,2.1,0
2026-05-29-0900,2026-05-29,flipkart-minutes,jivo-pomace-olive-oil-plastic-bottle-1l,Mumbai,400013,421,430,2.1,0
2026-05-29-0900,2026-05-29,flipkart-minutes,jivo-pomace-olive-oil-plastic-bottle-1l,Kolkata,700064,438,447,2,0
2026-05-29-0900,2026-05-29,flipkart-minutes,jivo-pomace-olive-oil-tin-5l,Faridabad,121007,2191,4999,56.2,1
2026-05-29-0900,2026-05-29,flipkart-minutes,jivo-pomace-olive-oil-tin-5l,Chandigarh,160017,2264,4999,54.7,1
2026-05-29-0900,2026-05-29,flipkart-minutes,jivo-pomace-olive-oil-tin-5l,Noida,201301,2191,4999,56.2,1
2026-05-29-0900,2026-05-29,flipkart-minutes,jivo-soybean-oil-soyabean-oil-pouch-1l,Chandigarh,160017,174,178,2.2,0
2026-05-29-0900,2026-05-29,flipkart-minutes,jivo-soybean-oil-soyabean-oil-pouch-1l,Noida,201301,174,178,2.2,0
2026-05-29-0900,2026-05-29,flipkart-minutes,jivo-soybean-oil-soyabean-oil-pouch-1l,Kolkata,700064,139,142,2.1,0
2026-05-29-1200,2026-05-29,flipkart-minutes,jivo-cold-press-canola-oil-plastic-bottle-1l,Delhi,110027,255,375,32,1
2026-05-29-1200,2026-05-29,flipkart-minutes,jivo-cold-press-canola-oil-plastic-bottle-1l,Faridabad,121007,227,375,39.5,1
2026-05-29-1200,2026-05-29,flipkart-minutes,jivo-cold-press-canola-oil-plastic-bottle-1l,Gurgaon,122002,227,375,39.5,1
2026-05-29-1200,2026-05-29,flipkart-minutes,jivo-cold-press-canola-oil-plastic-bottle-1l,Gurgaon,122011,227,375,39.5,1
2026-05-29-1200,2026-05-29,flipkart-minutes,jivo-cold-press-canola-oil-plastic-bottle-1l,Chandigarh,160017,255,375,32,1
2026-05-29-1200,2026-05-29,flipkart-minutes,jivo-cold-press-canola-oil-plastic-bottle-1l,Ghaziabad,201014,227,375,39.5,1
2026-05-29-1200,2026-05-29,flipkart-minutes,jivo-cold-press-canola-oil-plastic-bottle-1l,Noida,201309,227,375,39.5,1
2026-05-29-1200,2026-05-29,flipkart-minutes,jivo-cold-press-canola-oil-plastic-bottle-1l,Jaipur,302017,255,375,32,1
2026-05-29-1200,2026-05-29,flipkart-minutes,jivo-cold-press-canola-oil-plastic-bottle-1l,Ahmedabad,380054,245,375,34.7,1
2026-05-29-1200,2026-05-29,flipkart-minutes,jivo-cold-press-canola-oil-plastic-bottle-1l,Bengaluru,560066,263,269,2.2,0
2026-05-29-1200,2026-05-29,flipkart-minutes,jivo-cold-press-canola-oil-plastic-bottle-1l,Mysuru,570023,263,269,2.2,0
2026-05-29-1200,2026-05-29,flipkart-minutes,jivo-cold-press-canola-oil-plastic-bottle-1l,Chennai,600040,263,375,29.9,1
2026-05-29-1200,2026-05-29,flipkart-minutes,jivo-cold-press-canola-oil-plastic-bottle-1l,Coimbatore,641002,250,375,33.3,1
2026-05-29-1200,2026-05-29,flipkart-minutes,jivo-cold-press-combo-canola-oil-plastic-bottle-na,Chandigarh,160017,375,375,0,1
2026-05-29-1200,2026-05-29,flipkart-minutes,jivo-cold-pressed-pure-cooking-mustard-oil-can-4l,Gurgaon,122002,669,1000,33.1,1
2026-05-29-1200,2026-05-29,flipkart-minutes,jivo-cold-pressed-pure-cooking-mustard-oil-can-4l,Gurgaon,122011,669,1000,33.1,1
2026-05-29-1200,2026-05-29,flipkart-minutes,jivo-cold-pressed-pure-cooking-mustard-oil-can-5l,Delhi,110027,929,1250,25.7,1
2026-05-29-1200,2026-05-29,flipkart-minutes,jivo-cold-pressed-pure-cooking-mustard-oil-can-5l,Noida,201309,929,1250,25.7,1
2026-05-29-1200,2026-05-29,flipkart-minutes,jivo-cold-pressed-pure-cooking-mustard-oil-plastic-bottle-1l,Delhi,110027,174,255,31.8,1
2026-05-29-1200,2026-05-29,flipkart-minutes,jivo-cold-pressed-pure-cooking-mustard-oil-plastic-bottle-1l,Gurgaon,122002,174,255,31.8,1
2026-05-29-1200,2026-05-29,flipkart-minutes,jivo-cold-pressed-pure-cooking-mustard-oil-plastic-bottle-1l,Gurgaon,122011,174,255,31.8,1
2026-05-29-1200,2026-05-29,flipkart-minutes,jivo-cold-pressed-pure-cooking-mustard-oil-plastic-bottle-1l,Chandigarh,160017,187,255,26.7,1
2026-05-29-1200,2026-05-29,flipkart-minutes,jivo-cold-pressed-pure-cooking-mustard-oil-plastic-bottle-1l,Noida,201309,174,255,31.8,1
2026-05-29-1200,2026-05-29,flipkart-minutes,jivo-extra-light-olive-oil-can-2l,Delhi,110027,1919,2799,31.4,1
2026-05-29-1200,2026-05-29,flipkart-minutes,jivo-extra-light-olive-oil-can-2l,Faridabad,121007,1919,2799,31.4,1
2026-05-29-1200,2026-05-29,flipkart-minutes,jivo-extra-light-olive-oil-can-2l,Gurgaon,122002,1919,2799,31.4,1
2026-05-29-1200,2026-05-29,flipkart-minutes,jivo-extra-light-olive-oil-can-2l,Gurgaon,122011,1919,2799,31.4,1
2026-05-29-1200,2026-05-29,flipkart-minutes,jivo-extra-light-olive-oil-can-2l,Ghaziabad,201014,1919,2799,31.4,1
2026-05-29-1200,2026-05-29,flipkart-minutes,jivo-extra-light-olive-oil-can-2l,Noida,201309,1919,2799,31.4,1
2026-05-29-1200,2026-05-29,flipkart-minutes,jivo-mineral-water-na,Noida,201309,23,23,0,0
2026-05-29-1200,2026-05-29,flipkart-minutes,jivo-mineral-water-na,Ahmedabad,380054,22,25,12,1
2026-05-29-1200,2026-05-29,flipkart-minutes,jivo-pomace-olive-oil-plastic-bottle-1l,Gurgaon,122011,390,1049,62.8,1
2026-05-29-1200,2026-05-29,flipkart-minutes,jivo-pomace-olive-oil-plastic-bottle-1l,Chandigarh,160017,404,1049,61.5,1
2026-05-29-1200,2026-05-29,flipkart-minutes,jivo-pomace-olive-oil-plastic-bottle-1l,Noida,201309,390,1049,62.8,1
2026-05-29-1200,2026-05-29,flipkart-minutes,jivo-pomace-olive-oil-plastic-bottle-1l,Ahmedabad,380054,427,1049,59.3,1
2026-05-29-1200,2026-05-29,flipkart-minutes,jivo-pomace-olive-oil-tin-5l,Faridabad,121007,2191,4999,56.2,1
2026-05-29-1200,2026-05-29,flipkart-minutes,jivo-pomace-olive-oil-tin-5l,Chandigarh,160017,2264,4999,54.7,1
2026-05-29-1200,2026-05-29,flipkart-minutes,jivo-pomace-olive-oil-tin-5l,Noida,201309,2191,4999,56.2,1
2026-05-29-1200,2026-05-29,flipkart-minutes,jivo-soybean-oil-soyabean-oil-pouch-1l,Chandigarh,160017,174,178,2.2,0
2026-05-29-1200,2026-05-29,flipkart-minutes,jivo-soybean-oil-soyabean-oil-pouch-1l,Noida,201309,174,178,2.2,0
2026-05-29-1200,2026-05-29,flipkart-minutes,jivo-soybean-oil-soyabean-oil-pouch-1l,Jaipur,302017,151,199,24.1,1
2026-05-29-1600,2026-05-29,flipkart-minutes,jivo-cold-press-canola-oil-plastic-bottle-1l,Gurgaon,122002,238,375,36.5,1
2026-05-29-1600,2026-05-29,flipkart-minutes,jivo-cold-press-canola-oil-plastic-bottle-1l,Gurgaon,122011,238,375,36.5,1
2026-05-29-1600,2026-05-29,flipkart-minutes,jivo-cold-press-canola-oil-plastic-bottle-1l,Noida,201309,238,375,36.5,1
2026-05-29-1600,2026-05-29,flipkart-minutes,jivo-cold-press-canola-oil-plastic-bottle-1l,Lucknow,226010,267,375,28.8,1
2026-05-29-1600,2026-05-29,flipkart-minutes,jivo-cold-press-canola-oil-plastic-bottle-1l,Ahmedabad,380009,245,250,2,0
2026-05-29-1600,2026-05-29,flipkart-minutes,jivo-cold-press-canola-oil-plastic-bottle-1l,Ahmedabad,380054,245,250,2,0
2026-05-29-1600,2026-05-29,flipkart-minutes,jivo-cold-press-canola-oil-plastic-bottle-1l,Visakhapatnam,530017,250,375,33.3,1
2026-05-29-1600,2026-05-29,flipkart-minutes,jivo-cold-press-canola-oil-plastic-bottle-1l,Bengaluru,560038,250,256,2.3,0
2026-05-29-1600,2026-05-29,flipkart-minutes,jivo-cold-press-canola-oil-plastic-bottle-1l,Bengaluru,560066,265,271,2.2,0
2026-05-29-1600,2026-05-29,flipkart-minutes,jivo-cold-press-canola-oil-plastic-bottle-1l,Chennai,600040,265,375,29.3,1
2026-05-29-1600,2026-05-29,flipkart-minutes,jivo-cold-press-canola-oil-plastic-bottle-1l,Coimbatore,641002,250,375,33.3,1
2026-05-29-1600,2026-05-29,flipkart-minutes,jivo-cold-press-canola-oil-plastic-bottle-1l,Kolkata,700019,265,271,2.2,0
2026-05-29-1600,2026-05-29,flipkart-minutes,jivo-cold-pressed-pure-cooking-mustard-oil-can-4l,Gurgaon,122002,670,1000,33,1
2026-05-29-1600,2026-05-29,flipkart-minutes,jivo-cold-pressed-pure-cooking-mustard-oil-can-4l,Gurgaon,122011,670,1000,33,1
2026-05-29-1600,2026-05-29,flipkart-minutes,jivo-cold-pressed-pure-cooking-mustard-oil-can-5l,Noida,201309,929,1250,25.7,1
2026-05-29-1600,2026-05-29,flipkart-minutes,jivo-cold-pressed-pure-cooking-mustard-oil-plastic-bottle-1l,Gurgaon,122002,169,255,33.7,1
2026-05-29-1600,2026-05-29,flipkart-minutes,jivo-cold-pressed-pure-cooking-mustard-oil-plastic-bottle-1l,Gurgaon,122011,169,255,33.7,1
2026-05-29-1600,2026-05-29,flipkart-minutes,jivo-cold-pressed-pure-cooking-mustard-oil-plastic-bottle-1l,Noida,201309,169,255,33.7,1
2026-05-29-1600,2026-05-29,flipkart-minutes,jivo-cold-pressed-pure-cooking-mustard-oil-plastic-bottle-1l,Lucknow,226010,183,255,28.2,1
2026-05-29-1600,2026-05-29,flipkart-minutes,jivo-extra-light-olive-oil-can-2l,Gurgaon,122002,1919,2799,31.4,1
2026-05-29-1600,2026-05-29,flipkart-minutes,jivo-extra-light-olive-oil-can-2l,Gurgaon,122011,1919,2799,31.4,1
2026-05-29-1600,2026-05-29,flipkart-minutes,jivo-extra-light-olive-oil-can-2l,Noida,201309,1919,2799,31.4,1
2026-05-29-1600,2026-05-29,flipkart-minutes,jivo-mineral-water-na,Noida,201309,23,23,0,0
2026-05-29-1600,2026-05-29,flipkart-minutes,jivo-mineral-water-na,Ahmedabad,380009,22,22,0,0
2026-05-29-1600,2026-05-29,flipkart-minutes,jivo-mineral-water-na,Ahmedabad,380054,22,22,0,0
2026-05-29-1600,2026-05-29,flipkart-minutes,jivo-mineral-water-na,Mumbai,400069,22,22,0,0
2026-05-29-1600,2026-05-29,flipkart-minutes,jivo-mineral-water-na,Kolkata,700019,23,23,0,0
2026-05-29-1600,2026-05-29,flipkart-minutes,jivo-pomace-olive-oil-plastic-bottle-1l,Gurgaon,122011,371,1049,64.6,1
2026-05-29-1600,2026-05-29,flipkart-minutes,jivo-pomace-olive-oil-plastic-bottle-1l,Noida,201309,371,1049,64.6,1
2026-05-29-1600,2026-05-29,flipkart-minutes,jivo-pomace-olive-oil-plastic-bottle-1l,Ahmedabad,380054,427,436,2.1,0
2026-05-29-1600,2026-05-29,flipkart-minutes,jivo-pomace-olive-oil-plastic-bottle-1l,Kolkata,700019,438,447,2,0
2026-05-29-1600,2026-05-29,flipkart-minutes,jivo-pomace-olive-oil-tin-5l,Noida,201309,2191,4999,56.2,1
2026-05-29-1600,2026-05-29,flipkart-minutes,jivo-soybean-oil-soyabean-oil-pouch-1l,Noida,201309,174,178,2.2,0
2026-05-29-1600,2026-05-29,flipkart-minutes,jivo-soybean-oil-soyabean-oil-pouch-1l,Kolkata,700019,139,142,2.1,0
2026-05-30-0900,2026-05-30,flipkart-minutes,jivo-cold-press-canola-oil-plastic-bottle-1l,Delhi,110004,238,375,36.5,1
2026-05-30-0900,2026-05-30,flipkart-minutes,jivo-cold-press-canola-oil-plastic-bottle-1l,Delhi,110025,238,375,36.5,1
2026-05-30-0900,2026-05-30,flipkart-minutes,jivo-cold-press-canola-oil-plastic-bottle-1l,Delhi,110032,238,375,36.5,1
2026-05-30-0900,2026-05-30,flipkart-minutes,jivo-cold-press-canola-oil-plastic-bottle-1l,Delhi,110040,238,375,36.5,1
2026-05-30-0900,2026-05-30,flipkart-minutes,jivo-cold-press-canola-oil-plastic-bottle-1l,Delhi,110054,238,375,36.5,1
2026-05-30-0900,2026-05-30,flipkart-minutes,jivo-cold-press-canola-oil-plastic-bottle-1l,Delhi,110055,238,375,36.5,1
2026-05-30-0900,2026-05-30,flipkart-minutes,jivo-cold-press-canola-oil-plastic-bottle-1l,Delhi,110061,238,375,36.5,1
2026-05-30-0900,2026-05-30,flipkart-minutes,jivo-cold-press-canola-oil-plastic-bottle-1l,Delhi,110062,238,375,36.5,1
2026-05-30-0900,2026-05-30,flipkart-minutes,jivo-cold-press-canola-oil-plastic-bottle-1l,Delhi,110070,238,375,36.5,1
2026-05-30-0900,2026-05-30,flipkart-minutes,jivo-cold-press-canola-oil-plastic-bottle-1l,Delhi,110076,238,375,36.5,1
2026-05-30-0900,2026-05-30,flipkart-minutes,jivo-cold-press-canola-oil-plastic-bottle-1l,Delhi,110085,238,375,36.5,1
2026-05-30-0900,2026-05-30,flipkart-minutes,jivo-cold-press-canola-oil-plastic-bottle-1l,Delhi,110091,238,375,36.5,1
2026-05-30-0900,2026-05-30,flipkart-minutes,jivo-cold-press-canola-oil-plastic-bottle-1l,Delhi,110092,238,375,36.5,1
2026-05-30-0900,2026-05-30,flipkart-minutes,jivo-cold-press-canola-oil-plastic-bottle-1l,Delhi,110095,238,375,36.5,1
2026-05-30-0900,2026-05-30,flipkart-minutes,jivo-cold-press-canola-oil-plastic-bottle-1l,Faridabad,121011,238,375,36.5,1
2026-05-30-0900,2026-05-30,flipkart-minutes,jivo-cold-press-canola-oil-plastic-bottle-1l,Gurgaon,122010,238,375,36.5,1
2026-05-30-0900,2026-05-30,flipkart-minutes,jivo-cold-press-canola-oil-plastic-bottle-1l,Gurgaon,122051,238,375,36.5,1
2026-05-30-0900,2026-05-30,flipkart-minutes,jivo-cold-press-canola-oil-plastic-bottle-1l,Gurgaon,123413,238,375,36.5,1
2026-05-30-0900,2026-05-30,flipkart-minutes,jivo-cold-press-canola-oil-plastic-bottle-1l,Ludhiana,141014,238,375,36.5,1
2026-05-30-0900,2026-05-30,flipkart-minutes,jivo-cold-press-canola-oil-plastic-bottle-1l,Ludhiana,141015,238,375,36.5,1
2026-05-30-0900,2026-05-30,flipkart-minutes,jivo-cold-press-canola-oil-plastic-bottle-1l,Ludhiana,142036,238,375,36.5,1
2026-05-30-0900,2026-05-30,flipkart-minutes,jivo-cold-press-canola-oil-plastic-bottle-1l,Ghaziabad,201005,238,375,36.5,1
2026-05-30-0900,2026-05-30,flipkart-minutes,jivo-cold-press-canola-oil-plastic-bottle-1l,Noida,201307,238,375,36.5,1
2026-05-30-0900,2026-05-30,flipkart-minutes,jivo-cold-press-canola-oil-plastic-bottle-1l,Kanpur,208001,267,375,28.8,1
2026-05-30-0900,2026-05-30,flipkart-minutes,jivo-cold-press-canola-oil-plastic-bottle-1l,Lucknow,226010,267,375,28.8,1
2026-05-30-0900,2026-05-30,flipkart-minutes,jivo-cold-press-canola-oil-plastic-bottle-1l,Jaipur,302012,267,330,19.1,1
2026-05-30-0900,2026-05-30,flipkart-minutes,jivo-cold-press-canola-oil-plastic-bottle-1l,Jaipur,302017,267,375,28.8,1
2026-05-30-0900,2026-05-30,flipkart-minutes,jivo-cold-press-canola-oil-plastic-bottle-1l,Jaipur,302018,267,375,28.8,1
2026-05-30-0900,2026-05-30,flipkart-minutes,jivo-cold-press-canola-oil-plastic-bottle-1l,Jaipur,302020,267,375,28.8,1
2026-05-30-0900,2026-05-30,flipkart-minutes,jivo-cold-press-canola-oil-plastic-bottle-1l,Jaipur,302021,267,375,28.8,1
2026-05-30-0900,2026-05-30,flipkart-minutes,jivo-cold-press-canola-oil-plastic-bottle-1l,Jaipur,302023,267,273,2.2,0
2026-05-30-0900,2026-05-30,flipkart-minutes,jivo-cold-press-canola-oil-plastic-bottle-1l,Jaipur,302025,267,375,28.8,1
2026-05-30-0900,2026-05-30,flipkart-minutes,jivo-cold-press-canola-oil-plastic-bottle-1l,Jaipur,302032,267,273,2.2,0
2026-05-30-0900,2026-05-30,flipkart-minutes,jivo-cold-press-canola-oil-plastic-bottle-1l,Jaipur,303602,267,375,28.8,1
2026-05-30-0900,2026-05-30,flipkart-minutes,jivo-cold-press-canola-oil-plastic-bottle-1l,Ahmedabad,380009,245,250,2,0
2026-05-30-0900,2026-05-30,flipkart-minutes,jivo-cold-press-canola-oil-plastic-bottle-1l,Ahmedabad,380054,245,250,2,0
2026-05-30-0900,2026-05-30,flipkart-minutes,jivo-cold-press-canola-oil-plastic-bottle-1l,Mumbai,400006,245,251,2.4,0
2026-05-30-0900,2026-05-30,flipkart-minutes,jivo-cold-press-canola-oil-plastic-bottle-1l,Mumbai,400007,245,251,2.4,0
2026-05-30-0900,2026-05-30,flipkart-minutes,jivo-cold-press-canola-oil-plastic-bottle-1l,Mumbai,400010,245,251,2.4,0
2026-05-30-0900,2026-05-30,flipkart-minutes,jivo-cold-press-canola-oil-plastic-bottle-1l,Mumbai,400011,245,251,2.4,0
2026-05-30-0900,2026-05-30,flipkart-minutes,jivo-cold-press-canola-oil-plastic-bottle-1l,Mumbai,400012,245,251,2.4,0
2026-05-30-0900,2026-05-30,flipkart-minutes,jivo-cold-press-canola-oil-plastic-bottle-1l,Mumbai,400013,245,251,2.4,0
2026-05-30-0900,2026-05-30,flipkart-minutes,jivo-cold-press-canola-oil-plastic-bottle-1l,Mumbai,400015,245,251,2.4,0
2026-05-30-0900,2026-05-30,flipkart-minutes,jivo-cold-press-canola-oil-plastic-bottle-1l,Mumbai,400017,245,251,2.4,0
2026-05-30-0900,2026-05-30,flipkart-minutes,jivo-cold-press-canola-oil-plastic-bottle-1l,Mumbai,400019,245,251,2.4,0
2026-05-30-0900,2026-05-30,flipkart-minutes,jivo-cold-press-canola-oil-plastic-bottle-1l,Mumbai,400030,245,251,2.4,0
2026-05-30-0900,2026-05-30,flipkart-minutes,jivo-cold-press-canola-oil-plastic-bottle-1l,Mumbai,400033,245,251,2.4,0
2026-05-30-0900,2026-05-30,flipkart-minutes,jivo-cold-press-canola-oil-plastic-bottle-1l,Mumbai,400611,245,251,2.4,0
2026-05-30-0900,2026-05-30,flipkart-minutes,jivo-cold-press-canola-oil-plastic-bottle-1l,Mumbai,400703,245,251,2.4,0
2026-05-30-0900,2026-05-30,flipkart-minutes,jivo-cold-press-canola-oil-plastic-bottle-1l,Pune,411028,245,250,2,0
2026-05-30-0900,2026-05-30,flipkart-minutes,jivo-cold-press-canola-oil-plastic-bottle-1l,Pune,411047,245,250,2,0
2026-05-30-0900,2026-05-30,flipkart-minutes,jivo-cold-press-canola-oil-plastic-bottle-1l,Hyderabad,500034,265,375,29.3,1
2026-05-30-0900,2026-05-30,flipkart-minutes,jivo-cold-press-canola-oil-plastic-bottle-1l,Visakhapatnam,530017,250,375,33.3,1
2026-05-30-0900,2026-05-30,flipkart-minutes,jivo-cold-press-canola-oil-plastic-bottle-1l,Bengaluru,560014,256,375,31.7,1
2026-05-30-0900,2026-05-30,flipkart-minutes,jivo-cold-press-canola-oil-plastic-bottle-1l,Bengaluru,560019,250,256,2.3,0
2026-05-30-0900,2026-05-30,flipkart-minutes,jivo-cold-press-canola-oil-plastic-bottle-1l,Bengaluru,560028,264,375,29.6,1
2026-05-30-0900,2026-05-30,flipkart-minutes,jivo-cold-press-canola-oil-plastic-bottle-1l,Bengaluru,560039,250,256,2.3,0
2026-05-30-0900,2026-05-30,flipkart-minutes,jivo-cold-press-canola-oil-plastic-bottle-1l,Mysuru,570016,265,375,29.3,1
2026-05-30-0900,2026-05-30,flipkart-minutes,jivo-cold-press-canola-oil-plastic-bottle-1l,Chennai,600040,265,375,29.3,1
2026-05-30-0900,2026-05-30,flipkart-minutes,jivo-cold-press-canola-oil-plastic-bottle-1l,Chennai,600042,265,375,29.3,1
2026-05-30-0900,2026-05-30,flipkart-minutes,jivo-cold-press-canola-oil-plastic-bottle-1l,Coimbatore,641002,250,375,33.3,1
2026-05-30-0900,2026-05-30,flipkart-minutes,jivo-cold-press-canola-oil-plastic-bottle-1l,Kolkata,700001,265,375,29.3,1
2026-05-30-0900,2026-05-30,flipkart-minutes,jivo-cold-press-canola-oil-plastic-bottle-1l,Kolkata,700015,265,375,29.3,1
2026-05-30-0900,2026-05-30,flipkart-minutes,jivo-cold-press-canola-oil-plastic-bottle-1l,Kolkata,700019,265,271,2.2,0
2026-05-30-0900,2026-05-30,flipkart-minutes,jivo-cold-press-canola-oil-plastic-bottle-1l,Kolkata,700040,265,271,2.2,0
2026-05-30-0900,2026-05-30,flipkart-minutes,jivo-cold-press-combo-canola-oil-plastic-bottle-na,Delhi,110062,575,575,0,1
2026-05-30-0900,2026-05-30,flipkart-minutes,jivo-cold-pressed-pure-cooking-mustard-oil-can-4l,Ludhiana,141014,670,684,2,0
2026-05-30-0900,2026-05-30,flipkart-minutes,jivo-cold-pressed-pure-cooking-mustard-oil-can-5l,Delhi,110004,929,1250,25.7,1
2026-05-30-0900,2026-05-30,flipkart-minutes,jivo-cold-pressed-pure-cooking-mustard-oil-can-5l,Delhi,110025,929,1250,25.7,1
2026-05-30-0900,2026-05-30,flipkart-minutes,jivo-cold-pressed-pure-cooking-mustard-oil-can-5l,Delhi,110032,929,1250,25.7,1
2026-05-30-0900,2026-05-30,flipkart-minutes,jivo-cold-pressed-pure-cooking-mustard-oil-can-5l,Delhi,110035,929,1250,25.7,1
2026-05-30-0900,2026-05-30,flipkart-minutes,jivo-cold-pressed-pure-cooking-mustard-oil-can-5l,Delhi,110040,929,1250,25.7,1
2026-05-30-0900,2026-05-30,flipkart-minutes,jivo-cold-pressed-pure-cooking-mustard-oil-can-5l,Delhi,110054,929,1250,25.7,1
2026-05-30-0900,2026-05-30,flipkart-minutes,jivo-cold-pressed-pure-cooking-mustard-oil-can-5l,Delhi,110055,929,1250,25.7,1
2026-05-30-0900,2026-05-30,flipkart-minutes,jivo-cold-pressed-pure-cooking-mustard-oil-can-5l,Delhi,110061,929,1250,25.7,1
2026-05-30-0900,2026-05-30,flipkart-minutes,jivo-cold-pressed-pure-cooking-mustard-oil-can-5l,Delhi,110062,929,1250,25.7,1
2026-05-30-0900,2026-05-30,flipkart-minutes,jivo-cold-pressed-pure-cooking-mustard-oil-can-5l,Delhi,110070,929,1250,25.7,1
2026-05-30-0900,2026-05-30,flipkart-minutes,jivo-cold-pressed-pure-cooking-mustard-oil-can-5l,Delhi,110076,929,1250,25.7,1
2026-05-30-0900,2026-05-30,flipkart-minutes,jivo-cold-pressed-pure-cooking-mustard-oil-can-5l,Faridabad,121011,929,1250,25.7,1
2026-05-30-0900,2026-05-30,flipkart-minutes,jivo-cold-pressed-pure-cooking-mustard-oil-can-5l,Gurgaon,122004,929,1250,25.7,1
2026-05-30-0900,2026-05-30,flipkart-minutes,jivo-cold-pressed-pure-cooking-mustard-oil-can-5l,Gurgaon,122006,929,1250,25.7,1
2026-05-30-0900,2026-05-30,flipkart-minutes,jivo-cold-pressed-pure-cooking-mustard-oil-can-5l,Gurgaon,122010,929,1250,25.7,1
2026-05-30-0900,2026-05-30,flipkart-minutes,jivo-cold-pressed-pure-cooking-mustard-oil-can-5l,Gurgaon,122051,929,1250,25.7,1
2026-05-30-0900,2026-05-30,flipkart-minutes,jivo-cold-pressed-pure-cooking-mustard-oil-can-5l,Gurgaon,123413,929,1250,25.7,1
2026-05-30-0900,2026-05-30,flipkart-minutes,jivo-cold-pressed-pure-cooking-mustard-oil-can-5l,Noida,201307,929,1250,25.7,1
2026-05-30-0900,2026-05-30,flipkart-minutes,jivo-cold-pressed-pure-cooking-mustard-oil-can-5l,Noida,201309,929,1250,25.7,1
2026-05-30-0900,2026-05-30,flipkart-minutes,jivo-cold-pressed-pure-cooking-mustard-oil-plastic-bottle-1l,Delhi,110004,169,255,33.7,1
2026-05-30-0900,2026-05-30,flipkart-minutes,jivo-cold-pressed-pure-cooking-mustard-oil-plastic-bottle-1l,Delhi,110017,169,255,33.7,1
2026-05-30-0900,2026-05-30,flipkart-minutes,jivo-cold-pressed-pure-cooking-mustard-oil-plastic-bottle-1l,Delhi,110025,169,255,33.7,1
2026-05-30-0900,2026-05-30,flipkart-minutes,jivo-cold-pressed-pure-cooking-mustard-oil-plastic-bottle-1l,Delhi,110026,169,255,33.7,1
2026-05-30-0900,2026-05-30,flipkart-minutes,jivo-cold-pressed-pure-cooking-mustard-oil-plastic-bottle-1l,Delhi,110032,169,255,33.7,1
2026-05-30-0900,2026-05-30,flipkart-minutes,jivo-cold-pressed-pure-cooking-mustard-oil-plastic-bottle-1l,Delhi,110033,169,255,33.7,1
2026-05-30-0900,2026-05-30,flipkart-minutes,jivo-cold-pressed-pure-cooking-mustard-oil-plastic-bottle-1l,Delhi,110035,169,255,33.7,1
2026-05-30-0900,2026-05-30,flipkart-minutes,jivo-cold-pressed-pure-cooking-mustard-oil-plastic-bottle-1l,Delhi,110040,169,255,33.7,1
2026-05-30-0900,2026-05-30,flipkart-minutes,jivo-cold-pressed-pure-cooking-mustard-oil-plastic-bottle-1l,Delhi,110041,169,255,33.7,1
2026-05-30-0900,2026-05-30,flipkart-minutes,jivo-cold-pressed-pure-cooking-mustard-oil-plastic-bottle-1l,Delhi,110046,169,255,33.7,1
2026-05-30-0900,2026-05-30,flipkart-minutes,jivo-cold-pressed-pure-cooking-mustard-oil-plastic-bottle-1l,Delhi,110048,169,255,33.7,1
2026-05-30-0900,2026-05-30,flipkart-minutes,jivo-cold-pressed-pure-cooking-mustard-oil-plastic-bottle-1l,Delhi,110051,169,255,33.7,1
2026-05-30-0900,2026-05-30,flipkart-minutes,jivo-cold-pressed-pure-cooking-mustard-oil-plastic-bottle-1l,Delhi,110054,169,255,33.7,1
2026-05-30-0900,2026-05-30,flipkart-minutes,jivo-cold-pressed-pure-cooking-mustard-oil-plastic-bottle-1l,Delhi,110055,169,255,33.7,1
2026-05-30-0900,2026-05-30,flipkart-minutes,jivo-cold-pressed-pure-cooking-mustard-oil-plastic-bottle-1l,Delhi,110061,183,255,28.2,1
2026-05-30-0900,2026-05-30,flipkart-minutes,jivo-cold-pressed-pure-cooking-mustard-oil-plastic-bottle-1l,Delhi,110062,169,255,33.7,1
2026-05-30-0900,2026-05-30,flipkart-minutes,jivo-cold-pressed-pure-cooking-mustard-oil-plastic-bottle-1l,Delhi,110065,169,255,33.7,1
2026-05-30-0900,2026-05-30,flipkart-minutes,jivo-cold-pressed-pure-cooking-mustard-oil-plastic-bottle-1l,Delhi,110076,169,255,33.7,1
2026-05-30-0900,2026-05-30,flipkart-minutes,jivo-cold-pressed-pure-cooking-mustard-oil-plastic-bottle-1l,Delhi,110085,169,255,33.7,1
2026-05-30-0900,2026-05-30,flipkart-minutes,jivo-cold-pressed-pure-cooking-mustard-oil-plastic-bottle-1l,Delhi,110088,169,255,33.7,1
2026-05-30-0900,2026-05-30,flipkart-minutes,jivo-cold-pressed-pure-cooking-mustard-oil-plastic-bottle-1l,Delhi,110091,169,255,33.7,1
2026-05-30-0900,2026-05-30,flipkart-minutes,jivo-cold-pressed-pure-cooking-mustard-oil-plastic-bottle-1l,Delhi,110092,169,255,33.7,1
2026-05-30-0900,2026-05-30,flipkart-minutes,jivo-cold-pressed-pure-cooking-mustard-oil-plastic-bottle-1l,Delhi,110095,169,255,33.7,1
2026-05-30-0900,2026-05-30,flipkart-minutes,jivo-cold-pressed-pure-cooking-mustard-oil-plastic-bottle-1l,Faridabad,121003,169,255,33.7,1
2026-05-30-0900,2026-05-30,flipkart-minutes,jivo-cold-pressed-pure-cooking-mustard-oil-plastic-bottle-1l,Faridabad,121011,169,255,33.7,1
2026-05-30-0900,2026-05-30,flipkart-minutes,jivo-cold-pressed-pure-cooking-mustard-oil-plastic-bottle-1l,Gurgaon,122004,169,255,33.7,1
2026-05-30-0900,2026-05-30,flipkart-minutes,jivo-cold-pressed-pure-cooking-mustard-oil-plastic-bottle-1l,Gurgaon,122006,169,255,33.7,1
2026-05-30-0900,2026-05-30,flipkart-minutes,jivo-cold-pressed-pure-cooking-mustard-oil-plastic-bottle-1l,Gurgaon,122010,169,255,33.7,1
2026-05-30-0900,2026-05-30,flipkart-minutes,jivo-cold-pressed-pure-cooking-mustard-oil-plastic-bottle-1l,Gurgaon,122051,169,255,33.7,1
2026-05-30-0900,2026-05-30,flipkart-minutes,jivo-cold-pressed-pure-cooking-mustard-oil-plastic-bottle-1l,Gurgaon,123413,169,255,33.7,1
2026-05-30-0900,2026-05-30,flipkart-minutes,jivo-cold-pressed-pure-cooking-mustard-oil-plastic-bottle-1l,Ludhiana,141014,169,255,33.7,1
2026-05-30-0900,2026-05-30,flipkart-minutes,jivo-cold-pressed-pure-cooking-mustard-oil-plastic-bottle-1l,Ludhiana,141015,169,255,33.7,1
2026-05-30-0900,2026-05-30,flipkart-minutes,jivo-cold-pressed-pure-cooking-mustard-oil-plastic-bottle-1l,Ludhiana,142036,169,255,33.7,1
2026-05-30-0900,2026-05-30,flipkart-minutes,jivo-cold-pressed-pure-cooking-mustard-oil-plastic-bottle-1l,Noida,201307,169,250,32.4,1
2026-05-30-0900,2026-05-30,flipkart-minutes,jivo-cold-pressed-pure-cooking-mustard-oil-plastic-bottle-1l,Noida,201309,169,255,33.7,1
2026-05-30-0900,2026-05-30,flipkart-minutes,jivo-cold-pressed-pure-cooking-mustard-oil-plastic-bottle-1l,Noida,201310,169,255,33.7,1
2026-05-30-0900,2026-05-30,flipkart-minutes,jivo-cold-pressed-pure-cooking-mustard-oil-plastic-bottle-1l,Lucknow,226010,183,255,28.2,1
2026-05-30-0900,2026-05-30,flipkart-minutes,jivo-cold-pressed-pure-cooking-mustard-oil-plastic-bottle-1l,Jaipur,302016,183,255,28.2,1
2026-05-30-0900,2026-05-30,flipkart-minutes,jivo-cold-pressed-pure-cooking-mustard-oil-plastic-bottle-1l,Jaipur,302020,183,255,28.2,1
2026-05-30-0900,2026-05-30,flipkart-minutes,jivo-cold-pressed-pure-cooking-mustard-oil-plastic-bottle-1l,Jaipur,302022,183,255,28.2,1
2026-05-30-0900,2026-05-30,flipkart-minutes,jivo-cold-pressed-pure-cooking-mustard-oil-plastic-bottle-1l,Jaipur,302023,183,187,2.1,0
2026-05-30-0900,2026-05-30,flipkart-minutes,jivo-cold-pressed-pure-cooking-mustard-oil-plastic-bottle-1l,Jaipur,302032,183,187,2.1,0
2026-05-30-0900,2026-05-30,flipkart-minutes,jivo-cooking-sunflower-oil-can-4l,Hyderabad,500034,736,1080,31.9,1
2026-05-30-0900,2026-05-30,flipkart-minutes,jivo-extra-light-olive-oil-can-2l,Delhi,110004,1919,2799,31.4,1
2026-05-30-0900,2026-05-30,flipkart-minutes,jivo-extra-light-olive-oil-can-2l,Delhi,110025,1919,2799,31.4,1
2026-05-30-0900,2026-05-30,flipkart-minutes,jivo-extra-light-olive-oil-can-2l,Delhi,110026,1919,2799,31.4,1
2026-05-30-0900,2026-05-30,flipkart-minutes,jivo-extra-light-olive-oil-can-2l,Delhi,110032,1919,2799,31.4,1
2026-05-30-0900,2026-05-30,flipkart-minutes,jivo-extra-light-olive-oil-can-2l,Delhi,110033,1919,2799,31.4,1
2026-05-30-0900,2026-05-30,flipkart-minutes,jivo-extra-light-olive-oil-can-2l,Delhi,110035,1919,2799,31.4,1
2026-05-30-0900,2026-05-30,flipkart-minutes,jivo-extra-light-olive-oil-can-2l,Delhi,110040,1919,2799,31.4,1
2026-05-30-0900,2026-05-30,flipkart-minutes,jivo-extra-light-olive-oil-can-2l,Delhi,110054,1919,2799,31.4,1
2026-05-30-0900,2026-05-30,flipkart-minutes,jivo-extra-light-olive-oil-can-2l,Delhi,110055,1919,2799,31.4,1
2026-05-30-0900,2026-05-30,flipkart-minutes,jivo-extra-light-olive-oil-can-2l,Delhi,110061,1919,2799,31.4,1
2026-05-30-0900,2026-05-30,flipkart-minutes,jivo-extra-light-olive-oil-can-2l,Delhi,110062,1919,2799,31.4,1
2026-05-30-0900,2026-05-30,flipkart-minutes,jivo-extra-light-olive-oil-can-2l,Delhi,110070,1919,2799,31.4,1
2026-05-30-0900,2026-05-30,flipkart-minutes,jivo-extra-light-olive-oil-can-2l,Delhi,110076,1919,2799,31.4,1
2026-05-30-0900,2026-05-30,flipkart-minutes,jivo-extra-light-olive-oil-can-2l,Delhi,110085,1919,2799,31.4,1
2026-05-30-0900,2026-05-30,flipkart-minutes,jivo-extra-light-olive-oil-can-2l,Delhi,110091,1919,2799,31.4,1
2026-05-30-0900,2026-05-30,flipkart-minutes,jivo-extra-light-olive-oil-can-2l,Delhi,110092,1919,2799,31.4,1
2026-05-30-0900,2026-05-30,flipkart-minutes,jivo-extra-light-olive-oil-can-2l,Delhi,110095,1919,2799,31.4,1
2026-05-30-0900,2026-05-30,flipkart-minutes,jivo-extra-light-olive-oil-can-2l,Faridabad,121003,1919,2799,31.4,1
2026-05-30-0900,2026-05-30,flipkart-minutes,jivo-extra-light-olive-oil-can-2l,Faridabad,121011,1919,2799,31.4,1
2026-05-30-0900,2026-05-30,flipkart-minutes,jivo-extra-light-olive-oil-can-2l,Gurgaon,122004,1919,2799,31.4,1
2026-05-30-0900,2026-05-30,flipkart-minutes,jivo-extra-light-olive-oil-can-2l,Gurgaon,122010,1919,2799,31.4,1
2026-05-30-0900,2026-05-30,flipkart-minutes,jivo-extra-light-olive-oil-can-2l,Gurgaon,122051,1919,2799,31.4,1
2026-05-30-0900,2026-05-30,flipkart-minutes,jivo-extra-light-olive-oil-can-2l,Gurgaon,123413,1919,2799,31.4,1
2026-05-30-0900,2026-05-30,flipkart-minutes,jivo-extra-light-olive-oil-can-2l,Ghaziabad,201005,1919,2799,31.4,1
2026-05-30-0900,2026-05-30,flipkart-minutes,jivo-extra-light-olive-oil-can-2l,Noida,201307,1919,2799,31.4,1
2026-05-30-0900,2026-05-30,flipkart-minutes,jivo-extra-light-olive-oil-can-2l,Noida,201309,1919,2799,31.4,1
2026-05-30-0900,2026-05-30,flipkart-minutes,jivo-extra-light-olive-oil-can-2l,Noida,201310,1919,2799,31.4,1
2026-05-30-0900,2026-05-30,flipkart-minutes,jivo-extra-light-olive-oil-can-2l,Jaipur,302020,2059,2799,26.4,1
2026-05-30-0900,2026-05-30,flipkart-minutes,jivo-extra-light-olive-oil-can-2l,Jaipur,302025,2059,2799,26.4,1
2026-05-30-0900,2026-05-30,flipkart-minutes,jivo-extra-light-olive-oil-can-2l,Jaipur,303602,2059,2799,26.4,1
2026-05-30-0900,2026-05-30,flipkart-minutes,jivo-mineral-water-na,Delhi,110040,23,30,23.3,1
2026-05-30-0900,2026-05-30,flipkart-minutes,jivo-mineral-water-na,Delhi,110061,23,23,0,0
2026-05-30-0900,2026-05-30,flipkart-minutes,jivo-mineral-water-na,Ludhiana,141014,23,23,0,0
2026-05-30-0900,2026-05-30,flipkart-minutes,jivo-mineral-water-na,Jaipur,302023,23,23,0,0
2026-05-30-0900,2026-05-30,flipkart-minutes,jivo-mineral-water-na,Jaipur,302032,23,23,0,0
2026-05-30-0900,2026-05-30,flipkart-minutes,jivo-mineral-water-na,Ahmedabad,380009,22,22,0,0
2026-05-30-0900,2026-05-30,flipkart-minutes,jivo-mineral-water-na,Ahmedabad,380054,22,22,0,0
2026-05-30-0900,2026-05-30,flipkart-minutes,jivo-mineral-water-na,Mumbai,400006,22,22,0,0
2026-05-30-0900,2026-05-30,flipkart-minutes,jivo-mineral-water-na,Mumbai,400007,22,22,0,0
2026-05-30-0900,2026-05-30,flipkart-minutes,jivo-mineral-water-na,Mumbai,400010,22,22,0,0
2026-05-30-0900,2026-05-30,flipkart-minutes,jivo-mineral-water-na,Mumbai,400011,22,22,0,0
2026-05-30-0900,2026-05-30,flipkart-minutes,jivo-mineral-water-na,Mumbai,400012,22,22,0,0
2026-05-30-0900,2026-05-30,flipkart-minutes,jivo-mineral-water-na,Mumbai,400013,22,22,0,0
2026-05-30-0900,2026-05-30,flipkart-minutes,jivo-mineral-water-na,Mumbai,400015,22,22,0,0
2026-05-30-0900,2026-05-30,flipkart-minutes,jivo-mineral-water-na,Mumbai,400017,22,22,0,0
2026-05-30-0900,2026-05-30,flipkart-minutes,jivo-mineral-water-na,Mumbai,400019,22,22,0,0
2026-05-30-0900,2026-05-30,flipkart-minutes,jivo-mineral-water-na,Mumbai,400023,22,22,0,0
2026-05-30-0900,2026-05-30,flipkart-minutes,jivo-mineral-water-na,Mumbai,400030,22,22,0,0
2026-05-30-0900,2026-05-30,flipkart-minutes,jivo-mineral-water-na,Mumbai,400033,22,22,0,0
2026-05-30-0900,2026-05-30,flipkart-minutes,jivo-mineral-water-na,Mumbai,400090,22,22,0,0
2026-05-30-0900,2026-05-30,flipkart-minutes,jivo-mineral-water-na,Mumbai,400611,22,22,0,0
2026-05-30-0900,2026-05-30,flipkart-minutes,jivo-mineral-water-na,Mumbai,400703,22,22,0,0
2026-05-30-0900,2026-05-30,flipkart-minutes,jivo-mineral-water-na,Pune,411012,22,30,26.7,1
2026-05-30-0900,2026-05-30,flipkart-minutes,jivo-mineral-water-na,Pune,411028,22,22,0,0
2026-05-30-0900,2026-05-30,flipkart-minutes,jivo-mineral-water-na,Pune,411047,22,22,0,0
2026-05-30-0900,2026-05-30,flipkart-minutes,jivo-mineral-water-na,Kolkata,700040,23,23,0,0
2026-05-30-0900,2026-05-30,flipkart-minutes,jivo-pomace-olive-oil-plastic-bottle-1l,Delhi,110025,371,1049,64.6,1
2026-05-30-0900,2026-05-30,flipkart-minutes,jivo-pomace-olive-oil-plastic-bottle-1l,Delhi,110040,371,379,2.1,0
2026-05-30-0900,2026-05-30,flipkart-minutes,jivo-pomace-olive-oil-plastic-bottle-1l,Delhi,110061,396,1049,62.2,1
2026-05-30-0900,2026-05-30,flipkart-minutes,jivo-pomace-olive-oil-plastic-bottle-1l,Delhi,110076,371,1049,64.6,1
2026-05-30-0900,2026-05-30,flipkart-minutes,jivo-pomace-olive-oil-plastic-bottle-1l,Gurgaon,122006,371,1043,64.4,1
2026-05-30-0900,2026-05-30,flipkart-minutes,jivo-pomace-olive-oil-plastic-bottle-1l,Gurgaon,122051,371,1049,64.6,1
2026-05-30-0900,2026-05-30,flipkart-minutes,jivo-pomace-olive-oil-plastic-bottle-1l,Gurgaon,123413,371,1043,64.4,1
2026-05-30-0900,2026-05-30,flipkart-minutes,jivo-pomace-olive-oil-plastic-bottle-1l,Ludhiana,141014,371,1049,64.6,1
2026-05-30-0900,2026-05-30,flipkart-minutes,jivo-pomace-olive-oil-plastic-bottle-1l,Noida,201309,371,1049,64.6,1
2026-05-30-0900,2026-05-30,flipkart-minutes,jivo-pomace-olive-oil-plastic-bottle-1l,Jaipur,302016,427,1049,59.3,1
2026-05-30-0900,2026-05-30,flipkart-minutes,jivo-pomace-olive-oil-plastic-bottle-1l,Jaipur,302022,427,1049,59.3,1
2026-05-30-0900,2026-05-30,flipkart-minutes,jivo-pomace-olive-oil-plastic-bottle-1l,Jaipur,302023,427,436,2.1,0
2026-05-30-0900,2026-05-30,flipkart-minutes,jivo-pomace-olive-oil-plastic-bottle-1l,Jaipur,302032,427,436,2.1,0
2026-05-30-0900,2026-05-30,flipkart-minutes,jivo-pomace-olive-oil-plastic-bottle-1l,Ahmedabad,380054,427,436,2.1,0
2026-05-30-0900,2026-05-30,flipkart-minutes,jivo-pomace-olive-oil-plastic-bottle-1l,Mumbai,400006,421,430,2.1,0
2026-05-30-0900,2026-05-30,flipkart-minutes,jivo-pomace-olive-oil-plastic-bottle-1l,Mumbai,400007,421,430,2.1,0
2026-05-30-0900,2026-05-30,flipkart-minutes,jivo-pomace-olive-oil-plastic-bottle-1l,Mumbai,400010,421,430,2.1,0
2026-05-30-0900,2026-05-30,flipkart-minutes,jivo-pomace-olive-oil-plastic-bottle-1l,Mumbai,400011,421,430,2.1,0
2026-05-30-0900,2026-05-30,flipkart-minutes,jivo-pomace-olive-oil-plastic-bottle-1l,Mumbai,400012,421,430,2.1,0
2026-05-30-0900,2026-05-30,flipkart-minutes,jivo-pomace-olive-oil-plastic-bottle-1l,Mumbai,400013,421,430,2.1,0
2026-05-30-0900,2026-05-30,flipkart-minutes,jivo-pomace-olive-oil-plastic-bottle-1l,Mumbai,400015,421,430,2.1,0
2026-05-30-0900,2026-05-30,flipkart-minutes,jivo-pomace-olive-oil-plastic-bottle-1l,Mumbai,400030,421,430,2.1,0
2026-05-30-0900,2026-05-30,flipkart-minutes,jivo-pomace-olive-oil-plastic-bottle-1l,Mumbai,400033,421,430,2.1,0
2026-05-30-0900,2026-05-30,flipkart-minutes,jivo-pomace-olive-oil-plastic-bottle-1l,Mumbai,400611,421,430,2.1,0
2026-05-30-0900,2026-05-30,flipkart-minutes,jivo-pomace-olive-oil-plastic-bottle-1l,Mumbai,400703,421,430,2.1,0
2026-05-30-0900,2026-05-30,flipkart-minutes,jivo-pomace-olive-oil-plastic-bottle-1l,Pune,411028,421,430,2.1,0
2026-05-30-0900,2026-05-30,flipkart-minutes,jivo-pomace-olive-oil-plastic-bottle-1l,Pune,411047,421,430,2.1,0
2026-05-30-0900,2026-05-30,flipkart-minutes,jivo-pomace-olive-oil-plastic-bottle-1l,Kolkata,700019,438,447,2,0
2026-05-30-0900,2026-05-30,flipkart-minutes,jivo-pomace-olive-oil-tin-5l,Delhi,110085,2149,4999,57,1
2026-05-30-0900,2026-05-30,flipkart-minutes,jivo-pomace-olive-oil-tin-5l,Delhi,110091,2149,4999,57,1
2026-05-30-0900,2026-05-30,flipkart-minutes,jivo-pomace-olive-oil-tin-5l,Delhi,110092,2149,4999,57,1
2026-05-30-0900,2026-05-30,flipkart-minutes,jivo-pomace-olive-oil-tin-5l,Delhi,110095,2149,4999,57,1
2026-05-30-0900,2026-05-30,flipkart-minutes,jivo-pomace-olive-oil-tin-5l,Faridabad,121011,2149,4999,57,1
2026-05-30-0900,2026-05-30,flipkart-minutes,jivo-pomace-olive-oil-tin-5l,Noida,201309,2149,4999,57,1
2026-05-30-0900,2026-05-30,flipkart-minutes,jivo-pomace-olive-oil-tin-5l,Jaipur,302023,2287,2287,0,0
2026-05-30-0900,2026-05-30,flipkart-minutes,jivo-pomace-olive-oil-tin-5l,Jaipur,302032,2287,2287,0,0
2026-05-30-0900,2026-05-30,flipkart-minutes,jivo-soybean-oil-soyabean-oil-pouch-1l,Delhi,110040,174,178,2.2,0
2026-05-30-0900,2026-05-30,flipkart-minutes,jivo-soybean-oil-soyabean-oil-pouch-1l,Delhi,110061,174,178,2.2,0
2026-05-30-0900,2026-05-30,flipkart-minutes,jivo-soybean-oil-soyabean-oil-pouch-1l,Delhi,110070,174,178,2.2,0
2026-05-30-0900,2026-05-30,flipkart-minutes,jivo-soybean-oil-soyabean-oil-pouch-1l,Delhi,110076,174,178,2.2,0
2026-05-30-0900,2026-05-30,flipkart-minutes,jivo-soybean-oil-soyabean-oil-pouch-1l,Ludhiana,141014,165,199,17.1,1
2026-05-30-0900,2026-05-30,flipkart-minutes,jivo-soybean-oil-soyabean-oil-pouch-1l,Jaipur,302012,151,199,24.1,1
2026-05-30-0900,2026-05-30,flipkart-minutes,jivo-soybean-oil-soyabean-oil-pouch-1l,Jaipur,302017,151,199,24.1,1
2026-05-30-0900,2026-05-30,flipkart-minutes,jivo-soybean-oil-soyabean-oil-pouch-1l,Jaipur,302018,151,199,24.1,1
2026-05-30-0900,2026-05-30,flipkart-minutes,jivo-soybean-oil-soyabean-oil-pouch-1l,Jaipur,302023,151,155,2.6,0
2026-05-30-0900,2026-05-30,flipkart-minutes,jivo-soybean-oil-soyabean-oil-pouch-1l,Jaipur,302025,151,199,24.1,1
2026-05-30-0900,2026-05-30,flipkart-minutes,jivo-soybean-oil-soyabean-oil-pouch-1l,Jaipur,302032,151,155,2.6,0
2026-05-30-0900,2026-05-30,flipkart-minutes,jivo-soybean-oil-soyabean-oil-pouch-1l,Kolkata,700001,139,142,2.1,0
2026-05-30-0900,2026-05-30,flipkart-minutes,jivo-soybean-oil-soyabean-oil-pouch-1l,Kolkata,700019,139,142,2.1,0
2026-05-30-0900,2026-05-30,flipkart-minutes,jivo-soybean-oil-soyabean-oil-pouch-1l,Kolkata,700040,139,142,2.1,0
2026-05-30-1200,2026-05-30,flipkart-minutes,jivo-cold-press-canola-oil-plastic-bottle-1l,Delhi,110004,238,375,36.5,1
2026-05-30-1200,2026-05-30,flipkart-minutes,jivo-cold-press-canola-oil-plastic-bottle-1l,Delhi,110010,238,375,36.5,1
2026-05-30-1200,2026-05-30,flipkart-minutes,jivo-cold-press-canola-oil-plastic-bottle-1l,Delhi,110014,238,375,36.5,1
2026-05-30-1200,2026-05-30,flipkart-minutes,jivo-cold-press-canola-oil-plastic-bottle-1l,Delhi,110018,267,375,28.8,1
2026-05-30-1200,2026-05-30,flipkart-minutes,jivo-cold-press-canola-oil-plastic-bottle-1l,Delhi,110024,238,375,36.5,1
2026-05-30-1200,2026-05-30,flipkart-minutes,jivo-cold-press-canola-oil-plastic-bottle-1l,Delhi,110025,238,375,36.5,1
2026-05-30-1200,2026-05-30,flipkart-minutes,jivo-cold-press-canola-oil-plastic-bottle-1l,Delhi,110026,238,375,36.5,1
2026-05-30-1200,2026-05-30,flipkart-minutes,jivo-cold-press-canola-oil-plastic-bottle-1l,Delhi,110032,238,375,36.5,1
2026-05-30-1200,2026-05-30,flipkart-minutes,jivo-cold-press-canola-oil-plastic-bottle-1l,Delhi,110042,238,375,36.5,1
2026-05-30-1200,2026-05-30,flipkart-minutes,jivo-cold-press-canola-oil-plastic-bottle-1l,Delhi,110054,238,375,36.5,1
2026-05-30-1200,2026-05-30,flipkart-minutes,jivo-cold-press-canola-oil-plastic-bottle-1l,Delhi,110061,238,375,36.5,1
2026-05-30-1200,2026-05-30,flipkart-minutes,jivo-cold-press-canola-oil-plastic-bottle-1l,Delhi,110070,238,375,36.5,1
2026-05-30-1200,2026-05-30,flipkart-minutes,jivo-cold-press-canola-oil-plastic-bottle-1l,Delhi,110076,238,375,36.5,1
2026-05-30-1200,2026-05-30,flipkart-minutes,jivo-cold-press-canola-oil-plastic-bottle-1l,Delhi,110084,238,375,36.5,1
2026-05-30-1200,2026-05-30,flipkart-minutes,jivo-cold-press-canola-oil-plastic-bottle-1l,Delhi,110085,238,375,36.5,1
2026-05-30-1200,2026-05-30,flipkart-minutes,jivo-cold-press-canola-oil-plastic-bottle-1l,Delhi,110091,238,375,36.5,1
2026-05-30-1200,2026-05-30,flipkart-minutes,jivo-cold-press-canola-oil-plastic-bottle-1l,Delhi,110092,238,375,36.5,1
2026-05-30-1200,2026-05-30,flipkart-minutes,jivo-cold-press-canola-oil-plastic-bottle-1l,Faridabad,121011,238,375,36.5,1
2026-05-30-1200,2026-05-30,flipkart-minutes,jivo-cold-press-canola-oil-plastic-bottle-1l,Gurgaon,122010,238,375,36.5,1
2026-05-30-1200,2026-05-30,flipkart-minutes,jivo-cold-press-canola-oil-plastic-bottle-1l,Gurgaon,122051,238,375,36.5,1
2026-05-30-1200,2026-05-30,flipkart-minutes,jivo-cold-press-canola-oil-plastic-bottle-1l,Gurgaon,123003,238,375,36.5,1
2026-05-30-1200,2026-05-30,flipkart-minutes,jivo-cold-press-canola-oil-plastic-bottle-1l,Ludhiana,141014,238,375,36.5,1
2026-05-30-1200,2026-05-30,flipkart-minutes,jivo-cold-press-canola-oil-plastic-bottle-1l,Ludhiana,141015,238,375,36.5,1
2026-05-30-1200,2026-05-30,flipkart-minutes,jivo-cold-press-canola-oil-plastic-bottle-1l,Ludhiana,142036,238,375,36.5,1
2026-05-30-1200,2026-05-30,flipkart-minutes,jivo-cold-press-canola-oil-plastic-bottle-1l,Noida,201307,238,375,36.5,1
2026-05-30-1200,2026-05-30,flipkart-minutes,jivo-cold-press-canola-oil-plastic-bottle-1l,Kanpur,208001,267,375,28.8,1
2026-05-30-1200,2026-05-30,flipkart-minutes,jivo-cold-press-canola-oil-plastic-bottle-1l,Lucknow,226010,267,375,28.8,1
2026-05-30-1200,2026-05-30,flipkart-minutes,jivo-cold-press-canola-oil-plastic-bottle-1l,Jaipur,302012,267,330,19.1,1
2026-05-30-1200,2026-05-30,flipkart-minutes,jivo-cold-press-canola-oil-plastic-bottle-1l,Jaipur,302017,267,375,28.8,1
2026-05-30-1200,2026-05-30,flipkart-minutes,jivo-cold-press-canola-oil-plastic-bottle-1l,Jaipur,302018,267,375,28.8,1
2026-05-30-1200,2026-05-30,flipkart-minutes,jivo-cold-press-canola-oil-plastic-bottle-1l,Jaipur,302020,267,375,28.8,1
2026-05-30-1200,2026-05-30,flipkart-minutes,jivo-cold-press-canola-oil-plastic-bottle-1l,Jaipur,302023,267,273,2.2,0
2026-05-30-1200,2026-05-30,flipkart-minutes,jivo-cold-press-canola-oil-plastic-bottle-1l,Jaipur,302024,267,375,28.8,1
2026-05-30-1200,2026-05-30,flipkart-minutes,jivo-cold-press-canola-oil-plastic-bottle-1l,Jaipur,302032,267,273,2.2,0
2026-05-30-1200,2026-05-30,flipkart-minutes,jivo-cold-press-canola-oil-plastic-bottle-1l,Jaipur,303602,267,375,28.8,1
2026-05-30-1200,2026-05-30,flipkart-minutes,jivo-cold-press-canola-oil-plastic-bottle-1l,Ahmedabad,380009,245,250,2,0
2026-05-30-1200,2026-05-30,flipkart-minutes,jivo-cold-press-canola-oil-plastic-bottle-1l,Ahmedabad,380054,245,250,2,0
2026-05-30-1200,2026-05-30,flipkart-minutes,jivo-cold-press-canola-oil-plastic-bottle-1l,Mumbai,400007,245,251,2.4,0
2026-05-30-1200,2026-05-30,flipkart-minutes,jivo-cold-press-canola-oil-plastic-bottle-1l,Mumbai,400010,245,251,2.4,0
2026-05-30-1200,2026-05-30,flipkart-minutes,jivo-cold-press-canola-oil-plastic-bottle-1l,Mumbai,400017,245,251,2.4,0
2026-05-30-1200,2026-05-30,flipkart-minutes,jivo-cold-press-canola-oil-plastic-bottle-1l,Mumbai,400019,245,251,2.4,0
2026-05-30-1200,2026-05-30,flipkart-minutes,jivo-cold-press-canola-oil-plastic-bottle-1l,Mumbai,400030,245,251,2.4,0
2026-05-30-1200,2026-05-30,flipkart-minutes,jivo-cold-press-canola-oil-plastic-bottle-1l,Mumbai,400033,245,251,2.4,0
2026-05-30-1200,2026-05-30,flipkart-minutes,jivo-cold-press-canola-oil-plastic-bottle-1l,Mumbai,400611,245,251,2.4,0
2026-05-30-1200,2026-05-30,flipkart-minutes,jivo-cold-press-canola-oil-plastic-bottle-1l,Mumbai,400703,245,251,2.4,0
2026-05-30-1200,2026-05-30,flipkart-minutes,jivo-cold-press-canola-oil-plastic-bottle-1l,Pune,411028,245,250,2,0
2026-05-30-1200,2026-05-30,flipkart-minutes,jivo-cold-press-canola-oil-plastic-bottle-1l,Pune,411047,245,250,2,0
2026-05-30-1200,2026-05-30,flipkart-minutes,jivo-cold-press-canola-oil-plastic-bottle-1l,Hyderabad,500034,265,375,29.3,1
2026-05-30-1200,2026-05-30,flipkart-minutes,jivo-cold-press-canola-oil-plastic-bottle-1l,Visakhapatnam,530017,250,375,33.3,1
2026-05-30-1200,2026-05-30,flipkart-minutes,jivo-cold-press-canola-oil-plastic-bottle-1l,Bengaluru,560014,256,375,31.7,1
2026-05-30-1200,2026-05-30,flipkart-minutes,jivo-cold-press-canola-oil-plastic-bottle-1l,Mysuru,570016,265,375,29.3,1
2026-05-30-1200,2026-05-30,flipkart-minutes,jivo-cold-press-canola-oil-plastic-bottle-1l,Chennai,600040,265,375,29.3,1
2026-05-30-1200,2026-05-30,flipkart-minutes,jivo-cold-press-canola-oil-plastic-bottle-1l,Chennai,600042,265,375,29.3,1
2026-05-30-1200,2026-05-30,flipkart-minutes,jivo-cold-press-canola-oil-plastic-bottle-1l,Coimbatore,641002,250,375,33.3,1
2026-05-30-1200,2026-05-30,flipkart-minutes,jivo-cold-press-canola-oil-plastic-bottle-1l,Kolkata,700001,265,375,29.3,1
2026-05-30-1200,2026-05-30,flipkart-minutes,jivo-cold-press-canola-oil-plastic-bottle-1l,Kolkata,700015,265,375,29.3,1
2026-05-30-1200,2026-05-30,flipkart-minutes,jivo-cold-press-canola-oil-plastic-bottle-1l,Kolkata,700019,265,271,2.2,0
2026-05-30-1200,2026-05-30,flipkart-minutes,jivo-cold-press-canola-oil-plastic-bottle-1l,Kolkata,700040,265,271,2.2,0
2026-05-30-1200,2026-05-30,flipkart-minutes,jivo-cold-press-combo-canola-oil-plastic-bottle-na,Delhi,110014,575,575,0,1
2026-05-30-1200,2026-05-30,flipkart-minutes,jivo-cold-pressed-pure-cooking-mustard-oil-can-4l,Delhi,110010,670,1000,33,1
2026-05-30-1200,2026-05-30,flipkart-minutes,jivo-cold-pressed-pure-cooking-mustard-oil-can-4l,Delhi,110026,670,1000,33,1
2026-05-30-1200,2026-05-30,flipkart-minutes,jivo-cold-pressed-pure-cooking-mustard-oil-can-4l,Ludhiana,141014,670,684,2,0
2026-05-30-1200,2026-05-30,flipkart-minutes,jivo-cold-pressed-pure-cooking-mustard-oil-can-5l,Delhi,110004,929,1250,25.7,1
2026-05-30-1200,2026-05-30,flipkart-minutes,jivo-cold-pressed-pure-cooking-mustard-oil-can-5l,Delhi,110010,929,948,2,0
2026-05-30-1200,2026-05-30,flipkart-minutes,jivo-cold-pressed-pure-cooking-mustard-oil-can-5l,Delhi,110014,929,1250,25.7,1
2026-05-30-1200,2026-05-30,flipkart-minutes,jivo-cold-pressed-pure-cooking-mustard-oil-can-5l,Delhi,110018,929,1250,25.7,1
2026-05-30-1200,2026-05-30,flipkart-minutes,jivo-cold-pressed-pure-cooking-mustard-oil-can-5l,Delhi,110025,929,1250,25.7,1
2026-05-30-1200,2026-05-30,flipkart-minutes,jivo-cold-pressed-pure-cooking-mustard-oil-can-5l,Delhi,110031,929,1250,25.7,1
2026-05-30-1200,2026-05-30,flipkart-minutes,jivo-cold-pressed-pure-cooking-mustard-oil-can-5l,Delhi,110032,929,1250,25.7,1
2026-05-30-1200,2026-05-30,flipkart-minutes,jivo-cold-pressed-pure-cooking-mustard-oil-can-5l,Delhi,110035,929,1250,25.7,1
2026-05-30-1200,2026-05-30,flipkart-minutes,jivo-cold-pressed-pure-cooking-mustard-oil-can-5l,Delhi,110054,929,1250,25.7,1
2026-05-30-1200,2026-05-30,flipkart-minutes,jivo-cold-pressed-pure-cooking-mustard-oil-can-5l,Delhi,110061,929,1250,25.7,1
2026-05-30-1200,2026-05-30,flipkart-minutes,jivo-cold-pressed-pure-cooking-mustard-oil-can-5l,Delhi,110070,929,1250,25.7,1
2026-05-30-1200,2026-05-30,flipkart-minutes,jivo-cold-pressed-pure-cooking-mustard-oil-can-5l,Delhi,110076,929,1250,25.7,1
2026-05-30-1200,2026-05-30,flipkart-minutes,jivo-cold-pressed-pure-cooking-mustard-oil-can-5l,Delhi,110084,929,1250,25.7,1
2026-05-30-1200,2026-05-30,flipkart-minutes,jivo-cold-pressed-pure-cooking-mustard-oil-can-5l,Faridabad,121011,929,1250,25.7,1
2026-05-30-1200,2026-05-30,flipkart-minutes,jivo-cold-pressed-pure-cooking-mustard-oil-can-5l,Gurgaon,122004,929,1250,25.7,1
2026-05-30-1200,2026-05-30,flipkart-minutes,jivo-cold-pressed-pure-cooking-mustard-oil-can-5l,Gurgaon,122010,929,1250,25.7,1
2026-05-30-1200,2026-05-30,flipkart-minutes,jivo-cold-pressed-pure-cooking-mustard-oil-can-5l,Gurgaon,122051,929,1250,25.7,1
2026-05-30-1200,2026-05-30,flipkart-minutes,jivo-cold-pressed-pure-cooking-mustard-oil-can-5l,Gurgaon,123003,929,1250,25.7,1
2026-05-30-1200,2026-05-30,flipkart-minutes,jivo-cold-pressed-pure-cooking-mustard-oil-can-5l,Noida,201307,929,1250,25.7,1
2026-05-30-1200,2026-05-30,flipkart-minutes,jivo-cold-pressed-pure-cooking-mustard-oil-can-5l,Noida,201309,929,1250,25.7,1
2026-05-30-1200,2026-05-30,flipkart-minutes,jivo-cold-pressed-pure-cooking-mustard-oil-plastic-bottle-1l,Delhi,110004,169,255,33.7,1
2026-05-30-1200,2026-05-30,flipkart-minutes,jivo-cold-pressed-pure-cooking-mustard-oil-plastic-bottle-1l,Delhi,110009,169,255,33.7,1
2026-05-30-1200,2026-05-30,flipkart-minutes,jivo-cold-pressed-pure-cooking-mustard-oil-plastic-bottle-1l,Delhi,110010,169,255,33.7,1
2026-05-30-1200,2026-05-30,flipkart-minutes,jivo-cold-pressed-pure-cooking-mustard-oil-plastic-bottle-1l,Delhi,110014,169,255,33.7,1
2026-05-30-1200,2026-05-30,flipkart-minutes,jivo-cold-pressed-pure-cooking-mustard-oil-plastic-bottle-1l,Delhi,110017,169,255,33.7,1
2026-05-30-1200,2026-05-30,flipkart-minutes,jivo-cold-pressed-pure-cooking-mustard-oil-plastic-bottle-1l,Delhi,110024,169,255,33.7,1
2026-05-30-1200,2026-05-30,flipkart-minutes,jivo-cold-pressed-pure-cooking-mustard-oil-plastic-bottle-1l,Delhi,110025,169,255,33.7,1
2026-05-30-1200,2026-05-30,flipkart-minutes,jivo-cold-pressed-pure-cooking-mustard-oil-plastic-bottle-1l,Delhi,110026,169,255,33.7,1
2026-05-30-1200,2026-05-30,flipkart-minutes,jivo-cold-pressed-pure-cooking-mustard-oil-plastic-bottle-1l,Delhi,110031,169,255,33.7,1
2026-05-30-1200,2026-05-30,flipkart-minutes,jivo-cold-pressed-pure-cooking-mustard-oil-plastic-bottle-1l,Delhi,110032,169,255,33.7,1
2026-05-30-1200,2026-05-30,flipkart-minutes,jivo-cold-pressed-pure-cooking-mustard-oil-plastic-bottle-1l,Delhi,110033,169,255,33.7,1
2026-05-30-1200,2026-05-30,flipkart-minutes,jivo-cold-pressed-pure-cooking-mustard-oil-plastic-bottle-1l,Delhi,110035,169,255,33.7,1
2026-05-30-1200,2026-05-30,flipkart-minutes,jivo-cold-pressed-pure-cooking-mustard-oil-plastic-bottle-1l,Delhi,110041,169,255,33.7,1
2026-05-30-1200,2026-05-30,flipkart-minutes,jivo-cold-pressed-pure-cooking-mustard-oil-plastic-bottle-1l,Delhi,110042,169,255,33.7,1
2026-05-30-1200,2026-05-30,flipkart-minutes,jivo-cold-pressed-pure-cooking-mustard-oil-plastic-bottle-1l,Delhi,110046,169,255,33.7,1
2026-05-30-1200,2026-05-30,flipkart-minutes,jivo-cold-pressed-pure-cooking-mustard-oil-plastic-bottle-1l,Delhi,110048,169,255,33.7,1
2026-05-30-1200,2026-05-30,flipkart-minutes,jivo-cold-pressed-pure-cooking-mustard-oil-plastic-bottle-1l,Delhi,110051,169,255,33.7,1
2026-05-30-1200,2026-05-30,flipkart-minutes,jivo-cold-pressed-pure-cooking-mustard-oil-plastic-bottle-1l,Delhi,110054,169,255,33.7,1
2026-05-30-1200,2026-05-30,flipkart-minutes,jivo-cold-pressed-pure-cooking-mustard-oil-plastic-bottle-1l,Delhi,110061,183,255,28.2,1
2026-05-30-1200,2026-05-30,flipkart-minutes,jivo-cold-pressed-pure-cooking-mustard-oil-plastic-bottle-1l,Delhi,110070,169,255,33.7,1
2026-05-30-1200,2026-05-30,flipkart-minutes,jivo-cold-pressed-pure-cooking-mustard-oil-plastic-bottle-1l,Delhi,110076,169,255,33.7,1
2026-05-30-1200,2026-05-30,flipkart-minutes,jivo-cold-pressed-pure-cooking-mustard-oil-plastic-bottle-1l,Delhi,110083,169,255,33.7,1
2026-05-30-1200,2026-05-30,flipkart-minutes,jivo-cold-pressed-pure-cooking-mustard-oil-plastic-bottle-1l,Delhi,110084,169,255,33.7,1
2026-05-30-1200,2026-05-30,flipkart-minutes,jivo-cold-pressed-pure-cooking-mustard-oil-plastic-bottle-1l,Delhi,110085,169,255,33.7,1
2026-05-30-1200,2026-05-30,flipkart-minutes,jivo-cold-pressed-pure-cooking-mustard-oil-plastic-bottle-1l,Delhi,110088,169,255,33.7,1
2026-05-30-1200,2026-05-30,flipkart-minutes,jivo-cold-pressed-pure-cooking-mustard-oil-plastic-bottle-1l,Delhi,110091,169,255,33.7,1
2026-05-30-1200,2026-05-30,flipkart-minutes,jivo-cold-pressed-pure-cooking-mustard-oil-plastic-bottle-1l,Delhi,110092,169,255,33.7,1
2026-05-30-1200,2026-05-30,flipkart-minutes,jivo-cold-pressed-pure-cooking-mustard-oil-plastic-bottle-1l,Faridabad,121003,169,255,33.7,1
2026-05-30-1200,2026-05-30,flipkart-minutes,jivo-cold-pressed-pure-cooking-mustard-oil-plastic-bottle-1l,Faridabad,121011,169,255,33.7,1
2026-05-30-1200,2026-05-30,flipkart-minutes,jivo-cold-pressed-pure-cooking-mustard-oil-plastic-bottle-1l,Gurgaon,122004,169,255,33.7,1
2026-05-30-1200,2026-05-30,flipkart-minutes,jivo-cold-pressed-pure-cooking-mustard-oil-plastic-bottle-1l,Gurgaon,122010,169,255,33.7,1
2026-05-30-1200,2026-05-30,flipkart-minutes,jivo-cold-pressed-pure-cooking-mustard-oil-plastic-bottle-1l,Gurgaon,122051,169,255,33.7,1
2026-05-30-1200,2026-05-30,flipkart-minutes,jivo-cold-pressed-pure-cooking-mustard-oil-plastic-bottle-1l,Gurgaon,123003,169,255,33.7,1
2026-05-30-1200,2026-05-30,flipkart-minutes,jivo-cold-pressed-pure-cooking-mustard-oil-plastic-bottle-1l,Ludhiana,141014,169,255,33.7,1
2026-05-30-1200,2026-05-30,flipkart-minutes,jivo-cold-pressed-pure-cooking-mustard-oil-plastic-bottle-1l,Ludhiana,141015,169,255,33.7,1
2026-05-30-1200,2026-05-30,flipkart-minutes,jivo-cold-pressed-pure-cooking-mustard-oil-plastic-bottle-1l,Ludhiana,142036,169,255,33.7,1
2026-05-30-1200,2026-05-30,flipkart-minutes,jivo-cold-pressed-pure-cooking-mustard-oil-plastic-bottle-1l,Noida,201307,169,250,32.4,1
2026-05-30-1200,2026-05-30,flipkart-minutes,jivo-cold-pressed-pure-cooking-mustard-oil-plastic-bottle-1l,Noida,201309,169,255,33.7,1
2026-05-30-1200,2026-05-30,flipkart-minutes,jivo-cold-pressed-pure-cooking-mustard-oil-plastic-bottle-1l,Noida,201310,169,255,33.7,1
2026-05-30-1200,2026-05-30,flipkart-minutes,jivo-cold-pressed-pure-cooking-mustard-oil-plastic-bottle-1l,Lucknow,226010,183,255,28.2,1
2026-05-30-1200,2026-05-30,flipkart-minutes,jivo-cold-pressed-pure-cooking-mustard-oil-plastic-bottle-1l,Jaipur,302016,183,255,28.2,1
2026-05-30-1200,2026-05-30,flipkart-minutes,jivo-cold-pressed-pure-cooking-mustard-oil-plastic-bottle-1l,Jaipur,302020,183,255,28.2,1
2026-05-30-1200,2026-05-30,flipkart-minutes,jivo-cold-pressed-pure-cooking-mustard-oil-plastic-bottle-1l,Jaipur,302022,183,255,28.2,1
2026-05-30-1200,2026-05-30,flipkart-minutes,jivo-cold-pressed-pure-cooking-mustard-oil-plastic-bottle-1l,Jaipur,302023,183,187,2.1,0
2026-05-30-1200,2026-05-30,flipkart-minutes,jivo-cold-pressed-pure-cooking-mustard-oil-plastic-bottle-1l,Jaipur,302024,183,187,2.1,0
2026-05-30-1200,2026-05-30,flipkart-minutes,jivo-cold-pressed-pure-cooking-mustard-oil-plastic-bottle-1l,Jaipur,302032,183,187,2.1,0
2026-05-30-1200,2026-05-30,flipkart-minutes,jivo-cooking-sunflower-oil-can-4l,Hyderabad,500034,736,1080,31.9,1
2026-05-30-1200,2026-05-30,flipkart-minutes,jivo-extra-light-olive-oil-can-2l,Delhi,110004,1919,2799,31.4,1
2026-05-30-1200,2026-05-30,flipkart-minutes,jivo-extra-light-olive-oil-can-2l,Delhi,110009,1919,2799,31.4,1
2026-05-30-1200,2026-05-30,flipkart-minutes,jivo-extra-light-olive-oil-can-2l,Delhi,110010,1919,2799,31.4,1
2026-05-30-1200,2026-05-30,flipkart-minutes,jivo-extra-light-olive-oil-can-2l,Delhi,110014,1919,2799,31.4,1
2026-05-30-1200,2026-05-30,flipkart-minutes,jivo-extra-light-olive-oil-can-2l,Delhi,110024,1919,2799,31.4,1
2026-05-30-1200,2026-05-30,flipkart-minutes,jivo-extra-light-olive-oil-can-2l,Delhi,110025,1919,2799,31.4,1
2026-05-30-1200,2026-05-30,flipkart-minutes,jivo-extra-light-olive-oil-can-2l,Delhi,110026,1919,2799,31.4,1
2026-05-30-1200,2026-05-30,flipkart-minutes,jivo-extra-light-olive-oil-can-2l,Delhi,110031,1919,2799,31.4,1
2026-05-30-1200,2026-05-30,flipkart-minutes,jivo-extra-light-olive-oil-can-2l,Delhi,110032,1919,2799,31.4,1
2026-05-30-1200,2026-05-30,flipkart-minutes,jivo-extra-light-olive-oil-can-2l,Delhi,110033,1919,2799,31.4,1
2026-05-30-1200,2026-05-30,flipkart-minutes,jivo-extra-light-olive-oil-can-2l,Delhi,110035,1919,2799,31.4,1
2026-05-30-1200,2026-05-30,flipkart-minutes,jivo-extra-light-olive-oil-can-2l,Delhi,110042,1919,2799,31.4,1
2026-05-30-1200,2026-05-30,flipkart-minutes,jivo-extra-light-olive-oil-can-2l,Delhi,110054,1919,2799,31.4,1
2026-05-30-1200,2026-05-30,flipkart-minutes,jivo-extra-light-olive-oil-can-2l,Delhi,110061,1919,2799,31.4,1
2026-05-30-1200,2026-05-30,flipkart-minutes,jivo-extra-light-olive-oil-can-2l,Delhi,110070,1919,2799,31.4,1
2026-05-30-1200,2026-05-30,flipkart-minutes,jivo-extra-light-olive-oil-can-2l,Delhi,110076,1919,2799,31.4,1
2026-05-30-1200,2026-05-30,flipkart-minutes,jivo-extra-light-olive-oil-can-2l,Delhi,110084,1919,2799,31.4,1
2026-05-30-1200,2026-05-30,flipkart-minutes,jivo-extra-light-olive-oil-can-2l,Delhi,110085,1919,2799,31.4,1
2026-05-30-1200,2026-05-30,flipkart-minutes,jivo-extra-light-olive-oil-can-2l,Delhi,110091,1919,2799,31.4,1
2026-05-30-1200,2026-05-30,flipkart-minutes,jivo-extra-light-olive-oil-can-2l,Delhi,110092,1919,2799,31.4,1
2026-05-30-1200,2026-05-30,flipkart-minutes,jivo-extra-light-olive-oil-can-2l,Faridabad,121003,1919,2799,31.4,1
2026-05-30-1200,2026-05-30,flipkart-minutes,jivo-extra-light-olive-oil-can-2l,Faridabad,121011,1919,2799,31.4,1
2026-05-30-1200,2026-05-30,flipkart-minutes,jivo-extra-light-olive-oil-can-2l,Gurgaon,122004,1919,2799,31.4,1
2026-05-30-1200,2026-05-30,flipkart-minutes,jivo-extra-light-olive-oil-can-2l,Gurgaon,122010,1919,2799,31.4,1
2026-05-30-1200,2026-05-30,flipkart-minutes,jivo-extra-light-olive-oil-can-2l,Gurgaon,122051,1919,2799,31.4,1
2026-05-30-1200,2026-05-30,flipkart-minutes,jivo-extra-light-olive-oil-can-2l,Gurgaon,123003,1919,2799,31.4,1
2026-05-30-1200,2026-05-30,flipkart-minutes,jivo-extra-light-olive-oil-can-2l,Noida,201307,1919,2799,31.4,1
2026-05-30-1200,2026-05-30,flipkart-minutes,jivo-extra-light-olive-oil-can-2l,Noida,201309,1919,2799,31.4,1
2026-05-30-1200,2026-05-30,flipkart-minutes,jivo-extra-light-olive-oil-can-2l,Noida,201310,1919,2799,31.4,1
2026-05-30-1200,2026-05-30,flipkart-minutes,jivo-extra-light-olive-oil-can-2l,Jaipur,302020,2059,2799,26.4,1
2026-05-30-1200,2026-05-30,flipkart-minutes,jivo-extra-light-olive-oil-can-2l,Jaipur,303602,2059,2799,26.4,1
2026-05-30-1200,2026-05-30,flipkart-minutes,jivo-mineral-water-na,Delhi,110026,23,30,23.3,1
2026-05-30-1200,2026-05-30,flipkart-minutes,jivo-mineral-water-na,Delhi,110061,23,23,0,0
2026-05-30-1200,2026-05-30,flipkart-minutes,jivo-mineral-water-na,Ludhiana,141014,23,23,0,0
2026-05-30-1200,2026-05-30,flipkart-minutes,jivo-mineral-water-na,Jaipur,302023,23,23,0,0
2026-05-30-1200,2026-05-30,flipkart-minutes,jivo-mineral-water-na,Jaipur,302024,23,30,23.3,1
2026-05-30-1200,2026-05-30,flipkart-minutes,jivo-mineral-water-na,Jaipur,302032,23,23,0,0
2026-05-30-1200,2026-05-30,flipkart-minutes,jivo-mineral-water-na,Ahmedabad,380009,22,22,0,0
2026-05-30-1200,2026-05-30,flipkart-minutes,jivo-mineral-water-na,Ahmedabad,380054,22,22,0,0
2026-05-30-1200,2026-05-30,flipkart-minutes,jivo-mineral-water-na,Mumbai,400007,22,22,0,0
2026-05-30-1200,2026-05-30,flipkart-minutes,jivo-mineral-water-na,Mumbai,400010,22,22,0,0
2026-05-30-1200,2026-05-30,flipkart-minutes,jivo-mineral-water-na,Mumbai,400017,22,22,0,0
2026-05-30-1200,2026-05-30,flipkart-minutes,jivo-mineral-water-na,Mumbai,400019,22,22,0,0
2026-05-30-1200,2026-05-30,flipkart-minutes,jivo-mineral-water-na,Mumbai,400023,22,22,0,0
2026-05-30-1200,2026-05-30,flipkart-minutes,jivo-mineral-water-na,Mumbai,400030,22,22,0,0
2026-05-30-1200,2026-05-30,flipkart-minutes,jivo-mineral-water-na,Mumbai,400033,22,22,0,0
2026-05-30-1200,2026-05-30,flipkart-minutes,jivo-mineral-water-na,Mumbai,400090,22,22,0,0
2026-05-30-1200,2026-05-30,flipkart-minutes,jivo-mineral-water-na,Mumbai,400611,22,22,0,0
2026-05-30-1200,2026-05-30,flipkart-minutes,jivo-mineral-water-na,Mumbai,400703,22,22,0,0
2026-05-30-1200,2026-05-30,flipkart-minutes,jivo-mineral-water-na,Pune,411012,22,30,26.7,1
2026-05-30-1200,2026-05-30,flipkart-minutes,jivo-mineral-water-na,Pune,411028,22,22,0,0
2026-05-30-1200,2026-05-30,flipkart-minutes,jivo-mineral-water-na,Pune,411047,22,22,0,0
2026-05-30-1200,2026-05-30,flipkart-minutes,jivo-mineral-water-na,Kolkata,700040,23,23,0,0
2026-05-30-1200,2026-05-30,flipkart-minutes,jivo-pomace-olive-oil-plastic-bottle-1l,Delhi,110010,371,1049,64.6,1
2026-05-30-1200,2026-05-30,flipkart-minutes,jivo-pomace-olive-oil-plastic-bottle-1l,Delhi,110014,371,1043,64.4,1
2026-05-30-1200,2026-05-30,flipkart-minutes,jivo-pomace-olive-oil-plastic-bottle-1l,Delhi,110025,371,1049,64.6,1
2026-05-30-1200,2026-05-30,flipkart-minutes,jivo-pomace-olive-oil-plastic-bottle-1l,Delhi,110061,396,1049,62.2,1
2026-05-30-1200,2026-05-30,flipkart-minutes,jivo-pomace-olive-oil-plastic-bottle-1l,Delhi,110070,371,1049,64.6,1
2026-05-30-1200,2026-05-30,flipkart-minutes,jivo-pomace-olive-oil-plastic-bottle-1l,Delhi,110076,371,1049,64.6,1
2026-05-30-1200,2026-05-30,flipkart-minutes,jivo-pomace-olive-oil-plastic-bottle-1l,Gurgaon,122051,371,1049,64.6,1
2026-05-30-1200,2026-05-30,flipkart-minutes,jivo-pomace-olive-oil-plastic-bottle-1l,Gurgaon,123003,371,1043,64.4,1
2026-05-30-1200,2026-05-30,flipkart-minutes,jivo-pomace-olive-oil-plastic-bottle-1l,Ludhiana,141014,371,1049,64.6,1
2026-05-30-1200,2026-05-30,flipkart-minutes,jivo-pomace-olive-oil-plastic-bottle-1l,Noida,201309,371,1049,64.6,1
2026-05-30-1200,2026-05-30,flipkart-minutes,jivo-pomace-olive-oil-plastic-bottle-1l,Jaipur,302016,427,1049,59.3,1
2026-05-30-1200,2026-05-30,flipkart-minutes,jivo-pomace-olive-oil-plastic-bottle-1l,Jaipur,302022,427,1049,59.3,1
2026-05-30-1200,2026-05-30,flipkart-minutes,jivo-pomace-olive-oil-plastic-bottle-1l,Jaipur,302023,427,436,2.1,0
2026-05-30-1200,2026-05-30,flipkart-minutes,jivo-pomace-olive-oil-plastic-bottle-1l,Jaipur,302032,427,436,2.1,0
2026-05-30-1200,2026-05-30,flipkart-minutes,jivo-pomace-olive-oil-plastic-bottle-1l,Ahmedabad,380054,427,436,2.1,0
2026-05-30-1200,2026-05-30,flipkart-minutes,jivo-pomace-olive-oil-plastic-bottle-1l,Mumbai,400007,421,430,2.1,0
2026-05-30-1200,2026-05-30,flipkart-minutes,jivo-pomace-olive-oil-plastic-bottle-1l,Mumbai,400010,421,430,2.1,0
2026-05-30-1200,2026-05-30,flipkart-minutes,jivo-pomace-olive-oil-plastic-bottle-1l,Mumbai,400030,421,430,2.1,0
2026-05-30-1200,2026-05-30,flipkart-minutes,jivo-pomace-olive-oil-plastic-bottle-1l,Mumbai,400033,421,430,2.1,0
2026-05-30-1200,2026-05-30,flipkart-minutes,jivo-pomace-olive-oil-plastic-bottle-1l,Mumbai,400611,421,430,2.1,0
2026-05-30-1200,2026-05-30,flipkart-minutes,jivo-pomace-olive-oil-plastic-bottle-1l,Mumbai,400703,421,430,2.1,0
2026-05-30-1200,2026-05-30,flipkart-minutes,jivo-pomace-olive-oil-plastic-bottle-1l,Pune,411028,421,430,2.1,0
2026-05-30-1200,2026-05-30,flipkart-minutes,jivo-pomace-olive-oil-plastic-bottle-1l,Pune,411047,421,430,2.1,0
2026-05-30-1200,2026-05-30,flipkart-minutes,jivo-pomace-olive-oil-plastic-bottle-1l,Kolkata,700019,438,447,2,0
2026-05-30-1200,2026-05-30,flipkart-minutes,jivo-pomace-olive-oil-tin-5l,Delhi,110010,2149,4999,57,1
2026-05-30-1200,2026-05-30,flipkart-minutes,jivo-pomace-olive-oil-tin-5l,Delhi,110014,2149,4999,57,1
2026-05-30-1200,2026-05-30,flipkart-minutes,jivo-pomace-olive-oil-tin-5l,Delhi,110084,2149,4999,57,1
2026-05-30-1200,2026-05-30,flipkart-minutes,jivo-pomace-olive-oil-tin-5l,Delhi,110085,2149,4999,57,1
2026-05-30-1200,2026-05-30,flipkart-minutes,jivo-pomace-olive-oil-tin-5l,Delhi,110091,2149,4999,57,1
2026-05-30-1200,2026-05-30,flipkart-minutes,jivo-pomace-olive-oil-tin-5l,Delhi,110092,2149,4999,57,1
2026-05-30-1200,2026-05-30,flipkart-minutes,jivo-pomace-olive-oil-tin-5l,Faridabad,121011,2149,4999,57,1
2026-05-30-1200,2026-05-30,flipkart-minutes,jivo-pomace-olive-oil-tin-5l,Noida,201309,2149,4999,57,1
2026-05-30-1200,2026-05-30,flipkart-minutes,jivo-pomace-olive-oil-tin-5l,Jaipur,302023,2287,2287,0,0
2026-05-30-1200,2026-05-30,flipkart-minutes,jivo-pomace-olive-oil-tin-5l,Jaipur,302032,2287,2287,0,0
2026-05-30-1200,2026-05-30,flipkart-minutes,jivo-soybean-oil-soyabean-oil-pouch-1l,Delhi,110010,174,178,2.2,0
2026-05-30-1200,2026-05-30,flipkart-minutes,jivo-soybean-oil-soyabean-oil-pouch-1l,Delhi,110026,174,199,12.6,1
2026-05-30-1200,2026-05-30,flipkart-minutes,jivo-soybean-oil-soyabean-oil-pouch-1l,Delhi,110061,174,178,2.2,0
2026-05-30-1200,2026-05-30,flipkart-minutes,jivo-soybean-oil-soyabean-oil-pouch-1l,Delhi,110070,174,178,2.2,0
2026-05-30-1200,2026-05-30,flipkart-minutes,jivo-soybean-oil-soyabean-oil-pouch-1l,Delhi,110076,174,178,2.2,0
2026-05-30-1200,2026-05-30,flipkart-minutes,jivo-soybean-oil-soyabean-oil-pouch-1l,Ludhiana,141014,165,199,17.1,1
2026-05-30-1200,2026-05-30,flipkart-minutes,jivo-soybean-oil-soyabean-oil-pouch-1l,Jaipur,302012,151,199,24.1,1
2026-05-30-1200,2026-05-30,flipkart-minutes,jivo-soybean-oil-soyabean-oil-pouch-1l,Jaipur,302017,151,199,24.1,1
2026-05-30-1200,2026-05-30,flipkart-minutes,jivo-soybean-oil-soyabean-oil-pouch-1l,Jaipur,302018,151,199,24.1,1
2026-05-30-1200,2026-05-30,flipkart-minutes,jivo-soybean-oil-soyabean-oil-pouch-1l,Jaipur,302023,151,155,2.6,0
2026-05-30-1200,2026-05-30,flipkart-minutes,jivo-soybean-oil-soyabean-oil-pouch-1l,Jaipur,302024,151,155,2.6,0
2026-05-30-1200,2026-05-30,flipkart-minutes,jivo-soybean-oil-soyabean-oil-pouch-1l,Jaipur,302032,151,155,2.6,0
2026-05-30-1200,2026-05-30,flipkart-minutes,jivo-soybean-oil-soyabean-oil-pouch-1l,Kolkata,700001,139,142,2.1,0
2026-05-30-1200,2026-05-30,flipkart-minutes,jivo-soybean-oil-soyabean-oil-pouch-1l,Kolkata,700019,139,142,2.1,0
2026-05-30-1200,2026-05-30,flipkart-minutes,jivo-soybean-oil-soyabean-oil-pouch-1l,Kolkata,700040,139,142,2.1,0
