run_id,date_ist,platform,canonical_sku,city,pincode,price,mrp,discount_pct,in_stock
2026-06-01-0900,2026-06-01,bigbasket,apple-healthy-wheatgrass-juice-200ml,All India,-,50,50,0,1
2026-06-01-0900,2026-06-01,bigbasket,apple-healthy-wheatgrass-juice-sugar-free-200ml,All India,-,50,50,0,1
2026-06-01-0900,2026-06-01,bigbasket,blueberry-healthy-wheatgrass-juice-200ml,All India,-,50,50,0,1
2026-06-01-0900,2026-06-01,bigbasket,canola-oil-cold-pressed-1l,All India,-,273,375,27.2,1
2026-06-01-0900,2026-06-01,bigbasket,canola-omega3-rich-cooking-oil-1-l-1l,All India,-,241.47,299,19.2,1
2026-06-01-0900,2026-06-01,bigbasket,cold-press-kachi-ghani-mustard-oil-5l,All India,-,926.96,1250,25.8,1
2026-06-01-0900,2026-06-01,bigbasket,cold-pressed-soyabean-oil-1l,All India,-,124.25,199,37.6,1
2026-06-01-0900,2026-06-01,bigbasket,cold-pressed-sunflower-oil-1l,All India,-,167.09,275,39.2,1
2026-06-01-0900,2026-06-01,bigbasket,extra-light-olive-oil-1l,All India,-,743.85,1499,50.4,1
2026-06-01-0900,2026-06-01,bigbasket,extra-light-olive-oil-5l,All India,-,1803,3900,53.8,1
2026-06-01-0900,2026-06-01,bigbasket,extra-light-olive-oil-antioxidants-rich-light-cooking-medium-for-frying-grilling-2l,All India,-,1380,2799,50.7,1
2026-06-01-0900,2026-06-01,bigbasket,extra-virgin-coconut-oil-1l,All India,-,467.25,700,33.3,1
2026-06-01-0900,2026-06-01,bigbasket,extra-virgin-olive-oil-antioxidants-rich-suitable-for-salads-saute-1l,All India,-,1012,1799,43.7,1
2026-06-01-0900,2026-06-01,bigbasket,extravirgin-olive-oil-5l,All India,-,5077,7999,36.5,1
2026-06-01-0900,2026-06-01,bigbasket,fizzy-water-flavoured-with-lemon-750ml,All India,-,55,55,0,1
2026-06-01-0900,2026-06-01,bigbasket,fizzy-water-flavoured-with-peach-750ml,All India,-,55,55,0,1
2026-06-01-0900,2026-06-01,bigbasket,ginger-ale-healthy-wheatgrass-juice-sugar-free-200ml,All India,-,50,50,0,1
2026-06-01-0900,2026-06-01,bigbasket,gold-multisource-edible-oil-5l,All India,-,716.81,1050,31.7,1
2026-06-01-0900,2026-06-01,bigbasket,indian-tonic-water-200ml,All India,-,95,95,0,1
2026-06-01-0900,2026-06-01,bigbasket,mango-healthy-wheatgrass-juice-500ml,All India,-,100,100,0,1
2026-06-01-0900,2026-06-01,bigbasket,mojito-healthy-wheatgrass-juice-200ml,All India,-,50,50,0,1
2026-06-01-0900,2026-06-01,bigbasket,mojito-healthy-wheatgrass-juice-sugar-free-200ml,All India,-,50,50,0,1
2026-06-01-0900,2026-06-01,bigbasket,pomace-olive-oil-1l,All India,-,1049,1049,0,1
2026-06-01-0900,2026-06-01,bigbasket,pomace-olive-oil-2l,All India,-,1078,1449,25.6,1
2026-06-01-0900,2026-06-01,bigbasket,pomace-olive-oil-5l,All India,-,2511,4999,49.8,1
2026-06-01-0900,2026-06-01,bigbasket,rose-healthy-wheatgrass-juice-200ml,All India,-,50,50,0,1
2026-06-01-0900,2026-06-01,bigbasket,sunflower-oil-cold-pressed-fortified-with-vitamins-a-d-chemical-free-5l,All India,-,818.72,1350,39.4,1
2026-06-01-1200,2026-06-01,bigbasket,apple-healthy-wheatgrass-juice-200ml,All India,-,50,50,0,1
2026-06-01-1200,2026-06-01,bigbasket,apple-healthy-wheatgrass-juice-sugar-free-200ml,All India,-,50,50,0,1
2026-06-01-1200,2026-06-01,bigbasket,blueberry-healthy-wheatgrass-juice-200ml,All India,-,50,50,0,1
2026-06-01-1200,2026-06-01,bigbasket,canola-oil-cold-pressed-1l,All India,-,273,375,27.2,1
2026-06-01-1200,2026-06-01,bigbasket,canola-omega3-rich-cooking-oil-1-l-1l,All India,-,241.47,299,19.2,1
2026-06-01-1200,2026-06-01,bigbasket,cold-press-kachi-ghani-mustard-oil-5l,All India,-,926.96,1250,25.8,1
2026-06-01-1200,2026-06-01,bigbasket,cold-pressed-soyabean-oil-1l,All India,-,124.25,199,37.6,1
2026-06-01-1200,2026-06-01,bigbasket,cold-pressed-sunflower-oil-1l,All India,-,167.09,275,39.2,1
2026-06-01-1200,2026-06-01,bigbasket,extra-light-olive-oil-1l,All India,-,743.85,1499,50.4,1
2026-06-01-1200,2026-06-01,bigbasket,extra-light-olive-oil-5l,All India,-,1803,3900,53.8,1
2026-06-01-1200,2026-06-01,bigbasket,extra-light-olive-oil-antioxidants-rich-light-cooking-medium-for-frying-grilling-2l,All India,-,1380,2799,50.7,1
2026-06-01-1200,2026-06-01,bigbasket,extra-virgin-coconut-oil-1l,All India,-,467.25,700,33.3,1
2026-06-01-1200,2026-06-01,bigbasket,extra-virgin-olive-oil-antioxidants-rich-suitable-for-salads-saute-1l,All India,-,1012,1799,43.7,1
2026-06-01-1200,2026-06-01,bigbasket,extravirgin-olive-oil-5l,All India,-,5077,7999,36.5,1
2026-06-01-1200,2026-06-01,bigbasket,fizzy-water-flavoured-with-lemon-750ml,All India,-,55,55,0,1
2026-06-01-1200,2026-06-01,bigbasket,fizzy-water-flavoured-with-peach-750ml,All India,-,55,55,0,1
2026-06-01-1200,2026-06-01,bigbasket,ginger-ale-healthy-wheatgrass-juice-sugar-free-200ml,All India,-,50,50,0,1
2026-06-01-1200,2026-06-01,bigbasket,gold-multisource-edible-oil-5l,All India,-,716.81,1050,31.7,1
2026-06-01-1200,2026-06-01,bigbasket,indian-tonic-water-200ml,All India,-,95,95,0,1
2026-06-01-1200,2026-06-01,bigbasket,mango-healthy-wheatgrass-juice-500ml,All India,-,100,100,0,1
2026-06-01-1200,2026-06-01,bigbasket,mojito-healthy-wheatgrass-juice-200ml,All India,-,50,50,0,1
2026-06-01-1200,2026-06-01,bigbasket,mojito-healthy-wheatgrass-juice-sugar-free-200ml,All India,-,50,50,0,1
2026-06-01-1200,2026-06-01,bigbasket,pomace-olive-oil-1l,All India,-,1049,1049,0,1
2026-06-01-1200,2026-06-01,bigbasket,pomace-olive-oil-2l,All India,-,1078,1449,25.6,1
2026-06-01-1200,2026-06-01,bigbasket,pomace-olive-oil-5l,All India,-,2511,4999,49.8,1
2026-06-01-1200,2026-06-01,bigbasket,rose-healthy-wheatgrass-juice-200ml,All India,-,50,50,0,1
2026-06-01-1200,2026-06-01,bigbasket,sunflower-oil-cold-pressed-fortified-with-vitamins-a-d-chemical-free-5l,All India,-,818.72,1350,39.4,1
2026-06-01-1600,2026-06-01,bigbasket,apple-healthy-wheatgrass-juice-200ml,All India,-,50,50,0,1
2026-06-01-1600,2026-06-01,bigbasket,apple-healthy-wheatgrass-juice-sugar-free-200ml,All India,-,50,50,0,1
2026-06-01-1600,2026-06-01,bigbasket,blueberry-healthy-wheatgrass-juice-200ml,All India,-,50,50,0,1
2026-06-01-1600,2026-06-01,bigbasket,canola-oil-cold-pressed-1l,All India,-,273,375,27.2,1
2026-06-01-1600,2026-06-01,bigbasket,canola-omega3-rich-cooking-oil-1-l-1l,All India,-,241.47,299,19.2,1
2026-06-01-1600,2026-06-01,bigbasket,cold-press-kachi-ghani-mustard-oil-5l,All India,-,926.96,1250,25.8,1
2026-06-01-1600,2026-06-01,bigbasket,cold-pressed-soyabean-oil-1l,All India,-,124.25,199,37.6,1
2026-06-01-1600,2026-06-01,bigbasket,cold-pressed-sunflower-oil-1l,All India,-,167.09,275,39.2,1
2026-06-01-1600,2026-06-01,bigbasket,extra-light-olive-oil-1l,All India,-,743.85,1499,50.4,1
2026-06-01-1600,2026-06-01,bigbasket,extra-light-olive-oil-5l,All India,-,1803,3900,53.8,1
2026-06-01-1600,2026-06-01,bigbasket,extra-light-olive-oil-antioxidants-rich-light-cooking-medium-for-frying-grilling-2l,All India,-,1380,2799,50.7,1
2026-06-01-1600,2026-06-01,bigbasket,extra-virgin-coconut-oil-1l,All India,-,467.25,700,33.3,1
2026-06-01-1600,2026-06-01,bigbasket,extra-virgin-olive-oil-antioxidants-rich-suitable-for-salads-saute-1l,All India,-,1012,1799,43.7,1
2026-06-01-1600,2026-06-01,bigbasket,extravirgin-olive-oil-5l,All India,-,5077,7999,36.5,1
2026-06-01-1600,2026-06-01,bigbasket,fizzy-water-flavoured-with-lemon-750ml,All India,-,55,55,0,1
2026-06-01-1600,2026-06-01,bigbasket,fizzy-water-flavoured-with-peach-750ml,All India,-,55,55,0,1
2026-06-01-1600,2026-06-01,bigbasket,ginger-ale-healthy-wheatgrass-juice-sugar-free-200ml,All India,-,50,50,0,1
2026-06-01-1600,2026-06-01,bigbasket,gold-multisource-edible-oil-5l,All India,-,716.81,1050,31.7,1
2026-06-01-1600,2026-06-01,bigbasket,indian-tonic-water-200ml,All India,-,95,95,0,1
2026-06-01-1600,2026-06-01,bigbasket,mango-healthy-wheatgrass-juice-500ml,All India,-,100,100,0,1
2026-06-01-1600,2026-06-01,bigbasket,mojito-healthy-wheatgrass-juice-200ml,All India,-,50,50,0,1
2026-06-01-1600,2026-06-01,bigbasket,mojito-healthy-wheatgrass-juice-sugar-free-200ml,All India,-,50,50,0,1
2026-06-01-1600,2026-06-01,bigbasket,pomace-olive-oil-1l,All India,-,1049,1049,0,1
2026-06-01-1600,2026-06-01,bigbasket,pomace-olive-oil-2l,All India,-,1078,1449,25.6,1
2026-06-01-1600,2026-06-01,bigbasket,pomace-olive-oil-5l,All India,-,2511,4999,49.8,1
2026-06-01-1600,2026-06-01,bigbasket,rose-healthy-wheatgrass-juice-200ml,All India,-,50,50,0,1
2026-06-01-1600,2026-06-01,bigbasket,sunflower-oil-cold-pressed-fortified-with-vitamins-a-d-chemical-free-5l,All India,-,818.72,1350,39.4,1
2026-06-04-1417,2026-06-04,bigbasket,apple-healthy-wheatgrass-juice-200ml,All India,-,50,50,0,1
2026-06-04-1417,2026-06-04,bigbasket,apple-healthy-wheatgrass-juice-sugar-free-200ml,All India,-,50,50,0,1
2026-06-04-1417,2026-06-04,bigbasket,blueberry-healthy-wheatgrass-juice-200ml,All India,-,50,50,0,1
2026-06-04-1417,2026-06-04,bigbasket,canola-oil-cold-pressed-1l,All India,-,273,375,27.2,1
2026-06-04-1417,2026-06-04,bigbasket,canola-omega3-rich-cooking-oil-1-l-1l,All India,-,241.47,299,19.2,1
2026-06-04-1417,2026-06-04,bigbasket,cold-press-kachi-ghani-mustard-oil-5l,All India,-,945.88,1250,24.3,1
2026-06-04-1417,2026-06-04,bigbasket,cold-pressed-soyabean-oil-1l,All India,-,124.25,199,37.6,1
2026-06-04-1417,2026-06-04,bigbasket,cold-pressed-sunflower-oil-1l,All India,-,167.09,275,39.2,1
2026-06-04-1417,2026-06-04,bigbasket,extra-light-olive-oil-1l,All India,-,743.85,1499,50.4,1
2026-06-04-1417,2026-06-04,bigbasket,extra-light-olive-oil-5l,All India,-,1840,3900,52.8,1
2026-06-04-1417,2026-06-04,bigbasket,extra-light-olive-oil-antioxidants-rich-light-cooking-medium-for-frying-grilling-2l,All India,-,1409,2799,49.7,1
2026-06-04-1417,2026-06-04,bigbasket,extra-virgin-coconut-oil-1l,All India,-,467.25,700,33.3,1
2026-06-04-1417,2026-06-04,bigbasket,extra-virgin-olive-oil-antioxidants-rich-suitable-for-salads-saute-1l,All India,-,1012,1799,43.7,1
2026-06-04-1417,2026-06-04,bigbasket,extravirgin-olive-oil-5l,All India,-,5077,7999,36.5,1
2026-06-04-1417,2026-06-04,bigbasket,fizzy-water-flavoured-with-lemon-750ml,All India,-,55,55,0,1
2026-06-04-1417,2026-06-04,bigbasket,fizzy-water-flavoured-with-peach-750ml,All India,-,55,55,0,1
2026-06-04-1417,2026-06-04,bigbasket,ginger-ale-healthy-wheatgrass-juice-sugar-free-200ml,All India,-,50,50,0,1
2026-06-04-1417,2026-06-04,bigbasket,gold-multisource-edible-oil-5l,All India,-,716.81,1050,31.7,1
2026-06-04-1417,2026-06-04,bigbasket,indian-tonic-water-200ml,All India,-,95,95,0,1
2026-06-04-1417,2026-06-04,bigbasket,mango-healthy-wheatgrass-juice-500ml,All India,-,100,100,0,1
2026-06-04-1417,2026-06-04,bigbasket,mojito-healthy-wheatgrass-juice-200ml,All India,-,50,50,0,1
2026-06-04-1417,2026-06-04,bigbasket,mojito-healthy-wheatgrass-juice-sugar-free-200ml,All India,-,50,50,0,1
2026-06-04-1417,2026-06-04,bigbasket,pomace-olive-oil-1l,All India,-,1049,1049,0,1
2026-06-04-1417,2026-06-04,bigbasket,pomace-olive-oil-2l,All India,-,1100,1449,24.1,1
2026-06-04-1417,2026-06-04,bigbasket,pomace-olive-oil-5l,All India,-,2562,4999,48.7,1
2026-06-04-1417,2026-06-04,bigbasket,rose-healthy-wheatgrass-juice-200ml,All India,-,50,50,0,1
2026-06-04-1417,2026-06-04,bigbasket,sunflower-oil-cold-pressed-fortified-with-vitamins-a-d-chemical-free-5l,All India,-,835.43,1350,38.1,1
2026-06-04-1902,2026-06-04,bigbasket,apple-healthy-wheatgrass-juice-200ml,All India,-,50,50,0,0
2026-06-04-1902,2026-06-04,bigbasket,apple-healthy-wheatgrass-juice-sugar-free-200ml,All India,-,50,50,0,0
2026-06-04-1902,2026-06-04,bigbasket,blueberry-healthy-wheatgrass-juice-200ml,All India,-,50,50,0,0
2026-06-04-1902,2026-06-04,bigbasket,canola-oil-cold-pressed-1l,All India,-,283.99,375,24.3,1
2026-06-04-1902,2026-06-04,bigbasket,canola-oil-cold-pressed-5l,All India,-,1366,1650,17.2,1
2026-06-04-1902,2026-06-04,bigbasket,canola-omega3-rich-cooking-oil-1-l-1l,All India,-,241.47,299,19.2,0
2026-06-04-1902,2026-06-04,bigbasket,cold-press-kachi-ghani-mustard-oil-1l,All India,-,202.09,255,20.7,1
2026-06-04-1902,2026-06-04,bigbasket,cold-press-kachi-ghani-mustard-oil-5l,All India,-,981.13,1250,21.5,0
2026-06-04-1902,2026-06-04,bigbasket,cold-pressed-sunflower-oil-1l,All India,-,177.74,275,35.4,1
2026-06-04-1902,2026-06-04,bigbasket,extra-light-olive-oil-1l,All India,-,1284,1499,14.3,1
2026-06-04-1902,2026-06-04,bigbasket,extra-light-olive-oil-antioxidants-rich-light-cooking-medium-for-frying-grilling-2l,All India,-,1343,2799,52,1
2026-06-04-1902,2026-06-04,bigbasket,extra-virgin-olive-oil-antioxidants-rich-suitable-for-salads-saute-1l,All India,-,1012,1799,43.7,1
2026-06-04-1902,2026-06-04,bigbasket,fizzy-water-flavoured-with-lemon-750ml,All India,-,55,55,0,0
2026-06-04-1902,2026-06-04,bigbasket,fizzy-water-flavoured-with-peach-750ml,All India,-,55,55,0,0
2026-06-04-1902,2026-06-04,bigbasket,indian-tonic-water-200ml,All India,-,95,95,0,1
2026-06-04-1902,2026-06-04,bigbasket,mango-healthy-wheatgrass-juice-200ml,All India,-,50,50,0,0
2026-06-04-1902,2026-06-04,bigbasket,mango-healthy-wheatgrass-juice-500ml,All India,-,100,100,0,0
2026-06-04-1902,2026-06-04,bigbasket,mojito-healthy-wheatgrass-juice-200ml,All India,-,50,50,0,0
2026-06-04-1902,2026-06-04,bigbasket,mojito-healthy-wheatgrass-juice-sugar-free-200ml,All India,-,50,50,0,0
2026-06-04-1902,2026-06-04,bigbasket,pomace-olive-oil-1l,All India,-,485.01,1049,53.8,1
2026-06-04-1902,2026-06-04,bigbasket,pomace-olive-oil-2l,All India,-,1099,1449,24.2,1
2026-06-04-1902,2026-06-04,bigbasket,rose-healthy-wheatgrass-juice-200ml,All India,-,50,50,0,0
2026-06-04-1902,2026-06-04,bigbasket,sunflower-oil-cold-pressed-fortified-with-vitamins-a-d-chemical-free-5l,All India,-,882.81,1350,34.6,0
2026-06-04-1909,2026-06-04,bigbasket,apple-healthy-wheatgrass-juice-200ml,All India,-,50,50,0,0
2026-06-04-1909,2026-06-04,bigbasket,apple-healthy-wheatgrass-juice-sugar-free-200ml,All India,-,50,50,0,0
2026-06-04-1909,2026-06-04,bigbasket,blueberry-healthy-wheatgrass-juice-200ml,All India,-,50,50,0,0
2026-06-04-1909,2026-06-04,bigbasket,canola-oil-cold-pressed-1l,All India,-,283.99,375,24.3,1
2026-06-04-1909,2026-06-04,bigbasket,canola-oil-cold-pressed-5l,All India,-,1366,1650,17.2,1
2026-06-04-1909,2026-06-04,bigbasket,canola-omega3-rich-cooking-oil-1-l-1l,All India,-,241.47,299,19.2,0
2026-06-04-1909,2026-06-04,bigbasket,cold-press-kachi-ghani-mustard-oil-1l,All India,-,202.09,255,20.7,1
2026-06-04-1909,2026-06-04,bigbasket,cold-press-kachi-ghani-mustard-oil-5l,All India,-,981.13,1250,21.5,0
2026-06-04-1909,2026-06-04,bigbasket,cold-pressed-sunflower-oil-1l,All India,-,177.74,275,35.4,1
2026-06-04-1909,2026-06-04,bigbasket,extra-light-olive-oil-1l,All India,-,1284,1499,14.3,1
2026-06-04-1909,2026-06-04,bigbasket,extra-light-olive-oil-antioxidants-rich-light-cooking-medium-for-frying-grilling-2l,All India,-,1343,2799,52,1
2026-06-04-1909,2026-06-04,bigbasket,extra-virgin-olive-oil-antioxidants-rich-suitable-for-salads-saute-1l,All India,-,1012,1799,43.7,1
2026-06-04-1909,2026-06-04,bigbasket,fizzy-water-flavoured-with-lemon-750ml,All India,-,55,55,0,0
2026-06-04-1909,2026-06-04,bigbasket,fizzy-water-flavoured-with-peach-750ml,All India,-,55,55,0,0
2026-06-04-1909,2026-06-04,bigbasket,indian-tonic-water-200ml,All India,-,95,95,0,1
2026-06-04-1909,2026-06-04,bigbasket,mango-healthy-wheatgrass-juice-200ml,All India,-,50,50,0,0
2026-06-04-1909,2026-06-04,bigbasket,mango-healthy-wheatgrass-juice-500ml,All India,-,100,100,0,0
2026-06-04-1909,2026-06-04,bigbasket,mojito-healthy-wheatgrass-juice-200ml,All India,-,50,50,0,0
2026-06-04-1909,2026-06-04,bigbasket,mojito-healthy-wheatgrass-juice-sugar-free-200ml,All India,-,50,50,0,0
2026-06-04-1909,2026-06-04,bigbasket,pomace-olive-oil-1l,All India,-,485.01,1049,53.8,1
2026-06-04-1909,2026-06-04,bigbasket,pomace-olive-oil-2l,All India,-,1099,1449,24.2,1
2026-06-04-1909,2026-06-04,bigbasket,rose-healthy-wheatgrass-juice-200ml,All India,-,50,50,0,0
2026-06-04-1909,2026-06-04,bigbasket,sunflower-oil-cold-pressed-fortified-with-vitamins-a-d-chemical-free-5l,All India,-,882.81,1350,34.6,0
2026-06-04-1918,2026-06-04,bigbasket,apple-healthy-wheatgrass-juice-200ml,All India,-,50,50,0,0
2026-06-04-1918,2026-06-04,bigbasket,apple-healthy-wheatgrass-juice-sugar-free-200ml,All India,-,50,50,0,0
2026-06-04-1918,2026-06-04,bigbasket,blueberry-healthy-wheatgrass-juice-200ml,All India,-,50,50,0,0
2026-06-04-1918,2026-06-04,bigbasket,canola-oil-cold-pressed-1l,All India,-,283.99,375,24.3,1
2026-06-04-1918,2026-06-04,bigbasket,canola-oil-cold-pressed-5l,All India,-,1366,1650,17.2,1
2026-06-04-1918,2026-06-04,bigbasket,canola-omega3-rich-cooking-oil-1-l-1l,All India,-,241.47,299,19.2,0
2026-06-04-1918,2026-06-04,bigbasket,cold-press-kachi-ghani-mustard-oil-1l,All India,-,202.09,255,20.7,1
2026-06-04-1918,2026-06-04,bigbasket,cold-press-kachi-ghani-mustard-oil-5l,All India,-,981.13,1250,21.5,0
2026-06-04-1918,2026-06-04,bigbasket,cold-pressed-sunflower-oil-1l,All India,-,177.74,275,35.4,1
2026-06-04-1918,2026-06-04,bigbasket,extra-light-olive-oil-1l,All India,-,1284,1499,14.3,1
2026-06-04-1918,2026-06-04,bigbasket,extra-light-olive-oil-antioxidants-rich-light-cooking-medium-for-frying-grilling-2l,All India,-,1343,2799,52,1
2026-06-04-1918,2026-06-04,bigbasket,extra-virgin-olive-oil-antioxidants-rich-suitable-for-salads-saute-1l,All India,-,1012,1799,43.7,1
2026-06-04-1918,2026-06-04,bigbasket,fizzy-water-flavoured-with-lemon-750ml,All India,-,55,55,0,0
2026-06-04-1918,2026-06-04,bigbasket,fizzy-water-flavoured-with-peach-750ml,All India,-,55,55,0,0
2026-06-04-1918,2026-06-04,bigbasket,indian-tonic-water-200ml,All India,-,95,95,0,1
2026-06-04-1918,2026-06-04,bigbasket,mango-healthy-wheatgrass-juice-200ml,All India,-,50,50,0,0
2026-06-04-1918,2026-06-04,bigbasket,mango-healthy-wheatgrass-juice-500ml,All India,-,100,100,0,0
2026-06-04-1918,2026-06-04,bigbasket,mojito-healthy-wheatgrass-juice-200ml,All India,-,50,50,0,0
2026-06-04-1918,2026-06-04,bigbasket,mojito-healthy-wheatgrass-juice-sugar-free-200ml,All India,-,50,50,0,0
2026-06-04-1918,2026-06-04,bigbasket,pomace-olive-oil-1l,All India,-,485.01,1049,53.8,1
2026-06-04-1918,2026-06-04,bigbasket,pomace-olive-oil-2l,All India,-,1099,1449,24.2,1
2026-06-04-1918,2026-06-04,bigbasket,rose-healthy-wheatgrass-juice-200ml,All India,-,50,50,0,0
2026-06-04-1918,2026-06-04,bigbasket,sunflower-oil-cold-pressed-fortified-with-vitamins-a-d-chemical-free-5l,All India,-,882.81,1350,34.6,0
2026-06-05-0112,2026-06-05,bigbasket,apple-healthy-wheatgrass-juice-200ml,All India,-,50,50,0,0
2026-06-05-0112,2026-06-05,bigbasket,apple-healthy-wheatgrass-juice-sugar-free-200ml,All India,-,50,50,0,0
2026-06-05-0112,2026-06-05,bigbasket,blueberry-healthy-wheatgrass-juice-200ml,All India,-,50,50,0,0
2026-06-05-0112,2026-06-05,bigbasket,canola-oil-cold-pressed-1l,All India,-,283.99,375,24.3,1
2026-06-05-0112,2026-06-05,bigbasket,canola-oil-cold-pressed-5l,All India,-,1366,1650,17.2,1
2026-06-05-0112,2026-06-05,bigbasket,canola-omega3-rich-cooking-oil-1-l-1l,All India,-,241.47,299,19.2,0
2026-06-05-0112,2026-06-05,bigbasket,cold-press-kachi-ghani-mustard-oil-1l,All India,-,202.09,255,20.7,1
2026-06-05-0112,2026-06-05,bigbasket,cold-press-kachi-ghani-mustard-oil-5l,All India,-,981.13,1250,21.5,0
2026-06-05-0112,2026-06-05,bigbasket,cold-pressed-sunflower-oil-1l,All India,-,177.74,275,35.4,1
2026-06-05-0112,2026-06-05,bigbasket,extra-light-olive-oil-1l,All India,-,1284,1499,14.3,1
2026-06-05-0112,2026-06-05,bigbasket,extra-light-olive-oil-antioxidants-rich-light-cooking-medium-for-frying-grilling-2l,All India,-,1343,2799,52,1
2026-06-05-0112,2026-06-05,bigbasket,extra-virgin-olive-oil-antioxidants-rich-suitable-for-salads-saute-1l,All India,-,1012,1799,43.7,1
2026-06-05-0112,2026-06-05,bigbasket,fizzy-water-flavoured-with-lemon-750ml,All India,-,55,55,0,0
2026-06-05-0112,2026-06-05,bigbasket,fizzy-water-flavoured-with-peach-750ml,All India,-,55,55,0,0
2026-06-05-0112,2026-06-05,bigbasket,indian-tonic-water-200ml,All India,-,95,95,0,1
2026-06-05-0112,2026-06-05,bigbasket,mango-healthy-wheatgrass-juice-200ml,All India,-,50,50,0,0
2026-06-05-0112,2026-06-05,bigbasket,mango-healthy-wheatgrass-juice-500ml,All India,-,100,100,0,0
2026-06-05-0112,2026-06-05,bigbasket,mojito-healthy-wheatgrass-juice-200ml,All India,-,50,50,0,0
2026-06-05-0112,2026-06-05,bigbasket,mojito-healthy-wheatgrass-juice-sugar-free-200ml,All India,-,50,50,0,0
2026-06-05-0112,2026-06-05,bigbasket,pomace-olive-oil-1l,All India,-,485.01,1049,53.8,1
2026-06-05-0112,2026-06-05,bigbasket,pomace-olive-oil-2l,All India,-,1099,1449,24.2,1
2026-06-05-0112,2026-06-05,bigbasket,rose-healthy-wheatgrass-juice-200ml,All India,-,50,50,0,0
2026-06-05-0112,2026-06-05,bigbasket,sunflower-oil-cold-pressed-fortified-with-vitamins-a-d-chemical-free-5l,All India,-,882.81,1350,34.6,0
2026-06-05-0114,2026-06-05,bigbasket,apple-healthy-wheatgrass-juice-200ml,All India,-,50,50,0,0
2026-06-05-0114,2026-06-05,bigbasket,apple-healthy-wheatgrass-juice-sugar-free-200ml,All India,-,50,50,0,0
2026-06-05-0114,2026-06-05,bigbasket,blueberry-healthy-wheatgrass-juice-200ml,All India,-,50,50,0,0
2026-06-05-0114,2026-06-05,bigbasket,canola-oil-cold-pressed-1l,All India,-,283.99,375,24.3,1
2026-06-05-0114,2026-06-05,bigbasket,canola-oil-cold-pressed-5l,All India,-,1366,1650,17.2,1
2026-06-05-0114,2026-06-05,bigbasket,canola-omega3-rich-cooking-oil-1-l-1l,All India,-,241.47,299,19.2,0
2026-06-05-0114,2026-06-05,bigbasket,cold-press-kachi-ghani-mustard-oil-1l,All India,-,202.09,255,20.7,1
2026-06-05-0114,2026-06-05,bigbasket,cold-press-kachi-ghani-mustard-oil-5l,All India,-,981.13,1250,21.5,0
2026-06-05-0114,2026-06-05,bigbasket,cold-pressed-sunflower-oil-1l,All India,-,177.74,275,35.4,1
2026-06-05-0114,2026-06-05,bigbasket,extra-light-olive-oil-1l,All India,-,1284,1499,14.3,1
2026-06-05-0114,2026-06-05,bigbasket,extra-light-olive-oil-antioxidants-rich-light-cooking-medium-for-frying-grilling-2l,All India,-,1343,2799,52,1
2026-06-05-0114,2026-06-05,bigbasket,extra-virgin-olive-oil-antioxidants-rich-suitable-for-salads-saute-1l,All India,-,1012,1799,43.7,1
2026-06-05-0114,2026-06-05,bigbasket,fizzy-water-flavoured-with-lemon-750ml,All India,-,55,55,0,0
2026-06-05-0114,2026-06-05,bigbasket,fizzy-water-flavoured-with-peach-750ml,All India,-,55,55,0,0
2026-06-05-0114,2026-06-05,bigbasket,indian-tonic-water-200ml,All India,-,95,95,0,1
2026-06-05-0114,2026-06-05,bigbasket,mango-healthy-wheatgrass-juice-200ml,All India,-,50,50,0,0
2026-06-05-0114,2026-06-05,bigbasket,mango-healthy-wheatgrass-juice-500ml,All India,-,100,100,0,0
2026-06-05-0114,2026-06-05,bigbasket,mojito-healthy-wheatgrass-juice-200ml,All India,-,50,50,0,0
2026-06-05-0114,2026-06-05,bigbasket,mojito-healthy-wheatgrass-juice-sugar-free-200ml,All India,-,50,50,0,0
2026-06-05-0114,2026-06-05,bigbasket,pomace-olive-oil-1l,All India,-,485.01,1049,53.8,1
2026-06-05-0114,2026-06-05,bigbasket,pomace-olive-oil-2l,All India,-,1099,1449,24.2,1
2026-06-05-0114,2026-06-05,bigbasket,rose-healthy-wheatgrass-juice-200ml,All India,-,50,50,0,0
2026-06-05-0114,2026-06-05,bigbasket,sunflower-oil-cold-pressed-fortified-with-vitamins-a-d-chemical-free-5l,All India,-,882.81,1350,34.6,0
2026-06-05-0115,2026-06-05,bigbasket,apple-healthy-wheatgrass-juice-200ml,All India,-,50,50,0,0
2026-06-05-0115,2026-06-05,bigbasket,apple-healthy-wheatgrass-juice-sugar-free-200ml,All India,-,50,50,0,0
2026-06-05-0115,2026-06-05,bigbasket,blueberry-healthy-wheatgrass-juice-200ml,All India,-,50,50,0,0
2026-06-05-0115,2026-06-05,bigbasket,canola-oil-cold-pressed-1l,All India,-,283.99,375,24.3,1
2026-06-05-0115,2026-06-05,bigbasket,canola-oil-cold-pressed-5l,All India,-,1366,1650,17.2,1
2026-06-05-0115,2026-06-05,bigbasket,canola-omega3-rich-cooking-oil-1-l-1l,All India,-,241.47,299,19.2,0
2026-06-05-0115,2026-06-05,bigbasket,cold-press-kachi-ghani-mustard-oil-1l,All India,-,202.09,255,20.7,1
2026-06-05-0115,2026-06-05,bigbasket,cold-press-kachi-ghani-mustard-oil-5l,All India,-,981.13,1250,21.5,0
2026-06-05-0115,2026-06-05,bigbasket,cold-pressed-sunflower-oil-1l,All India,-,177.74,275,35.4,1
2026-06-05-0115,2026-06-05,bigbasket,extra-light-olive-oil-1l,All India,-,1284,1499,14.3,1
2026-06-05-0115,2026-06-05,bigbasket,extra-light-olive-oil-antioxidants-rich-light-cooking-medium-for-frying-grilling-2l,All India,-,1343,2799,52,1
2026-06-05-0115,2026-06-05,bigbasket,extra-virgin-olive-oil-antioxidants-rich-suitable-for-salads-saute-1l,All India,-,1012,1799,43.7,1
2026-06-05-0115,2026-06-05,bigbasket,fizzy-water-flavoured-with-lemon-750ml,All India,-,55,55,0,0
2026-06-05-0115,2026-06-05,bigbasket,fizzy-water-flavoured-with-peach-750ml,All India,-,55,55,0,0
2026-06-05-0115,2026-06-05,bigbasket,indian-tonic-water-200ml,All India,-,95,95,0,1
2026-06-05-0115,2026-06-05,bigbasket,mango-healthy-wheatgrass-juice-200ml,All India,-,50,50,0,0
2026-06-05-0115,2026-06-05,bigbasket,mango-healthy-wheatgrass-juice-500ml,All India,-,100,100,0,0
2026-06-05-0115,2026-06-05,bigbasket,mojito-healthy-wheatgrass-juice-200ml,All India,-,50,50,0,0
2026-06-05-0115,2026-06-05,bigbasket,mojito-healthy-wheatgrass-juice-sugar-free-200ml,All India,-,50,50,0,0
2026-06-05-0115,2026-06-05,bigbasket,pomace-olive-oil-1l,All India,-,485.01,1049,53.8,1
2026-06-05-0115,2026-06-05,bigbasket,pomace-olive-oil-2l,All India,-,1099,1449,24.2,1
2026-06-05-0115,2026-06-05,bigbasket,rose-healthy-wheatgrass-juice-200ml,All India,-,50,50,0,0
2026-06-05-0115,2026-06-05,bigbasket,sunflower-oil-cold-pressed-fortified-with-vitamins-a-d-chemical-free-5l,All India,-,882.81,1350,34.6,0
2026-06-05-0429,2026-06-05,bigbasket,apple-healthy-wheatgrass-juice-200ml,All India,-,50,50,0,0
2026-06-05-0429,2026-06-05,bigbasket,apple-healthy-wheatgrass-juice-sugar-free-200ml,All India,-,50,50,0,0
2026-06-05-0429,2026-06-05,bigbasket,blueberry-healthy-wheatgrass-juice-200ml,All India,-,50,50,0,0
2026-06-05-0429,2026-06-05,bigbasket,canola-oil-cold-pressed-1l,All India,-,283.99,375,24.3,1
2026-06-05-0429,2026-06-05,bigbasket,canola-oil-cold-pressed-5l,All India,-,1366,1650,17.2,1
2026-06-05-0429,2026-06-05,bigbasket,canola-omega3-rich-cooking-oil-1-l-1l,All India,-,241.47,299,19.2,0
2026-06-05-0429,2026-06-05,bigbasket,cold-press-kachi-ghani-mustard-oil-1l,All India,-,202.09,255,20.7,1
2026-06-05-0429,2026-06-05,bigbasket,cold-press-kachi-ghani-mustard-oil-5l,All India,-,981.13,1250,21.5,0
2026-06-05-0429,2026-06-05,bigbasket,cold-pressed-sunflower-oil-1l,All India,-,177.74,275,35.4,1
2026-06-05-0429,2026-06-05,bigbasket,extra-light-olive-oil-1l,All India,-,1284,1499,14.3,1
2026-06-05-0429,2026-06-05,bigbasket,extra-light-olive-oil-antioxidants-rich-light-cooking-medium-for-frying-grilling-2l,All India,-,1343,2799,52,1
2026-06-05-0429,2026-06-05,bigbasket,extra-virgin-olive-oil-antioxidants-rich-suitable-for-salads-saute-1l,All India,-,1012,1799,43.7,1
2026-06-05-0429,2026-06-05,bigbasket,fizzy-water-flavoured-with-lemon-750ml,All India,-,55,55,0,0
2026-06-05-0429,2026-06-05,bigbasket,fizzy-water-flavoured-with-peach-750ml,All India,-,55,55,0,0
2026-06-05-0429,2026-06-05,bigbasket,indian-tonic-water-200ml,All India,-,95,95,0,1
2026-06-05-0429,2026-06-05,bigbasket,mango-healthy-wheatgrass-juice-200ml,All India,-,50,50,0,0
2026-06-05-0429,2026-06-05,bigbasket,mango-healthy-wheatgrass-juice-500ml,All India,-,100,100,0,0
2026-06-05-0429,2026-06-05,bigbasket,mojito-healthy-wheatgrass-juice-200ml,All India,-,50,50,0,0
2026-06-05-0429,2026-06-05,bigbasket,mojito-healthy-wheatgrass-juice-sugar-free-200ml,All India,-,50,50,0,0
2026-06-05-0429,2026-06-05,bigbasket,pomace-olive-oil-1l,All India,-,485.01,1049,53.8,1
2026-06-05-0429,2026-06-05,bigbasket,pomace-olive-oil-2l,All India,-,1099,1449,24.2,1
2026-06-05-0429,2026-06-05,bigbasket,rose-healthy-wheatgrass-juice-200ml,All India,-,50,50,0,0
2026-06-05-0429,2026-06-05,bigbasket,sunflower-oil-cold-pressed-fortified-with-vitamins-a-d-chemical-free-5l,All India,-,882.81,1350,34.6,0
2026-06-05-1056,2026-06-05,bigbasket,apple-healthy-wheatgrass-juice-200ml,All India,-,50,50,0,0
2026-06-05-1056,2026-06-05,bigbasket,apple-healthy-wheatgrass-juice-sugar-free-200ml,All India,-,50,50,0,0
2026-06-05-1056,2026-06-05,bigbasket,blueberry-healthy-wheatgrass-juice-200ml,All India,-,50,50,0,0
2026-06-05-1056,2026-06-05,bigbasket,canola-oil-cold-pressed-1l,All India,-,283.99,375,24.3,1
2026-06-05-1056,2026-06-05,bigbasket,canola-oil-cold-pressed-5l,All India,-,1366,1650,17.2,1
2026-06-05-1056,2026-06-05,bigbasket,canola-omega3-rich-cooking-oil-1-l-1l,All India,-,241.47,299,19.2,0
2026-06-05-1056,2026-06-05,bigbasket,cold-press-kachi-ghani-mustard-oil-1l,All India,-,202.09,255,20.7,1
2026-06-05-1056,2026-06-05,bigbasket,cold-press-kachi-ghani-mustard-oil-5l,All India,-,981.13,1250,21.5,0
2026-06-05-1056,2026-06-05,bigbasket,cold-pressed-sunflower-oil-1l,All India,-,177.74,275,35.4,1
2026-06-05-1056,2026-06-05,bigbasket,extra-light-olive-oil-1l,All India,-,1284,1499,14.3,1
2026-06-05-1056,2026-06-05,bigbasket,extra-light-olive-oil-antioxidants-rich-light-cooking-medium-for-frying-grilling-2l,All India,-,1343,2799,52,1
2026-06-05-1056,2026-06-05,bigbasket,extra-virgin-olive-oil-antioxidants-rich-suitable-for-salads-saute-1l,All India,-,1012,1799,43.7,1
2026-06-05-1056,2026-06-05,bigbasket,fizzy-water-flavoured-with-lemon-750ml,All India,-,55,55,0,0
2026-06-05-1056,2026-06-05,bigbasket,fizzy-water-flavoured-with-peach-750ml,All India,-,55,55,0,0
2026-06-05-1056,2026-06-05,bigbasket,indian-tonic-water-200ml,All India,-,95,95,0,1
2026-06-05-1056,2026-06-05,bigbasket,mango-healthy-wheatgrass-juice-200ml,All India,-,50,50,0,0
2026-06-05-1056,2026-06-05,bigbasket,mango-healthy-wheatgrass-juice-500ml,All India,-,100,100,0,0
2026-06-05-1056,2026-06-05,bigbasket,mojito-healthy-wheatgrass-juice-200ml,All India,-,50,50,0,0
2026-06-05-1056,2026-06-05,bigbasket,mojito-healthy-wheatgrass-juice-sugar-free-200ml,All India,-,50,50,0,0
2026-06-05-1056,2026-06-05,bigbasket,pomace-olive-oil-1l,All India,-,485.01,1049,53.8,1
2026-06-05-1056,2026-06-05,bigbasket,pomace-olive-oil-2l,All India,-,1099,1449,24.2,1
2026-06-05-1056,2026-06-05,bigbasket,rose-healthy-wheatgrass-juice-200ml,All India,-,50,50,0,0
2026-06-05-1056,2026-06-05,bigbasket,sunflower-oil-cold-pressed-fortified-with-vitamins-a-d-chemical-free-5l,All India,-,882.81,1350,34.6,0
2026-06-05-1057,2026-06-05,bigbasket,apple-healthy-wheatgrass-juice-200ml,All India,-,50,50,0,0
2026-06-05-1057,2026-06-05,bigbasket,canola-oil-cold-pressed-1l,All India,-,283.99,375,24.3,1
2026-06-05-1057,2026-06-05,bigbasket,canola-oil-cold-pressed-5l,All India,-,1366,1650,17.2,1
2026-06-05-1057,2026-06-05,bigbasket,cold-press-kachi-ghani-mustard-oil-1l,All India,-,202.09,255,20.7,1
2026-06-05-1057,2026-06-05,bigbasket,cold-press-kachi-ghani-mustard-oil-5l,All India,-,981.13,1250,21.5,0
2026-06-05-1057,2026-06-05,bigbasket,cold-pressed-sunflower-oil-1l,All India,-,177.74,275,35.4,1
2026-06-05-1057,2026-06-05,bigbasket,extra-light-olive-oil-1l,All India,-,1284,1499,14.3,1
2026-06-05-1057,2026-06-05,bigbasket,extra-light-olive-oil-antioxidants-rich-light-cooking-medium-for-frying-grilling-2l,All India,-,1343,2799,52,1
2026-06-05-1057,2026-06-05,bigbasket,extra-virgin-olive-oil-antioxidants-rich-suitable-for-salads-saute-1l,All India,-,1012,1799,43.7,1
2026-06-05-1057,2026-06-05,bigbasket,indian-tonic-water-200ml,All India,-,95,95,0,1
2026-06-05-1057,2026-06-05,bigbasket,mojito-healthy-wheatgrass-juice-200ml,All India,-,50,50,0,0
2026-06-05-1057,2026-06-05,bigbasket,pomace-olive-oil-1l,All India,-,485.01,1049,53.8,1
2026-06-05-1057,2026-06-05,bigbasket,pomace-olive-oil-2l,All India,-,1099,1449,24.2,1
2026-06-05-1057,2026-06-05,bigbasket,rose-healthy-wheatgrass-juice-200ml,All India,-,50,50,0,0
2026-06-05-1057,2026-06-05,bigbasket,sunflower-oil-cold-pressed-fortified-with-vitamins-a-d-chemical-free-5l,All India,-,882.81,1350,34.6,0
2026-06-05-1315,2026-06-05,bigbasket,apple-healthy-wheatgrass-juice-200ml,All India,-,50,50,0,0
2026-06-05-1315,2026-06-05,bigbasket,apple-healthy-wheatgrass-juice-sugar-free-200ml,All India,-,50,50,0,0
2026-06-05-1315,2026-06-05,bigbasket,blueberry-healthy-wheatgrass-juice-200ml,All India,-,50,50,0,0
2026-06-05-1315,2026-06-05,bigbasket,canola-oil-cold-pressed-1l,All India,-,283.99,375,24.3,1
2026-06-05-1315,2026-06-05,bigbasket,canola-oil-cold-pressed-5l,All India,-,1366,1650,17.2,1
2026-06-05-1315,2026-06-05,bigbasket,canola-omega3-rich-cooking-oil-1-l-1l,All India,-,241.47,299,19.2,0
2026-06-05-1315,2026-06-05,bigbasket,cold-press-kachi-ghani-mustard-oil-1l,All India,-,202.09,255,20.7,1
2026-06-05-1315,2026-06-05,bigbasket,cold-press-kachi-ghani-mustard-oil-5l,All India,-,981.13,1250,21.5,0
2026-06-05-1315,2026-06-05,bigbasket,cold-pressed-sunflower-oil-1l,All India,-,177.74,275,35.4,1
2026-06-05-1315,2026-06-05,bigbasket,extra-light-olive-oil-1l,All India,-,1284,1499,14.3,1
2026-06-05-1315,2026-06-05,bigbasket,extra-light-olive-oil-antioxidants-rich-light-cooking-medium-for-frying-grilling-2l,All India,-,1343,2799,52,1
2026-06-05-1315,2026-06-05,bigbasket,extra-virgin-olive-oil-antioxidants-rich-suitable-for-salads-saute-1l,All India,-,1012,1799,43.7,1
2026-06-05-1315,2026-06-05,bigbasket,fizzy-water-flavoured-with-lemon-750ml,All India,-,55,55,0,0
2026-06-05-1315,2026-06-05,bigbasket,fizzy-water-flavoured-with-peach-750ml,All India,-,55,55,0,0
2026-06-05-1315,2026-06-05,bigbasket,indian-tonic-water-200ml,All India,-,95,95,0,1
2026-06-05-1315,2026-06-05,bigbasket,mango-healthy-wheatgrass-juice-200ml,All India,-,50,50,0,0
2026-06-05-1315,2026-06-05,bigbasket,mango-healthy-wheatgrass-juice-500ml,All India,-,100,100,0,0
2026-06-05-1315,2026-06-05,bigbasket,mojito-healthy-wheatgrass-juice-200ml,All India,-,50,50,0,0
2026-06-05-1315,2026-06-05,bigbasket,mojito-healthy-wheatgrass-juice-sugar-free-200ml,All India,-,50,50,0,0
2026-06-05-1315,2026-06-05,bigbasket,pomace-olive-oil-1l,All India,-,485.01,1049,53.8,1
2026-06-05-1315,2026-06-05,bigbasket,pomace-olive-oil-2l,All India,-,1099,1449,24.2,1
2026-06-05-1315,2026-06-05,bigbasket,rose-healthy-wheatgrass-juice-200ml,All India,-,50,50,0,0
2026-06-05-1315,2026-06-05,bigbasket,sunflower-oil-cold-pressed-fortified-with-vitamins-a-d-chemical-free-5l,All India,-,882.81,1350,34.6,0
2026-06-05-1601,2026-06-05,bigbasket,apple-healthy-wheatgrass-juice-200ml,All India,-,50,50,0,0
2026-06-05-1601,2026-06-05,bigbasket,apple-healthy-wheatgrass-juice-sugar-free-200ml,All India,-,50,50,0,0
2026-06-05-1601,2026-06-05,bigbasket,blueberry-healthy-wheatgrass-juice-200ml,All India,-,50,50,0,0
2026-06-05-1601,2026-06-05,bigbasket,fizzy-water-flavoured-with-lemon-750ml,All India,-,55,55,0,0
2026-06-05-1601,2026-06-05,bigbasket,fizzy-water-flavoured-with-peach-750ml,All India,-,55,55,0,0
2026-06-05-1601,2026-06-05,bigbasket,indian-tonic-water-200ml,All India,-,95,95,0,1
2026-06-05-1601,2026-06-05,bigbasket,mango-healthy-wheatgrass-juice-200ml,All India,-,50,50,0,0
2026-06-05-1601,2026-06-05,bigbasket,mango-healthy-wheatgrass-juice-500ml,All India,-,100,100,0,0
2026-06-05-1601,2026-06-05,bigbasket,mojito-healthy-wheatgrass-juice-200ml,All India,-,50,50,0,0
2026-06-05-1601,2026-06-05,bigbasket,mojito-healthy-wheatgrass-juice-sugar-free-200ml,All India,-,50,50,0,0
2026-06-05-1601,2026-06-05,bigbasket,rose-healthy-wheatgrass-juice-200ml,All India,-,50,50,0,0
2026-06-05-1821,2026-06-05,bigbasket,apple-healthy-wheatgrass-juice-200ml,All India,-,50,50,0,0
2026-06-05-1821,2026-06-05,bigbasket,apple-healthy-wheatgrass-juice-sugar-free-200ml,All India,-,50,50,0,0
2026-06-05-1821,2026-06-05,bigbasket,blueberry-healthy-wheatgrass-juice-200ml,All India,-,50,50,0,0
2026-06-05-1821,2026-06-05,bigbasket,canola-oil-cold-pressed-1l,All India,-,283.99,375,24.3,1
2026-06-05-1821,2026-06-05,bigbasket,canola-oil-cold-pressed-5l,All India,-,1366,1650,17.2,1
2026-06-05-1821,2026-06-05,bigbasket,canola-omega3-rich-cooking-oil-1-l-1l,All India,-,241.47,299,19.2,0
2026-06-05-1821,2026-06-05,bigbasket,cold-press-kachi-ghani-mustard-oil-1l,All India,-,202.09,255,20.7,1
2026-06-05-1821,2026-06-05,bigbasket,cold-press-kachi-ghani-mustard-oil-5l,All India,-,981.13,1250,21.5,0
2026-06-05-1821,2026-06-05,bigbasket,cold-pressed-sunflower-oil-1l,All India,-,177.74,275,35.4,1
2026-06-05-1821,2026-06-05,bigbasket,extra-light-olive-oil-1l,All India,-,1284,1499,14.3,1
2026-06-05-1821,2026-06-05,bigbasket,extra-light-olive-oil-antioxidants-rich-light-cooking-medium-for-frying-grilling-2l,All India,-,1343,2799,52,1
2026-06-05-1821,2026-06-05,bigbasket,extra-virgin-olive-oil-antioxidants-rich-suitable-for-salads-saute-1l,All India,-,1012,1799,43.7,1
2026-06-05-1821,2026-06-05,bigbasket,fizzy-water-flavoured-with-lemon-750ml,All India,-,55,55,0,0
2026-06-05-1821,2026-06-05,bigbasket,fizzy-water-flavoured-with-peach-750ml,All India,-,55,55,0,0
2026-06-05-1821,2026-06-05,bigbasket,indian-tonic-water-200ml,All India,-,95,95,0,1
2026-06-05-1821,2026-06-05,bigbasket,mango-healthy-wheatgrass-juice-200ml,All India,-,50,50,0,0
2026-06-05-1821,2026-06-05,bigbasket,mango-healthy-wheatgrass-juice-500ml,All India,-,100,100,0,0
2026-06-05-1821,2026-06-05,bigbasket,mojito-healthy-wheatgrass-juice-200ml,All India,-,50,50,0,0
2026-06-05-1821,2026-06-05,bigbasket,mojito-healthy-wheatgrass-juice-sugar-free-200ml,All India,-,50,50,0,0
2026-06-05-1821,2026-06-05,bigbasket,pomace-olive-oil-1l,All India,-,485.01,1049,53.8,1
2026-06-05-1821,2026-06-05,bigbasket,pomace-olive-oil-2l,All India,-,1099,1449,24.2,1
2026-06-05-1821,2026-06-05,bigbasket,rose-healthy-wheatgrass-juice-200ml,All India,-,50,50,0,0
2026-06-05-1821,2026-06-05,bigbasket,sunflower-oil-cold-pressed-fortified-with-vitamins-a-d-chemical-free-5l,All India,-,882.81,1350,34.6,0
2026-06-06-0659,2026-06-06,bigbasket,apple-healthy-wheatgrass-juice-200ml,All India,-,50,50,0,0
2026-06-06-0659,2026-06-06,bigbasket,apple-healthy-wheatgrass-juice-sugar-free-200ml,All India,-,50,50,0,0
2026-06-06-0659,2026-06-06,bigbasket,blueberry-healthy-wheatgrass-juice-200ml,All India,-,50,50,0,0
2026-06-06-0659,2026-06-06,bigbasket,canola-oil-cold-pressed-1l,All India,-,283.99,375,24.3,1
2026-06-06-0659,2026-06-06,bigbasket,canola-oil-cold-pressed-5l,All India,-,1366,1650,17.2,1
2026-06-06-0659,2026-06-06,bigbasket,canola-omega3-rich-cooking-oil-1-l-1l,All India,-,241.47,299,19.2,0
2026-06-06-0659,2026-06-06,bigbasket,cold-press-kachi-ghani-mustard-oil-1l,All India,-,202.09,255,20.7,1
2026-06-06-0659,2026-06-06,bigbasket,cold-press-kachi-ghani-mustard-oil-5l,All India,-,981.13,1250,21.5,0
2026-06-06-0659,2026-06-06,bigbasket,cold-pressed-sunflower-oil-1l,All India,-,177.74,275,35.4,1
2026-06-06-0659,2026-06-06,bigbasket,extra-light-olive-oil-1l,All India,-,1284,1499,14.3,1
2026-06-06-0659,2026-06-06,bigbasket,extra-light-olive-oil-antioxidants-rich-light-cooking-medium-for-frying-grilling-2l,All India,-,1343,2799,52,1
2026-06-06-0659,2026-06-06,bigbasket,extra-virgin-olive-oil-antioxidants-rich-suitable-for-salads-saute-1l,All India,-,1012,1799,43.7,1
2026-06-06-0659,2026-06-06,bigbasket,fizzy-water-flavoured-with-lemon-750ml,All India,-,55,55,0,0
2026-06-06-0659,2026-06-06,bigbasket,fizzy-water-flavoured-with-peach-750ml,All India,-,55,55,0,0
2026-06-06-0659,2026-06-06,bigbasket,indian-tonic-water-200ml,All India,-,95,95,0,1
2026-06-06-0659,2026-06-06,bigbasket,mango-healthy-wheatgrass-juice-200ml,All India,-,50,50,0,0
2026-06-06-0659,2026-06-06,bigbasket,mango-healthy-wheatgrass-juice-500ml,All India,-,100,100,0,0
2026-06-06-0659,2026-06-06,bigbasket,mojito-healthy-wheatgrass-juice-200ml,All India,-,50,50,0,0
2026-06-06-0659,2026-06-06,bigbasket,mojito-healthy-wheatgrass-juice-sugar-free-200ml,All India,-,50,50,0,0
2026-06-06-0659,2026-06-06,bigbasket,pomace-olive-oil-1l,All India,-,485.01,1049,53.8,1
2026-06-06-0659,2026-06-06,bigbasket,pomace-olive-oil-2l,All India,-,1099,1449,24.2,1
2026-06-06-0659,2026-06-06,bigbasket,rose-healthy-wheatgrass-juice-200ml,All India,-,50,50,0,0
2026-06-06-0659,2026-06-06,bigbasket,sunflower-oil-cold-pressed-fortified-with-vitamins-a-d-chemical-free-5l,All India,-,882.81,1350,34.6,0
2026-06-06-0700,2026-06-06,bigbasket,apple-healthy-wheatgrass-juice-200ml,All India,-,50,50,0,0
2026-06-06-0700,2026-06-06,bigbasket,apple-healthy-wheatgrass-juice-sugar-free-200ml,All India,-,50,50,0,0
2026-06-06-0700,2026-06-06,bigbasket,blueberry-healthy-wheatgrass-juice-200ml,All India,-,50,50,0,0
2026-06-06-0700,2026-06-06,bigbasket,canola-oil-cold-pressed-1l,All India,-,283.99,375,24.3,1
2026-06-06-0700,2026-06-06,bigbasket,canola-oil-cold-pressed-5l,All India,-,1366,1650,17.2,1
2026-06-06-0700,2026-06-06,bigbasket,canola-omega3-rich-cooking-oil-1-l-1l,All India,-,241.47,299,19.2,0
2026-06-06-0700,2026-06-06,bigbasket,cold-press-kachi-ghani-mustard-oil-1l,All India,-,202.09,255,20.7,1
2026-06-06-0700,2026-06-06,bigbasket,cold-press-kachi-ghani-mustard-oil-5l,All India,-,981.13,1250,21.5,0
2026-06-06-0700,2026-06-06,bigbasket,cold-pressed-sunflower-oil-1l,All India,-,177.74,275,35.4,1
2026-06-06-0700,2026-06-06,bigbasket,extra-light-olive-oil-1l,All India,-,1284,1499,14.3,1
2026-06-06-0700,2026-06-06,bigbasket,extra-light-olive-oil-antioxidants-rich-light-cooking-medium-for-frying-grilling-2l,All India,-,1343,2799,52,1
2026-06-06-0700,2026-06-06,bigbasket,extra-virgin-olive-oil-antioxidants-rich-suitable-for-salads-saute-1l,All India,-,1012,1799,43.7,1
2026-06-06-0700,2026-06-06,bigbasket,fizzy-water-flavoured-with-lemon-750ml,All India,-,55,55,0,0
2026-06-06-0700,2026-06-06,bigbasket,fizzy-water-flavoured-with-peach-750ml,All India,-,55,55,0,0
2026-06-06-0700,2026-06-06,bigbasket,indian-tonic-water-200ml,All India,-,95,95,0,1
2026-06-06-0700,2026-06-06,bigbasket,mango-healthy-wheatgrass-juice-200ml,All India,-,50,50,0,0
2026-06-06-0700,2026-06-06,bigbasket,mango-healthy-wheatgrass-juice-500ml,All India,-,100,100,0,0
2026-06-06-0700,2026-06-06,bigbasket,mojito-healthy-wheatgrass-juice-200ml,All India,-,50,50,0,0
2026-06-06-0700,2026-06-06,bigbasket,mojito-healthy-wheatgrass-juice-sugar-free-200ml,All India,-,50,50,0,0
2026-06-06-0700,2026-06-06,bigbasket,pomace-olive-oil-1l,All India,-,485.01,1049,53.8,1
2026-06-06-0700,2026-06-06,bigbasket,pomace-olive-oil-2l,All India,-,1099,1449,24.2,1
2026-06-06-0700,2026-06-06,bigbasket,rose-healthy-wheatgrass-juice-200ml,All India,-,50,50,0,0
2026-06-06-0700,2026-06-06,bigbasket,sunflower-oil-cold-pressed-fortified-with-vitamins-a-d-chemical-free-5l,All India,-,882.81,1350,34.6,0
2026-06-06-0701,2026-06-06,bigbasket,apple-healthy-wheatgrass-juice-200ml,All India,-,50,50,0,0
2026-06-06-0701,2026-06-06,bigbasket,apple-healthy-wheatgrass-juice-sugar-free-200ml,All India,-,50,50,0,0
2026-06-06-0701,2026-06-06,bigbasket,blueberry-healthy-wheatgrass-juice-200ml,All India,-,50,50,0,0
2026-06-06-0701,2026-06-06,bigbasket,canola-oil-cold-pressed-1l,All India,-,283.99,375,24.3,1
2026-06-06-0701,2026-06-06,bigbasket,canola-oil-cold-pressed-5l,All India,-,1366,1650,17.2,1
2026-06-06-0701,2026-06-06,bigbasket,canola-omega3-rich-cooking-oil-1-l-1l,All India,-,241.47,299,19.2,0
2026-06-06-0701,2026-06-06,bigbasket,cold-press-kachi-ghani-mustard-oil-1l,All India,-,202.09,255,20.7,1
2026-06-06-0701,2026-06-06,bigbasket,cold-press-kachi-ghani-mustard-oil-5l,All India,-,981.13,1250,21.5,0
2026-06-06-0701,2026-06-06,bigbasket,cold-pressed-sunflower-oil-1l,All India,-,177.74,275,35.4,1
2026-06-06-0701,2026-06-06,bigbasket,extra-light-olive-oil-1l,All India,-,1284,1499,14.3,1
2026-06-06-0701,2026-06-06,bigbasket,extra-light-olive-oil-antioxidants-rich-light-cooking-medium-for-frying-grilling-2l,All India,-,1343,2799,52,1
2026-06-06-0701,2026-06-06,bigbasket,extra-virgin-olive-oil-antioxidants-rich-suitable-for-salads-saute-1l,All India,-,1012,1799,43.7,1
2026-06-06-0701,2026-06-06,bigbasket,fizzy-water-flavoured-with-lemon-750ml,All India,-,55,55,0,0
2026-06-06-0701,2026-06-06,bigbasket,fizzy-water-flavoured-with-peach-750ml,All India,-,55,55,0,0
2026-06-06-0701,2026-06-06,bigbasket,indian-tonic-water-200ml,All India,-,95,95,0,1
2026-06-06-0701,2026-06-06,bigbasket,mango-healthy-wheatgrass-juice-200ml,All India,-,50,50,0,0
2026-06-06-0701,2026-06-06,bigbasket,mango-healthy-wheatgrass-juice-500ml,All India,-,100,100,0,0
2026-06-06-0701,2026-06-06,bigbasket,mojito-healthy-wheatgrass-juice-200ml,All India,-,50,50,0,0
2026-06-06-0701,2026-06-06,bigbasket,mojito-healthy-wheatgrass-juice-sugar-free-200ml,All India,-,50,50,0,0
2026-06-06-0701,2026-06-06,bigbasket,pomace-olive-oil-1l,All India,-,485.01,1049,53.8,1
2026-06-06-0701,2026-06-06,bigbasket,pomace-olive-oil-2l,All India,-,1099,1449,24.2,1
2026-06-06-0701,2026-06-06,bigbasket,rose-healthy-wheatgrass-juice-200ml,All India,-,50,50,0,0
2026-06-06-0701,2026-06-06,bigbasket,sunflower-oil-cold-pressed-fortified-with-vitamins-a-d-chemical-free-5l,All India,-,882.81,1350,34.6,0
2026-06-06-1158,2026-06-06,bigbasket,apple-healthy-wheatgrass-juice-200ml,All India,-,50,50,0,0
2026-06-06-1158,2026-06-06,bigbasket,apple-healthy-wheatgrass-juice-sugar-free-200ml,All India,-,50,50,0,0
2026-06-06-1158,2026-06-06,bigbasket,blueberry-healthy-wheatgrass-juice-200ml,All India,-,50,50,0,0
2026-06-06-1158,2026-06-06,bigbasket,canola-oil-cold-pressed-1l,All India,-,283.99,375,24.3,1
2026-06-06-1158,2026-06-06,bigbasket,canola-oil-cold-pressed-5l,All India,-,1366,1650,17.2,1
2026-06-06-1158,2026-06-06,bigbasket,canola-omega3-rich-cooking-oil-1-l-1l,All India,-,241.47,299,19.2,0
2026-06-06-1158,2026-06-06,bigbasket,cold-press-kachi-ghani-mustard-oil-1l,All India,-,202.09,255,20.7,1
2026-06-06-1158,2026-06-06,bigbasket,cold-press-kachi-ghani-mustard-oil-5l,All India,-,981.13,1250,21.5,0
2026-06-06-1158,2026-06-06,bigbasket,cold-pressed-sunflower-oil-1l,All India,-,177.74,275,35.4,1
2026-06-06-1158,2026-06-06,bigbasket,extra-light-olive-oil-1l,All India,-,1284,1499,14.3,1
2026-06-06-1158,2026-06-06,bigbasket,extra-light-olive-oil-antioxidants-rich-light-cooking-medium-for-frying-grilling-2l,All India,-,1343,2799,52,1
2026-06-06-1158,2026-06-06,bigbasket,extra-virgin-olive-oil-antioxidants-rich-suitable-for-salads-saute-1l,All India,-,1012,1799,43.7,1
2026-06-06-1158,2026-06-06,bigbasket,fizzy-water-flavoured-with-lemon-750ml,All India,-,55,55,0,0
2026-06-06-1158,2026-06-06,bigbasket,fizzy-water-flavoured-with-peach-750ml,All India,-,55,55,0,0
2026-06-06-1158,2026-06-06,bigbasket,indian-tonic-water-200ml,All India,-,95,95,0,1
2026-06-06-1158,2026-06-06,bigbasket,mango-healthy-wheatgrass-juice-200ml,All India,-,50,50,0,0
2026-06-06-1158,2026-06-06,bigbasket,mango-healthy-wheatgrass-juice-500ml,All India,-,100,100,0,0
2026-06-06-1158,2026-06-06,bigbasket,mojito-healthy-wheatgrass-juice-200ml,All India,-,50,50,0,0
2026-06-06-1158,2026-06-06,bigbasket,mojito-healthy-wheatgrass-juice-sugar-free-200ml,All India,-,50,50,0,0
2026-06-06-1158,2026-06-06,bigbasket,pomace-olive-oil-1l,All India,-,485.01,1049,53.8,1
2026-06-06-1158,2026-06-06,bigbasket,pomace-olive-oil-2l,All India,-,1099,1449,24.2,1
2026-06-06-1158,2026-06-06,bigbasket,rose-healthy-wheatgrass-juice-200ml,All India,-,50,50,0,0
2026-06-06-1158,2026-06-06,bigbasket,sunflower-oil-cold-pressed-fortified-with-vitamins-a-d-chemical-free-5l,All India,-,882.81,1350,34.6,0
2026-06-06-1159,2026-06-06,bigbasket,apple-healthy-wheatgrass-juice-200ml,All India,-,50,50,0,0
2026-06-06-1159,2026-06-06,bigbasket,apple-healthy-wheatgrass-juice-sugar-free-200ml,All India,-,50,50,0,0
2026-06-06-1159,2026-06-06,bigbasket,blueberry-healthy-wheatgrass-juice-200ml,All India,-,50,50,0,0
2026-06-06-1159,2026-06-06,bigbasket,canola-oil-cold-pressed-1l,All India,-,283.99,375,24.3,1
2026-06-06-1159,2026-06-06,bigbasket,canola-oil-cold-pressed-5l,All India,-,1366,1650,17.2,1
2026-06-06-1159,2026-06-06,bigbasket,canola-omega3-rich-cooking-oil-1-l-1l,All India,-,241.47,299,19.2,0
2026-06-06-1159,2026-06-06,bigbasket,cold-press-kachi-ghani-mustard-oil-1l,All India,-,202.09,255,20.7,1
2026-06-06-1159,2026-06-06,bigbasket,cold-press-kachi-ghani-mustard-oil-5l,All India,-,981.13,1250,21.5,0
2026-06-06-1159,2026-06-06,bigbasket,cold-pressed-sunflower-oil-1l,All India,-,177.74,275,35.4,1
2026-06-06-1159,2026-06-06,bigbasket,extra-light-olive-oil-1l,All India,-,1284,1499,14.3,1
2026-06-06-1159,2026-06-06,bigbasket,extra-light-olive-oil-antioxidants-rich-light-cooking-medium-for-frying-grilling-2l,All India,-,1343,2799,52,1
2026-06-06-1159,2026-06-06,bigbasket,extra-virgin-olive-oil-antioxidants-rich-suitable-for-salads-saute-1l,All India,-,1012,1799,43.7,1
2026-06-06-1159,2026-06-06,bigbasket,fizzy-water-flavoured-with-lemon-750ml,All India,-,55,55,0,0
2026-06-06-1159,2026-06-06,bigbasket,fizzy-water-flavoured-with-peach-750ml,All India,-,55,55,0,0
2026-06-06-1159,2026-06-06,bigbasket,indian-tonic-water-200ml,All India,-,95,95,0,1
2026-06-06-1159,2026-06-06,bigbasket,mango-healthy-wheatgrass-juice-200ml,All India,-,50,50,0,0
2026-06-06-1159,2026-06-06,bigbasket,mango-healthy-wheatgrass-juice-500ml,All India,-,100,100,0,0
2026-06-06-1159,2026-06-06,bigbasket,mojito-healthy-wheatgrass-juice-200ml,All India,-,50,50,0,0
2026-06-06-1159,2026-06-06,bigbasket,mojito-healthy-wheatgrass-juice-sugar-free-200ml,All India,-,50,50,0,0
2026-06-06-1159,2026-06-06,bigbasket,pomace-olive-oil-1l,All India,-,485.01,1049,53.8,1
2026-06-06-1159,2026-06-06,bigbasket,pomace-olive-oil-2l,All India,-,1099,1449,24.2,1
2026-06-06-1159,2026-06-06,bigbasket,rose-healthy-wheatgrass-juice-200ml,All India,-,50,50,0,0
2026-06-06-1159,2026-06-06,bigbasket,sunflower-oil-cold-pressed-fortified-with-vitamins-a-d-chemical-free-5l,All India,-,882.81,1350,34.6,0
2026-06-06-1200,2026-06-06,bigbasket,apple-healthy-wheatgrass-juice-200ml,All India,-,50,50,0,0
2026-06-06-1200,2026-06-06,bigbasket,apple-healthy-wheatgrass-juice-sugar-free-200ml,All India,-,50,50,0,0
2026-06-06-1200,2026-06-06,bigbasket,blueberry-healthy-wheatgrass-juice-200ml,All India,-,50,50,0,0
2026-06-06-1200,2026-06-06,bigbasket,canola-oil-cold-pressed-1l,All India,-,283.99,375,24.3,1
2026-06-06-1200,2026-06-06,bigbasket,canola-oil-cold-pressed-5l,All India,-,1366,1650,17.2,1
2026-06-06-1200,2026-06-06,bigbasket,canola-omega3-rich-cooking-oil-1-l-1l,All India,-,241.47,299,19.2,0
2026-06-06-1200,2026-06-06,bigbasket,cold-press-kachi-ghani-mustard-oil-1l,All India,-,202.09,255,20.7,1
2026-06-06-1200,2026-06-06,bigbasket,cold-press-kachi-ghani-mustard-oil-5l,All India,-,981.13,1250,21.5,0
2026-06-06-1200,2026-06-06,bigbasket,cold-pressed-sunflower-oil-1l,All India,-,177.74,275,35.4,1
2026-06-06-1200,2026-06-06,bigbasket,extra-light-olive-oil-1l,All India,-,1284,1499,14.3,1
2026-06-06-1200,2026-06-06,bigbasket,extra-light-olive-oil-antioxidants-rich-light-cooking-medium-for-frying-grilling-2l,All India,-,1343,2799,52,1
2026-06-06-1200,2026-06-06,bigbasket,extra-virgin-olive-oil-antioxidants-rich-suitable-for-salads-saute-1l,All India,-,1012,1799,43.7,1
2026-06-06-1200,2026-06-06,bigbasket,fizzy-water-flavoured-with-lemon-750ml,All India,-,55,55,0,0
2026-06-06-1200,2026-06-06,bigbasket,fizzy-water-flavoured-with-peach-750ml,All India,-,55,55,0,0
2026-06-06-1200,2026-06-06,bigbasket,indian-tonic-water-200ml,All India,-,95,95,0,1
2026-06-06-1200,2026-06-06,bigbasket,mango-healthy-wheatgrass-juice-200ml,All India,-,50,50,0,0
2026-06-06-1200,2026-06-06,bigbasket,mango-healthy-wheatgrass-juice-500ml,All India,-,100,100,0,0
2026-06-06-1200,2026-06-06,bigbasket,mojito-healthy-wheatgrass-juice-200ml,All India,-,50,50,0,0
2026-06-06-1200,2026-06-06,bigbasket,mojito-healthy-wheatgrass-juice-sugar-free-200ml,All India,-,50,50,0,0
2026-06-06-1200,2026-06-06,bigbasket,pomace-olive-oil-1l,All India,-,485.01,1049,53.8,1
2026-06-06-1200,2026-06-06,bigbasket,pomace-olive-oil-2l,All India,-,1099,1449,24.2,1
2026-06-06-1200,2026-06-06,bigbasket,rose-healthy-wheatgrass-juice-200ml,All India,-,50,50,0,0
2026-06-06-1200,2026-06-06,bigbasket,sunflower-oil-cold-pressed-fortified-with-vitamins-a-d-chemical-free-5l,All India,-,882.81,1350,34.6,0
2026-06-07-0906,2026-06-07,bigbasket,apple-healthy-wheatgrass-juice-200ml,All India,-,50,50,0,0
2026-06-07-0906,2026-06-07,bigbasket,apple-healthy-wheatgrass-juice-sugar-free-200ml,All India,-,50,50,0,0
2026-06-07-0906,2026-06-07,bigbasket,blueberry-healthy-wheatgrass-juice-200ml,All India,-,50,50,0,0
2026-06-07-0906,2026-06-07,bigbasket,canola-oil-cold-pressed-1l,All India,-,283.99,375,24.3,1
2026-06-07-0906,2026-06-07,bigbasket,canola-oil-cold-pressed-5l,All India,-,1366,1650,17.2,1
2026-06-07-0906,2026-06-07,bigbasket,canola-omega3-rich-cooking-oil-1-l-1l,All India,-,241.47,299,19.2,0
2026-06-07-0906,2026-06-07,bigbasket,cold-press-kachi-ghani-mustard-oil-1l,All India,-,202.09,255,20.7,1
2026-06-07-0906,2026-06-07,bigbasket,cold-press-kachi-ghani-mustard-oil-5l,All India,-,981.13,1250,21.5,1
2026-06-07-0906,2026-06-07,bigbasket,cold-pressed-sunflower-oil-1l,All India,-,177.74,275,35.4,1
2026-06-07-0906,2026-06-07,bigbasket,extra-light-olive-oil-1l,All India,-,1284,1499,14.3,1
2026-06-07-0906,2026-06-07,bigbasket,extra-light-olive-oil-antioxidants-rich-light-cooking-medium-for-frying-grilling-2l,All India,-,1343,2799,52,1
2026-06-07-0906,2026-06-07,bigbasket,extra-virgin-olive-oil-antioxidants-rich-suitable-for-salads-saute-1l,All India,-,1012,1799,43.7,1
2026-06-07-0906,2026-06-07,bigbasket,fizzy-water-flavoured-with-lemon-750ml,All India,-,55,55,0,0
2026-06-07-0906,2026-06-07,bigbasket,fizzy-water-flavoured-with-peach-750ml,All India,-,55,55,0,0
2026-06-07-0906,2026-06-07,bigbasket,indian-tonic-water-200ml,All India,-,95,95,0,1
2026-06-07-0906,2026-06-07,bigbasket,mango-healthy-wheatgrass-juice-200ml,All India,-,50,50,0,0
2026-06-07-0906,2026-06-07,bigbasket,mango-healthy-wheatgrass-juice-500ml,All India,-,100,100,0,0
2026-06-07-0906,2026-06-07,bigbasket,mojito-healthy-wheatgrass-juice-200ml,All India,-,50,50,0,0
2026-06-07-0906,2026-06-07,bigbasket,mojito-healthy-wheatgrass-juice-sugar-free-200ml,All India,-,50,50,0,0
2026-06-07-0906,2026-06-07,bigbasket,pomace-olive-oil-1l,All India,-,485.01,1049,53.8,1
2026-06-07-0906,2026-06-07,bigbasket,pomace-olive-oil-2l,All India,-,1099,1449,24.2,1
2026-06-07-0906,2026-06-07,bigbasket,rose-healthy-wheatgrass-juice-200ml,All India,-,50,50,0,0
2026-06-07-0906,2026-06-07,bigbasket,sunflower-oil-cold-pressed-fortified-with-vitamins-a-d-chemical-free-5l,All India,-,882.81,1350,34.6,0
2026-06-07-1157,2026-06-07,bigbasket,apple-healthy-wheatgrass-juice-200ml,All India,-,50,50,0,0
2026-06-07-1157,2026-06-07,bigbasket,apple-healthy-wheatgrass-juice-sugar-free-200ml,All India,-,50,50,0,0
2026-06-07-1157,2026-06-07,bigbasket,blueberry-healthy-wheatgrass-juice-200ml,All India,-,50,50,0,0
2026-06-07-1157,2026-06-07,bigbasket,canola-oil-cold-pressed-1l,All India,-,283.99,375,24.3,1
2026-06-07-1157,2026-06-07,bigbasket,canola-oil-cold-pressed-5l,All India,-,1366,1650,17.2,1
2026-06-07-1157,2026-06-07,bigbasket,canola-omega3-rich-cooking-oil-1-l-1l,All India,-,241.47,299,19.2,0
2026-06-07-1157,2026-06-07,bigbasket,cold-press-kachi-ghani-mustard-oil-1l,All India,-,202.09,255,20.7,1
2026-06-07-1157,2026-06-07,bigbasket,cold-press-kachi-ghani-mustard-oil-5l,All India,-,981.13,1250,21.5,1
2026-06-07-1157,2026-06-07,bigbasket,cold-pressed-sunflower-oil-1l,All India,-,177.74,275,35.4,1
2026-06-07-1157,2026-06-07,bigbasket,extra-light-olive-oil-1l,All India,-,1284,1499,14.3,1
2026-06-07-1157,2026-06-07,bigbasket,extra-light-olive-oil-antioxidants-rich-light-cooking-medium-for-frying-grilling-2l,All India,-,1343,2799,52,1
2026-06-07-1157,2026-06-07,bigbasket,extra-virgin-olive-oil-antioxidants-rich-suitable-for-salads-saute-1l,All India,-,1012,1799,43.7,1
2026-06-07-1157,2026-06-07,bigbasket,fizzy-water-flavoured-with-lemon-750ml,All India,-,55,55,0,0
2026-06-07-1157,2026-06-07,bigbasket,fizzy-water-flavoured-with-peach-750ml,All India,-,55,55,0,0
2026-06-07-1157,2026-06-07,bigbasket,indian-tonic-water-200ml,All India,-,95,95,0,1
2026-06-07-1157,2026-06-07,bigbasket,mango-healthy-wheatgrass-juice-200ml,All India,-,50,50,0,0
2026-06-07-1157,2026-06-07,bigbasket,mango-healthy-wheatgrass-juice-500ml,All India,-,100,100,0,0
2026-06-07-1157,2026-06-07,bigbasket,mojito-healthy-wheatgrass-juice-200ml,All India,-,50,50,0,0
2026-06-07-1157,2026-06-07,bigbasket,mojito-healthy-wheatgrass-juice-sugar-free-200ml,All India,-,50,50,0,0
2026-06-07-1157,2026-06-07,bigbasket,pomace-olive-oil-1l,All India,-,485.01,1049,53.8,1
2026-06-07-1157,2026-06-07,bigbasket,pomace-olive-oil-2l,All India,-,1099,1449,24.2,1
2026-06-07-1157,2026-06-07,bigbasket,rose-healthy-wheatgrass-juice-200ml,All India,-,50,50,0,0
2026-06-07-1157,2026-06-07,bigbasket,sunflower-oil-cold-pressed-fortified-with-vitamins-a-d-chemical-free-5l,All India,-,882.81,1350,34.6,0
2026-06-08-0858,2026-06-08,bigbasket,apple-healthy-wheatgrass-juice-200ml,All India,-,50,50,0,0
2026-06-08-0858,2026-06-08,bigbasket,apple-healthy-wheatgrass-juice-sugar-free-200ml,All India,-,50,50,0,0
2026-06-08-0858,2026-06-08,bigbasket,blueberry-healthy-wheatgrass-juice-200ml,All India,-,50,50,0,0
2026-06-08-0858,2026-06-08,bigbasket,canola-oil-cold-pressed-1l,All India,-,283.99,375,24.3,1
2026-06-08-0858,2026-06-08,bigbasket,canola-oil-cold-pressed-5l,All India,-,1366,1650,17.2,1
2026-06-08-0858,2026-06-08,bigbasket,canola-omega3-rich-cooking-oil-1-l-1l,All India,-,241.47,299,19.2,0
2026-06-08-0858,2026-06-08,bigbasket,cold-press-kachi-ghani-mustard-oil-1l,All India,-,202.09,255,20.7,1
2026-06-08-0858,2026-06-08,bigbasket,cold-press-kachi-ghani-mustard-oil-5l,All India,-,981.13,1250,21.5,1
2026-06-08-0858,2026-06-08,bigbasket,cold-pressed-sunflower-oil-1l,All India,-,177.74,275,35.4,0
2026-06-08-0858,2026-06-08,bigbasket,extra-light-olive-oil-1l,All India,-,1284,1499,14.3,1
2026-06-08-0858,2026-06-08,bigbasket,extra-light-olive-oil-antioxidants-rich-light-cooking-medium-for-frying-grilling-2l,All India,-,1343,2799,52,1
2026-06-08-0858,2026-06-08,bigbasket,extra-virgin-olive-oil-antioxidants-rich-suitable-for-salads-saute-1l,All India,-,1012,1799,43.7,1
2026-06-08-0858,2026-06-08,bigbasket,fizzy-water-flavoured-with-lemon-750ml,All India,-,55,55,0,0
2026-06-08-0858,2026-06-08,bigbasket,fizzy-water-flavoured-with-peach-750ml,All India,-,55,55,0,0
2026-06-08-0858,2026-06-08,bigbasket,indian-tonic-water-200ml,All India,-,95,95,0,1
2026-06-08-0858,2026-06-08,bigbasket,mango-healthy-wheatgrass-juice-200ml,All India,-,50,50,0,0
2026-06-08-0858,2026-06-08,bigbasket,mango-healthy-wheatgrass-juice-500ml,All India,-,100,100,0,0
2026-06-08-0858,2026-06-08,bigbasket,mojito-healthy-wheatgrass-juice-200ml,All India,-,50,50,0,0
2026-06-08-0858,2026-06-08,bigbasket,mojito-healthy-wheatgrass-juice-sugar-free-200ml,All India,-,50,50,0,0
2026-06-08-0858,2026-06-08,bigbasket,pomace-olive-oil-1l,All India,-,485.01,1049,53.8,1
2026-06-08-0858,2026-06-08,bigbasket,pomace-olive-oil-2l,All India,-,1099,1449,24.2,1
2026-06-08-0858,2026-06-08,bigbasket,rose-healthy-wheatgrass-juice-200ml,All India,-,50,50,0,0
2026-06-08-0858,2026-06-08,bigbasket,sunflower-oil-cold-pressed-fortified-with-vitamins-a-d-chemical-free-5l,All India,-,882.81,1350,34.6,0
2026-06-08-1153,2026-06-08,bigbasket,apple-healthy-wheatgrass-juice-200ml,All India,-,50,50,0,0
2026-06-08-1153,2026-06-08,bigbasket,apple-healthy-wheatgrass-juice-sugar-free-200ml,All India,-,50,50,0,0
2026-06-08-1153,2026-06-08,bigbasket,blueberry-healthy-wheatgrass-juice-200ml,All India,-,50,50,0,0
2026-06-08-1153,2026-06-08,bigbasket,canola-oil-cold-pressed-1l,All India,-,283.99,375,24.3,1
2026-06-08-1153,2026-06-08,bigbasket,canola-oil-cold-pressed-5l,All India,-,1366,1650,17.2,1
2026-06-08-1153,2026-06-08,bigbasket,canola-omega3-rich-cooking-oil-1-l-1l,All India,-,241.47,299,19.2,0
2026-06-08-1153,2026-06-08,bigbasket,cold-press-kachi-ghani-mustard-oil-1l,All India,-,202.09,255,20.7,1
2026-06-08-1153,2026-06-08,bigbasket,cold-press-kachi-ghani-mustard-oil-5l,All India,-,981.13,1250,21.5,1
2026-06-08-1153,2026-06-08,bigbasket,cold-pressed-sunflower-oil-1l,All India,-,177.74,275,35.4,0
2026-06-08-1153,2026-06-08,bigbasket,extra-light-olive-oil-1l,All India,-,1284,1499,14.3,1
2026-06-08-1153,2026-06-08,bigbasket,extra-light-olive-oil-antioxidants-rich-light-cooking-medium-for-frying-grilling-2l,All India,-,1343,2799,52,1
2026-06-08-1153,2026-06-08,bigbasket,extra-virgin-olive-oil-antioxidants-rich-suitable-for-salads-saute-1l,All India,-,1012,1799,43.7,1
2026-06-08-1153,2026-06-08,bigbasket,fizzy-water-flavoured-with-lemon-750ml,All India,-,55,55,0,0
2026-06-08-1153,2026-06-08,bigbasket,fizzy-water-flavoured-with-peach-750ml,All India,-,55,55,0,0
2026-06-08-1153,2026-06-08,bigbasket,indian-tonic-water-200ml,All India,-,95,95,0,1
2026-06-08-1153,2026-06-08,bigbasket,mango-healthy-wheatgrass-juice-200ml,All India,-,50,50,0,0
2026-06-08-1153,2026-06-08,bigbasket,mango-healthy-wheatgrass-juice-500ml,All India,-,100,100,0,0
2026-06-08-1153,2026-06-08,bigbasket,mojito-healthy-wheatgrass-juice-200ml,All India,-,50,50,0,0
2026-06-08-1153,2026-06-08,bigbasket,mojito-healthy-wheatgrass-juice-sugar-free-200ml,All India,-,50,50,0,0
2026-06-08-1153,2026-06-08,bigbasket,pomace-olive-oil-1l,All India,-,485.01,1049,53.8,1
2026-06-08-1153,2026-06-08,bigbasket,pomace-olive-oil-2l,All India,-,1099,1449,24.2,1
2026-06-08-1153,2026-06-08,bigbasket,rose-healthy-wheatgrass-juice-200ml,All India,-,50,50,0,0
2026-06-08-1153,2026-06-08,bigbasket,sunflower-oil-cold-pressed-fortified-with-vitamins-a-d-chemical-free-5l,All India,-,882.81,1350,34.6,0
2026-06-09-0856,2026-06-09,bigbasket,apple-healthy-wheatgrass-juice-200ml,All India,-,50,50,0,0
2026-06-09-0856,2026-06-09,bigbasket,apple-healthy-wheatgrass-juice-sugar-free-200ml,All India,-,50,50,0,0
2026-06-09-0856,2026-06-09,bigbasket,blueberry-healthy-wheatgrass-juice-200ml,All India,-,50,50,0,0
2026-06-09-0856,2026-06-09,bigbasket,canola-oil-cold-pressed-1l,All India,-,283.99,375,24.3,1
2026-06-09-0856,2026-06-09,bigbasket,canola-oil-cold-pressed-5l,All India,-,1366,1650,17.2,1
2026-06-09-0856,2026-06-09,bigbasket,canola-omega3-rich-cooking-oil-1-l-1l,All India,-,241.47,299,19.2,0
2026-06-09-0856,2026-06-09,bigbasket,cold-press-kachi-ghani-mustard-oil-1l,All India,-,202.09,255,20.7,1
2026-06-09-0856,2026-06-09,bigbasket,cold-press-kachi-ghani-mustard-oil-5l,All India,-,981.13,1250,21.5,1
2026-06-09-0856,2026-06-09,bigbasket,cold-pressed-sunflower-oil-1l,All India,-,177.74,275,35.4,1
2026-06-09-0856,2026-06-09,bigbasket,extra-light-olive-oil-1l,All India,-,1284,1499,14.3,1
2026-06-09-0856,2026-06-09,bigbasket,extra-light-olive-oil-antioxidants-rich-light-cooking-medium-for-frying-grilling-2l,All India,-,1343,2799,52,1
2026-06-09-0856,2026-06-09,bigbasket,extra-virgin-olive-oil-antioxidants-rich-suitable-for-salads-saute-1l,All India,-,1012,1799,43.7,1
2026-06-09-0856,2026-06-09,bigbasket,fizzy-water-flavoured-with-lemon-750ml,All India,-,55,55,0,0
2026-06-09-0856,2026-06-09,bigbasket,fizzy-water-flavoured-with-peach-750ml,All India,-,55,55,0,0
2026-06-09-0856,2026-06-09,bigbasket,indian-tonic-water-200ml,All India,-,95,95,0,1
2026-06-09-0856,2026-06-09,bigbasket,mango-healthy-wheatgrass-juice-200ml,All India,-,50,50,0,0
2026-06-09-0856,2026-06-09,bigbasket,mango-healthy-wheatgrass-juice-500ml,All India,-,100,100,0,0
2026-06-09-0856,2026-06-09,bigbasket,mojito-healthy-wheatgrass-juice-200ml,All India,-,50,50,0,0
2026-06-09-0856,2026-06-09,bigbasket,mojito-healthy-wheatgrass-juice-sugar-free-200ml,All India,-,50,50,0,0
2026-06-09-0856,2026-06-09,bigbasket,pomace-olive-oil-1l,All India,-,485.01,1049,53.8,1
2026-06-09-0856,2026-06-09,bigbasket,pomace-olive-oil-2l,All India,-,1099,1449,24.2,1
2026-06-09-0856,2026-06-09,bigbasket,rose-healthy-wheatgrass-juice-200ml,All India,-,50,50,0,0
2026-06-09-0856,2026-06-09,bigbasket,sunflower-oil-cold-pressed-fortified-with-vitamins-a-d-chemical-free-5l,All India,-,882.81,1350,34.6,0
2026-06-09-1158,2026-06-09,bigbasket,apple-healthy-wheatgrass-juice-200ml,All India,-,50,50,0,0
2026-06-09-1158,2026-06-09,bigbasket,apple-healthy-wheatgrass-juice-sugar-free-200ml,All India,-,50,50,0,0
2026-06-09-1158,2026-06-09,bigbasket,blueberry-healthy-wheatgrass-juice-200ml,All India,-,50,50,0,0
2026-06-09-1158,2026-06-09,bigbasket,canola-oil-cold-pressed-1l,All India,-,283.99,375,24.3,1
2026-06-09-1158,2026-06-09,bigbasket,canola-oil-cold-pressed-5l,All India,-,1366,1650,17.2,1
2026-06-09-1158,2026-06-09,bigbasket,canola-omega3-rich-cooking-oil-1-l-1l,All India,-,241.47,299,19.2,0
2026-06-09-1158,2026-06-09,bigbasket,cold-press-kachi-ghani-mustard-oil-1l,All India,-,202.09,255,20.7,1
2026-06-09-1158,2026-06-09,bigbasket,cold-press-kachi-ghani-mustard-oil-5l,All India,-,981.13,1250,21.5,1
2026-06-09-1158,2026-06-09,bigbasket,cold-pressed-sunflower-oil-1l,All India,-,177.74,275,35.4,1
2026-06-09-1158,2026-06-09,bigbasket,extra-light-olive-oil-1l,All India,-,1284,1499,14.3,1
2026-06-09-1158,2026-06-09,bigbasket,extra-light-olive-oil-antioxidants-rich-light-cooking-medium-for-frying-grilling-2l,All India,-,1343,2799,52,1
2026-06-09-1158,2026-06-09,bigbasket,extra-virgin-olive-oil-antioxidants-rich-suitable-for-salads-saute-1l,All India,-,1012,1799,43.7,1
2026-06-09-1158,2026-06-09,bigbasket,fizzy-water-flavoured-with-lemon-750ml,All India,-,55,55,0,0
2026-06-09-1158,2026-06-09,bigbasket,fizzy-water-flavoured-with-peach-750ml,All India,-,55,55,0,0
2026-06-09-1158,2026-06-09,bigbasket,indian-tonic-water-200ml,All India,-,95,95,0,1
2026-06-09-1158,2026-06-09,bigbasket,mango-healthy-wheatgrass-juice-200ml,All India,-,50,50,0,0
2026-06-09-1158,2026-06-09,bigbasket,mango-healthy-wheatgrass-juice-500ml,All India,-,100,100,0,0
2026-06-09-1158,2026-06-09,bigbasket,mojito-healthy-wheatgrass-juice-200ml,All India,-,50,50,0,0
2026-06-09-1158,2026-06-09,bigbasket,mojito-healthy-wheatgrass-juice-sugar-free-200ml,All India,-,50,50,0,0
2026-06-09-1158,2026-06-09,bigbasket,pomace-olive-oil-1l,All India,-,485.01,1049,53.8,1
2026-06-09-1158,2026-06-09,bigbasket,pomace-olive-oil-2l,All India,-,1099,1449,24.2,1
2026-06-09-1158,2026-06-09,bigbasket,rose-healthy-wheatgrass-juice-200ml,All India,-,50,50,0,0
2026-06-09-1158,2026-06-09,bigbasket,sunflower-oil-cold-pressed-fortified-with-vitamins-a-d-chemical-free-5l,All India,-,882.81,1350,34.6,0
2026-06-10-0900,2026-06-10,bigbasket,apple-healthy-wheatgrass-juice-200ml,All India,-,50,50,0,0
2026-06-10-0900,2026-06-10,bigbasket,apple-healthy-wheatgrass-juice-sugar-free-200ml,All India,-,50,50,0,0
2026-06-10-0900,2026-06-10,bigbasket,blueberry-healthy-wheatgrass-juice-200ml,All India,-,50,50,0,0
2026-06-10-0900,2026-06-10,bigbasket,canola-oil-cold-pressed-1l,All India,-,283.99,375,24.3,1
2026-06-10-0900,2026-06-10,bigbasket,canola-oil-cold-pressed-5l,All India,-,1366,1650,17.2,1
2026-06-10-0900,2026-06-10,bigbasket,canola-omega3-rich-cooking-oil-1-l-1l,All India,-,241.47,299,19.2,0
2026-06-10-0900,2026-06-10,bigbasket,cold-press-kachi-ghani-mustard-oil-1l,All India,-,202.09,255,20.7,1
2026-06-10-0900,2026-06-10,bigbasket,cold-press-kachi-ghani-mustard-oil-5l,All India,-,981.13,1250,21.5,1
2026-06-10-0900,2026-06-10,bigbasket,cold-pressed-sunflower-oil-1l,All India,-,177.74,275,35.4,0
2026-06-10-0900,2026-06-10,bigbasket,extra-light-olive-oil-1l,All India,-,1284,1499,14.3,1
2026-06-10-0900,2026-06-10,bigbasket,extra-light-olive-oil-antioxidants-rich-light-cooking-medium-for-frying-grilling-2l,All India,-,1343,2799,52,1
2026-06-10-0900,2026-06-10,bigbasket,extra-virgin-olive-oil-antioxidants-rich-suitable-for-salads-saute-1l,All India,-,1012,1799,43.7,1
2026-06-10-0900,2026-06-10,bigbasket,fizzy-water-flavoured-with-lemon-750ml,All India,-,55,55,0,0
2026-06-10-0900,2026-06-10,bigbasket,fizzy-water-flavoured-with-peach-750ml,All India,-,55,55,0,0
2026-06-10-0900,2026-06-10,bigbasket,indian-tonic-water-200ml,All India,-,95,95,0,1
2026-06-10-0900,2026-06-10,bigbasket,mango-healthy-wheatgrass-juice-200ml,All India,-,50,50,0,0
2026-06-10-0900,2026-06-10,bigbasket,mango-healthy-wheatgrass-juice-500ml,All India,-,100,100,0,0
2026-06-10-0900,2026-06-10,bigbasket,mojito-healthy-wheatgrass-juice-200ml,All India,-,50,50,0,0
2026-06-10-0900,2026-06-10,bigbasket,mojito-healthy-wheatgrass-juice-sugar-free-200ml,All India,-,50,50,0,0
2026-06-10-0900,2026-06-10,bigbasket,pomace-olive-oil-1l,All India,-,485.01,1049,53.8,1
2026-06-10-0900,2026-06-10,bigbasket,pomace-olive-oil-2l,All India,-,1099,1449,24.2,1
2026-06-10-0900,2026-06-10,bigbasket,rose-healthy-wheatgrass-juice-200ml,All India,-,50,50,0,0
2026-06-10-0900,2026-06-10,bigbasket,sunflower-oil-cold-pressed-fortified-with-vitamins-a-d-chemical-free-5l,All India,-,882.81,1350,34.6,0
2026-06-10-1207,2026-06-10,bigbasket,apple-healthy-wheatgrass-juice-200ml,All India,-,50,50,0,0
2026-06-10-1207,2026-06-10,bigbasket,apple-healthy-wheatgrass-juice-sugar-free-200ml,All India,-,50,50,0,0
2026-06-10-1207,2026-06-10,bigbasket,blueberry-healthy-wheatgrass-juice-200ml,All India,-,50,50,0,0
2026-06-10-1207,2026-06-10,bigbasket,canola-oil-cold-pressed-1l,All India,-,283.99,375,24.3,1
2026-06-10-1207,2026-06-10,bigbasket,canola-oil-cold-pressed-5l,All India,-,1366,1650,17.2,1
2026-06-10-1207,2026-06-10,bigbasket,canola-omega3-rich-cooking-oil-1-l-1l,All India,-,241.47,299,19.2,0
2026-06-10-1207,2026-06-10,bigbasket,cold-press-kachi-ghani-mustard-oil-1l,All India,-,202.09,255,20.7,1
2026-06-10-1207,2026-06-10,bigbasket,cold-press-kachi-ghani-mustard-oil-5l,All India,-,981.13,1250,21.5,1
2026-06-10-1207,2026-06-10,bigbasket,cold-pressed-sunflower-oil-1l,All India,-,177.74,275,35.4,0
2026-06-10-1207,2026-06-10,bigbasket,extra-light-olive-oil-1l,All India,-,1284,1499,14.3,1
2026-06-10-1207,2026-06-10,bigbasket,extra-light-olive-oil-antioxidants-rich-light-cooking-medium-for-frying-grilling-2l,All India,-,1343,2799,52,1
2026-06-10-1207,2026-06-10,bigbasket,extra-virgin-olive-oil-antioxidants-rich-suitable-for-salads-saute-1l,All India,-,1012,1799,43.7,1
2026-06-10-1207,2026-06-10,bigbasket,fizzy-water-flavoured-with-lemon-750ml,All India,-,55,55,0,0
2026-06-10-1207,2026-06-10,bigbasket,fizzy-water-flavoured-with-peach-750ml,All India,-,55,55,0,0
2026-06-10-1207,2026-06-10,bigbasket,indian-tonic-water-200ml,All India,-,95,95,0,1
2026-06-10-1207,2026-06-10,bigbasket,mango-healthy-wheatgrass-juice-200ml,All India,-,50,50,0,0
2026-06-10-1207,2026-06-10,bigbasket,mango-healthy-wheatgrass-juice-500ml,All India,-,100,100,0,0
2026-06-10-1207,2026-06-10,bigbasket,mojito-healthy-wheatgrass-juice-200ml,All India,-,50,50,0,0
2026-06-10-1207,2026-06-10,bigbasket,mojito-healthy-wheatgrass-juice-sugar-free-200ml,All India,-,50,50,0,0
2026-06-10-1207,2026-06-10,bigbasket,pomace-olive-oil-1l,All India,-,485.01,1049,53.8,1
2026-06-10-1207,2026-06-10,bigbasket,pomace-olive-oil-2l,All India,-,1099,1449,24.2,1
2026-06-10-1207,2026-06-10,bigbasket,rose-healthy-wheatgrass-juice-200ml,All India,-,50,50,0,0
2026-06-10-1207,2026-06-10,bigbasket,sunflower-oil-cold-pressed-fortified-with-vitamins-a-d-chemical-free-5l,All India,-,882.81,1350,34.6,0
2026-06-11-0859,2026-06-11,bigbasket,apple-healthy-wheatgrass-juice-200ml,All India,-,50,50,0,0
2026-06-11-0859,2026-06-11,bigbasket,apple-healthy-wheatgrass-juice-sugar-free-200ml,All India,-,50,50,0,0
2026-06-11-0859,2026-06-11,bigbasket,blueberry-healthy-wheatgrass-juice-200ml,All India,-,50,50,0,0
2026-06-11-0859,2026-06-11,bigbasket,canola-oil-cold-pressed-1l,All India,-,283.99,375,24.3,1
2026-06-11-0859,2026-06-11,bigbasket,canola-oil-cold-pressed-5l,All India,-,1366,1650,17.2,1
2026-06-11-0859,2026-06-11,bigbasket,canola-omega3-rich-cooking-oil-1-l-1l,All India,-,241.47,299,19.2,0
2026-06-11-0859,2026-06-11,bigbasket,cold-press-kachi-ghani-mustard-oil-1l,All India,-,202.09,255,20.7,0
2026-06-11-0859,2026-06-11,bigbasket,cold-press-kachi-ghani-mustard-oil-5l,All India,-,981.13,1250,21.5,1
2026-06-11-0859,2026-06-11,bigbasket,cold-pressed-sunflower-oil-1l,All India,-,177.74,275,35.4,0
2026-06-11-0859,2026-06-11,bigbasket,extra-light-olive-oil-1l,All India,-,1284,1499,14.3,1
2026-06-11-0859,2026-06-11,bigbasket,extra-light-olive-oil-antioxidants-rich-light-cooking-medium-for-frying-grilling-2l,All India,-,1343,2799,52,1
2026-06-11-0859,2026-06-11,bigbasket,extra-virgin-olive-oil-antioxidants-rich-suitable-for-salads-saute-1l,All India,-,1012,1799,43.7,1
2026-06-11-0859,2026-06-11,bigbasket,fizzy-water-flavoured-with-lemon-750ml,All India,-,55,55,0,0
2026-06-11-0859,2026-06-11,bigbasket,fizzy-water-flavoured-with-peach-750ml,All India,-,55,55,0,0
2026-06-11-0859,2026-06-11,bigbasket,indian-tonic-water-200ml,All India,-,95,95,0,1
2026-06-11-0859,2026-06-11,bigbasket,mango-healthy-wheatgrass-juice-200ml,All India,-,50,50,0,0
2026-06-11-0859,2026-06-11,bigbasket,mango-healthy-wheatgrass-juice-500ml,All India,-,100,100,0,0
2026-06-11-0859,2026-06-11,bigbasket,mojito-healthy-wheatgrass-juice-200ml,All India,-,50,50,0,0
2026-06-11-0859,2026-06-11,bigbasket,mojito-healthy-wheatgrass-juice-sugar-free-200ml,All India,-,50,50,0,0
2026-06-11-0859,2026-06-11,bigbasket,pomace-olive-oil-1l,All India,-,549.68,1049,47.6,1
2026-06-11-0859,2026-06-11,bigbasket,pomace-olive-oil-2l,All India,-,1099,1449,24.2,1
2026-06-11-0859,2026-06-11,bigbasket,rose-healthy-wheatgrass-juice-200ml,All India,-,50,50,0,0
2026-06-11-0859,2026-06-11,bigbasket,sunflower-oil-cold-pressed-fortified-with-vitamins-a-d-chemical-free-5l,All India,-,882.81,1350,34.6,0
2026-06-11-1236,2026-06-11,bigbasket,apple-healthy-wheatgrass-juice-200ml,All India,-,50,50,0,0
2026-06-11-1236,2026-06-11,bigbasket,apple-healthy-wheatgrass-juice-sugar-free-200ml,All India,-,50,50,0,0
2026-06-11-1236,2026-06-11,bigbasket,blueberry-healthy-wheatgrass-juice-200ml,All India,-,50,50,0,0
2026-06-11-1236,2026-06-11,bigbasket,canola-oil-cold-pressed-1l,All India,-,283.99,375,24.3,1
2026-06-11-1236,2026-06-11,bigbasket,canola-oil-cold-pressed-5l,All India,-,1366,1650,17.2,1
2026-06-11-1236,2026-06-11,bigbasket,canola-omega3-rich-cooking-oil-1-l-1l,All India,-,241.47,299,19.2,0
2026-06-11-1236,2026-06-11,bigbasket,cold-press-kachi-ghani-mustard-oil-1l,All India,-,202.09,255,20.7,1
2026-06-11-1236,2026-06-11,bigbasket,cold-press-kachi-ghani-mustard-oil-5l,All India,-,981.13,1250,21.5,1
2026-06-11-1236,2026-06-11,bigbasket,cold-pressed-sunflower-oil-1l,All India,-,177.74,275,35.4,0
2026-06-11-1236,2026-06-11,bigbasket,extra-light-olive-oil-1l,All India,-,1284,1499,14.3,1
2026-06-11-1236,2026-06-11,bigbasket,extra-light-olive-oil-antioxidants-rich-light-cooking-medium-for-frying-grilling-2l,All India,-,1343,2799,52,1
2026-06-11-1236,2026-06-11,bigbasket,extra-virgin-olive-oil-antioxidants-rich-suitable-for-salads-saute-1l,All India,-,1012,1799,43.7,1
2026-06-11-1236,2026-06-11,bigbasket,fizzy-water-flavoured-with-lemon-750ml,All India,-,55,55,0,0
2026-06-11-1236,2026-06-11,bigbasket,fizzy-water-flavoured-with-peach-750ml,All India,-,55,55,0,0
2026-06-11-1236,2026-06-11,bigbasket,indian-tonic-water-200ml,All India,-,95,95,0,1
2026-06-11-1236,2026-06-11,bigbasket,mango-healthy-wheatgrass-juice-200ml,All India,-,50,50,0,0
2026-06-11-1236,2026-06-11,bigbasket,mango-healthy-wheatgrass-juice-500ml,All India,-,100,100,0,0
2026-06-11-1236,2026-06-11,bigbasket,mojito-healthy-wheatgrass-juice-200ml,All India,-,50,50,0,0
2026-06-11-1236,2026-06-11,bigbasket,mojito-healthy-wheatgrass-juice-sugar-free-200ml,All India,-,50,50,0,0
2026-06-11-1236,2026-06-11,bigbasket,pomace-olive-oil-1l,All India,-,549.68,1049,47.6,1
2026-06-11-1236,2026-06-11,bigbasket,pomace-olive-oil-2l,All India,-,1099,1449,24.2,1
2026-06-11-1236,2026-06-11,bigbasket,rose-healthy-wheatgrass-juice-200ml,All India,-,50,50,0,0
2026-06-11-1236,2026-06-11,bigbasket,sunflower-oil-cold-pressed-fortified-with-vitamins-a-d-chemical-free-5l,All India,-,882.81,1350,34.6,0
2026-06-12-0900,2026-06-12,bigbasket,apple-healthy-wheatgrass-juice-200ml,All India,-,50,50,0,0
2026-06-12-0900,2026-06-12,bigbasket,apple-healthy-wheatgrass-juice-sugar-free-200ml,All India,-,50,50,0,0
2026-06-12-0900,2026-06-12,bigbasket,blueberry-healthy-wheatgrass-juice-200ml,All India,-,50,50,0,0
2026-06-12-0900,2026-06-12,bigbasket,canola-oil-cold-pressed-1l,All India,-,283.99,375,24.3,1
2026-06-12-0900,2026-06-12,bigbasket,canola-oil-cold-pressed-5l,All India,-,1366,1650,17.2,1
2026-06-12-0900,2026-06-12,bigbasket,canola-omega3-rich-cooking-oil-1-l-1l,All India,-,241.47,299,19.2,0
2026-06-12-0900,2026-06-12,bigbasket,cold-press-kachi-ghani-mustard-oil-1l,All India,-,202.09,255,20.7,1
2026-06-12-0900,2026-06-12,bigbasket,cold-press-kachi-ghani-mustard-oil-5l,All India,-,981.13,1250,21.5,0
2026-06-12-0900,2026-06-12,bigbasket,cold-pressed-sunflower-oil-1l,All India,-,177.74,275,35.4,0
2026-06-12-0900,2026-06-12,bigbasket,extra-light-olive-oil-1l,All India,-,1284,1499,14.3,1
2026-06-12-0900,2026-06-12,bigbasket,extra-light-olive-oil-antioxidants-rich-light-cooking-medium-for-frying-grilling-2l,All India,-,1343,2799,52,1
2026-06-12-0900,2026-06-12,bigbasket,extra-virgin-olive-oil-antioxidants-rich-suitable-for-salads-saute-1l,All India,-,1012,1799,43.7,1
2026-06-12-0900,2026-06-12,bigbasket,fizzy-water-flavoured-with-lemon-750ml,All India,-,55,55,0,0
2026-06-12-0900,2026-06-12,bigbasket,fizzy-water-flavoured-with-peach-750ml,All India,-,55,55,0,0
2026-06-12-0900,2026-06-12,bigbasket,indian-tonic-water-200ml,All India,-,95,95,0,1
2026-06-12-0900,2026-06-12,bigbasket,mango-healthy-wheatgrass-juice-200ml,All India,-,50,50,0,0
2026-06-12-0900,2026-06-12,bigbasket,mango-healthy-wheatgrass-juice-500ml,All India,-,100,100,0,0
2026-06-12-0900,2026-06-12,bigbasket,mojito-healthy-wheatgrass-juice-200ml,All India,-,50,50,0,0
2026-06-12-0900,2026-06-12,bigbasket,mojito-healthy-wheatgrass-juice-sugar-free-200ml,All India,-,50,50,0,0
2026-06-12-0900,2026-06-12,bigbasket,pomace-olive-oil-1l,All India,-,549.68,1049,47.6,1
2026-06-12-0900,2026-06-12,bigbasket,pomace-olive-oil-2l,All India,-,1099,1449,24.2,1
2026-06-12-0900,2026-06-12,bigbasket,rose-healthy-wheatgrass-juice-200ml,All India,-,50,50,0,0
2026-06-12-0900,2026-06-12,bigbasket,sunflower-oil-cold-pressed-fortified-with-vitamins-a-d-chemical-free-5l,All India,-,882.81,1350,34.6,0
2026-06-12-1242,2026-06-12,bigbasket,apple-healthy-wheatgrass-juice-200ml,All India,-,50,50,0,0
2026-06-12-1242,2026-06-12,bigbasket,apple-healthy-wheatgrass-juice-sugar-free-200ml,All India,-,50,50,0,0
2026-06-12-1242,2026-06-12,bigbasket,blueberry-healthy-wheatgrass-juice-200ml,All India,-,50,50,0,0
2026-06-12-1242,2026-06-12,bigbasket,canola-oil-cold-pressed-1l,All India,-,283.99,375,24.3,1
2026-06-12-1242,2026-06-12,bigbasket,canola-oil-cold-pressed-5l,All India,-,1366,1650,17.2,1
2026-06-12-1242,2026-06-12,bigbasket,canola-omega3-rich-cooking-oil-1-l-1l,All India,-,241.47,299,19.2,0
2026-06-12-1242,2026-06-12,bigbasket,cold-press-kachi-ghani-mustard-oil-1l,All India,-,202.09,255,20.7,1
2026-06-12-1242,2026-06-12,bigbasket,cold-press-kachi-ghani-mustard-oil-5l,All India,-,981.13,1250,21.5,0
2026-06-12-1242,2026-06-12,bigbasket,cold-pressed-sunflower-oil-1l,All India,-,177.74,275,35.4,0
2026-06-12-1242,2026-06-12,bigbasket,extra-light-olive-oil-1l,All India,-,1284,1499,14.3,1
2026-06-12-1242,2026-06-12,bigbasket,extra-light-olive-oil-antioxidants-rich-light-cooking-medium-for-frying-grilling-2l,All India,-,1343,2799,52,1
2026-06-12-1242,2026-06-12,bigbasket,extra-virgin-olive-oil-antioxidants-rich-suitable-for-salads-saute-1l,All India,-,1012,1799,43.7,1
2026-06-12-1242,2026-06-12,bigbasket,fizzy-water-flavoured-with-lemon-750ml,All India,-,55,55,0,0
2026-06-12-1242,2026-06-12,bigbasket,fizzy-water-flavoured-with-peach-750ml,All India,-,55,55,0,0
2026-06-12-1242,2026-06-12,bigbasket,indian-tonic-water-200ml,All India,-,95,95,0,1
2026-06-12-1242,2026-06-12,bigbasket,mango-healthy-wheatgrass-juice-200ml,All India,-,50,50,0,0
2026-06-12-1242,2026-06-12,bigbasket,mango-healthy-wheatgrass-juice-500ml,All India,-,100,100,0,0
2026-06-12-1242,2026-06-12,bigbasket,mojito-healthy-wheatgrass-juice-200ml,All India,-,50,50,0,0
2026-06-12-1242,2026-06-12,bigbasket,mojito-healthy-wheatgrass-juice-sugar-free-200ml,All India,-,50,50,0,0
2026-06-12-1242,2026-06-12,bigbasket,pomace-olive-oil-1l,All India,-,549.68,1049,47.6,1
2026-06-12-1242,2026-06-12,bigbasket,pomace-olive-oil-2l,All India,-,1099,1449,24.2,1
2026-06-12-1242,2026-06-12,bigbasket,rose-healthy-wheatgrass-juice-200ml,All India,-,50,50,0,0
2026-06-12-1242,2026-06-12,bigbasket,sunflower-oil-cold-pressed-fortified-with-vitamins-a-d-chemical-free-5l,All India,-,882.81,1350,34.6,0
2026-06-13-0852,2026-06-13,bigbasket,apple-healthy-wheatgrass-juice-200ml,All India,-,50,50,0,0
2026-06-13-0852,2026-06-13,bigbasket,apple-healthy-wheatgrass-juice-sugar-free-200ml,All India,-,50,50,0,0
2026-06-13-0852,2026-06-13,bigbasket,blueberry-healthy-wheatgrass-juice-200ml,All India,-,50,50,0,0
2026-06-13-0852,2026-06-13,bigbasket,canola-oil-cold-pressed-1l,All India,-,283.99,375,24.3,1
2026-06-13-0852,2026-06-13,bigbasket,canola-oil-cold-pressed-5l,All India,-,1366,1650,17.2,1
2026-06-13-0852,2026-06-13,bigbasket,canola-omega3-rich-cooking-oil-1-l-1l,All India,-,241.47,299,19.2,0
2026-06-13-0852,2026-06-13,bigbasket,cold-press-kachi-ghani-mustard-oil-1l,All India,-,202.09,255,20.7,0
2026-06-13-0852,2026-06-13,bigbasket,cold-press-kachi-ghani-mustard-oil-5l,All India,-,981.13,1250,21.5,1
2026-06-13-0852,2026-06-13,bigbasket,cold-pressed-sunflower-oil-1l,All India,-,177.74,275,35.4,0
2026-06-13-0852,2026-06-13,bigbasket,extra-light-olive-oil-1l,All India,-,1284,1499,14.3,1
2026-06-13-0852,2026-06-13,bigbasket,extra-light-olive-oil-antioxidants-rich-light-cooking-medium-for-frying-grilling-2l,All India,-,1343,2799,52,1
2026-06-13-0852,2026-06-13,bigbasket,extra-virgin-olive-oil-antioxidants-rich-suitable-for-salads-saute-1l,All India,-,1012,1799,43.7,1
2026-06-13-0852,2026-06-13,bigbasket,fizzy-water-flavoured-with-lemon-750ml,All India,-,55,55,0,0
2026-06-13-0852,2026-06-13,bigbasket,fizzy-water-flavoured-with-peach-750ml,All India,-,55,55,0,0
2026-06-13-0852,2026-06-13,bigbasket,indian-tonic-water-200ml,All India,-,95,95,0,1
2026-06-13-0852,2026-06-13,bigbasket,mango-healthy-wheatgrass-juice-200ml,All India,-,50,50,0,0
2026-06-13-0852,2026-06-13,bigbasket,mango-healthy-wheatgrass-juice-500ml,All India,-,100,100,0,0
2026-06-13-0852,2026-06-13,bigbasket,mojito-healthy-wheatgrass-juice-200ml,All India,-,50,50,0,0
2026-06-13-0852,2026-06-13,bigbasket,mojito-healthy-wheatgrass-juice-sugar-free-200ml,All India,-,50,50,0,0
2026-06-13-0852,2026-06-13,bigbasket,pomace-olive-oil-1l,All India,-,549.68,1049,47.6,1
2026-06-13-0852,2026-06-13,bigbasket,pomace-olive-oil-2l,All India,-,1099,1449,24.2,1
2026-06-13-0852,2026-06-13,bigbasket,rose-healthy-wheatgrass-juice-200ml,All India,-,50,50,0,0
2026-06-13-0852,2026-06-13,bigbasket,sunflower-oil-cold-pressed-fortified-with-vitamins-a-d-chemical-free-5l,All India,-,882.81,1350,34.6,0
2026-06-13-1223,2026-06-13,bigbasket,apple-healthy-wheatgrass-juice-200ml,All India,-,50,50,0,0
2026-06-13-1223,2026-06-13,bigbasket,apple-healthy-wheatgrass-juice-sugar-free-200ml,All India,-,50,50,0,0
2026-06-13-1223,2026-06-13,bigbasket,blueberry-healthy-wheatgrass-juice-200ml,All India,-,50,50,0,0
2026-06-13-1223,2026-06-13,bigbasket,canola-oil-cold-pressed-1l,All India,-,283.99,375,24.3,1
2026-06-13-1223,2026-06-13,bigbasket,canola-oil-cold-pressed-5l,All India,-,1366,1650,17.2,1
2026-06-13-1223,2026-06-13,bigbasket,canola-omega3-rich-cooking-oil-1-l-1l,All India,-,241.47,299,19.2,0
2026-06-13-1223,2026-06-13,bigbasket,cold-press-kachi-ghani-mustard-oil-1l,All India,-,202.09,255,20.7,0
2026-06-13-1223,2026-06-13,bigbasket,cold-press-kachi-ghani-mustard-oil-5l,All India,-,981.13,1250,21.5,1
2026-06-13-1223,2026-06-13,bigbasket,cold-pressed-sunflower-oil-1l,All India,-,177.74,275,35.4,0
2026-06-13-1223,2026-06-13,bigbasket,extra-light-olive-oil-1l,All India,-,1284,1499,14.3,1
2026-06-13-1223,2026-06-13,bigbasket,extra-light-olive-oil-antioxidants-rich-light-cooking-medium-for-frying-grilling-2l,All India,-,1343,2799,52,1
2026-06-13-1223,2026-06-13,bigbasket,extra-virgin-olive-oil-antioxidants-rich-suitable-for-salads-saute-1l,All India,-,1012,1799,43.7,1
2026-06-13-1223,2026-06-13,bigbasket,fizzy-water-flavoured-with-lemon-750ml,All India,-,55,55,0,0
2026-06-13-1223,2026-06-13,bigbasket,fizzy-water-flavoured-with-peach-750ml,All India,-,55,55,0,0
2026-06-13-1223,2026-06-13,bigbasket,indian-tonic-water-200ml,All India,-,95,95,0,1
2026-06-13-1223,2026-06-13,bigbasket,mango-healthy-wheatgrass-juice-200ml,All India,-,50,50,0,0
2026-06-13-1223,2026-06-13,bigbasket,mango-healthy-wheatgrass-juice-500ml,All India,-,100,100,0,0
2026-06-13-1223,2026-06-13,bigbasket,mojito-healthy-wheatgrass-juice-200ml,All India,-,50,50,0,0
2026-06-13-1223,2026-06-13,bigbasket,mojito-healthy-wheatgrass-juice-sugar-free-200ml,All India,-,50,50,0,0
2026-06-13-1223,2026-06-13,bigbasket,pomace-olive-oil-1l,All India,-,549.68,1049,47.6,1
2026-06-13-1223,2026-06-13,bigbasket,pomace-olive-oil-2l,All India,-,1099,1449,24.2,1
2026-06-13-1223,2026-06-13,bigbasket,rose-healthy-wheatgrass-juice-200ml,All India,-,50,50,0,0
2026-06-13-1223,2026-06-13,bigbasket,sunflower-oil-cold-pressed-fortified-with-vitamins-a-d-chemical-free-5l,All India,-,882.81,1350,34.6,0
2026-06-14-0858,2026-06-14,bigbasket,apple-healthy-wheatgrass-juice-200ml,All India,-,50,50,0,0
2026-06-14-0858,2026-06-14,bigbasket,apple-healthy-wheatgrass-juice-sugar-free-200ml,All India,-,50,50,0,0
2026-06-14-0858,2026-06-14,bigbasket,blueberry-healthy-wheatgrass-juice-200ml,All India,-,50,50,0,0
2026-06-14-0858,2026-06-14,bigbasket,canola-oil-cold-pressed-1l,All India,-,284,375,24.3,1
2026-06-14-0858,2026-06-14,bigbasket,canola-oil-cold-pressed-5l,All India,-,1366,1650,17.2,1
2026-06-14-0858,2026-06-14,bigbasket,canola-omega3-rich-cooking-oil-1-l-1l,All India,-,241.47,299,19.2,0
2026-06-14-0858,2026-06-14,bigbasket,cold-press-kachi-ghani-mustard-oil-1l,All India,-,202.09,255,20.7,0
2026-06-14-0858,2026-06-14,bigbasket,cold-press-kachi-ghani-mustard-oil-5l,All India,-,981.13,1250,21.5,1
2026-06-14-0858,2026-06-14,bigbasket,cold-pressed-sunflower-oil-1l,All India,-,177.74,275,35.4,0
2026-06-14-0858,2026-06-14,bigbasket,extra-light-olive-oil-1l,All India,-,1284,1499,14.3,1
2026-06-14-0858,2026-06-14,bigbasket,extra-light-olive-oil-antioxidants-rich-light-cooking-medium-for-frying-grilling-2l,All India,-,1343,2799,52,1
2026-06-14-0858,2026-06-14,bigbasket,extra-virgin-olive-oil-antioxidants-rich-suitable-for-salads-saute-1l,All India,-,1012,1799,43.7,1
2026-06-14-0858,2026-06-14,bigbasket,fizzy-water-flavoured-with-lemon-750ml,All India,-,55,55,0,0
2026-06-14-0858,2026-06-14,bigbasket,fizzy-water-flavoured-with-peach-750ml,All India,-,55,55,0,0
2026-06-14-0858,2026-06-14,bigbasket,indian-tonic-water-200ml,All India,-,95,95,0,1
2026-06-14-0858,2026-06-14,bigbasket,mango-healthy-wheatgrass-juice-200ml,All India,-,50,50,0,0
2026-06-14-0858,2026-06-14,bigbasket,mango-healthy-wheatgrass-juice-500ml,All India,-,100,100,0,0
2026-06-14-0858,2026-06-14,bigbasket,mojito-healthy-wheatgrass-juice-200ml,All India,-,50,50,0,0
2026-06-14-0858,2026-06-14,bigbasket,mojito-healthy-wheatgrass-juice-sugar-free-200ml,All India,-,50,50,0,0
2026-06-14-0858,2026-06-14,bigbasket,pomace-olive-oil-1l,All India,-,549.68,1049,47.6,1
2026-06-14-0858,2026-06-14,bigbasket,pomace-olive-oil-2l,All India,-,1099,1449,24.2,1
2026-06-14-0858,2026-06-14,bigbasket,rose-healthy-wheatgrass-juice-200ml,All India,-,50,50,0,0
2026-06-14-0858,2026-06-14,bigbasket,sunflower-oil-cold-pressed-fortified-with-vitamins-a-d-chemical-free-5l,All India,-,882.81,1350,34.6,0
2026-06-14-1235,2026-06-14,bigbasket,apple-healthy-wheatgrass-juice-200ml,All India,-,50,50,0,0
2026-06-14-1235,2026-06-14,bigbasket,apple-healthy-wheatgrass-juice-sugar-free-200ml,All India,-,50,50,0,0
2026-06-14-1235,2026-06-14,bigbasket,blueberry-healthy-wheatgrass-juice-200ml,All India,-,50,50,0,0
2026-06-14-1235,2026-06-14,bigbasket,canola-oil-cold-pressed-1l,All India,-,284,375,24.3,1
2026-06-14-1235,2026-06-14,bigbasket,canola-oil-cold-pressed-5l,All India,-,1366,1650,17.2,1
2026-06-14-1235,2026-06-14,bigbasket,canola-omega3-rich-cooking-oil-1-l-1l,All India,-,241.47,299,19.2,0
2026-06-14-1235,2026-06-14,bigbasket,cold-press-kachi-ghani-mustard-oil-1l,All India,-,202.09,255,20.7,0
2026-06-14-1235,2026-06-14,bigbasket,cold-press-kachi-ghani-mustard-oil-5l,All India,-,981.13,1250,21.5,1
2026-06-14-1235,2026-06-14,bigbasket,cold-pressed-sunflower-oil-1l,All India,-,177.74,275,35.4,0
2026-06-14-1235,2026-06-14,bigbasket,extra-light-olive-oil-1l,All India,-,1284,1499,14.3,1
2026-06-14-1235,2026-06-14,bigbasket,extra-light-olive-oil-antioxidants-rich-light-cooking-medium-for-frying-grilling-2l,All India,-,1343,2799,52,1
2026-06-14-1235,2026-06-14,bigbasket,extra-virgin-olive-oil-antioxidants-rich-suitable-for-salads-saute-1l,All India,-,1012,1799,43.7,1
2026-06-14-1235,2026-06-14,bigbasket,fizzy-water-flavoured-with-lemon-750ml,All India,-,55,55,0,0
2026-06-14-1235,2026-06-14,bigbasket,fizzy-water-flavoured-with-peach-750ml,All India,-,55,55,0,0
2026-06-14-1235,2026-06-14,bigbasket,indian-tonic-water-200ml,All India,-,95,95,0,1
2026-06-14-1235,2026-06-14,bigbasket,mango-healthy-wheatgrass-juice-200ml,All India,-,50,50,0,0
2026-06-14-1235,2026-06-14,bigbasket,mango-healthy-wheatgrass-juice-500ml,All India,-,100,100,0,0
2026-06-14-1235,2026-06-14,bigbasket,mojito-healthy-wheatgrass-juice-200ml,All India,-,50,50,0,0
2026-06-14-1235,2026-06-14,bigbasket,mojito-healthy-wheatgrass-juice-sugar-free-200ml,All India,-,50,50,0,0
2026-06-14-1235,2026-06-14,bigbasket,pomace-olive-oil-1l,All India,-,549.68,1049,47.6,0
2026-06-14-1235,2026-06-14,bigbasket,pomace-olive-oil-2l,All India,-,1099,1449,24.2,1
2026-06-14-1235,2026-06-14,bigbasket,rose-healthy-wheatgrass-juice-200ml,All India,-,50,50,0,0
2026-06-14-1235,2026-06-14,bigbasket,sunflower-oil-cold-pressed-fortified-with-vitamins-a-d-chemical-free-5l,All India,-,882.81,1350,34.6,0
2026-06-15-0857,2026-06-15,bigbasket,apple-healthy-wheatgrass-juice-200ml,All India,-,50,50,0,0
2026-06-15-0857,2026-06-15,bigbasket,apple-healthy-wheatgrass-juice-sugar-free-200ml,All India,-,50,50,0,0
2026-06-15-0857,2026-06-15,bigbasket,blueberry-healthy-wheatgrass-juice-200ml,All India,-,50,50,0,0
2026-06-15-0857,2026-06-15,bigbasket,canola-oil-cold-pressed-1l,All India,-,284,375,24.3,1
2026-06-15-0857,2026-06-15,bigbasket,canola-oil-cold-pressed-5l,All India,-,1366,1650,17.2,1
2026-06-15-0857,2026-06-15,bigbasket,canola-omega3-rich-cooking-oil-1-l-1l,All India,-,241.47,299,19.2,0
2026-06-15-0857,2026-06-15,bigbasket,cold-press-kachi-ghani-mustard-oil-1l,All India,-,202.09,255,20.7,0
2026-06-15-0857,2026-06-15,bigbasket,cold-press-kachi-ghani-mustard-oil-5l,All India,-,981.13,1250,21.5,1
2026-06-15-0857,2026-06-15,bigbasket,cold-pressed-sunflower-oil-1l,All India,-,177.74,275,35.4,0
2026-06-15-0857,2026-06-15,bigbasket,extra-light-olive-oil-1l,All India,-,1284,1499,14.3,1
2026-06-15-0857,2026-06-15,bigbasket,extra-light-olive-oil-antioxidants-rich-light-cooking-medium-for-frying-grilling-2l,All India,-,1343,2799,52,1
2026-06-15-0857,2026-06-15,bigbasket,extra-virgin-olive-oil-antioxidants-rich-suitable-for-salads-saute-1l,All India,-,1012,1799,43.7,1
2026-06-15-0857,2026-06-15,bigbasket,fizzy-water-flavoured-with-lemon-750ml,All India,-,55,55,0,0
2026-06-15-0857,2026-06-15,bigbasket,fizzy-water-flavoured-with-peach-750ml,All India,-,55,55,0,0
2026-06-15-0857,2026-06-15,bigbasket,indian-tonic-water-200ml,All India,-,95,95,0,1
2026-06-15-0857,2026-06-15,bigbasket,mango-healthy-wheatgrass-juice-200ml,All India,-,50,50,0,0
2026-06-15-0857,2026-06-15,bigbasket,mango-healthy-wheatgrass-juice-500ml,All India,-,100,100,0,0
2026-06-15-0857,2026-06-15,bigbasket,mojito-healthy-wheatgrass-juice-200ml,All India,-,50,50,0,0
2026-06-15-0857,2026-06-15,bigbasket,mojito-healthy-wheatgrass-juice-sugar-free-200ml,All India,-,50,50,0,0
2026-06-15-0857,2026-06-15,bigbasket,pomace-olive-oil-1l,All India,-,549.68,1049,47.6,0
2026-06-15-0857,2026-06-15,bigbasket,pomace-olive-oil-2l,All India,-,1099,1449,24.2,1
2026-06-15-0857,2026-06-15,bigbasket,rose-healthy-wheatgrass-juice-200ml,All India,-,50,50,0,0
2026-06-15-0857,2026-06-15,bigbasket,sunflower-oil-cold-pressed-fortified-with-vitamins-a-d-chemical-free-5l,All India,-,882.81,1350,34.6,0
2026-06-15-1230,2026-06-15,bigbasket,apple-healthy-wheatgrass-juice-200ml,All India,-,50,50,0,0
2026-06-15-1230,2026-06-15,bigbasket,apple-healthy-wheatgrass-juice-sugar-free-200ml,All India,-,50,50,0,0
2026-06-15-1230,2026-06-15,bigbasket,blueberry-healthy-wheatgrass-juice-200ml,All India,-,50,50,0,0
2026-06-15-1230,2026-06-15,bigbasket,canola-oil-cold-pressed-1l,All India,-,284,375,24.3,1
2026-06-15-1230,2026-06-15,bigbasket,canola-oil-cold-pressed-5l,All India,-,1366,1650,17.2,1
2026-06-15-1230,2026-06-15,bigbasket,canola-omega3-rich-cooking-oil-1-l-1l,All India,-,241.47,299,19.2,0
2026-06-15-1230,2026-06-15,bigbasket,cold-press-kachi-ghani-mustard-oil-1l,All India,-,202.09,255,20.7,0
2026-06-15-1230,2026-06-15,bigbasket,cold-press-kachi-ghani-mustard-oil-5l,All India,-,981.13,1250,21.5,1
2026-06-15-1230,2026-06-15,bigbasket,cold-pressed-sunflower-oil-1l,All India,-,177.74,275,35.4,0
2026-06-15-1230,2026-06-15,bigbasket,extra-light-olive-oil-1l,All India,-,1284,1499,14.3,1
2026-06-15-1230,2026-06-15,bigbasket,extra-light-olive-oil-antioxidants-rich-light-cooking-medium-for-frying-grilling-2l,All India,-,1343,2799,52,1
2026-06-15-1230,2026-06-15,bigbasket,extra-virgin-olive-oil-antioxidants-rich-suitable-for-salads-saute-1l,All India,-,1012,1799,43.7,1
2026-06-15-1230,2026-06-15,bigbasket,fizzy-water-flavoured-with-lemon-750ml,All India,-,55,55,0,0
2026-06-15-1230,2026-06-15,bigbasket,fizzy-water-flavoured-with-peach-750ml,All India,-,55,55,0,0
2026-06-15-1230,2026-06-15,bigbasket,indian-tonic-water-200ml,All India,-,95,95,0,1
2026-06-15-1230,2026-06-15,bigbasket,mango-healthy-wheatgrass-juice-200ml,All India,-,50,50,0,0
2026-06-15-1230,2026-06-15,bigbasket,mango-healthy-wheatgrass-juice-500ml,All India,-,100,100,0,0
2026-06-15-1230,2026-06-15,bigbasket,mojito-healthy-wheatgrass-juice-200ml,All India,-,50,50,0,0
2026-06-15-1230,2026-06-15,bigbasket,mojito-healthy-wheatgrass-juice-sugar-free-200ml,All India,-,50,50,0,0
2026-06-15-1230,2026-06-15,bigbasket,pomace-olive-oil-1l,All India,-,549.68,1049,47.6,0
2026-06-15-1230,2026-06-15,bigbasket,pomace-olive-oil-2l,All India,-,1099,1449,24.2,1
2026-06-15-1230,2026-06-15,bigbasket,rose-healthy-wheatgrass-juice-200ml,All India,-,50,50,0,0
2026-06-15-1230,2026-06-15,bigbasket,sunflower-oil-cold-pressed-fortified-with-vitamins-a-d-chemical-free-5l,All India,-,882.81,1350,34.6,0
2026-06-16-0852,2026-06-16,bigbasket,apple-healthy-wheatgrass-juice-200ml,All India,-,50,50,0,0
2026-06-16-0852,2026-06-16,bigbasket,apple-healthy-wheatgrass-juice-sugar-free-200ml,All India,-,50,50,0,0
2026-06-16-0852,2026-06-16,bigbasket,blueberry-healthy-wheatgrass-juice-200ml,All India,-,50,50,0,0
2026-06-16-0852,2026-06-16,bigbasket,canola-oil-cold-pressed-1l,All India,-,284,375,24.3,1
2026-06-16-0852,2026-06-16,bigbasket,canola-oil-cold-pressed-5l,All India,-,1366,1650,17.2,1
2026-06-16-0852,2026-06-16,bigbasket,canola-omega3-rich-cooking-oil-1-l-1l,All India,-,241.47,299,19.2,0
2026-06-16-0852,2026-06-16,bigbasket,cold-press-kachi-ghani-mustard-oil-1l,All India,-,202.09,255,20.7,0
2026-06-16-0852,2026-06-16,bigbasket,cold-press-kachi-ghani-mustard-oil-5l,All India,-,981.13,1250,21.5,1
2026-06-16-0852,2026-06-16,bigbasket,cold-pressed-sunflower-oil-1l,All India,-,177.74,275,35.4,0
2026-06-16-0852,2026-06-16,bigbasket,extra-light-olive-oil-1l,All India,-,1284,1499,14.3,1
2026-06-16-0852,2026-06-16,bigbasket,extra-light-olive-oil-antioxidants-rich-light-cooking-medium-for-frying-grilling-2l,All India,-,1343,2799,52,1
2026-06-16-0852,2026-06-16,bigbasket,extra-virgin-olive-oil-antioxidants-rich-suitable-for-salads-saute-1l,All India,-,1012,1799,43.7,1
2026-06-16-0852,2026-06-16,bigbasket,fizzy-water-flavoured-with-lemon-750ml,All India,-,55,55,0,0
2026-06-16-0852,2026-06-16,bigbasket,fizzy-water-flavoured-with-peach-750ml,All India,-,55,55,0,0
2026-06-16-0852,2026-06-16,bigbasket,indian-tonic-water-200ml,All India,-,95,95,0,1
2026-06-16-0852,2026-06-16,bigbasket,mango-healthy-wheatgrass-juice-200ml,All India,-,50,50,0,0
2026-06-16-0852,2026-06-16,bigbasket,mango-healthy-wheatgrass-juice-500ml,All India,-,100,100,0,0
2026-06-16-0852,2026-06-16,bigbasket,mojito-healthy-wheatgrass-juice-200ml,All India,-,50,50,0,0
2026-06-16-0852,2026-06-16,bigbasket,mojito-healthy-wheatgrass-juice-sugar-free-200ml,All India,-,50,50,0,0
2026-06-16-0852,2026-06-16,bigbasket,pomace-olive-oil-1l,All India,-,549.67,1049,47.6,1
2026-06-16-0852,2026-06-16,bigbasket,pomace-olive-oil-2l,All India,-,1099,1449,24.2,1
2026-06-16-0852,2026-06-16,bigbasket,rose-healthy-wheatgrass-juice-200ml,All India,-,50,50,0,0
2026-06-16-0852,2026-06-16,bigbasket,sunflower-oil-cold-pressed-fortified-with-vitamins-a-d-chemical-free-5l,All India,-,882.81,1350,34.6,0
2026-06-16-1228,2026-06-16,bigbasket,apple-healthy-wheatgrass-juice-200ml,All India,-,50,50,0,0
2026-06-16-1228,2026-06-16,bigbasket,apple-healthy-wheatgrass-juice-sugar-free-200ml,All India,-,50,50,0,0
2026-06-16-1228,2026-06-16,bigbasket,blueberry-healthy-wheatgrass-juice-200ml,All India,-,50,50,0,0
2026-06-16-1228,2026-06-16,bigbasket,canola-oil-cold-pressed-1l,All India,-,284,375,24.3,1
2026-06-16-1228,2026-06-16,bigbasket,canola-oil-cold-pressed-5l,All India,-,1366,1650,17.2,1
2026-06-16-1228,2026-06-16,bigbasket,canola-omega3-rich-cooking-oil-1-l-1l,All India,-,241.47,299,19.2,0
2026-06-16-1228,2026-06-16,bigbasket,cold-press-kachi-ghani-mustard-oil-1l,All India,-,202.09,255,20.7,0
2026-06-16-1228,2026-06-16,bigbasket,cold-press-kachi-ghani-mustard-oil-5l,All India,-,981.13,1250,21.5,1
2026-06-16-1228,2026-06-16,bigbasket,cold-pressed-sunflower-oil-1l,All India,-,177.74,275,35.4,0
2026-06-16-1228,2026-06-16,bigbasket,extra-light-olive-oil-1l,All India,-,1284,1499,14.3,1
2026-06-16-1228,2026-06-16,bigbasket,extra-light-olive-oil-antioxidants-rich-light-cooking-medium-for-frying-grilling-2l,All India,-,1343,2799,52,1
2026-06-16-1228,2026-06-16,bigbasket,extra-virgin-olive-oil-antioxidants-rich-suitable-for-salads-saute-1l,All India,-,1012,1799,43.7,1
2026-06-16-1228,2026-06-16,bigbasket,fizzy-water-flavoured-with-lemon-750ml,All India,-,55,55,0,0
2026-06-16-1228,2026-06-16,bigbasket,fizzy-water-flavoured-with-peach-750ml,All India,-,55,55,0,0
2026-06-16-1228,2026-06-16,bigbasket,indian-tonic-water-200ml,All India,-,95,95,0,1
2026-06-16-1228,2026-06-16,bigbasket,mango-healthy-wheatgrass-juice-200ml,All India,-,50,50,0,0
2026-06-16-1228,2026-06-16,bigbasket,mango-healthy-wheatgrass-juice-500ml,All India,-,100,100,0,0
2026-06-16-1228,2026-06-16,bigbasket,mojito-healthy-wheatgrass-juice-200ml,All India,-,50,50,0,0
2026-06-16-1228,2026-06-16,bigbasket,mojito-healthy-wheatgrass-juice-sugar-free-200ml,All India,-,50,50,0,0
2026-06-16-1228,2026-06-16,bigbasket,pomace-olive-oil-1l,All India,-,549.67,1049,47.6,1
2026-06-16-1228,2026-06-16,bigbasket,pomace-olive-oil-2l,All India,-,1099,1449,24.2,1
2026-06-16-1228,2026-06-16,bigbasket,rose-healthy-wheatgrass-juice-200ml,All India,-,50,50,0,0
2026-06-16-1228,2026-06-16,bigbasket,sunflower-oil-cold-pressed-fortified-with-vitamins-a-d-chemical-free-5l,All India,-,882.81,1350,34.6,0
2026-06-17-1634,2026-06-17,bigbasket,apple-healthy-wheatgrass-juice-200ml,All India,-,50,50,0,0
2026-06-17-1634,2026-06-17,bigbasket,apple-healthy-wheatgrass-juice-sugar-free-200ml,All India,-,50,50,0,0
2026-06-17-1634,2026-06-17,bigbasket,blueberry-healthy-wheatgrass-juice-200ml,All India,-,50,50,0,0
2026-06-17-1634,2026-06-17,bigbasket,canola-oil-cold-pressed-1l,All India,-,284,375,24.3,0
2026-06-17-1634,2026-06-17,bigbasket,canola-oil-cold-pressed-5l,All India,-,1366,1650,17.2,1
2026-06-17-1634,2026-06-17,bigbasket,canola-omega3-rich-cooking-oil-1-l-1l,All India,-,241.47,299,19.2,0
2026-06-17-1634,2026-06-17,bigbasket,cold-press-kachi-ghani-mustard-oil-1l,All India,-,202.09,255,20.7,0
2026-06-17-1634,2026-06-17,bigbasket,cold-press-kachi-ghani-mustard-oil-5l,All India,-,981.13,1250,21.5,1
2026-06-17-1634,2026-06-17,bigbasket,cold-pressed-sunflower-oil-1l,All India,-,177.74,275,35.4,0
2026-06-17-1634,2026-06-17,bigbasket,extra-light-olive-oil-1l,All India,-,1284,1499,14.3,1
2026-06-17-1634,2026-06-17,bigbasket,extra-light-olive-oil-antioxidants-rich-light-cooking-medium-for-frying-grilling-2l,All India,-,1343,2799,52,1
2026-06-17-1634,2026-06-17,bigbasket,extra-virgin-olive-oil-antioxidants-rich-suitable-for-salads-saute-1l,All India,-,1012,1799,43.7,1
2026-06-17-1634,2026-06-17,bigbasket,fizzy-water-flavoured-with-lemon-750ml,All India,-,55,55,0,0
2026-06-17-1634,2026-06-17,bigbasket,fizzy-water-flavoured-with-peach-750ml,All India,-,55,55,0,0
2026-06-17-1634,2026-06-17,bigbasket,indian-tonic-water-200ml,All India,-,95,95,0,1
2026-06-17-1634,2026-06-17,bigbasket,mango-healthy-wheatgrass-juice-200ml,All India,-,50,50,0,0
2026-06-17-1634,2026-06-17,bigbasket,mango-healthy-wheatgrass-juice-500ml,All India,-,100,100,0,0
2026-06-17-1634,2026-06-17,bigbasket,mojito-healthy-wheatgrass-juice-200ml,All India,-,50,50,0,0
2026-06-17-1634,2026-06-17,bigbasket,mojito-healthy-wheatgrass-juice-sugar-free-200ml,All India,-,50,50,0,0
2026-06-17-1634,2026-06-17,bigbasket,pomace-olive-oil-1l,All India,-,549.67,1049,47.6,1
2026-06-17-1634,2026-06-17,bigbasket,pomace-olive-oil-2l,All India,-,1099,1449,24.2,1
2026-06-17-1634,2026-06-17,bigbasket,rose-healthy-wheatgrass-juice-200ml,All India,-,50,50,0,0
2026-06-17-1634,2026-06-17,bigbasket,sunflower-oil-cold-pressed-fortified-with-vitamins-a-d-chemical-free-5l,All India,-,882.81,1350,34.6,0
2026-06-18-1630,2026-06-18,bigbasket,apple-healthy-wheatgrass-juice-200ml,All India,-,50,50,0,0
2026-06-18-1630,2026-06-18,bigbasket,apple-healthy-wheatgrass-juice-sugar-free-200ml,All India,-,50,50,0,0
2026-06-18-1630,2026-06-18,bigbasket,blueberry-healthy-wheatgrass-juice-200ml,All India,-,50,50,0,0
2026-06-18-1630,2026-06-18,bigbasket,canola-oil-cold-pressed-1l,All India,-,284,375,24.3,0
2026-06-18-1630,2026-06-18,bigbasket,canola-oil-cold-pressed-5l,All India,-,1366,1650,17.2,1
2026-06-18-1630,2026-06-18,bigbasket,canola-omega3-rich-cooking-oil-1-l-1l,All India,-,241.47,299,19.2,0
2026-06-18-1630,2026-06-18,bigbasket,cold-press-kachi-ghani-mustard-oil-1l,All India,-,202.09,255,20.7,0
2026-06-18-1630,2026-06-18,bigbasket,cold-press-kachi-ghani-mustard-oil-5l,All India,-,981.13,1250,21.5,1
2026-06-18-1630,2026-06-18,bigbasket,cold-pressed-sunflower-oil-1l,All India,-,177.74,275,35.4,0
2026-06-18-1630,2026-06-18,bigbasket,extra-light-olive-oil-1l,All India,-,1284,1499,14.3,1
2026-06-18-1630,2026-06-18,bigbasket,extra-light-olive-oil-antioxidants-rich-light-cooking-medium-for-frying-grilling-2l,All India,-,1343,2799,52,1
2026-06-18-1630,2026-06-18,bigbasket,extra-virgin-olive-oil-antioxidants-rich-suitable-for-salads-saute-1l,All India,-,1012,1799,43.7,1
2026-06-18-1630,2026-06-18,bigbasket,fizzy-water-flavoured-with-lemon-750ml,All India,-,55,55,0,0
2026-06-18-1630,2026-06-18,bigbasket,fizzy-water-flavoured-with-peach-750ml,All India,-,55,55,0,0
2026-06-18-1630,2026-06-18,bigbasket,indian-tonic-water-200ml,All India,-,95,95,0,1
2026-06-18-1630,2026-06-18,bigbasket,mango-healthy-wheatgrass-juice-200ml,All India,-,50,50,0,0
2026-06-18-1630,2026-06-18,bigbasket,mango-healthy-wheatgrass-juice-500ml,All India,-,100,100,0,0
2026-06-18-1630,2026-06-18,bigbasket,mojito-healthy-wheatgrass-juice-200ml,All India,-,50,50,0,0
2026-06-18-1630,2026-06-18,bigbasket,mojito-healthy-wheatgrass-juice-sugar-free-200ml,All India,-,50,50,0,0
2026-06-18-1630,2026-06-18,bigbasket,pomace-olive-oil-1l,All India,-,549.67,1049,47.6,1
2026-06-18-1630,2026-06-18,bigbasket,pomace-olive-oil-2l,All India,-,1099,1449,24.2,1
2026-06-18-1630,2026-06-18,bigbasket,rose-healthy-wheatgrass-juice-200ml,All India,-,50,50,0,0
2026-06-18-1630,2026-06-18,bigbasket,sunflower-oil-cold-pressed-fortified-with-vitamins-a-d-chemical-free-5l,All India,-,882.81,1350,34.6,0
2026-06-19-1626,2026-06-19,bigbasket,apple-healthy-wheatgrass-juice-200ml,All India,-,50,50,0,0
2026-06-19-1626,2026-06-19,bigbasket,apple-healthy-wheatgrass-juice-sugar-free-200ml,All India,-,50,50,0,0
2026-06-19-1626,2026-06-19,bigbasket,blueberry-healthy-wheatgrass-juice-200ml,All India,-,50,50,0,0
2026-06-19-1626,2026-06-19,bigbasket,canola-oil-cold-pressed-1l,All India,-,284,375,24.3,0
2026-06-19-1626,2026-06-19,bigbasket,canola-oil-cold-pressed-5l,All India,-,1366,1650,17.2,1
2026-06-19-1626,2026-06-19,bigbasket,canola-omega3-rich-cooking-oil-1-l-1l,All India,-,241.47,299,19.2,0
2026-06-19-1626,2026-06-19,bigbasket,cold-press-kachi-ghani-mustard-oil-1l,All India,-,202.09,255,20.7,0
2026-06-19-1626,2026-06-19,bigbasket,cold-press-kachi-ghani-mustard-oil-5l,All India,-,981.13,1250,21.5,1
2026-06-19-1626,2026-06-19,bigbasket,cold-pressed-sunflower-oil-1l,All India,-,177.74,275,35.4,0
2026-06-19-1626,2026-06-19,bigbasket,extra-light-olive-oil-1l,All India,-,1284,1499,14.3,1
2026-06-19-1626,2026-06-19,bigbasket,extra-light-olive-oil-antioxidants-rich-light-cooking-medium-for-frying-grilling-2l,All India,-,1343,2799,52,1
2026-06-19-1626,2026-06-19,bigbasket,extra-virgin-olive-oil-antioxidants-rich-suitable-for-salads-saute-1l,All India,-,1012,1799,43.7,1
2026-06-19-1626,2026-06-19,bigbasket,fizzy-water-flavoured-with-lemon-750ml,All India,-,55,55,0,0
2026-06-19-1626,2026-06-19,bigbasket,fizzy-water-flavoured-with-peach-750ml,All India,-,55,55,0,0
2026-06-19-1626,2026-06-19,bigbasket,indian-tonic-water-200ml,All India,-,95,95,0,1
2026-06-19-1626,2026-06-19,bigbasket,mango-healthy-wheatgrass-juice-200ml,All India,-,50,50,0,0
2026-06-19-1626,2026-06-19,bigbasket,mango-healthy-wheatgrass-juice-500ml,All India,-,100,100,0,0
2026-06-19-1626,2026-06-19,bigbasket,mojito-healthy-wheatgrass-juice-200ml,All India,-,50,50,0,0
2026-06-19-1626,2026-06-19,bigbasket,mojito-healthy-wheatgrass-juice-sugar-free-200ml,All India,-,50,50,0,0
2026-06-19-1626,2026-06-19,bigbasket,pomace-olive-oil-1l,All India,-,549.67,1049,47.6,1
2026-06-19-1626,2026-06-19,bigbasket,pomace-olive-oil-2l,All India,-,1099,1449,24.2,1
2026-06-19-1626,2026-06-19,bigbasket,rose-healthy-wheatgrass-juice-200ml,All India,-,50,50,0,0
2026-06-19-1626,2026-06-19,bigbasket,sunflower-oil-cold-pressed-fortified-with-vitamins-a-d-chemical-free-5l,All India,-,882.81,1350,34.6,0
2026-06-20-1629,2026-06-20,bigbasket,apple-healthy-wheatgrass-juice-200ml,All India,-,50,50,0,0
2026-06-20-1629,2026-06-20,bigbasket,apple-healthy-wheatgrass-juice-sugar-free-200ml,All India,-,50,50,0,0
2026-06-20-1629,2026-06-20,bigbasket,blueberry-healthy-wheatgrass-juice-200ml,All India,-,50,50,0,0
2026-06-20-1629,2026-06-20,bigbasket,canola-oil-cold-pressed-1l,All India,-,284,375,24.3,0
2026-06-20-1629,2026-06-20,bigbasket,canola-oil-cold-pressed-5l,All India,-,1366,1650,17.2,1
2026-06-20-1629,2026-06-20,bigbasket,canola-omega3-rich-cooking-oil-1-l-1l,All India,-,241.47,299,19.2,0
2026-06-20-1629,2026-06-20,bigbasket,cold-press-kachi-ghani-mustard-oil-1l,All India,-,202.09,255,20.7,0
2026-06-20-1629,2026-06-20,bigbasket,cold-press-kachi-ghani-mustard-oil-5l,All India,-,981.13,1250,21.5,1
2026-06-20-1629,2026-06-20,bigbasket,cold-pressed-sunflower-oil-1l,All India,-,177.74,275,35.4,0
2026-06-20-1629,2026-06-20,bigbasket,extra-light-olive-oil-1l,All India,-,1284,1499,14.3,1
2026-06-20-1629,2026-06-20,bigbasket,extra-light-olive-oil-antioxidants-rich-light-cooking-medium-for-frying-grilling-2l,All India,-,1343,2799,52,1
2026-06-20-1629,2026-06-20,bigbasket,extra-virgin-olive-oil-antioxidants-rich-suitable-for-salads-saute-1l,All India,-,1012,1799,43.7,1
2026-06-20-1629,2026-06-20,bigbasket,fizzy-water-flavoured-with-lemon-750ml,All India,-,55,55,0,0
2026-06-20-1629,2026-06-20,bigbasket,fizzy-water-flavoured-with-peach-750ml,All India,-,55,55,0,0
2026-06-20-1629,2026-06-20,bigbasket,indian-tonic-water-200ml,All India,-,95,95,0,1
2026-06-20-1629,2026-06-20,bigbasket,mango-healthy-wheatgrass-juice-200ml,All India,-,50,50,0,0
2026-06-20-1629,2026-06-20,bigbasket,mango-healthy-wheatgrass-juice-500ml,All India,-,100,100,0,0
2026-06-20-1629,2026-06-20,bigbasket,mojito-healthy-wheatgrass-juice-200ml,All India,-,50,50,0,0
2026-06-20-1629,2026-06-20,bigbasket,mojito-healthy-wheatgrass-juice-sugar-free-200ml,All India,-,50,50,0,0
2026-06-20-1629,2026-06-20,bigbasket,pomace-olive-oil-1l,All India,-,549.67,1049,47.6,1
2026-06-20-1629,2026-06-20,bigbasket,pomace-olive-oil-2l,All India,-,1099,1449,24.2,1
2026-06-20-1629,2026-06-20,bigbasket,rose-healthy-wheatgrass-juice-200ml,All India,-,50,50,0,0
2026-06-20-1629,2026-06-20,bigbasket,sunflower-oil-cold-pressed-fortified-with-vitamins-a-d-chemical-free-5l,All India,-,882.81,1350,34.6,0
2026-06-21-1636,2026-06-21,bigbasket,apple-healthy-wheatgrass-juice-200ml,All India,-,50,50,0,0
2026-06-21-1636,2026-06-21,bigbasket,apple-healthy-wheatgrass-juice-sugar-free-200ml,All India,-,50,50,0,0
2026-06-21-1636,2026-06-21,bigbasket,blueberry-healthy-wheatgrass-juice-200ml,All India,-,50,50,0,0
2026-06-21-1636,2026-06-21,bigbasket,canola-oil-cold-pressed-1l,All India,-,283.99,375,24.3,1
2026-06-21-1636,2026-06-21,bigbasket,canola-oil-cold-pressed-5l,All India,-,1366,1650,17.2,1
2026-06-21-1636,2026-06-21,bigbasket,canola-omega3-rich-cooking-oil-1-l-1l,All India,-,241.47,299,19.2,0
2026-06-21-1636,2026-06-21,bigbasket,cold-press-kachi-ghani-mustard-oil-1l,All India,-,202.09,255,20.7,1
2026-06-21-1636,2026-06-21,bigbasket,cold-press-kachi-ghani-mustard-oil-5l,All India,-,981.13,1250,21.5,1
2026-06-21-1636,2026-06-21,bigbasket,cold-pressed-sunflower-oil-1l,All India,-,177.73,275,35.4,1
2026-06-21-1636,2026-06-21,bigbasket,extra-light-olive-oil-1l,All India,-,1284,1499,14.3,1
2026-06-21-1636,2026-06-21,bigbasket,extra-light-olive-oil-antioxidants-rich-light-cooking-medium-for-frying-grilling-2l,All India,-,1343,2799,52,1
2026-06-21-1636,2026-06-21,bigbasket,extra-virgin-olive-oil-antioxidants-rich-suitable-for-salads-saute-1l,All India,-,1012,1799,43.7,1
2026-06-21-1636,2026-06-21,bigbasket,fizzy-water-flavoured-with-lemon-750ml,All India,-,55,55,0,0
2026-06-21-1636,2026-06-21,bigbasket,fizzy-water-flavoured-with-peach-750ml,All India,-,55,55,0,0
2026-06-21-1636,2026-06-21,bigbasket,indian-tonic-water-200ml,All India,-,95,95,0,1
2026-06-21-1636,2026-06-21,bigbasket,mango-healthy-wheatgrass-juice-200ml,All India,-,50,50,0,0
2026-06-21-1636,2026-06-21,bigbasket,mango-healthy-wheatgrass-juice-500ml,All India,-,100,100,0,0
2026-06-21-1636,2026-06-21,bigbasket,mojito-healthy-wheatgrass-juice-200ml,All India,-,50,50,0,0
2026-06-21-1636,2026-06-21,bigbasket,mojito-healthy-wheatgrass-juice-sugar-free-200ml,All India,-,50,50,0,0
2026-06-21-1636,2026-06-21,bigbasket,pomace-olive-oil-1l,All India,-,549.67,1049,47.6,1
2026-06-21-1636,2026-06-21,bigbasket,pomace-olive-oil-2l,All India,-,1099,1449,24.2,1
2026-06-21-1636,2026-06-21,bigbasket,rose-healthy-wheatgrass-juice-200ml,All India,-,50,50,0,0
2026-06-21-1636,2026-06-21,bigbasket,sunflower-oil-cold-pressed-fortified-with-vitamins-a-d-chemical-free-5l,All India,-,882.83,1350,34.6,1
