run_id,date_ist,platform,canonical_sku,city,pincode,price,mrp,discount_pct,in_stock
2026-05-21-1417,2026-05-21,blinkit,jivo-cold-pressed-canola-oil-1l,Delhi,110001,264,375,29.6,1
2026-05-21-1417,2026-05-21,blinkit,jivo-cold-pressed-canola-oil-1l,Delhi,110027,259,375,30.9,1
2026-05-21-1417,2026-05-21,blinkit,jivo-cold-pressed-canola-oil-1l,Delhi,110048,258,375,31.2,1
2026-05-21-1417,2026-05-21,blinkit,jivo-cold-pressed-canola-oil-1l,Faridabad,121007,261,375,30.4,1
2026-05-21-1417,2026-05-21,blinkit,jivo-cold-pressed-canola-oil-1l,Gurgaon,122002,258,375,31.2,1
2026-05-21-1417,2026-05-21,blinkit,jivo-cold-pressed-canola-oil-1l,Gurgaon,122011,262,375,30.1,0
2026-05-21-1417,2026-05-21,blinkit,jivo-cold-pressed-canola-oil-1l,Ludhiana,141001,259,375,30.9,1
2026-05-21-1417,2026-05-21,blinkit,jivo-cold-pressed-canola-oil-1l,Chandigarh,160017,263,375,29.9,1
2026-05-21-1417,2026-05-21,blinkit,jivo-cold-pressed-canola-oil-1l,Ghaziabad,201014,261,375,30.4,1
2026-05-21-1417,2026-05-21,blinkit,jivo-cold-pressed-canola-oil-1l,Noida,201301,258,375,31.2,1
2026-05-21-1417,2026-05-21,blinkit,jivo-cold-pressed-canola-oil-1l,Noida,201309,303,375,19.2,1
2026-05-21-1417,2026-05-21,blinkit,jivo-cold-pressed-canola-oil-1l,Surat,395007,258,375,31.2,1
2026-05-21-1417,2026-05-21,blinkit,jivo-cold-pressed-canola-oil-1l,Mumbai,400013,254,375,32.3,1
2026-05-21-1417,2026-05-21,blinkit,jivo-cold-pressed-canola-oil-1l,Mumbai,400050,253,375,32.5,1
2026-05-21-1417,2026-05-21,blinkit,jivo-cold-pressed-canola-oil-1l,Mumbai,400069,261,375,30.4,1
2026-05-21-1417,2026-05-21,blinkit,jivo-cold-pressed-canola-oil-1l,Mumbai,400076,256,375,31.7,1
2026-05-21-1417,2026-05-21,blinkit,jivo-cold-pressed-canola-oil-1l,Pune,411014,365,375,2.7,0
2026-05-21-1417,2026-05-21,blinkit,jivo-cold-pressed-canola-oil-1l,Bengaluru,560034,247,375,34.1,0
2026-05-21-1417,2026-05-21,blinkit,jivo-cold-pressed-canola-oil-1l,Bengaluru,560038,265,375,29.3,0
2026-05-21-1417,2026-05-21,blinkit,jivo-cold-pressed-canola-oil-1l,Bengaluru,560066,265,375,29.3,1
2026-05-21-1417,2026-05-21,blinkit,jivo-cold-pressed-canola-oil-1l,Mysuru,570023,256,375,31.7,1
2026-05-21-1417,2026-05-21,blinkit,jivo-cold-pressed-canola-oil-5l,Delhi,110001,1069,1650,35.2,1
2026-05-21-1417,2026-05-21,blinkit,jivo-cold-pressed-canola-oil-5l,Delhi,110027,1069,1650,35.2,1
2026-05-21-1417,2026-05-21,blinkit,jivo-cold-pressed-canola-oil-5l,Delhi,110048,1069,1650,35.2,1
2026-05-21-1417,2026-05-21,blinkit,jivo-cold-pressed-canola-oil-5l,Faridabad,121007,1053,1650,36.2,1
2026-05-21-1417,2026-05-21,blinkit,jivo-cold-pressed-canola-oil-5l,Gurgaon,122002,1529,1650,7.3,1
2026-05-21-1417,2026-05-21,blinkit,jivo-cold-pressed-canola-oil-5l,Gurgaon,122011,1050,1650,36.4,1
2026-05-21-1417,2026-05-21,blinkit,jivo-cold-pressed-canola-oil-5l,Ludhiana,141001,1186,1650,28.1,1
2026-05-21-1417,2026-05-21,blinkit,jivo-cold-pressed-canola-oil-5l,Chandigarh,160017,1050,1650,36.4,1
2026-05-21-1417,2026-05-21,blinkit,jivo-cold-pressed-canola-oil-5l,Noida,201301,1139,1650,31,1
2026-05-21-1417,2026-05-21,blinkit,jivo-cold-pressed-canola-oil-5l,Noida,201309,1332,1650,19.3,1
2026-05-21-1417,2026-05-21,blinkit,jivo-cold-pressed-canola-oil-5l,Jaipur,302017,1097,1650,33.5,0
2026-05-21-1417,2026-05-21,blinkit,jivo-cold-pressed-canola-oil-5l,Surat,395007,1050,1650,36.4,1
2026-05-21-1417,2026-05-21,blinkit,jivo-cold-pressed-sunflower-oil-1l,Ludhiana,141001,190,275,30.9,1
2026-05-21-1417,2026-05-21,blinkit,jivo-cold-pressed-sunflower-oil-1l,Chandigarh,160017,190,275,30.9,1
2026-05-21-1417,2026-05-21,blinkit,jivo-cold-pressed-sunflower-oil-1l,Mumbai,400013,190,275,30.9,1
2026-05-21-1417,2026-05-21,blinkit,jivo-cold-pressed-sunflower-oil-1l,Mumbai,400050,190,275,30.9,1
2026-05-21-1417,2026-05-21,blinkit,jivo-cold-pressed-sunflower-oil-1l,Mumbai,400069,190,275,30.9,1
2026-05-21-1417,2026-05-21,blinkit,jivo-cold-pressed-sunflower-oil-1l,Mumbai,400076,190,275,30.9,1
2026-05-21-1417,2026-05-21,blinkit,jivo-cold-pressed-sunflower-oil-1l,Bengaluru,560034,190,275,30.9,0
2026-05-21-1417,2026-05-21,blinkit,jivo-cold-pressed-sunflower-oil-1l,Bengaluru,560038,190,275,30.9,0
2026-05-21-1417,2026-05-21,blinkit,jivo-cold-pressed-sunflower-oil-1l,Bengaluru,560066,255,275,7.3,1
2026-05-21-1417,2026-05-21,blinkit,jivo-cold-pressed-sunflower-oil-1l,Mysuru,570023,195,275,29.1,1
2026-05-21-1417,2026-05-21,blinkit,jivo-extra-light-olive-oil-1l,Delhi,110001,642,1499,57.2,1
2026-05-21-1417,2026-05-21,blinkit,jivo-extra-light-olive-oil-1l,Delhi,110027,499,1499,66.7,1
2026-05-21-1417,2026-05-21,blinkit,jivo-extra-light-olive-oil-1l,Delhi,110048,499,1499,66.7,1
2026-05-21-1417,2026-05-21,blinkit,jivo-extra-light-olive-oil-1l,Faridabad,121007,637,1499,57.5,1
2026-05-21-1417,2026-05-21,blinkit,jivo-extra-light-olive-oil-1l,Gurgaon,122002,594,1499,60.4,1
2026-05-21-1417,2026-05-21,blinkit,jivo-extra-light-olive-oil-1l,Gurgaon,122011,594,1499,60.4,1
2026-05-21-1417,2026-05-21,blinkit,jivo-extra-light-olive-oil-1l,Ludhiana,141001,594,1499,60.4,1
2026-05-21-1417,2026-05-21,blinkit,jivo-extra-light-olive-oil-1l,Ghaziabad,201014,594,1499,60.4,1
2026-05-21-1417,2026-05-21,blinkit,jivo-extra-light-olive-oil-1l,Noida,201301,618,1499,58.8,1
2026-05-21-1417,2026-05-21,blinkit,jivo-extra-light-olive-oil-1l,Noida,201309,594,1499,60.4,1
2026-05-21-1417,2026-05-21,blinkit,jivo-extra-light-olive-oil-1l,Surat,395007,594,1499,60.4,1
2026-05-21-1417,2026-05-21,blinkit,jivo-extra-light-olive-oil-1l,Bengaluru,560034,627,1499,58.2,0
2026-05-21-1417,2026-05-21,blinkit,jivo-extra-light-olive-oil-1l,Bengaluru,560066,641,1499,57.2,0
2026-05-21-1417,2026-05-21,blinkit,jivo-extra-light-olive-oil-1l,Mysuru,570023,642,1499,57.2,1
2026-05-21-1417,2026-05-21,blinkit,jivo-extra-light-olive-oil-2l,Delhi,110001,1136,2799,59.4,1
2026-05-21-1417,2026-05-21,blinkit,jivo-extra-light-olive-oil-2l,Delhi,110027,1136,2799,59.4,1
2026-05-21-1417,2026-05-21,blinkit,jivo-extra-light-olive-oil-2l,Delhi,110048,1136,2799,59.4,1
2026-05-21-1417,2026-05-21,blinkit,jivo-extra-light-olive-oil-2l,Faridabad,121007,1158,2799,58.6,1
2026-05-21-1417,2026-05-21,blinkit,jivo-extra-light-olive-oil-2l,Gurgaon,122002,1097,2799,60.8,1
2026-05-21-1417,2026-05-21,blinkit,jivo-extra-light-olive-oil-2l,Gurgaon,122011,1104,2799,60.6,1
2026-05-21-1417,2026-05-21,blinkit,jivo-extra-light-olive-oil-2l,Ludhiana,141001,1189,2799,57.5,1
2026-05-21-1417,2026-05-21,blinkit,jivo-extra-light-olive-oil-2l,Chandigarh,160017,1107,2799,60.5,0
2026-05-21-1417,2026-05-21,blinkit,jivo-extra-light-olive-oil-2l,Ghaziabad,201014,1113,2799,60.2,1
2026-05-21-1417,2026-05-21,blinkit,jivo-extra-light-olive-oil-2l,Noida,201301,1133,2799,59.5,1
2026-05-21-1417,2026-05-21,blinkit,jivo-extra-light-olive-oil-2l,Noida,201309,1292,2799,53.8,1
2026-05-21-1417,2026-05-21,blinkit,jivo-extra-light-olive-oil-2l,Surat,395007,1190,2799,57.5,1
2026-05-21-1417,2026-05-21,blinkit,jivo-extra-light-olive-oil-2l,Mumbai,400013,1103,2799,60.6,1
2026-05-21-1417,2026-05-21,blinkit,jivo-extra-light-olive-oil-2l,Mumbai,400050,1102,2799,60.6,1
2026-05-21-1417,2026-05-21,blinkit,jivo-extra-light-olive-oil-2l,Mumbai,400069,1141,2799,59.2,1
2026-05-21-1417,2026-05-21,blinkit,jivo-extra-light-olive-oil-2l,Mumbai,400076,1294,2799,53.8,0
2026-05-21-1417,2026-05-21,blinkit,jivo-extra-light-olive-oil-2l,Pune,411001,1221,2799,56.4,1
2026-05-21-1417,2026-05-21,blinkit,jivo-extra-light-olive-oil-2l,Pune,411014,1292,2799,53.8,1
2026-05-21-1417,2026-05-21,blinkit,jivo-extra-light-olive-oil-2l,Bengaluru,560034,1118,2799,60.1,1
2026-05-21-1417,2026-05-21,blinkit,jivo-extra-light-olive-oil-2l,Bengaluru,560038,1118,2799,60.1,0
2026-05-21-1417,2026-05-21,blinkit,jivo-extra-light-olive-oil-2l,Bengaluru,560066,1118,2799,60.1,1
2026-05-21-1417,2026-05-21,blinkit,jivo-extra-light-olive-oil-2l,Mysuru,570023,1129,2799,59.7,1
2026-05-21-1417,2026-05-21,blinkit,jivo-extra-light-olive-oil-2l,Kolkata,700019,1094,2799,60.9,1
2026-05-21-1417,2026-05-21,blinkit,jivo-extra-light-olive-oil-2l,Kolkata,700064,1141,2799,59.2,1
2026-05-21-1417,2026-05-21,blinkit,jivo-kachi-ghani-cold-pressed-mustard-oil-1l,Ludhiana,141001,169,255,33.7,1
2026-05-21-1417,2026-05-21,blinkit,jivo-kachi-ghani-cold-pressed-mustard-oil-1l,Chandigarh,160017,169,255,33.7,1
2026-05-21-1417,2026-05-21,blinkit,jivo-pomace-olive-oil-1l,Delhi,110001,379,1049,63.9,1
2026-05-21-1417,2026-05-21,blinkit,jivo-pomace-olive-oil-1l,Delhi,110027,379,1049,63.9,1
2026-05-21-1417,2026-05-21,blinkit,jivo-pomace-olive-oil-1l,Delhi,110048,379,1049,63.9,1
2026-05-21-1417,2026-05-21,blinkit,jivo-pomace-olive-oil-1l,Faridabad,121007,381,1049,63.7,1
2026-05-21-1417,2026-05-21,blinkit,jivo-pomace-olive-oil-1l,Gurgaon,122002,387,1049,63.1,1
2026-05-21-1417,2026-05-21,blinkit,jivo-pomace-olive-oil-1l,Gurgaon,122011,387,1049,63.1,1
2026-05-21-1417,2026-05-21,blinkit,jivo-pomace-olive-oil-1l,Ludhiana,141001,385,1049,63.3,1
2026-05-21-1417,2026-05-21,blinkit,jivo-pomace-olive-oil-1l,Chandigarh,160017,385,1049,63.3,1
2026-05-21-1417,2026-05-21,blinkit,jivo-pomace-olive-oil-1l,Ghaziabad,201014,389,1049,62.9,1
2026-05-21-1417,2026-05-21,blinkit,jivo-pomace-olive-oil-1l,Noida,201301,387,1049,63.1,1
2026-05-21-1417,2026-05-21,blinkit,jivo-pomace-olive-oil-1l,Noida,201309,425,1049,59.5,1
2026-05-21-1417,2026-05-21,blinkit,jivo-pomace-olive-oil-1l,Jaipur,302017,353,1049,66.3,0
2026-05-21-1417,2026-05-21,blinkit,jivo-pomace-olive-oil-1l,Surat,395007,388,1049,63,1
2026-05-21-1417,2026-05-21,blinkit,jivo-pomace-olive-oil-1l,Mumbai,400013,388,1049,63,1
2026-05-21-1417,2026-05-21,blinkit,jivo-pomace-olive-oil-1l,Mumbai,400050,387,1049,63.1,1
2026-05-21-1417,2026-05-21,blinkit,jivo-pomace-olive-oil-1l,Mumbai,400069,388,1049,63,1
2026-05-21-1417,2026-05-21,blinkit,jivo-pomace-olive-oil-1l,Mumbai,400076,397,1049,62.2,1
2026-05-21-1417,2026-05-21,blinkit,jivo-pomace-olive-oil-1l,Pune,411001,399,1049,62,1
2026-05-21-1417,2026-05-21,blinkit,jivo-pomace-olive-oil-1l,Pune,411014,387,1049,63.1,1
2026-05-21-1417,2026-05-21,blinkit,jivo-pomace-olive-oil-1l,Bengaluru,560034,379,1049,63.9,1
2026-05-21-1417,2026-05-21,blinkit,jivo-pomace-olive-oil-1l,Bengaluru,560038,379,1049,63.9,1
2026-05-21-1417,2026-05-21,blinkit,jivo-pomace-olive-oil-1l,Bengaluru,560066,379,1049,63.9,0
2026-05-21-1417,2026-05-21,blinkit,jivo-pomace-olive-oil-5l,Delhi,110001,1971,4999,60.6,0
2026-05-21-1417,2026-05-21,blinkit,jivo-pomace-olive-oil-5l,Delhi,110027,1971,4999,60.6,1
2026-05-21-1417,2026-05-21,blinkit,jivo-pomace-olive-oil-5l,Delhi,110048,1971,4999,60.6,1
2026-05-21-1417,2026-05-21,blinkit,jivo-pomace-olive-oil-5l,Faridabad,121007,2034,4999,59.3,1
2026-05-21-1417,2026-05-21,blinkit,jivo-pomace-olive-oil-5l,Gurgaon,122002,2191,4999,56.2,0
2026-05-21-1417,2026-05-21,blinkit,jivo-pomace-olive-oil-5l,Gurgaon,122011,1971,4999,60.6,1
2026-05-21-1417,2026-05-21,blinkit,jivo-pomace-olive-oil-5l,Ludhiana,141001,1971,4999,60.6,1
2026-05-21-1417,2026-05-21,blinkit,jivo-pomace-olive-oil-5l,Chandigarh,160017,1971,4999,60.6,1
2026-05-21-1417,2026-05-21,blinkit,jivo-pomace-olive-oil-5l,Ghaziabad,201014,1971,4999,60.6,1
2026-05-21-1417,2026-05-21,blinkit,jivo-pomace-olive-oil-5l,Noida,201301,1987,4999,60.3,1
2026-05-21-1417,2026-05-21,blinkit,jivo-pomace-olive-oil-5l,Noida,201309,2061,4999,58.8,1
2026-05-21-1417,2026-05-21,blinkit,jivo-pomace-olive-oil-5l,Surat,395007,1971,4999,60.6,1
2026-05-21-1417,2026-05-21,blinkit,jivo-pomace-olive-oil-5l,Mumbai,400013,1984,4999,60.3,1
2026-05-21-1417,2026-05-21,blinkit,jivo-pomace-olive-oil-5l,Mumbai,400050,1983,4999,60.3,1
2026-05-21-1417,2026-05-21,blinkit,jivo-pomace-olive-oil-5l,Mumbai,400069,2070,4999,58.6,1
2026-05-21-1417,2026-05-21,blinkit,jivo-pomace-olive-oil-5l,Mumbai,400076,1982,4999,60.4,0
2026-05-21-1417,2026-05-21,blinkit,jivo-pomace-olive-oil-5l,Pune,411001,2009,4999,59.8,1
2026-05-21-1417,2026-05-21,blinkit,jivo-pomace-olive-oil-5l,Pune,411014,2009,4999,59.8,1
2026-05-21-1417,2026-05-21,blinkit,jivo-pomace-olive-oil-5l,Indore,452010,1971,4999,60.6,1
2026-05-21-1417,2026-05-21,blinkit,jivo-pomace-olive-oil-5l,Bhopal,462016,1971,4999,60.6,0
2026-05-21-1703,2026-05-21,blinkit,jivo-cold-pressed-canola-oil-1l,Delhi,110001,264,375,29.6,1
2026-05-21-1703,2026-05-21,blinkit,jivo-cold-pressed-canola-oil-1l,Delhi,110027,259,375,30.9,1
2026-05-21-1703,2026-05-21,blinkit,jivo-cold-pressed-canola-oil-1l,Delhi,110048,258,375,31.2,1
2026-05-21-1703,2026-05-21,blinkit,jivo-cold-pressed-canola-oil-1l,Faridabad,121007,261,375,30.4,1
2026-05-21-1703,2026-05-21,blinkit,jivo-cold-pressed-canola-oil-1l,Gurgaon,122002,258,375,31.2,1
2026-05-21-1703,2026-05-21,blinkit,jivo-cold-pressed-canola-oil-1l,Gurgaon,122011,262,375,30.1,0
2026-05-21-1703,2026-05-21,blinkit,jivo-cold-pressed-canola-oil-1l,Ludhiana,141001,259,375,30.9,1
2026-05-21-1703,2026-05-21,blinkit,jivo-cold-pressed-canola-oil-1l,Chandigarh,160017,263,375,29.9,1
2026-05-21-1703,2026-05-21,blinkit,jivo-cold-pressed-canola-oil-1l,Ghaziabad,201014,261,375,30.4,1
2026-05-21-1703,2026-05-21,blinkit,jivo-cold-pressed-canola-oil-1l,Noida,201301,258,375,31.2,1
2026-05-21-1703,2026-05-21,blinkit,jivo-cold-pressed-canola-oil-1l,Noida,201309,303,375,19.2,1
2026-05-21-1703,2026-05-21,blinkit,jivo-cold-pressed-canola-oil-1l,Mumbai,400013,254,375,32.3,1
2026-05-21-1703,2026-05-21,blinkit,jivo-cold-pressed-canola-oil-1l,Mumbai,400050,253,375,32.5,1
2026-05-21-1703,2026-05-21,blinkit,jivo-cold-pressed-canola-oil-1l,Mumbai,400069,261,375,30.4,1
2026-05-21-1703,2026-05-21,blinkit,jivo-cold-pressed-canola-oil-1l,Mumbai,400076,256,375,31.7,1
2026-05-21-1703,2026-05-21,blinkit,jivo-cold-pressed-canola-oil-1l,Pune,411014,365,375,2.7,0
2026-05-21-1703,2026-05-21,blinkit,jivo-cold-pressed-canola-oil-1l,Bengaluru,560034,247,375,34.1,0
2026-05-21-1703,2026-05-21,blinkit,jivo-cold-pressed-canola-oil-1l,Bengaluru,560038,265,375,29.3,0
2026-05-21-1703,2026-05-21,blinkit,jivo-cold-pressed-canola-oil-1l,Bengaluru,560066,265,375,29.3,1
2026-05-21-1703,2026-05-21,blinkit,jivo-cold-pressed-canola-oil-1l,Mysuru,570023,256,375,31.7,1
2026-05-21-1703,2026-05-21,blinkit,jivo-cold-pressed-canola-oil-5l,Delhi,110001,1069,1650,35.2,1
2026-05-21-1703,2026-05-21,blinkit,jivo-cold-pressed-canola-oil-5l,Delhi,110027,1069,1650,35.2,1
2026-05-21-1703,2026-05-21,blinkit,jivo-cold-pressed-canola-oil-5l,Delhi,110048,1069,1650,35.2,1
2026-05-21-1703,2026-05-21,blinkit,jivo-cold-pressed-canola-oil-5l,Faridabad,121007,1053,1650,36.2,1
2026-05-21-1703,2026-05-21,blinkit,jivo-cold-pressed-canola-oil-5l,Gurgaon,122002,1529,1650,7.3,1
2026-05-21-1703,2026-05-21,blinkit,jivo-cold-pressed-canola-oil-5l,Gurgaon,122011,1050,1650,36.4,1
2026-05-21-1703,2026-05-21,blinkit,jivo-cold-pressed-canola-oil-5l,Ludhiana,141001,1186,1650,28.1,1
2026-05-21-1703,2026-05-21,blinkit,jivo-cold-pressed-canola-oil-5l,Chandigarh,160017,1050,1650,36.4,1
2026-05-21-1703,2026-05-21,blinkit,jivo-cold-pressed-canola-oil-5l,Noida,201301,1139,1650,31,1
2026-05-21-1703,2026-05-21,blinkit,jivo-cold-pressed-canola-oil-5l,Noida,201309,1332,1650,19.3,1
2026-05-21-1703,2026-05-21,blinkit,jivo-cold-pressed-canola-oil-5l,Jaipur,302017,1097,1650,33.5,0
2026-05-21-1703,2026-05-21,blinkit,jivo-cold-pressed-sunflower-oil-1l,Ludhiana,141001,190,275,30.9,1
2026-05-21-1703,2026-05-21,blinkit,jivo-cold-pressed-sunflower-oil-1l,Chandigarh,160017,190,275,30.9,1
2026-05-21-1703,2026-05-21,blinkit,jivo-cold-pressed-sunflower-oil-1l,Mumbai,400013,190,275,30.9,1
2026-05-21-1703,2026-05-21,blinkit,jivo-cold-pressed-sunflower-oil-1l,Mumbai,400050,190,275,30.9,1
2026-05-21-1703,2026-05-21,blinkit,jivo-cold-pressed-sunflower-oil-1l,Mumbai,400069,190,275,30.9,1
2026-05-21-1703,2026-05-21,blinkit,jivo-cold-pressed-sunflower-oil-1l,Mumbai,400076,190,275,30.9,1
2026-05-21-1703,2026-05-21,blinkit,jivo-cold-pressed-sunflower-oil-1l,Bengaluru,560034,190,275,30.9,0
2026-05-21-1703,2026-05-21,blinkit,jivo-cold-pressed-sunflower-oil-1l,Bengaluru,560038,190,275,30.9,0
2026-05-21-1703,2026-05-21,blinkit,jivo-cold-pressed-sunflower-oil-1l,Bengaluru,560066,255,275,7.3,1
2026-05-21-1703,2026-05-21,blinkit,jivo-cold-pressed-sunflower-oil-1l,Mysuru,570023,195,275,29.1,1
2026-05-21-1703,2026-05-21,blinkit,jivo-extra-light-olive-oil-1l,Delhi,110001,620,1499,58.6,1
2026-05-21-1703,2026-05-21,blinkit,jivo-extra-light-olive-oil-1l,Delhi,110027,499,1499,66.7,1
2026-05-21-1703,2026-05-21,blinkit,jivo-extra-light-olive-oil-1l,Delhi,110048,499,1499,66.7,1
2026-05-21-1703,2026-05-21,blinkit,jivo-extra-light-olive-oil-1l,Faridabad,121007,637,1499,57.5,1
2026-05-21-1703,2026-05-21,blinkit,jivo-extra-light-olive-oil-1l,Gurgaon,122002,594,1499,60.4,1
2026-05-21-1703,2026-05-21,blinkit,jivo-extra-light-olive-oil-1l,Gurgaon,122011,594,1499,60.4,1
2026-05-21-1703,2026-05-21,blinkit,jivo-extra-light-olive-oil-1l,Ludhiana,141001,594,1499,60.4,1
2026-05-21-1703,2026-05-21,blinkit,jivo-extra-light-olive-oil-1l,Ghaziabad,201014,594,1499,60.4,1
2026-05-21-1703,2026-05-21,blinkit,jivo-extra-light-olive-oil-1l,Noida,201301,618,1499,58.8,1
2026-05-21-1703,2026-05-21,blinkit,jivo-extra-light-olive-oil-1l,Noida,201309,594,1499,60.4,1
2026-05-21-1703,2026-05-21,blinkit,jivo-extra-light-olive-oil-1l,Bengaluru,560034,627,1499,58.2,0
2026-05-21-1703,2026-05-21,blinkit,jivo-extra-light-olive-oil-1l,Bengaluru,560066,641,1499,57.2,0
2026-05-21-1703,2026-05-21,blinkit,jivo-extra-light-olive-oil-1l,Mysuru,570023,642,1499,57.2,1
2026-05-21-1703,2026-05-21,blinkit,jivo-extra-light-olive-oil-2l,Delhi,110001,1136,2799,59.4,1
2026-05-21-1703,2026-05-21,blinkit,jivo-extra-light-olive-oil-2l,Delhi,110027,1136,2799,59.4,1
2026-05-21-1703,2026-05-21,blinkit,jivo-extra-light-olive-oil-2l,Delhi,110048,1136,2799,59.4,1
2026-05-21-1703,2026-05-21,blinkit,jivo-extra-light-olive-oil-2l,Faridabad,121007,1158,2799,58.6,1
2026-05-21-1703,2026-05-21,blinkit,jivo-extra-light-olive-oil-2l,Gurgaon,122002,1097,2799,60.8,1
2026-05-21-1703,2026-05-21,blinkit,jivo-extra-light-olive-oil-2l,Gurgaon,122011,1104,2799,60.6,1
2026-05-21-1703,2026-05-21,blinkit,jivo-extra-light-olive-oil-2l,Ludhiana,141001,1189,2799,57.5,1
2026-05-21-1703,2026-05-21,blinkit,jivo-extra-light-olive-oil-2l,Chandigarh,160017,1107,2799,60.5,0
2026-05-21-1703,2026-05-21,blinkit,jivo-extra-light-olive-oil-2l,Ghaziabad,201014,1113,2799,60.2,1
2026-05-21-1703,2026-05-21,blinkit,jivo-extra-light-olive-oil-2l,Noida,201301,1133,2799,59.5,1
2026-05-21-1703,2026-05-21,blinkit,jivo-extra-light-olive-oil-2l,Noida,201309,1292,2799,53.8,1
2026-05-21-1703,2026-05-21,blinkit,jivo-extra-light-olive-oil-2l,Mumbai,400013,1103,2799,60.6,1
2026-05-21-1703,2026-05-21,blinkit,jivo-extra-light-olive-oil-2l,Mumbai,400050,1102,2799,60.6,1
2026-05-21-1703,2026-05-21,blinkit,jivo-extra-light-olive-oil-2l,Mumbai,400069,1141,2799,59.2,1
2026-05-21-1703,2026-05-21,blinkit,jivo-extra-light-olive-oil-2l,Mumbai,400076,1294,2799,53.8,0
2026-05-21-1703,2026-05-21,blinkit,jivo-extra-light-olive-oil-2l,Pune,411001,1221,2799,56.4,1
2026-05-21-1703,2026-05-21,blinkit,jivo-extra-light-olive-oil-2l,Pune,411014,1292,2799,53.8,1
2026-05-21-1703,2026-05-21,blinkit,jivo-extra-light-olive-oil-2l,Bengaluru,560034,1118,2799,60.1,1
2026-05-21-1703,2026-05-21,blinkit,jivo-extra-light-olive-oil-2l,Bengaluru,560038,1118,2799,60.1,0
2026-05-21-1703,2026-05-21,blinkit,jivo-extra-light-olive-oil-2l,Bengaluru,560066,1118,2799,60.1,1
2026-05-21-1703,2026-05-21,blinkit,jivo-extra-light-olive-oil-2l,Mysuru,570023,1129,2799,59.7,1
2026-05-21-1703,2026-05-21,blinkit,jivo-extra-light-olive-oil-2l,Kolkata,700019,1094,2799,60.9,1
2026-05-21-1703,2026-05-21,blinkit,jivo-extra-light-olive-oil-2l,Kolkata,700064,1141,2799,59.2,1
2026-05-21-1703,2026-05-21,blinkit,jivo-kachi-ghani-cold-pressed-mustard-oil-1l,Ludhiana,141001,169,255,33.7,1
2026-05-21-1703,2026-05-21,blinkit,jivo-kachi-ghani-cold-pressed-mustard-oil-1l,Chandigarh,160017,169,255,33.7,1
2026-05-21-1703,2026-05-21,blinkit,jivo-pomace-olive-oil-1l,Delhi,110001,379,1049,63.9,1
2026-05-21-1703,2026-05-21,blinkit,jivo-pomace-olive-oil-1l,Delhi,110027,379,1049,63.9,1
2026-05-21-1703,2026-05-21,blinkit,jivo-pomace-olive-oil-1l,Delhi,110048,379,1049,63.9,1
2026-05-21-1703,2026-05-21,blinkit,jivo-pomace-olive-oil-1l,Faridabad,121007,381,1049,63.7,1
2026-05-21-1703,2026-05-21,blinkit,jivo-pomace-olive-oil-1l,Gurgaon,122002,387,1049,63.1,1
2026-05-21-1703,2026-05-21,blinkit,jivo-pomace-olive-oil-1l,Gurgaon,122011,387,1049,63.1,1
2026-05-21-1703,2026-05-21,blinkit,jivo-pomace-olive-oil-1l,Ludhiana,141001,385,1049,63.3,1
2026-05-21-1703,2026-05-21,blinkit,jivo-pomace-olive-oil-1l,Chandigarh,160017,385,1049,63.3,1
2026-05-21-1703,2026-05-21,blinkit,jivo-pomace-olive-oil-1l,Ghaziabad,201014,389,1049,62.9,1
2026-05-21-1703,2026-05-21,blinkit,jivo-pomace-olive-oil-1l,Noida,201301,387,1049,63.1,1
2026-05-21-1703,2026-05-21,blinkit,jivo-pomace-olive-oil-1l,Noida,201309,425,1049,59.5,1
2026-05-21-1703,2026-05-21,blinkit,jivo-pomace-olive-oil-1l,Jaipur,302017,353,1049,66.3,0
2026-05-21-1703,2026-05-21,blinkit,jivo-pomace-olive-oil-1l,Surat,395007,453,1049,56.8,0
2026-05-21-1703,2026-05-21,blinkit,jivo-pomace-olive-oil-1l,Mumbai,400013,388,1049,63,1
2026-05-21-1703,2026-05-21,blinkit,jivo-pomace-olive-oil-1l,Mumbai,400050,387,1049,63.1,1
2026-05-21-1703,2026-05-21,blinkit,jivo-pomace-olive-oil-1l,Mumbai,400069,388,1049,63,1
2026-05-21-1703,2026-05-21,blinkit,jivo-pomace-olive-oil-1l,Mumbai,400076,397,1049,62.2,1
2026-05-21-1703,2026-05-21,blinkit,jivo-pomace-olive-oil-1l,Pune,411001,399,1049,62,1
2026-05-21-1703,2026-05-21,blinkit,jivo-pomace-olive-oil-1l,Pune,411014,387,1049,63.1,1
2026-05-21-1703,2026-05-21,blinkit,jivo-pomace-olive-oil-1l,Bengaluru,560034,379,1049,63.9,1
2026-05-21-1703,2026-05-21,blinkit,jivo-pomace-olive-oil-1l,Bengaluru,560038,379,1049,63.9,1
2026-05-21-1703,2026-05-21,blinkit,jivo-pomace-olive-oil-1l,Bengaluru,560066,379,1049,63.9,0
2026-05-21-1703,2026-05-21,blinkit,jivo-pomace-olive-oil-5l,Delhi,110001,1971,4999,60.6,0
2026-05-21-1703,2026-05-21,blinkit,jivo-pomace-olive-oil-5l,Delhi,110027,1971,4999,60.6,1
2026-05-21-1703,2026-05-21,blinkit,jivo-pomace-olive-oil-5l,Delhi,110048,1971,4999,60.6,1
2026-05-21-1703,2026-05-21,blinkit,jivo-pomace-olive-oil-5l,Faridabad,121007,2034,4999,59.3,1
2026-05-21-1703,2026-05-21,blinkit,jivo-pomace-olive-oil-5l,Gurgaon,122002,2191,4999,56.2,0
2026-05-21-1703,2026-05-21,blinkit,jivo-pomace-olive-oil-5l,Gurgaon,122011,1971,4999,60.6,1
2026-05-21-1703,2026-05-21,blinkit,jivo-pomace-olive-oil-5l,Ludhiana,141001,1971,4999,60.6,1
2026-05-21-1703,2026-05-21,blinkit,jivo-pomace-olive-oil-5l,Chandigarh,160017,1971,4999,60.6,1
2026-05-21-1703,2026-05-21,blinkit,jivo-pomace-olive-oil-5l,Ghaziabad,201014,1971,4999,60.6,1
2026-05-21-1703,2026-05-21,blinkit,jivo-pomace-olive-oil-5l,Noida,201301,1987,4999,60.3,1
2026-05-21-1703,2026-05-21,blinkit,jivo-pomace-olive-oil-5l,Noida,201309,2061,4999,58.8,1
2026-05-21-1703,2026-05-21,blinkit,jivo-pomace-olive-oil-5l,Mumbai,400013,1984,4999,60.3,1
2026-05-21-1703,2026-05-21,blinkit,jivo-pomace-olive-oil-5l,Mumbai,400050,1983,4999,60.3,1
2026-05-21-1703,2026-05-21,blinkit,jivo-pomace-olive-oil-5l,Mumbai,400069,2070,4999,58.6,1
2026-05-21-1703,2026-05-21,blinkit,jivo-pomace-olive-oil-5l,Mumbai,400076,1982,4999,60.4,0
2026-05-21-1703,2026-05-21,blinkit,jivo-pomace-olive-oil-5l,Pune,411001,2009,4999,59.8,1
2026-05-21-1703,2026-05-21,blinkit,jivo-pomace-olive-oil-5l,Pune,411014,2009,4999,59.8,1
2026-05-21-1703,2026-05-21,blinkit,jivo-pomace-olive-oil-5l,Indore,452010,1971,4999,60.6,1
2026-05-21-1703,2026-05-21,blinkit,jivo-pomace-olive-oil-5l,Bhopal,462016,1971,4999,60.6,0
2026-05-21-1736,2026-05-21,blinkit,jivo-cold-pressed-canola-oil-1l,Delhi,110001,264,375,29.6,1
2026-05-21-1736,2026-05-21,blinkit,jivo-cold-pressed-canola-oil-1l,Delhi,110002,264,375,29.6,1
2026-05-21-1736,2026-05-21,blinkit,jivo-cold-pressed-canola-oil-1l,Delhi,110003,283,375,24.5,1
2026-05-21-1736,2026-05-21,blinkit,jivo-cold-pressed-canola-oil-1l,Delhi,110004,283,375,24.5,1
2026-05-21-1736,2026-05-21,blinkit,jivo-cold-pressed-canola-oil-1l,Delhi,110006,262,375,30.1,1
2026-05-21-1736,2026-05-21,blinkit,jivo-cold-pressed-canola-oil-1l,Delhi,110007,259,375,30.9,1
2026-05-21-1736,2026-05-21,blinkit,jivo-cold-pressed-canola-oil-1l,Delhi,110008,260,375,30.7,1
2026-05-21-1736,2026-05-21,blinkit,jivo-cold-pressed-canola-oil-1l,Delhi,110009,262,375,30.1,1
2026-05-21-1736,2026-05-21,blinkit,jivo-cold-pressed-canola-oil-1l,Delhi,110010,258,375,31.2,1
2026-05-21-1736,2026-05-21,blinkit,jivo-cold-pressed-canola-oil-1l,Delhi,110013,258,375,31.2,1
2026-05-21-1736,2026-05-21,blinkit,jivo-cold-pressed-canola-oil-1l,Delhi,110014,259,375,30.9,1
2026-05-21-1736,2026-05-21,blinkit,jivo-cold-pressed-canola-oil-1l,Delhi,110015,259,375,30.9,1
2026-05-21-1736,2026-05-21,blinkit,jivo-cold-pressed-canola-oil-1l,Delhi,110016,259,375,30.9,1
2026-05-21-1736,2026-05-21,blinkit,jivo-cold-pressed-canola-oil-1l,Delhi,110017,258,375,31.2,0
2026-05-21-1736,2026-05-21,blinkit,jivo-cold-pressed-canola-oil-1l,Delhi,110018,262,375,30.1,1
2026-05-21-1736,2026-05-21,blinkit,jivo-cold-pressed-canola-oil-1l,Delhi,110021,259,375,30.9,1
2026-05-21-1736,2026-05-21,blinkit,jivo-cold-pressed-canola-oil-1l,Delhi,110024,258,375,31.2,1
2026-05-21-1736,2026-05-21,blinkit,jivo-cold-pressed-canola-oil-1l,Delhi,110025,259,375,30.9,1
2026-05-21-1736,2026-05-21,blinkit,jivo-cold-pressed-canola-oil-1l,Delhi,110026,265,375,29.3,1
2026-05-21-1736,2026-05-21,blinkit,jivo-cold-pressed-canola-oil-1l,Delhi,110031,260,375,30.7,1
2026-05-21-1736,2026-05-21,blinkit,jivo-cold-pressed-canola-oil-1l,Delhi,110032,373,375,0.5,1
2026-05-21-1736,2026-05-21,blinkit,jivo-cold-pressed-canola-oil-1l,Delhi,110033,373,375,0.5,1
2026-05-21-1736,2026-05-21,blinkit,jivo-cold-pressed-canola-oil-1l,Delhi,110035,265,375,29.3,1
2026-05-21-1736,2026-05-21,blinkit,jivo-cold-pressed-canola-oil-1l,Delhi,110037,278,375,25.9,1
2026-05-21-1736,2026-05-21,blinkit,jivo-cold-pressed-canola-oil-1l,Delhi,110039,262,375,30.1,1
2026-05-21-1736,2026-05-21,blinkit,jivo-cold-pressed-canola-oil-1l,Delhi,110040,267,375,28.8,1
2026-05-21-1736,2026-05-21,blinkit,jivo-cold-pressed-canola-oil-1l,Delhi,110041,268,375,28.5,1
2026-05-21-1736,2026-05-21,blinkit,jivo-cold-pressed-canola-oil-1l,Delhi,110042,258,375,31.2,1
2026-05-21-1736,2026-05-21,blinkit,jivo-cold-pressed-canola-oil-1l,Delhi,110044,258,375,31.2,1
2026-05-21-1736,2026-05-21,blinkit,jivo-cold-pressed-canola-oil-1l,Delhi,110046,260,375,30.7,1
2026-05-21-1736,2026-05-21,blinkit,jivo-cold-pressed-canola-oil-1l,Delhi,110048,259,375,30.9,1
2026-05-21-1736,2026-05-21,blinkit,jivo-cold-pressed-canola-oil-1l,Delhi,110051,373,375,0.5,1
2026-05-21-1736,2026-05-21,blinkit,jivo-cold-pressed-canola-oil-1l,Delhi,110053,259,375,30.9,1
2026-05-21-1736,2026-05-21,blinkit,jivo-cold-pressed-canola-oil-1l,Delhi,110054,260,375,30.7,0
2026-05-21-1736,2026-05-21,blinkit,jivo-cold-pressed-canola-oil-1l,Delhi,110055,283,375,24.5,1
2026-05-21-1736,2026-05-21,blinkit,jivo-cold-pressed-canola-oil-1l,Delhi,110061,275,375,26.7,1
2026-05-21-1736,2026-05-21,blinkit,jivo-cold-pressed-canola-oil-1l,Delhi,110062,259,375,30.9,1
2026-05-21-1736,2026-05-21,blinkit,jivo-cold-pressed-canola-oil-1l,Delhi,110065,259,375,30.9,1
2026-05-21-1736,2026-05-21,blinkit,jivo-cold-pressed-canola-oil-1l,Delhi,110067,259,375,30.9,0
2026-05-21-1736,2026-05-21,blinkit,jivo-cold-pressed-canola-oil-1l,Delhi,110070,265,375,29.3,1
2026-05-21-1736,2026-05-21,blinkit,jivo-cold-pressed-canola-oil-1l,Delhi,110076,261,375,30.4,1
2026-05-21-1736,2026-05-21,blinkit,jivo-cold-pressed-canola-oil-1l,Delhi,110083,262,375,30.1,1
2026-05-21-1736,2026-05-21,blinkit,jivo-cold-pressed-canola-oil-1l,Delhi,110084,267,375,28.8,1
2026-05-21-1736,2026-05-21,blinkit,jivo-cold-pressed-canola-oil-1l,Delhi,110085,258,375,31.2,1
2026-05-21-1736,2026-05-21,blinkit,jivo-cold-pressed-canola-oil-1l,Delhi,110088,262,375,30.1,1
2026-05-21-1736,2026-05-21,blinkit,jivo-cold-pressed-canola-oil-1l,Delhi,110090,260,375,30.7,1
2026-05-21-1736,2026-05-21,blinkit,jivo-cold-pressed-canola-oil-1l,Delhi,110091,259,375,30.9,1
2026-05-21-1736,2026-05-21,blinkit,jivo-cold-pressed-canola-oil-1l,Delhi,110092,259,375,30.9,1
2026-05-21-1736,2026-05-21,blinkit,jivo-cold-pressed-canola-oil-1l,Delhi,110095,263,375,29.9,1
2026-05-21-1736,2026-05-21,blinkit,jivo-cold-pressed-canola-oil-1l,Faridabad,121001,264,375,29.6,1
2026-05-21-1736,2026-05-21,blinkit,jivo-cold-pressed-canola-oil-1l,Faridabad,121003,259,375,30.9,1
2026-05-21-1736,2026-05-21,blinkit,jivo-cold-pressed-canola-oil-1l,Faridabad,121011,262,375,30.1,1
2026-05-21-1736,2026-05-21,blinkit,jivo-cold-pressed-canola-oil-1l,Gurgaon,122001,273,375,27.2,1
2026-05-21-1736,2026-05-21,blinkit,jivo-cold-pressed-canola-oil-1l,Gurgaon,122004,258,375,31.2,1
2026-05-21-1736,2026-05-21,blinkit,jivo-cold-pressed-canola-oil-1l,Gurgaon,122006,261,375,30.4,1
2026-05-21-1736,2026-05-21,blinkit,jivo-cold-pressed-canola-oil-1l,Gurgaon,122010,273,375,27.2,1
2026-05-21-1736,2026-05-21,blinkit,jivo-cold-pressed-canola-oil-1l,Gurgaon,122051,258,375,31.2,1
2026-05-21-1736,2026-05-21,blinkit,jivo-cold-pressed-canola-oil-1l,Gurgaon,122101,258,375,31.2,1
2026-05-21-1736,2026-05-21,blinkit,jivo-cold-pressed-canola-oil-1l,Gurgaon,123003,258,375,31.2,1
2026-05-21-1736,2026-05-21,blinkit,jivo-cold-pressed-canola-oil-1l,Gurgaon,123413,258,375,31.2,1
2026-05-21-1736,2026-05-21,blinkit,jivo-cold-pressed-canola-oil-1l,Gurgaon,123505,258,375,31.2,1
2026-05-21-1736,2026-05-21,blinkit,jivo-cold-pressed-canola-oil-1l,Ludhiana,141014,259,375,30.9,1
2026-05-21-1736,2026-05-21,blinkit,jivo-cold-pressed-canola-oil-1l,Ludhiana,141015,258,375,31.2,1
2026-05-21-1736,2026-05-21,blinkit,jivo-cold-pressed-canola-oil-1l,Ludhiana,141017,259,375,30.9,1
2026-05-21-1736,2026-05-21,blinkit,jivo-cold-pressed-canola-oil-1l,Ludhiana,141122,258,375,31.2,1
2026-05-21-1736,2026-05-21,blinkit,jivo-cold-pressed-canola-oil-1l,Ludhiana,141412,259,375,30.9,1
2026-05-21-1736,2026-05-21,blinkit,jivo-cold-pressed-canola-oil-1l,Ludhiana,141421,258,375,31.2,1
2026-05-21-1736,2026-05-21,blinkit,jivo-cold-pressed-canola-oil-1l,Ludhiana,142022,263,375,29.9,1
2026-05-21-1736,2026-05-21,blinkit,jivo-cold-pressed-canola-oil-1l,Ludhiana,142027,258,375,31.2,1
2026-05-21-1736,2026-05-21,blinkit,jivo-cold-pressed-canola-oil-1l,Ludhiana,142036,258,375,31.2,1
2026-05-21-1736,2026-05-21,blinkit,jivo-cold-pressed-canola-oil-1l,Chandigarh,160001,259,375,30.9,1
2026-05-21-1736,2026-05-21,blinkit,jivo-cold-pressed-canola-oil-1l,Chandigarh,160011,258,375,31.2,1
2026-05-21-1736,2026-05-21,blinkit,jivo-cold-pressed-canola-oil-1l,Chandigarh,160014,258,375,31.2,1
2026-05-21-1736,2026-05-21,blinkit,jivo-cold-pressed-canola-oil-1l,Chandigarh,160021,258,375,31.2,1
2026-05-21-1736,2026-05-21,blinkit,jivo-cold-pressed-canola-oil-1l,Chandigarh,160030,258,375,31.2,1
2026-05-21-1736,2026-05-21,blinkit,jivo-cold-pressed-canola-oil-1l,Chandigarh,160035,264,375,29.6,1
2026-05-21-1736,2026-05-21,blinkit,jivo-cold-pressed-canola-oil-1l,Chandigarh,160043,259,375,30.9,1
2026-05-21-1736,2026-05-21,blinkit,jivo-cold-pressed-canola-oil-1l,Ghaziabad,201003,279,375,25.6,1
2026-05-21-1736,2026-05-21,blinkit,jivo-cold-pressed-canola-oil-1l,Ghaziabad,201005,261,375,30.4,1
2026-05-21-1736,2026-05-21,blinkit,jivo-cold-pressed-canola-oil-1l,Ghaziabad,201009,260,375,30.7,1
2026-05-21-1736,2026-05-21,blinkit,jivo-cold-pressed-canola-oil-1l,Ghaziabad,201302,268,375,28.5,1
2026-05-21-1736,2026-05-21,blinkit,jivo-cold-pressed-canola-oil-1l,Noida,201305,258,375,31.2,1
2026-05-21-1736,2026-05-21,blinkit,jivo-cold-pressed-canola-oil-1l,Noida,201306,261,375,30.4,1
2026-05-21-1736,2026-05-21,blinkit,jivo-cold-pressed-canola-oil-1l,Noida,201307,260,375,30.7,1
2026-05-21-1736,2026-05-21,blinkit,jivo-cold-pressed-canola-oil-1l,Noida,201309,258,375,31.2,1
2026-05-21-1736,2026-05-21,blinkit,jivo-cold-pressed-canola-oil-1l,Noida,201310,283,375,24.5,1
2026-05-21-1736,2026-05-21,blinkit,jivo-cold-pressed-canola-oil-1l,Mumbai,400003,253,375,32.5,1
2026-05-21-1736,2026-05-21,blinkit,jivo-cold-pressed-canola-oil-1l,Mumbai,400005,253,375,32.5,1
2026-05-21-1736,2026-05-21,blinkit,jivo-cold-pressed-canola-oil-1l,Mumbai,400006,258,375,31.2,1
2026-05-21-1736,2026-05-21,blinkit,jivo-cold-pressed-canola-oil-1l,Mumbai,400007,252,375,32.8,1
2026-05-21-1736,2026-05-21,blinkit,jivo-cold-pressed-canola-oil-1l,Mumbai,400010,274,375,26.9,1
2026-05-21-1736,2026-05-21,blinkit,jivo-cold-pressed-canola-oil-1l,Mumbai,400011,258,375,31.2,1
2026-05-21-1736,2026-05-21,blinkit,jivo-cold-pressed-canola-oil-1l,Mumbai,400012,254,375,32.3,1
2026-05-21-1736,2026-05-21,blinkit,jivo-cold-pressed-canola-oil-1l,Mumbai,400013,253,375,32.5,1
2026-05-21-1736,2026-05-21,blinkit,jivo-cold-pressed-canola-oil-1l,Mumbai,400015,253,375,32.5,1
2026-05-21-1736,2026-05-21,blinkit,jivo-cold-pressed-canola-oil-1l,Mumbai,400018,272,375,27.5,1
2026-05-21-1736,2026-05-21,blinkit,jivo-cold-pressed-canola-oil-1l,Mumbai,400019,253,375,32.5,1
2026-05-21-1736,2026-05-21,blinkit,jivo-cold-pressed-canola-oil-1l,Mumbai,400020,253,375,32.5,0
2026-05-21-1736,2026-05-21,blinkit,jivo-cold-pressed-canola-oil-1l,Mumbai,400021,253,375,32.5,1
2026-05-21-1736,2026-05-21,blinkit,jivo-cold-pressed-canola-oil-1l,Mumbai,400023,255,375,32,1
2026-05-21-1736,2026-05-21,blinkit,jivo-cold-pressed-canola-oil-1l,Mumbai,400025,258,375,31.2,1
2026-05-21-1736,2026-05-21,blinkit,jivo-cold-pressed-canola-oil-1l,Mumbai,400026,252,375,32.8,1
2026-05-21-1736,2026-05-21,blinkit,jivo-cold-pressed-canola-oil-1l,Mumbai,400030,253,375,32.5,1
2026-05-21-1736,2026-05-21,blinkit,jivo-cold-pressed-canola-oil-1l,Mumbai,400033,258,375,31.2,1
2026-05-21-1736,2026-05-21,blinkit,jivo-cold-pressed-canola-oil-1l,Mumbai,400041,253,375,32.5,1
2026-05-21-1736,2026-05-21,blinkit,jivo-cold-pressed-canola-oil-1l,Mumbai,400090,255,375,32,1
2026-05-21-1736,2026-05-21,blinkit,jivo-cold-pressed-canola-oil-1l,Mumbai,400601,272,375,27.5,1
2026-05-21-1736,2026-05-21,blinkit,jivo-cold-pressed-canola-oil-1l,Mumbai,400611,254,375,32.3,1
2026-05-21-1736,2026-05-21,blinkit,jivo-cold-pressed-canola-oil-1l,Mumbai,400703,265,375,29.3,1
2026-05-21-1736,2026-05-21,blinkit,jivo-cold-pressed-canola-oil-1l,Pune,411014,365,375,2.7,0
2026-05-21-1736,2026-05-21,blinkit,jivo-cold-pressed-canola-oil-1l,Pune,411021,365,375,2.7,0
2026-05-21-1736,2026-05-21,blinkit,jivo-cold-pressed-canola-oil-1l,Pune,411028,365,375,2.7,0
2026-05-21-1736,2026-05-21,blinkit,jivo-cold-pressed-canola-oil-1l,Bengaluru,560014,257,375,31.5,1
2026-05-21-1736,2026-05-21,blinkit,jivo-cold-pressed-canola-oil-1l,Bengaluru,560019,256,375,31.7,1
2026-05-21-1736,2026-05-21,blinkit,jivo-cold-pressed-canola-oil-1l,Bengaluru,560028,256,375,31.7,1
2026-05-21-1736,2026-05-21,blinkit,jivo-cold-pressed-canola-oil-1l,Bengaluru,560039,247,375,34.1,1
2026-05-21-1736,2026-05-21,blinkit,jivo-cold-pressed-canola-oil-1l,Bengaluru,560069,257,375,31.5,1
2026-05-21-1736,2026-05-21,blinkit,jivo-cold-pressed-canola-oil-1l,Mysuru,570016,270,375,28,1
2026-05-21-1736,2026-05-21,blinkit,jivo-cold-pressed-canola-oil-1l,Mysuru,570018,268,375,28.5,1
2026-05-21-1736,2026-05-21,blinkit,jivo-cold-pressed-canola-oil-1l,Mysuru,570026,256,375,31.7,1
2026-05-21-1736,2026-05-21,blinkit,jivo-cold-pressed-canola-oil-1l,Mysuru,570028,256,375,31.7,1
2026-05-21-1736,2026-05-21,blinkit,jivo-cold-pressed-canola-oil-1l,Mysuru,571311,247,375,34.1,1
2026-05-21-1736,2026-05-21,blinkit,jivo-cold-pressed-canola-oil-5l,Delhi,110001,1069,1650,35.2,1
2026-05-21-1736,2026-05-21,blinkit,jivo-cold-pressed-canola-oil-5l,Delhi,110002,1069,1650,35.2,1
2026-05-21-1736,2026-05-21,blinkit,jivo-cold-pressed-canola-oil-5l,Delhi,110003,1069,1650,35.2,1
2026-05-21-1736,2026-05-21,blinkit,jivo-cold-pressed-canola-oil-5l,Delhi,110004,1069,1650,35.2,1
2026-05-21-1736,2026-05-21,blinkit,jivo-cold-pressed-canola-oil-5l,Delhi,110006,1069,1650,35.2,1
2026-05-21-1736,2026-05-21,blinkit,jivo-cold-pressed-canola-oil-5l,Delhi,110007,1069,1650,35.2,1
2026-05-21-1736,2026-05-21,blinkit,jivo-cold-pressed-canola-oil-5l,Delhi,110008,1069,1650,35.2,1
2026-05-21-1736,2026-05-21,blinkit,jivo-cold-pressed-canola-oil-5l,Delhi,110009,1069,1650,35.2,1
2026-05-21-1736,2026-05-21,blinkit,jivo-cold-pressed-canola-oil-5l,Delhi,110010,1069,1650,35.2,1
2026-05-21-1736,2026-05-21,blinkit,jivo-cold-pressed-canola-oil-5l,Delhi,110013,1069,1650,35.2,0
2026-05-21-1736,2026-05-21,blinkit,jivo-cold-pressed-canola-oil-5l,Delhi,110014,1069,1650,35.2,1
2026-05-21-1736,2026-05-21,blinkit,jivo-cold-pressed-canola-oil-5l,Delhi,110015,1069,1650,35.2,1
2026-05-21-1736,2026-05-21,blinkit,jivo-cold-pressed-canola-oil-5l,Delhi,110016,1069,1650,35.2,1
2026-05-21-1736,2026-05-21,blinkit,jivo-cold-pressed-canola-oil-5l,Delhi,110017,1069,1650,35.2,1
2026-05-21-1736,2026-05-21,blinkit,jivo-cold-pressed-canola-oil-5l,Delhi,110018,1069,1650,35.2,1
2026-05-21-1736,2026-05-21,blinkit,jivo-cold-pressed-canola-oil-5l,Delhi,110021,1069,1650,35.2,1
2026-05-21-1736,2026-05-21,blinkit,jivo-cold-pressed-canola-oil-5l,Delhi,110024,1069,1650,35.2,1
2026-05-21-1736,2026-05-21,blinkit,jivo-cold-pressed-canola-oil-5l,Delhi,110025,1069,1650,35.2,0
2026-05-21-1736,2026-05-21,blinkit,jivo-cold-pressed-canola-oil-5l,Delhi,110026,1069,1650,35.2,1
2026-05-21-1736,2026-05-21,blinkit,jivo-cold-pressed-canola-oil-5l,Delhi,110031,1069,1650,35.2,1
2026-05-21-1736,2026-05-21,blinkit,jivo-cold-pressed-canola-oil-5l,Delhi,110032,1069,1650,35.2,0
2026-05-21-1736,2026-05-21,blinkit,jivo-cold-pressed-canola-oil-5l,Delhi,110033,1069,1650,35.2,1
2026-05-21-1736,2026-05-21,blinkit,jivo-cold-pressed-canola-oil-5l,Delhi,110035,1069,1650,35.2,1
2026-05-21-1736,2026-05-21,blinkit,jivo-cold-pressed-canola-oil-5l,Delhi,110037,1069,1650,35.2,1
2026-05-21-1736,2026-05-21,blinkit,jivo-cold-pressed-canola-oil-5l,Delhi,110039,1069,1650,35.2,0
2026-05-21-1736,2026-05-21,blinkit,jivo-cold-pressed-canola-oil-5l,Delhi,110040,1340,1650,18.8,1
2026-05-21-1736,2026-05-21,blinkit,jivo-cold-pressed-canola-oil-5l,Delhi,110041,1069,1650,35.2,1
2026-05-21-1736,2026-05-21,blinkit,jivo-cold-pressed-canola-oil-5l,Delhi,110042,1069,1650,35.2,0
2026-05-21-1736,2026-05-21,blinkit,jivo-cold-pressed-canola-oil-5l,Delhi,110044,1034,1650,37.3,0
2026-05-21-1736,2026-05-21,blinkit,jivo-cold-pressed-canola-oil-5l,Delhi,110046,1069,1650,35.2,1
2026-05-21-1736,2026-05-21,blinkit,jivo-cold-pressed-canola-oil-5l,Delhi,110048,1069,1650,35.2,1
2026-05-21-1736,2026-05-21,blinkit,jivo-cold-pressed-canola-oil-5l,Delhi,110051,1069,1650,35.2,1
2026-05-21-1736,2026-05-21,blinkit,jivo-cold-pressed-canola-oil-5l,Delhi,110053,1069,1650,35.2,0
2026-05-21-1736,2026-05-21,blinkit,jivo-cold-pressed-canola-oil-5l,Delhi,110054,1069,1650,35.2,1
2026-05-21-1736,2026-05-21,blinkit,jivo-cold-pressed-canola-oil-5l,Delhi,110055,1069,1650,35.2,1
2026-05-21-1736,2026-05-21,blinkit,jivo-cold-pressed-canola-oil-5l,Delhi,110061,1069,1650,35.2,1
2026-05-21-1736,2026-05-21,blinkit,jivo-cold-pressed-canola-oil-5l,Delhi,110062,1069,1650,35.2,1
2026-05-21-1736,2026-05-21,blinkit,jivo-cold-pressed-canola-oil-5l,Delhi,110065,1069,1650,35.2,1
2026-05-21-1736,2026-05-21,blinkit,jivo-cold-pressed-canola-oil-5l,Delhi,110067,1069,1650,35.2,1
2026-05-21-1736,2026-05-21,blinkit,jivo-cold-pressed-canola-oil-5l,Delhi,110070,1069,1650,35.2,1
2026-05-21-1736,2026-05-21,blinkit,jivo-cold-pressed-canola-oil-5l,Delhi,110076,1069,1650,35.2,1
2026-05-21-1736,2026-05-21,blinkit,jivo-cold-pressed-canola-oil-5l,Delhi,110083,1069,1650,35.2,0
2026-05-21-1736,2026-05-21,blinkit,jivo-cold-pressed-canola-oil-5l,Delhi,110084,1069,1650,35.2,1
2026-05-21-1736,2026-05-21,blinkit,jivo-cold-pressed-canola-oil-5l,Delhi,110085,1069,1650,35.2,1
2026-05-21-1736,2026-05-21,blinkit,jivo-cold-pressed-canola-oil-5l,Delhi,110088,1069,1650,35.2,1
2026-05-21-1736,2026-05-21,blinkit,jivo-cold-pressed-canola-oil-5l,Delhi,110090,1069,1650,35.2,1
2026-05-21-1736,2026-05-21,blinkit,jivo-cold-pressed-canola-oil-5l,Delhi,110091,1069,1650,35.2,1
2026-05-21-1736,2026-05-21,blinkit,jivo-cold-pressed-canola-oil-5l,Delhi,110092,1069,1650,35.2,1
2026-05-21-1736,2026-05-21,blinkit,jivo-cold-pressed-canola-oil-5l,Delhi,110095,1069,1650,35.2,1
2026-05-21-1736,2026-05-21,blinkit,jivo-cold-pressed-canola-oil-5l,Faridabad,121001,1050,1650,36.4,1
2026-05-21-1736,2026-05-21,blinkit,jivo-cold-pressed-canola-oil-5l,Faridabad,121003,1050,1650,36.4,1
2026-05-21-1736,2026-05-21,blinkit,jivo-cold-pressed-canola-oil-5l,Faridabad,121011,1184,1650,28.2,1
2026-05-21-1736,2026-05-21,blinkit,jivo-cold-pressed-canola-oil-5l,Gurgaon,122001,1529,1650,7.3,1
2026-05-21-1736,2026-05-21,blinkit,jivo-cold-pressed-canola-oil-5l,Gurgaon,122004,1529,1650,7.3,1
2026-05-21-1736,2026-05-21,blinkit,jivo-cold-pressed-canola-oil-5l,Gurgaon,122006,1184,1650,28.2,0
2026-05-21-1736,2026-05-21,blinkit,jivo-cold-pressed-canola-oil-5l,Gurgaon,122010,1529,1650,7.3,1
2026-05-21-1736,2026-05-21,blinkit,jivo-cold-pressed-canola-oil-5l,Gurgaon,122051,1097,1650,33.5,1
2026-05-21-1736,2026-05-21,blinkit,jivo-cold-pressed-canola-oil-5l,Gurgaon,122101,1097,1650,33.5,1
2026-05-21-1736,2026-05-21,blinkit,jivo-cold-pressed-canola-oil-5l,Gurgaon,123505,1529,1650,7.3,1
2026-05-21-1736,2026-05-21,blinkit,jivo-cold-pressed-canola-oil-5l,Ludhiana,141014,1186,1650,28.1,1
2026-05-21-1736,2026-05-21,blinkit,jivo-cold-pressed-canola-oil-5l,Ludhiana,141015,1050,1650,36.4,1
2026-05-21-1736,2026-05-21,blinkit,jivo-cold-pressed-canola-oil-5l,Ludhiana,141017,1186,1650,28.1,1
2026-05-21-1736,2026-05-21,blinkit,jivo-cold-pressed-canola-oil-5l,Ludhiana,141122,1051,1650,36.3,0
2026-05-21-1736,2026-05-21,blinkit,jivo-cold-pressed-canola-oil-5l,Ludhiana,141412,1063,1650,35.6,0
2026-05-21-1736,2026-05-21,blinkit,jivo-cold-pressed-canola-oil-5l,Ludhiana,141421,1186,1650,28.1,1
2026-05-21-1736,2026-05-21,blinkit,jivo-cold-pressed-canola-oil-5l,Ludhiana,142022,1186,1650,28.1,0
2026-05-21-1736,2026-05-21,blinkit,jivo-cold-pressed-canola-oil-5l,Ludhiana,142027,1186,1650,28.1,0
2026-05-21-1736,2026-05-21,blinkit,jivo-cold-pressed-canola-oil-5l,Ludhiana,142036,1050,1650,36.4,1
2026-05-21-1736,2026-05-21,blinkit,jivo-cold-pressed-canola-oil-5l,Chandigarh,160001,1050,1650,36.4,1
2026-05-21-1736,2026-05-21,blinkit,jivo-cold-pressed-canola-oil-5l,Chandigarh,160011,1050,1650,36.4,1
2026-05-21-1736,2026-05-21,blinkit,jivo-cold-pressed-canola-oil-5l,Chandigarh,160014,1334,1650,19.2,1
2026-05-21-1736,2026-05-21,blinkit,jivo-cold-pressed-canola-oil-5l,Chandigarh,160021,1050,1650,36.4,1
2026-05-21-1736,2026-05-21,blinkit,jivo-cold-pressed-canola-oil-5l,Chandigarh,160030,1050,1650,36.4,1
2026-05-21-1736,2026-05-21,blinkit,jivo-cold-pressed-canola-oil-5l,Chandigarh,160035,1050,1650,36.4,1
2026-05-21-1736,2026-05-21,blinkit,jivo-cold-pressed-canola-oil-5l,Chandigarh,160043,1050,1650,36.4,1
2026-05-21-1736,2026-05-21,blinkit,jivo-cold-pressed-canola-oil-5l,Ghaziabad,201003,1310,1650,20.6,1
2026-05-21-1736,2026-05-21,blinkit,jivo-cold-pressed-canola-oil-5l,Ghaziabad,201005,1072,1650,35,1
2026-05-21-1736,2026-05-21,blinkit,jivo-cold-pressed-canola-oil-5l,Ghaziabad,201009,1103,1650,33.2,1
2026-05-21-1736,2026-05-21,blinkit,jivo-cold-pressed-canola-oil-5l,Ghaziabad,201302,1139,1650,31,1
2026-05-21-1736,2026-05-21,blinkit,jivo-cold-pressed-canola-oil-5l,Noida,201305,1059,1650,35.8,1
2026-05-21-1736,2026-05-21,blinkit,jivo-cold-pressed-canola-oil-5l,Noida,201306,1056,1650,36,0
2026-05-21-1736,2026-05-21,blinkit,jivo-cold-pressed-canola-oil-5l,Noida,201307,1153,1650,30.1,1
2026-05-21-1736,2026-05-21,blinkit,jivo-cold-pressed-canola-oil-5l,Noida,201309,1050,1650,36.4,1
2026-05-21-1736,2026-05-21,blinkit,jivo-cold-pressed-canola-oil-5l,Noida,201310,1071,1650,35.1,1
2026-05-21-1736,2026-05-21,blinkit,jivo-cold-pressed-canola-oil-5l,Jaipur,302018,1097,1650,33.5,0
2026-05-21-1736,2026-05-21,blinkit,jivo-cold-pressed-canola-oil-5l,Jaipur,303602,1097,1650,33.5,0
2026-05-21-1736,2026-05-21,blinkit,jivo-cold-pressed-sunflower-oil-1l,Ludhiana,141014,190,275,30.9,1
2026-05-21-1736,2026-05-21,blinkit,jivo-cold-pressed-sunflower-oil-1l,Ludhiana,141015,190,275,30.9,1
2026-05-21-1736,2026-05-21,blinkit,jivo-cold-pressed-sunflower-oil-1l,Ludhiana,141017,190,275,30.9,1
2026-05-21-1736,2026-05-21,blinkit,jivo-cold-pressed-sunflower-oil-1l,Ludhiana,141122,190,275,30.9,1
2026-05-21-1736,2026-05-21,blinkit,jivo-cold-pressed-sunflower-oil-1l,Ludhiana,141412,190,275,30.9,1
2026-05-21-1736,2026-05-21,blinkit,jivo-cold-pressed-sunflower-oil-1l,Ludhiana,141421,190,275,30.9,1
2026-05-21-1736,2026-05-21,blinkit,jivo-cold-pressed-sunflower-oil-1l,Ludhiana,142022,190,275,30.9,1
2026-05-21-1736,2026-05-21,blinkit,jivo-cold-pressed-sunflower-oil-1l,Ludhiana,142027,190,275,30.9,1
2026-05-21-1736,2026-05-21,blinkit,jivo-cold-pressed-sunflower-oil-1l,Ludhiana,142036,190,275,30.9,1
2026-05-21-1736,2026-05-21,blinkit,jivo-cold-pressed-sunflower-oil-1l,Chandigarh,160001,190,275,30.9,1
2026-05-21-1736,2026-05-21,blinkit,jivo-cold-pressed-sunflower-oil-1l,Chandigarh,160011,190,275,30.9,1
2026-05-21-1736,2026-05-21,blinkit,jivo-cold-pressed-sunflower-oil-1l,Chandigarh,160014,190,275,30.9,1
2026-05-21-1736,2026-05-21,blinkit,jivo-cold-pressed-sunflower-oil-1l,Chandigarh,160021,190,275,30.9,1
2026-05-21-1736,2026-05-21,blinkit,jivo-cold-pressed-sunflower-oil-1l,Chandigarh,160030,190,275,30.9,1
2026-05-21-1736,2026-05-21,blinkit,jivo-cold-pressed-sunflower-oil-1l,Chandigarh,160035,202,275,26.5,1
2026-05-21-1736,2026-05-21,blinkit,jivo-cold-pressed-sunflower-oil-1l,Chandigarh,160043,190,275,30.9,1
2026-05-21-1736,2026-05-21,blinkit,jivo-cold-pressed-sunflower-oil-1l,Mumbai,400003,190,275,30.9,1
2026-05-21-1736,2026-05-21,blinkit,jivo-cold-pressed-sunflower-oil-1l,Mumbai,400005,190,275,30.9,1
2026-05-21-1736,2026-05-21,blinkit,jivo-cold-pressed-sunflower-oil-1l,Mumbai,400006,190,275,30.9,1
2026-05-21-1736,2026-05-21,blinkit,jivo-cold-pressed-sunflower-oil-1l,Mumbai,400007,190,275,30.9,1
2026-05-21-1736,2026-05-21,blinkit,jivo-cold-pressed-sunflower-oil-1l,Mumbai,400010,190,275,30.9,1
2026-05-21-1736,2026-05-21,blinkit,jivo-cold-pressed-sunflower-oil-1l,Mumbai,400011,190,275,30.9,1
2026-05-21-1736,2026-05-21,blinkit,jivo-cold-pressed-sunflower-oil-1l,Mumbai,400012,190,275,30.9,1
2026-05-21-1736,2026-05-21,blinkit,jivo-cold-pressed-sunflower-oil-1l,Mumbai,400013,190,275,30.9,1
2026-05-21-1736,2026-05-21,blinkit,jivo-cold-pressed-sunflower-oil-1l,Mumbai,400015,190,275,30.9,1
2026-05-21-1736,2026-05-21,blinkit,jivo-cold-pressed-sunflower-oil-1l,Mumbai,400018,181,275,34.2,1
2026-05-21-1736,2026-05-21,blinkit,jivo-cold-pressed-sunflower-oil-1l,Mumbai,400019,190,275,30.9,1
2026-05-21-1736,2026-05-21,blinkit,jivo-cold-pressed-sunflower-oil-1l,Mumbai,400020,190,275,30.9,1
2026-05-21-1736,2026-05-21,blinkit,jivo-cold-pressed-sunflower-oil-1l,Mumbai,400021,190,275,30.9,1
2026-05-21-1736,2026-05-21,blinkit,jivo-cold-pressed-sunflower-oil-1l,Mumbai,400023,190,275,30.9,1
2026-05-21-1736,2026-05-21,blinkit,jivo-cold-pressed-sunflower-oil-1l,Mumbai,400025,190,275,30.9,1
2026-05-21-1736,2026-05-21,blinkit,jivo-cold-pressed-sunflower-oil-1l,Mumbai,400026,190,275,30.9,1
2026-05-21-1736,2026-05-21,blinkit,jivo-cold-pressed-sunflower-oil-1l,Mumbai,400030,190,275,30.9,1
2026-05-21-1736,2026-05-21,blinkit,jivo-cold-pressed-sunflower-oil-1l,Mumbai,400033,190,275,30.9,1
2026-05-21-1736,2026-05-21,blinkit,jivo-cold-pressed-sunflower-oil-1l,Mumbai,400041,190,275,30.9,1
2026-05-21-1736,2026-05-21,blinkit,jivo-cold-pressed-sunflower-oil-1l,Mumbai,400090,190,275,30.9,0
2026-05-21-1736,2026-05-21,blinkit,jivo-cold-pressed-sunflower-oil-1l,Mumbai,400601,190,275,30.9,1
2026-05-21-1736,2026-05-21,blinkit,jivo-cold-pressed-sunflower-oil-1l,Mumbai,400611,190,275,30.9,1
2026-05-21-1736,2026-05-21,blinkit,jivo-cold-pressed-sunflower-oil-1l,Mumbai,400703,190,275,30.9,1
2026-05-21-1736,2026-05-21,blinkit,jivo-cold-pressed-sunflower-oil-1l,Bengaluru,560014,191,275,30.5,1
2026-05-21-1736,2026-05-21,blinkit,jivo-cold-pressed-sunflower-oil-1l,Bengaluru,560019,190,275,30.9,0
2026-05-21-1736,2026-05-21,blinkit,jivo-cold-pressed-sunflower-oil-1l,Bengaluru,560028,190,275,30.9,0
2026-05-21-1736,2026-05-21,blinkit,jivo-cold-pressed-sunflower-oil-1l,Bengaluru,560039,255,275,7.3,1
2026-05-21-1736,2026-05-21,blinkit,jivo-cold-pressed-sunflower-oil-1l,Bengaluru,560069,193,275,29.8,1
2026-05-21-1736,2026-05-21,blinkit,jivo-cold-pressed-sunflower-oil-1l,Mysuru,570016,190,275,30.9,0
2026-05-21-1736,2026-05-21,blinkit,jivo-cold-pressed-sunflower-oil-1l,Mysuru,570018,190,275,30.9,0
2026-05-21-1736,2026-05-21,blinkit,jivo-cold-pressed-sunflower-oil-1l,Mysuru,570026,195,275,29.1,1
2026-05-21-1736,2026-05-21,blinkit,jivo-cold-pressed-sunflower-oil-1l,Mysuru,570028,203,275,26.2,1
2026-05-21-1736,2026-05-21,blinkit,jivo-cold-pressed-sunflower-oil-1l,Mysuru,571311,190,275,30.9,1
2026-05-21-1736,2026-05-21,blinkit,jivo-extra-light-olive-oil-1l,Delhi,110001,642,1499,57.2,1
2026-05-21-1736,2026-05-21,blinkit,jivo-extra-light-olive-oil-1l,Delhi,110002,642,1499,57.2,1
2026-05-21-1736,2026-05-21,blinkit,jivo-extra-light-olive-oil-1l,Delhi,110003,645,1499,57,1
2026-05-21-1736,2026-05-21,blinkit,jivo-extra-light-olive-oil-1l,Delhi,110004,645,1499,57,1
2026-05-21-1736,2026-05-21,blinkit,jivo-extra-light-olive-oil-1l,Delhi,110006,499,1499,66.7,1
2026-05-21-1736,2026-05-21,blinkit,jivo-extra-light-olive-oil-1l,Delhi,110007,499,1499,66.7,1
2026-05-21-1736,2026-05-21,blinkit,jivo-extra-light-olive-oil-1l,Delhi,110008,499,1499,66.7,1
2026-05-21-1736,2026-05-21,blinkit,jivo-extra-light-olive-oil-1l,Delhi,110009,499,1499,66.7,1
2026-05-21-1736,2026-05-21,blinkit,jivo-extra-light-olive-oil-1l,Delhi,110010,600,1499,60,1
2026-05-21-1736,2026-05-21,blinkit,jivo-extra-light-olive-oil-1l,Delhi,110013,605,1499,59.6,1
2026-05-21-1736,2026-05-21,blinkit,jivo-extra-light-olive-oil-1l,Delhi,110014,499,1499,66.7,1
2026-05-21-1736,2026-05-21,blinkit,jivo-extra-light-olive-oil-1l,Delhi,110015,499,1499,66.7,1
2026-05-21-1736,2026-05-21,blinkit,jivo-extra-light-olive-oil-1l,Delhi,110016,499,1499,66.7,1
2026-05-21-1736,2026-05-21,blinkit,jivo-extra-light-olive-oil-1l,Delhi,110017,499,1499,66.7,1
2026-05-21-1736,2026-05-21,blinkit,jivo-extra-light-olive-oil-1l,Delhi,110018,499,1499,66.7,1
2026-05-21-1736,2026-05-21,blinkit,jivo-extra-light-olive-oil-1l,Delhi,110021,499,1499,66.7,1
2026-05-21-1736,2026-05-21,blinkit,jivo-extra-light-olive-oil-1l,Delhi,110024,499,1499,66.7,1
2026-05-21-1736,2026-05-21,blinkit,jivo-extra-light-olive-oil-1l,Delhi,110026,499,1499,66.7,1
2026-05-21-1736,2026-05-21,blinkit,jivo-extra-light-olive-oil-1l,Delhi,110031,499,1499,66.7,1
2026-05-21-1736,2026-05-21,blinkit,jivo-extra-light-olive-oil-1l,Delhi,110032,499,1499,66.7,1
2026-05-21-1736,2026-05-21,blinkit,jivo-extra-light-olive-oil-1l,Delhi,110033,499,1499,66.7,1
2026-05-21-1736,2026-05-21,blinkit,jivo-extra-light-olive-oil-1l,Delhi,110035,499,1499,66.7,1
2026-05-21-1736,2026-05-21,blinkit,jivo-extra-light-olive-oil-1l,Delhi,110039,499,1499,66.7,1
2026-05-21-1736,2026-05-21,blinkit,jivo-extra-light-olive-oil-1l,Delhi,110040,499,1499,66.7,1
2026-05-21-1736,2026-05-21,blinkit,jivo-extra-light-olive-oil-1l,Delhi,110041,499,1499,66.7,1
2026-05-21-1736,2026-05-21,blinkit,jivo-extra-light-olive-oil-1l,Delhi,110042,607,1499,59.5,1
2026-05-21-1736,2026-05-21,blinkit,jivo-extra-light-olive-oil-1l,Delhi,110044,499,1499,66.7,1
2026-05-21-1736,2026-05-21,blinkit,jivo-extra-light-olive-oil-1l,Delhi,110046,499,1499,66.7,1
2026-05-21-1736,2026-05-21,blinkit,jivo-extra-light-olive-oil-1l,Delhi,110048,499,1499,66.7,1
2026-05-21-1736,2026-05-21,blinkit,jivo-extra-light-olive-oil-1l,Delhi,110051,499,1499,66.7,1
2026-05-21-1736,2026-05-21,blinkit,jivo-extra-light-olive-oil-1l,Delhi,110053,499,1499,66.7,1
2026-05-21-1736,2026-05-21,blinkit,jivo-extra-light-olive-oil-1l,Delhi,110054,499,1499,66.7,1
2026-05-21-1736,2026-05-21,blinkit,jivo-extra-light-olive-oil-1l,Delhi,110055,645,1499,57,1
2026-05-21-1736,2026-05-21,blinkit,jivo-extra-light-olive-oil-1l,Delhi,110061,499,1499,66.7,1
2026-05-21-1736,2026-05-21,blinkit,jivo-extra-light-olive-oil-1l,Delhi,110062,499,1499,66.7,1
2026-05-21-1736,2026-05-21,blinkit,jivo-extra-light-olive-oil-1l,Delhi,110065,499,1499,66.7,1
2026-05-21-1736,2026-05-21,blinkit,jivo-extra-light-olive-oil-1l,Delhi,110067,499,1499,66.7,1
2026-05-21-1736,2026-05-21,blinkit,jivo-extra-light-olive-oil-1l,Delhi,110070,643,1499,57.1,1
2026-05-21-1736,2026-05-21,blinkit,jivo-extra-light-olive-oil-1l,Delhi,110083,499,1499,66.7,1
2026-05-21-1736,2026-05-21,blinkit,jivo-extra-light-olive-oil-1l,Delhi,110084,499,1499,66.7,1
2026-05-21-1736,2026-05-21,blinkit,jivo-extra-light-olive-oil-1l,Delhi,110085,597,1499,60.2,1
2026-05-21-1736,2026-05-21,blinkit,jivo-extra-light-olive-oil-1l,Delhi,110088,499,1499,66.7,1
2026-05-21-1736,2026-05-21,blinkit,jivo-extra-light-olive-oil-1l,Delhi,110090,499,1499,66.7,1
2026-05-21-1736,2026-05-21,blinkit,jivo-extra-light-olive-oil-1l,Delhi,110091,499,1499,66.7,1
2026-05-21-1736,2026-05-21,blinkit,jivo-extra-light-olive-oil-1l,Delhi,110092,610,1499,59.3,1
2026-05-21-1736,2026-05-21,blinkit,jivo-extra-light-olive-oil-1l,Delhi,110095,499,1499,66.7,1
2026-05-21-1736,2026-05-21,blinkit,jivo-extra-light-olive-oil-1l,Faridabad,121001,637,1499,57.5,1
2026-05-21-1736,2026-05-21,blinkit,jivo-extra-light-olive-oil-1l,Faridabad,121003,594,1499,60.4,1
2026-05-21-1736,2026-05-21,blinkit,jivo-extra-light-olive-oil-1l,Faridabad,121011,599,1499,60,1
2026-05-21-1736,2026-05-21,blinkit,jivo-extra-light-olive-oil-1l,Gurgaon,122001,594,1499,60.4,1
2026-05-21-1736,2026-05-21,blinkit,jivo-extra-light-olive-oil-1l,Gurgaon,122004,594,1499,60.4,1
2026-05-21-1736,2026-05-21,blinkit,jivo-extra-light-olive-oil-1l,Gurgaon,122006,596,1499,60.2,1
2026-05-21-1736,2026-05-21,blinkit,jivo-extra-light-olive-oil-1l,Gurgaon,122010,594,1499,60.4,1
2026-05-21-1736,2026-05-21,blinkit,jivo-extra-light-olive-oil-1l,Gurgaon,122051,595,1499,60.3,1
2026-05-21-1736,2026-05-21,blinkit,jivo-extra-light-olive-oil-1l,Gurgaon,122101,595,1499,60.3,1
2026-05-21-1736,2026-05-21,blinkit,jivo-extra-light-olive-oil-1l,Gurgaon,123003,627,1499,58.2,0
2026-05-21-1736,2026-05-21,blinkit,jivo-extra-light-olive-oil-1l,Gurgaon,123413,627,1499,58.2,0
2026-05-21-1736,2026-05-21,blinkit,jivo-extra-light-olive-oil-1l,Gurgaon,123505,594,1499,60.4,1
2026-05-21-1736,2026-05-21,blinkit,jivo-extra-light-olive-oil-1l,Ludhiana,141014,594,1499,60.4,1
2026-05-21-1736,2026-05-21,blinkit,jivo-extra-light-olive-oil-1l,Ludhiana,141015,594,1499,60.4,1
2026-05-21-1736,2026-05-21,blinkit,jivo-extra-light-olive-oil-1l,Ludhiana,141017,594,1499,60.4,1
2026-05-21-1736,2026-05-21,blinkit,jivo-extra-light-olive-oil-1l,Ludhiana,141122,594,1499,60.4,1
2026-05-21-1736,2026-05-21,blinkit,jivo-extra-light-olive-oil-1l,Ludhiana,141412,594,1499,60.4,1
2026-05-21-1736,2026-05-21,blinkit,jivo-extra-light-olive-oil-1l,Ludhiana,141421,605,1499,59.6,1
2026-05-21-1736,2026-05-21,blinkit,jivo-extra-light-olive-oil-1l,Ludhiana,142022,594,1499,60.4,1
2026-05-21-1736,2026-05-21,blinkit,jivo-extra-light-olive-oil-1l,Ludhiana,142027,594,1499,60.4,1
2026-05-21-1736,2026-05-21,blinkit,jivo-extra-light-olive-oil-1l,Ludhiana,142036,594,1499,60.4,1
2026-05-21-1736,2026-05-21,blinkit,jivo-extra-light-olive-oil-1l,Chandigarh,160001,595,1499,60.3,1
2026-05-21-1736,2026-05-21,blinkit,jivo-extra-light-olive-oil-1l,Chandigarh,160011,594,1499,60.4,1
2026-05-21-1736,2026-05-21,blinkit,jivo-extra-light-olive-oil-1l,Chandigarh,160014,594,1499,60.4,1
2026-05-21-1736,2026-05-21,blinkit,jivo-extra-light-olive-oil-1l,Chandigarh,160021,594,1499,60.4,1
2026-05-21-1736,2026-05-21,blinkit,jivo-extra-light-olive-oil-1l,Chandigarh,160030,594,1499,60.4,1
2026-05-21-1736,2026-05-21,blinkit,jivo-extra-light-olive-oil-1l,Chandigarh,160035,598,1499,60.1,1
2026-05-21-1736,2026-05-21,blinkit,jivo-extra-light-olive-oil-1l,Chandigarh,160043,594,1499,60.4,1
2026-05-21-1736,2026-05-21,blinkit,jivo-extra-light-olive-oil-1l,Ghaziabad,201003,627,1499,58.2,1
2026-05-21-1736,2026-05-21,blinkit,jivo-extra-light-olive-oil-1l,Ghaziabad,201005,611,1499,59.2,1
2026-05-21-1736,2026-05-21,blinkit,jivo-extra-light-olive-oil-1l,Ghaziabad,201009,603,1499,59.8,1
2026-05-21-1736,2026-05-21,blinkit,jivo-extra-light-olive-oil-1l,Ghaziabad,201302,645,1499,57,1
2026-05-21-1736,2026-05-21,blinkit,jivo-extra-light-olive-oil-1l,Noida,201305,594,1499,60.4,1
2026-05-21-1736,2026-05-21,blinkit,jivo-extra-light-olive-oil-1l,Noida,201306,607,1499,59.5,1
2026-05-21-1736,2026-05-21,blinkit,jivo-extra-light-olive-oil-1l,Noida,201307,594,1499,60.4,1
2026-05-21-1736,2026-05-21,blinkit,jivo-extra-light-olive-oil-1l,Noida,201309,594,1499,60.4,1
2026-05-21-1736,2026-05-21,blinkit,jivo-extra-light-olive-oil-1l,Noida,201310,594,1499,60.4,0
2026-05-21-1736,2026-05-21,blinkit,jivo-extra-light-olive-oil-1l,Jaipur,302001,627,1499,58.2,0
2026-05-21-1736,2026-05-21,blinkit,jivo-extra-light-olive-oil-1l,Jaipur,302016,627,1499,58.2,0
2026-05-21-1736,2026-05-21,blinkit,jivo-extra-light-olive-oil-1l,Jaipur,302017,644,1499,57,0
2026-05-21-1736,2026-05-21,blinkit,jivo-extra-light-olive-oil-1l,Jaipur,302020,645,1499,57,0
2026-05-21-1736,2026-05-21,blinkit,jivo-extra-light-olive-oil-1l,Jaipur,302022,627,1499,58.2,0
2026-05-21-1736,2026-05-21,blinkit,jivo-extra-light-olive-oil-1l,Jaipur,302023,641,1499,57.2,0
2026-05-21-1736,2026-05-21,blinkit,jivo-extra-light-olive-oil-1l,Jaipur,302024,645,1499,57,0
2026-05-21-1736,2026-05-21,blinkit,jivo-extra-light-olive-oil-1l,Jaipur,302025,627,1499,58.2,0
2026-05-21-1736,2026-05-21,blinkit,jivo-extra-light-olive-oil-1l,Jaipur,302029,627,1499,58.2,1
2026-05-21-1736,2026-05-21,blinkit,jivo-extra-light-olive-oil-1l,Jaipur,302032,641,1499,57.2,0
2026-05-21-1736,2026-05-21,blinkit,jivo-extra-light-olive-oil-1l,Bengaluru,560014,645,1499,57,1
2026-05-21-1736,2026-05-21,blinkit,jivo-extra-light-olive-oil-1l,Bengaluru,560019,627,1499,58.2,1
2026-05-21-1736,2026-05-21,blinkit,jivo-extra-light-olive-oil-1l,Bengaluru,560028,627,1499,58.2,1
2026-05-21-1736,2026-05-21,blinkit,jivo-extra-light-olive-oil-1l,Bengaluru,560039,499,1499,66.7,1
2026-05-21-1736,2026-05-21,blinkit,jivo-extra-light-olive-oil-1l,Bengaluru,560069,499,1499,66.7,1
2026-05-21-1736,2026-05-21,blinkit,jivo-extra-light-olive-oil-1l,Mysuru,570016,644,1499,57,1
2026-05-21-1736,2026-05-21,blinkit,jivo-extra-light-olive-oil-1l,Mysuru,570018,594,1499,60.4,1
2026-05-21-1736,2026-05-21,blinkit,jivo-extra-light-olive-oil-1l,Mysuru,570026,642,1499,57.2,1
2026-05-21-1736,2026-05-21,blinkit,jivo-extra-light-olive-oil-1l,Mysuru,570028,645,1499,57,1
2026-05-21-1736,2026-05-21,blinkit,jivo-extra-light-olive-oil-1l,Mysuru,571311,645,1499,57,1
2026-05-21-1736,2026-05-21,blinkit,jivo-extra-light-olive-oil-2l,Delhi,110001,1136,2799,59.4,1
2026-05-21-1736,2026-05-21,blinkit,jivo-extra-light-olive-oil-2l,Delhi,110002,1136,2799,59.4,1
2026-05-21-1736,2026-05-21,blinkit,jivo-extra-light-olive-oil-2l,Delhi,110003,1136,2799,59.4,1
2026-05-21-1736,2026-05-21,blinkit,jivo-extra-light-olive-oil-2l,Delhi,110004,1136,2799,59.4,1
2026-05-21-1736,2026-05-21,blinkit,jivo-extra-light-olive-oil-2l,Delhi,110006,1136,2799,59.4,1
2026-05-21-1736,2026-05-21,blinkit,jivo-extra-light-olive-oil-2l,Delhi,110007,1136,2799,59.4,1
2026-05-21-1736,2026-05-21,blinkit,jivo-extra-light-olive-oil-2l,Delhi,110008,1136,2799,59.4,1
2026-05-21-1736,2026-05-21,blinkit,jivo-extra-light-olive-oil-2l,Delhi,110009,1136,2799,59.4,1
2026-05-21-1736,2026-05-21,blinkit,jivo-extra-light-olive-oil-2l,Delhi,110010,1136,2799,59.4,1
2026-05-21-1736,2026-05-21,blinkit,jivo-extra-light-olive-oil-2l,Delhi,110013,1136,2799,59.4,1
2026-05-21-1736,2026-05-21,blinkit,jivo-extra-light-olive-oil-2l,Delhi,110014,1136,2799,59.4,1
2026-05-21-1736,2026-05-21,blinkit,jivo-extra-light-olive-oil-2l,Delhi,110015,1136,2799,59.4,1
2026-05-21-1736,2026-05-21,blinkit,jivo-extra-light-olive-oil-2l,Delhi,110016,1136,2799,59.4,1
2026-05-21-1736,2026-05-21,blinkit,jivo-extra-light-olive-oil-2l,Delhi,110017,1136,2799,59.4,1
2026-05-21-1736,2026-05-21,blinkit,jivo-extra-light-olive-oil-2l,Delhi,110018,1136,2799,59.4,1
2026-05-21-1736,2026-05-21,blinkit,jivo-extra-light-olive-oil-2l,Delhi,110021,1136,2799,59.4,1
2026-05-21-1736,2026-05-21,blinkit,jivo-extra-light-olive-oil-2l,Delhi,110024,1136,2799,59.4,1
2026-05-21-1736,2026-05-21,blinkit,jivo-extra-light-olive-oil-2l,Delhi,110025,1136,2799,59.4,1
2026-05-21-1736,2026-05-21,blinkit,jivo-extra-light-olive-oil-2l,Delhi,110026,1136,2799,59.4,1
2026-05-21-1736,2026-05-21,blinkit,jivo-extra-light-olive-oil-2l,Delhi,110031,1136,2799,59.4,1
2026-05-21-1736,2026-05-21,blinkit,jivo-extra-light-olive-oil-2l,Delhi,110032,1136,2799,59.4,1
2026-05-21-1736,2026-05-21,blinkit,jivo-extra-light-olive-oil-2l,Delhi,110033,1136,2799,59.4,1
2026-05-21-1736,2026-05-21,blinkit,jivo-extra-light-olive-oil-2l,Delhi,110035,1136,2799,59.4,1
2026-05-21-1736,2026-05-21,blinkit,jivo-extra-light-olive-oil-2l,Delhi,110037,1136,2799,59.4,1
2026-05-21-1736,2026-05-21,blinkit,jivo-extra-light-olive-oil-2l,Delhi,110039,1136,2799,59.4,1
2026-05-21-1736,2026-05-21,blinkit,jivo-extra-light-olive-oil-2l,Delhi,110040,1136,2799,59.4,1
2026-05-21-1736,2026-05-21,blinkit,jivo-extra-light-olive-oil-2l,Delhi,110041,1136,2799,59.4,1
2026-05-21-1736,2026-05-21,blinkit,jivo-extra-light-olive-oil-2l,Delhi,110042,1136,2799,59.4,1
2026-05-21-1736,2026-05-21,blinkit,jivo-extra-light-olive-oil-2l,Delhi,110044,1136,2799,59.4,1
2026-05-21-1736,2026-05-21,blinkit,jivo-extra-light-olive-oil-2l,Delhi,110046,1136,2799,59.4,1
2026-05-21-1736,2026-05-21,blinkit,jivo-extra-light-olive-oil-2l,Delhi,110048,1136,2799,59.4,1
2026-05-21-1736,2026-05-21,blinkit,jivo-extra-light-olive-oil-2l,Delhi,110051,1136,2799,59.4,1
2026-05-21-1736,2026-05-21,blinkit,jivo-extra-light-olive-oil-2l,Delhi,110053,1136,2799,59.4,1
2026-05-21-1736,2026-05-21,blinkit,jivo-extra-light-olive-oil-2l,Delhi,110054,1136,2799,59.4,1
2026-05-21-1736,2026-05-21,blinkit,jivo-extra-light-olive-oil-2l,Delhi,110055,1136,2799,59.4,1
2026-05-21-1736,2026-05-21,blinkit,jivo-extra-light-olive-oil-2l,Delhi,110061,1136,2799,59.4,1
2026-05-21-1736,2026-05-21,blinkit,jivo-extra-light-olive-oil-2l,Delhi,110062,1136,2799,59.4,1
2026-05-21-1736,2026-05-21,blinkit,jivo-extra-light-olive-oil-2l,Delhi,110065,1136,2799,59.4,1
2026-05-21-1736,2026-05-21,blinkit,jivo-extra-light-olive-oil-2l,Delhi,110067,1136,2799,59.4,1
2026-05-21-1736,2026-05-21,blinkit,jivo-extra-light-olive-oil-2l,Delhi,110070,1136,2799,59.4,1
2026-05-21-1736,2026-05-21,blinkit,jivo-extra-light-olive-oil-2l,Delhi,110076,1136,2799,59.4,1
2026-05-21-1736,2026-05-21,blinkit,jivo-extra-light-olive-oil-2l,Delhi,110083,1136,2799,59.4,1
2026-05-21-1736,2026-05-21,blinkit,jivo-extra-light-olive-oil-2l,Delhi,110084,1136,2799,59.4,1
2026-05-21-1736,2026-05-21,blinkit,jivo-extra-light-olive-oil-2l,Delhi,110085,1136,2799,59.4,1
2026-05-21-1736,2026-05-21,blinkit,jivo-extra-light-olive-oil-2l,Delhi,110088,1136,2799,59.4,1
2026-05-21-1736,2026-05-21,blinkit,jivo-extra-light-olive-oil-2l,Delhi,110090,1136,2799,59.4,1
2026-05-21-1736,2026-05-21,blinkit,jivo-extra-light-olive-oil-2l,Delhi,110091,1136,2799,59.4,0
2026-05-21-1736,2026-05-21,blinkit,jivo-extra-light-olive-oil-2l,Delhi,110092,1136,2799,59.4,1
2026-05-21-1736,2026-05-21,blinkit,jivo-extra-light-olive-oil-2l,Delhi,110095,1136,2799,59.4,1
2026-05-21-1736,2026-05-21,blinkit,jivo-extra-light-olive-oil-2l,Faridabad,121001,1257,2799,55.1,1
2026-05-21-1736,2026-05-21,blinkit,jivo-extra-light-olive-oil-2l,Faridabad,121003,1113,2799,60.2,1
2026-05-21-1736,2026-05-21,blinkit,jivo-extra-light-olive-oil-2l,Faridabad,121011,1257,2799,55.1,1
2026-05-21-1736,2026-05-21,blinkit,jivo-extra-light-olive-oil-2l,Gurgaon,122001,1200,2799,57.1,1
2026-05-21-1736,2026-05-21,blinkit,jivo-extra-light-olive-oil-2l,Gurgaon,122004,1092,2799,61,1
2026-05-21-1736,2026-05-21,blinkit,jivo-extra-light-olive-oil-2l,Gurgaon,122006,1251,2799,55.3,1
2026-05-21-1736,2026-05-21,blinkit,jivo-extra-light-olive-oil-2l,Gurgaon,122010,1200,2799,57.1,1
2026-05-21-1736,2026-05-21,blinkit,jivo-extra-light-olive-oil-2l,Gurgaon,122051,1292,2799,53.8,0
2026-05-21-1736,2026-05-21,blinkit,jivo-extra-light-olive-oil-2l,Gurgaon,122101,1292,2799,53.8,0
2026-05-21-1736,2026-05-21,blinkit,jivo-extra-light-olive-oil-2l,Gurgaon,123003,1257,2799,55.1,0
2026-05-21-1736,2026-05-21,blinkit,jivo-extra-light-olive-oil-2l,Gurgaon,123413,1257,2799,55.1,0
2026-05-21-1736,2026-05-21,blinkit,jivo-extra-light-olive-oil-2l,Gurgaon,123505,1210,2799,56.8,0
2026-05-21-1736,2026-05-21,blinkit,jivo-extra-light-olive-oil-2l,Ludhiana,141014,1141,2799,59.2,1
2026-05-21-1736,2026-05-21,blinkit,jivo-extra-light-olive-oil-2l,Ludhiana,141015,1091,2799,61,1
2026-05-21-1736,2026-05-21,blinkit,jivo-extra-light-olive-oil-2l,Ludhiana,141017,1141,2799,59.2,1
2026-05-21-1736,2026-05-21,blinkit,jivo-extra-light-olive-oil-2l,Ludhiana,141122,1091,2799,61,1
2026-05-21-1736,2026-05-21,blinkit,jivo-extra-light-olive-oil-2l,Ludhiana,141412,1257,2799,55.1,1
2026-05-21-1736,2026-05-21,blinkit,jivo-extra-light-olive-oil-2l,Ludhiana,141421,1103,2799,60.6,1
2026-05-21-1736,2026-05-21,blinkit,jivo-extra-light-olive-oil-2l,Ludhiana,142022,1207,2799,56.9,1
2026-05-21-1736,2026-05-21,blinkit,jivo-extra-light-olive-oil-2l,Ludhiana,142027,1091,2799,61,1
2026-05-21-1736,2026-05-21,blinkit,jivo-extra-light-olive-oil-2l,Ludhiana,142036,1091,2799,61,1
2026-05-21-1736,2026-05-21,blinkit,jivo-extra-light-olive-oil-2l,Chandigarh,160001,1105,2799,60.5,1
2026-05-21-1736,2026-05-21,blinkit,jivo-extra-light-olive-oil-2l,Chandigarh,160011,1292,2799,53.8,0
2026-05-21-1736,2026-05-21,blinkit,jivo-extra-light-olive-oil-2l,Chandigarh,160014,1257,2799,55.1,1
2026-05-21-1736,2026-05-21,blinkit,jivo-extra-light-olive-oil-2l,Chandigarh,160021,1292,2799,53.8,1
2026-05-21-1736,2026-05-21,blinkit,jivo-extra-light-olive-oil-2l,Chandigarh,160030,1103,2799,60.6,1
2026-05-21-1736,2026-05-21,blinkit,jivo-extra-light-olive-oil-2l,Chandigarh,160035,1103,2799,60.6,0
2026-05-21-1736,2026-05-21,blinkit,jivo-extra-light-olive-oil-2l,Chandigarh,160043,1099,2799,60.7,1
2026-05-21-1736,2026-05-21,blinkit,jivo-extra-light-olive-oil-2l,Ghaziabad,201003,1255,2799,55.2,1
2026-05-21-1736,2026-05-21,blinkit,jivo-extra-light-olive-oil-2l,Ghaziabad,201005,1165,2799,58.4,1
2026-05-21-1736,2026-05-21,blinkit,jivo-extra-light-olive-oil-2l,Ghaziabad,201009,1242,2799,55.6,0
2026-05-21-1736,2026-05-21,blinkit,jivo-extra-light-olive-oil-2l,Ghaziabad,201302,1255,2799,55.2,1
2026-05-21-1736,2026-05-21,blinkit,jivo-extra-light-olive-oil-2l,Noida,201305,1099,2799,60.7,1
2026-05-21-1736,2026-05-21,blinkit,jivo-extra-light-olive-oil-2l,Noida,201306,1269,2799,54.7,1
2026-05-21-1736,2026-05-21,blinkit,jivo-extra-light-olive-oil-2l,Noida,201307,1290,2799,53.9,1
2026-05-21-1736,2026-05-21,blinkit,jivo-extra-light-olive-oil-2l,Noida,201309,1190,2799,57.5,1
2026-05-21-1736,2026-05-21,blinkit,jivo-extra-light-olive-oil-2l,Noida,201310,1105,2799,60.5,1
2026-05-21-1736,2026-05-21,blinkit,jivo-extra-light-olive-oil-2l,Mumbai,400003,1290,2799,53.9,0
2026-05-21-1736,2026-05-21,blinkit,jivo-extra-light-olive-oil-2l,Mumbai,400005,1255,2799,55.2,0
2026-05-21-1736,2026-05-21,blinkit,jivo-extra-light-olive-oil-2l,Mumbai,400006,1281,2799,54.2,1
2026-05-21-1736,2026-05-21,blinkit,jivo-extra-light-olive-oil-2l,Mumbai,400007,1291,2799,53.9,0
2026-05-21-1736,2026-05-21,blinkit,jivo-extra-light-olive-oil-2l,Mumbai,400010,1106,2799,60.5,1
2026-05-21-1736,2026-05-21,blinkit,jivo-extra-light-olive-oil-2l,Mumbai,400011,1281,2799,54.2,1
2026-05-21-1736,2026-05-21,blinkit,jivo-extra-light-olive-oil-2l,Mumbai,400012,1103,2799,60.6,1
2026-05-21-1736,2026-05-21,blinkit,jivo-extra-light-olive-oil-2l,Mumbai,400013,1106,2799,60.5,1
2026-05-21-1736,2026-05-21,blinkit,jivo-extra-light-olive-oil-2l,Mumbai,400015,1106,2799,60.5,1
2026-05-21-1736,2026-05-21,blinkit,jivo-extra-light-olive-oil-2l,Mumbai,400018,1284,2799,54.1,1
2026-05-21-1736,2026-05-21,blinkit,jivo-extra-light-olive-oil-2l,Mumbai,400019,1267,2799,54.7,1
2026-05-21-1736,2026-05-21,blinkit,jivo-extra-light-olive-oil-2l,Mumbai,400020,1103,2799,60.6,1
2026-05-21-1736,2026-05-21,blinkit,jivo-extra-light-olive-oil-2l,Mumbai,400021,1255,2799,55.2,0
2026-05-21-1736,2026-05-21,blinkit,jivo-extra-light-olive-oil-2l,Mumbai,400023,1294,2799,53.8,1
2026-05-21-1736,2026-05-21,blinkit,jivo-extra-light-olive-oil-2l,Mumbai,400025,1257,2799,55.1,0
2026-05-21-1736,2026-05-21,blinkit,jivo-extra-light-olive-oil-2l,Mumbai,400026,1291,2799,53.9,0
2026-05-21-1736,2026-05-21,blinkit,jivo-extra-light-olive-oil-2l,Mumbai,400030,1106,2799,60.5,1
2026-05-21-1736,2026-05-21,blinkit,jivo-extra-light-olive-oil-2l,Mumbai,400033,1281,2799,54.2,1
2026-05-21-1736,2026-05-21,blinkit,jivo-extra-light-olive-oil-2l,Mumbai,400041,1257,2799,55.1,0
2026-05-21-1736,2026-05-21,blinkit,jivo-extra-light-olive-oil-2l,Mumbai,400090,1265,2799,54.8,0
2026-05-21-1736,2026-05-21,blinkit,jivo-extra-light-olive-oil-2l,Mumbai,400601,1202,2799,57.1,1
2026-05-21-1736,2026-05-21,blinkit,jivo-extra-light-olive-oil-2l,Mumbai,400611,1103,2799,60.6,1
2026-05-21-1736,2026-05-21,blinkit,jivo-extra-light-olive-oil-2l,Mumbai,400703,1103,2799,60.6,1
2026-05-21-1736,2026-05-21,blinkit,jivo-extra-light-olive-oil-2l,Pune,410301,1278,2799,54.3,0
2026-05-21-1736,2026-05-21,blinkit,jivo-extra-light-olive-oil-2l,Pune,410401,1278,2799,54.3,0
2026-05-21-1736,2026-05-21,blinkit,jivo-extra-light-olive-oil-2l,Pune,410506,1257,2799,55.1,1
2026-05-21-1736,2026-05-21,blinkit,jivo-extra-light-olive-oil-2l,Pune,411004,1257,2799,55.1,1
2026-05-21-1736,2026-05-21,blinkit,jivo-extra-light-olive-oil-2l,Pune,411005,1193,2799,57.4,1
2026-05-21-1736,2026-05-21,blinkit,jivo-extra-light-olive-oil-2l,Pune,411011,1109,2799,60.4,1
2026-05-21-1736,2026-05-21,blinkit,jivo-extra-light-olive-oil-2l,Pune,411012,1221,2799,56.4,1
2026-05-21-1736,2026-05-21,blinkit,jivo-extra-light-olive-oil-2l,Pune,411014,1292,2799,53.8,1
2026-05-21-1736,2026-05-21,blinkit,jivo-extra-light-olive-oil-2l,Pune,411015,1221,2799,56.4,1
2026-05-21-1736,2026-05-21,blinkit,jivo-extra-light-olive-oil-2l,Pune,411021,1109,2799,60.4,1
2026-05-21-1736,2026-05-21,blinkit,jivo-extra-light-olive-oil-2l,Pune,411028,1221,2799,56.4,1
2026-05-21-1736,2026-05-21,blinkit,jivo-extra-light-olive-oil-2l,Pune,411035,1257,2799,55.1,1
2026-05-21-1736,2026-05-21,blinkit,jivo-extra-light-olive-oil-2l,Pune,411036,1109,2799,60.4,1
2026-05-21-1736,2026-05-21,blinkit,jivo-extra-light-olive-oil-2l,Pune,411045,1109,2799,60.4,1
2026-05-21-1736,2026-05-21,blinkit,jivo-extra-light-olive-oil-2l,Pune,411047,1109,2799,60.4,1
2026-05-21-1736,2026-05-21,blinkit,jivo-extra-light-olive-oil-2l,Pune,411051,1221,2799,56.4,1
2026-05-21-1736,2026-05-21,blinkit,jivo-extra-light-olive-oil-2l,Pune,412109,1257,2799,55.1,1
2026-05-21-1736,2026-05-21,blinkit,jivo-extra-light-olive-oil-2l,Pune,412114,1257,2799,55.1,1
2026-05-21-1736,2026-05-21,blinkit,jivo-extra-light-olive-oil-2l,Pune,412201,1292,2799,53.8,1
2026-05-21-1736,2026-05-21,blinkit,jivo-extra-light-olive-oil-2l,Bengaluru,560014,1118,2799,60.1,0
2026-05-21-1736,2026-05-21,blinkit,jivo-extra-light-olive-oil-2l,Bengaluru,560019,1118,2799,60.1,0
2026-05-21-1736,2026-05-21,blinkit,jivo-extra-light-olive-oil-2l,Bengaluru,560028,1118,2799,60.1,0
2026-05-21-1736,2026-05-21,blinkit,jivo-extra-light-olive-oil-2l,Bengaluru,560039,1118,2799,60.1,1
2026-05-21-1736,2026-05-21,blinkit,jivo-extra-light-olive-oil-2l,Bengaluru,560069,1118,2799,60.1,1
2026-05-21-1736,2026-05-21,blinkit,jivo-extra-light-olive-oil-2l,Mysuru,570026,1129,2799,59.7,1
2026-05-21-1736,2026-05-21,blinkit,jivo-extra-light-olive-oil-2l,Mysuru,570028,1129,2799,59.7,1
2026-05-21-1736,2026-05-21,blinkit,jivo-extra-light-olive-oil-2l,Kolkata,700001,1096,2799,60.8,1
2026-05-21-1736,2026-05-21,blinkit,jivo-extra-light-olive-oil-2l,Kolkata,700015,1093,2799,61,1
2026-05-21-1736,2026-05-21,blinkit,jivo-extra-light-olive-oil-2l,Kolkata,700019,1094,2799,60.9,1
2026-05-21-1736,2026-05-21,blinkit,jivo-extra-light-olive-oil-2l,Kolkata,700024,1292,2799,53.8,0
2026-05-21-1736,2026-05-21,blinkit,jivo-extra-light-olive-oil-2l,Kolkata,700040,1148,2799,59,1
2026-05-21-1736,2026-05-21,blinkit,jivo-extra-light-olive-oil-2l,Kolkata,700053,1096,2799,60.8,1
2026-05-21-1736,2026-05-21,blinkit,jivo-kachi-ghani-cold-pressed-mustard-oil-1l,Ludhiana,141014,169,255,33.7,1
2026-05-21-1736,2026-05-21,blinkit,jivo-kachi-ghani-cold-pressed-mustard-oil-1l,Ludhiana,141015,169,255,33.7,1
2026-05-21-1736,2026-05-21,blinkit,jivo-kachi-ghani-cold-pressed-mustard-oil-1l,Ludhiana,141017,169,255,33.7,1
2026-05-21-1736,2026-05-21,blinkit,jivo-kachi-ghani-cold-pressed-mustard-oil-1l,Ludhiana,141122,169,255,33.7,1
2026-05-21-1736,2026-05-21,blinkit,jivo-kachi-ghani-cold-pressed-mustard-oil-1l,Ludhiana,141412,169,255,33.7,1
2026-05-21-1736,2026-05-21,blinkit,jivo-kachi-ghani-cold-pressed-mustard-oil-1l,Ludhiana,141421,169,255,33.7,1
2026-05-21-1736,2026-05-21,blinkit,jivo-kachi-ghani-cold-pressed-mustard-oil-1l,Ludhiana,142022,169,255,33.7,1
2026-05-21-1736,2026-05-21,blinkit,jivo-kachi-ghani-cold-pressed-mustard-oil-1l,Ludhiana,142027,169,255,33.7,1
2026-05-21-1736,2026-05-21,blinkit,jivo-kachi-ghani-cold-pressed-mustard-oil-1l,Ludhiana,142036,169,255,33.7,1
2026-05-21-1736,2026-05-21,blinkit,jivo-kachi-ghani-cold-pressed-mustard-oil-1l,Chandigarh,160001,169,255,33.7,1
2026-05-21-1736,2026-05-21,blinkit,jivo-kachi-ghani-cold-pressed-mustard-oil-1l,Chandigarh,160011,169,255,33.7,1
2026-05-21-1736,2026-05-21,blinkit,jivo-kachi-ghani-cold-pressed-mustard-oil-1l,Chandigarh,160014,169,255,33.7,1
2026-05-21-1736,2026-05-21,blinkit,jivo-kachi-ghani-cold-pressed-mustard-oil-1l,Chandigarh,160030,169,255,33.7,1
2026-05-21-1736,2026-05-21,blinkit,jivo-kachi-ghani-cold-pressed-mustard-oil-1l,Chandigarh,160035,169,255,33.7,1
2026-05-21-1736,2026-05-21,blinkit,jivo-kachi-ghani-cold-pressed-mustard-oil-1l,Chandigarh,160043,169,255,33.7,1
2026-05-21-1736,2026-05-21,blinkit,jivo-kachi-ghani-cold-pressed-mustard-oil-5l,Chandigarh,160021,868,1250,30.6,1
2026-05-21-1736,2026-05-21,blinkit,jivo-pomace-olive-oil-1l,Delhi,110001,379,1049,63.9,1
2026-05-21-1736,2026-05-21,blinkit,jivo-pomace-olive-oil-1l,Delhi,110002,379,1049,63.9,1
2026-05-21-1736,2026-05-21,blinkit,jivo-pomace-olive-oil-1l,Delhi,110003,379,1049,63.9,1
2026-05-21-1736,2026-05-21,blinkit,jivo-pomace-olive-oil-1l,Delhi,110004,379,1049,63.9,1
2026-05-21-1736,2026-05-21,blinkit,jivo-pomace-olive-oil-1l,Delhi,110006,379,1049,63.9,1
2026-05-21-1736,2026-05-21,blinkit,jivo-pomace-olive-oil-1l,Delhi,110007,379,1049,63.9,1
2026-05-21-1736,2026-05-21,blinkit,jivo-pomace-olive-oil-1l,Delhi,110008,379,1049,63.9,1
2026-05-21-1736,2026-05-21,blinkit,jivo-pomace-olive-oil-1l,Delhi,110009,379,1049,63.9,1
2026-05-21-1736,2026-05-21,blinkit,jivo-pomace-olive-oil-1l,Delhi,110010,379,1049,63.9,1
2026-05-21-1736,2026-05-21,blinkit,jivo-pomace-olive-oil-1l,Delhi,110013,379,1049,63.9,1
2026-05-21-1736,2026-05-21,blinkit,jivo-pomace-olive-oil-1l,Delhi,110014,379,1049,63.9,1
2026-05-21-1736,2026-05-21,blinkit,jivo-pomace-olive-oil-1l,Delhi,110015,379,1049,63.9,1
2026-05-21-1736,2026-05-21,blinkit,jivo-pomace-olive-oil-1l,Delhi,110016,379,1049,63.9,1
2026-05-21-1736,2026-05-21,blinkit,jivo-pomace-olive-oil-1l,Delhi,110017,379,1049,63.9,1
2026-05-21-1736,2026-05-21,blinkit,jivo-pomace-olive-oil-1l,Delhi,110018,379,1049,63.9,1
2026-05-21-1736,2026-05-21,blinkit,jivo-pomace-olive-oil-1l,Delhi,110021,379,1049,63.9,1
2026-05-21-1736,2026-05-21,blinkit,jivo-pomace-olive-oil-1l,Delhi,110024,379,1049,63.9,1
2026-05-21-1736,2026-05-21,blinkit,jivo-pomace-olive-oil-1l,Delhi,110025,379,1049,63.9,1
2026-05-21-1736,2026-05-21,blinkit,jivo-pomace-olive-oil-1l,Delhi,110026,379,1049,63.9,1
2026-05-21-1736,2026-05-21,blinkit,jivo-pomace-olive-oil-1l,Delhi,110031,379,1049,63.9,1
2026-05-21-1736,2026-05-21,blinkit,jivo-pomace-olive-oil-1l,Delhi,110032,379,1049,63.9,1
2026-05-21-1736,2026-05-21,blinkit,jivo-pomace-olive-oil-1l,Delhi,110033,379,1049,63.9,1
2026-05-21-1736,2026-05-21,blinkit,jivo-pomace-olive-oil-1l,Delhi,110035,379,1049,63.9,1
2026-05-21-1736,2026-05-21,blinkit,jivo-pomace-olive-oil-1l,Delhi,110037,379,1049,63.9,1
2026-05-21-1736,2026-05-21,blinkit,jivo-pomace-olive-oil-1l,Delhi,110039,379,1049,63.9,1
2026-05-21-1736,2026-05-21,blinkit,jivo-pomace-olive-oil-1l,Delhi,110040,379,1049,63.9,1
2026-05-21-1736,2026-05-21,blinkit,jivo-pomace-olive-oil-1l,Delhi,110041,379,1049,63.9,1
2026-05-21-1736,2026-05-21,blinkit,jivo-pomace-olive-oil-1l,Delhi,110042,379,1049,63.9,1
2026-05-21-1736,2026-05-21,blinkit,jivo-pomace-olive-oil-1l,Delhi,110044,379,1049,63.9,1
2026-05-21-1736,2026-05-21,blinkit,jivo-pomace-olive-oil-1l,Delhi,110046,379,1049,63.9,1
2026-05-21-1736,2026-05-21,blinkit,jivo-pomace-olive-oil-1l,Delhi,110048,379,1049,63.9,1
2026-05-21-1736,2026-05-21,blinkit,jivo-pomace-olive-oil-1l,Delhi,110051,379,1049,63.9,1
2026-05-21-1736,2026-05-21,blinkit,jivo-pomace-olive-oil-1l,Delhi,110053,379,1049,63.9,1
2026-05-21-1736,2026-05-21,blinkit,jivo-pomace-olive-oil-1l,Delhi,110054,379,1049,63.9,1
2026-05-21-1736,2026-05-21,blinkit,jivo-pomace-olive-oil-1l,Delhi,110055,379,1049,63.9,1
2026-05-21-1736,2026-05-21,blinkit,jivo-pomace-olive-oil-1l,Delhi,110061,379,1049,63.9,1
2026-05-21-1736,2026-05-21,blinkit,jivo-pomace-olive-oil-1l,Delhi,110062,379,1049,63.9,1
2026-05-21-1736,2026-05-21,blinkit,jivo-pomace-olive-oil-1l,Delhi,110065,379,1049,63.9,1
2026-05-21-1736,2026-05-21,blinkit,jivo-pomace-olive-oil-1l,Delhi,110067,379,1049,63.9,1
2026-05-21-1736,2026-05-21,blinkit,jivo-pomace-olive-oil-1l,Delhi,110070,379,1049,63.9,1
2026-05-21-1736,2026-05-21,blinkit,jivo-pomace-olive-oil-1l,Delhi,110076,379,1049,63.9,1
2026-05-21-1736,2026-05-21,blinkit,jivo-pomace-olive-oil-1l,Delhi,110083,379,1049,63.9,1
2026-05-21-1736,2026-05-21,blinkit,jivo-pomace-olive-oil-1l,Delhi,110084,379,1049,63.9,1
2026-05-21-1736,2026-05-21,blinkit,jivo-pomace-olive-oil-1l,Delhi,110085,379,1049,63.9,1
2026-05-21-1736,2026-05-21,blinkit,jivo-pomace-olive-oil-1l,Delhi,110088,379,1049,63.9,1
2026-05-21-1736,2026-05-21,blinkit,jivo-pomace-olive-oil-1l,Delhi,110090,379,1049,63.9,1
2026-05-21-1736,2026-05-21,blinkit,jivo-pomace-olive-oil-1l,Delhi,110091,379,1049,63.9,1
2026-05-21-1736,2026-05-21,blinkit,jivo-pomace-olive-oil-1l,Delhi,110092,379,1049,63.9,1
2026-05-21-1736,2026-05-21,blinkit,jivo-pomace-olive-oil-1l,Delhi,110095,379,1049,63.9,1
2026-05-21-1736,2026-05-21,blinkit,jivo-pomace-olive-oil-1l,Faridabad,121001,381,1049,63.7,1
2026-05-21-1736,2026-05-21,blinkit,jivo-pomace-olive-oil-1l,Faridabad,121003,381,1049,63.7,1
2026-05-21-1736,2026-05-21,blinkit,jivo-pomace-olive-oil-1l,Faridabad,121011,381,1049,63.7,1
2026-05-21-1736,2026-05-21,blinkit,jivo-pomace-olive-oil-1l,Gurgaon,122001,388,1049,63,1
2026-05-21-1736,2026-05-21,blinkit,jivo-pomace-olive-oil-1l,Gurgaon,122004,387,1049,63.1,1
2026-05-21-1736,2026-05-21,blinkit,jivo-pomace-olive-oil-1l,Gurgaon,122006,389,1049,62.9,1
2026-05-21-1736,2026-05-21,blinkit,jivo-pomace-olive-oil-1l,Gurgaon,122010,388,1049,63,1
2026-05-21-1736,2026-05-21,blinkit,jivo-pomace-olive-oil-1l,Gurgaon,122051,442,1049,57.9,1
2026-05-21-1736,2026-05-21,blinkit,jivo-pomace-olive-oil-1l,Gurgaon,122101,442,1049,57.9,1
2026-05-21-1736,2026-05-21,blinkit,jivo-pomace-olive-oil-1l,Gurgaon,123003,388,1049,63,1
2026-05-21-1736,2026-05-21,blinkit,jivo-pomace-olive-oil-1l,Gurgaon,123413,388,1049,63,1
2026-05-21-1736,2026-05-21,blinkit,jivo-pomace-olive-oil-1l,Gurgaon,123505,387,1049,63.1,1
2026-05-21-1736,2026-05-21,blinkit,jivo-pomace-olive-oil-1l,Ludhiana,141014,385,1049,63.3,1
2026-05-21-1736,2026-05-21,blinkit,jivo-pomace-olive-oil-1l,Ludhiana,141015,385,1049,63.3,1
2026-05-21-1736,2026-05-21,blinkit,jivo-pomace-olive-oil-1l,Ludhiana,141017,385,1049,63.3,1
2026-05-21-1736,2026-05-21,blinkit,jivo-pomace-olive-oil-1l,Ludhiana,141122,385,1049,63.3,1
2026-05-21-1736,2026-05-21,blinkit,jivo-pomace-olive-oil-1l,Ludhiana,141412,385,1049,63.3,1
2026-05-21-1736,2026-05-21,blinkit,jivo-pomace-olive-oil-1l,Ludhiana,141421,385,1049,63.3,1
2026-05-21-1736,2026-05-21,blinkit,jivo-pomace-olive-oil-1l,Ludhiana,142022,387,1049,63.1,1
2026-05-21-1736,2026-05-21,blinkit,jivo-pomace-olive-oil-1l,Ludhiana,142027,385,1049,63.3,1
2026-05-21-1736,2026-05-21,blinkit,jivo-pomace-olive-oil-1l,Ludhiana,142036,385,1049,63.3,1
2026-05-21-1736,2026-05-21,blinkit,jivo-pomace-olive-oil-1l,Chandigarh,160001,385,1049,63.3,1
2026-05-21-1736,2026-05-21,blinkit,jivo-pomace-olive-oil-1l,Chandigarh,160011,385,1049,63.3,1
2026-05-21-1736,2026-05-21,blinkit,jivo-pomace-olive-oil-1l,Chandigarh,160014,387,1049,63.1,1
2026-05-21-1736,2026-05-21,blinkit,jivo-pomace-olive-oil-1l,Chandigarh,160021,388,1049,63,1
2026-05-21-1736,2026-05-21,blinkit,jivo-pomace-olive-oil-1l,Chandigarh,160030,385,1049,63.3,1
2026-05-21-1736,2026-05-21,blinkit,jivo-pomace-olive-oil-1l,Chandigarh,160035,385,1049,63.3,1
2026-05-21-1736,2026-05-21,blinkit,jivo-pomace-olive-oil-1l,Chandigarh,160043,385,1049,63.3,1
2026-05-21-1736,2026-05-21,blinkit,jivo-pomace-olive-oil-1l,Ghaziabad,201003,387,1049,63.1,1
2026-05-21-1736,2026-05-21,blinkit,jivo-pomace-olive-oil-1l,Ghaziabad,201005,387,1049,63.1,1
2026-05-21-1736,2026-05-21,blinkit,jivo-pomace-olive-oil-1l,Ghaziabad,201009,387,1049,63.1,1
2026-05-21-1736,2026-05-21,blinkit,jivo-pomace-olive-oil-1l,Ghaziabad,201302,387,1049,63.1,1
2026-05-21-1736,2026-05-21,blinkit,jivo-pomace-olive-oil-1l,Noida,201305,418,1049,60.2,1
2026-05-21-1736,2026-05-21,blinkit,jivo-pomace-olive-oil-1l,Noida,201306,388,1049,63,1
2026-05-21-1736,2026-05-21,blinkit,jivo-pomace-olive-oil-1l,Noida,201307,429,1049,59.1,1
2026-05-21-1736,2026-05-21,blinkit,jivo-pomace-olive-oil-1l,Noida,201309,388,1049,63,1
2026-05-21-1736,2026-05-21,blinkit,jivo-pomace-olive-oil-1l,Noida,201310,402,1049,61.7,1
2026-05-21-1736,2026-05-21,blinkit,jivo-pomace-olive-oil-1l,Jaipur,302001,348,1049,66.8,0
2026-05-21-1736,2026-05-21,blinkit,jivo-pomace-olive-oil-1l,Jaipur,302012,353,1049,66.3,0
2026-05-21-1736,2026-05-21,blinkit,jivo-pomace-olive-oil-1l,Jaipur,302016,348,1049,66.8,0
2026-05-21-1736,2026-05-21,blinkit,jivo-pomace-olive-oil-1l,Jaipur,302017,330,1049,68.5,0
2026-05-21-1736,2026-05-21,blinkit,jivo-pomace-olive-oil-1l,Jaipur,302018,353,1049,66.3,0
2026-05-21-1736,2026-05-21,blinkit,jivo-pomace-olive-oil-1l,Jaipur,302020,330,1049,68.5,0
2026-05-21-1736,2026-05-21,blinkit,jivo-pomace-olive-oil-1l,Jaipur,302021,353,1049,66.3,0
2026-05-21-1736,2026-05-21,blinkit,jivo-pomace-olive-oil-1l,Jaipur,302022,348,1049,66.8,0
2026-05-21-1736,2026-05-21,blinkit,jivo-pomace-olive-oil-1l,Jaipur,302023,353,1049,66.3,0
2026-05-21-1736,2026-05-21,blinkit,jivo-pomace-olive-oil-1l,Jaipur,302024,330,1049,68.5,0
2026-05-21-1736,2026-05-21,blinkit,jivo-pomace-olive-oil-1l,Jaipur,302025,353,1049,66.3,0
2026-05-21-1736,2026-05-21,blinkit,jivo-pomace-olive-oil-1l,Jaipur,302029,348,1049,66.8,0
2026-05-21-1736,2026-05-21,blinkit,jivo-pomace-olive-oil-1l,Jaipur,302032,353,1049,66.3,0
2026-05-21-1736,2026-05-21,blinkit,jivo-pomace-olive-oil-1l,Jaipur,303003,353,1049,66.3,0
2026-05-21-1736,2026-05-21,blinkit,jivo-pomace-olive-oil-1l,Jaipur,303602,353,1049,66.3,0
2026-05-21-1736,2026-05-21,blinkit,jivo-pomace-olive-oil-1l,Mumbai,400003,387,1049,63.1,1
2026-05-21-1736,2026-05-21,blinkit,jivo-pomace-olive-oil-1l,Mumbai,400005,398,1049,62.1,1
2026-05-21-1736,2026-05-21,blinkit,jivo-pomace-olive-oil-1l,Mumbai,400006,443,1049,57.8,1
2026-05-21-1736,2026-05-21,blinkit,jivo-pomace-olive-oil-1l,Mumbai,400007,396,1049,62.2,1
2026-05-21-1736,2026-05-21,blinkit,jivo-pomace-olive-oil-1l,Mumbai,400010,389,1049,62.9,1
2026-05-21-1736,2026-05-21,blinkit,jivo-pomace-olive-oil-1l,Mumbai,400011,443,1049,57.8,1
2026-05-21-1736,2026-05-21,blinkit,jivo-pomace-olive-oil-1l,Mumbai,400012,388,1049,63,1
2026-05-21-1736,2026-05-21,blinkit,jivo-pomace-olive-oil-1l,Mumbai,400013,394,1049,62.4,1
2026-05-21-1736,2026-05-21,blinkit,jivo-pomace-olive-oil-1l,Mumbai,400015,394,1049,62.4,1
2026-05-21-1736,2026-05-21,blinkit,jivo-pomace-olive-oil-1l,Mumbai,400018,397,1049,62.2,1
2026-05-21-1736,2026-05-21,blinkit,jivo-pomace-olive-oil-1l,Mumbai,400019,389,1049,62.9,1
2026-05-21-1736,2026-05-21,blinkit,jivo-pomace-olive-oil-1l,Mumbai,400020,387,1049,63.1,1
2026-05-21-1736,2026-05-21,blinkit,jivo-pomace-olive-oil-1l,Mumbai,400021,398,1049,62.1,1
2026-05-21-1736,2026-05-21,blinkit,jivo-pomace-olive-oil-1l,Mumbai,400023,401,1049,61.8,1
2026-05-21-1736,2026-05-21,blinkit,jivo-pomace-olive-oil-1l,Mumbai,400025,389,1049,62.9,1
2026-05-21-1736,2026-05-21,blinkit,jivo-pomace-olive-oil-1l,Mumbai,400026,396,1049,62.2,1
2026-05-21-1736,2026-05-21,blinkit,jivo-pomace-olive-oil-1l,Mumbai,400030,394,1049,62.4,1
2026-05-21-1736,2026-05-21,blinkit,jivo-pomace-olive-oil-1l,Mumbai,400033,443,1049,57.8,1
2026-05-21-1736,2026-05-21,blinkit,jivo-pomace-olive-oil-1l,Mumbai,400041,392,1049,62.6,1
2026-05-21-1736,2026-05-21,blinkit,jivo-pomace-olive-oil-1l,Mumbai,400090,401,1049,61.8,1
2026-05-21-1736,2026-05-21,blinkit,jivo-pomace-olive-oil-1l,Mumbai,400601,494,1049,52.9,1
2026-05-21-1736,2026-05-21,blinkit,jivo-pomace-olive-oil-1l,Mumbai,400611,425,1049,59.5,1
2026-05-21-1736,2026-05-21,blinkit,jivo-pomace-olive-oil-1l,Mumbai,400703,424,1049,59.6,1
2026-05-21-1736,2026-05-21,blinkit,jivo-pomace-olive-oil-1l,Pune,410506,423,1049,59.7,1
2026-05-21-1736,2026-05-21,blinkit,jivo-pomace-olive-oil-1l,Pune,411004,385,1049,63.3,1
2026-05-21-1736,2026-05-21,blinkit,jivo-pomace-olive-oil-1l,Pune,411005,443,1049,57.8,1
2026-05-21-1736,2026-05-21,blinkit,jivo-pomace-olive-oil-1l,Pune,411011,391,1049,62.7,1
2026-05-21-1736,2026-05-21,blinkit,jivo-pomace-olive-oil-1l,Pune,411012,443,1049,57.8,1
2026-05-21-1736,2026-05-21,blinkit,jivo-pomace-olive-oil-1l,Pune,411014,387,1049,63.1,1
2026-05-21-1736,2026-05-21,blinkit,jivo-pomace-olive-oil-1l,Pune,411015,391,1049,62.7,1
2026-05-21-1736,2026-05-21,blinkit,jivo-pomace-olive-oil-1l,Pune,411021,392,1049,62.6,1
2026-05-21-1736,2026-05-21,blinkit,jivo-pomace-olive-oil-1l,Pune,411028,400,1049,61.9,1
2026-05-21-1736,2026-05-21,blinkit,jivo-pomace-olive-oil-1l,Pune,411035,388,1049,63,1
2026-05-21-1736,2026-05-21,blinkit,jivo-pomace-olive-oil-1l,Pune,411036,395,1049,62.3,1
2026-05-21-1736,2026-05-21,blinkit,jivo-pomace-olive-oil-1l,Pune,411045,408,1049,61.1,1
2026-05-21-1736,2026-05-21,blinkit,jivo-pomace-olive-oil-1l,Pune,411047,405,1049,61.4,1
2026-05-21-1736,2026-05-21,blinkit,jivo-pomace-olive-oil-1l,Pune,411051,395,1049,62.3,1
2026-05-21-1736,2026-05-21,blinkit,jivo-pomace-olive-oil-1l,Pune,412109,385,1049,63.3,1
2026-05-21-1736,2026-05-21,blinkit,jivo-pomace-olive-oil-1l,Pune,412114,385,1049,63.3,1
2026-05-21-1736,2026-05-21,blinkit,jivo-pomace-olive-oil-1l,Pune,412201,408,1049,61.1,1
2026-05-21-1736,2026-05-21,blinkit,jivo-pomace-olive-oil-1l,Indore,452001,314,1049,70.1,0
2026-05-21-1736,2026-05-21,blinkit,jivo-pomace-olive-oil-1l,Bengaluru,560014,379,1049,63.9,1
2026-05-21-1736,2026-05-21,blinkit,jivo-pomace-olive-oil-1l,Bengaluru,560019,379,1049,63.9,1
2026-05-21-1736,2026-05-21,blinkit,jivo-pomace-olive-oil-1l,Bengaluru,560028,379,1049,63.9,1
2026-05-21-1736,2026-05-21,blinkit,jivo-pomace-olive-oil-1l,Bengaluru,560039,379,1049,63.9,1
2026-05-21-1736,2026-05-21,blinkit,jivo-pomace-olive-oil-1l,Bengaluru,560069,379,1049,63.9,1
2026-05-21-1736,2026-05-21,blinkit,jivo-pomace-olive-oil-1l,Mysuru,570016,387,1049,63.1,1
2026-05-21-1736,2026-05-21,blinkit,jivo-pomace-olive-oil-1l,Mysuru,570018,387,1049,63.1,0
2026-05-21-1736,2026-05-21,blinkit,jivo-pomace-olive-oil-1l,Mysuru,570028,400,1049,61.9,0
2026-05-21-1736,2026-05-21,blinkit,jivo-pomace-olive-oil-1l,Mysuru,571311,399,1049,62,1
2026-05-21-1736,2026-05-21,blinkit,jivo-pomace-olive-oil-5l,Delhi,110001,1971,4999,60.6,0
2026-05-21-1736,2026-05-21,blinkit,jivo-pomace-olive-oil-5l,Delhi,110002,1971,4999,60.6,0
2026-05-21-1736,2026-05-21,blinkit,jivo-pomace-olive-oil-5l,Delhi,110003,1971,4999,60.6,0
2026-05-21-1736,2026-05-21,blinkit,jivo-pomace-olive-oil-5l,Delhi,110004,1971,4999,60.6,1
2026-05-21-1736,2026-05-21,blinkit,jivo-pomace-olive-oil-5l,Delhi,110006,2191,4999,56.2,1
2026-05-21-1736,2026-05-21,blinkit,jivo-pomace-olive-oil-5l,Delhi,110007,1971,4999,60.6,1
2026-05-21-1736,2026-05-21,blinkit,jivo-pomace-olive-oil-5l,Delhi,110008,1971,4999,60.6,1
2026-05-21-1736,2026-05-21,blinkit,jivo-pomace-olive-oil-5l,Delhi,110009,2191,4999,56.2,1
2026-05-21-1736,2026-05-21,blinkit,jivo-pomace-olive-oil-5l,Delhi,110010,1971,4999,60.6,1
2026-05-21-1736,2026-05-21,blinkit,jivo-pomace-olive-oil-5l,Delhi,110013,2198,4999,56,1
2026-05-21-1736,2026-05-21,blinkit,jivo-pomace-olive-oil-5l,Delhi,110014,2191,4999,56.2,1
2026-05-21-1736,2026-05-21,blinkit,jivo-pomace-olive-oil-5l,Delhi,110015,1971,4999,60.6,1
2026-05-21-1736,2026-05-21,blinkit,jivo-pomace-olive-oil-5l,Delhi,110016,2191,4999,56.2,1
2026-05-21-1736,2026-05-21,blinkit,jivo-pomace-olive-oil-5l,Delhi,110017,1971,4999,60.6,1
2026-05-21-1736,2026-05-21,blinkit,jivo-pomace-olive-oil-5l,Delhi,110018,2191,4999,56.2,1
2026-05-21-1736,2026-05-21,blinkit,jivo-pomace-olive-oil-5l,Delhi,110021,1971,4999,60.6,0
2026-05-21-1736,2026-05-21,blinkit,jivo-pomace-olive-oil-5l,Delhi,110024,2191,4999,56.2,1
2026-05-21-1736,2026-05-21,blinkit,jivo-pomace-olive-oil-5l,Delhi,110025,2198,4999,56,1
2026-05-21-1736,2026-05-21,blinkit,jivo-pomace-olive-oil-5l,Delhi,110026,1971,4999,60.6,1
2026-05-21-1736,2026-05-21,blinkit,jivo-pomace-olive-oil-5l,Delhi,110031,1971,4999,60.6,1
2026-05-21-1736,2026-05-21,blinkit,jivo-pomace-olive-oil-5l,Delhi,110032,2288,4999,54.2,0
2026-05-21-1736,2026-05-21,blinkit,jivo-pomace-olive-oil-5l,Delhi,110033,1979,4999,60.4,1
2026-05-21-1736,2026-05-21,blinkit,jivo-pomace-olive-oil-5l,Delhi,110035,2191,4999,56.2,1
2026-05-21-1736,2026-05-21,blinkit,jivo-pomace-olive-oil-5l,Delhi,110037,2191,4999,56.2,1
2026-05-21-1736,2026-05-21,blinkit,jivo-pomace-olive-oil-5l,Delhi,110040,1979,4999,60.4,1
2026-05-21-1736,2026-05-21,blinkit,jivo-pomace-olive-oil-5l,Delhi,110041,2288,4999,54.2,1
2026-05-21-1736,2026-05-21,blinkit,jivo-pomace-olive-oil-5l,Delhi,110042,1977,4999,60.5,1
2026-05-21-1736,2026-05-21,blinkit,jivo-pomace-olive-oil-5l,Delhi,110046,2007,4999,59.9,0
2026-05-21-1736,2026-05-21,blinkit,jivo-pomace-olive-oil-5l,Delhi,110048,2191,4999,56.2,1
2026-05-21-1736,2026-05-21,blinkit,jivo-pomace-olive-oil-5l,Delhi,110051,1971,4999,60.6,1
2026-05-21-1736,2026-05-21,blinkit,jivo-pomace-olive-oil-5l,Delhi,110053,2288,4999,54.2,0
2026-05-21-1736,2026-05-21,blinkit,jivo-pomace-olive-oil-5l,Delhi,110054,1971,4999,60.6,1
2026-05-21-1736,2026-05-21,blinkit,jivo-pomace-olive-oil-5l,Delhi,110055,1971,4999,60.6,0
2026-05-21-1736,2026-05-21,blinkit,jivo-pomace-olive-oil-5l,Delhi,110061,1971,4999,60.6,1
2026-05-21-1736,2026-05-21,blinkit,jivo-pomace-olive-oil-5l,Delhi,110062,2191,4999,56.2,1
2026-05-21-1736,2026-05-21,blinkit,jivo-pomace-olive-oil-5l,Delhi,110065,2191,4999,56.2,1
2026-05-21-1736,2026-05-21,blinkit,jivo-pomace-olive-oil-5l,Delhi,110067,2191,4999,56.2,1
2026-05-21-1736,2026-05-21,blinkit,jivo-pomace-olive-oil-5l,Delhi,110070,2191,4999,56.2,1
2026-05-21-1736,2026-05-21,blinkit,jivo-pomace-olive-oil-5l,Delhi,110076,1971,4999,60.6,1
2026-05-21-1736,2026-05-21,blinkit,jivo-pomace-olive-oil-5l,Delhi,110085,2191,4999,56.2,1
2026-05-21-1736,2026-05-21,blinkit,jivo-pomace-olive-oil-5l,Delhi,110088,1979,4999,60.4,1
2026-05-21-1736,2026-05-21,blinkit,jivo-pomace-olive-oil-5l,Delhi,110090,2288,4999,54.2,0
2026-05-21-1736,2026-05-21,blinkit,jivo-pomace-olive-oil-5l,Delhi,110091,1971,4999,60.6,1
2026-05-21-1736,2026-05-21,blinkit,jivo-pomace-olive-oil-5l,Delhi,110092,1971,4999,60.6,1
2026-05-21-1736,2026-05-21,blinkit,jivo-pomace-olive-oil-5l,Delhi,110095,1971,4999,60.6,1
2026-05-21-1736,2026-05-21,blinkit,jivo-pomace-olive-oil-5l,Faridabad,121001,1971,4999,60.6,1
2026-05-21-1736,2026-05-21,blinkit,jivo-pomace-olive-oil-5l,Faridabad,121003,1971,4999,60.6,1
2026-05-21-1736,2026-05-21,blinkit,jivo-pomace-olive-oil-5l,Faridabad,121011,1971,4999,60.6,1
2026-05-21-1736,2026-05-21,blinkit,jivo-pomace-olive-oil-5l,Gurgaon,122001,2191,4999,56.2,1
2026-05-21-1736,2026-05-21,blinkit,jivo-pomace-olive-oil-5l,Gurgaon,122004,2191,4999,56.2,1
2026-05-21-1736,2026-05-21,blinkit,jivo-pomace-olive-oil-5l,Gurgaon,122006,1971,4999,60.6,1
2026-05-21-1736,2026-05-21,blinkit,jivo-pomace-olive-oil-5l,Gurgaon,122010,2191,4999,56.2,1
2026-05-21-1736,2026-05-21,blinkit,jivo-pomace-olive-oil-5l,Gurgaon,122051,2191,4999,56.2,1
2026-05-21-1736,2026-05-21,blinkit,jivo-pomace-olive-oil-5l,Gurgaon,122101,2191,4999,56.2,1
2026-05-21-1736,2026-05-21,blinkit,jivo-pomace-olive-oil-5l,Gurgaon,123505,2191,4999,56.2,1
2026-05-21-1736,2026-05-21,blinkit,jivo-pomace-olive-oil-5l,Ludhiana,141015,1971,4999,60.6,1
2026-05-21-1736,2026-05-21,blinkit,jivo-pomace-olive-oil-5l,Ludhiana,141122,2059,4999,58.8,0
2026-05-21-1736,2026-05-21,blinkit,jivo-pomace-olive-oil-5l,Ludhiana,141412,1973,4999,60.5,1
2026-05-21-1736,2026-05-21,blinkit,jivo-pomace-olive-oil-5l,Ludhiana,141421,2026,4999,59.5,1
2026-05-21-1736,2026-05-21,blinkit,jivo-pomace-olive-oil-5l,Ludhiana,142022,1971,4999,60.6,0
2026-05-21-1736,2026-05-21,blinkit,jivo-pomace-olive-oil-5l,Ludhiana,142036,1971,4999,60.6,1
2026-05-21-1736,2026-05-21,blinkit,jivo-pomace-olive-oil-5l,Chandigarh,160001,1971,4999,60.6,1
2026-05-21-1736,2026-05-21,blinkit,jivo-pomace-olive-oil-5l,Chandigarh,160011,1971,4999,60.6,1
2026-05-21-1736,2026-05-21,blinkit,jivo-pomace-olive-oil-5l,Chandigarh,160021,1971,4999,60.6,1
2026-05-21-1736,2026-05-21,blinkit,jivo-pomace-olive-oil-5l,Chandigarh,160030,1971,4999,60.6,1
2026-05-21-1736,2026-05-21,blinkit,jivo-pomace-olive-oil-5l,Chandigarh,160035,1971,4999,60.6,1
2026-05-21-1736,2026-05-21,blinkit,jivo-pomace-olive-oil-5l,Chandigarh,160043,1971,4999,60.6,1
2026-05-21-1736,2026-05-21,blinkit,jivo-pomace-olive-oil-5l,Ghaziabad,201003,1974,4999,60.5,1
2026-05-21-1736,2026-05-21,blinkit,jivo-pomace-olive-oil-5l,Ghaziabad,201005,2198,4999,56,1
2026-05-21-1736,2026-05-21,blinkit,jivo-pomace-olive-oil-5l,Ghaziabad,201009,2241,4999,55.2,1
2026-05-21-1736,2026-05-21,blinkit,jivo-pomace-olive-oil-5l,Ghaziabad,201302,2163,4999,56.7,1
2026-05-21-1736,2026-05-21,blinkit,jivo-pomace-olive-oil-5l,Noida,201305,1982,4999,60.4,1
2026-05-21-1736,2026-05-21,blinkit,jivo-pomace-olive-oil-5l,Noida,201306,1990,4999,60.2,1
2026-05-21-1736,2026-05-21,blinkit,jivo-pomace-olive-oil-5l,Noida,201307,1993,4999,60.1,1
2026-05-21-1736,2026-05-21,blinkit,jivo-pomace-olive-oil-5l,Noida,201309,1971,4999,60.6,1
2026-05-21-1736,2026-05-21,blinkit,jivo-pomace-olive-oil-5l,Noida,201310,2248,4999,55,1
2026-05-21-1736,2026-05-21,blinkit,jivo-pomace-olive-oil-5l,Jaipur,302026,2162,4999,56.8,1
2026-05-21-1736,2026-05-21,blinkit,jivo-pomace-olive-oil-5l,Mumbai,400005,2061,4999,58.8,0
2026-05-21-1736,2026-05-21,blinkit,jivo-pomace-olive-oil-5l,Mumbai,400006,1983,4999,60.3,1
2026-05-21-1736,2026-05-21,blinkit,jivo-pomace-olive-oil-5l,Mumbai,400010,1983,4999,60.3,1
2026-05-21-1736,2026-05-21,blinkit,jivo-pomace-olive-oil-5l,Mumbai,400011,1983,4999,60.3,1
2026-05-21-1736,2026-05-21,blinkit,jivo-pomace-olive-oil-5l,Mumbai,400012,1984,4999,60.3,1
2026-05-21-1736,2026-05-21,blinkit,jivo-pomace-olive-oil-5l,Mumbai,400013,1983,4999,60.3,1
2026-05-21-1736,2026-05-21,blinkit,jivo-pomace-olive-oil-5l,Mumbai,400015,1983,4999,60.3,1
2026-05-21-1736,2026-05-21,blinkit,jivo-pomace-olive-oil-5l,Mumbai,400020,1984,4999,60.3,1
2026-05-21-1736,2026-05-21,blinkit,jivo-pomace-olive-oil-5l,Mumbai,400021,2061,4999,58.8,0
2026-05-21-1736,2026-05-21,blinkit,jivo-pomace-olive-oil-5l,Mumbai,400023,1983,4999,60.3,1
2026-05-21-1736,2026-05-21,blinkit,jivo-pomace-olive-oil-5l,Mumbai,400030,1983,4999,60.3,1
2026-05-21-1736,2026-05-21,blinkit,jivo-pomace-olive-oil-5l,Mumbai,400033,1983,4999,60.3,1
2026-05-21-1736,2026-05-21,blinkit,jivo-pomace-olive-oil-5l,Mumbai,400090,1981,4999,60.4,1
2026-05-21-1736,2026-05-21,blinkit,jivo-pomace-olive-oil-5l,Mumbai,400601,2010,4999,59.8,1
2026-05-21-1736,2026-05-21,blinkit,jivo-pomace-olive-oil-5l,Mumbai,400611,1981,4999,60.4,1
2026-05-21-1736,2026-05-21,blinkit,jivo-pomace-olive-oil-5l,Mumbai,400703,2061,4999,58.8,1
2026-05-21-1736,2026-05-21,blinkit,jivo-pomace-olive-oil-5l,Pune,410506,2163,4999,56.7,1
2026-05-21-1736,2026-05-21,blinkit,jivo-pomace-olive-oil-5l,Pune,411004,2009,4999,59.8,1
2026-05-21-1736,2026-05-21,blinkit,jivo-pomace-olive-oil-5l,Pune,411005,2009,4999,59.8,1
2026-05-21-1736,2026-05-21,blinkit,jivo-pomace-olive-oil-5l,Pune,411011,2112,4999,57.8,0
2026-05-21-1736,2026-05-21,blinkit,jivo-pomace-olive-oil-5l,Pune,411012,2071,4999,58.6,1
2026-05-21-1736,2026-05-21,blinkit,jivo-pomace-olive-oil-5l,Pune,411014,2009,4999,59.8,1
2026-05-21-1736,2026-05-21,blinkit,jivo-pomace-olive-oil-5l,Pune,411015,2009,4999,59.8,1
2026-05-21-1736,2026-05-21,blinkit,jivo-pomace-olive-oil-5l,Pune,411021,2291,4999,54.2,1
2026-05-21-1736,2026-05-21,blinkit,jivo-pomace-olive-oil-5l,Pune,411028,2112,4999,57.8,1
2026-05-21-1736,2026-05-21,blinkit,jivo-pomace-olive-oil-5l,Pune,411035,2112,4999,57.8,1
2026-05-21-1736,2026-05-21,blinkit,jivo-pomace-olive-oil-5l,Pune,411036,2163,4999,56.7,1
2026-05-21-1736,2026-05-21,blinkit,jivo-pomace-olive-oil-5l,Pune,411045,2013,4999,59.7,1
2026-05-21-1736,2026-05-21,blinkit,jivo-pomace-olive-oil-5l,Pune,411047,2112,4999,57.8,0
2026-05-21-1736,2026-05-21,blinkit,jivo-pomace-olive-oil-5l,Pune,411051,2112,4999,57.8,1
2026-05-22-0900,2026-05-22,blinkit,jivo-cold-pressed-canola-oil-1l,Delhi,110001,258,375,31.2,1
2026-05-22-0900,2026-05-22,blinkit,jivo-cold-pressed-canola-oil-1l,Delhi,110002,258,375,31.2,1
2026-05-22-0900,2026-05-22,blinkit,jivo-cold-pressed-canola-oil-1l,Delhi,110003,258,375,31.2,1
2026-05-22-0900,2026-05-22,blinkit,jivo-cold-pressed-canola-oil-1l,Delhi,110004,283,375,24.5,1
2026-05-22-0900,2026-05-22,blinkit,jivo-cold-pressed-canola-oil-1l,Delhi,110006,258,375,31.2,1
2026-05-22-0900,2026-05-22,blinkit,jivo-cold-pressed-canola-oil-1l,Delhi,110007,258,375,31.2,1
2026-05-22-0900,2026-05-22,blinkit,jivo-cold-pressed-canola-oil-1l,Delhi,110008,258,375,31.2,1
2026-05-22-0900,2026-05-22,blinkit,jivo-cold-pressed-canola-oil-1l,Delhi,110009,258,375,31.2,1
2026-05-22-0900,2026-05-22,blinkit,jivo-cold-pressed-canola-oil-1l,Delhi,110010,258,375,31.2,1
2026-05-22-0900,2026-05-22,blinkit,jivo-cold-pressed-canola-oil-1l,Delhi,110013,258,375,31.2,1
2026-05-22-0900,2026-05-22,blinkit,jivo-cold-pressed-canola-oil-1l,Delhi,110014,258,375,31.2,1
2026-05-22-0900,2026-05-22,blinkit,jivo-cold-pressed-canola-oil-1l,Delhi,110015,258,375,31.2,1
2026-05-22-0900,2026-05-22,blinkit,jivo-cold-pressed-canola-oil-1l,Delhi,110016,258,375,31.2,1
2026-05-22-0900,2026-05-22,blinkit,jivo-cold-pressed-canola-oil-1l,Delhi,110017,258,375,31.2,1
2026-05-22-0900,2026-05-22,blinkit,jivo-cold-pressed-canola-oil-1l,Delhi,110018,258,375,31.2,1
2026-05-22-0900,2026-05-22,blinkit,jivo-cold-pressed-canola-oil-1l,Delhi,110021,259,375,30.9,1
2026-05-22-0900,2026-05-22,blinkit,jivo-cold-pressed-canola-oil-1l,Delhi,110024,258,375,31.2,1
2026-05-22-0900,2026-05-22,blinkit,jivo-cold-pressed-canola-oil-1l,Delhi,110025,259,375,30.9,1
2026-05-22-0900,2026-05-22,blinkit,jivo-cold-pressed-canola-oil-1l,Delhi,110026,265,375,29.3,1
2026-05-22-0900,2026-05-22,blinkit,jivo-cold-pressed-canola-oil-1l,Delhi,110031,260,375,30.7,1
2026-05-22-0900,2026-05-22,blinkit,jivo-cold-pressed-canola-oil-1l,Delhi,110032,258,375,31.2,1
2026-05-22-0900,2026-05-22,blinkit,jivo-cold-pressed-canola-oil-1l,Delhi,110033,373,375,0.5,1
2026-05-22-0900,2026-05-22,blinkit,jivo-cold-pressed-canola-oil-1l,Delhi,110035,258,375,31.2,1
2026-05-22-0900,2026-05-22,blinkit,jivo-cold-pressed-canola-oil-1l,Delhi,110036,258,375,31.2,1
2026-05-22-0900,2026-05-22,blinkit,jivo-cold-pressed-canola-oil-1l,Delhi,110037,258,375,31.2,1
2026-05-22-0900,2026-05-22,blinkit,jivo-cold-pressed-canola-oil-1l,Delhi,110039,262,375,30.1,1
2026-05-22-0900,2026-05-22,blinkit,jivo-cold-pressed-canola-oil-1l,Delhi,110040,258,375,31.2,1
2026-05-22-0900,2026-05-22,blinkit,jivo-cold-pressed-canola-oil-1l,Delhi,110041,268,375,28.5,1
2026-05-22-0900,2026-05-22,blinkit,jivo-cold-pressed-canola-oil-1l,Delhi,110042,258,375,31.2,1
2026-05-22-0900,2026-05-22,blinkit,jivo-cold-pressed-canola-oil-1l,Delhi,110044,258,375,31.2,1
2026-05-22-0900,2026-05-22,blinkit,jivo-cold-pressed-canola-oil-1l,Delhi,110046,258,375,31.2,1
2026-05-22-0900,2026-05-22,blinkit,jivo-cold-pressed-canola-oil-1l,Delhi,110048,258,375,31.2,1
2026-05-22-0900,2026-05-22,blinkit,jivo-cold-pressed-canola-oil-1l,Delhi,110051,258,375,31.2,1
2026-05-22-0900,2026-05-22,blinkit,jivo-cold-pressed-canola-oil-1l,Delhi,110052,258,375,31.2,1
2026-05-22-0900,2026-05-22,blinkit,jivo-cold-pressed-canola-oil-1l,Delhi,110053,259,375,30.9,1
2026-05-22-0900,2026-05-22,blinkit,jivo-cold-pressed-canola-oil-1l,Delhi,110054,258,375,31.2,1
2026-05-22-0900,2026-05-22,blinkit,jivo-cold-pressed-canola-oil-1l,Delhi,110055,373,375,0.5,1
2026-05-22-0900,2026-05-22,blinkit,jivo-cold-pressed-canola-oil-1l,Delhi,110061,275,375,26.7,1
2026-05-22-0900,2026-05-22,blinkit,jivo-cold-pressed-canola-oil-1l,Delhi,110062,259,375,30.9,1
2026-05-22-0900,2026-05-22,blinkit,jivo-cold-pressed-canola-oil-1l,Delhi,110065,259,375,30.9,1
2026-05-22-0900,2026-05-22,blinkit,jivo-cold-pressed-canola-oil-1l,Delhi,110067,258,375,31.2,1
2026-05-22-0900,2026-05-22,blinkit,jivo-cold-pressed-canola-oil-1l,Delhi,110070,258,375,31.2,1
2026-05-22-0900,2026-05-22,blinkit,jivo-cold-pressed-canola-oil-1l,Delhi,110076,261,375,30.4,1
2026-05-22-0900,2026-05-22,blinkit,jivo-cold-pressed-canola-oil-1l,Delhi,110081,258,375,31.2,1
2026-05-22-0900,2026-05-22,blinkit,jivo-cold-pressed-canola-oil-1l,Delhi,110083,262,375,30.1,1
2026-05-22-0900,2026-05-22,blinkit,jivo-cold-pressed-canola-oil-1l,Delhi,110084,267,375,28.8,1
2026-05-22-0900,2026-05-22,blinkit,jivo-cold-pressed-canola-oil-1l,Delhi,110085,258,375,31.2,1
2026-05-22-0900,2026-05-22,blinkit,jivo-cold-pressed-canola-oil-1l,Delhi,110088,262,375,30.1,1
2026-05-22-0900,2026-05-22,blinkit,jivo-cold-pressed-canola-oil-1l,Delhi,110090,258,375,31.2,1
2026-05-22-0900,2026-05-22,blinkit,jivo-cold-pressed-canola-oil-1l,Delhi,110091,259,375,30.9,1
2026-05-22-0900,2026-05-22,blinkit,jivo-cold-pressed-canola-oil-1l,Delhi,110092,259,375,30.9,1
2026-05-22-0900,2026-05-22,blinkit,jivo-cold-pressed-canola-oil-1l,Delhi,110095,260,375,30.7,1
2026-05-22-0900,2026-05-22,blinkit,jivo-cold-pressed-canola-oil-1l,Faridabad,121001,264,375,29.6,1
2026-05-22-0900,2026-05-22,blinkit,jivo-cold-pressed-canola-oil-1l,Faridabad,121003,259,375,30.9,1
2026-05-22-0900,2026-05-22,blinkit,jivo-cold-pressed-canola-oil-1l,Faridabad,121011,262,375,30.1,1
2026-05-22-0900,2026-05-22,blinkit,jivo-cold-pressed-canola-oil-1l,Gurgaon,122001,262,375,30.1,1
2026-05-22-0900,2026-05-22,blinkit,jivo-cold-pressed-canola-oil-1l,Gurgaon,122004,258,375,31.2,1
2026-05-22-0900,2026-05-22,blinkit,jivo-cold-pressed-canola-oil-1l,Gurgaon,122006,261,375,30.4,1
2026-05-22-0900,2026-05-22,blinkit,jivo-cold-pressed-canola-oil-1l,Gurgaon,122010,262,375,30.1,1
2026-05-22-0900,2026-05-22,blinkit,jivo-cold-pressed-canola-oil-1l,Gurgaon,122051,258,375,31.2,1
2026-05-22-0900,2026-05-22,blinkit,jivo-cold-pressed-canola-oil-1l,Gurgaon,122101,258,375,31.2,1
2026-05-22-0900,2026-05-22,blinkit,jivo-cold-pressed-canola-oil-1l,Gurgaon,123003,258,375,31.2,1
2026-05-22-0900,2026-05-22,blinkit,jivo-cold-pressed-canola-oil-1l,Gurgaon,123413,258,375,31.2,1
2026-05-22-0900,2026-05-22,blinkit,jivo-cold-pressed-canola-oil-1l,Gurgaon,123505,258,375,31.2,1
2026-05-22-0900,2026-05-22,blinkit,jivo-cold-pressed-canola-oil-1l,Ludhiana,141014,259,375,30.9,1
2026-05-22-0900,2026-05-22,blinkit,jivo-cold-pressed-canola-oil-1l,Ludhiana,141015,258,375,31.2,1
2026-05-22-0900,2026-05-22,blinkit,jivo-cold-pressed-canola-oil-1l,Ludhiana,141017,259,375,30.9,1
2026-05-22-0900,2026-05-22,blinkit,jivo-cold-pressed-canola-oil-1l,Ludhiana,141122,258,375,31.2,1
2026-05-22-0900,2026-05-22,blinkit,jivo-cold-pressed-canola-oil-1l,Ludhiana,141412,258,375,31.2,1
2026-05-22-0900,2026-05-22,blinkit,jivo-cold-pressed-canola-oil-1l,Ludhiana,141421,258,375,31.2,1
2026-05-22-0900,2026-05-22,blinkit,jivo-cold-pressed-canola-oil-1l,Ludhiana,142022,263,375,29.9,1
2026-05-22-0900,2026-05-22,blinkit,jivo-cold-pressed-canola-oil-1l,Ludhiana,142027,258,375,31.2,1
2026-05-22-0900,2026-05-22,blinkit,jivo-cold-pressed-canola-oil-1l,Ludhiana,142036,258,375,31.2,1
2026-05-22-0900,2026-05-22,blinkit,jivo-cold-pressed-canola-oil-1l,Chandigarh,160001,259,375,30.9,1
2026-05-22-0900,2026-05-22,blinkit,jivo-cold-pressed-canola-oil-1l,Chandigarh,160011,258,375,31.2,1
2026-05-22-0900,2026-05-22,blinkit,jivo-cold-pressed-canola-oil-1l,Chandigarh,160014,258,375,31.2,1
2026-05-22-0900,2026-05-22,blinkit,jivo-cold-pressed-canola-oil-1l,Chandigarh,160021,258,375,31.2,1
2026-05-22-0900,2026-05-22,blinkit,jivo-cold-pressed-canola-oil-1l,Chandigarh,160030,258,375,31.2,1
2026-05-22-0900,2026-05-22,blinkit,jivo-cold-pressed-canola-oil-1l,Chandigarh,160035,260,375,30.7,1
2026-05-22-0900,2026-05-22,blinkit,jivo-cold-pressed-canola-oil-1l,Chandigarh,160043,259,375,30.9,1
2026-05-22-0900,2026-05-22,blinkit,jivo-cold-pressed-canola-oil-1l,Chandigarh,160055,258,375,31.2,1
2026-05-22-0900,2026-05-22,blinkit,jivo-cold-pressed-canola-oil-1l,Ghaziabad,201003,279,375,25.6,1
2026-05-22-0900,2026-05-22,blinkit,jivo-cold-pressed-canola-oil-1l,Ghaziabad,201005,261,375,30.4,1
2026-05-22-0900,2026-05-22,blinkit,jivo-cold-pressed-canola-oil-1l,Ghaziabad,201009,260,375,30.7,1
2026-05-22-0900,2026-05-22,blinkit,jivo-cold-pressed-canola-oil-1l,Ghaziabad,201302,268,375,28.5,1
2026-05-22-0900,2026-05-22,blinkit,jivo-cold-pressed-canola-oil-1l,Noida,201305,258,375,31.2,1
2026-05-22-0900,2026-05-22,blinkit,jivo-cold-pressed-canola-oil-1l,Noida,201306,261,375,30.4,1
2026-05-22-0900,2026-05-22,blinkit,jivo-cold-pressed-canola-oil-1l,Noida,201307,260,375,30.7,1
2026-05-22-0900,2026-05-22,blinkit,jivo-cold-pressed-canola-oil-1l,Noida,201309,258,375,31.2,1
2026-05-22-0900,2026-05-22,blinkit,jivo-cold-pressed-canola-oil-1l,Noida,201310,283,375,24.5,1
2026-05-22-0900,2026-05-22,blinkit,jivo-cold-pressed-canola-oil-1l,Jaipur,303604,258,375,31.2,1
2026-05-22-0900,2026-05-22,blinkit,jivo-cold-pressed-canola-oil-1l,Mumbai,400003,253,375,32.5,1
2026-05-22-0900,2026-05-22,blinkit,jivo-cold-pressed-canola-oil-1l,Mumbai,400005,253,375,32.5,1
2026-05-22-0900,2026-05-22,blinkit,jivo-cold-pressed-canola-oil-1l,Mumbai,400006,255,375,32,1
2026-05-22-0900,2026-05-22,blinkit,jivo-cold-pressed-canola-oil-1l,Mumbai,400007,252,375,32.8,1
2026-05-22-0900,2026-05-22,blinkit,jivo-cold-pressed-canola-oil-1l,Mumbai,400010,274,375,26.9,1
2026-05-22-0900,2026-05-22,blinkit,jivo-cold-pressed-canola-oil-1l,Mumbai,400011,255,375,32,1
2026-05-22-0900,2026-05-22,blinkit,jivo-cold-pressed-canola-oil-1l,Mumbai,400012,253,375,32.5,1
2026-05-22-0900,2026-05-22,blinkit,jivo-cold-pressed-canola-oil-1l,Mumbai,400013,253,375,32.5,1
2026-05-22-0900,2026-05-22,blinkit,jivo-cold-pressed-canola-oil-1l,Mumbai,400015,253,375,32.5,1
2026-05-22-0900,2026-05-22,blinkit,jivo-cold-pressed-canola-oil-1l,Mumbai,400018,272,375,27.5,1
2026-05-22-0900,2026-05-22,blinkit,jivo-cold-pressed-canola-oil-1l,Mumbai,400019,253,375,32.5,1
2026-05-22-0900,2026-05-22,blinkit,jivo-cold-pressed-canola-oil-1l,Mumbai,400020,253,375,32.5,0
2026-05-22-0900,2026-05-22,blinkit,jivo-cold-pressed-canola-oil-1l,Mumbai,400021,253,375,32.5,1
2026-05-22-0900,2026-05-22,blinkit,jivo-cold-pressed-canola-oil-1l,Mumbai,400023,255,375,32,1
2026-05-22-0900,2026-05-22,blinkit,jivo-cold-pressed-canola-oil-1l,Mumbai,400025,258,375,31.2,1
2026-05-22-0900,2026-05-22,blinkit,jivo-cold-pressed-canola-oil-1l,Mumbai,400026,252,375,32.8,1
2026-05-22-0900,2026-05-22,blinkit,jivo-cold-pressed-canola-oil-1l,Mumbai,400030,253,375,32.5,1
2026-05-22-0900,2026-05-22,blinkit,jivo-cold-pressed-canola-oil-1l,Mumbai,400033,255,375,32,1
2026-05-22-0900,2026-05-22,blinkit,jivo-cold-pressed-canola-oil-1l,Mumbai,400041,253,375,32.5,1
2026-05-22-0900,2026-05-22,blinkit,jivo-cold-pressed-canola-oil-1l,Mumbai,400090,255,375,32,1
2026-05-22-0900,2026-05-22,blinkit,jivo-cold-pressed-canola-oil-1l,Mumbai,400601,272,375,27.5,1
2026-05-22-0900,2026-05-22,blinkit,jivo-cold-pressed-canola-oil-1l,Mumbai,400611,254,375,32.3,1
2026-05-22-0900,2026-05-22,blinkit,jivo-cold-pressed-canola-oil-1l,Mumbai,400703,265,375,29.3,1
2026-05-22-0900,2026-05-22,blinkit,jivo-cold-pressed-canola-oil-1l,Pune,411014,365,375,2.7,0
2026-05-22-0900,2026-05-22,blinkit,jivo-cold-pressed-canola-oil-1l,Pune,411021,365,375,2.7,0
2026-05-22-0900,2026-05-22,blinkit,jivo-cold-pressed-canola-oil-1l,Pune,411028,365,375,2.7,0
2026-05-22-0900,2026-05-22,blinkit,jivo-cold-pressed-canola-oil-1l,Bengaluru,560014,258,375,31.2,1
2026-05-22-0900,2026-05-22,blinkit,jivo-cold-pressed-canola-oil-1l,Bengaluru,560019,256,375,31.7,1
2026-05-22-0900,2026-05-22,blinkit,jivo-cold-pressed-canola-oil-1l,Bengaluru,560028,258,375,31.2,1
2026-05-22-0900,2026-05-22,blinkit,jivo-cold-pressed-canola-oil-1l,Bengaluru,560029,258,375,31.2,1
2026-05-22-0900,2026-05-22,blinkit,jivo-cold-pressed-canola-oil-1l,Bengaluru,560039,258,375,31.2,1
2026-05-22-0900,2026-05-22,blinkit,jivo-cold-pressed-canola-oil-1l,Bengaluru,560040,258,375,31.2,1
2026-05-22-0900,2026-05-22,blinkit,jivo-cold-pressed-canola-oil-1l,Bengaluru,560069,258,375,31.2,1
2026-05-22-0900,2026-05-22,blinkit,jivo-cold-pressed-canola-oil-1l,Bengaluru,560087,258,375,31.2,1
2026-05-22-0900,2026-05-22,blinkit,jivo-cold-pressed-canola-oil-1l,Mysuru,570016,270,375,28,1
2026-05-22-0900,2026-05-22,blinkit,jivo-cold-pressed-canola-oil-1l,Mysuru,570018,268,375,28.5,1
2026-05-22-0900,2026-05-22,blinkit,jivo-cold-pressed-canola-oil-1l,Mysuru,570026,256,375,31.7,1
2026-05-22-0900,2026-05-22,blinkit,jivo-cold-pressed-canola-oil-1l,Mysuru,570028,256,375,31.7,1
2026-05-22-0900,2026-05-22,blinkit,jivo-cold-pressed-canola-oil-1l,Mysuru,571311,247,375,34.1,1
2026-05-22-0900,2026-05-22,blinkit,jivo-cold-pressed-canola-oil-5l,Delhi,110001,1050,1650,36.4,1
2026-05-22-0900,2026-05-22,blinkit,jivo-cold-pressed-canola-oil-5l,Delhi,110002,1050,1650,36.4,1
2026-05-22-0900,2026-05-22,blinkit,jivo-cold-pressed-canola-oil-5l,Delhi,110003,1050,1650,36.4,1
2026-05-22-0900,2026-05-22,blinkit,jivo-cold-pressed-canola-oil-5l,Delhi,110004,1069,1650,35.2,1
2026-05-22-0900,2026-05-22,blinkit,jivo-cold-pressed-canola-oil-5l,Delhi,110006,1050,1650,36.4,1
2026-05-22-0900,2026-05-22,blinkit,jivo-cold-pressed-canola-oil-5l,Delhi,110007,1050,1650,36.4,1
2026-05-22-0900,2026-05-22,blinkit,jivo-cold-pressed-canola-oil-5l,Delhi,110008,1050,1650,36.4,1
2026-05-22-0900,2026-05-22,blinkit,jivo-cold-pressed-canola-oil-5l,Delhi,110009,1050,1650,36.4,1
2026-05-22-0900,2026-05-22,blinkit,jivo-cold-pressed-canola-oil-5l,Delhi,110010,1069,1650,35.2,1
2026-05-22-0900,2026-05-22,blinkit,jivo-cold-pressed-canola-oil-5l,Delhi,110013,1069,1650,35.2,0
2026-05-22-0900,2026-05-22,blinkit,jivo-cold-pressed-canola-oil-5l,Delhi,110014,1050,1650,36.4,1
2026-05-22-0900,2026-05-22,blinkit,jivo-cold-pressed-canola-oil-5l,Delhi,110015,1050,1650,36.4,1
2026-05-22-0900,2026-05-22,blinkit,jivo-cold-pressed-canola-oil-5l,Delhi,110016,1050,1650,36.4,1
2026-05-22-0900,2026-05-22,blinkit,jivo-cold-pressed-canola-oil-5l,Delhi,110017,1069,1650,35.2,1
2026-05-22-0900,2026-05-22,blinkit,jivo-cold-pressed-canola-oil-5l,Delhi,110018,1050,1650,36.4,1
2026-05-22-0900,2026-05-22,blinkit,jivo-cold-pressed-canola-oil-5l,Delhi,110021,1069,1650,35.2,1
2026-05-22-0900,2026-05-22,blinkit,jivo-cold-pressed-canola-oil-5l,Delhi,110024,1069,1650,35.2,1
2026-05-22-0900,2026-05-22,blinkit,jivo-cold-pressed-canola-oil-5l,Delhi,110025,1069,1650,35.2,0
2026-05-22-0900,2026-05-22,blinkit,jivo-cold-pressed-canola-oil-5l,Delhi,110026,1069,1650,35.2,1
2026-05-22-0900,2026-05-22,blinkit,jivo-cold-pressed-canola-oil-5l,Delhi,110031,1069,1650,35.2,1
2026-05-22-0900,2026-05-22,blinkit,jivo-cold-pressed-canola-oil-5l,Delhi,110032,1050,1650,36.4,1
2026-05-22-0900,2026-05-22,blinkit,jivo-cold-pressed-canola-oil-5l,Delhi,110033,1069,1650,35.2,1
2026-05-22-0900,2026-05-22,blinkit,jivo-cold-pressed-canola-oil-5l,Delhi,110035,1050,1650,36.4,1
2026-05-22-0900,2026-05-22,blinkit,jivo-cold-pressed-canola-oil-5l,Delhi,110036,1050,1650,36.4,1
2026-05-22-0900,2026-05-22,blinkit,jivo-cold-pressed-canola-oil-5l,Delhi,110037,1050,1650,36.4,1
2026-05-22-0900,2026-05-22,blinkit,jivo-cold-pressed-canola-oil-5l,Delhi,110039,1069,1650,35.2,0
2026-05-22-0900,2026-05-22,blinkit,jivo-cold-pressed-canola-oil-5l,Delhi,110040,1050,1650,36.4,1
2026-05-22-0900,2026-05-22,blinkit,jivo-cold-pressed-canola-oil-5l,Delhi,110041,1069,1650,35.2,1
2026-05-22-0900,2026-05-22,blinkit,jivo-cold-pressed-canola-oil-5l,Delhi,110042,1050,1650,36.4,1
2026-05-22-0900,2026-05-22,blinkit,jivo-cold-pressed-canola-oil-5l,Delhi,110044,1050,1650,36.4,1
2026-05-22-0900,2026-05-22,blinkit,jivo-cold-pressed-canola-oil-5l,Delhi,110046,1050,1650,36.4,1
2026-05-22-0900,2026-05-22,blinkit,jivo-cold-pressed-canola-oil-5l,Delhi,110048,1050,1650,36.4,1
2026-05-22-0900,2026-05-22,blinkit,jivo-cold-pressed-canola-oil-5l,Delhi,110051,1050,1650,36.4,1
2026-05-22-0900,2026-05-22,blinkit,jivo-cold-pressed-canola-oil-5l,Delhi,110052,1050,1650,36.4,1
2026-05-22-0900,2026-05-22,blinkit,jivo-cold-pressed-canola-oil-5l,Delhi,110053,1069,1650,35.2,0
2026-05-22-0900,2026-05-22,blinkit,jivo-cold-pressed-canola-oil-5l,Delhi,110054,1050,1650,36.4,1
2026-05-22-0900,2026-05-22,blinkit,jivo-cold-pressed-canola-oil-5l,Delhi,110055,1069,1650,35.2,1
2026-05-22-0900,2026-05-22,blinkit,jivo-cold-pressed-canola-oil-5l,Delhi,110061,1069,1650,35.2,1
2026-05-22-0900,2026-05-22,blinkit,jivo-cold-pressed-canola-oil-5l,Delhi,110062,1069,1650,35.2,1
2026-05-22-0900,2026-05-22,blinkit,jivo-cold-pressed-canola-oil-5l,Delhi,110065,1069,1650,35.2,1
2026-05-22-0900,2026-05-22,blinkit,jivo-cold-pressed-canola-oil-5l,Delhi,110067,1050,1650,36.4,1
2026-05-22-0900,2026-05-22,blinkit,jivo-cold-pressed-canola-oil-5l,Delhi,110070,1050,1650,36.4,1
2026-05-22-0900,2026-05-22,blinkit,jivo-cold-pressed-canola-oil-5l,Delhi,110076,1069,1650,35.2,1
2026-05-22-0900,2026-05-22,blinkit,jivo-cold-pressed-canola-oil-5l,Delhi,110081,1050,1650,36.4,1
2026-05-22-0900,2026-05-22,blinkit,jivo-cold-pressed-canola-oil-5l,Delhi,110083,1069,1650,35.2,0
2026-05-22-0900,2026-05-22,blinkit,jivo-cold-pressed-canola-oil-5l,Delhi,110084,1069,1650,35.2,1
2026-05-22-0900,2026-05-22,blinkit,jivo-cold-pressed-canola-oil-5l,Delhi,110085,1050,1650,36.4,1
2026-05-22-0900,2026-05-22,blinkit,jivo-cold-pressed-canola-oil-5l,Delhi,110088,1069,1650,35.2,1
2026-05-22-0900,2026-05-22,blinkit,jivo-cold-pressed-canola-oil-5l,Delhi,110090,1050,1650,36.4,1
2026-05-22-0900,2026-05-22,blinkit,jivo-cold-pressed-canola-oil-5l,Delhi,110091,1069,1650,35.2,1
2026-05-22-0900,2026-05-22,blinkit,jivo-cold-pressed-canola-oil-5l,Delhi,110092,1069,1650,35.2,1
2026-05-22-0900,2026-05-22,blinkit,jivo-cold-pressed-canola-oil-5l,Delhi,110095,1069,1650,35.2,1
2026-05-22-0900,2026-05-22,blinkit,jivo-cold-pressed-canola-oil-5l,Faridabad,121001,1050,1650,36.4,1
2026-05-22-0900,2026-05-22,blinkit,jivo-cold-pressed-canola-oil-5l,Faridabad,121003,1050,1650,36.4,1
2026-05-22-0900,2026-05-22,blinkit,jivo-cold-pressed-canola-oil-5l,Faridabad,121011,1184,1650,28.2,1
2026-05-22-0900,2026-05-22,blinkit,jivo-cold-pressed-canola-oil-5l,Gurgaon,122001,1529,1650,7.3,1
2026-05-22-0900,2026-05-22,blinkit,jivo-cold-pressed-canola-oil-5l,Gurgaon,122004,1529,1650,7.3,1
2026-05-22-0900,2026-05-22,blinkit,jivo-cold-pressed-canola-oil-5l,Gurgaon,122006,1184,1650,28.2,0
2026-05-22-0900,2026-05-22,blinkit,jivo-cold-pressed-canola-oil-5l,Gurgaon,122010,1529,1650,7.3,1
2026-05-22-0900,2026-05-22,blinkit,jivo-cold-pressed-canola-oil-5l,Gurgaon,122051,1097,1650,33.5,1
2026-05-22-0900,2026-05-22,blinkit,jivo-cold-pressed-canola-oil-5l,Gurgaon,122101,1097,1650,33.5,1
2026-05-22-0900,2026-05-22,blinkit,jivo-cold-pressed-canola-oil-5l,Gurgaon,123505,1529,1650,7.3,1
2026-05-22-0900,2026-05-22,blinkit,jivo-cold-pressed-canola-oil-5l,Ludhiana,141014,1186,1650,28.1,1
2026-05-22-0900,2026-05-22,blinkit,jivo-cold-pressed-canola-oil-5l,Ludhiana,141015,1050,1650,36.4,1
2026-05-22-0900,2026-05-22,blinkit,jivo-cold-pressed-canola-oil-5l,Ludhiana,141017,1186,1650,28.1,1
2026-05-22-0900,2026-05-22,blinkit,jivo-cold-pressed-canola-oil-5l,Ludhiana,141122,1051,1650,36.3,0
2026-05-22-0900,2026-05-22,blinkit,jivo-cold-pressed-canola-oil-5l,Ludhiana,141412,1058,1650,35.9,1
2026-05-22-0900,2026-05-22,blinkit,jivo-cold-pressed-canola-oil-5l,Ludhiana,141421,1186,1650,28.1,1
2026-05-22-0900,2026-05-22,blinkit,jivo-cold-pressed-canola-oil-5l,Ludhiana,142022,1186,1650,28.1,0
2026-05-22-0900,2026-05-22,blinkit,jivo-cold-pressed-canola-oil-5l,Ludhiana,142027,1186,1650,28.1,0
2026-05-22-0900,2026-05-22,blinkit,jivo-cold-pressed-canola-oil-5l,Ludhiana,142036,1050,1650,36.4,1
2026-05-22-0900,2026-05-22,blinkit,jivo-cold-pressed-canola-oil-5l,Chandigarh,160001,1050,1650,36.4,1
2026-05-22-0900,2026-05-22,blinkit,jivo-cold-pressed-canola-oil-5l,Chandigarh,160011,1050,1650,36.4,1
2026-05-22-0900,2026-05-22,blinkit,jivo-cold-pressed-canola-oil-5l,Chandigarh,160014,1050,1650,36.4,1
2026-05-22-0900,2026-05-22,blinkit,jivo-cold-pressed-canola-oil-5l,Chandigarh,160021,1050,1650,36.4,1
2026-05-22-0900,2026-05-22,blinkit,jivo-cold-pressed-canola-oil-5l,Chandigarh,160030,1050,1650,36.4,1
2026-05-22-0900,2026-05-22,blinkit,jivo-cold-pressed-canola-oil-5l,Chandigarh,160035,1050,1650,36.4,1
2026-05-22-0900,2026-05-22,blinkit,jivo-cold-pressed-canola-oil-5l,Chandigarh,160043,1050,1650,36.4,1
2026-05-22-0900,2026-05-22,blinkit,jivo-cold-pressed-canola-oil-5l,Chandigarh,160055,1050,1650,36.4,1
2026-05-22-0900,2026-05-22,blinkit,jivo-cold-pressed-canola-oil-5l,Ghaziabad,201003,1310,1650,20.6,1
2026-05-22-0900,2026-05-22,blinkit,jivo-cold-pressed-canola-oil-5l,Ghaziabad,201005,1072,1650,35,1
2026-05-22-0900,2026-05-22,blinkit,jivo-cold-pressed-canola-oil-5l,Ghaziabad,201009,1103,1650,33.2,1
2026-05-22-0900,2026-05-22,blinkit,jivo-cold-pressed-canola-oil-5l,Ghaziabad,201302,1139,1650,31,1
2026-05-22-0900,2026-05-22,blinkit,jivo-cold-pressed-canola-oil-5l,Noida,201305,1059,1650,35.8,1
2026-05-22-0900,2026-05-22,blinkit,jivo-cold-pressed-canola-oil-5l,Noida,201306,1056,1650,36,0
2026-05-22-0900,2026-05-22,blinkit,jivo-cold-pressed-canola-oil-5l,Noida,201307,1153,1650,30.1,1
2026-05-22-0900,2026-05-22,blinkit,jivo-cold-pressed-canola-oil-5l,Noida,201309,1351,1650,18.1,1
2026-05-22-0900,2026-05-22,blinkit,jivo-cold-pressed-canola-oil-5l,Noida,201310,1071,1650,35.1,1
2026-05-22-0900,2026-05-22,blinkit,jivo-cold-pressed-canola-oil-5l,Jaipur,302018,1097,1650,33.5,0
2026-05-22-0900,2026-05-22,blinkit,jivo-cold-pressed-canola-oil-5l,Jaipur,303602,1097,1650,33.5,0
2026-05-22-0900,2026-05-22,blinkit,jivo-cold-pressed-canola-oil-5l,Jaipur,303604,1050,1650,36.4,1
2026-05-22-0900,2026-05-22,blinkit,jivo-cold-pressed-canola-oil-5l,Bengaluru,560014,1050,1650,36.4,1
2026-05-22-0900,2026-05-22,blinkit,jivo-cold-pressed-canola-oil-5l,Bengaluru,560028,1050,1650,36.4,1
2026-05-22-0900,2026-05-22,blinkit,jivo-cold-pressed-canola-oil-5l,Bengaluru,560029,1050,1650,36.4,1
2026-05-22-0900,2026-05-22,blinkit,jivo-cold-pressed-canola-oil-5l,Bengaluru,560039,1050,1650,36.4,1
2026-05-22-0900,2026-05-22,blinkit,jivo-cold-pressed-canola-oil-5l,Bengaluru,560040,1050,1650,36.4,1
2026-05-22-0900,2026-05-22,blinkit,jivo-cold-pressed-canola-oil-5l,Bengaluru,560069,1050,1650,36.4,1
2026-05-22-0900,2026-05-22,blinkit,jivo-cold-pressed-canola-oil-5l,Bengaluru,560087,1050,1650,36.4,1
2026-05-22-0900,2026-05-22,blinkit,jivo-cold-pressed-sunflower-oil-1l,Ludhiana,141014,190,275,30.9,1
2026-05-22-0900,2026-05-22,blinkit,jivo-cold-pressed-sunflower-oil-1l,Ludhiana,141015,190,275,30.9,1
2026-05-22-0900,2026-05-22,blinkit,jivo-cold-pressed-sunflower-oil-1l,Ludhiana,141017,190,275,30.9,1
2026-05-22-0900,2026-05-22,blinkit,jivo-cold-pressed-sunflower-oil-1l,Ludhiana,141122,190,275,30.9,1
2026-05-22-0900,2026-05-22,blinkit,jivo-cold-pressed-sunflower-oil-1l,Ludhiana,141412,190,275,30.9,1
2026-05-22-0900,2026-05-22,blinkit,jivo-cold-pressed-sunflower-oil-1l,Ludhiana,141421,190,275,30.9,1
2026-05-22-0900,2026-05-22,blinkit,jivo-cold-pressed-sunflower-oil-1l,Ludhiana,142022,190,275,30.9,1
2026-05-22-0900,2026-05-22,blinkit,jivo-cold-pressed-sunflower-oil-1l,Ludhiana,142027,190,275,30.9,1
2026-05-22-0900,2026-05-22,blinkit,jivo-cold-pressed-sunflower-oil-1l,Ludhiana,142036,190,275,30.9,1
2026-05-22-0900,2026-05-22,blinkit,jivo-cold-pressed-sunflower-oil-1l,Chandigarh,160001,190,275,30.9,1
2026-05-22-0900,2026-05-22,blinkit,jivo-cold-pressed-sunflower-oil-1l,Chandigarh,160035,202,275,26.5,1
2026-05-22-0900,2026-05-22,blinkit,jivo-cold-pressed-sunflower-oil-1l,Chandigarh,160043,190,275,30.9,1
2026-05-22-0900,2026-05-22,blinkit,jivo-cold-pressed-sunflower-oil-1l,Mumbai,400003,190,275,30.9,1
2026-05-22-0900,2026-05-22,blinkit,jivo-cold-pressed-sunflower-oil-1l,Mumbai,400005,190,275,30.9,1
2026-05-22-0900,2026-05-22,blinkit,jivo-cold-pressed-sunflower-oil-1l,Mumbai,400006,190,275,30.9,1
2026-05-22-0900,2026-05-22,blinkit,jivo-cold-pressed-sunflower-oil-1l,Mumbai,400007,190,275,30.9,1
2026-05-22-0900,2026-05-22,blinkit,jivo-cold-pressed-sunflower-oil-1l,Mumbai,400010,190,275,30.9,1
2026-05-22-0900,2026-05-22,blinkit,jivo-cold-pressed-sunflower-oil-1l,Mumbai,400011,190,275,30.9,1
2026-05-22-0900,2026-05-22,blinkit,jivo-cold-pressed-sunflower-oil-1l,Mumbai,400012,190,275,30.9,1
2026-05-22-0900,2026-05-22,blinkit,jivo-cold-pressed-sunflower-oil-1l,Mumbai,400013,190,275,30.9,1
2026-05-22-0900,2026-05-22,blinkit,jivo-cold-pressed-sunflower-oil-1l,Mumbai,400015,190,275,30.9,1
2026-05-22-0900,2026-05-22,blinkit,jivo-cold-pressed-sunflower-oil-1l,Mumbai,400018,181,275,34.2,1
2026-05-22-0900,2026-05-22,blinkit,jivo-cold-pressed-sunflower-oil-1l,Mumbai,400019,190,275,30.9,1
2026-05-22-0900,2026-05-22,blinkit,jivo-cold-pressed-sunflower-oil-1l,Mumbai,400020,190,275,30.9,1
2026-05-22-0900,2026-05-22,blinkit,jivo-cold-pressed-sunflower-oil-1l,Mumbai,400021,190,275,30.9,1
2026-05-22-0900,2026-05-22,blinkit,jivo-cold-pressed-sunflower-oil-1l,Mumbai,400023,190,275,30.9,1
2026-05-22-0900,2026-05-22,blinkit,jivo-cold-pressed-sunflower-oil-1l,Mumbai,400025,190,275,30.9,1
2026-05-22-0900,2026-05-22,blinkit,jivo-cold-pressed-sunflower-oil-1l,Mumbai,400026,190,275,30.9,1
2026-05-22-0900,2026-05-22,blinkit,jivo-cold-pressed-sunflower-oil-1l,Mumbai,400030,190,275,30.9,1
2026-05-22-0900,2026-05-22,blinkit,jivo-cold-pressed-sunflower-oil-1l,Mumbai,400033,190,275,30.9,1
2026-05-22-0900,2026-05-22,blinkit,jivo-cold-pressed-sunflower-oil-1l,Mumbai,400041,190,275,30.9,1
2026-05-22-0900,2026-05-22,blinkit,jivo-cold-pressed-sunflower-oil-1l,Mumbai,400090,190,275,30.9,0
2026-05-22-0900,2026-05-22,blinkit,jivo-cold-pressed-sunflower-oil-1l,Mumbai,400601,190,275,30.9,1
2026-05-22-0900,2026-05-22,blinkit,jivo-cold-pressed-sunflower-oil-1l,Mumbai,400611,190,275,30.9,1
2026-05-22-0900,2026-05-22,blinkit,jivo-cold-pressed-sunflower-oil-1l,Mumbai,400703,190,275,30.9,1
2026-05-22-0900,2026-05-22,blinkit,jivo-cold-pressed-sunflower-oil-1l,Bengaluru,560019,190,275,30.9,0
2026-05-22-0900,2026-05-22,blinkit,jivo-cold-pressed-sunflower-oil-1l,Mysuru,570016,190,275,30.9,0
2026-05-22-0900,2026-05-22,blinkit,jivo-cold-pressed-sunflower-oil-1l,Mysuru,570018,190,275,30.9,0
2026-05-22-0900,2026-05-22,blinkit,jivo-cold-pressed-sunflower-oil-1l,Mysuru,570026,195,275,29.1,1
2026-05-22-0900,2026-05-22,blinkit,jivo-cold-pressed-sunflower-oil-1l,Mysuru,570028,203,275,26.2,1
2026-05-22-0900,2026-05-22,blinkit,jivo-cold-pressed-sunflower-oil-1l,Mysuru,571311,190,275,30.9,1
2026-05-22-0900,2026-05-22,blinkit,jivo-extra-light-olive-oil-1l,Delhi,110001,594,1499,60.4,1
2026-05-22-0900,2026-05-22,blinkit,jivo-extra-light-olive-oil-1l,Delhi,110002,594,1499,60.4,1
2026-05-22-0900,2026-05-22,blinkit,jivo-extra-light-olive-oil-1l,Delhi,110003,594,1499,60.4,1
2026-05-22-0900,2026-05-22,blinkit,jivo-extra-light-olive-oil-1l,Delhi,110004,645,1499,57,1
2026-05-22-0900,2026-05-22,blinkit,jivo-extra-light-olive-oil-1l,Delhi,110006,594,1499,60.4,1
2026-05-22-0900,2026-05-22,blinkit,jivo-extra-light-olive-oil-1l,Delhi,110007,594,1499,60.4,1
2026-05-22-0900,2026-05-22,blinkit,jivo-extra-light-olive-oil-1l,Delhi,110008,594,1499,60.4,1
2026-05-22-0900,2026-05-22,blinkit,jivo-extra-light-olive-oil-1l,Delhi,110009,594,1499,60.4,1
2026-05-22-0900,2026-05-22,blinkit,jivo-extra-light-olive-oil-1l,Delhi,110010,600,1499,60,1
2026-05-22-0900,2026-05-22,blinkit,jivo-extra-light-olive-oil-1l,Delhi,110013,605,1499,59.6,1
2026-05-22-0900,2026-05-22,blinkit,jivo-extra-light-olive-oil-1l,Delhi,110014,594,1499,60.4,1
2026-05-22-0900,2026-05-22,blinkit,jivo-extra-light-olive-oil-1l,Delhi,110015,594,1499,60.4,1
2026-05-22-0900,2026-05-22,blinkit,jivo-extra-light-olive-oil-1l,Delhi,110016,594,1499,60.4,1
2026-05-22-0900,2026-05-22,blinkit,jivo-extra-light-olive-oil-1l,Delhi,110017,499,1499,66.7,1
2026-05-22-0900,2026-05-22,blinkit,jivo-extra-light-olive-oil-1l,Delhi,110018,594,1499,60.4,1
2026-05-22-0900,2026-05-22,blinkit,jivo-extra-light-olive-oil-1l,Delhi,110021,499,1499,66.7,1
2026-05-22-0900,2026-05-22,blinkit,jivo-extra-light-olive-oil-1l,Delhi,110024,499,1499,66.7,1
2026-05-22-0900,2026-05-22,blinkit,jivo-extra-light-olive-oil-1l,Delhi,110026,499,1499,66.7,1
2026-05-22-0900,2026-05-22,blinkit,jivo-extra-light-olive-oil-1l,Delhi,110031,499,1499,66.7,1
2026-05-22-0900,2026-05-22,blinkit,jivo-extra-light-olive-oil-1l,Delhi,110032,594,1499,60.4,1
2026-05-22-0900,2026-05-22,blinkit,jivo-extra-light-olive-oil-1l,Delhi,110033,499,1499,66.7,0
2026-05-22-0900,2026-05-22,blinkit,jivo-extra-light-olive-oil-1l,Delhi,110035,594,1499,60.4,1
2026-05-22-0900,2026-05-22,blinkit,jivo-extra-light-olive-oil-1l,Delhi,110036,594,1499,60.4,1
2026-05-22-0900,2026-05-22,blinkit,jivo-extra-light-olive-oil-1l,Delhi,110037,594,1499,60.4,1
2026-05-22-0900,2026-05-22,blinkit,jivo-extra-light-olive-oil-1l,Delhi,110039,499,1499,66.7,1
2026-05-22-0900,2026-05-22,blinkit,jivo-extra-light-olive-oil-1l,Delhi,110040,594,1499,60.4,1
2026-05-22-0900,2026-05-22,blinkit,jivo-extra-light-olive-oil-1l,Delhi,110041,499,1499,66.7,1
2026-05-22-0900,2026-05-22,blinkit,jivo-extra-light-olive-oil-1l,Delhi,110042,594,1499,60.4,1
2026-05-22-0900,2026-05-22,blinkit,jivo-extra-light-olive-oil-1l,Delhi,110044,594,1499,60.4,1
2026-05-22-0900,2026-05-22,blinkit,jivo-extra-light-olive-oil-1l,Delhi,110046,594,1499,60.4,1
2026-05-22-0900,2026-05-22,blinkit,jivo-extra-light-olive-oil-1l,Delhi,110048,594,1499,60.4,1
2026-05-22-0900,2026-05-22,blinkit,jivo-extra-light-olive-oil-1l,Delhi,110051,594,1499,60.4,1
2026-05-22-0900,2026-05-22,blinkit,jivo-extra-light-olive-oil-1l,Delhi,110052,594,1499,60.4,1
2026-05-22-0900,2026-05-22,blinkit,jivo-extra-light-olive-oil-1l,Delhi,110053,499,1499,66.7,1
2026-05-22-0900,2026-05-22,blinkit,jivo-extra-light-olive-oil-1l,Delhi,110054,594,1499,60.4,1
2026-05-22-0900,2026-05-22,blinkit,jivo-extra-light-olive-oil-1l,Delhi,110055,499,1499,66.7,1
2026-05-22-0900,2026-05-22,blinkit,jivo-extra-light-olive-oil-1l,Delhi,110061,499,1499,66.7,1
2026-05-22-0900,2026-05-22,blinkit,jivo-extra-light-olive-oil-1l,Delhi,110062,499,1499,66.7,1
2026-05-22-0900,2026-05-22,blinkit,jivo-extra-light-olive-oil-1l,Delhi,110065,499,1499,66.7,1
2026-05-22-0900,2026-05-22,blinkit,jivo-extra-light-olive-oil-1l,Delhi,110067,594,1499,60.4,1
2026-05-22-0900,2026-05-22,blinkit,jivo-extra-light-olive-oil-1l,Delhi,110070,594,1499,60.4,1
2026-05-22-0900,2026-05-22,blinkit,jivo-extra-light-olive-oil-1l,Delhi,110081,594,1499,60.4,1
2026-05-22-0900,2026-05-22,blinkit,jivo-extra-light-olive-oil-1l,Delhi,110083,499,1499,66.7,1
2026-05-22-0900,2026-05-22,blinkit,jivo-extra-light-olive-oil-1l,Delhi,110084,499,1499,66.7,1
2026-05-22-0900,2026-05-22,blinkit,jivo-extra-light-olive-oil-1l,Delhi,110085,594,1499,60.4,1
2026-05-22-0900,2026-05-22,blinkit,jivo-extra-light-olive-oil-1l,Delhi,110088,499,1499,66.7,1
2026-05-22-0900,2026-05-22,blinkit,jivo-extra-light-olive-oil-1l,Delhi,110090,594,1499,60.4,1
2026-05-22-0900,2026-05-22,blinkit,jivo-extra-light-olive-oil-1l,Delhi,110091,499,1499,66.7,1
2026-05-22-0900,2026-05-22,blinkit,jivo-extra-light-olive-oil-1l,Delhi,110092,610,1499,59.3,1
2026-05-22-0900,2026-05-22,blinkit,jivo-extra-light-olive-oil-1l,Delhi,110095,499,1499,66.7,1
2026-05-22-0900,2026-05-22,blinkit,jivo-extra-light-olive-oil-1l,Faridabad,121001,637,1499,57.5,1
2026-05-22-0900,2026-05-22,blinkit,jivo-extra-light-olive-oil-1l,Faridabad,121003,594,1499,60.4,1
2026-05-22-0900,2026-05-22,blinkit,jivo-extra-light-olive-oil-1l,Faridabad,121011,599,1499,60,1
2026-05-22-0900,2026-05-22,blinkit,jivo-extra-light-olive-oil-1l,Gurgaon,122001,594,1499,60.4,1
2026-05-22-0900,2026-05-22,blinkit,jivo-extra-light-olive-oil-1l,Gurgaon,122004,594,1499,60.4,1
2026-05-22-0900,2026-05-22,blinkit,jivo-extra-light-olive-oil-1l,Gurgaon,122006,596,1499,60.2,1
2026-05-22-0900,2026-05-22,blinkit,jivo-extra-light-olive-oil-1l,Gurgaon,122010,594,1499,60.4,1
2026-05-22-0900,2026-05-22,blinkit,jivo-extra-light-olive-oil-1l,Gurgaon,122051,595,1499,60.3,1
2026-05-22-0900,2026-05-22,blinkit,jivo-extra-light-olive-oil-1l,Gurgaon,122101,595,1499,60.3,1
2026-05-22-0900,2026-05-22,blinkit,jivo-extra-light-olive-oil-1l,Gurgaon,123003,627,1499,58.2,0
2026-05-22-0900,2026-05-22,blinkit,jivo-extra-light-olive-oil-1l,Gurgaon,123413,627,1499,58.2,0
2026-05-22-0900,2026-05-22,blinkit,jivo-extra-light-olive-oil-1l,Gurgaon,123505,594,1499,60.4,1
2026-05-22-0900,2026-05-22,blinkit,jivo-extra-light-olive-oil-1l,Ludhiana,141014,594,1499,60.4,1
2026-05-22-0900,2026-05-22,blinkit,jivo-extra-light-olive-oil-1l,Ludhiana,141015,594,1499,60.4,1
2026-05-22-0900,2026-05-22,blinkit,jivo-extra-light-olive-oil-1l,Ludhiana,141017,594,1499,60.4,1
2026-05-22-0900,2026-05-22,blinkit,jivo-extra-light-olive-oil-1l,Ludhiana,141122,594,1499,60.4,1
2026-05-22-0900,2026-05-22,blinkit,jivo-extra-light-olive-oil-1l,Ludhiana,141412,594,1499,60.4,1
2026-05-22-0900,2026-05-22,blinkit,jivo-extra-light-olive-oil-1l,Ludhiana,141421,605,1499,59.6,1
2026-05-22-0900,2026-05-22,blinkit,jivo-extra-light-olive-oil-1l,Ludhiana,142022,594,1499,60.4,1
2026-05-22-0900,2026-05-22,blinkit,jivo-extra-light-olive-oil-1l,Ludhiana,142027,594,1499,60.4,1
2026-05-22-0900,2026-05-22,blinkit,jivo-extra-light-olive-oil-1l,Ludhiana,142036,594,1499,60.4,1
2026-05-22-0900,2026-05-22,blinkit,jivo-extra-light-olive-oil-1l,Chandigarh,160001,595,1499,60.3,1
2026-05-22-0900,2026-05-22,blinkit,jivo-extra-light-olive-oil-1l,Chandigarh,160011,594,1499,60.4,1
2026-05-22-0900,2026-05-22,blinkit,jivo-extra-light-olive-oil-1l,Chandigarh,160014,594,1499,60.4,1
2026-05-22-0900,2026-05-22,blinkit,jivo-extra-light-olive-oil-1l,Chandigarh,160021,594,1499,60.4,1
2026-05-22-0900,2026-05-22,blinkit,jivo-extra-light-olive-oil-1l,Chandigarh,160030,594,1499,60.4,1
2026-05-22-0900,2026-05-22,blinkit,jivo-extra-light-olive-oil-1l,Chandigarh,160035,598,1499,60.1,1
2026-05-22-0900,2026-05-22,blinkit,jivo-extra-light-olive-oil-1l,Chandigarh,160043,594,1499,60.4,1
2026-05-22-0900,2026-05-22,blinkit,jivo-extra-light-olive-oil-1l,Chandigarh,160055,594,1499,60.4,1
2026-05-22-0900,2026-05-22,blinkit,jivo-extra-light-olive-oil-1l,Ghaziabad,201003,627,1499,58.2,1
2026-05-22-0900,2026-05-22,blinkit,jivo-extra-light-olive-oil-1l,Ghaziabad,201005,611,1499,59.2,1
2026-05-22-0900,2026-05-22,blinkit,jivo-extra-light-olive-oil-1l,Ghaziabad,201009,603,1499,59.8,1
2026-05-22-0900,2026-05-22,blinkit,jivo-extra-light-olive-oil-1l,Ghaziabad,201302,645,1499,57,1
2026-05-22-0900,2026-05-22,blinkit,jivo-extra-light-olive-oil-1l,Noida,201305,594,1499,60.4,1
2026-05-22-0900,2026-05-22,blinkit,jivo-extra-light-olive-oil-1l,Noida,201306,607,1499,59.5,1
2026-05-22-0900,2026-05-22,blinkit,jivo-extra-light-olive-oil-1l,Noida,201307,594,1499,60.4,1
2026-05-22-0900,2026-05-22,blinkit,jivo-extra-light-olive-oil-1l,Noida,201309,678,1499,54.8,1
2026-05-22-0900,2026-05-22,blinkit,jivo-extra-light-olive-oil-1l,Noida,201310,594,1499,60.4,0
2026-05-22-0900,2026-05-22,blinkit,jivo-extra-light-olive-oil-1l,Jaipur,302001,627,1499,58.2,0
2026-05-22-0900,2026-05-22,blinkit,jivo-extra-light-olive-oil-1l,Jaipur,302016,627,1499,58.2,0
2026-05-22-0900,2026-05-22,blinkit,jivo-extra-light-olive-oil-1l,Jaipur,302017,644,1499,57,0
2026-05-22-0900,2026-05-22,blinkit,jivo-extra-light-olive-oil-1l,Jaipur,302020,645,1499,57,0
2026-05-22-0900,2026-05-22,blinkit,jivo-extra-light-olive-oil-1l,Jaipur,302022,627,1499,58.2,0
2026-05-22-0900,2026-05-22,blinkit,jivo-extra-light-olive-oil-1l,Jaipur,302023,641,1499,57.2,0
2026-05-22-0900,2026-05-22,blinkit,jivo-extra-light-olive-oil-1l,Jaipur,302024,645,1499,57,0
2026-05-22-0900,2026-05-22,blinkit,jivo-extra-light-olive-oil-1l,Jaipur,302025,627,1499,58.2,0
2026-05-22-0900,2026-05-22,blinkit,jivo-extra-light-olive-oil-1l,Jaipur,302029,627,1499,58.2,1
2026-05-22-0900,2026-05-22,blinkit,jivo-extra-light-olive-oil-1l,Jaipur,302032,641,1499,57.2,0
2026-05-22-0900,2026-05-22,blinkit,jivo-extra-light-olive-oil-1l,Jaipur,303604,594,1499,60.4,1
2026-05-22-0900,2026-05-22,blinkit,jivo-extra-light-olive-oil-1l,Bengaluru,560014,594,1499,60.4,1
2026-05-22-0900,2026-05-22,blinkit,jivo-extra-light-olive-oil-1l,Bengaluru,560019,627,1499,58.2,1
2026-05-22-0900,2026-05-22,blinkit,jivo-extra-light-olive-oil-1l,Bengaluru,560028,594,1499,60.4,1
2026-05-22-0900,2026-05-22,blinkit,jivo-extra-light-olive-oil-1l,Bengaluru,560029,594,1499,60.4,1
2026-05-22-0900,2026-05-22,blinkit,jivo-extra-light-olive-oil-1l,Bengaluru,560039,594,1499,60.4,1
2026-05-22-0900,2026-05-22,blinkit,jivo-extra-light-olive-oil-1l,Bengaluru,560040,594,1499,60.4,1
2026-05-22-0900,2026-05-22,blinkit,jivo-extra-light-olive-oil-1l,Bengaluru,560069,594,1499,60.4,1
2026-05-22-0900,2026-05-22,blinkit,jivo-extra-light-olive-oil-1l,Bengaluru,560087,594,1499,60.4,1
2026-05-22-0900,2026-05-22,blinkit,jivo-extra-light-olive-oil-1l,Mysuru,570016,644,1499,57,1
2026-05-22-0900,2026-05-22,blinkit,jivo-extra-light-olive-oil-1l,Mysuru,570018,594,1499,60.4,1
2026-05-22-0900,2026-05-22,blinkit,jivo-extra-light-olive-oil-1l,Mysuru,570026,642,1499,57.2,1
2026-05-22-0900,2026-05-22,blinkit,jivo-extra-light-olive-oil-1l,Mysuru,570028,645,1499,57,0
2026-05-22-0900,2026-05-22,blinkit,jivo-extra-light-olive-oil-1l,Mysuru,571311,645,1499,57,1
2026-05-22-0900,2026-05-22,blinkit,jivo-extra-light-olive-oil-2l,Delhi,110001,1190,2799,57.5,1
2026-05-22-0900,2026-05-22,blinkit,jivo-extra-light-olive-oil-2l,Delhi,110002,1190,2799,57.5,1
2026-05-22-0900,2026-05-22,blinkit,jivo-extra-light-olive-oil-2l,Delhi,110003,1190,2799,57.5,1
2026-05-22-0900,2026-05-22,blinkit,jivo-extra-light-olive-oil-2l,Delhi,110004,1136,2799,59.4,1
2026-05-22-0900,2026-05-22,blinkit,jivo-extra-light-olive-oil-2l,Delhi,110006,1190,2799,57.5,1
2026-05-22-0900,2026-05-22,blinkit,jivo-extra-light-olive-oil-2l,Delhi,110007,1190,2799,57.5,1
2026-05-22-0900,2026-05-22,blinkit,jivo-extra-light-olive-oil-2l,Delhi,110008,1190,2799,57.5,1
2026-05-22-0900,2026-05-22,blinkit,jivo-extra-light-olive-oil-2l,Delhi,110009,1190,2799,57.5,1
2026-05-22-0900,2026-05-22,blinkit,jivo-extra-light-olive-oil-2l,Delhi,110010,1136,2799,59.4,1
2026-05-22-0900,2026-05-22,blinkit,jivo-extra-light-olive-oil-2l,Delhi,110013,1136,2799,59.4,1
2026-05-22-0900,2026-05-22,blinkit,jivo-extra-light-olive-oil-2l,Delhi,110014,1190,2799,57.5,1
2026-05-22-0900,2026-05-22,blinkit,jivo-extra-light-olive-oil-2l,Delhi,110015,1190,2799,57.5,1
2026-05-22-0900,2026-05-22,blinkit,jivo-extra-light-olive-oil-2l,Delhi,110016,1190,2799,57.5,1
2026-05-22-0900,2026-05-22,blinkit,jivo-extra-light-olive-oil-2l,Delhi,110017,1136,2799,59.4,1
2026-05-22-0900,2026-05-22,blinkit,jivo-extra-light-olive-oil-2l,Delhi,110018,1190,2799,57.5,1
2026-05-22-0900,2026-05-22,blinkit,jivo-extra-light-olive-oil-2l,Delhi,110021,1136,2799,59.4,1
2026-05-22-0900,2026-05-22,blinkit,jivo-extra-light-olive-oil-2l,Delhi,110024,1136,2799,59.4,1
2026-05-22-0900,2026-05-22,blinkit,jivo-extra-light-olive-oil-2l,Delhi,110025,1136,2799,59.4,1
2026-05-22-0900,2026-05-22,blinkit,jivo-extra-light-olive-oil-2l,Delhi,110026,1136,2799,59.4,1
2026-05-22-0900,2026-05-22,blinkit,jivo-extra-light-olive-oil-2l,Delhi,110031,1136,2799,59.4,1
2026-05-22-0900,2026-05-22,blinkit,jivo-extra-light-olive-oil-2l,Delhi,110032,1190,2799,57.5,1
2026-05-22-0900,2026-05-22,blinkit,jivo-extra-light-olive-oil-2l,Delhi,110033,1136,2799,59.4,1
2026-05-22-0900,2026-05-22,blinkit,jivo-extra-light-olive-oil-2l,Delhi,110035,1190,2799,57.5,1
2026-05-22-0900,2026-05-22,blinkit,jivo-extra-light-olive-oil-2l,Delhi,110036,1190,2799,57.5,1
2026-05-22-0900,2026-05-22,blinkit,jivo-extra-light-olive-oil-2l,Delhi,110037,1190,2799,57.5,1
2026-05-22-0900,2026-05-22,blinkit,jivo-extra-light-olive-oil-2l,Delhi,110039,1136,2799,59.4,1
2026-05-22-0900,2026-05-22,blinkit,jivo-extra-light-olive-oil-2l,Delhi,110040,1190,2799,57.5,1
2026-05-22-0900,2026-05-22,blinkit,jivo-extra-light-olive-oil-2l,Delhi,110041,1136,2799,59.4,1
2026-05-22-0900,2026-05-22,blinkit,jivo-extra-light-olive-oil-2l,Delhi,110042,1190,2799,57.5,1
2026-05-22-0900,2026-05-22,blinkit,jivo-extra-light-olive-oil-2l,Delhi,110044,1190,2799,57.5,1
2026-05-22-0900,2026-05-22,blinkit,jivo-extra-light-olive-oil-2l,Delhi,110046,1190,2799,57.5,1
2026-05-22-0900,2026-05-22,blinkit,jivo-extra-light-olive-oil-2l,Delhi,110048,1190,2799,57.5,1
2026-05-22-0900,2026-05-22,blinkit,jivo-extra-light-olive-oil-2l,Delhi,110051,1190,2799,57.5,1
2026-05-22-0900,2026-05-22,blinkit,jivo-extra-light-olive-oil-2l,Delhi,110052,1190,2799,57.5,1
2026-05-22-0900,2026-05-22,blinkit,jivo-extra-light-olive-oil-2l,Delhi,110053,1136,2799,59.4,1
2026-05-22-0900,2026-05-22,blinkit,jivo-extra-light-olive-oil-2l,Delhi,110054,1190,2799,57.5,1
2026-05-22-0900,2026-05-22,blinkit,jivo-extra-light-olive-oil-2l,Delhi,110055,1136,2799,59.4,1
2026-05-22-0900,2026-05-22,blinkit,jivo-extra-light-olive-oil-2l,Delhi,110061,1136,2799,59.4,1
2026-05-22-0900,2026-05-22,blinkit,jivo-extra-light-olive-oil-2l,Delhi,110062,1136,2799,59.4,1
2026-05-22-0900,2026-05-22,blinkit,jivo-extra-light-olive-oil-2l,Delhi,110065,1136,2799,59.4,1
2026-05-22-0900,2026-05-22,blinkit,jivo-extra-light-olive-oil-2l,Delhi,110067,1190,2799,57.5,1
2026-05-22-0900,2026-05-22,blinkit,jivo-extra-light-olive-oil-2l,Delhi,110070,1190,2799,57.5,1
2026-05-22-0900,2026-05-22,blinkit,jivo-extra-light-olive-oil-2l,Delhi,110076,1136,2799,59.4,1
2026-05-22-0900,2026-05-22,blinkit,jivo-extra-light-olive-oil-2l,Delhi,110081,1190,2799,57.5,1
2026-05-22-0900,2026-05-22,blinkit,jivo-extra-light-olive-oil-2l,Delhi,110083,1136,2799,59.4,1
2026-05-22-0900,2026-05-22,blinkit,jivo-extra-light-olive-oil-2l,Delhi,110084,1136,2799,59.4,1
2026-05-22-0900,2026-05-22,blinkit,jivo-extra-light-olive-oil-2l,Delhi,110085,1190,2799,57.5,1
2026-05-22-0900,2026-05-22,blinkit,jivo-extra-light-olive-oil-2l,Delhi,110088,1136,2799,59.4,1
2026-05-22-0900,2026-05-22,blinkit,jivo-extra-light-olive-oil-2l,Delhi,110090,1190,2799,57.5,1
2026-05-22-0900,2026-05-22,blinkit,jivo-extra-light-olive-oil-2l,Delhi,110091,1136,2799,59.4,1
2026-05-22-0900,2026-05-22,blinkit,jivo-extra-light-olive-oil-2l,Delhi,110092,1136,2799,59.4,1
2026-05-22-0900,2026-05-22,blinkit,jivo-extra-light-olive-oil-2l,Delhi,110095,1136,2799,59.4,1
2026-05-22-0900,2026-05-22,blinkit,jivo-extra-light-olive-oil-2l,Faridabad,121001,1257,2799,55.1,1
2026-05-22-0900,2026-05-22,blinkit,jivo-extra-light-olive-oil-2l,Faridabad,121003,1113,2799,60.2,1
2026-05-22-0900,2026-05-22,blinkit,jivo-extra-light-olive-oil-2l,Faridabad,121011,1257,2799,55.1,1
2026-05-22-0900,2026-05-22,blinkit,jivo-extra-light-olive-oil-2l,Gurgaon,122001,1200,2799,57.1,1
2026-05-22-0900,2026-05-22,blinkit,jivo-extra-light-olive-oil-2l,Gurgaon,122004,1092,2799,61,1
2026-05-22-0900,2026-05-22,blinkit,jivo-extra-light-olive-oil-2l,Gurgaon,122006,1251,2799,55.3,1
2026-05-22-0900,2026-05-22,blinkit,jivo-extra-light-olive-oil-2l,Gurgaon,122010,1200,2799,57.1,1
2026-05-22-0900,2026-05-22,blinkit,jivo-extra-light-olive-oil-2l,Gurgaon,122051,1292,2799,53.8,0
2026-05-22-0900,2026-05-22,blinkit,jivo-extra-light-olive-oil-2l,Gurgaon,122101,1292,2799,53.8,0
2026-05-22-0900,2026-05-22,blinkit,jivo-extra-light-olive-oil-2l,Gurgaon,123003,1257,2799,55.1,0
2026-05-22-0900,2026-05-22,blinkit,jivo-extra-light-olive-oil-2l,Gurgaon,123413,1257,2799,55.1,0
2026-05-22-0900,2026-05-22,blinkit,jivo-extra-light-olive-oil-2l,Gurgaon,123505,1210,2799,56.8,0
2026-05-22-0900,2026-05-22,blinkit,jivo-extra-light-olive-oil-2l,Ludhiana,141014,1141,2799,59.2,1
2026-05-22-0900,2026-05-22,blinkit,jivo-extra-light-olive-oil-2l,Ludhiana,141015,1091,2799,61,1
2026-05-22-0900,2026-05-22,blinkit,jivo-extra-light-olive-oil-2l,Ludhiana,141017,1141,2799,59.2,1
2026-05-22-0900,2026-05-22,blinkit,jivo-extra-light-olive-oil-2l,Ludhiana,141122,1091,2799,61,1
2026-05-22-0900,2026-05-22,blinkit,jivo-extra-light-olive-oil-2l,Ludhiana,141412,1257,2799,55.1,0
2026-05-22-0900,2026-05-22,blinkit,jivo-extra-light-olive-oil-2l,Ludhiana,141421,1103,2799,60.6,1
2026-05-22-0900,2026-05-22,blinkit,jivo-extra-light-olive-oil-2l,Ludhiana,142022,1207,2799,56.9,1
2026-05-22-0900,2026-05-22,blinkit,jivo-extra-light-olive-oil-2l,Ludhiana,142027,1091,2799,61,1
2026-05-22-0900,2026-05-22,blinkit,jivo-extra-light-olive-oil-2l,Ludhiana,142036,1091,2799,61,1
2026-05-22-0900,2026-05-22,blinkit,jivo-extra-light-olive-oil-2l,Chandigarh,160001,1105,2799,60.5,1
2026-05-22-0900,2026-05-22,blinkit,jivo-extra-light-olive-oil-2l,Chandigarh,160011,1190,2799,57.5,1
2026-05-22-0900,2026-05-22,blinkit,jivo-extra-light-olive-oil-2l,Chandigarh,160014,1190,2799,57.5,1
2026-05-22-0900,2026-05-22,blinkit,jivo-extra-light-olive-oil-2l,Chandigarh,160021,1190,2799,57.5,1
2026-05-22-0900,2026-05-22,blinkit,jivo-extra-light-olive-oil-2l,Chandigarh,160030,1190,2799,57.5,1
2026-05-22-0900,2026-05-22,blinkit,jivo-extra-light-olive-oil-2l,Chandigarh,160035,1103,2799,60.6,0
2026-05-22-0900,2026-05-22,blinkit,jivo-extra-light-olive-oil-2l,Chandigarh,160043,1099,2799,60.7,1
2026-05-22-0900,2026-05-22,blinkit,jivo-extra-light-olive-oil-2l,Chandigarh,160055,1190,2799,57.5,1
2026-05-22-0900,2026-05-22,blinkit,jivo-extra-light-olive-oil-2l,Ghaziabad,201003,1255,2799,55.2,1
2026-05-22-0900,2026-05-22,blinkit,jivo-extra-light-olive-oil-2l,Ghaziabad,201005,1165,2799,58.4,1
2026-05-22-0900,2026-05-22,blinkit,jivo-extra-light-olive-oil-2l,Ghaziabad,201009,1242,2799,55.6,0
2026-05-22-0900,2026-05-22,blinkit,jivo-extra-light-olive-oil-2l,Ghaziabad,201302,1255,2799,55.2,1
2026-05-22-0900,2026-05-22,blinkit,jivo-extra-light-olive-oil-2l,Noida,201305,1099,2799,60.7,1
2026-05-22-0900,2026-05-22,blinkit,jivo-extra-light-olive-oil-2l,Noida,201306,1269,2799,54.7,1
2026-05-22-0900,2026-05-22,blinkit,jivo-extra-light-olive-oil-2l,Noida,201307,1290,2799,53.9,1
2026-05-22-0900,2026-05-22,blinkit,jivo-extra-light-olive-oil-2l,Noida,201309,1113,2799,60.2,1
2026-05-22-0900,2026-05-22,blinkit,jivo-extra-light-olive-oil-2l,Noida,201310,1171,2799,58.2,1
2026-05-22-0900,2026-05-22,blinkit,jivo-extra-light-olive-oil-2l,Jaipur,303604,1190,2799,57.5,1
2026-05-22-0900,2026-05-22,blinkit,jivo-extra-light-olive-oil-2l,Mumbai,400003,1290,2799,53.9,0
2026-05-22-0900,2026-05-22,blinkit,jivo-extra-light-olive-oil-2l,Mumbai,400005,1255,2799,55.2,0
2026-05-22-0900,2026-05-22,blinkit,jivo-extra-light-olive-oil-2l,Mumbai,400006,1281,2799,54.2,1
2026-05-22-0900,2026-05-22,blinkit,jivo-extra-light-olive-oil-2l,Mumbai,400007,1291,2799,53.9,0
2026-05-22-0900,2026-05-22,blinkit,jivo-extra-light-olive-oil-2l,Mumbai,400010,1106,2799,60.5,1
2026-05-22-0900,2026-05-22,blinkit,jivo-extra-light-olive-oil-2l,Mumbai,400011,1281,2799,54.2,1
2026-05-22-0900,2026-05-22,blinkit,jivo-extra-light-olive-oil-2l,Mumbai,400012,1103,2799,60.6,1
2026-05-22-0900,2026-05-22,blinkit,jivo-extra-light-olive-oil-2l,Mumbai,400013,1106,2799,60.5,1
2026-05-22-0900,2026-05-22,blinkit,jivo-extra-light-olive-oil-2l,Mumbai,400015,1106,2799,60.5,1
2026-05-22-0900,2026-05-22,blinkit,jivo-extra-light-olive-oil-2l,Mumbai,400018,1284,2799,54.1,1
2026-05-22-0900,2026-05-22,blinkit,jivo-extra-light-olive-oil-2l,Mumbai,400019,1267,2799,54.7,1
2026-05-22-0900,2026-05-22,blinkit,jivo-extra-light-olive-oil-2l,Mumbai,400020,1103,2799,60.6,1
2026-05-22-0900,2026-05-22,blinkit,jivo-extra-light-olive-oil-2l,Mumbai,400021,1255,2799,55.2,0
2026-05-22-0900,2026-05-22,blinkit,jivo-extra-light-olive-oil-2l,Mumbai,400023,1294,2799,53.8,1
2026-05-22-0900,2026-05-22,blinkit,jivo-extra-light-olive-oil-2l,Mumbai,400025,1257,2799,55.1,0
2026-05-22-0900,2026-05-22,blinkit,jivo-extra-light-olive-oil-2l,Mumbai,400026,1291,2799,53.9,0
2026-05-22-0900,2026-05-22,blinkit,jivo-extra-light-olive-oil-2l,Mumbai,400030,1106,2799,60.5,1
2026-05-22-0900,2026-05-22,blinkit,jivo-extra-light-olive-oil-2l,Mumbai,400033,1281,2799,54.2,1
2026-05-22-0900,2026-05-22,blinkit,jivo-extra-light-olive-oil-2l,Mumbai,400041,1257,2799,55.1,0
2026-05-22-0900,2026-05-22,blinkit,jivo-extra-light-olive-oil-2l,Mumbai,400090,1265,2799,54.8,0
2026-05-22-0900,2026-05-22,blinkit,jivo-extra-light-olive-oil-2l,Mumbai,400601,1202,2799,57.1,1
2026-05-22-0900,2026-05-22,blinkit,jivo-extra-light-olive-oil-2l,Mumbai,400611,1103,2799,60.6,1
2026-05-22-0900,2026-05-22,blinkit,jivo-extra-light-olive-oil-2l,Mumbai,400703,1103,2799,60.6,1
2026-05-22-0900,2026-05-22,blinkit,jivo-extra-light-olive-oil-2l,Pune,410301,1278,2799,54.3,0
2026-05-22-0900,2026-05-22,blinkit,jivo-extra-light-olive-oil-2l,Pune,410401,1278,2799,54.3,0
2026-05-22-0900,2026-05-22,blinkit,jivo-extra-light-olive-oil-2l,Pune,410506,1257,2799,55.1,1
2026-05-22-0900,2026-05-22,blinkit,jivo-extra-light-olive-oil-2l,Pune,411004,1257,2799,55.1,1
2026-05-22-0900,2026-05-22,blinkit,jivo-extra-light-olive-oil-2l,Pune,411005,1193,2799,57.4,1
2026-05-22-0900,2026-05-22,blinkit,jivo-extra-light-olive-oil-2l,Pune,411011,1109,2799,60.4,1
2026-05-22-0900,2026-05-22,blinkit,jivo-extra-light-olive-oil-2l,Pune,411012,1221,2799,56.4,1
2026-05-22-0900,2026-05-22,blinkit,jivo-extra-light-olive-oil-2l,Pune,411014,1292,2799,53.8,1
2026-05-22-0900,2026-05-22,blinkit,jivo-extra-light-olive-oil-2l,Pune,411015,1221,2799,56.4,1
2026-05-22-0900,2026-05-22,blinkit,jivo-extra-light-olive-oil-2l,Pune,411021,1109,2799,60.4,1
2026-05-22-0900,2026-05-22,blinkit,jivo-extra-light-olive-oil-2l,Pune,411028,1221,2799,56.4,1
2026-05-22-0900,2026-05-22,blinkit,jivo-extra-light-olive-oil-2l,Pune,411035,1257,2799,55.1,1
2026-05-22-0900,2026-05-22,blinkit,jivo-extra-light-olive-oil-2l,Pune,411036,1109,2799,60.4,1
2026-05-22-0900,2026-05-22,blinkit,jivo-extra-light-olive-oil-2l,Pune,411045,1109,2799,60.4,1
2026-05-22-0900,2026-05-22,blinkit,jivo-extra-light-olive-oil-2l,Pune,411047,1109,2799,60.4,1
2026-05-22-0900,2026-05-22,blinkit,jivo-extra-light-olive-oil-2l,Pune,411051,1221,2799,56.4,1
2026-05-22-0900,2026-05-22,blinkit,jivo-extra-light-olive-oil-2l,Pune,412109,1257,2799,55.1,1
2026-05-22-0900,2026-05-22,blinkit,jivo-extra-light-olive-oil-2l,Pune,412114,1257,2799,55.1,1
2026-05-22-0900,2026-05-22,blinkit,jivo-extra-light-olive-oil-2l,Pune,412201,1292,2799,53.8,1
2026-05-22-0900,2026-05-22,blinkit,jivo-extra-light-olive-oil-2l,Bengaluru,560014,1190,2799,57.5,1
2026-05-22-0900,2026-05-22,blinkit,jivo-extra-light-olive-oil-2l,Bengaluru,560019,1118,2799,60.1,0
2026-05-22-0900,2026-05-22,blinkit,jivo-extra-light-olive-oil-2l,Bengaluru,560028,1190,2799,57.5,1
2026-05-22-0900,2026-05-22,blinkit,jivo-extra-light-olive-oil-2l,Bengaluru,560029,1190,2799,57.5,1
2026-05-22-0900,2026-05-22,blinkit,jivo-extra-light-olive-oil-2l,Bengaluru,560039,1190,2799,57.5,1
2026-05-22-0900,2026-05-22,blinkit,jivo-extra-light-olive-oil-2l,Bengaluru,560040,1190,2799,57.5,1
2026-05-22-0900,2026-05-22,blinkit,jivo-extra-light-olive-oil-2l,Bengaluru,560069,1190,2799,57.5,1
2026-05-22-0900,2026-05-22,blinkit,jivo-extra-light-olive-oil-2l,Bengaluru,560087,1190,2799,57.5,1
2026-05-22-0900,2026-05-22,blinkit,jivo-extra-light-olive-oil-2l,Mysuru,570026,1129,2799,59.7,1
2026-05-22-0900,2026-05-22,blinkit,jivo-extra-light-olive-oil-2l,Mysuru,570028,1129,2799,59.7,1
2026-05-22-0900,2026-05-22,blinkit,jivo-extra-light-olive-oil-2l,Kolkata,700001,1096,2799,60.8,1
2026-05-22-0900,2026-05-22,blinkit,jivo-extra-light-olive-oil-2l,Kolkata,700015,1093,2799,61,1
2026-05-22-0900,2026-05-22,blinkit,jivo-extra-light-olive-oil-2l,Kolkata,700019,1094,2799,60.9,1
2026-05-22-0900,2026-05-22,blinkit,jivo-extra-light-olive-oil-2l,Kolkata,700024,1292,2799,53.8,0
2026-05-22-0900,2026-05-22,blinkit,jivo-extra-light-olive-oil-2l,Kolkata,700040,1148,2799,59,1
2026-05-22-0900,2026-05-22,blinkit,jivo-extra-light-olive-oil-2l,Kolkata,700053,1096,2799,60.8,1
2026-05-22-0900,2026-05-22,blinkit,jivo-kachi-ghani-cold-pressed-mustard-oil-1l,Ludhiana,141014,169,255,33.7,1
2026-05-22-0900,2026-05-22,blinkit,jivo-kachi-ghani-cold-pressed-mustard-oil-1l,Ludhiana,141015,169,255,33.7,1
2026-05-22-0900,2026-05-22,blinkit,jivo-kachi-ghani-cold-pressed-mustard-oil-1l,Ludhiana,141017,169,255,33.7,1
2026-05-22-0900,2026-05-22,blinkit,jivo-kachi-ghani-cold-pressed-mustard-oil-1l,Ludhiana,141122,169,255,33.7,1
2026-05-22-0900,2026-05-22,blinkit,jivo-kachi-ghani-cold-pressed-mustard-oil-1l,Ludhiana,141412,169,255,33.7,1
2026-05-22-0900,2026-05-22,blinkit,jivo-kachi-ghani-cold-pressed-mustard-oil-1l,Ludhiana,141421,169,255,33.7,1
2026-05-22-0900,2026-05-22,blinkit,jivo-kachi-ghani-cold-pressed-mustard-oil-1l,Ludhiana,142022,169,255,33.7,1
2026-05-22-0900,2026-05-22,blinkit,jivo-kachi-ghani-cold-pressed-mustard-oil-1l,Ludhiana,142027,169,255,33.7,1
2026-05-22-0900,2026-05-22,blinkit,jivo-kachi-ghani-cold-pressed-mustard-oil-1l,Ludhiana,142036,169,255,33.7,1
2026-05-22-0900,2026-05-22,blinkit,jivo-kachi-ghani-cold-pressed-mustard-oil-1l,Chandigarh,160001,169,255,33.7,1
2026-05-22-0900,2026-05-22,blinkit,jivo-kachi-ghani-cold-pressed-mustard-oil-1l,Chandigarh,160035,169,255,33.7,1
2026-05-22-0900,2026-05-22,blinkit,jivo-kachi-ghani-cold-pressed-mustard-oil-1l,Chandigarh,160043,169,255,33.7,1
2026-05-22-0900,2026-05-22,blinkit,jivo-pomace-olive-oil-1l,Delhi,110001,388,1049,63,1
2026-05-22-0900,2026-05-22,blinkit,jivo-pomace-olive-oil-1l,Delhi,110002,388,1049,63,1
2026-05-22-0900,2026-05-22,blinkit,jivo-pomace-olive-oil-1l,Delhi,110003,388,1049,63,1
2026-05-22-0900,2026-05-22,blinkit,jivo-pomace-olive-oil-1l,Delhi,110004,389,1049,62.9,1
2026-05-22-0900,2026-05-22,blinkit,jivo-pomace-olive-oil-1l,Delhi,110006,388,1049,63,1
2026-05-22-0900,2026-05-22,blinkit,jivo-pomace-olive-oil-1l,Delhi,110007,388,1049,63,1
2026-05-22-0900,2026-05-22,blinkit,jivo-pomace-olive-oil-1l,Delhi,110008,388,1049,63,1
2026-05-22-0900,2026-05-22,blinkit,jivo-pomace-olive-oil-1l,Delhi,110009,388,1049,63,1
2026-05-22-0900,2026-05-22,blinkit,jivo-pomace-olive-oil-1l,Delhi,110010,387,1049,63.1,1
2026-05-22-0900,2026-05-22,blinkit,jivo-pomace-olive-oil-1l,Delhi,110013,387,1049,63.1,1
2026-05-22-0900,2026-05-22,blinkit,jivo-pomace-olive-oil-1l,Delhi,110014,388,1049,63,1
2026-05-22-0900,2026-05-22,blinkit,jivo-pomace-olive-oil-1l,Delhi,110015,388,1049,63,1
2026-05-22-0900,2026-05-22,blinkit,jivo-pomace-olive-oil-1l,Delhi,110016,388,1049,63,1
2026-05-22-0900,2026-05-22,blinkit,jivo-pomace-olive-oil-1l,Delhi,110017,388,1049,63,1
2026-05-22-0900,2026-05-22,blinkit,jivo-pomace-olive-oil-1l,Delhi,110018,388,1049,63,1
2026-05-22-0900,2026-05-22,blinkit,jivo-pomace-olive-oil-1l,Delhi,110021,387,1049,63.1,1
2026-05-22-0900,2026-05-22,blinkit,jivo-pomace-olive-oil-1l,Delhi,110024,388,1049,63,1
2026-05-22-0900,2026-05-22,blinkit,jivo-pomace-olive-oil-1l,Delhi,110025,421,1049,59.9,1
2026-05-22-0900,2026-05-22,blinkit,jivo-pomace-olive-oil-1l,Delhi,110026,387,1049,63.1,1
2026-05-22-0900,2026-05-22,blinkit,jivo-pomace-olive-oil-1l,Delhi,110031,388,1049,63,1
2026-05-22-0900,2026-05-22,blinkit,jivo-pomace-olive-oil-1l,Delhi,110032,388,1049,63,1
2026-05-22-0900,2026-05-22,blinkit,jivo-pomace-olive-oil-1l,Delhi,110033,387,1049,63.1,1
2026-05-22-0900,2026-05-22,blinkit,jivo-pomace-olive-oil-1l,Delhi,110035,388,1049,63,1
2026-05-22-0900,2026-05-22,blinkit,jivo-pomace-olive-oil-1l,Delhi,110036,388,1049,63,1
2026-05-22-0900,2026-05-22,blinkit,jivo-pomace-olive-oil-1l,Delhi,110037,388,1049,63,1
2026-05-22-0900,2026-05-22,blinkit,jivo-pomace-olive-oil-1l,Delhi,110039,387,1049,63.1,1
2026-05-22-0900,2026-05-22,blinkit,jivo-pomace-olive-oil-1l,Delhi,110040,388,1049,63,1
2026-05-22-0900,2026-05-22,blinkit,jivo-pomace-olive-oil-1l,Delhi,110041,387,1049,63.1,1
2026-05-22-0900,2026-05-22,blinkit,jivo-pomace-olive-oil-1l,Delhi,110042,388,1049,63,1
2026-05-22-0900,2026-05-22,blinkit,jivo-pomace-olive-oil-1l,Delhi,110044,388,1049,63,1
2026-05-22-0900,2026-05-22,blinkit,jivo-pomace-olive-oil-1l,Delhi,110046,388,1049,63,1
2026-05-22-0900,2026-05-22,blinkit,jivo-pomace-olive-oil-1l,Delhi,110048,388,1049,63,1
2026-05-22-0900,2026-05-22,blinkit,jivo-pomace-olive-oil-1l,Delhi,110051,388,1049,63,1
2026-05-22-0900,2026-05-22,blinkit,jivo-pomace-olive-oil-1l,Delhi,110052,388,1049,63,1
2026-05-22-0900,2026-05-22,blinkit,jivo-pomace-olive-oil-1l,Delhi,110053,387,1049,63.1,1
2026-05-22-0900,2026-05-22,blinkit,jivo-pomace-olive-oil-1l,Delhi,110054,388,1049,63,1
2026-05-22-0900,2026-05-22,blinkit,jivo-pomace-olive-oil-1l,Delhi,110055,387,1049,63.1,1
2026-05-22-0900,2026-05-22,blinkit,jivo-pomace-olive-oil-1l,Delhi,110061,387,1049,63.1,1
2026-05-22-0900,2026-05-22,blinkit,jivo-pomace-olive-oil-1l,Delhi,110062,387,1049,63.1,1
2026-05-22-0900,2026-05-22,blinkit,jivo-pomace-olive-oil-1l,Delhi,110065,388,1049,63,1
2026-05-22-0900,2026-05-22,blinkit,jivo-pomace-olive-oil-1l,Delhi,110067,388,1049,63,1
2026-05-22-0900,2026-05-22,blinkit,jivo-pomace-olive-oil-1l,Delhi,110070,388,1049,63,1
2026-05-22-0900,2026-05-22,blinkit,jivo-pomace-olive-oil-1l,Delhi,110076,388,1049,63,1
2026-05-22-0900,2026-05-22,blinkit,jivo-pomace-olive-oil-1l,Delhi,110081,388,1049,63,1
2026-05-22-0900,2026-05-22,blinkit,jivo-pomace-olive-oil-1l,Delhi,110083,387,1049,63.1,1
2026-05-22-0900,2026-05-22,blinkit,jivo-pomace-olive-oil-1l,Delhi,110084,390,1049,62.8,1
2026-05-22-0900,2026-05-22,blinkit,jivo-pomace-olive-oil-1l,Delhi,110085,388,1049,63,1
2026-05-22-0900,2026-05-22,blinkit,jivo-pomace-olive-oil-1l,Delhi,110088,388,1049,63,1
2026-05-22-0900,2026-05-22,blinkit,jivo-pomace-olive-oil-1l,Delhi,110090,388,1049,63,1
2026-05-22-0900,2026-05-22,blinkit,jivo-pomace-olive-oil-1l,Delhi,110091,387,1049,63.1,1
2026-05-22-0900,2026-05-22,blinkit,jivo-pomace-olive-oil-1l,Delhi,110092,388,1049,63,1
2026-05-22-0900,2026-05-22,blinkit,jivo-pomace-olive-oil-1l,Delhi,110095,387,1049,63.1,1
2026-05-22-0900,2026-05-22,blinkit,jivo-pomace-olive-oil-1l,Faridabad,121001,387,1049,63.1,1
2026-05-22-0900,2026-05-22,blinkit,jivo-pomace-olive-oil-1l,Faridabad,121003,387,1049,63.1,1
2026-05-22-0900,2026-05-22,blinkit,jivo-pomace-olive-oil-1l,Faridabad,121011,389,1049,62.9,1
2026-05-22-0900,2026-05-22,blinkit,jivo-pomace-olive-oil-1l,Gurgaon,122001,388,1049,63,1
2026-05-22-0900,2026-05-22,blinkit,jivo-pomace-olive-oil-1l,Gurgaon,122004,387,1049,63.1,1
2026-05-22-0900,2026-05-22,blinkit,jivo-pomace-olive-oil-1l,Gurgaon,122006,389,1049,62.9,1
2026-05-22-0900,2026-05-22,blinkit,jivo-pomace-olive-oil-1l,Gurgaon,122010,388,1049,63,1
2026-05-22-0900,2026-05-22,blinkit,jivo-pomace-olive-oil-1l,Gurgaon,122051,442,1049,57.9,1
2026-05-22-0900,2026-05-22,blinkit,jivo-pomace-olive-oil-1l,Gurgaon,122101,442,1049,57.9,1
2026-05-22-0900,2026-05-22,blinkit,jivo-pomace-olive-oil-1l,Gurgaon,123003,388,1049,63,1
2026-05-22-0900,2026-05-22,blinkit,jivo-pomace-olive-oil-1l,Gurgaon,123413,388,1049,63,1
2026-05-22-0900,2026-05-22,blinkit,jivo-pomace-olive-oil-1l,Gurgaon,123505,387,1049,63.1,1
2026-05-22-0900,2026-05-22,blinkit,jivo-pomace-olive-oil-1l,Ludhiana,141014,385,1049,63.3,1
2026-05-22-0900,2026-05-22,blinkit,jivo-pomace-olive-oil-1l,Ludhiana,141015,385,1049,63.3,1
2026-05-22-0900,2026-05-22,blinkit,jivo-pomace-olive-oil-1l,Ludhiana,141017,385,1049,63.3,1
2026-05-22-0900,2026-05-22,blinkit,jivo-pomace-olive-oil-1l,Ludhiana,141122,385,1049,63.3,1
2026-05-22-0900,2026-05-22,blinkit,jivo-pomace-olive-oil-1l,Ludhiana,141412,385,1049,63.3,1
2026-05-22-0900,2026-05-22,blinkit,jivo-pomace-olive-oil-1l,Ludhiana,141421,385,1049,63.3,1
2026-05-22-0900,2026-05-22,blinkit,jivo-pomace-olive-oil-1l,Ludhiana,142022,387,1049,63.1,1
2026-05-22-0900,2026-05-22,blinkit,jivo-pomace-olive-oil-1l,Ludhiana,142027,385,1049,63.3,1
2026-05-22-0900,2026-05-22,blinkit,jivo-pomace-olive-oil-1l,Ludhiana,142036,385,1049,63.3,1
2026-05-22-0900,2026-05-22,blinkit,jivo-pomace-olive-oil-1l,Chandigarh,160001,385,1049,63.3,1
2026-05-22-0900,2026-05-22,blinkit,jivo-pomace-olive-oil-1l,Chandigarh,160011,388,1049,63,1
2026-05-22-0900,2026-05-22,blinkit,jivo-pomace-olive-oil-1l,Chandigarh,160014,388,1049,63,1
2026-05-22-0900,2026-05-22,blinkit,jivo-pomace-olive-oil-1l,Chandigarh,160021,388,1049,63,1
2026-05-22-0900,2026-05-22,blinkit,jivo-pomace-olive-oil-1l,Chandigarh,160030,388,1049,63,1
2026-05-22-0900,2026-05-22,blinkit,jivo-pomace-olive-oil-1l,Chandigarh,160035,385,1049,63.3,1
2026-05-22-0900,2026-05-22,blinkit,jivo-pomace-olive-oil-1l,Chandigarh,160043,385,1049,63.3,1
2026-05-22-0900,2026-05-22,blinkit,jivo-pomace-olive-oil-1l,Chandigarh,160055,388,1049,63,1
2026-05-22-0900,2026-05-22,blinkit,jivo-pomace-olive-oil-1l,Ghaziabad,201003,387,1049,63.1,1
2026-05-22-0900,2026-05-22,blinkit,jivo-pomace-olive-oil-1l,Ghaziabad,201005,387,1049,63.1,1
2026-05-22-0900,2026-05-22,blinkit,jivo-pomace-olive-oil-1l,Ghaziabad,201009,387,1049,63.1,1
2026-05-22-0900,2026-05-22,blinkit,jivo-pomace-olive-oil-1l,Ghaziabad,201302,387,1049,63.1,1
2026-05-22-0900,2026-05-22,blinkit,jivo-pomace-olive-oil-1l,Noida,201305,418,1049,60.2,1
2026-05-22-0900,2026-05-22,blinkit,jivo-pomace-olive-oil-1l,Noida,201306,388,1049,63,1
2026-05-22-0900,2026-05-22,blinkit,jivo-pomace-olive-oil-1l,Noida,201307,429,1049,59.1,1
2026-05-22-0900,2026-05-22,blinkit,jivo-pomace-olive-oil-1l,Noida,201309,443,1049,57.8,0
2026-05-22-0900,2026-05-22,blinkit,jivo-pomace-olive-oil-1l,Noida,201310,402,1049,61.7,1
2026-05-22-0900,2026-05-22,blinkit,jivo-pomace-olive-oil-1l,Jaipur,302001,348,1049,66.8,0
2026-05-22-0900,2026-05-22,blinkit,jivo-pomace-olive-oil-1l,Jaipur,302012,353,1049,66.3,0
2026-05-22-0900,2026-05-22,blinkit,jivo-pomace-olive-oil-1l,Jaipur,302016,348,1049,66.8,0
2026-05-22-0900,2026-05-22,blinkit,jivo-pomace-olive-oil-1l,Jaipur,302017,330,1049,68.5,0
2026-05-22-0900,2026-05-22,blinkit,jivo-pomace-olive-oil-1l,Jaipur,302018,353,1049,66.3,0
2026-05-22-0900,2026-05-22,blinkit,jivo-pomace-olive-oil-1l,Jaipur,302020,330,1049,68.5,0
2026-05-22-0900,2026-05-22,blinkit,jivo-pomace-olive-oil-1l,Jaipur,302021,353,1049,66.3,0
2026-05-22-0900,2026-05-22,blinkit,jivo-pomace-olive-oil-1l,Jaipur,302022,348,1049,66.8,0
2026-05-22-0900,2026-05-22,blinkit,jivo-pomace-olive-oil-1l,Jaipur,302023,353,1049,66.3,0
2026-05-22-0900,2026-05-22,blinkit,jivo-pomace-olive-oil-1l,Jaipur,302024,330,1049,68.5,0
2026-05-22-0900,2026-05-22,blinkit,jivo-pomace-olive-oil-1l,Jaipur,302025,353,1049,66.3,0
2026-05-22-0900,2026-05-22,blinkit,jivo-pomace-olive-oil-1l,Jaipur,302029,348,1049,66.8,0
2026-05-22-0900,2026-05-22,blinkit,jivo-pomace-olive-oil-1l,Jaipur,302032,353,1049,66.3,0
2026-05-22-0900,2026-05-22,blinkit,jivo-pomace-olive-oil-1l,Jaipur,303003,353,1049,66.3,0
2026-05-22-0900,2026-05-22,blinkit,jivo-pomace-olive-oil-1l,Jaipur,303602,353,1049,66.3,0
2026-05-22-0900,2026-05-22,blinkit,jivo-pomace-olive-oil-1l,Jaipur,303604,388,1049,63,1
2026-05-22-0900,2026-05-22,blinkit,jivo-pomace-olive-oil-1l,Mumbai,400003,387,1049,63.1,1
2026-05-22-0900,2026-05-22,blinkit,jivo-pomace-olive-oil-1l,Mumbai,400005,398,1049,62.1,1
2026-05-22-0900,2026-05-22,blinkit,jivo-pomace-olive-oil-1l,Mumbai,400006,443,1049,57.8,1
2026-05-22-0900,2026-05-22,blinkit,jivo-pomace-olive-oil-1l,Mumbai,400007,396,1049,62.2,1
2026-05-22-0900,2026-05-22,blinkit,jivo-pomace-olive-oil-1l,Mumbai,400010,388,1049,63,1
2026-05-22-0900,2026-05-22,blinkit,jivo-pomace-olive-oil-1l,Mumbai,400011,443,1049,57.8,1
2026-05-22-0900,2026-05-22,blinkit,jivo-pomace-olive-oil-1l,Mumbai,400012,388,1049,63,1
2026-05-22-0900,2026-05-22,blinkit,jivo-pomace-olive-oil-1l,Mumbai,400013,394,1049,62.4,1
2026-05-22-0900,2026-05-22,blinkit,jivo-pomace-olive-oil-1l,Mumbai,400015,394,1049,62.4,1
2026-05-22-0900,2026-05-22,blinkit,jivo-pomace-olive-oil-1l,Mumbai,400018,397,1049,62.2,1
2026-05-22-0900,2026-05-22,blinkit,jivo-pomace-olive-oil-1l,Mumbai,400019,389,1049,62.9,1
2026-05-22-0900,2026-05-22,blinkit,jivo-pomace-olive-oil-1l,Mumbai,400020,387,1049,63.1,1
2026-05-22-0900,2026-05-22,blinkit,jivo-pomace-olive-oil-1l,Mumbai,400021,398,1049,62.1,1
2026-05-22-0900,2026-05-22,blinkit,jivo-pomace-olive-oil-1l,Mumbai,400023,401,1049,61.8,1
2026-05-22-0900,2026-05-22,blinkit,jivo-pomace-olive-oil-1l,Mumbai,400025,389,1049,62.9,1
2026-05-22-0900,2026-05-22,blinkit,jivo-pomace-olive-oil-1l,Mumbai,400026,396,1049,62.2,1
2026-05-22-0900,2026-05-22,blinkit,jivo-pomace-olive-oil-1l,Mumbai,400030,394,1049,62.4,1
2026-05-22-0900,2026-05-22,blinkit,jivo-pomace-olive-oil-1l,Mumbai,400033,443,1049,57.8,1
2026-05-22-0900,2026-05-22,blinkit,jivo-pomace-olive-oil-1l,Mumbai,400041,392,1049,62.6,1
2026-05-22-0900,2026-05-22,blinkit,jivo-pomace-olive-oil-1l,Mumbai,400090,398,1049,62.1,1
2026-05-22-0900,2026-05-22,blinkit,jivo-pomace-olive-oil-1l,Mumbai,400601,494,1049,52.9,1
2026-05-22-0900,2026-05-22,blinkit,jivo-pomace-olive-oil-1l,Mumbai,400611,425,1049,59.5,1
2026-05-22-0900,2026-05-22,blinkit,jivo-pomace-olive-oil-1l,Mumbai,400703,424,1049,59.6,1
2026-05-22-0900,2026-05-22,blinkit,jivo-pomace-olive-oil-1l,Pune,410506,423,1049,59.7,1
2026-05-22-0900,2026-05-22,blinkit,jivo-pomace-olive-oil-1l,Pune,411004,385,1049,63.3,1
2026-05-22-0900,2026-05-22,blinkit,jivo-pomace-olive-oil-1l,Pune,411005,443,1049,57.8,1
2026-05-22-0900,2026-05-22,blinkit,jivo-pomace-olive-oil-1l,Pune,411011,391,1049,62.7,1
2026-05-22-0900,2026-05-22,blinkit,jivo-pomace-olive-oil-1l,Pune,411012,443,1049,57.8,1
2026-05-22-0900,2026-05-22,blinkit,jivo-pomace-olive-oil-1l,Pune,411014,387,1049,63.1,1
2026-05-22-0900,2026-05-22,blinkit,jivo-pomace-olive-oil-1l,Pune,411015,391,1049,62.7,1
2026-05-22-0900,2026-05-22,blinkit,jivo-pomace-olive-oil-1l,Pune,411021,392,1049,62.6,1
2026-05-22-0900,2026-05-22,blinkit,jivo-pomace-olive-oil-1l,Pune,411028,400,1049,61.9,1
2026-05-22-0900,2026-05-22,blinkit,jivo-pomace-olive-oil-1l,Pune,411035,388,1049,63,1
2026-05-22-0900,2026-05-22,blinkit,jivo-pomace-olive-oil-1l,Pune,411036,395,1049,62.3,1
2026-05-22-0900,2026-05-22,blinkit,jivo-pomace-olive-oil-1l,Pune,411045,408,1049,61.1,1
2026-05-22-0900,2026-05-22,blinkit,jivo-pomace-olive-oil-1l,Pune,411047,405,1049,61.4,1
2026-05-22-0900,2026-05-22,blinkit,jivo-pomace-olive-oil-1l,Pune,411051,395,1049,62.3,1
2026-05-22-0900,2026-05-22,blinkit,jivo-pomace-olive-oil-1l,Pune,412109,385,1049,63.3,1
2026-05-22-0900,2026-05-22,blinkit,jivo-pomace-olive-oil-1l,Pune,412114,385,1049,63.3,1
2026-05-22-0900,2026-05-22,blinkit,jivo-pomace-olive-oil-1l,Pune,412201,408,1049,61.1,1
2026-05-22-0900,2026-05-22,blinkit,jivo-pomace-olive-oil-1l,Indore,452001,314,1049,70.1,0
2026-05-22-0900,2026-05-22,blinkit,jivo-pomace-olive-oil-1l,Bengaluru,560014,388,1049,63,1
2026-05-22-0900,2026-05-22,blinkit,jivo-pomace-olive-oil-1l,Bengaluru,560019,389,1049,62.9,1
2026-05-22-0900,2026-05-22,blinkit,jivo-pomace-olive-oil-1l,Bengaluru,560028,388,1049,63,1
2026-05-22-0900,2026-05-22,blinkit,jivo-pomace-olive-oil-1l,Bengaluru,560029,388,1049,63,1
2026-05-22-0900,2026-05-22,blinkit,jivo-pomace-olive-oil-1l,Bengaluru,560039,388,1049,63,1
2026-05-22-0900,2026-05-22,blinkit,jivo-pomace-olive-oil-1l,Bengaluru,560040,388,1049,63,1
2026-05-22-0900,2026-05-22,blinkit,jivo-pomace-olive-oil-1l,Bengaluru,560069,388,1049,63,1
2026-05-22-0900,2026-05-22,blinkit,jivo-pomace-olive-oil-1l,Bengaluru,560087,388,1049,63,1
2026-05-22-0900,2026-05-22,blinkit,jivo-pomace-olive-oil-1l,Mysuru,570016,387,1049,63.1,1
2026-05-22-0900,2026-05-22,blinkit,jivo-pomace-olive-oil-1l,Mysuru,570018,387,1049,63.1,0
2026-05-22-0900,2026-05-22,blinkit,jivo-pomace-olive-oil-1l,Mysuru,570028,387,1049,63.1,1
2026-05-22-0900,2026-05-22,blinkit,jivo-pomace-olive-oil-1l,Mysuru,571311,399,1049,62,1
2026-05-22-0900,2026-05-22,blinkit,jivo-pomace-olive-oil-5l,Delhi,110001,1971,4999,60.6,1
2026-05-22-0900,2026-05-22,blinkit,jivo-pomace-olive-oil-5l,Delhi,110002,1971,4999,60.6,1
2026-05-22-0900,2026-05-22,blinkit,jivo-pomace-olive-oil-5l,Delhi,110003,1971,4999,60.6,1
2026-05-22-0900,2026-05-22,blinkit,jivo-pomace-olive-oil-5l,Delhi,110004,1971,4999,60.6,1
2026-05-22-0900,2026-05-22,blinkit,jivo-pomace-olive-oil-5l,Delhi,110006,1971,4999,60.6,1
2026-05-22-0900,2026-05-22,blinkit,jivo-pomace-olive-oil-5l,Delhi,110007,1971,4999,60.6,1
2026-05-22-0900,2026-05-22,blinkit,jivo-pomace-olive-oil-5l,Delhi,110008,1971,4999,60.6,1
2026-05-22-0900,2026-05-22,blinkit,jivo-pomace-olive-oil-5l,Delhi,110009,1971,4999,60.6,1
2026-05-22-0900,2026-05-22,blinkit,jivo-pomace-olive-oil-5l,Delhi,110010,1971,4999,60.6,1
2026-05-22-0900,2026-05-22,blinkit,jivo-pomace-olive-oil-5l,Delhi,110013,2198,4999,56,1
2026-05-22-0900,2026-05-22,blinkit,jivo-pomace-olive-oil-5l,Delhi,110014,1971,4999,60.6,1
2026-05-22-0900,2026-05-22,blinkit,jivo-pomace-olive-oil-5l,Delhi,110015,1971,4999,60.6,1
2026-05-22-0900,2026-05-22,blinkit,jivo-pomace-olive-oil-5l,Delhi,110016,1971,4999,60.6,1
2026-05-22-0900,2026-05-22,blinkit,jivo-pomace-olive-oil-5l,Delhi,110017,1971,4999,60.6,1
2026-05-22-0900,2026-05-22,blinkit,jivo-pomace-olive-oil-5l,Delhi,110018,1971,4999,60.6,1
2026-05-22-0900,2026-05-22,blinkit,jivo-pomace-olive-oil-5l,Delhi,110021,1971,4999,60.6,0
2026-05-22-0900,2026-05-22,blinkit,jivo-pomace-olive-oil-5l,Delhi,110024,2191,4999,56.2,1
2026-05-22-0900,2026-05-22,blinkit,jivo-pomace-olive-oil-5l,Delhi,110025,2198,4999,56,1
2026-05-22-0900,2026-05-22,blinkit,jivo-pomace-olive-oil-5l,Delhi,110026,1971,4999,60.6,1
2026-05-22-0900,2026-05-22,blinkit,jivo-pomace-olive-oil-5l,Delhi,110031,1971,4999,60.6,1
2026-05-22-0900,2026-05-22,blinkit,jivo-pomace-olive-oil-5l,Delhi,110032,1971,4999,60.6,1
2026-05-22-0900,2026-05-22,blinkit,jivo-pomace-olive-oil-5l,Delhi,110033,1979,4999,60.4,1
2026-05-22-0900,2026-05-22,blinkit,jivo-pomace-olive-oil-5l,Delhi,110035,1971,4999,60.6,1
2026-05-22-0900,2026-05-22,blinkit,jivo-pomace-olive-oil-5l,Delhi,110036,1971,4999,60.6,1
2026-05-22-0900,2026-05-22,blinkit,jivo-pomace-olive-oil-5l,Delhi,110037,1971,4999,60.6,1
2026-05-22-0900,2026-05-22,blinkit,jivo-pomace-olive-oil-5l,Delhi,110040,1971,4999,60.6,1
2026-05-22-0900,2026-05-22,blinkit,jivo-pomace-olive-oil-5l,Delhi,110041,2288,4999,54.2,1
2026-05-22-0900,2026-05-22,blinkit,jivo-pomace-olive-oil-5l,Delhi,110042,1971,4999,60.6,1
2026-05-22-0900,2026-05-22,blinkit,jivo-pomace-olive-oil-5l,Delhi,110044,1971,4999,60.6,1
2026-05-22-0900,2026-05-22,blinkit,jivo-pomace-olive-oil-5l,Delhi,110046,1971,4999,60.6,1
2026-05-22-0900,2026-05-22,blinkit,jivo-pomace-olive-oil-5l,Delhi,110048,1971,4999,60.6,1
2026-05-22-0900,2026-05-22,blinkit,jivo-pomace-olive-oil-5l,Delhi,110051,1971,4999,60.6,1
2026-05-22-0900,2026-05-22,blinkit,jivo-pomace-olive-oil-5l,Delhi,110052,1971,4999,60.6,1
2026-05-22-0900,2026-05-22,blinkit,jivo-pomace-olive-oil-5l,Delhi,110053,2288,4999,54.2,0
2026-05-22-0900,2026-05-22,blinkit,jivo-pomace-olive-oil-5l,Delhi,110054,1971,4999,60.6,1
2026-05-22-0900,2026-05-22,blinkit,jivo-pomace-olive-oil-5l,Delhi,110055,1971,4999,60.6,0
2026-05-22-0900,2026-05-22,blinkit,jivo-pomace-olive-oil-5l,Delhi,110061,1971,4999,60.6,1
2026-05-22-0900,2026-05-22,blinkit,jivo-pomace-olive-oil-5l,Delhi,110062,2191,4999,56.2,1
2026-05-22-0900,2026-05-22,blinkit,jivo-pomace-olive-oil-5l,Delhi,110065,2191,4999,56.2,1
2026-05-22-0900,2026-05-22,blinkit,jivo-pomace-olive-oil-5l,Delhi,110067,1971,4999,60.6,1
2026-05-22-0900,2026-05-22,blinkit,jivo-pomace-olive-oil-5l,Delhi,110070,1971,4999,60.6,1
2026-05-22-0900,2026-05-22,blinkit,jivo-pomace-olive-oil-5l,Delhi,110076,1971,4999,60.6,1
2026-05-22-0900,2026-05-22,blinkit,jivo-pomace-olive-oil-5l,Delhi,110081,1971,4999,60.6,1
2026-05-22-0900,2026-05-22,blinkit,jivo-pomace-olive-oil-5l,Delhi,110085,1971,4999,60.6,1
2026-05-22-0900,2026-05-22,blinkit,jivo-pomace-olive-oil-5l,Delhi,110088,1979,4999,60.4,1
2026-05-22-0900,2026-05-22,blinkit,jivo-pomace-olive-oil-5l,Delhi,110090,1971,4999,60.6,1
2026-05-22-0900,2026-05-22,blinkit,jivo-pomace-olive-oil-5l,Delhi,110091,1971,4999,60.6,1
2026-05-22-0900,2026-05-22,blinkit,jivo-pomace-olive-oil-5l,Delhi,110092,1971,4999,60.6,1
2026-05-22-0900,2026-05-22,blinkit,jivo-pomace-olive-oil-5l,Delhi,110095,1971,4999,60.6,1
2026-05-22-0900,2026-05-22,blinkit,jivo-pomace-olive-oil-5l,Faridabad,121001,1971,4999,60.6,1
2026-05-22-0900,2026-05-22,blinkit,jivo-pomace-olive-oil-5l,Faridabad,121003,1971,4999,60.6,1
2026-05-22-0900,2026-05-22,blinkit,jivo-pomace-olive-oil-5l,Faridabad,121011,1971,4999,60.6,1
2026-05-22-0900,2026-05-22,blinkit,jivo-pomace-olive-oil-5l,Gurgaon,122001,2191,4999,56.2,1
2026-05-22-0900,2026-05-22,blinkit,jivo-pomace-olive-oil-5l,Gurgaon,122004,2191,4999,56.2,1
2026-05-22-0900,2026-05-22,blinkit,jivo-pomace-olive-oil-5l,Gurgaon,122006,1971,4999,60.6,1
2026-05-22-0900,2026-05-22,blinkit,jivo-pomace-olive-oil-5l,Gurgaon,122010,2191,4999,56.2,1
2026-05-22-0900,2026-05-22,blinkit,jivo-pomace-olive-oil-5l,Gurgaon,122051,2191,4999,56.2,1
2026-05-22-0900,2026-05-22,blinkit,jivo-pomace-olive-oil-5l,Gurgaon,122101,2191,4999,56.2,1
2026-05-22-0900,2026-05-22,blinkit,jivo-pomace-olive-oil-5l,Gurgaon,123505,2191,4999,56.2,1
2026-05-22-0900,2026-05-22,blinkit,jivo-pomace-olive-oil-5l,Ludhiana,141015,1971,4999,60.6,1
2026-05-22-0900,2026-05-22,blinkit,jivo-pomace-olive-oil-5l,Ludhiana,141122,2059,4999,58.8,0
2026-05-22-0900,2026-05-22,blinkit,jivo-pomace-olive-oil-5l,Ludhiana,141412,1973,4999,60.5,1
2026-05-22-0900,2026-05-22,blinkit,jivo-pomace-olive-oil-5l,Ludhiana,141421,2026,4999,59.5,1
2026-05-22-0900,2026-05-22,blinkit,jivo-pomace-olive-oil-5l,Ludhiana,142022,1971,4999,60.6,0
2026-05-22-0900,2026-05-22,blinkit,jivo-pomace-olive-oil-5l,Ludhiana,142036,1971,4999,60.6,1
2026-05-22-0900,2026-05-22,blinkit,jivo-pomace-olive-oil-5l,Chandigarh,160001,1971,4999,60.6,1
2026-05-22-0900,2026-05-22,blinkit,jivo-pomace-olive-oil-5l,Chandigarh,160011,1971,4999,60.6,1
2026-05-22-0900,2026-05-22,blinkit,jivo-pomace-olive-oil-5l,Chandigarh,160014,1971,4999,60.6,1
2026-05-22-0900,2026-05-22,blinkit,jivo-pomace-olive-oil-5l,Chandigarh,160021,1971,4999,60.6,1
2026-05-22-0900,2026-05-22,blinkit,jivo-pomace-olive-oil-5l,Chandigarh,160030,1971,4999,60.6,1
2026-05-22-0900,2026-05-22,blinkit,jivo-pomace-olive-oil-5l,Chandigarh,160035,1971,4999,60.6,1
2026-05-22-0900,2026-05-22,blinkit,jivo-pomace-olive-oil-5l,Chandigarh,160043,1971,4999,60.6,1
2026-05-22-0900,2026-05-22,blinkit,jivo-pomace-olive-oil-5l,Chandigarh,160055,1971,4999,60.6,1
2026-05-22-0900,2026-05-22,blinkit,jivo-pomace-olive-oil-5l,Ghaziabad,201003,1974,4999,60.5,1
2026-05-22-0900,2026-05-22,blinkit,jivo-pomace-olive-oil-5l,Ghaziabad,201005,2198,4999,56,1
2026-05-22-0900,2026-05-22,blinkit,jivo-pomace-olive-oil-5l,Ghaziabad,201009,2241,4999,55.2,1
2026-05-22-0900,2026-05-22,blinkit,jivo-pomace-olive-oil-5l,Ghaziabad,201302,2163,4999,56.7,1
2026-05-22-0900,2026-05-22,blinkit,jivo-pomace-olive-oil-5l,Noida,201305,1982,4999,60.4,1
2026-05-22-0900,2026-05-22,blinkit,jivo-pomace-olive-oil-5l,Noida,201306,1990,4999,60.2,1
2026-05-22-0900,2026-05-22,blinkit,jivo-pomace-olive-oil-5l,Noida,201307,1993,4999,60.1,1
2026-05-22-0900,2026-05-22,blinkit,jivo-pomace-olive-oil-5l,Noida,201309,2061,4999,58.8,1
2026-05-22-0900,2026-05-22,blinkit,jivo-pomace-olive-oil-5l,Noida,201310,2248,4999,55,1
2026-05-22-0900,2026-05-22,blinkit,jivo-pomace-olive-oil-5l,Jaipur,302026,2162,4999,56.8,1
2026-05-22-0900,2026-05-22,blinkit,jivo-pomace-olive-oil-5l,Jaipur,303604,1971,4999,60.6,1
2026-05-22-0900,2026-05-22,blinkit,jivo-pomace-olive-oil-5l,Mumbai,400005,2061,4999,58.8,0
2026-05-22-0900,2026-05-22,blinkit,jivo-pomace-olive-oil-5l,Mumbai,400006,1983,4999,60.3,1
2026-05-22-0900,2026-05-22,blinkit,jivo-pomace-olive-oil-5l,Mumbai,400010,1983,4999,60.3,1
2026-05-22-0900,2026-05-22,blinkit,jivo-pomace-olive-oil-5l,Mumbai,400011,1983,4999,60.3,1
2026-05-22-0900,2026-05-22,blinkit,jivo-pomace-olive-oil-5l,Mumbai,400012,1984,4999,60.3,1
2026-05-22-0900,2026-05-22,blinkit,jivo-pomace-olive-oil-5l,Mumbai,400013,1983,4999,60.3,1
2026-05-22-0900,2026-05-22,blinkit,jivo-pomace-olive-oil-5l,Mumbai,400015,1983,4999,60.3,1
2026-05-22-0900,2026-05-22,blinkit,jivo-pomace-olive-oil-5l,Mumbai,400020,1984,4999,60.3,1
2026-05-22-0900,2026-05-22,blinkit,jivo-pomace-olive-oil-5l,Mumbai,400021,2061,4999,58.8,0
2026-05-22-0900,2026-05-22,blinkit,jivo-pomace-olive-oil-5l,Mumbai,400023,1983,4999,60.3,1
2026-05-22-0900,2026-05-22,blinkit,jivo-pomace-olive-oil-5l,Mumbai,400030,1983,4999,60.3,1
2026-05-22-0900,2026-05-22,blinkit,jivo-pomace-olive-oil-5l,Mumbai,400033,1983,4999,60.3,1
2026-05-22-0900,2026-05-22,blinkit,jivo-pomace-olive-oil-5l,Mumbai,400090,1981,4999,60.4,1
2026-05-22-0900,2026-05-22,blinkit,jivo-pomace-olive-oil-5l,Mumbai,400601,2010,4999,59.8,1
2026-05-22-0900,2026-05-22,blinkit,jivo-pomace-olive-oil-5l,Mumbai,400611,1981,4999,60.4,1
2026-05-22-0900,2026-05-22,blinkit,jivo-pomace-olive-oil-5l,Mumbai,400703,2061,4999,58.8,1
2026-05-22-0900,2026-05-22,blinkit,jivo-pomace-olive-oil-5l,Pune,410506,2163,4999,56.7,1
2026-05-22-0900,2026-05-22,blinkit,jivo-pomace-olive-oil-5l,Pune,411004,2009,4999,59.8,1
2026-05-22-0900,2026-05-22,blinkit,jivo-pomace-olive-oil-5l,Pune,411005,2009,4999,59.8,1
2026-05-22-0900,2026-05-22,blinkit,jivo-pomace-olive-oil-5l,Pune,411011,2112,4999,57.8,0
2026-05-22-0900,2026-05-22,blinkit,jivo-pomace-olive-oil-5l,Pune,411012,2071,4999,58.6,1
2026-05-22-0900,2026-05-22,blinkit,jivo-pomace-olive-oil-5l,Pune,411014,2009,4999,59.8,1
2026-05-22-0900,2026-05-22,blinkit,jivo-pomace-olive-oil-5l,Pune,411015,2009,4999,59.8,1
2026-05-22-0900,2026-05-22,blinkit,jivo-pomace-olive-oil-5l,Pune,411021,2291,4999,54.2,1
2026-05-22-0900,2026-05-22,blinkit,jivo-pomace-olive-oil-5l,Pune,411028,2112,4999,57.8,1
2026-05-22-0900,2026-05-22,blinkit,jivo-pomace-olive-oil-5l,Pune,411035,2112,4999,57.8,1
2026-05-22-0900,2026-05-22,blinkit,jivo-pomace-olive-oil-5l,Pune,411036,2163,4999,56.7,1
2026-05-22-0900,2026-05-22,blinkit,jivo-pomace-olive-oil-5l,Pune,411045,2013,4999,59.7,1
2026-05-22-0900,2026-05-22,blinkit,jivo-pomace-olive-oil-5l,Pune,411047,2112,4999,57.8,0
2026-05-22-0900,2026-05-22,blinkit,jivo-pomace-olive-oil-5l,Pune,411051,2112,4999,57.8,1
2026-05-22-0900,2026-05-22,blinkit,jivo-pomace-olive-oil-5l,Bengaluru,560014,1971,4999,60.6,1
2026-05-22-0900,2026-05-22,blinkit,jivo-pomace-olive-oil-5l,Bengaluru,560028,1971,4999,60.6,1
2026-05-22-0900,2026-05-22,blinkit,jivo-pomace-olive-oil-5l,Bengaluru,560029,1971,4999,60.6,1
2026-05-22-0900,2026-05-22,blinkit,jivo-pomace-olive-oil-5l,Bengaluru,560039,1971,4999,60.6,1
2026-05-22-0900,2026-05-22,blinkit,jivo-pomace-olive-oil-5l,Bengaluru,560040,1971,4999,60.6,1
2026-05-22-0900,2026-05-22,blinkit,jivo-pomace-olive-oil-5l,Bengaluru,560069,1971,4999,60.6,1
2026-05-22-0900,2026-05-22,blinkit,jivo-pomace-olive-oil-5l,Bengaluru,560087,1971,4999,60.6,1
2026-05-22-1200,2026-05-22,blinkit,jivo-cold-pressed-canola-oil-1l,Delhi,110001,258,375,31.2,1
2026-05-22-1200,2026-05-22,blinkit,jivo-cold-pressed-canola-oil-1l,Delhi,110002,258,375,31.2,1
2026-05-22-1200,2026-05-22,blinkit,jivo-cold-pressed-canola-oil-1l,Delhi,110003,373,375,0.5,1
2026-05-22-1200,2026-05-22,blinkit,jivo-cold-pressed-canola-oil-1l,Delhi,110004,283,375,24.5,1
2026-05-22-1200,2026-05-22,blinkit,jivo-cold-pressed-canola-oil-1l,Delhi,110006,262,375,30.1,1
2026-05-22-1200,2026-05-22,blinkit,jivo-cold-pressed-canola-oil-1l,Delhi,110007,373,375,0.5,1
2026-05-22-1200,2026-05-22,blinkit,jivo-cold-pressed-canola-oil-1l,Delhi,110008,258,375,31.2,1
2026-05-22-1200,2026-05-22,blinkit,jivo-cold-pressed-canola-oil-1l,Delhi,110009,258,375,31.2,1
2026-05-22-1200,2026-05-22,blinkit,jivo-cold-pressed-canola-oil-1l,Delhi,110010,258,375,31.2,1
2026-05-22-1200,2026-05-22,blinkit,jivo-cold-pressed-canola-oil-1l,Delhi,110013,258,375,31.2,1
2026-05-22-1200,2026-05-22,blinkit,jivo-cold-pressed-canola-oil-1l,Delhi,110014,258,375,31.2,1
2026-05-22-1200,2026-05-22,blinkit,jivo-cold-pressed-canola-oil-1l,Delhi,110015,259,375,30.9,1
2026-05-22-1200,2026-05-22,blinkit,jivo-cold-pressed-canola-oil-1l,Delhi,110016,258,375,31.2,1
2026-05-22-1200,2026-05-22,blinkit,jivo-cold-pressed-canola-oil-1l,Delhi,110017,258,375,31.2,1
2026-05-22-1200,2026-05-22,blinkit,jivo-cold-pressed-canola-oil-1l,Delhi,110018,258,375,31.2,1
2026-05-22-1200,2026-05-22,blinkit,jivo-cold-pressed-canola-oil-1l,Delhi,110021,259,375,30.9,1
2026-05-22-1200,2026-05-22,blinkit,jivo-cold-pressed-canola-oil-1l,Delhi,110024,258,375,31.2,1
2026-05-22-1200,2026-05-22,blinkit,jivo-cold-pressed-canola-oil-1l,Delhi,110025,259,375,30.9,1
2026-05-22-1200,2026-05-22,blinkit,jivo-cold-pressed-canola-oil-1l,Delhi,110026,258,375,31.2,1
2026-05-22-1200,2026-05-22,blinkit,jivo-cold-pressed-canola-oil-1l,Delhi,110031,258,375,31.2,1
2026-05-22-1200,2026-05-22,blinkit,jivo-cold-pressed-canola-oil-1l,Delhi,110032,258,375,31.2,1
2026-05-22-1200,2026-05-22,blinkit,jivo-cold-pressed-canola-oil-1l,Delhi,110033,258,375,31.2,1
2026-05-22-1200,2026-05-22,blinkit,jivo-cold-pressed-canola-oil-1l,Delhi,110035,265,375,29.3,1
2026-05-22-1200,2026-05-22,blinkit,jivo-cold-pressed-canola-oil-1l,Delhi,110037,278,375,25.9,1
2026-05-22-1200,2026-05-22,blinkit,jivo-cold-pressed-canola-oil-1l,Delhi,110039,262,375,30.1,1
2026-05-22-1200,2026-05-22,blinkit,jivo-cold-pressed-canola-oil-1l,Delhi,110040,267,375,28.8,1
2026-05-22-1200,2026-05-22,blinkit,jivo-cold-pressed-canola-oil-1l,Delhi,110041,258,375,31.2,1
2026-05-22-1200,2026-05-22,blinkit,jivo-cold-pressed-canola-oil-1l,Delhi,110042,258,375,31.2,1
2026-05-22-1200,2026-05-22,blinkit,jivo-cold-pressed-canola-oil-1l,Delhi,110044,258,375,31.2,1
2026-05-22-1200,2026-05-22,blinkit,jivo-cold-pressed-canola-oil-1l,Delhi,110046,260,375,30.7,1
2026-05-22-1200,2026-05-22,blinkit,jivo-cold-pressed-canola-oil-1l,Delhi,110048,259,375,30.9,1
2026-05-22-1200,2026-05-22,blinkit,jivo-cold-pressed-canola-oil-1l,Delhi,110051,373,375,0.5,1
2026-05-22-1200,2026-05-22,blinkit,jivo-cold-pressed-canola-oil-1l,Delhi,110052,258,375,31.2,1
2026-05-22-1200,2026-05-22,blinkit,jivo-cold-pressed-canola-oil-1l,Delhi,110053,258,375,31.2,1
2026-05-22-1200,2026-05-22,blinkit,jivo-cold-pressed-canola-oil-1l,Delhi,110054,258,375,31.2,1
2026-05-22-1200,2026-05-22,blinkit,jivo-cold-pressed-canola-oil-1l,Delhi,110055,373,375,0.5,1
2026-05-22-1200,2026-05-22,blinkit,jivo-cold-pressed-canola-oil-1l,Delhi,110061,258,375,31.2,1
2026-05-22-1200,2026-05-22,blinkit,jivo-cold-pressed-canola-oil-1l,Delhi,110062,258,375,31.2,1
2026-05-22-1200,2026-05-22,blinkit,jivo-cold-pressed-canola-oil-1l,Delhi,110065,259,375,30.9,1
2026-05-22-1200,2026-05-22,blinkit,jivo-cold-pressed-canola-oil-1l,Delhi,110067,259,375,30.9,0
2026-05-22-1200,2026-05-22,blinkit,jivo-cold-pressed-canola-oil-1l,Delhi,110070,265,375,29.3,1
2026-05-22-1200,2026-05-22,blinkit,jivo-cold-pressed-canola-oil-1l,Delhi,110076,258,375,31.2,1
2026-05-22-1200,2026-05-22,blinkit,jivo-cold-pressed-canola-oil-1l,Delhi,110081,258,375,31.2,1
2026-05-22-1200,2026-05-22,blinkit,jivo-cold-pressed-canola-oil-1l,Delhi,110083,262,375,30.1,1
2026-05-22-1200,2026-05-22,blinkit,jivo-cold-pressed-canola-oil-1l,Delhi,110084,267,375,28.8,1
2026-05-22-1200,2026-05-22,blinkit,jivo-cold-pressed-canola-oil-1l,Delhi,110085,258,375,31.2,1
2026-05-22-1200,2026-05-22,blinkit,jivo-cold-pressed-canola-oil-1l,Delhi,110088,262,375,30.1,1
2026-05-22-1200,2026-05-22,blinkit,jivo-cold-pressed-canola-oil-1l,Delhi,110090,260,375,30.7,1
2026-05-22-1200,2026-05-22,blinkit,jivo-cold-pressed-canola-oil-1l,Delhi,110091,259,375,30.9,1
2026-05-22-1200,2026-05-22,blinkit,jivo-cold-pressed-canola-oil-1l,Delhi,110092,258,375,31.2,1
2026-05-22-1200,2026-05-22,blinkit,jivo-cold-pressed-canola-oil-1l,Delhi,110095,260,375,30.7,1
2026-05-22-1200,2026-05-22,blinkit,jivo-cold-pressed-canola-oil-1l,Faridabad,121001,264,375,29.6,1
2026-05-22-1200,2026-05-22,blinkit,jivo-cold-pressed-canola-oil-1l,Faridabad,121003,259,375,30.9,1
2026-05-22-1200,2026-05-22,blinkit,jivo-cold-pressed-canola-oil-1l,Faridabad,121011,259,375,30.9,1
2026-05-22-1200,2026-05-22,blinkit,jivo-cold-pressed-canola-oil-1l,Gurgaon,122001,262,375,30.1,1
2026-05-22-1200,2026-05-22,blinkit,jivo-cold-pressed-canola-oil-1l,Gurgaon,122004,258,375,31.2,1
2026-05-22-1200,2026-05-22,blinkit,jivo-cold-pressed-canola-oil-1l,Gurgaon,122006,261,375,30.4,1
2026-05-22-1200,2026-05-22,blinkit,jivo-cold-pressed-canola-oil-1l,Gurgaon,122010,262,375,30.1,1
2026-05-22-1200,2026-05-22,blinkit,jivo-cold-pressed-canola-oil-1l,Gurgaon,122051,258,375,31.2,1
2026-05-22-1200,2026-05-22,blinkit,jivo-cold-pressed-canola-oil-1l,Gurgaon,122101,258,375,31.2,1
2026-05-22-1200,2026-05-22,blinkit,jivo-cold-pressed-canola-oil-1l,Gurgaon,123003,258,375,31.2,1
2026-05-22-1200,2026-05-22,blinkit,jivo-cold-pressed-canola-oil-1l,Gurgaon,123413,258,375,31.2,1
2026-05-22-1200,2026-05-22,blinkit,jivo-cold-pressed-canola-oil-1l,Gurgaon,123505,258,375,31.2,1
2026-05-22-1200,2026-05-22,blinkit,jivo-cold-pressed-canola-oil-1l,Ludhiana,141014,259,375,30.9,1
2026-05-22-1200,2026-05-22,blinkit,jivo-cold-pressed-canola-oil-1l,Ludhiana,141015,258,375,31.2,1
2026-05-22-1200,2026-05-22,blinkit,jivo-cold-pressed-canola-oil-1l,Ludhiana,141017,259,375,30.9,1
2026-05-22-1200,2026-05-22,blinkit,jivo-cold-pressed-canola-oil-1l,Ludhiana,141122,258,375,31.2,1
2026-05-22-1200,2026-05-22,blinkit,jivo-cold-pressed-canola-oil-1l,Ludhiana,141412,258,375,31.2,1
2026-05-22-1200,2026-05-22,blinkit,jivo-cold-pressed-canola-oil-1l,Ludhiana,141421,258,375,31.2,1
2026-05-22-1200,2026-05-22,blinkit,jivo-cold-pressed-canola-oil-1l,Ludhiana,142022,263,375,29.9,1
2026-05-22-1200,2026-05-22,blinkit,jivo-cold-pressed-canola-oil-1l,Ludhiana,142027,258,375,31.2,1
2026-05-22-1200,2026-05-22,blinkit,jivo-cold-pressed-canola-oil-1l,Ludhiana,142036,258,375,31.2,1
2026-05-22-1200,2026-05-22,blinkit,jivo-cold-pressed-canola-oil-1l,Chandigarh,160001,258,375,31.2,1
2026-05-22-1200,2026-05-22,blinkit,jivo-cold-pressed-canola-oil-1l,Chandigarh,160011,258,375,31.2,1
2026-05-22-1200,2026-05-22,blinkit,jivo-cold-pressed-canola-oil-1l,Chandigarh,160014,258,375,31.2,1
2026-05-22-1200,2026-05-22,blinkit,jivo-cold-pressed-canola-oil-1l,Chandigarh,160021,258,375,31.2,1
2026-05-22-1200,2026-05-22,blinkit,jivo-cold-pressed-canola-oil-1l,Chandigarh,160030,258,375,31.2,1
2026-05-22-1200,2026-05-22,blinkit,jivo-cold-pressed-canola-oil-1l,Chandigarh,160035,260,375,30.7,1
2026-05-22-1200,2026-05-22,blinkit,jivo-cold-pressed-canola-oil-1l,Chandigarh,160043,258,375,31.2,1
2026-05-22-1200,2026-05-22,blinkit,jivo-cold-pressed-canola-oil-1l,Chandigarh,160055,258,375,31.2,1
2026-05-22-1200,2026-05-22,blinkit,jivo-cold-pressed-canola-oil-1l,Ghaziabad,201003,279,375,25.6,1
2026-05-22-1200,2026-05-22,blinkit,jivo-cold-pressed-canola-oil-1l,Ghaziabad,201005,261,375,30.4,1
2026-05-22-1200,2026-05-22,blinkit,jivo-cold-pressed-canola-oil-1l,Ghaziabad,201009,260,375,30.7,1
2026-05-22-1200,2026-05-22,blinkit,jivo-cold-pressed-canola-oil-1l,Ghaziabad,201302,268,375,28.5,1
2026-05-22-1200,2026-05-22,blinkit,jivo-cold-pressed-canola-oil-1l,Noida,201305,258,375,31.2,1
2026-05-22-1200,2026-05-22,blinkit,jivo-cold-pressed-canola-oil-1l,Noida,201306,261,375,30.4,1
2026-05-22-1200,2026-05-22,blinkit,jivo-cold-pressed-canola-oil-1l,Noida,201307,260,375,30.7,1
2026-05-22-1200,2026-05-22,blinkit,jivo-cold-pressed-canola-oil-1l,Noida,201309,258,375,31.2,1
2026-05-22-1200,2026-05-22,blinkit,jivo-cold-pressed-canola-oil-1l,Noida,201310,283,375,24.5,1
2026-05-22-1200,2026-05-22,blinkit,jivo-cold-pressed-canola-oil-1l,Jaipur,302018,258,375,31.2,1
2026-05-22-1200,2026-05-22,blinkit,jivo-cold-pressed-canola-oil-1l,Jaipur,303120,258,375,31.2,1
2026-05-22-1200,2026-05-22,blinkit,jivo-cold-pressed-canola-oil-1l,Mumbai,400003,253,375,32.5,1
2026-05-22-1200,2026-05-22,blinkit,jivo-cold-pressed-canola-oil-1l,Mumbai,400005,253,375,32.5,1
2026-05-22-1200,2026-05-22,blinkit,jivo-cold-pressed-canola-oil-1l,Mumbai,400006,255,375,32,1
2026-05-22-1200,2026-05-22,blinkit,jivo-cold-pressed-canola-oil-1l,Mumbai,400007,252,375,32.8,1
2026-05-22-1200,2026-05-22,blinkit,jivo-cold-pressed-canola-oil-1l,Mumbai,400010,274,375,26.9,1
2026-05-22-1200,2026-05-22,blinkit,jivo-cold-pressed-canola-oil-1l,Mumbai,400011,258,375,31.2,1
2026-05-22-1200,2026-05-22,blinkit,jivo-cold-pressed-canola-oil-1l,Mumbai,400012,253,375,32.5,1
2026-05-22-1200,2026-05-22,blinkit,jivo-cold-pressed-canola-oil-1l,Mumbai,400013,253,375,32.5,1
2026-05-22-1200,2026-05-22,blinkit,jivo-cold-pressed-canola-oil-1l,Mumbai,400015,258,375,31.2,1
2026-05-22-1200,2026-05-22,blinkit,jivo-cold-pressed-canola-oil-1l,Mumbai,400018,272,375,27.5,1
2026-05-22-1200,2026-05-22,blinkit,jivo-cold-pressed-canola-oil-1l,Mumbai,400019,253,375,32.5,1
2026-05-22-1200,2026-05-22,blinkit,jivo-cold-pressed-canola-oil-1l,Mumbai,400020,253,375,32.5,0
2026-05-22-1200,2026-05-22,blinkit,jivo-cold-pressed-canola-oil-1l,Mumbai,400021,253,375,32.5,1
2026-05-22-1200,2026-05-22,blinkit,jivo-cold-pressed-canola-oil-1l,Mumbai,400023,255,375,32,1
2026-05-22-1200,2026-05-22,blinkit,jivo-cold-pressed-canola-oil-1l,Mumbai,400025,258,375,31.2,1
2026-05-22-1200,2026-05-22,blinkit,jivo-cold-pressed-canola-oil-1l,Mumbai,400026,252,375,32.8,1
2026-05-22-1200,2026-05-22,blinkit,jivo-cold-pressed-canola-oil-1l,Mumbai,400030,253,375,32.5,1
2026-05-22-1200,2026-05-22,blinkit,jivo-cold-pressed-canola-oil-1l,Mumbai,400033,255,375,32,1
2026-05-22-1200,2026-05-22,blinkit,jivo-cold-pressed-canola-oil-1l,Mumbai,400041,253,375,32.5,1
2026-05-22-1200,2026-05-22,blinkit,jivo-cold-pressed-canola-oil-1l,Mumbai,400090,255,375,32,1
2026-05-22-1200,2026-05-22,blinkit,jivo-cold-pressed-canola-oil-1l,Mumbai,400601,272,375,27.5,1
2026-05-22-1200,2026-05-22,blinkit,jivo-cold-pressed-canola-oil-1l,Mumbai,400611,254,375,32.3,1
2026-05-22-1200,2026-05-22,blinkit,jivo-cold-pressed-canola-oil-1l,Mumbai,400703,258,375,31.2,1
2026-05-22-1200,2026-05-22,blinkit,jivo-cold-pressed-canola-oil-1l,Pune,411014,365,375,2.7,0
2026-05-22-1200,2026-05-22,blinkit,jivo-cold-pressed-canola-oil-1l,Pune,411021,365,375,2.7,0
2026-05-22-1200,2026-05-22,blinkit,jivo-cold-pressed-canola-oil-1l,Pune,411028,365,375,2.7,0
2026-05-22-1200,2026-05-22,blinkit,jivo-cold-pressed-canola-oil-1l,Bengaluru,560014,258,375,31.2,1
2026-05-22-1200,2026-05-22,blinkit,jivo-cold-pressed-canola-oil-1l,Bengaluru,560019,258,375,31.2,1
2026-05-22-1200,2026-05-22,blinkit,jivo-cold-pressed-canola-oil-1l,Bengaluru,560028,258,375,31.2,1
2026-05-22-1200,2026-05-22,blinkit,jivo-cold-pressed-canola-oil-1l,Bengaluru,560039,247,375,34.1,1
2026-05-22-1200,2026-05-22,blinkit,jivo-cold-pressed-canola-oil-1l,Bengaluru,560040,258,375,31.2,1
2026-05-22-1200,2026-05-22,blinkit,jivo-cold-pressed-canola-oil-1l,Bengaluru,560069,258,375,31.2,1
2026-05-22-1200,2026-05-22,blinkit,jivo-cold-pressed-canola-oil-1l,Bengaluru,560073,258,375,31.2,1
2026-05-22-1200,2026-05-22,blinkit,jivo-cold-pressed-canola-oil-1l,Bengaluru,560087,258,375,31.2,1
2026-05-22-1200,2026-05-22,blinkit,jivo-cold-pressed-canola-oil-1l,Mysuru,570016,270,375,28,1
2026-05-22-1200,2026-05-22,blinkit,jivo-cold-pressed-canola-oil-1l,Mysuru,570026,256,375,31.7,1
2026-05-22-1200,2026-05-22,blinkit,jivo-cold-pressed-canola-oil-1l,Mysuru,570028,258,375,31.2,1
2026-05-22-1200,2026-05-22,blinkit,jivo-cold-pressed-canola-oil-1l,Mysuru,571311,247,375,34.1,1
2026-05-22-1200,2026-05-22,blinkit,jivo-cold-pressed-canola-oil-5l,Delhi,110001,1050,1650,36.4,1
2026-05-22-1200,2026-05-22,blinkit,jivo-cold-pressed-canola-oil-5l,Delhi,110002,1050,1650,36.4,1
2026-05-22-1200,2026-05-22,blinkit,jivo-cold-pressed-canola-oil-5l,Delhi,110003,1069,1650,35.2,1
2026-05-22-1200,2026-05-22,blinkit,jivo-cold-pressed-canola-oil-5l,Delhi,110004,1069,1650,35.2,1
2026-05-22-1200,2026-05-22,blinkit,jivo-cold-pressed-canola-oil-5l,Delhi,110006,1069,1650,35.2,1
2026-05-22-1200,2026-05-22,blinkit,jivo-cold-pressed-canola-oil-5l,Delhi,110007,1069,1650,35.2,1
2026-05-22-1200,2026-05-22,blinkit,jivo-cold-pressed-canola-oil-5l,Delhi,110008,1050,1650,36.4,1
2026-05-22-1200,2026-05-22,blinkit,jivo-cold-pressed-canola-oil-5l,Delhi,110009,1050,1650,36.4,1
2026-05-22-1200,2026-05-22,blinkit,jivo-cold-pressed-canola-oil-5l,Delhi,110010,1050,1650,36.4,1
2026-05-22-1200,2026-05-22,blinkit,jivo-cold-pressed-canola-oil-5l,Delhi,110013,1050,1650,36.4,1
2026-05-22-1200,2026-05-22,blinkit,jivo-cold-pressed-canola-oil-5l,Delhi,110014,1050,1650,36.4,1
2026-05-22-1200,2026-05-22,blinkit,jivo-cold-pressed-canola-oil-5l,Delhi,110015,1069,1650,35.2,1
2026-05-22-1200,2026-05-22,blinkit,jivo-cold-pressed-canola-oil-5l,Delhi,110016,1050,1650,36.4,1
2026-05-22-1200,2026-05-22,blinkit,jivo-cold-pressed-canola-oil-5l,Delhi,110017,1069,1650,35.2,1
2026-05-22-1200,2026-05-22,blinkit,jivo-cold-pressed-canola-oil-5l,Delhi,110018,1050,1650,36.4,1
2026-05-22-1200,2026-05-22,blinkit,jivo-cold-pressed-canola-oil-5l,Delhi,110021,1069,1650,35.2,1
2026-05-22-1200,2026-05-22,blinkit,jivo-cold-pressed-canola-oil-5l,Delhi,110024,1069,1650,35.2,1
2026-05-22-1200,2026-05-22,blinkit,jivo-cold-pressed-canola-oil-5l,Delhi,110025,1069,1650,35.2,0
2026-05-22-1200,2026-05-22,blinkit,jivo-cold-pressed-canola-oil-5l,Delhi,110026,1050,1650,36.4,1
2026-05-22-1200,2026-05-22,blinkit,jivo-cold-pressed-canola-oil-5l,Delhi,110031,1050,1650,36.4,1
2026-05-22-1200,2026-05-22,blinkit,jivo-cold-pressed-canola-oil-5l,Delhi,110032,1050,1650,36.4,1
2026-05-22-1200,2026-05-22,blinkit,jivo-cold-pressed-canola-oil-5l,Delhi,110033,1050,1650,36.4,1
2026-05-22-1200,2026-05-22,blinkit,jivo-cold-pressed-canola-oil-5l,Delhi,110035,1069,1650,35.2,1
2026-05-22-1200,2026-05-22,blinkit,jivo-cold-pressed-canola-oil-5l,Delhi,110037,1069,1650,35.2,1
2026-05-22-1200,2026-05-22,blinkit,jivo-cold-pressed-canola-oil-5l,Delhi,110039,1069,1650,35.2,0
2026-05-22-1200,2026-05-22,blinkit,jivo-cold-pressed-canola-oil-5l,Delhi,110040,1340,1650,18.8,1
2026-05-22-1200,2026-05-22,blinkit,jivo-cold-pressed-canola-oil-5l,Delhi,110041,1050,1650,36.4,1
2026-05-22-1200,2026-05-22,blinkit,jivo-cold-pressed-canola-oil-5l,Delhi,110042,1069,1650,35.2,0
2026-05-22-1200,2026-05-22,blinkit,jivo-cold-pressed-canola-oil-5l,Delhi,110044,1050,1650,36.4,1
2026-05-22-1200,2026-05-22,blinkit,jivo-cold-pressed-canola-oil-5l,Delhi,110046,1069,1650,35.2,1
2026-05-22-1200,2026-05-22,blinkit,jivo-cold-pressed-canola-oil-5l,Delhi,110048,1069,1650,35.2,1
2026-05-22-1200,2026-05-22,blinkit,jivo-cold-pressed-canola-oil-5l,Delhi,110051,1069,1650,35.2,1
2026-05-22-1200,2026-05-22,blinkit,jivo-cold-pressed-canola-oil-5l,Delhi,110052,1050,1650,36.4,1
2026-05-22-1200,2026-05-22,blinkit,jivo-cold-pressed-canola-oil-5l,Delhi,110053,1050,1650,36.4,1
2026-05-22-1200,2026-05-22,blinkit,jivo-cold-pressed-canola-oil-5l,Delhi,110054,1069,1650,35.2,1
2026-05-22-1200,2026-05-22,blinkit,jivo-cold-pressed-canola-oil-5l,Delhi,110055,1069,1650,35.2,1
2026-05-22-1200,2026-05-22,blinkit,jivo-cold-pressed-canola-oil-5l,Delhi,110061,1050,1650,36.4,1
2026-05-22-1200,2026-05-22,blinkit,jivo-cold-pressed-canola-oil-5l,Delhi,110062,1050,1650,36.4,1
2026-05-22-1200,2026-05-22,blinkit,jivo-cold-pressed-canola-oil-5l,Delhi,110065,1069,1650,35.2,1
2026-05-22-1200,2026-05-22,blinkit,jivo-cold-pressed-canola-oil-5l,Delhi,110067,1069,1650,35.2,1
2026-05-22-1200,2026-05-22,blinkit,jivo-cold-pressed-canola-oil-5l,Delhi,110070,1069,1650,35.2,1
2026-05-22-1200,2026-05-22,blinkit,jivo-cold-pressed-canola-oil-5l,Delhi,110076,1050,1650,36.4,1
2026-05-22-1200,2026-05-22,blinkit,jivo-cold-pressed-canola-oil-5l,Delhi,110081,1050,1650,36.4,1
2026-05-22-1200,2026-05-22,blinkit,jivo-cold-pressed-canola-oil-5l,Delhi,110083,1069,1650,35.2,0
2026-05-22-1200,2026-05-22,blinkit,jivo-cold-pressed-canola-oil-5l,Delhi,110084,1069,1650,35.2,1
2026-05-22-1200,2026-05-22,blinkit,jivo-cold-pressed-canola-oil-5l,Delhi,110085,1069,1650,35.2,1
2026-05-22-1200,2026-05-22,blinkit,jivo-cold-pressed-canola-oil-5l,Delhi,110088,1069,1650,35.2,1
2026-05-22-1200,2026-05-22,blinkit,jivo-cold-pressed-canola-oil-5l,Delhi,110090,1069,1650,35.2,1
2026-05-22-1200,2026-05-22,blinkit,jivo-cold-pressed-canola-oil-5l,Delhi,110091,1069,1650,35.2,1
2026-05-22-1200,2026-05-22,blinkit,jivo-cold-pressed-canola-oil-5l,Delhi,110092,1050,1650,36.4,1
2026-05-22-1200,2026-05-22,blinkit,jivo-cold-pressed-canola-oil-5l,Delhi,110095,1069,1650,35.2,1
2026-05-22-1200,2026-05-22,blinkit,jivo-cold-pressed-canola-oil-5l,Faridabad,121001,1050,1650,36.4,1
2026-05-22-1200,2026-05-22,blinkit,jivo-cold-pressed-canola-oil-5l,Faridabad,121003,1182,1650,28.4,0
2026-05-22-1200,2026-05-22,blinkit,jivo-cold-pressed-canola-oil-5l,Faridabad,121011,1184,1650,28.2,1
2026-05-22-1200,2026-05-22,blinkit,jivo-cold-pressed-canola-oil-5l,Gurgaon,122001,1529,1650,7.3,1
2026-05-22-1200,2026-05-22,blinkit,jivo-cold-pressed-canola-oil-5l,Gurgaon,122004,1529,1650,7.3,1
2026-05-22-1200,2026-05-22,blinkit,jivo-cold-pressed-canola-oil-5l,Gurgaon,122006,1184,1650,28.2,0
2026-05-22-1200,2026-05-22,blinkit,jivo-cold-pressed-canola-oil-5l,Gurgaon,122010,1529,1650,7.3,1
2026-05-22-1200,2026-05-22,blinkit,jivo-cold-pressed-canola-oil-5l,Gurgaon,122051,1097,1650,33.5,1
2026-05-22-1200,2026-05-22,blinkit,jivo-cold-pressed-canola-oil-5l,Gurgaon,122101,1097,1650,33.5,1
2026-05-22-1200,2026-05-22,blinkit,jivo-cold-pressed-canola-oil-5l,Gurgaon,123505,1529,1650,7.3,1
2026-05-22-1200,2026-05-22,blinkit,jivo-cold-pressed-canola-oil-5l,Ludhiana,141014,1186,1650,28.1,1
2026-05-22-1200,2026-05-22,blinkit,jivo-cold-pressed-canola-oil-5l,Ludhiana,141015,1050,1650,36.4,1
2026-05-22-1200,2026-05-22,blinkit,jivo-cold-pressed-canola-oil-5l,Ludhiana,141017,1186,1650,28.1,1
2026-05-22-1200,2026-05-22,blinkit,jivo-cold-pressed-canola-oil-5l,Ludhiana,141122,1051,1650,36.3,0
2026-05-22-1200,2026-05-22,blinkit,jivo-cold-pressed-canola-oil-5l,Ludhiana,141412,1058,1650,35.9,1
2026-05-22-1200,2026-05-22,blinkit,jivo-cold-pressed-canola-oil-5l,Ludhiana,141421,1186,1650,28.1,1
2026-05-22-1200,2026-05-22,blinkit,jivo-cold-pressed-canola-oil-5l,Ludhiana,142022,1186,1650,28.1,0
2026-05-22-1200,2026-05-22,blinkit,jivo-cold-pressed-canola-oil-5l,Ludhiana,142027,1186,1650,28.1,0
2026-05-22-1200,2026-05-22,blinkit,jivo-cold-pressed-canola-oil-5l,Ludhiana,142036,1050,1650,36.4,1
2026-05-22-1200,2026-05-22,blinkit,jivo-cold-pressed-canola-oil-5l,Chandigarh,160001,1050,1650,36.4,1
2026-05-22-1200,2026-05-22,blinkit,jivo-cold-pressed-canola-oil-5l,Chandigarh,160011,1050,1650,36.4,1
2026-05-22-1200,2026-05-22,blinkit,jivo-cold-pressed-canola-oil-5l,Chandigarh,160014,1334,1650,19.2,1
2026-05-22-1200,2026-05-22,blinkit,jivo-cold-pressed-canola-oil-5l,Chandigarh,160021,1050,1650,36.4,1
2026-05-22-1200,2026-05-22,blinkit,jivo-cold-pressed-canola-oil-5l,Chandigarh,160030,1150,1650,30.3,0
2026-05-22-1200,2026-05-22,blinkit,jivo-cold-pressed-canola-oil-5l,Chandigarh,160035,1186,1650,28.1,0
2026-05-22-1200,2026-05-22,blinkit,jivo-cold-pressed-canola-oil-5l,Chandigarh,160043,1050,1650,36.4,1
2026-05-22-1200,2026-05-22,blinkit,jivo-cold-pressed-canola-oil-5l,Chandigarh,160055,1050,1650,36.4,1
2026-05-22-1200,2026-05-22,blinkit,jivo-cold-pressed-canola-oil-5l,Ghaziabad,201003,1310,1650,20.6,1
2026-05-22-1200,2026-05-22,blinkit,jivo-cold-pressed-canola-oil-5l,Ghaziabad,201005,1072,1650,35,1
2026-05-22-1200,2026-05-22,blinkit,jivo-cold-pressed-canola-oil-5l,Ghaziabad,201009,1103,1650,33.2,1
2026-05-22-1200,2026-05-22,blinkit,jivo-cold-pressed-canola-oil-5l,Ghaziabad,201302,1139,1650,31,1
2026-05-22-1200,2026-05-22,blinkit,jivo-cold-pressed-canola-oil-5l,Noida,201305,1059,1650,35.8,1
2026-05-22-1200,2026-05-22,blinkit,jivo-cold-pressed-canola-oil-5l,Noida,201306,1056,1650,36,0
2026-05-22-1200,2026-05-22,blinkit,jivo-cold-pressed-canola-oil-5l,Noida,201307,1153,1650,30.1,0
2026-05-22-1200,2026-05-22,blinkit,jivo-cold-pressed-canola-oil-5l,Noida,201309,1351,1650,18.1,1
2026-05-22-1200,2026-05-22,blinkit,jivo-cold-pressed-canola-oil-5l,Noida,201310,1071,1650,35.1,1
2026-05-22-1200,2026-05-22,blinkit,jivo-cold-pressed-canola-oil-5l,Jaipur,302018,1050,1650,36.4,1
2026-05-22-1200,2026-05-22,blinkit,jivo-cold-pressed-canola-oil-5l,Jaipur,303120,1050,1650,36.4,1
2026-05-22-1200,2026-05-22,blinkit,jivo-cold-pressed-canola-oil-5l,Jaipur,303602,1097,1650,33.5,0
2026-05-22-1200,2026-05-22,blinkit,jivo-cold-pressed-canola-oil-5l,Mumbai,400011,1050,1650,36.4,1
2026-05-22-1200,2026-05-22,blinkit,jivo-cold-pressed-canola-oil-5l,Mumbai,400015,1050,1650,36.4,1
2026-05-22-1200,2026-05-22,blinkit,jivo-cold-pressed-canola-oil-5l,Mumbai,400703,1050,1650,36.4,1
2026-05-22-1200,2026-05-22,blinkit,jivo-cold-pressed-canola-oil-5l,Bengaluru,560014,1050,1650,36.4,1
2026-05-22-1200,2026-05-22,blinkit,jivo-cold-pressed-canola-oil-5l,Bengaluru,560019,1050,1650,36.4,1
2026-05-22-1200,2026-05-22,blinkit,jivo-cold-pressed-canola-oil-5l,Bengaluru,560028,1050,1650,36.4,1
2026-05-22-1200,2026-05-22,blinkit,jivo-cold-pressed-canola-oil-5l,Bengaluru,560040,1050,1650,36.4,1
2026-05-22-1200,2026-05-22,blinkit,jivo-cold-pressed-canola-oil-5l,Bengaluru,560069,1050,1650,36.4,1
2026-05-22-1200,2026-05-22,blinkit,jivo-cold-pressed-canola-oil-5l,Bengaluru,560073,1050,1650,36.4,1
2026-05-22-1200,2026-05-22,blinkit,jivo-cold-pressed-canola-oil-5l,Bengaluru,560087,1050,1650,36.4,1
2026-05-22-1200,2026-05-22,blinkit,jivo-cold-pressed-canola-oil-5l,Mysuru,570028,1050,1650,36.4,1
2026-05-22-1200,2026-05-22,blinkit,jivo-cold-pressed-sunflower-oil-1l,Ludhiana,141014,190,275,30.9,1
2026-05-22-1200,2026-05-22,blinkit,jivo-cold-pressed-sunflower-oil-1l,Ludhiana,141015,190,275,30.9,1
2026-05-22-1200,2026-05-22,blinkit,jivo-cold-pressed-sunflower-oil-1l,Ludhiana,141017,190,275,30.9,1
2026-05-22-1200,2026-05-22,blinkit,jivo-cold-pressed-sunflower-oil-1l,Ludhiana,141122,190,275,30.9,1
2026-05-22-1200,2026-05-22,blinkit,jivo-cold-pressed-sunflower-oil-1l,Ludhiana,141412,190,275,30.9,1
2026-05-22-1200,2026-05-22,blinkit,jivo-cold-pressed-sunflower-oil-1l,Ludhiana,141421,190,275,30.9,1
2026-05-22-1200,2026-05-22,blinkit,jivo-cold-pressed-sunflower-oil-1l,Ludhiana,142022,190,275,30.9,1
2026-05-22-1200,2026-05-22,blinkit,jivo-cold-pressed-sunflower-oil-1l,Ludhiana,142027,190,275,30.9,1
2026-05-22-1200,2026-05-22,blinkit,jivo-cold-pressed-sunflower-oil-1l,Ludhiana,142036,190,275,30.9,1
2026-05-22-1200,2026-05-22,blinkit,jivo-cold-pressed-sunflower-oil-1l,Chandigarh,160011,190,275,30.9,1
2026-05-22-1200,2026-05-22,blinkit,jivo-cold-pressed-sunflower-oil-1l,Chandigarh,160014,190,275,30.9,1
2026-05-22-1200,2026-05-22,blinkit,jivo-cold-pressed-sunflower-oil-1l,Chandigarh,160021,190,275,30.9,1
2026-05-22-1200,2026-05-22,blinkit,jivo-cold-pressed-sunflower-oil-1l,Chandigarh,160030,190,275,30.9,1
2026-05-22-1200,2026-05-22,blinkit,jivo-cold-pressed-sunflower-oil-1l,Chandigarh,160035,202,275,26.5,1
2026-05-22-1200,2026-05-22,blinkit,jivo-cold-pressed-sunflower-oil-1l,Mumbai,400003,190,275,30.9,1
2026-05-22-1200,2026-05-22,blinkit,jivo-cold-pressed-sunflower-oil-1l,Mumbai,400005,190,275,30.9,1
2026-05-22-1200,2026-05-22,blinkit,jivo-cold-pressed-sunflower-oil-1l,Mumbai,400006,190,275,30.9,1
2026-05-22-1200,2026-05-22,blinkit,jivo-cold-pressed-sunflower-oil-1l,Mumbai,400007,190,275,30.9,1
2026-05-22-1200,2026-05-22,blinkit,jivo-cold-pressed-sunflower-oil-1l,Mumbai,400010,190,275,30.9,1
2026-05-22-1200,2026-05-22,blinkit,jivo-cold-pressed-sunflower-oil-1l,Mumbai,400012,190,275,30.9,1
2026-05-22-1200,2026-05-22,blinkit,jivo-cold-pressed-sunflower-oil-1l,Mumbai,400013,190,275,30.9,1
2026-05-22-1200,2026-05-22,blinkit,jivo-cold-pressed-sunflower-oil-1l,Mumbai,400018,181,275,34.2,1
2026-05-22-1200,2026-05-22,blinkit,jivo-cold-pressed-sunflower-oil-1l,Mumbai,400019,190,275,30.9,1
2026-05-22-1200,2026-05-22,blinkit,jivo-cold-pressed-sunflower-oil-1l,Mumbai,400020,190,275,30.9,1
2026-05-22-1200,2026-05-22,blinkit,jivo-cold-pressed-sunflower-oil-1l,Mumbai,400021,190,275,30.9,1
2026-05-22-1200,2026-05-22,blinkit,jivo-cold-pressed-sunflower-oil-1l,Mumbai,400023,190,275,30.9,1
2026-05-22-1200,2026-05-22,blinkit,jivo-cold-pressed-sunflower-oil-1l,Mumbai,400025,190,275,30.9,1
2026-05-22-1200,2026-05-22,blinkit,jivo-cold-pressed-sunflower-oil-1l,Mumbai,400026,190,275,30.9,1
2026-05-22-1200,2026-05-22,blinkit,jivo-cold-pressed-sunflower-oil-1l,Mumbai,400030,190,275,30.9,1
2026-05-22-1200,2026-05-22,blinkit,jivo-cold-pressed-sunflower-oil-1l,Mumbai,400033,190,275,30.9,1
2026-05-22-1200,2026-05-22,blinkit,jivo-cold-pressed-sunflower-oil-1l,Mumbai,400041,190,275,30.9,1
2026-05-22-1200,2026-05-22,blinkit,jivo-cold-pressed-sunflower-oil-1l,Mumbai,400090,190,275,30.9,0
2026-05-22-1200,2026-05-22,blinkit,jivo-cold-pressed-sunflower-oil-1l,Mumbai,400601,190,275,30.9,1
2026-05-22-1200,2026-05-22,blinkit,jivo-cold-pressed-sunflower-oil-1l,Mumbai,400611,190,275,30.9,1
2026-05-22-1200,2026-05-22,blinkit,jivo-cold-pressed-sunflower-oil-1l,Bengaluru,560039,255,275,7.3,1
2026-05-22-1200,2026-05-22,blinkit,jivo-cold-pressed-sunflower-oil-1l,Mysuru,570016,190,275,30.9,0
2026-05-22-1200,2026-05-22,blinkit,jivo-cold-pressed-sunflower-oil-1l,Mysuru,570026,195,275,29.1,1
2026-05-22-1200,2026-05-22,blinkit,jivo-cold-pressed-sunflower-oil-1l,Mysuru,571311,190,275,30.9,1
2026-05-22-1200,2026-05-22,blinkit,jivo-extra-light-olive-oil-1l,Delhi,110001,594,1499,60.4,1
2026-05-22-1200,2026-05-22,blinkit,jivo-extra-light-olive-oil-1l,Delhi,110002,594,1499,60.4,1
2026-05-22-1200,2026-05-22,blinkit,jivo-extra-light-olive-oil-1l,Delhi,110003,499,1499,66.7,1
2026-05-22-1200,2026-05-22,blinkit,jivo-extra-light-olive-oil-1l,Delhi,110004,645,1499,57,1
2026-05-22-1200,2026-05-22,blinkit,jivo-extra-light-olive-oil-1l,Delhi,110006,499,1499,66.7,1
2026-05-22-1200,2026-05-22,blinkit,jivo-extra-light-olive-oil-1l,Delhi,110007,499,1499,66.7,1
2026-05-22-1200,2026-05-22,blinkit,jivo-extra-light-olive-oil-1l,Delhi,110008,594,1499,60.4,1
2026-05-22-1200,2026-05-22,blinkit,jivo-extra-light-olive-oil-1l,Delhi,110009,594,1499,60.4,1
2026-05-22-1200,2026-05-22,blinkit,jivo-extra-light-olive-oil-1l,Delhi,110010,594,1499,60.4,1
2026-05-22-1200,2026-05-22,blinkit,jivo-extra-light-olive-oil-1l,Delhi,110013,594,1499,60.4,1
2026-05-22-1200,2026-05-22,blinkit,jivo-extra-light-olive-oil-1l,Delhi,110014,594,1499,60.4,1
2026-05-22-1200,2026-05-22,blinkit,jivo-extra-light-olive-oil-1l,Delhi,110015,499,1499,66.7,1
2026-05-22-1200,2026-05-22,blinkit,jivo-extra-light-olive-oil-1l,Delhi,110016,594,1499,60.4,1
2026-05-22-1200,2026-05-22,blinkit,jivo-extra-light-olive-oil-1l,Delhi,110017,499,1499,66.7,1
2026-05-22-1200,2026-05-22,blinkit,jivo-extra-light-olive-oil-1l,Delhi,110018,594,1499,60.4,1
2026-05-22-1200,2026-05-22,blinkit,jivo-extra-light-olive-oil-1l,Delhi,110021,499,1499,66.7,1
2026-05-22-1200,2026-05-22,blinkit,jivo-extra-light-olive-oil-1l,Delhi,110024,499,1499,66.7,1
2026-05-22-1200,2026-05-22,blinkit,jivo-extra-light-olive-oil-1l,Delhi,110026,594,1499,60.4,1
2026-05-22-1200,2026-05-22,blinkit,jivo-extra-light-olive-oil-1l,Delhi,110031,594,1499,60.4,1
2026-05-22-1200,2026-05-22,blinkit,jivo-extra-light-olive-oil-1l,Delhi,110032,594,1499,60.4,1
2026-05-22-1200,2026-05-22,blinkit,jivo-extra-light-olive-oil-1l,Delhi,110033,594,1499,60.4,1
2026-05-22-1200,2026-05-22,blinkit,jivo-extra-light-olive-oil-1l,Delhi,110035,499,1499,66.7,1
2026-05-22-1200,2026-05-22,blinkit,jivo-extra-light-olive-oil-1l,Delhi,110039,499,1499,66.7,1
2026-05-22-1200,2026-05-22,blinkit,jivo-extra-light-olive-oil-1l,Delhi,110040,499,1499,66.7,1
2026-05-22-1200,2026-05-22,blinkit,jivo-extra-light-olive-oil-1l,Delhi,110041,594,1499,60.4,1
2026-05-22-1200,2026-05-22,blinkit,jivo-extra-light-olive-oil-1l,Delhi,110042,607,1499,59.5,1
2026-05-22-1200,2026-05-22,blinkit,jivo-extra-light-olive-oil-1l,Delhi,110044,594,1499,60.4,1
2026-05-22-1200,2026-05-22,blinkit,jivo-extra-light-olive-oil-1l,Delhi,110046,499,1499,66.7,1
2026-05-22-1200,2026-05-22,blinkit,jivo-extra-light-olive-oil-1l,Delhi,110048,499,1499,66.7,0
2026-05-22-1200,2026-05-22,blinkit,jivo-extra-light-olive-oil-1l,Delhi,110051,499,1499,66.7,1
2026-05-22-1200,2026-05-22,blinkit,jivo-extra-light-olive-oil-1l,Delhi,110052,594,1499,60.4,1
2026-05-22-1200,2026-05-22,blinkit,jivo-extra-light-olive-oil-1l,Delhi,110053,594,1499,60.4,1
2026-05-22-1200,2026-05-22,blinkit,jivo-extra-light-olive-oil-1l,Delhi,110054,499,1499,66.7,1
2026-05-22-1200,2026-05-22,blinkit,jivo-extra-light-olive-oil-1l,Delhi,110055,499,1499,66.7,1
2026-05-22-1200,2026-05-22,blinkit,jivo-extra-light-olive-oil-1l,Delhi,110061,594,1499,60.4,1
2026-05-22-1200,2026-05-22,blinkit,jivo-extra-light-olive-oil-1l,Delhi,110062,594,1499,60.4,1
2026-05-22-1200,2026-05-22,blinkit,jivo-extra-light-olive-oil-1l,Delhi,110065,499,1499,66.7,0
2026-05-22-1200,2026-05-22,blinkit,jivo-extra-light-olive-oil-1l,Delhi,110067,499,1499,66.7,1
2026-05-22-1200,2026-05-22,blinkit,jivo-extra-light-olive-oil-1l,Delhi,110070,643,1499,57.1,1
2026-05-22-1200,2026-05-22,blinkit,jivo-extra-light-olive-oil-1l,Delhi,110076,594,1499,60.4,1
2026-05-22-1200,2026-05-22,blinkit,jivo-extra-light-olive-oil-1l,Delhi,110081,594,1499,60.4,1
2026-05-22-1200,2026-05-22,blinkit,jivo-extra-light-olive-oil-1l,Delhi,110083,499,1499,66.7,1
2026-05-22-1200,2026-05-22,blinkit,jivo-extra-light-olive-oil-1l,Delhi,110084,499,1499,66.7,1
2026-05-22-1200,2026-05-22,blinkit,jivo-extra-light-olive-oil-1l,Delhi,110085,499,1499,66.7,1
2026-05-22-1200,2026-05-22,blinkit,jivo-extra-light-olive-oil-1l,Delhi,110088,499,1499,66.7,1
2026-05-22-1200,2026-05-22,blinkit,jivo-extra-light-olive-oil-1l,Delhi,110090,499,1499,66.7,1
2026-05-22-1200,2026-05-22,blinkit,jivo-extra-light-olive-oil-1l,Delhi,110091,499,1499,66.7,1
2026-05-22-1200,2026-05-22,blinkit,jivo-extra-light-olive-oil-1l,Delhi,110092,594,1499,60.4,1
2026-05-22-1200,2026-05-22,blinkit,jivo-extra-light-olive-oil-1l,Delhi,110095,499,1499,66.7,1
2026-05-22-1200,2026-05-22,blinkit,jivo-extra-light-olive-oil-1l,Faridabad,121001,637,1499,57.5,1
2026-05-22-1200,2026-05-22,blinkit,jivo-extra-light-olive-oil-1l,Faridabad,121003,594,1499,60.4,1
2026-05-22-1200,2026-05-22,blinkit,jivo-extra-light-olive-oil-1l,Faridabad,121011,599,1499,60,1
2026-05-22-1200,2026-05-22,blinkit,jivo-extra-light-olive-oil-1l,Gurgaon,122001,594,1499,60.4,1
2026-05-22-1200,2026-05-22,blinkit,jivo-extra-light-olive-oil-1l,Gurgaon,122004,594,1499,60.4,1
2026-05-22-1200,2026-05-22,blinkit,jivo-extra-light-olive-oil-1l,Gurgaon,122006,596,1499,60.2,1
2026-05-22-1200,2026-05-22,blinkit,jivo-extra-light-olive-oil-1l,Gurgaon,122010,594,1499,60.4,1
2026-05-22-1200,2026-05-22,blinkit,jivo-extra-light-olive-oil-1l,Gurgaon,122051,595,1499,60.3,1
2026-05-22-1200,2026-05-22,blinkit,jivo-extra-light-olive-oil-1l,Gurgaon,122101,595,1499,60.3,1
2026-05-22-1200,2026-05-22,blinkit,jivo-extra-light-olive-oil-1l,Gurgaon,123003,627,1499,58.2,0
2026-05-22-1200,2026-05-22,blinkit,jivo-extra-light-olive-oil-1l,Gurgaon,123413,627,1499,58.2,0
2026-05-22-1200,2026-05-22,blinkit,jivo-extra-light-olive-oil-1l,Gurgaon,123505,594,1499,60.4,1
2026-05-22-1200,2026-05-22,blinkit,jivo-extra-light-olive-oil-1l,Ludhiana,141014,594,1499,60.4,1
2026-05-22-1200,2026-05-22,blinkit,jivo-extra-light-olive-oil-1l,Ludhiana,141015,594,1499,60.4,1
2026-05-22-1200,2026-05-22,blinkit,jivo-extra-light-olive-oil-1l,Ludhiana,141017,594,1499,60.4,1
2026-05-22-1200,2026-05-22,blinkit,jivo-extra-light-olive-oil-1l,Ludhiana,141122,594,1499,60.4,1
2026-05-22-1200,2026-05-22,blinkit,jivo-extra-light-olive-oil-1l,Ludhiana,141412,594,1499,60.4,1
2026-05-22-1200,2026-05-22,blinkit,jivo-extra-light-olive-oil-1l,Ludhiana,141421,605,1499,59.6,1
2026-05-22-1200,2026-05-22,blinkit,jivo-extra-light-olive-oil-1l,Ludhiana,142022,594,1499,60.4,1
2026-05-22-1200,2026-05-22,blinkit,jivo-extra-light-olive-oil-1l,Ludhiana,142027,594,1499,60.4,1
2026-05-22-1200,2026-05-22,blinkit,jivo-extra-light-olive-oil-1l,Ludhiana,142036,594,1499,60.4,1
2026-05-22-1200,2026-05-22,blinkit,jivo-extra-light-olive-oil-1l,Chandigarh,160001,594,1499,60.4,1
2026-05-22-1200,2026-05-22,blinkit,jivo-extra-light-olive-oil-1l,Chandigarh,160011,594,1499,60.4,1
2026-05-22-1200,2026-05-22,blinkit,jivo-extra-light-olive-oil-1l,Chandigarh,160014,594,1499,60.4,1
2026-05-22-1200,2026-05-22,blinkit,jivo-extra-light-olive-oil-1l,Chandigarh,160021,594,1499,60.4,1
2026-05-22-1200,2026-05-22,blinkit,jivo-extra-light-olive-oil-1l,Chandigarh,160030,594,1499,60.4,1
2026-05-22-1200,2026-05-22,blinkit,jivo-extra-light-olive-oil-1l,Chandigarh,160035,598,1499,60.1,1
2026-05-22-1200,2026-05-22,blinkit,jivo-extra-light-olive-oil-1l,Chandigarh,160043,594,1499,60.4,1
2026-05-22-1200,2026-05-22,blinkit,jivo-extra-light-olive-oil-1l,Chandigarh,160055,594,1499,60.4,1
2026-05-22-1200,2026-05-22,blinkit,jivo-extra-light-olive-oil-1l,Ghaziabad,201003,627,1499,58.2,1
2026-05-22-1200,2026-05-22,blinkit,jivo-extra-light-olive-oil-1l,Ghaziabad,201005,611,1499,59.2,1
2026-05-22-1200,2026-05-22,blinkit,jivo-extra-light-olive-oil-1l,Ghaziabad,201009,603,1499,59.8,1
2026-05-22-1200,2026-05-22,blinkit,jivo-extra-light-olive-oil-1l,Ghaziabad,201302,645,1499,57,1
2026-05-22-1200,2026-05-22,blinkit,jivo-extra-light-olive-oil-1l,Noida,201305,594,1499,60.4,1
2026-05-22-1200,2026-05-22,blinkit,jivo-extra-light-olive-oil-1l,Noida,201306,607,1499,59.5,1
2026-05-22-1200,2026-05-22,blinkit,jivo-extra-light-olive-oil-1l,Noida,201307,594,1499,60.4,1
2026-05-22-1200,2026-05-22,blinkit,jivo-extra-light-olive-oil-1l,Noida,201309,678,1499,54.8,1
2026-05-22-1200,2026-05-22,blinkit,jivo-extra-light-olive-oil-1l,Noida,201310,594,1499,60.4,0
2026-05-22-1200,2026-05-22,blinkit,jivo-extra-light-olive-oil-1l,Jaipur,302001,627,1499,58.2,0
2026-05-22-1200,2026-05-22,blinkit,jivo-extra-light-olive-oil-1l,Jaipur,302016,627,1499,58.2,0
2026-05-22-1200,2026-05-22,blinkit,jivo-extra-light-olive-oil-1l,Jaipur,302017,644,1499,57,0
2026-05-22-1200,2026-05-22,blinkit,jivo-extra-light-olive-oil-1l,Jaipur,302018,594,1499,60.4,1
2026-05-22-1200,2026-05-22,blinkit,jivo-extra-light-olive-oil-1l,Jaipur,302020,645,1499,57,0
2026-05-22-1200,2026-05-22,blinkit,jivo-extra-light-olive-oil-1l,Jaipur,302022,627,1499,58.2,0
2026-05-22-1200,2026-05-22,blinkit,jivo-extra-light-olive-oil-1l,Jaipur,302023,641,1499,57.2,0
2026-05-22-1200,2026-05-22,blinkit,jivo-extra-light-olive-oil-1l,Jaipur,302024,645,1499,57,0
2026-05-22-1200,2026-05-22,blinkit,jivo-extra-light-olive-oil-1l,Jaipur,302025,627,1499,58.2,0
2026-05-22-1200,2026-05-22,blinkit,jivo-extra-light-olive-oil-1l,Jaipur,302029,627,1499,58.2,1
2026-05-22-1200,2026-05-22,blinkit,jivo-extra-light-olive-oil-1l,Jaipur,302032,641,1499,57.2,0
2026-05-22-1200,2026-05-22,blinkit,jivo-extra-light-olive-oil-1l,Jaipur,303120,594,1499,60.4,1
2026-05-22-1200,2026-05-22,blinkit,jivo-extra-light-olive-oil-1l,Mumbai,400011,594,1499,60.4,1
2026-05-22-1200,2026-05-22,blinkit,jivo-extra-light-olive-oil-1l,Mumbai,400015,594,1499,60.4,1
2026-05-22-1200,2026-05-22,blinkit,jivo-extra-light-olive-oil-1l,Mumbai,400703,594,1499,60.4,1
2026-05-22-1200,2026-05-22,blinkit,jivo-extra-light-olive-oil-1l,Bengaluru,560014,594,1499,60.4,1
2026-05-22-1200,2026-05-22,blinkit,jivo-extra-light-olive-oil-1l,Bengaluru,560019,594,1499,60.4,1
2026-05-22-1200,2026-05-22,blinkit,jivo-extra-light-olive-oil-1l,Bengaluru,560028,594,1499,60.4,1
2026-05-22-1200,2026-05-22,blinkit,jivo-extra-light-olive-oil-1l,Bengaluru,560039,499,1499,66.7,1
2026-05-22-1200,2026-05-22,blinkit,jivo-extra-light-olive-oil-1l,Bengaluru,560040,594,1499,60.4,1
2026-05-22-1200,2026-05-22,blinkit,jivo-extra-light-olive-oil-1l,Bengaluru,560069,594,1499,60.4,1
2026-05-22-1200,2026-05-22,blinkit,jivo-extra-light-olive-oil-1l,Bengaluru,560073,594,1499,60.4,1
2026-05-22-1200,2026-05-22,blinkit,jivo-extra-light-olive-oil-1l,Bengaluru,560087,594,1499,60.4,1
2026-05-22-1200,2026-05-22,blinkit,jivo-extra-light-olive-oil-1l,Mysuru,570016,644,1499,57,1
2026-05-22-1200,2026-05-22,blinkit,jivo-extra-light-olive-oil-1l,Mysuru,570026,642,1499,57.2,1
2026-05-22-1200,2026-05-22,blinkit,jivo-extra-light-olive-oil-1l,Mysuru,570028,594,1499,60.4,1
2026-05-22-1200,2026-05-22,blinkit,jivo-extra-light-olive-oil-1l,Mysuru,571311,645,1499,57,1
2026-05-22-1200,2026-05-22,blinkit,jivo-extra-light-olive-oil-2l,Delhi,110001,1190,2799,57.5,1
2026-05-22-1200,2026-05-22,blinkit,jivo-extra-light-olive-oil-2l,Delhi,110002,1190,2799,57.5,1
2026-05-22-1200,2026-05-22,blinkit,jivo-extra-light-olive-oil-2l,Delhi,110003,1136,2799,59.4,1
2026-05-22-1200,2026-05-22,blinkit,jivo-extra-light-olive-oil-2l,Delhi,110004,1136,2799,59.4,1
2026-05-22-1200,2026-05-22,blinkit,jivo-extra-light-olive-oil-2l,Delhi,110006,1136,2799,59.4,1
2026-05-22-1200,2026-05-22,blinkit,jivo-extra-light-olive-oil-2l,Delhi,110007,1136,2799,59.4,1
2026-05-22-1200,2026-05-22,blinkit,jivo-extra-light-olive-oil-2l,Delhi,110008,1190,2799,57.5,1
2026-05-22-1200,2026-05-22,blinkit,jivo-extra-light-olive-oil-2l,Delhi,110009,1190,2799,57.5,1
2026-05-22-1200,2026-05-22,blinkit,jivo-extra-light-olive-oil-2l,Delhi,110010,1190,2799,57.5,1
2026-05-22-1200,2026-05-22,blinkit,jivo-extra-light-olive-oil-2l,Delhi,110013,1190,2799,57.5,1
2026-05-22-1200,2026-05-22,blinkit,jivo-extra-light-olive-oil-2l,Delhi,110014,1190,2799,57.5,1
2026-05-22-1200,2026-05-22,blinkit,jivo-extra-light-olive-oil-2l,Delhi,110015,1136,2799,59.4,1
2026-05-22-1200,2026-05-22,blinkit,jivo-extra-light-olive-oil-2l,Delhi,110016,1190,2799,57.5,1
2026-05-22-1200,2026-05-22,blinkit,jivo-extra-light-olive-oil-2l,Delhi,110017,1136,2799,59.4,1
2026-05-22-1200,2026-05-22,blinkit,jivo-extra-light-olive-oil-2l,Delhi,110018,1190,2799,57.5,1
2026-05-22-1200,2026-05-22,blinkit,jivo-extra-light-olive-oil-2l,Delhi,110021,1136,2799,59.4,1
2026-05-22-1200,2026-05-22,blinkit,jivo-extra-light-olive-oil-2l,Delhi,110024,1136,2799,59.4,1
2026-05-22-1200,2026-05-22,blinkit,jivo-extra-light-olive-oil-2l,Delhi,110025,1136,2799,59.4,1
2026-05-22-1200,2026-05-22,blinkit,jivo-extra-light-olive-oil-2l,Delhi,110026,1190,2799,57.5,1
2026-05-22-1200,2026-05-22,blinkit,jivo-extra-light-olive-oil-2l,Delhi,110031,1190,2799,57.5,1
2026-05-22-1200,2026-05-22,blinkit,jivo-extra-light-olive-oil-2l,Delhi,110032,1190,2799,57.5,1
2026-05-22-1200,2026-05-22,blinkit,jivo-extra-light-olive-oil-2l,Delhi,110033,1190,2799,57.5,1
2026-05-22-1200,2026-05-22,blinkit,jivo-extra-light-olive-oil-2l,Delhi,110035,1136,2799,59.4,1
2026-05-22-1200,2026-05-22,blinkit,jivo-extra-light-olive-oil-2l,Delhi,110037,1136,2799,59.4,1
2026-05-22-1200,2026-05-22,blinkit,jivo-extra-light-olive-oil-2l,Delhi,110039,1136,2799,59.4,1
2026-05-22-1200,2026-05-22,blinkit,jivo-extra-light-olive-oil-2l,Delhi,110040,1136,2799,59.4,1
2026-05-22-1200,2026-05-22,blinkit,jivo-extra-light-olive-oil-2l,Delhi,110041,1190,2799,57.5,1
2026-05-22-1200,2026-05-22,blinkit,jivo-extra-light-olive-oil-2l,Delhi,110042,1136,2799,59.4,1
2026-05-22-1200,2026-05-22,blinkit,jivo-extra-light-olive-oil-2l,Delhi,110044,1190,2799,57.5,1
2026-05-22-1200,2026-05-22,blinkit,jivo-extra-light-olive-oil-2l,Delhi,110046,1136,2799,59.4,1
2026-05-22-1200,2026-05-22,blinkit,jivo-extra-light-olive-oil-2l,Delhi,110048,1136,2799,59.4,1
2026-05-22-1200,2026-05-22,blinkit,jivo-extra-light-olive-oil-2l,Delhi,110051,1136,2799,59.4,1
2026-05-22-1200,2026-05-22,blinkit,jivo-extra-light-olive-oil-2l,Delhi,110052,1190,2799,57.5,1
2026-05-22-1200,2026-05-22,blinkit,jivo-extra-light-olive-oil-2l,Delhi,110053,1190,2799,57.5,1
2026-05-22-1200,2026-05-22,blinkit,jivo-extra-light-olive-oil-2l,Delhi,110054,1136,2799,59.4,1
2026-05-22-1200,2026-05-22,blinkit,jivo-extra-light-olive-oil-2l,Delhi,110055,1136,2799,59.4,1
2026-05-22-1200,2026-05-22,blinkit,jivo-extra-light-olive-oil-2l,Delhi,110061,1190,2799,57.5,1
2026-05-22-1200,2026-05-22,blinkit,jivo-extra-light-olive-oil-2l,Delhi,110062,1190,2799,57.5,1
2026-05-22-1200,2026-05-22,blinkit,jivo-extra-light-olive-oil-2l,Delhi,110065,1136,2799,59.4,1
2026-05-22-1200,2026-05-22,blinkit,jivo-extra-light-olive-oil-2l,Delhi,110067,1136,2799,59.4,1
2026-05-22-1200,2026-05-22,blinkit,jivo-extra-light-olive-oil-2l,Delhi,110070,1136,2799,59.4,1
2026-05-22-1200,2026-05-22,blinkit,jivo-extra-light-olive-oil-2l,Delhi,110076,1190,2799,57.5,1
2026-05-22-1200,2026-05-22,blinkit,jivo-extra-light-olive-oil-2l,Delhi,110081,1190,2799,57.5,1
2026-05-22-1200,2026-05-22,blinkit,jivo-extra-light-olive-oil-2l,Delhi,110083,1136,2799,59.4,1
2026-05-22-1200,2026-05-22,blinkit,jivo-extra-light-olive-oil-2l,Delhi,110084,1136,2799,59.4,1
2026-05-22-1200,2026-05-22,blinkit,jivo-extra-light-olive-oil-2l,Delhi,110085,1136,2799,59.4,1
2026-05-22-1200,2026-05-22,blinkit,jivo-extra-light-olive-oil-2l,Delhi,110088,1136,2799,59.4,1
2026-05-22-1200,2026-05-22,blinkit,jivo-extra-light-olive-oil-2l,Delhi,110090,1136,2799,59.4,1
2026-05-22-1200,2026-05-22,blinkit,jivo-extra-light-olive-oil-2l,Delhi,110091,1136,2799,59.4,1
2026-05-22-1200,2026-05-22,blinkit,jivo-extra-light-olive-oil-2l,Delhi,110092,1190,2799,57.5,1
2026-05-22-1200,2026-05-22,blinkit,jivo-extra-light-olive-oil-2l,Delhi,110095,1136,2799,59.4,1
2026-05-22-1200,2026-05-22,blinkit,jivo-extra-light-olive-oil-2l,Faridabad,121001,1257,2799,55.1,1
2026-05-22-1200,2026-05-22,blinkit,jivo-extra-light-olive-oil-2l,Faridabad,121003,1113,2799,60.2,1
2026-05-22-1200,2026-05-22,blinkit,jivo-extra-light-olive-oil-2l,Faridabad,121011,1257,2799,55.1,1
2026-05-22-1200,2026-05-22,blinkit,jivo-extra-light-olive-oil-2l,Gurgaon,122001,1200,2799,57.1,1
2026-05-22-1200,2026-05-22,blinkit,jivo-extra-light-olive-oil-2l,Gurgaon,122004,1092,2799,61,1
2026-05-22-1200,2026-05-22,blinkit,jivo-extra-light-olive-oil-2l,Gurgaon,122006,1251,2799,55.3,1
2026-05-22-1200,2026-05-22,blinkit,jivo-extra-light-olive-oil-2l,Gurgaon,122010,1200,2799,57.1,1
2026-05-22-1200,2026-05-22,blinkit,jivo-extra-light-olive-oil-2l,Gurgaon,122051,1091,2799,61,1
2026-05-22-1200,2026-05-22,blinkit,jivo-extra-light-olive-oil-2l,Gurgaon,122101,1091,2799,61,1
2026-05-22-1200,2026-05-22,blinkit,jivo-extra-light-olive-oil-2l,Gurgaon,123003,1257,2799,55.1,0
2026-05-22-1200,2026-05-22,blinkit,jivo-extra-light-olive-oil-2l,Gurgaon,123413,1257,2799,55.1,0
2026-05-22-1200,2026-05-22,blinkit,jivo-extra-light-olive-oil-2l,Gurgaon,123505,1210,2799,56.8,0
2026-05-22-1200,2026-05-22,blinkit,jivo-extra-light-olive-oil-2l,Ludhiana,141014,1141,2799,59.2,1
2026-05-22-1200,2026-05-22,blinkit,jivo-extra-light-olive-oil-2l,Ludhiana,141015,1091,2799,61,1
2026-05-22-1200,2026-05-22,blinkit,jivo-extra-light-olive-oil-2l,Ludhiana,141017,1141,2799,59.2,1
2026-05-22-1200,2026-05-22,blinkit,jivo-extra-light-olive-oil-2l,Ludhiana,141122,1091,2799,61,1
2026-05-22-1200,2026-05-22,blinkit,jivo-extra-light-olive-oil-2l,Ludhiana,141412,1257,2799,55.1,0
2026-05-22-1200,2026-05-22,blinkit,jivo-extra-light-olive-oil-2l,Ludhiana,141421,1103,2799,60.6,1
2026-05-22-1200,2026-05-22,blinkit,jivo-extra-light-olive-oil-2l,Ludhiana,142022,1207,2799,56.9,1
2026-05-22-1200,2026-05-22,blinkit,jivo-extra-light-olive-oil-2l,Ludhiana,142027,1091,2799,61,1
2026-05-22-1200,2026-05-22,blinkit,jivo-extra-light-olive-oil-2l,Ludhiana,142036,1091,2799,61,1
2026-05-22-1200,2026-05-22,blinkit,jivo-extra-light-olive-oil-2l,Chandigarh,160001,1190,2799,57.5,1
2026-05-22-1200,2026-05-22,blinkit,jivo-extra-light-olive-oil-2l,Chandigarh,160011,1098,2799,60.8,1
2026-05-22-1200,2026-05-22,blinkit,jivo-extra-light-olive-oil-2l,Chandigarh,160014,1257,2799,55.1,1
2026-05-22-1200,2026-05-22,blinkit,jivo-extra-light-olive-oil-2l,Chandigarh,160021,1292,2799,53.8,1
2026-05-22-1200,2026-05-22,blinkit,jivo-extra-light-olive-oil-2l,Chandigarh,160030,1103,2799,60.6,1
2026-05-22-1200,2026-05-22,blinkit,jivo-extra-light-olive-oil-2l,Chandigarh,160035,1103,2799,60.6,0
2026-05-22-1200,2026-05-22,blinkit,jivo-extra-light-olive-oil-2l,Chandigarh,160043,1190,2799,57.5,1
2026-05-22-1200,2026-05-22,blinkit,jivo-extra-light-olive-oil-2l,Chandigarh,160055,1190,2799,57.5,1
2026-05-22-1200,2026-05-22,blinkit,jivo-extra-light-olive-oil-2l,Ghaziabad,201003,1255,2799,55.2,1
2026-05-22-1200,2026-05-22,blinkit,jivo-extra-light-olive-oil-2l,Ghaziabad,201005,1165,2799,58.4,1
2026-05-22-1200,2026-05-22,blinkit,jivo-extra-light-olive-oil-2l,Ghaziabad,201009,1242,2799,55.6,0
2026-05-22-1200,2026-05-22,blinkit,jivo-extra-light-olive-oil-2l,Ghaziabad,201302,1255,2799,55.2,1
2026-05-22-1200,2026-05-22,blinkit,jivo-extra-light-olive-oil-2l,Noida,201305,1099,2799,60.7,1
2026-05-22-1200,2026-05-22,blinkit,jivo-extra-light-olive-oil-2l,Noida,201306,1269,2799,54.7,1
2026-05-22-1200,2026-05-22,blinkit,jivo-extra-light-olive-oil-2l,Noida,201307,1290,2799,53.9,1
2026-05-22-1200,2026-05-22,blinkit,jivo-extra-light-olive-oil-2l,Noida,201309,1113,2799,60.2,1
2026-05-22-1200,2026-05-22,blinkit,jivo-extra-light-olive-oil-2l,Noida,201310,1171,2799,58.2,1
2026-05-22-1200,2026-05-22,blinkit,jivo-extra-light-olive-oil-2l,Jaipur,302018,1190,2799,57.5,1
2026-05-22-1200,2026-05-22,blinkit,jivo-extra-light-olive-oil-2l,Jaipur,303120,1190,2799,57.5,1
2026-05-22-1200,2026-05-22,blinkit,jivo-extra-light-olive-oil-2l,Mumbai,400003,1290,2799,53.9,0
2026-05-22-1200,2026-05-22,blinkit,jivo-extra-light-olive-oil-2l,Mumbai,400005,1255,2799,55.2,0
2026-05-22-1200,2026-05-22,blinkit,jivo-extra-light-olive-oil-2l,Mumbai,400006,1281,2799,54.2,1
2026-05-22-1200,2026-05-22,blinkit,jivo-extra-light-olive-oil-2l,Mumbai,400007,1291,2799,53.9,0
2026-05-22-1200,2026-05-22,blinkit,jivo-extra-light-olive-oil-2l,Mumbai,400010,1106,2799,60.5,1
2026-05-22-1200,2026-05-22,blinkit,jivo-extra-light-olive-oil-2l,Mumbai,400011,1190,2799,57.5,1
2026-05-22-1200,2026-05-22,blinkit,jivo-extra-light-olive-oil-2l,Mumbai,400012,1103,2799,60.6,1
2026-05-22-1200,2026-05-22,blinkit,jivo-extra-light-olive-oil-2l,Mumbai,400013,1106,2799,60.5,1
2026-05-22-1200,2026-05-22,blinkit,jivo-extra-light-olive-oil-2l,Mumbai,400015,1190,2799,57.5,1
2026-05-22-1200,2026-05-22,blinkit,jivo-extra-light-olive-oil-2l,Mumbai,400018,1284,2799,54.1,1
2026-05-22-1200,2026-05-22,blinkit,jivo-extra-light-olive-oil-2l,Mumbai,400019,1267,2799,54.7,1
2026-05-22-1200,2026-05-22,blinkit,jivo-extra-light-olive-oil-2l,Mumbai,400020,1103,2799,60.6,1
2026-05-22-1200,2026-05-22,blinkit,jivo-extra-light-olive-oil-2l,Mumbai,400021,1255,2799,55.2,0
2026-05-22-1200,2026-05-22,blinkit,jivo-extra-light-olive-oil-2l,Mumbai,400023,1294,2799,53.8,1
2026-05-22-1200,2026-05-22,blinkit,jivo-extra-light-olive-oil-2l,Mumbai,400025,1257,2799,55.1,0
2026-05-22-1200,2026-05-22,blinkit,jivo-extra-light-olive-oil-2l,Mumbai,400026,1291,2799,53.9,0
2026-05-22-1200,2026-05-22,blinkit,jivo-extra-light-olive-oil-2l,Mumbai,400030,1106,2799,60.5,1
2026-05-22-1200,2026-05-22,blinkit,jivo-extra-light-olive-oil-2l,Mumbai,400033,1281,2799,54.2,1
2026-05-22-1200,2026-05-22,blinkit,jivo-extra-light-olive-oil-2l,Mumbai,400041,1257,2799,55.1,0
2026-05-22-1200,2026-05-22,blinkit,jivo-extra-light-olive-oil-2l,Mumbai,400090,1265,2799,54.8,0
2026-05-22-1200,2026-05-22,blinkit,jivo-extra-light-olive-oil-2l,Mumbai,400601,1202,2799,57.1,1
2026-05-22-1200,2026-05-22,blinkit,jivo-extra-light-olive-oil-2l,Mumbai,400611,1103,2799,60.6,1
2026-05-22-1200,2026-05-22,blinkit,jivo-extra-light-olive-oil-2l,Mumbai,400703,1190,2799,57.5,1
2026-05-22-1200,2026-05-22,blinkit,jivo-extra-light-olive-oil-2l,Pune,410301,1278,2799,54.3,0
2026-05-22-1200,2026-05-22,blinkit,jivo-extra-light-olive-oil-2l,Pune,410401,1278,2799,54.3,0
2026-05-22-1200,2026-05-22,blinkit,jivo-extra-light-olive-oil-2l,Pune,410506,1257,2799,55.1,1
2026-05-22-1200,2026-05-22,blinkit,jivo-extra-light-olive-oil-2l,Pune,411004,1257,2799,55.1,1
2026-05-22-1200,2026-05-22,blinkit,jivo-extra-light-olive-oil-2l,Pune,411005,1193,2799,57.4,1
2026-05-22-1200,2026-05-22,blinkit,jivo-extra-light-olive-oil-2l,Pune,411011,1109,2799,60.4,1
2026-05-22-1200,2026-05-22,blinkit,jivo-extra-light-olive-oil-2l,Pune,411012,1221,2799,56.4,1
2026-05-22-1200,2026-05-22,blinkit,jivo-extra-light-olive-oil-2l,Pune,411014,1292,2799,53.8,1
2026-05-22-1200,2026-05-22,blinkit,jivo-extra-light-olive-oil-2l,Pune,411015,1221,2799,56.4,1
2026-05-22-1200,2026-05-22,blinkit,jivo-extra-light-olive-oil-2l,Pune,411021,1109,2799,60.4,1
2026-05-22-1200,2026-05-22,blinkit,jivo-extra-light-olive-oil-2l,Pune,411028,1221,2799,56.4,1
2026-05-22-1200,2026-05-22,blinkit,jivo-extra-light-olive-oil-2l,Pune,411035,1257,2799,55.1,1
2026-05-22-1200,2026-05-22,blinkit,jivo-extra-light-olive-oil-2l,Pune,411036,1109,2799,60.4,1
2026-05-22-1200,2026-05-22,blinkit,jivo-extra-light-olive-oil-2l,Pune,411045,1109,2799,60.4,1
2026-05-22-1200,2026-05-22,blinkit,jivo-extra-light-olive-oil-2l,Pune,411047,1109,2799,60.4,1
2026-05-22-1200,2026-05-22,blinkit,jivo-extra-light-olive-oil-2l,Pune,411051,1221,2799,56.4,1
2026-05-22-1200,2026-05-22,blinkit,jivo-extra-light-olive-oil-2l,Pune,412109,1257,2799,55.1,1
2026-05-22-1200,2026-05-22,blinkit,jivo-extra-light-olive-oil-2l,Pune,412114,1257,2799,55.1,1
2026-05-22-1200,2026-05-22,blinkit,jivo-extra-light-olive-oil-2l,Pune,412201,1292,2799,53.8,1
2026-05-22-1200,2026-05-22,blinkit,jivo-extra-light-olive-oil-2l,Bengaluru,560014,1190,2799,57.5,1
2026-05-22-1200,2026-05-22,blinkit,jivo-extra-light-olive-oil-2l,Bengaluru,560019,1190,2799,57.5,1
2026-05-22-1200,2026-05-22,blinkit,jivo-extra-light-olive-oil-2l,Bengaluru,560028,1190,2799,57.5,1
2026-05-22-1200,2026-05-22,blinkit,jivo-extra-light-olive-oil-2l,Bengaluru,560039,1119,2799,60,1
2026-05-22-1200,2026-05-22,blinkit,jivo-extra-light-olive-oil-2l,Bengaluru,560040,1190,2799,57.5,1
2026-05-22-1200,2026-05-22,blinkit,jivo-extra-light-olive-oil-2l,Bengaluru,560069,1190,2799,57.5,1
2026-05-22-1200,2026-05-22,blinkit,jivo-extra-light-olive-oil-2l,Bengaluru,560073,1190,2799,57.5,1
2026-05-22-1200,2026-05-22,blinkit,jivo-extra-light-olive-oil-2l,Bengaluru,560087,1190,2799,57.5,1
2026-05-22-1200,2026-05-22,blinkit,jivo-extra-light-olive-oil-2l,Mysuru,570026,1129,2799,59.7,1
2026-05-22-1200,2026-05-22,blinkit,jivo-extra-light-olive-oil-2l,Mysuru,570028,1190,2799,57.5,1
2026-05-22-1200,2026-05-22,blinkit,jivo-extra-light-olive-oil-2l,Kolkata,700001,1096,2799,60.8,1
2026-05-22-1200,2026-05-22,blinkit,jivo-extra-light-olive-oil-2l,Kolkata,700015,1093,2799,61,1
2026-05-22-1200,2026-05-22,blinkit,jivo-extra-light-olive-oil-2l,Kolkata,700019,1094,2799,60.9,1
2026-05-22-1200,2026-05-22,blinkit,jivo-extra-light-olive-oil-2l,Kolkata,700024,1292,2799,53.8,0
2026-05-22-1200,2026-05-22,blinkit,jivo-extra-light-olive-oil-2l,Kolkata,700040,1148,2799,59,1
2026-05-22-1200,2026-05-22,blinkit,jivo-extra-light-olive-oil-2l,Kolkata,700053,1096,2799,60.8,1
2026-05-22-1200,2026-05-22,blinkit,jivo-kachi-ghani-cold-pressed-mustard-oil-1l,Ludhiana,141014,169,255,33.7,1
2026-05-22-1200,2026-05-22,blinkit,jivo-kachi-ghani-cold-pressed-mustard-oil-1l,Ludhiana,141015,169,255,33.7,1
2026-05-22-1200,2026-05-22,blinkit,jivo-kachi-ghani-cold-pressed-mustard-oil-1l,Ludhiana,141017,169,255,33.7,1
2026-05-22-1200,2026-05-22,blinkit,jivo-kachi-ghani-cold-pressed-mustard-oil-1l,Ludhiana,141122,169,255,33.7,1
2026-05-22-1200,2026-05-22,blinkit,jivo-kachi-ghani-cold-pressed-mustard-oil-1l,Ludhiana,141412,169,255,33.7,1
2026-05-22-1200,2026-05-22,blinkit,jivo-kachi-ghani-cold-pressed-mustard-oil-1l,Ludhiana,141421,169,255,33.7,1
2026-05-22-1200,2026-05-22,blinkit,jivo-kachi-ghani-cold-pressed-mustard-oil-1l,Ludhiana,142022,169,255,33.7,1
2026-05-22-1200,2026-05-22,blinkit,jivo-kachi-ghani-cold-pressed-mustard-oil-1l,Ludhiana,142027,169,255,33.7,1
2026-05-22-1200,2026-05-22,blinkit,jivo-kachi-ghani-cold-pressed-mustard-oil-1l,Ludhiana,142036,169,255,33.7,1
2026-05-22-1200,2026-05-22,blinkit,jivo-kachi-ghani-cold-pressed-mustard-oil-1l,Chandigarh,160011,169,255,33.7,1
2026-05-22-1200,2026-05-22,blinkit,jivo-kachi-ghani-cold-pressed-mustard-oil-1l,Chandigarh,160014,169,255,33.7,1
2026-05-22-1200,2026-05-22,blinkit,jivo-kachi-ghani-cold-pressed-mustard-oil-1l,Chandigarh,160021,165,255,35.3,1
2026-05-22-1200,2026-05-22,blinkit,jivo-kachi-ghani-cold-pressed-mustard-oil-1l,Chandigarh,160030,169,255,33.7,1
2026-05-22-1200,2026-05-22,blinkit,jivo-kachi-ghani-cold-pressed-mustard-oil-1l,Chandigarh,160035,169,255,33.7,1
2026-05-22-1200,2026-05-22,blinkit,jivo-pomace-olive-oil-1l,Delhi,110001,388,1049,63,1
2026-05-22-1200,2026-05-22,blinkit,jivo-pomace-olive-oil-1l,Delhi,110002,388,1049,63,1
2026-05-22-1200,2026-05-22,blinkit,jivo-pomace-olive-oil-1l,Delhi,110003,387,1049,63.1,1
2026-05-22-1200,2026-05-22,blinkit,jivo-pomace-olive-oil-1l,Delhi,110004,389,1049,62.9,1
2026-05-22-1200,2026-05-22,blinkit,jivo-pomace-olive-oil-1l,Delhi,110006,387,1049,63.1,1
2026-05-22-1200,2026-05-22,blinkit,jivo-pomace-olive-oil-1l,Delhi,110007,387,1049,63.1,1
2026-05-22-1200,2026-05-22,blinkit,jivo-pomace-olive-oil-1l,Delhi,110008,388,1049,63,1
2026-05-22-1200,2026-05-22,blinkit,jivo-pomace-olive-oil-1l,Delhi,110009,388,1049,63,1
2026-05-22-1200,2026-05-22,blinkit,jivo-pomace-olive-oil-1l,Delhi,110010,388,1049,63,1
2026-05-22-1200,2026-05-22,blinkit,jivo-pomace-olive-oil-1l,Delhi,110013,388,1049,63,1
2026-05-22-1200,2026-05-22,blinkit,jivo-pomace-olive-oil-1l,Delhi,110014,388,1049,63,1
2026-05-22-1200,2026-05-22,blinkit,jivo-pomace-olive-oil-1l,Delhi,110015,387,1049,63.1,1
2026-05-22-1200,2026-05-22,blinkit,jivo-pomace-olive-oil-1l,Delhi,110016,388,1049,63,1
2026-05-22-1200,2026-05-22,blinkit,jivo-pomace-olive-oil-1l,Delhi,110017,388,1049,63,1
2026-05-22-1200,2026-05-22,blinkit,jivo-pomace-olive-oil-1l,Delhi,110018,388,1049,63,1
2026-05-22-1200,2026-05-22,blinkit,jivo-pomace-olive-oil-1l,Delhi,110021,387,1049,63.1,1
2026-05-22-1200,2026-05-22,blinkit,jivo-pomace-olive-oil-1l,Delhi,110024,388,1049,63,1
2026-05-22-1200,2026-05-22,blinkit,jivo-pomace-olive-oil-1l,Delhi,110025,421,1049,59.9,1
2026-05-22-1200,2026-05-22,blinkit,jivo-pomace-olive-oil-1l,Delhi,110026,388,1049,63,1
2026-05-22-1200,2026-05-22,blinkit,jivo-pomace-olive-oil-1l,Delhi,110031,388,1049,63,1
2026-05-22-1200,2026-05-22,blinkit,jivo-pomace-olive-oil-1l,Delhi,110032,388,1049,63,1
2026-05-22-1200,2026-05-22,blinkit,jivo-pomace-olive-oil-1l,Delhi,110033,388,1049,63,1
2026-05-22-1200,2026-05-22,blinkit,jivo-pomace-olive-oil-1l,Delhi,110035,387,1049,63.1,1
2026-05-22-1200,2026-05-22,blinkit,jivo-pomace-olive-oil-1l,Delhi,110037,388,1049,63,1
2026-05-22-1200,2026-05-22,blinkit,jivo-pomace-olive-oil-1l,Delhi,110039,387,1049,63.1,1
2026-05-22-1200,2026-05-22,blinkit,jivo-pomace-olive-oil-1l,Delhi,110040,388,1049,63,1
2026-05-22-1200,2026-05-22,blinkit,jivo-pomace-olive-oil-1l,Delhi,110041,388,1049,63,1
2026-05-22-1200,2026-05-22,blinkit,jivo-pomace-olive-oil-1l,Delhi,110042,389,1049,62.9,1
2026-05-22-1200,2026-05-22,blinkit,jivo-pomace-olive-oil-1l,Delhi,110044,388,1049,63,1
2026-05-22-1200,2026-05-22,blinkit,jivo-pomace-olive-oil-1l,Delhi,110046,390,1049,62.8,1
2026-05-22-1200,2026-05-22,blinkit,jivo-pomace-olive-oil-1l,Delhi,110048,388,1049,63,1
2026-05-22-1200,2026-05-22,blinkit,jivo-pomace-olive-oil-1l,Delhi,110051,387,1049,63.1,1
2026-05-22-1200,2026-05-22,blinkit,jivo-pomace-olive-oil-1l,Delhi,110052,388,1049,63,1
2026-05-22-1200,2026-05-22,blinkit,jivo-pomace-olive-oil-1l,Delhi,110053,388,1049,63,1
2026-05-22-1200,2026-05-22,blinkit,jivo-pomace-olive-oil-1l,Delhi,110054,387,1049,63.1,1
2026-05-22-1200,2026-05-22,blinkit,jivo-pomace-olive-oil-1l,Delhi,110055,387,1049,63.1,1
2026-05-22-1200,2026-05-22,blinkit,jivo-pomace-olive-oil-1l,Delhi,110061,388,1049,63,1
2026-05-22-1200,2026-05-22,blinkit,jivo-pomace-olive-oil-1l,Delhi,110062,388,1049,63,1
2026-05-22-1200,2026-05-22,blinkit,jivo-pomace-olive-oil-1l,Delhi,110065,388,1049,63,1
2026-05-22-1200,2026-05-22,blinkit,jivo-pomace-olive-oil-1l,Delhi,110067,387,1049,63.1,1
2026-05-22-1200,2026-05-22,blinkit,jivo-pomace-olive-oil-1l,Delhi,110070,387,1049,63.1,1
2026-05-22-1200,2026-05-22,blinkit,jivo-pomace-olive-oil-1l,Delhi,110076,388,1049,63,1
2026-05-22-1200,2026-05-22,blinkit,jivo-pomace-olive-oil-1l,Delhi,110081,388,1049,63,1
2026-05-22-1200,2026-05-22,blinkit,jivo-pomace-olive-oil-1l,Delhi,110083,387,1049,63.1,1
2026-05-22-1200,2026-05-22,blinkit,jivo-pomace-olive-oil-1l,Delhi,110084,390,1049,62.8,1
2026-05-22-1200,2026-05-22,blinkit,jivo-pomace-olive-oil-1l,Delhi,110085,388,1049,63,1
2026-05-22-1200,2026-05-22,blinkit,jivo-pomace-olive-oil-1l,Delhi,110088,388,1049,63,1
2026-05-22-1200,2026-05-22,blinkit,jivo-pomace-olive-oil-1l,Delhi,110090,392,1049,62.6,1
2026-05-22-1200,2026-05-22,blinkit,jivo-pomace-olive-oil-1l,Delhi,110091,387,1049,63.1,1
2026-05-22-1200,2026-05-22,blinkit,jivo-pomace-olive-oil-1l,Delhi,110092,388,1049,63,1
2026-05-22-1200,2026-05-22,blinkit,jivo-pomace-olive-oil-1l,Delhi,110095,387,1049,63.1,1
2026-05-22-1200,2026-05-22,blinkit,jivo-pomace-olive-oil-1l,Faridabad,121001,387,1049,63.1,1
2026-05-22-1200,2026-05-22,blinkit,jivo-pomace-olive-oil-1l,Faridabad,121003,387,1049,63.1,1
2026-05-22-1200,2026-05-22,blinkit,jivo-pomace-olive-oil-1l,Faridabad,121011,389,1049,62.9,1
2026-05-22-1200,2026-05-22,blinkit,jivo-pomace-olive-oil-1l,Gurgaon,122001,388,1049,63,1
2026-05-22-1200,2026-05-22,blinkit,jivo-pomace-olive-oil-1l,Gurgaon,122004,387,1049,63.1,1
2026-05-22-1200,2026-05-22,blinkit,jivo-pomace-olive-oil-1l,Gurgaon,122006,389,1049,62.9,1
2026-05-22-1200,2026-05-22,blinkit,jivo-pomace-olive-oil-1l,Gurgaon,122010,388,1049,63,1
2026-05-22-1200,2026-05-22,blinkit,jivo-pomace-olive-oil-1l,Gurgaon,122051,442,1049,57.9,1
2026-05-22-1200,2026-05-22,blinkit,jivo-pomace-olive-oil-1l,Gurgaon,122101,442,1049,57.9,1
2026-05-22-1200,2026-05-22,blinkit,jivo-pomace-olive-oil-1l,Gurgaon,123003,388,1049,63,1
2026-05-22-1200,2026-05-22,blinkit,jivo-pomace-olive-oil-1l,Gurgaon,123413,388,1049,63,1
2026-05-22-1200,2026-05-22,blinkit,jivo-pomace-olive-oil-1l,Gurgaon,123505,387,1049,63.1,1
2026-05-22-1200,2026-05-22,blinkit,jivo-pomace-olive-oil-1l,Ludhiana,141014,385,1049,63.3,1
2026-05-22-1200,2026-05-22,blinkit,jivo-pomace-olive-oil-1l,Ludhiana,141015,385,1049,63.3,1
2026-05-22-1200,2026-05-22,blinkit,jivo-pomace-olive-oil-1l,Ludhiana,141017,385,1049,63.3,1
2026-05-22-1200,2026-05-22,blinkit,jivo-pomace-olive-oil-1l,Ludhiana,141122,385,1049,63.3,1
2026-05-22-1200,2026-05-22,blinkit,jivo-pomace-olive-oil-1l,Ludhiana,141412,385,1049,63.3,1
2026-05-22-1200,2026-05-22,blinkit,jivo-pomace-olive-oil-1l,Ludhiana,141421,385,1049,63.3,1
2026-05-22-1200,2026-05-22,blinkit,jivo-pomace-olive-oil-1l,Ludhiana,142022,387,1049,63.1,1
2026-05-22-1200,2026-05-22,blinkit,jivo-pomace-olive-oil-1l,Ludhiana,142027,385,1049,63.3,1
2026-05-22-1200,2026-05-22,blinkit,jivo-pomace-olive-oil-1l,Ludhiana,142036,385,1049,63.3,1
2026-05-22-1200,2026-05-22,blinkit,jivo-pomace-olive-oil-1l,Chandigarh,160001,388,1049,63,1
2026-05-22-1200,2026-05-22,blinkit,jivo-pomace-olive-oil-1l,Chandigarh,160011,385,1049,63.3,1
2026-05-22-1200,2026-05-22,blinkit,jivo-pomace-olive-oil-1l,Chandigarh,160014,387,1049,63.1,1
2026-05-22-1200,2026-05-22,blinkit,jivo-pomace-olive-oil-1l,Chandigarh,160021,386,1049,63.2,1
2026-05-22-1200,2026-05-22,blinkit,jivo-pomace-olive-oil-1l,Chandigarh,160030,385,1049,63.3,1
2026-05-22-1200,2026-05-22,blinkit,jivo-pomace-olive-oil-1l,Chandigarh,160035,385,1049,63.3,1
2026-05-22-1200,2026-05-22,blinkit,jivo-pomace-olive-oil-1l,Chandigarh,160043,388,1049,63,1
2026-05-22-1200,2026-05-22,blinkit,jivo-pomace-olive-oil-1l,Chandigarh,160055,388,1049,63,1
2026-05-22-1200,2026-05-22,blinkit,jivo-pomace-olive-oil-1l,Ghaziabad,201003,387,1049,63.1,1
2026-05-22-1200,2026-05-22,blinkit,jivo-pomace-olive-oil-1l,Ghaziabad,201005,387,1049,63.1,1
2026-05-22-1200,2026-05-22,blinkit,jivo-pomace-olive-oil-1l,Ghaziabad,201009,387,1049,63.1,1
2026-05-22-1200,2026-05-22,blinkit,jivo-pomace-olive-oil-1l,Ghaziabad,201302,387,1049,63.1,1
2026-05-22-1200,2026-05-22,blinkit,jivo-pomace-olive-oil-1l,Noida,201305,418,1049,60.2,1
2026-05-22-1200,2026-05-22,blinkit,jivo-pomace-olive-oil-1l,Noida,201306,388,1049,63,1
2026-05-22-1200,2026-05-22,blinkit,jivo-pomace-olive-oil-1l,Noida,201307,429,1049,59.1,1
2026-05-22-1200,2026-05-22,blinkit,jivo-pomace-olive-oil-1l,Noida,201309,443,1049,57.8,0
2026-05-22-1200,2026-05-22,blinkit,jivo-pomace-olive-oil-1l,Noida,201310,402,1049,61.7,1
2026-05-22-1200,2026-05-22,blinkit,jivo-pomace-olive-oil-1l,Jaipur,302001,348,1049,66.8,0
2026-05-22-1200,2026-05-22,blinkit,jivo-pomace-olive-oil-1l,Jaipur,302012,353,1049,66.3,0
2026-05-22-1200,2026-05-22,blinkit,jivo-pomace-olive-oil-1l,Jaipur,302016,348,1049,66.8,0
2026-05-22-1200,2026-05-22,blinkit,jivo-pomace-olive-oil-1l,Jaipur,302017,330,1049,68.5,0
2026-05-22-1200,2026-05-22,blinkit,jivo-pomace-olive-oil-1l,Jaipur,302018,388,1049,63,1
2026-05-22-1200,2026-05-22,blinkit,jivo-pomace-olive-oil-1l,Jaipur,302020,330,1049,68.5,0
2026-05-22-1200,2026-05-22,blinkit,jivo-pomace-olive-oil-1l,Jaipur,302021,353,1049,66.3,0
2026-05-22-1200,2026-05-22,blinkit,jivo-pomace-olive-oil-1l,Jaipur,302022,348,1049,66.8,0
2026-05-22-1200,2026-05-22,blinkit,jivo-pomace-olive-oil-1l,Jaipur,302023,353,1049,66.3,0
2026-05-22-1200,2026-05-22,blinkit,jivo-pomace-olive-oil-1l,Jaipur,302024,330,1049,68.5,0
2026-05-22-1200,2026-05-22,blinkit,jivo-pomace-olive-oil-1l,Jaipur,302025,353,1049,66.3,0
2026-05-22-1200,2026-05-22,blinkit,jivo-pomace-olive-oil-1l,Jaipur,302029,348,1049,66.8,0
2026-05-22-1200,2026-05-22,blinkit,jivo-pomace-olive-oil-1l,Jaipur,302032,353,1049,66.3,0
2026-05-22-1200,2026-05-22,blinkit,jivo-pomace-olive-oil-1l,Jaipur,303003,353,1049,66.3,0
2026-05-22-1200,2026-05-22,blinkit,jivo-pomace-olive-oil-1l,Jaipur,303120,388,1049,63,1
2026-05-22-1200,2026-05-22,blinkit,jivo-pomace-olive-oil-1l,Jaipur,303602,353,1049,66.3,0
2026-05-22-1200,2026-05-22,blinkit,jivo-pomace-olive-oil-1l,Mumbai,400003,387,1049,63.1,1
2026-05-22-1200,2026-05-22,blinkit,jivo-pomace-olive-oil-1l,Mumbai,400005,398,1049,62.1,1
2026-05-22-1200,2026-05-22,blinkit,jivo-pomace-olive-oil-1l,Mumbai,400006,443,1049,57.8,1
2026-05-22-1200,2026-05-22,blinkit,jivo-pomace-olive-oil-1l,Mumbai,400007,396,1049,62.2,1
2026-05-22-1200,2026-05-22,blinkit,jivo-pomace-olive-oil-1l,Mumbai,400010,388,1049,63,1
2026-05-22-1200,2026-05-22,blinkit,jivo-pomace-olive-oil-1l,Mumbai,400011,388,1049,63,1
2026-05-22-1200,2026-05-22,blinkit,jivo-pomace-olive-oil-1l,Mumbai,400012,388,1049,63,1
2026-05-22-1200,2026-05-22,blinkit,jivo-pomace-olive-oil-1l,Mumbai,400013,394,1049,62.4,1
2026-05-22-1200,2026-05-22,blinkit,jivo-pomace-olive-oil-1l,Mumbai,400015,388,1049,63,1
2026-05-22-1200,2026-05-22,blinkit,jivo-pomace-olive-oil-1l,Mumbai,400018,397,1049,62.2,1
2026-05-22-1200,2026-05-22,blinkit,jivo-pomace-olive-oil-1l,Mumbai,400019,389,1049,62.9,1
2026-05-22-1200,2026-05-22,blinkit,jivo-pomace-olive-oil-1l,Mumbai,400020,387,1049,63.1,1
2026-05-22-1200,2026-05-22,blinkit,jivo-pomace-olive-oil-1l,Mumbai,400021,398,1049,62.1,1
2026-05-22-1200,2026-05-22,blinkit,jivo-pomace-olive-oil-1l,Mumbai,400023,401,1049,61.8,1
2026-05-22-1200,2026-05-22,blinkit,jivo-pomace-olive-oil-1l,Mumbai,400025,389,1049,62.9,1
2026-05-22-1200,2026-05-22,blinkit,jivo-pomace-olive-oil-1l,Mumbai,400026,396,1049,62.2,1
2026-05-22-1200,2026-05-22,blinkit,jivo-pomace-olive-oil-1l,Mumbai,400030,394,1049,62.4,1
2026-05-22-1200,2026-05-22,blinkit,jivo-pomace-olive-oil-1l,Mumbai,400033,443,1049,57.8,1
2026-05-22-1200,2026-05-22,blinkit,jivo-pomace-olive-oil-1l,Mumbai,400041,392,1049,62.6,1
2026-05-22-1200,2026-05-22,blinkit,jivo-pomace-olive-oil-1l,Mumbai,400090,398,1049,62.1,1
2026-05-22-1200,2026-05-22,blinkit,jivo-pomace-olive-oil-1l,Mumbai,400601,494,1049,52.9,1
2026-05-22-1200,2026-05-22,blinkit,jivo-pomace-olive-oil-1l,Mumbai,400611,425,1049,59.5,1
2026-05-22-1200,2026-05-22,blinkit,jivo-pomace-olive-oil-1l,Mumbai,400703,388,1049,63,1
2026-05-22-1200,2026-05-22,blinkit,jivo-pomace-olive-oil-1l,Pune,410506,423,1049,59.7,1
2026-05-22-1200,2026-05-22,blinkit,jivo-pomace-olive-oil-1l,Pune,411004,385,1049,63.3,1
2026-05-22-1200,2026-05-22,blinkit,jivo-pomace-olive-oil-1l,Pune,411005,443,1049,57.8,1
2026-05-22-1200,2026-05-22,blinkit,jivo-pomace-olive-oil-1l,Pune,411011,391,1049,62.7,1
2026-05-22-1200,2026-05-22,blinkit,jivo-pomace-olive-oil-1l,Pune,411012,443,1049,57.8,1
2026-05-22-1200,2026-05-22,blinkit,jivo-pomace-olive-oil-1l,Pune,411014,387,1049,63.1,1
2026-05-22-1200,2026-05-22,blinkit,jivo-pomace-olive-oil-1l,Pune,411015,391,1049,62.7,1
2026-05-22-1200,2026-05-22,blinkit,jivo-pomace-olive-oil-1l,Pune,411021,392,1049,62.6,1
2026-05-22-1200,2026-05-22,blinkit,jivo-pomace-olive-oil-1l,Pune,411028,400,1049,61.9,1
2026-05-22-1200,2026-05-22,blinkit,jivo-pomace-olive-oil-1l,Pune,411035,388,1049,63,1
2026-05-22-1200,2026-05-22,blinkit,jivo-pomace-olive-oil-1l,Pune,411036,395,1049,62.3,1
2026-05-22-1200,2026-05-22,blinkit,jivo-pomace-olive-oil-1l,Pune,411045,408,1049,61.1,1
2026-05-22-1200,2026-05-22,blinkit,jivo-pomace-olive-oil-1l,Pune,411047,405,1049,61.4,1
2026-05-22-1200,2026-05-22,blinkit,jivo-pomace-olive-oil-1l,Pune,411051,395,1049,62.3,1
2026-05-22-1200,2026-05-22,blinkit,jivo-pomace-olive-oil-1l,Pune,412109,385,1049,63.3,1
2026-05-22-1200,2026-05-22,blinkit,jivo-pomace-olive-oil-1l,Pune,412114,385,1049,63.3,1
2026-05-22-1200,2026-05-22,blinkit,jivo-pomace-olive-oil-1l,Pune,412201,408,1049,61.1,1
2026-05-22-1200,2026-05-22,blinkit,jivo-pomace-olive-oil-1l,Indore,452001,314,1049,70.1,0
2026-05-22-1200,2026-05-22,blinkit,jivo-pomace-olive-oil-1l,Bengaluru,560014,388,1049,63,1
2026-05-22-1200,2026-05-22,blinkit,jivo-pomace-olive-oil-1l,Bengaluru,560019,388,1049,63,1
2026-05-22-1200,2026-05-22,blinkit,jivo-pomace-olive-oil-1l,Bengaluru,560028,388,1049,63,1
2026-05-22-1200,2026-05-22,blinkit,jivo-pomace-olive-oil-1l,Bengaluru,560039,391,1049,62.7,1
2026-05-22-1200,2026-05-22,blinkit,jivo-pomace-olive-oil-1l,Bengaluru,560040,388,1049,63,1
2026-05-22-1200,2026-05-22,blinkit,jivo-pomace-olive-oil-1l,Bengaluru,560069,388,1049,63,1
2026-05-22-1200,2026-05-22,blinkit,jivo-pomace-olive-oil-1l,Bengaluru,560073,388,1049,63,1
2026-05-22-1200,2026-05-22,blinkit,jivo-pomace-olive-oil-1l,Bengaluru,560087,388,1049,63,1
2026-05-22-1200,2026-05-22,blinkit,jivo-pomace-olive-oil-1l,Mysuru,570016,387,1049,63.1,1
2026-05-22-1200,2026-05-22,blinkit,jivo-pomace-olive-oil-1l,Mysuru,570028,388,1049,63,1
2026-05-22-1200,2026-05-22,blinkit,jivo-pomace-olive-oil-1l,Mysuru,571311,399,1049,62,1
2026-05-22-1200,2026-05-22,blinkit,jivo-pomace-olive-oil-5l,Delhi,110001,1971,4999,60.6,1
2026-05-22-1200,2026-05-22,blinkit,jivo-pomace-olive-oil-5l,Delhi,110002,1971,4999,60.6,1
2026-05-22-1200,2026-05-22,blinkit,jivo-pomace-olive-oil-5l,Delhi,110003,1971,4999,60.6,0
2026-05-22-1200,2026-05-22,blinkit,jivo-pomace-olive-oil-5l,Delhi,110004,1971,4999,60.6,1
2026-05-22-1200,2026-05-22,blinkit,jivo-pomace-olive-oil-5l,Delhi,110006,2191,4999,56.2,1
2026-05-22-1200,2026-05-22,blinkit,jivo-pomace-olive-oil-5l,Delhi,110007,1971,4999,60.6,1
2026-05-22-1200,2026-05-22,blinkit,jivo-pomace-olive-oil-5l,Delhi,110008,1971,4999,60.6,1
2026-05-22-1200,2026-05-22,blinkit,jivo-pomace-olive-oil-5l,Delhi,110009,1971,4999,60.6,1
2026-05-22-1200,2026-05-22,blinkit,jivo-pomace-olive-oil-5l,Delhi,110010,1971,4999,60.6,1
2026-05-22-1200,2026-05-22,blinkit,jivo-pomace-olive-oil-5l,Delhi,110013,1971,4999,60.6,1
2026-05-22-1200,2026-05-22,blinkit,jivo-pomace-olive-oil-5l,Delhi,110014,1971,4999,60.6,1
2026-05-22-1200,2026-05-22,blinkit,jivo-pomace-olive-oil-5l,Delhi,110015,1971,4999,60.6,1
2026-05-22-1200,2026-05-22,blinkit,jivo-pomace-olive-oil-5l,Delhi,110016,1971,4999,60.6,1
2026-05-22-1200,2026-05-22,blinkit,jivo-pomace-olive-oil-5l,Delhi,110017,1971,4999,60.6,1
2026-05-22-1200,2026-05-22,blinkit,jivo-pomace-olive-oil-5l,Delhi,110018,1971,4999,60.6,1
2026-05-22-1200,2026-05-22,blinkit,jivo-pomace-olive-oil-5l,Delhi,110021,1971,4999,60.6,0
2026-05-22-1200,2026-05-22,blinkit,jivo-pomace-olive-oil-5l,Delhi,110024,2191,4999,56.2,1
2026-05-22-1200,2026-05-22,blinkit,jivo-pomace-olive-oil-5l,Delhi,110025,2198,4999,56,1
2026-05-22-1200,2026-05-22,blinkit,jivo-pomace-olive-oil-5l,Delhi,110026,1971,4999,60.6,1
2026-05-22-1200,2026-05-22,blinkit,jivo-pomace-olive-oil-5l,Delhi,110031,1971,4999,60.6,1
2026-05-22-1200,2026-05-22,blinkit,jivo-pomace-olive-oil-5l,Delhi,110032,1971,4999,60.6,1
2026-05-22-1200,2026-05-22,blinkit,jivo-pomace-olive-oil-5l,Delhi,110033,1971,4999,60.6,1
2026-05-22-1200,2026-05-22,blinkit,jivo-pomace-olive-oil-5l,Delhi,110035,2191,4999,56.2,1
2026-05-22-1200,2026-05-22,blinkit,jivo-pomace-olive-oil-5l,Delhi,110037,2191,4999,56.2,1
2026-05-22-1200,2026-05-22,blinkit,jivo-pomace-olive-oil-5l,Delhi,110040,1979,4999,60.4,1
2026-05-22-1200,2026-05-22,blinkit,jivo-pomace-olive-oil-5l,Delhi,110041,1971,4999,60.6,1
2026-05-22-1200,2026-05-22,blinkit,jivo-pomace-olive-oil-5l,Delhi,110042,1977,4999,60.5,1
2026-05-22-1200,2026-05-22,blinkit,jivo-pomace-olive-oil-5l,Delhi,110044,1971,4999,60.6,1
2026-05-22-1200,2026-05-22,blinkit,jivo-pomace-olive-oil-5l,Delhi,110046,2007,4999,59.9,0
2026-05-22-1200,2026-05-22,blinkit,jivo-pomace-olive-oil-5l,Delhi,110048,2191,4999,56.2,1
2026-05-22-1200,2026-05-22,blinkit,jivo-pomace-olive-oil-5l,Delhi,110051,1971,4999,60.6,1
2026-05-22-1200,2026-05-22,blinkit,jivo-pomace-olive-oil-5l,Delhi,110052,1971,4999,60.6,1
2026-05-22-1200,2026-05-22,blinkit,jivo-pomace-olive-oil-5l,Delhi,110053,1971,4999,60.6,1
2026-05-22-1200,2026-05-22,blinkit,jivo-pomace-olive-oil-5l,Delhi,110054,1971,4999,60.6,1
2026-05-22-1200,2026-05-22,blinkit,jivo-pomace-olive-oil-5l,Delhi,110055,1971,4999,60.6,0
2026-05-22-1200,2026-05-22,blinkit,jivo-pomace-olive-oil-5l,Delhi,110061,1971,4999,60.6,1
2026-05-22-1200,2026-05-22,blinkit,jivo-pomace-olive-oil-5l,Delhi,110062,1971,4999,60.6,1
2026-05-22-1200,2026-05-22,blinkit,jivo-pomace-olive-oil-5l,Delhi,110065,2191,4999,56.2,1
2026-05-22-1200,2026-05-22,blinkit,jivo-pomace-olive-oil-5l,Delhi,110067,2191,4999,56.2,1
2026-05-22-1200,2026-05-22,blinkit,jivo-pomace-olive-oil-5l,Delhi,110070,2191,4999,56.2,1
2026-05-22-1200,2026-05-22,blinkit,jivo-pomace-olive-oil-5l,Delhi,110076,1971,4999,60.6,1
2026-05-22-1200,2026-05-22,blinkit,jivo-pomace-olive-oil-5l,Delhi,110081,1971,4999,60.6,1
2026-05-22-1200,2026-05-22,blinkit,jivo-pomace-olive-oil-5l,Delhi,110085,2191,4999,56.2,1
2026-05-22-1200,2026-05-22,blinkit,jivo-pomace-olive-oil-5l,Delhi,110088,1979,4999,60.4,1
2026-05-22-1200,2026-05-22,blinkit,jivo-pomace-olive-oil-5l,Delhi,110090,2288,4999,54.2,0
2026-05-22-1200,2026-05-22,blinkit,jivo-pomace-olive-oil-5l,Delhi,110091,1971,4999,60.6,1
2026-05-22-1200,2026-05-22,blinkit,jivo-pomace-olive-oil-5l,Delhi,110092,1971,4999,60.6,1
2026-05-22-1200,2026-05-22,blinkit,jivo-pomace-olive-oil-5l,Delhi,110095,1971,4999,60.6,1
2026-05-22-1200,2026-05-22,blinkit,jivo-pomace-olive-oil-5l,Faridabad,121001,1971,4999,60.6,1
2026-05-22-1200,2026-05-22,blinkit,jivo-pomace-olive-oil-5l,Faridabad,121003,1971,4999,60.6,1
2026-05-22-1200,2026-05-22,blinkit,jivo-pomace-olive-oil-5l,Faridabad,121011,1971,4999,60.6,1
2026-05-22-1200,2026-05-22,blinkit,jivo-pomace-olive-oil-5l,Gurgaon,122001,2191,4999,56.2,1
2026-05-22-1200,2026-05-22,blinkit,jivo-pomace-olive-oil-5l,Gurgaon,122004,2191,4999,56.2,1
2026-05-22-1200,2026-05-22,blinkit,jivo-pomace-olive-oil-5l,Gurgaon,122006,1971,4999,60.6,1
2026-05-22-1200,2026-05-22,blinkit,jivo-pomace-olive-oil-5l,Gurgaon,122010,2191,4999,56.2,1
2026-05-22-1200,2026-05-22,blinkit,jivo-pomace-olive-oil-5l,Gurgaon,122051,2191,4999,56.2,1
2026-05-22-1200,2026-05-22,blinkit,jivo-pomace-olive-oil-5l,Gurgaon,122101,2191,4999,56.2,1
2026-05-22-1200,2026-05-22,blinkit,jivo-pomace-olive-oil-5l,Gurgaon,123505,2191,4999,56.2,1
2026-05-22-1200,2026-05-22,blinkit,jivo-pomace-olive-oil-5l,Ludhiana,141015,1971,4999,60.6,1
2026-05-22-1200,2026-05-22,blinkit,jivo-pomace-olive-oil-5l,Ludhiana,141122,2059,4999,58.8,0
2026-05-22-1200,2026-05-22,blinkit,jivo-pomace-olive-oil-5l,Ludhiana,141412,1973,4999,60.5,1
2026-05-22-1200,2026-05-22,blinkit,jivo-pomace-olive-oil-5l,Ludhiana,141421,2026,4999,59.5,1
2026-05-22-1200,2026-05-22,blinkit,jivo-pomace-olive-oil-5l,Ludhiana,142022,1971,4999,60.6,0
2026-05-22-1200,2026-05-22,blinkit,jivo-pomace-olive-oil-5l,Ludhiana,142036,1971,4999,60.6,1
2026-05-22-1200,2026-05-22,blinkit,jivo-pomace-olive-oil-5l,Chandigarh,160001,1971,4999,60.6,1
2026-05-22-1200,2026-05-22,blinkit,jivo-pomace-olive-oil-5l,Chandigarh,160011,1971,4999,60.6,1
2026-05-22-1200,2026-05-22,blinkit,jivo-pomace-olive-oil-5l,Chandigarh,160021,1971,4999,60.6,1
2026-05-22-1200,2026-05-22,blinkit,jivo-pomace-olive-oil-5l,Chandigarh,160030,1971,4999,60.6,1
2026-05-22-1200,2026-05-22,blinkit,jivo-pomace-olive-oil-5l,Chandigarh,160035,1971,4999,60.6,1
2026-05-22-1200,2026-05-22,blinkit,jivo-pomace-olive-oil-5l,Chandigarh,160043,1971,4999,60.6,1
2026-05-22-1200,2026-05-22,blinkit,jivo-pomace-olive-oil-5l,Chandigarh,160055,1971,4999,60.6,1
2026-05-22-1200,2026-05-22,blinkit,jivo-pomace-olive-oil-5l,Ghaziabad,201003,1974,4999,60.5,1
2026-05-22-1200,2026-05-22,blinkit,jivo-pomace-olive-oil-5l,Ghaziabad,201005,2198,4999,56,1
2026-05-22-1200,2026-05-22,blinkit,jivo-pomace-olive-oil-5l,Ghaziabad,201009,2241,4999,55.2,1
2026-05-22-1200,2026-05-22,blinkit,jivo-pomace-olive-oil-5l,Ghaziabad,201302,2163,4999,56.7,1
2026-05-22-1200,2026-05-22,blinkit,jivo-pomace-olive-oil-5l,Noida,201305,1982,4999,60.4,1
2026-05-22-1200,2026-05-22,blinkit,jivo-pomace-olive-oil-5l,Noida,201306,1990,4999,60.2,1
2026-05-22-1200,2026-05-22,blinkit,jivo-pomace-olive-oil-5l,Noida,201307,1993,4999,60.1,1
2026-05-22-1200,2026-05-22,blinkit,jivo-pomace-olive-oil-5l,Noida,201309,2061,4999,58.8,1
2026-05-22-1200,2026-05-22,blinkit,jivo-pomace-olive-oil-5l,Noida,201310,2248,4999,55,1
2026-05-22-1200,2026-05-22,blinkit,jivo-pomace-olive-oil-5l,Jaipur,302018,1971,4999,60.6,1
2026-05-22-1200,2026-05-22,blinkit,jivo-pomace-olive-oil-5l,Jaipur,302026,2162,4999,56.8,1
2026-05-22-1200,2026-05-22,blinkit,jivo-pomace-olive-oil-5l,Jaipur,303120,1971,4999,60.6,1
2026-05-22-1200,2026-05-22,blinkit,jivo-pomace-olive-oil-5l,Mumbai,400005,2061,4999,58.8,0
2026-05-22-1200,2026-05-22,blinkit,jivo-pomace-olive-oil-5l,Mumbai,400006,1983,4999,60.3,1
2026-05-22-1200,2026-05-22,blinkit,jivo-pomace-olive-oil-5l,Mumbai,400010,1983,4999,60.3,1
2026-05-22-1200,2026-05-22,blinkit,jivo-pomace-olive-oil-5l,Mumbai,400011,1971,4999,60.6,1
2026-05-22-1200,2026-05-22,blinkit,jivo-pomace-olive-oil-5l,Mumbai,400012,1984,4999,60.3,1
2026-05-22-1200,2026-05-22,blinkit,jivo-pomace-olive-oil-5l,Mumbai,400013,1983,4999,60.3,1
2026-05-22-1200,2026-05-22,blinkit,jivo-pomace-olive-oil-5l,Mumbai,400015,1971,4999,60.6,1
2026-05-22-1200,2026-05-22,blinkit,jivo-pomace-olive-oil-5l,Mumbai,400020,1984,4999,60.3,1
2026-05-22-1200,2026-05-22,blinkit,jivo-pomace-olive-oil-5l,Mumbai,400021,2061,4999,58.8,0
2026-05-22-1200,2026-05-22,blinkit,jivo-pomace-olive-oil-5l,Mumbai,400023,1983,4999,60.3,1
2026-05-22-1200,2026-05-22,blinkit,jivo-pomace-olive-oil-5l,Mumbai,400030,1983,4999,60.3,1
2026-05-22-1200,2026-05-22,blinkit,jivo-pomace-olive-oil-5l,Mumbai,400033,1983,4999,60.3,1
2026-05-22-1200,2026-05-22,blinkit,jivo-pomace-olive-oil-5l,Mumbai,400090,1981,4999,60.4,1
2026-05-22-1200,2026-05-22,blinkit,jivo-pomace-olive-oil-5l,Mumbai,400601,2010,4999,59.8,1
2026-05-22-1200,2026-05-22,blinkit,jivo-pomace-olive-oil-5l,Mumbai,400611,1981,4999,60.4,1
2026-05-22-1200,2026-05-22,blinkit,jivo-pomace-olive-oil-5l,Mumbai,400703,1971,4999,60.6,1
2026-05-22-1200,2026-05-22,blinkit,jivo-pomace-olive-oil-5l,Pune,410506,2163,4999,56.7,1
2026-05-22-1200,2026-05-22,blinkit,jivo-pomace-olive-oil-5l,Pune,411004,2009,4999,59.8,1
2026-05-22-1200,2026-05-22,blinkit,jivo-pomace-olive-oil-5l,Pune,411005,2009,4999,59.8,1
2026-05-22-1200,2026-05-22,blinkit,jivo-pomace-olive-oil-5l,Pune,411011,2112,4999,57.8,0
2026-05-22-1200,2026-05-22,blinkit,jivo-pomace-olive-oil-5l,Pune,411012,2071,4999,58.6,1
2026-05-22-1200,2026-05-22,blinkit,jivo-pomace-olive-oil-5l,Pune,411014,2009,4999,59.8,1
2026-05-22-1200,2026-05-22,blinkit,jivo-pomace-olive-oil-5l,Pune,411015,2009,4999,59.8,1
2026-05-22-1200,2026-05-22,blinkit,jivo-pomace-olive-oil-5l,Pune,411021,2291,4999,54.2,1
2026-05-22-1200,2026-05-22,blinkit,jivo-pomace-olive-oil-5l,Pune,411028,2112,4999,57.8,1
2026-05-22-1200,2026-05-22,blinkit,jivo-pomace-olive-oil-5l,Pune,411035,2112,4999,57.8,1
2026-05-22-1200,2026-05-22,blinkit,jivo-pomace-olive-oil-5l,Pune,411036,2163,4999,56.7,1
2026-05-22-1200,2026-05-22,blinkit,jivo-pomace-olive-oil-5l,Pune,411045,2013,4999,59.7,1
2026-05-22-1200,2026-05-22,blinkit,jivo-pomace-olive-oil-5l,Pune,411047,2112,4999,57.8,0
2026-05-22-1200,2026-05-22,blinkit,jivo-pomace-olive-oil-5l,Pune,411051,2112,4999,57.8,1
2026-05-22-1200,2026-05-22,blinkit,jivo-pomace-olive-oil-5l,Bengaluru,560014,1971,4999,60.6,1
2026-05-22-1200,2026-05-22,blinkit,jivo-pomace-olive-oil-5l,Bengaluru,560019,1971,4999,60.6,1
2026-05-22-1200,2026-05-22,blinkit,jivo-pomace-olive-oil-5l,Bengaluru,560028,1971,4999,60.6,1
2026-05-22-1200,2026-05-22,blinkit,jivo-pomace-olive-oil-5l,Bengaluru,560040,1971,4999,60.6,1
2026-05-22-1200,2026-05-22,blinkit,jivo-pomace-olive-oil-5l,Bengaluru,560069,1971,4999,60.6,1
2026-05-22-1200,2026-05-22,blinkit,jivo-pomace-olive-oil-5l,Bengaluru,560073,1971,4999,60.6,1
2026-05-22-1200,2026-05-22,blinkit,jivo-pomace-olive-oil-5l,Bengaluru,560087,1971,4999,60.6,1
2026-05-22-1200,2026-05-22,blinkit,jivo-pomace-olive-oil-5l,Mysuru,570028,1971,4999,60.6,1
